# Blender 4.1.0
# www.blender.org
o FernandoTheFlamingo
v 0.303144 1.703064 -0.276321
v 0.167600 1.685060 -0.357815
v 0.168338 1.729672 -0.335078
v 0.000006 1.642487 -0.399180
v 0.000009 1.684890 -0.380821
v 0.303907 1.659180 -0.294512
v 0.295778 1.760068 -0.248748
v 0.000015 1.734677 -0.354009
v 0.170009 1.643355 -0.375516
v 0.165936 1.466551 0.260230
v 0.270068 1.474286 0.231396
v 0.273880 1.518189 0.239050
v 0.166396 1.430953 0.249767
v 0.352662 1.501540 0.182649
v 0.027424 1.463045 0.271309
v 0.027613 1.430789 0.259600
v 0.027966 1.387843 0.243887
v 0.169751 1.391076 0.236229
v -0.000016 1.387405 0.245701
v -0.000022 1.430278 0.261531
v -0.027657 1.430786 0.259601
v -0.000010 1.330411 0.226764
v 0.027966 1.387843 0.243887
v -0.027998 1.387839 0.243889
v 0.028498 1.330690 0.225305
v 0.000004 1.278758 0.204341
v 0.027501 1.279915 0.200575
v 0.178062 1.338933 0.203144
v 0.027501 1.279915 0.200575
v 0.179354 1.282423 0.178838
v 0.266260 1.432554 0.221222
v 0.304596 1.356317 0.160960
v 0.353442 1.426010 0.126737
v 0.028498 1.330690 0.225305
v 0.292028 0.588179 0.181802
v 0.231282 0.635614 0.093974
v 0.237775 0.571328 0.149963
v 0.377765 0.504269 0.189509
v 0.394134 0.607269 0.177254
v 0.295390 0.492938 0.193734
v 0.281117 0.665239 0.129852
v 0.244248 0.483342 0.168072
v 0.391385 0.710257 0.130657
v 0.196369 0.556408 -0.160297
v 0.248269 0.517805 -0.182839
v 0.198621 0.523016 -0.129738
v 0.249770 0.555403 -0.213183
v 0.222003 0.484024 -0.100883
v 0.350343 0.576409 -0.236315
v 0.346412 0.524626 -0.191059
v 0.248269 0.517805 -0.182839
v 0.299708 0.453803 0.191262
v 0.381382 0.458890 0.184724
v 0.458659 0.500914 0.157773
v 0.255262 0.456021 0.179063
v 0.490771 0.610628 0.138064
v 0.461312 0.460511 0.157701
v 0.236576 1.188081 -0.537173
v 0.000133 1.215379 -0.546685
v 0.221131 1.297712 -0.517112
v -0.000017 1.009032 -0.545651
v 0.403914 1.255347 -0.477538
v 0.430729 1.143578 -0.492075
v 0.387180 1.323561 -0.463447
v 0.000053 1.323123 -0.523174
v 0.211559 1.365909 -0.500285
v -0.211604 1.363841 -0.501388
v -0.000001 1.391944 -0.503484
v 0.000007 0.615963 -0.178574
v -0.088165 0.633369 -0.252065
v 0.000001 0.635438 -0.278550
v 0.088183 0.633181 -0.254302
v 0.082352 0.625683 -0.169242
v -0.082317 0.626845 -0.166772
v 0.087254 0.642588 -0.094845
v 0.000017 0.627195 -0.094739
v -0.000000 0.672586 -0.360936
v 0.113855 0.661605 -0.331771
v 0.145403 0.618765 -0.206743
v 0.134598 0.626486 -0.139645
v 0.142550 0.649608 -0.076786
v -0.000006 0.730981 -0.433279
v 0.168566 0.712337 -0.392838
v 0.161623 0.608058 -0.121285
v 0.190316 0.629580 -0.265884
v 0.000021 0.755887 0.124161
v -0.020996 0.704517 0.092284
v 0.000025 0.701493 0.094999
v 0.021046 0.703975 0.092201
v 0.021863 0.757886 0.121432
v 0.000017 0.824529 0.144129
v 0.110518 0.723835 0.079680
v 0.215786 0.771221 0.074622
v 0.119839 0.775109 0.107948
v 0.021863 0.757886 0.121432
v 0.021046 0.703975 0.092201
v 0.387104 0.799329 0.100916
v 0.372900 0.872966 0.072266
v 0.023129 0.825843 0.141465
v 0.238578 0.841057 0.085583
v 0.134351 0.840126 0.126890
v 0.340748 0.920236 0.076119
v 0.232243 0.875570 0.103690
v 0.024250 0.898481 0.166749
v 0.023129 0.825843 0.141465
v -0.021820 0.758397 0.121413
v 0.000014 0.898383 0.169671
v 0.415740 1.415480 -0.164064
v 0.474558 1.297901 -0.163697
v 0.484245 1.291013 -0.268227
v 0.413592 1.398896 -0.068864
v 0.390279 1.526951 -0.216318
v 0.386153 1.462279 -0.099657
v 0.397776 1.461288 -0.289232
v 0.303907 1.659180 -0.294512
v 0.385437 1.570982 -0.158396
v 0.370361 1.479800 -0.064966
v 0.307045 1.620212 -0.312978
v 0.454225 1.294508 -0.387554
v 0.318214 1.521731 -0.353419
v 0.387180 1.323561 -0.463447
v 0.383821 1.628541 -0.146356
v 0.303144 1.703064 -0.276321
v 0.407438 1.669602 -0.138364
v 0.242545 0.983393 -0.522002
v 0.431691 0.758841 -0.353054
v 0.222068 0.793732 -0.452665
v 0.442162 0.931964 -0.457961
v 0.553487 0.836431 -0.269568
v 0.549352 0.744995 -0.219118
v 0.463584 0.676006 -0.275940
v 0.296838 0.672675 -0.318125
v 0.168566 0.712337 -0.392838
v -0.222147 0.787785 -0.449777
v -0.242622 0.978667 -0.522069
v -0.236643 1.184554 -0.538291
v -0.000013 0.828943 -0.495157
v 0.468168 1.210830 0.021473
v 0.345049 1.105232 0.110854
v 0.486268 1.108601 0.037048
v 0.489637 1.277258 0.010864
v 0.433523 1.263011 0.026527
v 0.512427 1.119283 0.025928
v 0.510291 1.219827 0.011592
v 0.343683 1.204205 0.117398
v 0.182492 1.095301 0.177439
v 0.325983 1.019586 0.102822
v 0.444526 1.008654 0.061566
v 0.183442 1.200462 0.181907
v 0.508452 0.963329 0.030811
v 0.536016 1.086503 -0.032546
v 0.581423 0.945419 -0.065531
v 0.581775 1.060550 -0.122641
v 0.444526 1.008654 0.061566
v 0.508452 0.963329 0.030811
v 0.486268 1.108601 0.037048
v 0.576099 0.849683 -0.023636
v -0.000006 0.730981 -0.433279
v 0.307045 1.620212 -0.312978
v 0.183300 1.521681 -0.434943
v 0.318214 1.521731 -0.353419
v 0.000001 1.538377 -0.443813
v -0.170154 1.791197 -0.302963
v -0.282608 1.815968 -0.221378
v -0.152254 1.844233 -0.264231
v -0.168356 1.729794 -0.335033
v 0.170046 1.790999 -0.303025
v 0.000026 1.794804 -0.321173
v -0.167595 1.685143 -0.357784
v -0.295791 1.760091 -0.248752
v 0.000022 1.249842 0.203734
v 0.000059 1.194657 0.210565
v 0.027420 1.250883 0.199901
v -0.027430 1.251138 0.199230
v 0.027473 1.195608 0.206561
v -0.000314 1.100464 0.204587
v 0.027618 1.098177 0.201869
v 0.333063 1.260107 0.117928
v 0.180535 1.252936 0.177429
v 0.027618 1.098177 0.201869
v 0.414474 1.298237 0.033561
v 0.327367 1.291520 0.123412
v 0.027473 1.195608 0.206561
v 0.027420 1.250883 0.199901
v 0.367186 1.370241 0.090858
v -0.027514 1.280074 0.200078
v -0.028519 1.330682 0.225309
v 0.350976 1.463081 0.153954
v 0.027424 1.463045 0.271309
v 0.027613 1.430789 0.259600
v -0.000029 1.462518 0.273545
v -0.027481 1.463044 0.271309
v -0.026733 1.515229 0.288024
v 0.388952 1.447565 0.040570
v 0.353442 1.426010 0.126737
v 0.397788 1.390803 -0.005534
v 0.391720 1.447766 -0.010595
v 0.350976 1.463081 0.153954
v 0.367186 1.370241 0.090858
v 0.443412 1.299924 -0.063129
v 0.507007 0.848537 0.060902
v 0.291024 0.942443 0.102254
v 0.147323 0.909671 0.148269
v 0.169032 0.995425 0.165827
v 0.026116 0.986998 0.189214
v 0.000011 0.988212 0.191975
v -0.027479 1.196068 0.205662
v -0.027612 1.098617 0.201239
v 0.026116 0.986998 0.189214
v 0.024250 0.898481 0.166749
v -0.024222 0.898950 0.166515
v 0.427785 1.301042 0.014965
v 0.479710 1.316348 0.010742
v 0.470250 1.312412 0.000030
v 0.455757 1.301482 -0.074409
v 0.443412 1.299924 -0.063129
v 0.485620 1.298359 -0.167502
v 0.474558 1.297901 -0.163697
v 0.414474 1.298237 0.033561
v 0.403914 1.255347 -0.477538
v 0.478632 1.233725 -0.393832
v 0.430729 1.143578 -0.492075
v 0.517944 1.132187 -0.399132
v 0.442162 0.931964 -0.457961
v 0.597067 1.022074 -0.228436
v 0.598518 0.900796 -0.166766
v 0.553487 0.836431 -0.269568
v 0.555256 0.968896 -0.350230
v 0.591264 0.810958 -0.124825
v 0.549352 0.744995 -0.219118
v 0.555256 0.968896 -0.350230
v 0.555256 0.968896 -0.350230
v 0.517944 1.132187 -0.399132
v 0.579206 0.987562 -0.346489
v 0.555256 0.968896 -0.350230
v 0.540786 1.235405 -0.393606
v 0.562311 1.141924 -0.391707
v 0.414474 1.298237 0.033561
v 0.601669 1.063950 -0.123660
v 0.597067 1.022074 -0.228436
v 0.618841 1.028649 -0.225334
v 0.581775 1.060550 -0.122641
v 0.555256 0.968896 -0.350230
v 0.579206 0.987562 -0.346489
v 0.558726 1.092501 -0.038783
v 0.536016 1.086503 -0.032546
v -0.169997 1.643412 -0.375493
v 0.550983 1.302030 -0.179469
v 0.544581 1.290801 -0.276929
v 0.534970 1.300948 -0.177755
v 0.502532 1.309080 -0.086735
v 0.515482 1.312061 -0.081976
v 0.371016 1.475856 0.032314
v 0.512427 1.119283 0.025928
v 0.486268 1.108601 0.037048
v 0.493989 1.290554 -0.263592
v 0.484245 1.291013 -0.268227
v 0.000027 0.671217 0.041328
v -0.020996 0.704517 0.092284
v -0.020367 0.674234 0.039109
v 0.021046 0.703975 0.092201
v 0.000025 0.701493 0.094999
v 0.000025 0.651004 -0.025081
v 0.020421 0.673663 0.038913
v 0.019809 0.653140 -0.026845
v 0.171750 0.710333 0.033440
v 0.096396 0.670214 -0.031041
v 0.158396 0.680614 -0.019898
v 0.110518 0.723835 0.079680
v 0.103407 0.693602 0.030023
v 0.019809 0.653140 -0.026845
v 0.020421 0.673663 0.038913
v 0.215786 0.771221 0.074622
v -0.012550 1.642719 0.333940
v -0.000043 1.514477 0.290522
v 0.026648 1.515230 0.288026
v 0.038209 1.643859 0.331040
v 0.298980 1.661561 0.272140
v 0.180873 1.653543 0.314805
v 0.278354 1.555753 0.253135
v 0.385920 1.780859 0.195267
v 0.276971 1.781083 0.255037
v 0.403838 1.656077 0.209491
v 0.169901 1.515073 0.289710
v 0.026648 1.515230 0.288026
v 0.174540 1.773358 0.294746
v 0.038209 1.643859 0.331040
v 0.042345 1.764883 0.316593
v -0.012550 1.642719 0.333940
v -0.045649 1.766723 0.317163
v -0.039369 1.644872 0.331357
v -0.021327 1.764649 0.320929
v 0.359574 1.540549 0.193823
v 0.473583 1.623298 0.102440
v 0.403838 1.656077 0.209491
v 0.440938 1.572952 0.114483
v 0.385920 1.780859 0.195267
v 0.359574 1.540549 0.193823
v 0.412232 1.536508 0.101593
v 0.418044 1.785174 0.147364
v 0.485971 1.682858 0.043867
v 0.431041 1.798090 0.090226
v 0.282540 1.815930 -0.221381
v 0.407438 1.669602 -0.138364
v 0.151894 1.843872 -0.264345
v 0.280504 1.902588 -0.125075
v -0.183321 1.520757 -0.435568
v -0.000877 1.848222 -0.276950
v 0.149664 1.918491 -0.160190
v -0.151650 1.919435 -0.159918
v -0.004280 1.917554 -0.171790
v 0.384492 1.860599 -0.053627
v 0.434051 1.718638 -0.107423
v 0.427879 1.821401 0.020496
v 0.477638 1.705152 -0.034760
v 0.384492 1.860599 -0.053627
v 0.434051 1.718638 -0.107423
v 0.500372 0.742250 0.094387
v 0.188293 0.657823 0.000825
v 0.231282 0.635614 0.093974
v 0.208419 0.685404 0.057161
v 0.169944 0.630877 -0.058805
v 0.206604 0.612327 0.036287
v 0.208419 0.685404 0.057161
v 0.231282 0.635614 0.093974
v 0.281117 0.665239 0.129852
v 0.260149 0.727804 0.098298
v 0.391385 0.710257 0.130657
v 0.387104 0.799329 0.100916
v 0.208419 0.685404 0.057161
v 0.260149 0.727804 0.098298
v 0.171750 0.710333 0.033440
v 0.171750 0.710333 0.033440
v 0.188293 0.657823 0.000825
v 0.208419 0.685404 0.057161
v 0.158396 0.680614 -0.019898
v 0.169944 0.630877 -0.058805
v 0.383611 0.415932 0.185229
v 0.469244 0.425249 0.154945
v 0.295122 0.416330 0.185236
v 0.389891 0.335322 0.164065
v 0.491005 0.346392 0.128620
v 0.186178 0.545294 0.021236
v 0.197259 0.477742 -0.033948
v 0.193258 0.475953 0.041676
v 0.206604 0.612327 0.036287
v 0.187212 0.589886 -0.025892
v 0.204949 0.559820 0.091794
v 0.180854 0.534440 -0.058724
v 0.210875 0.466118 0.123024
v 0.244248 0.483342 0.168072
v 0.237775 0.571328 0.149963
v 0.231282 0.635614 0.093974
v 0.180723 0.570019 -0.091641
v 0.196369 0.556408 -0.160297
v 0.198621 0.523016 -0.129738
v 0.222003 0.484024 -0.100883
v 0.578695 0.710406 -0.074609
v 0.546294 0.595578 0.069335
v 0.558623 0.574276 -0.015715
v 0.564294 0.740187 0.019971
v 0.505308 0.485132 0.101287
v 0.524401 0.471144 0.031546
v 0.500372 0.742250 0.094387
v 0.490771 0.610628 0.138064
v 0.504583 0.485793 -0.054311
v 0.524057 0.555420 -0.101720
v 0.538620 0.662204 -0.166024
v 0.451023 0.539003 -0.168201
v 0.458135 0.611712 -0.228670
v 0.363305 0.501503 -0.150071
v 0.274892 0.474680 -0.145906
v 0.524057 0.555420 -0.101720
v 0.452323 0.501848 -0.117652
v 0.441425 0.465931 -0.191106
v 0.334580 0.463572 -0.207490
v 0.231873 0.440570 -0.176462
v 0.242250 0.432323 0.167582
v 0.255262 0.456021 0.179063
v 0.165189 0.373762 0.050941
v 0.185958 0.357183 0.109054
v 0.591264 0.810958 -0.124825
v 0.578695 0.710406 -0.074609
v 0.549352 0.744995 -0.219118
v 0.564294 0.740187 0.019971
v 0.538620 0.662204 -0.166024
v 0.463584 0.676006 -0.275940
v 0.538620 0.662204 -0.166024
v 0.458135 0.611712 -0.228670
v 0.549352 0.744995 -0.219118
v 0.347211 0.627238 -0.274057
v 0.350343 0.576409 -0.236315
v 0.228725 0.596375 -0.235255
v 0.196369 0.556408 -0.160297
v 0.175789 0.594272 -0.182746
v 0.249770 0.555403 -0.213183
v 0.228725 0.596375 -0.235255
v 0.190316 0.629580 -0.265884
v 0.347211 0.627238 -0.274057
v 0.274892 0.474680 -0.145906
v 0.179091 0.419112 -0.108738
v 0.161778 0.393084 -0.021991
v 0.282763 0.333512 0.169147
v 0.492831 0.276134 0.107788
v 0.538620 0.662204 -0.166024
v 0.504583 0.485793 -0.054311
v 0.507007 0.848537 0.060902
v 0.576099 0.849683 -0.023636
v 0.500372 0.742250 0.094387
v 0.507007 0.848537 0.060902
v 0.512511 0.442603 0.096189
v 0.458659 0.500914 0.157773
v 0.498811 0.460166 0.119542
v 0.535389 0.369289 0.058504
v 0.536516 0.400724 -0.030360
v 0.439477 0.421060 -0.247298
v 0.326055 0.420628 -0.261615
v 0.540925 0.305730 0.027002
v 0.506680 0.438392 -0.123591
v 0.452323 0.501848 -0.117652
v 0.543262 0.346436 -0.075119
v 0.510479 0.390960 -0.176576
v 0.219798 0.342035 0.149487
v 0.242250 0.432323 0.167582
v 0.219798 0.342035 0.149487
v 0.461312 0.460511 0.157701
v 0.469244 0.425249 0.154945
v 0.491005 0.346392 0.128620
v 0.172530 0.289163 0.081458
v 0.386183 0.262873 0.144757
v 0.273834 0.262756 0.148064
v 0.208098 0.272129 0.126548
v 0.222003 0.484024 -0.100883
v 0.145023 0.339408 -0.069183
v 0.231873 0.440570 -0.176462
v 0.149764 0.311772 0.013354
v 0.452323 0.501848 -0.117652
v 0.506680 0.438392 -0.123591
v 0.510479 0.390960 -0.176576
v 0.441425 0.465931 -0.191106
v 0.274892 0.474680 -0.145906
v 0.162727 0.371632 -0.158110
v 0.171421 0.322091 -0.177800
v 0.157361 0.293705 -0.104634
v 0.219046 0.347685 -0.237845
v 0.218010 0.399497 -0.227908
v 0.521284 0.304805 -0.111136
v 0.517564 0.264060 -0.007498
v 0.536276 0.297025 -0.121625
v 0.532353 0.251669 -0.006962
v 0.490267 0.344441 -0.206662
v 0.366387 0.149306 0.074315
v 0.266908 0.150868 0.064912
v 0.347249 0.174717 -0.070835
v 0.461232 0.163223 0.045071
v 0.392936 0.181734 -0.087602
v 0.508297 0.198027 -0.044486
v 0.159434 0.268767 -0.035679
v 0.481032 0.283607 -0.244172
v 0.421071 0.220286 -0.176726
v 0.407687 0.241442 -0.226526
v 0.413753 0.306043 -0.300618
v 0.376258 0.254146 -0.258856
v 0.309241 0.304820 -0.305807
v 0.417169 0.196662 -0.123597
v 0.512288 0.244468 -0.154309
v 0.375230 0.218517 0.107423
v 0.211621 0.230492 0.072864
v 0.273263 0.219511 0.102059
v 0.208098 0.272129 0.126548
v 0.211621 0.230492 0.072864
v 0.177698 0.247705 0.024901
v 0.349372 0.140803 -0.096288
v 0.401629 0.125855 -0.030138
v 0.395262 0.138805 -0.110706
v 0.307034 0.122549 -0.028481
v 0.354938 0.127900 -0.025498
v 0.440463 0.104549 0.044463
v 0.428761 0.115678 -0.042494
v 0.339669 0.144132 -0.112648
v 0.415203 0.130733 -0.163652
v 0.376680 0.146021 -0.128366
v 0.421484 0.121782 -0.132405
v 0.412043 0.109283 0.063828
v 0.320912 0.105947 0.088984
v 0.367208 0.109253 0.079195
v 0.337221 0.025490 -0.367673
v 0.287387 0.048017 -0.353302
v 0.337816 0.048255 -0.361277
v 0.259225 0.018200 -0.340635
v 0.259026 0.040718 -0.333252
v 0.287344 0.025267 -0.360468
v 0.387532 0.010627 -0.354534
v 0.437249 0.107802 -0.243249
v 0.443688 0.021619 -0.221127
v 0.436792 0.023666 -0.266486
v 0.419895 0.027379 -0.315321
v 0.423444 0.122131 -0.289158
v 0.388569 0.033898 -0.352114
v 0.392773 0.133357 -0.321781
v 0.419895 0.027379 -0.315321
v 0.387532 0.010627 -0.354534
v 0.388569 0.033898 -0.352114
v 0.419026 0.003893 -0.315699
v 0.436792 0.023666 -0.266486
v 0.436752 0.000734 -0.266331
v 0.457980 0.095726 0.027560
v 0.444326 0.100238 -0.057252
v 0.465701 0.088626 0.086817
v 0.407687 0.241442 -0.226526
v 0.401163 0.192726 -0.260030
v 0.376258 0.254146 -0.258856
v 0.418963 0.162384 -0.271869
v 0.389498 0.174364 -0.301069
v 0.374045 0.203868 -0.288476
v 0.290879 0.131576 -0.120057
v 0.298935 0.144458 -0.119188
v 0.277349 0.109692 -0.037576
v 0.409166 0.174274 -0.214509
v 0.418963 0.162384 -0.271869
v 0.401163 0.192726 -0.260030
v 0.433296 0.126965 -0.232628
v 0.421790 0.143010 -0.279848
v 0.428873 0.144368 -0.223025
v 0.415203 0.130733 -0.163652
v 0.424147 0.116297 -0.178717
v 0.395412 0.155298 -0.165519
v 0.391868 0.154459 -0.310533
v 0.326055 0.420628 -0.261615
v 0.422818 0.369052 -0.267068
v 0.317505 0.367132 -0.272948
v 0.439477 0.421060 -0.247298
v 0.218010 0.399497 -0.227908
v 0.323912 0.202871 -0.289143
v 0.284008 0.169993 -0.296798
v 0.275296 0.194545 -0.271779
v 0.277166 0.244546 -0.246585
v 0.325478 0.253446 -0.263057
v 0.374045 0.203868 -0.288476
v 0.336311 0.176223 -0.306215
v 0.257408 0.159209 -0.279252
v 0.253128 0.182894 -0.251003
v 0.286200 0.152842 -0.309738
v 0.265880 0.120607 -0.154097
v 0.256815 0.148943 -0.164109
v 0.253278 0.123391 -0.187282
v 0.298935 0.144458 -0.119188
v 0.272579 0.144457 -0.137967
v 0.271062 0.111850 -0.131689
v 0.290879 0.131576 -0.120057
v 0.254792 0.191613 -0.124206
v 0.447591 0.021574 -0.174258
v 0.454592 0.024712 -0.076101
v 0.457642 0.001515 -0.081447
v 0.450623 -0.000799 -0.178388
v 0.472391 0.001515 0.018265
v 0.469076 0.024918 0.020403
v 0.443688 0.021619 -0.221127
v 0.277094 -0.013972 0.157303
v 0.293776 -0.013972 0.051863
v 0.302227 -0.013972 0.170009
v 0.338882 -0.013972 0.172235
v 0.268600 -0.013972 -0.067028
v 0.285541 -0.013972 -0.076912
v 0.272479 -0.013972 0.059974
v 0.261905 -0.018603 -0.192111
v 0.253562 -0.002577 -0.156609
v 0.249152 -0.004286 -0.197499
v 0.265854 -0.017122 -0.153352
v 0.244708 -0.004820 -0.236423
v 0.258084 -0.019166 -0.231034
v 0.268600 -0.013972 -0.067028
v 0.384940 -0.012870 -0.293802
v 0.342674 -0.010340 -0.302717
v 0.385263 -0.008858 -0.328294
v 0.345807 -0.015876 -0.248878
v 0.413187 -0.012938 -0.297006
v 0.407967 -0.013911 -0.281355
v 0.339366 0.000965 -0.342106
v 0.293648 0.000511 -0.337340
v 0.387941 -0.015014 -0.248188
v 0.298566 -0.011585 -0.298328
v 0.414130 -0.015082 -0.246654
v 0.268183 -0.004303 -0.323030
v 0.303036 -0.017244 -0.246390
v 0.274933 -0.018593 -0.238168
v 0.271799 -0.014501 -0.286354
v 0.472391 0.001515 0.018265
v 0.481061 0.001515 0.090811
v 0.459166 -0.013972 0.031458
v 0.445306 -0.013972 -0.082477
v 0.457642 0.001515 -0.081447
v 0.457070 -0.013972 0.110423
v 0.469269 -0.013972 0.093141
v 0.302227 -0.013972 0.170009
v 0.263952 0.001515 0.178706
v 0.277094 -0.013972 0.157303
v 0.338882 -0.013972 0.172235
v 0.333135 0.001515 0.191086
v 0.295385 0.001515 0.191850
v 0.427206 -0.014989 -0.253054
v 0.390747 -0.015001 -0.208223
v 0.434829 -0.015681 -0.212757
v 0.418522 -0.015429 -0.210003
v 0.382712 -0.013972 0.163702
v 0.370141 -0.013972 0.031037
v 0.427949 -0.013972 0.141906
v 0.326362 -0.013972 0.043447
v 0.313742 -0.013972 -0.087487
v 0.356037 -0.013972 -0.092922
v 0.398607 -0.013972 -0.093147
v 0.412674 -0.013972 0.022724
v 0.427629 -0.013972 -0.088091
v 0.441519 -0.013972 0.026602
v 0.457070 -0.013972 0.110423
v 0.444326 0.100238 -0.057252
v 0.469076 0.024918 0.020403
v 0.454592 0.024712 -0.076101
v 0.421484 0.121782 -0.132405
v 0.428761 0.115678 -0.042494
v 0.395262 0.138805 -0.110706
v 0.437364 0.104554 -0.153485
v 0.447591 0.021574 -0.174258
v 0.388569 0.033898 -0.352114
v 0.271062 0.111850 -0.131689
v 0.288107 0.100850 0.091614
v 0.267398 0.093277 0.090300
v 0.452244 0.090813 0.108058
v 0.481061 0.001515 0.090811
v 0.477527 0.024918 0.089892
v 0.461950 0.024918 0.121433
v 0.464851 0.001515 0.125431
v 0.423259 0.091188 0.139693
v 0.435941 0.100040 -0.196506
v 0.253562 -0.002577 -0.156609
v 0.250547 0.017700 -0.194832
v 0.249152 -0.004286 -0.197499
v 0.256143 0.001515 -0.063424
v 0.255505 0.019730 -0.154109
v 0.258700 0.001515 0.081514
v 0.257285 0.024918 -0.060027
v 0.377503 0.091087 0.163078
v 0.274111 0.088289 0.177499
v 0.295733 0.090333 0.184514
v 0.329990 0.090729 0.178067
v 0.261054 0.094774 -0.048288
v 0.260701 0.024918 0.083535
v 0.263952 0.001515 0.178706
v 0.266289 0.024918 0.178428
v 0.421790 0.143010 -0.279848
v 0.423444 0.122131 -0.289158
v 0.392773 0.133357 -0.321781
v 0.260893 0.105402 -0.165768
v 0.261950 0.093702 -0.141763
v 0.261054 0.094774 -0.048288
v 0.277349 0.109692 -0.037576
v 0.257285 0.024918 -0.060027
v 0.255505 0.019730 -0.154109
v 0.243055 0.100778 -0.240872
v 0.247261 0.091940 -0.208248
v 0.245257 0.117517 -0.231537
v 0.245291 0.017134 -0.232689
v 0.247086 0.130062 -0.263511
v 0.245659 0.112611 -0.272991
v 0.242890 0.020504 -0.270536
v 0.250547 0.017700 -0.194832
v 0.255169 0.091184 -0.177915
v 0.246362 0.030394 -0.304523
v 0.246362 0.030394 -0.304523
v 0.242812 -0.001342 -0.276600
v 0.242890 0.020504 -0.270536
v 0.246536 0.008217 -0.311741
v 0.244708 -0.004820 -0.236423
v 0.245291 0.017134 -0.232689
v 0.259026 0.040718 -0.333252
v 0.259225 0.018200 -0.340635
v 0.258230 0.125064 -0.301638
v 0.287387 0.048017 -0.353302
v 0.259026 0.040718 -0.333252
v 0.287426 0.134592 -0.322015
v 0.337816 0.048255 -0.361277
v 0.259026 0.040718 -0.333252
v 0.258230 0.125064 -0.301638
v 0.250561 0.107856 -0.198004
v 0.430759 0.024918 0.155832
v 0.433001 0.001515 0.160656
v 0.339366 0.000965 -0.342106
v 0.387532 0.010627 -0.354534
v 0.385263 -0.008858 -0.328294
v 0.287344 0.025267 -0.360468
v 0.337221 0.025490 -0.367673
v 0.419026 0.003893 -0.315699
v 0.413187 -0.012938 -0.297006
v 0.423259 0.091188 0.139693
v 0.461950 0.024918 0.121433
v 0.452244 0.090813 0.108058
v 0.430759 0.024918 0.155832
v 0.477527 0.024918 0.089892
v 0.465701 0.088626 0.086817
v 0.377503 0.091087 0.163078
v 0.332411 0.024918 0.188091
v 0.381365 0.024918 0.177832
v 0.329990 0.090729 0.178067
v 0.423259 0.091188 0.139693
v 0.295465 0.024918 0.190162
v 0.293648 0.000511 -0.337340
v 0.259225 0.018200 -0.340635
v 0.430759 0.024918 0.155832
v 0.265854 -0.017122 -0.153352
v 0.281859 -0.016650 -0.158542
v 0.309081 -0.015372 -0.164792
v 0.464851 0.001515 0.125431
v 0.427949 -0.013972 0.141906
v 0.457070 -0.013972 0.110423
v 0.433001 0.001515 0.160656
v 0.382712 -0.013972 0.163702
v 0.278600 -0.017971 -0.197284
v 0.258084 -0.019166 -0.231034
v 0.306465 -0.016794 -0.203894
v 0.256763 -0.016506 -0.275584
v 0.258236 -0.009780 -0.305246
v 0.351018 -0.013972 -0.167931
v 0.393379 -0.013972 -0.169648
v 0.421849 -0.014676 -0.170296
v 0.348613 -0.015370 -0.206649
v 0.471920 0.232111 0.075286
v 0.204747 0.162782 0.030260
v 0.299748 0.177017 -0.078827
v 0.271130 0.182849 -0.098829
v 0.170265 0.181724 -0.021910
v 0.325478 0.253446 -0.263057
v 0.277166 0.244546 -0.246585
v 0.211706 0.287134 -0.273394
v 0.253785 0.229890 -0.216006
v 0.166114 0.260303 -0.216016
v 0.219046 0.347685 -0.237845
v 0.517564 0.264060 -0.007498
v 0.521284 0.304805 -0.111136
v 0.490267 0.344441 -0.206662
v 0.153049 0.230820 -0.148335
v 0.246615 0.214981 -0.183516
v 0.439477 0.421060 -0.247298
v 0.490267 0.344441 -0.206662
v 0.422818 0.369052 -0.267068
v 0.492831 0.276134 0.107788
v 0.471920 0.232111 0.075286
v 0.482771 0.215745 0.083380
v 0.471920 0.232111 0.075286
v 0.377899 0.200348 0.117734
v 0.375230 0.218517 0.107423
v 0.273263 0.219511 0.102059
v 0.267245 0.201801 0.111135
v 0.464851 0.001515 0.125431
v 0.242812 -0.001342 -0.276600
v 0.246536 0.008217 -0.311741
v 0.258236 -0.009780 -0.305246
v 0.256763 -0.016506 -0.275584
v 0.436752 0.000734 -0.266331
v 0.347249 0.174717 -0.070835
v 0.299748 0.177017 -0.078827
v 0.339669 0.144132 -0.112648
v 0.376680 0.146021 -0.128366
v 0.392936 0.181734 -0.087602
v 0.502433 0.340534 -0.224639
v 0.422818 0.369052 -0.267068
v 0.428981 0.367254 -0.289609
v 0.314510 0.365515 -0.295816
v 0.317505 0.367132 -0.272948
v 0.427206 -0.014989 -0.253054
v 0.267398 0.093277 0.090300
v 0.260701 0.024918 0.083535
v 0.266289 0.024918 0.178428
v 0.274111 0.088289 0.177499
v 0.246902 0.133431 -0.221272
v 0.248725 0.158339 -0.194217
v 0.257408 0.159209 -0.279252
v 0.258176 0.142731 -0.290905
v 0.247889 0.146508 -0.253159
v 0.247572 0.170376 -0.224768
v 0.253128 0.182894 -0.251003
v 0.258176 0.142731 -0.290905
v 0.338729 0.157464 -0.318088
v 0.391868 0.154459 -0.310533
v 0.339884 0.137925 -0.330078
v 0.388569 0.033898 -0.352114
v 0.392773 0.133357 -0.321781
v 0.389498 0.174364 -0.301069
v 0.113855 0.661605 -0.331771
v 0.143255 0.256827 -0.039689
v 0.177698 0.247705 0.024901
v 0.159434 0.268767 -0.035679
v 0.162795 0.233561 0.025767
v 0.211621 0.230492 0.072864
v 0.376258 0.254146 -0.258856
v 0.395412 0.155298 -0.165519
v 0.376680 0.146021 -0.128366
v 0.417169 0.196662 -0.123597
v 0.392936 0.181734 -0.087602
v 0.395412 0.155298 -0.165519
v 0.421071 0.220286 -0.176726
v 0.253785 0.229890 -0.216006
v 0.246615 0.214981 -0.183516
v 0.156324 0.315503 -0.192447
v 0.141283 0.284214 -0.113638
v 0.171421 0.322091 -0.177800
v 0.157361 0.293705 -0.104634
v 0.219046 0.347685 -0.237845
v 0.298935 0.144458 -0.119188
v 0.271130 0.182849 -0.098829
v 0.272579 0.144457 -0.137967
v 0.246861 0.201889 -0.152652
v 0.277166 0.244546 -0.246585
v 0.275296 0.194545 -0.271779
v 0.246861 0.201889 -0.152652
v 0.153677 0.204437 -0.082426
v 0.254792 0.191613 -0.124206
v 0.200010 0.214238 0.078392
v 0.438909 -0.015366 -0.171472
v 0.445306 -0.013972 -0.082477
v 0.207696 0.344223 -0.257707
v 0.338882 -0.013972 0.172235
v 0.382519 0.001515 0.182241
v 0.333135 0.001515 0.191086
v 0.382712 -0.013972 0.163702
v 0.261905 -0.018603 -0.192111
v 0.450623 -0.000799 -0.178388
v 0.434829 -0.015681 -0.212757
v 0.446014 -0.000593 -0.222521
v 0.438909 -0.015366 -0.171472
v 0.469269 -0.013972 0.093141
v 0.459166 -0.013972 0.031458
v 0.258700 0.001515 0.081514
v 0.277094 -0.013972 0.157303
v 0.263952 0.001515 0.178706
v 0.272479 -0.013972 0.059974
v 0.256143 0.001515 -0.063424
v 0.427206 -0.014989 -0.253054
v 0.382519 0.001515 0.182241
v 0.295465 0.024918 0.190162
v 0.295385 0.001515 0.191850
v 0.332411 0.024918 0.188091
v 0.266289 0.024918 0.178428
v 0.263952 0.001515 0.178706
v 0.333135 0.001515 0.191086
v 0.381365 0.024918 0.177832
v -0.023095 0.826325 0.141343
v 0.274111 0.088289 0.177499
v 0.295733 0.090333 0.184514
v 0.266289 0.024918 0.178428
v 0.436752 0.000734 -0.266331
v 0.268183 -0.004303 -0.323030
v 0.246536 0.008217 -0.311741
v 0.258236 -0.009780 -0.305246
v 0.161623 0.608058 -0.121285
v 0.187212 0.589886 -0.025892
v 0.175789 0.594272 -0.182746
v 0.180723 0.570019 -0.091641
v 0.142550 0.649608 -0.076786
v 0.142550 0.649608 -0.076786
v 0.169944 0.630877 -0.058805
v 0.175789 0.594272 -0.182746
v 0.000025 0.651004 -0.025081
v -0.019759 0.653668 -0.026526
v -0.087199 0.644600 -0.092707
v 0.145403 0.618765 -0.206743
v 0.175789 0.594272 -0.182746
v 0.196369 0.556408 -0.160297
v 0.500372 0.742250 0.094387
v 0.507007 0.848537 0.060902
v 0.271130 0.182849 -0.098829
v 0.409166 0.174274 -0.214509
v 0.407687 0.241442 -0.226526
v 0.156324 0.315503 -0.192447
v 0.211706 0.287134 -0.273394
v 0.166114 0.260303 -0.216016
v 0.207696 0.344223 -0.257707
v 0.141283 0.284214 -0.113638
v 0.153677 0.204437 -0.082426
v 0.143255 0.256827 -0.039689
v 0.153049 0.230820 -0.148335
v 0.532353 0.251669 -0.006962
v 0.461232 0.163223 0.045071
v 0.508297 0.198027 -0.044486
v 0.482771 0.215745 0.083380
v 0.536276 0.297025 -0.121625
v 0.512288 0.244468 -0.154309
v 0.481032 0.283607 -0.244172
v 0.502433 0.340534 -0.224639
v 0.314510 0.365515 -0.295816
v 0.413753 0.306043 -0.300618
v 0.309241 0.304820 -0.305807
v 0.428981 0.367254 -0.289609
v 0.207696 0.344223 -0.257707
v 0.211706 0.287134 -0.273394
v 0.267245 0.201801 0.111135
v 0.366387 0.149306 0.074315
v 0.377899 0.200348 0.117734
v 0.200010 0.214238 0.078392
v 0.204747 0.162782 0.030260
v 0.266908 0.150868 0.064912
v 0.461232 0.163223 0.045071
v 0.482771 0.215745 0.083380
v 0.170265 0.181724 -0.021910
v 0.162795 0.233561 0.025767
v 0.204747 0.162782 0.030260
v 0.200010 0.214238 0.078392
v 0.428981 0.367254 -0.289609
v 0.502433 0.340534 -0.224639
v 0.481032 0.283607 -0.244172
v 0.413753 0.306043 -0.300618
v 0.430759 0.024918 0.155832
v 0.382519 0.001515 0.182241
v 0.433001 0.001515 0.160656
v 0.457980 0.095726 0.027560
v 0.446014 -0.000593 -0.222521
v 1.412653 0.176786 0.024819
v 1.390523 0.164074 0.052616
v 1.385697 0.167680 0.011172
v 1.425327 0.198053 0.051361
v 1.364079 0.154264 0.027395
v 1.386601 0.190658 0.090698
v 1.364739 0.169319 0.079808
v 1.351471 0.163752 0.055082
v 1.413313 0.191841 0.077232
v 0.976006 1.152710 -0.408293
v 0.790360 1.155663 -0.361728
v 0.845643 1.206184 -0.352527
v 1.034027 1.104576 -0.412834
v 0.904663 1.093340 -0.442902
v 0.742509 1.103342 -0.340624
v 0.958669 1.044326 -0.455423
v 0.833508 1.029954 -0.438070
v 1.203298 0.893582 -0.268992
v 1.218425 0.787619 -0.325692
v 1.162585 0.861034 -0.326392
v 1.262309 0.822019 -0.264956
v 1.108776 0.820772 -0.365060
v 1.287237 0.701500 -0.328127
v 1.161704 0.744524 -0.367207
v 1.333358 0.737654 -0.263818
v 1.050610 0.779523 -0.376117
v 1.035888 1.197459 -0.343087
v 0.941285 1.268522 -0.259867
v 1.071248 1.218493 -0.256873
v 0.899319 1.246671 -0.317400
v 0.842599 1.295696 -0.305601
v 0.740768 1.309595 -0.359441
v 0.808473 1.359766 -0.322696
v 0.845643 1.206184 -0.352527
v 0.787373 1.254440 -0.337274
v 0.732148 1.202821 -0.341087
v 0.899319 1.246671 -0.317400
v 1.151358 1.002894 -0.212455
v 1.152202 1.092841 -0.230839
v 1.151717 1.093031 -0.146405
v 1.149455 1.004604 -0.148686
v 1.127508 1.170730 -0.152393
v 1.102648 1.152178 -0.074562
v 1.125799 1.076366 -0.076614
v 1.127260 0.992069 -0.095424
v 1.333040 0.214270 0.008145
v 1.333971 0.177839 0.056395
v 1.317365 0.219797 0.053273
v 1.348339 0.173127 0.015963
v 1.351471 0.163752 0.055082
v 1.291638 0.278823 0.046880
v 1.307917 0.271302 -0.006230
v 1.364079 0.154264 0.027395
v 1.333040 0.214270 0.008145
v 1.380144 0.181846 -0.006748
v 1.348339 0.173127 0.015963
v 1.368011 0.223718 -0.017306
v 1.385697 0.167680 0.011172
v 1.364079 0.154264 0.027395
v 1.340429 0.642514 -0.328021
v 1.386107 0.676432 -0.263725
v 1.341324 0.556463 -0.350560
v 1.282607 0.596707 -0.368917
v 1.388024 0.599448 -0.318999
v 1.390750 0.528380 -0.331344
v 1.301220 0.504536 -0.343610
v 1.222914 0.546922 -0.375977
v 1.430305 0.625005 -0.260123
v 1.409370 0.690548 -0.186470
v 1.457149 0.624647 -0.185130
v 1.425531 0.567646 -0.309508
v 1.463677 0.584556 -0.257224
v 1.493518 0.570122 -0.186355
v 1.448457 0.542452 -0.307991
v 1.216115 0.507959 0.060181
v 1.163575 0.436100 0.014451
v 1.202710 0.421531 0.036916
v 1.256343 0.462949 0.066193
v 1.242663 0.402051 0.063883
v 1.285464 0.429003 0.079970
v 1.170091 0.396509 -0.021470
v 1.093236 0.413337 -0.064562
v 1.227236 0.384126 0.020775
v 1.242663 0.402051 0.063883
v 1.252311 0.366552 0.036454
v 1.262549 0.382381 0.074385
v 1.262549 0.382381 0.074385
v 1.301425 0.404484 0.086429
v 1.167115 0.502196 -0.353856
v 1.301220 0.504536 -0.343610
v 1.262561 0.456441 -0.308295
v 1.222914 0.546922 -0.375977
v 1.371006 0.475750 -0.310872
v 1.378911 0.420609 -0.248655
v 1.120982 0.471564 -0.307214
v 1.311558 0.391510 -0.202121
v 1.220197 0.424957 -0.254761
v 1.103815 0.566405 -0.368363
v 1.163228 0.608487 -0.384431
v 1.227255 0.655923 -0.371657
v 1.390750 0.528380 -0.331344
v 1.341324 0.556463 -0.350560
v 1.418231 0.505647 -0.326031
v 1.405129 0.454989 -0.301307
v 1.388898 0.562961 0.022620
v 1.356140 0.465353 0.069536
v 1.435511 0.486146 0.032657
v 1.277725 0.580364 0.044872
v 1.323556 0.515036 0.058805
v 1.481019 0.522045 -0.029888
v 1.436917 0.591895 -0.034496
v 1.335392 0.637854 0.009338
v 1.173662 0.608096 0.053972
v 1.216115 0.507959 0.060181
v 1.256343 0.462949 0.066193
v 1.281281 0.711212 -0.002958
v 1.223389 0.658468 0.030422
v 1.285464 0.429003 0.079970
v 1.414590 0.444259 0.036441
v 1.301425 0.404484 0.086429
v 1.370735 0.434185 0.074376
v 1.355802 0.756826 -0.188707
v 1.408390 0.688048 -0.108635
v 1.457149 0.624647 -0.185130
v 1.409370 0.690548 -0.186470
v 1.326909 0.744279 -0.051728
v 1.381339 0.672117 -0.042599
v 1.353881 0.759030 -0.114206
v 1.461654 0.609802 -0.105945
v 1.493518 0.570122 -0.186355
v 1.511610 0.522826 -0.113786
v 1.512857 0.537971 -0.191817
v 1.483950 0.556270 -0.259238
v 1.452871 0.454418 0.004080
v 1.501021 0.480999 -0.031242
v 1.511739 0.478747 -0.104607
v 1.093236 0.413337 -0.064562
v 1.165923 0.393612 -0.101406
v 1.170091 0.396509 -0.021470
v 1.082365 0.429879 -0.153683
v 1.238685 0.374858 -0.049852
v 1.227236 0.384126 0.020775
v 1.082365 0.429879 -0.153683
v 1.019744 0.501603 -0.176553
v 1.090677 0.449352 -0.239380
v 1.020853 0.490419 -0.100938
v 1.184520 0.405531 -0.185100
v 1.165923 0.393612 -0.101406
v 1.291127 0.374926 -0.114090
v 1.291127 0.374926 -0.114090
v 1.184520 0.405531 -0.185100
v 1.532615 0.313119 -0.278748
v 1.559644 0.296072 -0.320618
v 1.560532 0.285775 -0.286595
v 1.577303 0.282665 -0.291350
v 1.530452 0.326132 -0.316890
v 1.487453 0.357572 -0.266882
v 1.481002 0.376986 -0.310720
v 1.530452 0.326132 -0.316890
v 1.481002 0.376986 -0.310720
v 1.544677 0.351768 -0.338375
v 1.572618 0.317047 -0.340553
v 1.559644 0.296072 -0.320618
v 1.585540 0.304868 -0.329933
v 1.580021 0.286009 -0.316319
v 1.580021 0.286009 -0.316319
v 1.543494 0.185693 -0.063662
v 1.479178 0.211705 -0.069216
v 1.509697 0.161914 -0.080867
v 1.524656 0.243993 -0.044015
v 1.451279 0.187470 -0.118592
v 1.402992 0.257920 -0.117402
v 1.534732 0.137535 -0.096318
v 1.551294 0.159600 -0.084189
v 1.490492 0.144866 -0.117531
v 1.518217 0.134120 -0.117807
v 1.495757 0.329377 -0.023119
v 1.439655 0.289275 -0.055832
v 1.132833 0.986937 -0.277387
v 1.126758 1.074058 -0.315563
v 1.151358 1.002894 -0.212455
v 1.074818 1.034166 -0.384772
v 1.152202 1.092841 -0.230839
v 1.093603 1.149847 -0.339041
v 1.124727 1.170888 -0.246121
v 0.941285 1.268522 -0.259867
v 1.080048 1.218693 -0.167379
v 1.071248 1.218493 -0.256873
v 0.966324 1.272560 -0.193598
v 1.061811 1.200985 -0.091874
v 0.970218 1.259733 -0.132449
v 1.093648 0.956088 -0.332240
v 1.041370 0.916895 -0.368936
v 1.007196 0.981416 -0.427448
v 0.960243 0.608872 -0.185674
v 1.028447 0.516456 -0.259927
v 0.913794 0.698128 -0.192590
v 0.972824 0.615575 -0.263394
v 0.927145 0.701985 -0.265281
v 1.057680 0.536892 -0.325362
v 1.001984 0.632492 -0.324994
v 0.921385 0.709231 -0.114549
v 1.005681 0.677536 -0.030605
v 0.968714 0.747020 -0.048400
v 0.960243 0.608872 -0.185674
v 0.969063 0.607560 -0.097711
v 0.913794 0.698128 -0.192590
v 1.019744 0.501603 -0.176553
v 1.020853 0.490419 -0.100938
v 1.027440 0.622090 -0.002983
v 0.985509 0.875505 -0.377771
v 0.935848 0.924956 -0.432769
v 0.738778 0.936194 -0.081812
v 0.820183 0.934682 -0.006038
v 0.805119 0.988417 -0.008815
v 0.712560 1.015561 -0.117975
v 0.709784 0.915515 -0.172854
v 0.750470 1.035454 -0.056346
v 0.754311 0.881994 -0.087711
v 1.101452 0.699902 -0.380040
v 1.163228 0.608487 -0.384431
v 1.045577 0.660357 -0.365526
v 1.050610 0.779523 -0.376117
v 1.101452 0.699902 -0.380040
v 0.996546 0.743034 -0.361478
v 0.955059 0.717070 -0.323055
v 0.824179 0.841378 -0.355934
v 0.934207 0.838623 -0.361635
v 0.895885 0.813034 -0.323610
v 0.871180 0.798611 -0.267869
v 0.795034 0.822951 -0.283837
v 0.871371 0.875037 -0.406948
v 0.935848 0.924956 -0.432769
v 0.985509 0.875505 -0.377771
v 0.764044 0.886095 -0.364341
v 0.812585 0.923729 -0.423061
v 0.772573 0.974565 -0.402405
v 0.731074 0.938029 -0.343693
v 0.708467 1.058569 -0.299941
v 0.742509 1.103342 -0.340624
v 0.833508 1.029954 -0.438070
v 0.692474 1.029569 -0.247692
v 0.994025 0.562285 -0.048731
v 1.093236 0.413337 -0.064562
v 1.080955 0.424982 -0.035820
v 1.021056 0.480989 -0.058779
v 1.282685 0.843001 -0.124539
v 1.257263 0.829133 -0.065539
v 1.212556 0.800240 -0.019740
v 1.355802 0.756826 -0.188707
v 1.219361 0.914668 -0.135018
v 1.194959 0.901864 -0.079231
v 1.152435 0.875525 -0.036306
v 1.095253 0.837905 -0.008163
v 1.153335 0.757609 0.010577
v 1.284048 0.840555 -0.194458
v 1.222181 0.911684 -0.201740
v 1.282685 0.843001 -0.124539
v 1.353881 0.759030 -0.114206
v 1.030596 0.793350 -0.003639
v 1.089375 0.700237 0.024332
v 1.181657 0.502362 0.065621
v 1.090532 0.636632 0.047874
v 1.152529 0.582141 0.073252
v 1.103123 0.394159 0.142366
v 1.132941 0.450283 0.152244
v 1.120215 0.422700 0.176239
v 1.066941 0.380022 0.117071
v 1.110764 0.415753 0.114602
v 1.065800 0.368588 0.143748
v 1.094970 0.381019 0.165271
v 1.065101 0.370706 0.166069
v 1.093270 0.394536 0.200980
v 1.082924 0.377504 0.184402
v 1.108567 0.403920 0.195100
v 1.080708 0.403935 0.217747
v 1.063605 0.384787 0.200844
v 1.046610 0.374226 0.174461
v 1.036854 0.379112 0.149707
v 1.065800 0.368588 0.143748
v 0.997077 0.515684 0.026553
v 1.020766 0.471098 -0.029362
v 1.020398 0.458523 0.008028
v 0.995368 0.541765 -0.015581
v 1.077127 0.424215 -0.012531
v 0.999958 0.485807 0.071158
v 1.072262 0.423239 0.017069
v 1.021433 0.441476 0.048606
v 1.068291 0.416681 0.050389
v 1.067145 0.399164 0.084837
v 1.025353 0.418165 0.087586
v 1.021433 0.441476 0.048606
v 1.004825 0.453902 0.111721
v 1.086259 0.611797 0.073603
v 1.026109 0.563184 0.067519
v 1.080829 0.580230 0.106305
v 0.997077 0.515684 0.026553
v 0.999958 0.485807 0.071158
v 1.026854 0.596152 0.028061
v 1.074268 0.543505 0.140981
v 1.090532 0.636632 0.047874
v 1.027440 0.622090 -0.002983
v 0.995368 0.541765 -0.015581
v 1.025417 0.526026 0.109000
v 1.066603 0.503194 0.172631
v 1.004825 0.453902 0.111721
v 1.024993 0.487519 0.146115
v 1.138532 0.441185 0.035661
v 1.181657 0.502362 0.065621
v 1.172017 0.496898 0.081953
v 1.077127 0.424215 -0.012531
v 1.146143 0.441041 0.017455
v 1.072262 0.423239 0.017069
v 1.128857 0.441370 0.058801
v 1.068291 0.416681 0.050389
v 1.159764 0.489953 0.102712
v 1.118981 0.435068 0.085554
v 1.067145 0.399164 0.084837
v 1.146279 0.476194 0.126581
v 1.063605 0.384787 0.200844
v 1.035161 0.390775 0.185227
v 1.046610 0.374226 0.174461
v 1.061273 0.413663 0.217392
v 1.044393 0.400657 0.207806
v 1.080708 0.403935 0.217747
v 1.032674 0.422903 0.198495
v 1.036854 0.379112 0.149707
v 1.098980 0.450752 0.196835
v 1.132941 0.450283 0.152244
v 1.110403 0.485106 0.173131
v 1.108567 0.403920 0.195100
v 1.120215 0.422700 0.176239
v 1.090790 0.424809 0.214059
v 1.093270 0.394536 0.200980
v 1.059530 0.434274 0.216929
v 1.098980 0.450752 0.196835
v 1.060727 0.464912 0.198775
v 1.090790 0.424809 0.214059
v 1.110403 0.485106 0.173131
v 1.066603 0.503194 0.172631
v 1.061273 0.413663 0.217392
v 1.080708 0.403935 0.217747
v 1.080708 0.403935 0.217747
v 1.030910 0.395181 0.122207
v 1.021392 0.401061 0.171754
v 1.011896 0.424232 0.146000
v 1.025353 0.418165 0.087586
v 1.036854 0.379112 0.149707
v 1.065800 0.368588 0.143748
v 1.030910 0.395181 0.122207
v 1.066941 0.380022 0.117071
v 1.021392 0.401061 0.171754
v 1.060727 0.464912 0.198775
v 1.026767 0.451774 0.176676
v 1.032674 0.422903 0.198495
v 1.059530 0.434274 0.216929
v 1.011896 0.424232 0.146000
v 1.011896 0.424232 0.146000
v 1.026767 0.451774 0.176676
v 1.061273 0.413663 0.217392
v 1.059530 0.434274 0.216929
v 1.603984 0.314987 -0.322709
v 1.603026 0.295143 -0.298409
v 1.585540 0.304868 -0.329933
v 1.613854 0.326679 -0.301156
v 1.580021 0.286009 -0.316319
v 1.577303 0.282665 -0.291350
v 1.618201 0.315419 -0.277514
v 1.594239 0.286441 -0.271125
v 1.607569 0.305979 -0.260588
v 1.549495 0.243918 -0.165920
v 1.568067 0.188835 -0.158700
v 1.504498 0.212000 -0.190632
v 1.463227 0.285643 -0.202025
v 1.517406 0.324265 -0.171266
v 1.587272 0.205883 -0.122037
v 1.534270 0.165056 -0.175906
v 1.580565 0.173100 -0.123221
v 1.571407 0.154450 -0.145222
v 1.547488 0.147620 -0.156839
v 1.576914 0.267782 -0.117031
v 1.552148 0.354139 -0.111649
v 1.490492 0.144866 -0.117531
v 1.465738 0.190377 -0.166961
v 1.503548 0.148156 -0.155696
v 1.451279 0.187470 -0.118592
v 1.533524 0.130937 -0.140634
v 1.518217 0.134120 -0.117807
v 1.417969 0.260119 -0.175101
v 1.402992 0.257920 -0.117402
v 1.465738 0.190377 -0.166961
v 1.417969 0.260119 -0.175101
v 1.504498 0.212000 -0.190632
v 1.534270 0.165056 -0.175906
v 1.503548 0.148156 -0.155696
v 1.547488 0.147620 -0.156839
v 1.533524 0.130937 -0.140634
v 1.587272 0.205883 -0.122037
v 1.562934 0.265246 -0.068175
v 1.574217 0.202593 -0.083871
v 1.576914 0.267782 -0.117031
v 1.552148 0.354139 -0.111649
v 1.539093 0.353421 -0.051996
v 1.562934 0.265246 -0.068175
v 1.539093 0.353421 -0.051996
v 1.524656 0.243993 -0.044015
v 1.543494 0.185693 -0.063662
v 1.543494 0.185693 -0.063662
v 1.572614 0.161048 -0.100905
v 1.574217 0.202593 -0.083871
v 1.551294 0.159600 -0.084189
v 1.580565 0.173100 -0.123221
v 1.557798 0.136198 -0.121098
v 1.587272 0.205883 -0.122037
v 1.557798 0.136198 -0.121098
v 1.571407 0.154450 -0.145222
v 1.557798 0.136198 -0.121098
v 1.547488 0.147620 -0.156839
v 1.533524 0.130937 -0.140634
v 1.571407 0.154450 -0.145222
v 1.534732 0.137535 -0.096318
v 1.518217 0.134120 -0.117807
v 1.557798 0.136198 -0.121098
v 1.533524 0.130937 -0.140634
v 1.437516 0.226039 0.051562
v 1.410219 0.274175 0.086851
v 1.418085 0.226851 0.086849
v 1.433452 0.274241 0.049272
v 1.381218 0.214233 0.104415
v 1.386601 0.190658 0.090698
v 1.395092 0.338880 0.082619
v 1.410219 0.274175 0.086851
v 1.367692 0.259132 0.104754
v 1.413313 0.191841 0.077232
v 1.437516 0.226039 0.051562
v 1.418085 0.226851 0.086849
v 1.410432 0.250565 0.005477
v 1.345990 0.280674 -0.037127
v 1.397597 0.313776 -0.007874
v 1.417369 0.205260 0.012741
v 1.368011 0.223718 -0.017306
v 1.437516 0.226039 0.051562
v 1.380144 0.181846 -0.006748
v 1.385697 0.167680 0.011172
v 1.433452 0.274241 0.049272
v 1.426158 0.342534 0.044414
v 1.425327 0.198053 0.051361
v 1.412653 0.176786 0.024819
v 1.417369 0.205260 0.012741
v 1.437516 0.226039 0.051562
v 1.412653 0.176786 0.024819
v 1.381218 0.214233 0.104415
v 1.332827 0.237879 0.089518
v 1.349055 0.194719 0.090071
v 1.367692 0.259132 0.104754
v 1.364739 0.169319 0.079808
v 1.386601 0.190658 0.090698
v 1.342232 0.318331 0.098612
v 1.305412 0.296406 0.084263
v 1.332827 0.237879 0.089518
v 1.291638 0.278823 0.046880
v 1.317365 0.219797 0.053273
v 1.349055 0.194719 0.090071
v 1.333971 0.177839 0.056395
v 1.364739 0.169319 0.079808
v 1.351471 0.163752 0.055082
v 1.403796 0.395599 -0.214316
v 1.351295 0.365666 -0.183417
v 1.336225 0.364567 -0.114474
v 1.604313 0.319499 -0.242097
v 1.558428 0.328109 -0.240532
v 1.580775 0.297707 -0.254981
v 1.586641 0.354734 -0.223839
v 1.487453 0.357572 -0.266882
v 1.532615 0.313119 -0.278748
v 1.560532 0.285775 -0.286595
v 1.522991 0.376819 -0.218335
v 1.558100 0.411991 -0.195080
v 1.577303 0.282665 -0.291350
v 1.594239 0.286441 -0.271125
v 1.580775 0.297707 -0.254981
v 1.607569 0.305979 -0.260588
v 1.604313 0.319499 -0.242097
v 1.560532 0.285775 -0.286595
v 1.568030 0.374650 -0.326621
v 1.612006 0.347388 -0.300520
v 1.593960 0.337148 -0.329902
v 1.495114 0.412241 -0.333657
v 1.521268 0.440515 -0.319502
v 1.544677 0.351768 -0.338375
v 1.547853 0.452865 -0.280055
v 1.588982 0.385896 -0.293345
v 1.613854 0.326679 -0.301156
v 1.603984 0.314987 -0.322709
v 1.572618 0.317047 -0.340553
v 1.585540 0.304868 -0.329933
v 1.596006 0.376628 -0.250264
v 1.615091 0.338782 -0.264265
v 1.563259 0.440348 -0.227117
v 1.618201 0.315419 -0.277514
v 1.586641 0.354734 -0.223839
v 1.615091 0.338782 -0.264265
v 1.596006 0.376628 -0.250264
v 1.604313 0.319499 -0.242097
v 1.607569 0.305979 -0.260588
v 1.558100 0.411991 -0.195080
v 1.618201 0.315419 -0.277514
v 1.122965 0.519617 0.145949
v 1.146279 0.476194 0.126581
v 1.159764 0.489953 0.102712
v 1.134568 0.546030 0.118291
v 1.122965 0.519617 0.145949
v 1.074268 0.543505 0.140981
v 1.134568 0.546030 0.118291
v 1.080829 0.580230 0.106305
v 1.316318 0.373042 0.090875
v 1.278192 0.351005 0.077990
v 1.278192 0.351005 0.077990
v 1.266664 0.334536 0.040259
v 1.305412 0.296406 0.084263
v 1.384581 0.373283 -0.021394
v 1.323754 0.333861 -0.057292
v 1.310976 0.364426 -0.068880
v 1.377102 0.407479 -0.029163
v 1.418812 0.407135 0.039351
v 1.414590 0.444259 0.036441
v 1.426158 0.342534 0.044414
v 1.379624 0.399404 0.077385
v 1.418812 0.407135 0.039351
v 1.342232 0.318331 0.098612
v 1.316318 0.373042 0.090875
v 1.283149 0.324883 -0.020788
v 1.266664 0.334536 0.040259
v 1.283149 0.324883 -0.020788
v 1.345990 0.280674 -0.037127
v 1.307917 0.271302 -0.006230
v 1.323754 0.333861 -0.057292
v 1.514515 0.435783 -0.038597
v 1.526061 0.434584 -0.107103
v 1.514515 0.435783 -0.038597
v 1.468071 0.410101 -0.005560
v 1.495757 0.329377 -0.023119
v 1.374926 0.328258 -0.180469
v 1.359889 0.326768 -0.115511
v 1.351295 0.365666 -0.183417
v 1.336225 0.364567 -0.114474
v 1.374926 0.328258 -0.180469
v 1.463227 0.285643 -0.202025
v 1.424860 0.356628 -0.209960
v 1.485707 0.400134 -0.174864
v 1.424860 0.356628 -0.209960
v 1.403796 0.395599 -0.214316
v 1.468304 0.441787 -0.176839
v 1.526061 0.434584 -0.107103
v 1.511739 0.478747 -0.104607
v 1.403733 0.363906 -0.044203
v 1.336225 0.364567 -0.114474
v 1.359889 0.326768 -0.115511
v 1.468071 0.410101 -0.005560
v 1.384012 0.404879 -0.037819
v 1.452871 0.454418 0.004080
v 1.530869 0.503084 -0.204432
v 1.506787 0.519317 -0.266677
v 1.512857 0.537971 -0.191817
v 1.530295 0.467858 -0.167247
v 1.563259 0.440348 -0.227117
v 1.530869 0.503084 -0.204432
v 1.514832 0.498926 -0.151769
v 1.445707 0.472267 -0.328756
v 1.474477 0.506023 -0.312105
v 1.418231 0.505647 -0.326031
v 1.488635 0.424174 -0.196998
v 1.530295 0.467858 -0.167247
v 1.443436 0.400952 -0.255526
v 1.469529 0.450508 -0.185133
v 1.443436 0.400952 -0.255526
v 1.432243 0.427113 -0.304671
v 1.418959 0.425075 -0.249211
v 1.405129 0.454989 -0.301307
v 1.432243 0.427113 -0.304671
v 1.495114 0.412241 -0.333657
v 1.445707 0.472267 -0.328756
v 1.172017 0.496898 0.081953
v 1.144620 0.566241 0.093084
v 1.181657 0.502362 0.065621
v 1.152529 0.582141 0.073252
v 1.144620 0.566241 0.093084
v 1.086259 0.611797 0.073603
v 0.477638 1.705152 -0.034760
v 0.602192 1.662126 -0.042052
v 0.581921 1.669737 -0.107639
v 0.610418 1.640389 0.010999
v 0.434051 1.718638 -0.107423
v 0.532473 1.660671 -0.196457
v 0.440938 1.572952 0.114483
v 0.530409 1.502786 0.156393
v 0.473583 1.623298 0.102440
v 0.583873 1.564027 0.127685
v 0.473583 1.623298 0.102440
v 0.598782 1.600491 0.073432
v 0.485971 1.682858 0.043867
v 0.583873 1.564027 0.127685
v 0.371016 1.475856 0.032314
v 0.372197 1.395712 0.021750
v 0.383709 1.392754 0.063897
v 0.355201 1.406021 -0.059490
v 0.383709 1.392754 0.063897
v 0.392306 1.511316 0.085835
v 0.371016 1.475856 0.032314
v 0.419938 1.409475 0.120778
v 0.426096 1.550034 -0.225026
v 0.385437 1.570982 -0.158396
v 0.383821 1.628541 -0.146356
v 0.475172 1.604775 -0.225349
v 0.387677 1.497271 -0.206110
v 0.385437 1.570982 -0.158396
v 0.387677 1.497271 -0.206110
v 0.377552 1.462307 -0.138656
v 0.434051 1.718638 -0.107423
v 0.407438 1.669602 -0.138364
v 0.532473 1.660671 -0.196457
v 0.629429 1.572082 -0.015088
v 0.610418 1.640389 0.010999
v 0.624365 1.547655 0.034744
v 0.598782 1.600491 0.073432
v 0.604268 1.510524 0.080848
v 0.617648 1.583814 -0.070419
v 0.602192 1.662126 -0.042052
v 0.587161 1.586659 -0.131756
v 0.581921 1.669737 -0.107639
v 0.393984 1.369118 -0.074822
v 0.355201 1.406021 -0.059490
v 0.412739 1.421238 -0.152690
v 0.377552 1.462307 -0.138656
v 0.422229 1.441308 -0.174674
v 0.408221 1.356109 -0.002435
v 0.355201 1.406021 -0.059490
v 0.372197 1.395712 0.021750
v 0.422079 1.355705 0.035385
v 0.383709 1.392754 0.063897
v 1.030596 0.793350 -0.003639
v 1.089375 0.700237 0.024332
v 1.090532 0.636632 0.047874
v 0.873820 1.137828 -0.004618
v 0.810757 1.081316 -0.015738
v 0.976271 0.888551 -0.026702
v 0.861070 0.882606 -0.026809
v 0.916680 0.843484 -0.064709
v 0.803609 0.836290 -0.104140
v 0.873207 0.808336 -0.126997
v 0.937833 0.941411 0.018961
v 0.438529 1.282624 -0.107270
v 0.450332 1.321285 -0.173831
v 0.473323 1.219600 -0.131357
v 0.453143 1.269767 -0.040617
v 0.483458 1.256670 -0.201244
v 0.512052 1.136557 -0.167090
v 0.469612 1.358468 -0.214995
v 0.509329 1.304987 -0.254620
v 0.487807 1.204116 -0.059626
v 0.526065 1.119595 -0.088643
v 0.477130 1.270662 0.014370
v 0.453143 1.269767 -0.040617
v 0.422079 1.355705 0.035385
v 0.408221 1.356109 -0.002435
v 0.393984 1.369118 -0.074822
v 0.438529 1.282624 -0.107270
v 0.450332 1.321285 -0.173831
v 0.412739 1.421238 -0.152690
v 0.469612 1.358468 -0.214995
v 0.582301 1.337454 0.096561
v 0.568456 1.229114 0.069668
v 0.638754 1.282186 0.103303
v 0.477130 1.270662 0.014370
v 0.517565 1.205236 0.008609
v 0.698405 1.208907 0.103611
v 0.521360 1.291330 0.067331
v 0.642083 1.393317 0.097245
v 0.638754 1.282186 0.103303
v 0.707537 1.346661 0.104154
v 0.582301 1.337454 0.096561
v 0.698405 1.208907 0.103611
v 0.777718 1.282587 0.105936
v 0.567734 1.464544 0.110106
v 0.513353 1.413569 0.109404
v 0.458401 1.372237 0.083027
v 0.521360 1.291330 0.067331
v 0.422079 1.355705 0.035385
v 0.477130 1.270662 0.014370
v 0.704163 1.484696 0.014610
v 0.786015 1.482707 -0.054193
v 0.709797 1.511434 -0.040136
v 0.696933 1.524083 -0.100204
v 0.779164 1.451837 0.008879
v 0.682142 1.443853 0.065178
v 0.753740 1.404840 0.067176
v 0.870111 1.438926 -0.073768
v 0.771693 1.497085 -0.123231
v 0.853805 1.455202 -0.152450
v 0.663598 1.522326 -0.166883
v 0.629610 1.517464 0.075413
v 0.648620 1.552587 0.031803
v 0.624365 1.547655 0.034744
v 0.629429 1.572082 -0.015088
v 0.653410 1.575693 -0.015334
v 0.604268 1.510524 0.080848
v 0.642327 1.586725 -0.067698
v 0.617648 1.583814 -0.070419
v 0.616438 1.503096 -0.223005
v 0.587161 1.586659 -0.131756
v 0.663598 1.522326 -0.166883
v 0.678939 1.471555 -0.262429
v 0.615895 1.426050 -0.294651
v 0.561781 1.463858 -0.251360
v 0.677823 1.370028 -0.346732
v 0.509581 1.412837 -0.249513
v 0.455413 1.492302 -0.207666
v 0.561781 1.463858 -0.251360
v 0.555613 1.367334 -0.293034
v 0.509581 1.412837 -0.249513
v 0.615895 1.426050 -0.294651
v 0.469612 1.358468 -0.214995
v 0.677823 1.370028 -0.346732
v 0.499155 1.539259 -0.209775
v 0.545922 1.574763 -0.183210
v 0.509329 1.304987 -0.254620
v 0.608695 1.303458 -0.345724
v 0.554724 1.233899 -0.303734
v 0.521900 1.175427 -0.240032
v 0.422229 1.441308 -0.174674
v 0.509581 1.412837 -0.249513
v 0.455413 1.492302 -0.207666
v 0.517565 1.205236 0.008609
v 0.618207 1.148188 0.063561
v 0.477130 1.270662 0.014370
v 0.707537 1.346661 0.104154
v 0.777718 1.282587 0.105936
v 0.642083 1.393317 0.097245
v 0.861915 1.403356 -0.001581
v 0.671277 1.543938 -0.152642
v 0.702245 1.546238 -0.089468
v 0.696933 1.524083 -0.100204
v 0.714247 1.534476 -0.032664
v 0.709797 1.511434 -0.040136
v 0.663598 1.522326 -0.166883
v 0.604268 1.510524 0.080848
v 0.642083 1.393317 0.097245
v 0.682142 1.443853 0.065178
v 0.567734 1.464544 0.110106
v 0.733388 1.494338 -0.199025
v 0.663598 1.522326 -0.166883
v 0.678939 1.471555 -0.262429
v 0.616438 1.503096 -0.223005
v 0.733388 1.494338 -0.199025
v 0.749469 1.422733 -0.309931
v 0.613671 1.586228 -0.126795
v 0.587161 1.586659 -0.131756
v 0.970218 1.259733 -0.132449
v 0.915881 1.281309 -0.065098
v 0.955284 1.231605 -0.077741
v 0.926171 1.309451 -0.121161
v 0.888109 1.238860 -0.014820
v 0.922778 1.189396 -0.030007
v 0.784762 0.818826 -0.194830
v 0.860734 0.795204 -0.198522
v 0.735955 0.865756 -0.283863
v 0.712560 1.015561 -0.117975
v 0.709940 0.918666 -0.265710
v 0.709784 0.915515 -0.172854
v 0.694163 1.015591 -0.186421
v 0.729375 0.861706 -0.185877
v 0.675681 1.061349 -0.085584
v 0.694163 1.015591 -0.186421
v 0.712560 1.015561 -0.117975
v 0.652116 1.060708 -0.152356
v 0.692474 1.029569 -0.247692
v 0.645484 1.074328 -0.213599
v 0.790360 1.155663 -0.361728
v 0.687089 1.149467 -0.314016
v 1.020929 1.166353 -0.030812
v 0.922778 1.189396 -0.030007
v 0.960195 1.115264 0.015449
v 0.886002 1.053919 0.028693
v 0.955284 1.231605 -0.077741
v 1.054131 1.116277 -0.013003
v 0.905055 1.001136 0.039624
v 0.873820 1.137828 -0.004618
v 1.219361 0.914668 -0.135018
v 1.088196 0.967106 -0.054723
v 1.078151 1.043935 -0.022432
v 1.035387 0.931128 -0.027503
v 1.012718 0.997088 0.014873
v 0.886002 1.053919 0.028693
v 1.163575 0.436100 0.014451
v 1.181657 0.502362 0.065621
v 1.080955 0.424982 -0.035820
v 1.093236 0.413337 -0.064562
v 1.216115 0.507959 0.060181
v 1.146143 0.441041 0.017455
v 0.994025 0.562285 -0.048731
v 0.994025 0.562285 -0.048731
v 1.021056 0.480989 -0.058779
v 0.994025 0.562285 -0.048731
v 1.238685 0.374858 -0.049852
v 1.252311 0.366552 0.036454
v 1.227236 0.384126 0.020775
v 1.310976 0.364426 -0.068880
v 1.268916 0.355676 -0.029154
v 1.291127 0.374926 -0.114090
v 1.268916 0.355676 -0.029154
v 1.310976 0.364426 -0.068880
v 1.376474 0.417601 -0.033774
v 1.310976 0.364426 -0.068880
v 1.291127 0.374926 -0.114090
v 1.414590 0.444259 0.036441
v 1.377102 0.407479 -0.029163
v 1.435511 0.486146 0.032657
v 1.376474 0.417601 -0.033774
v 1.435511 0.486146 0.032657
v 1.291127 0.374926 -0.114090
v 1.463483 0.456239 -0.179495
v 1.378911 0.420609 -0.248655
v 1.511610 0.522826 -0.113786
v 1.418959 0.425075 -0.249211
v 1.514832 0.498926 -0.151769
v 1.463483 0.456239 -0.179495
v 1.469529 0.450508 -0.185133
v 1.511610 0.522826 -0.113786
v 1.418959 0.425075 -0.249211
v 1.378911 0.420609 -0.248655
v 1.418959 0.425075 -0.249211
v 1.514832 0.498926 -0.151769
v 0.980209 0.862621 0.015211
v 1.035387 0.931128 -0.027503
v 0.976271 0.888551 -0.026702
v 1.053422 0.914254 0.015462
v 0.916680 0.843484 -0.064709
v 0.907888 0.808213 -0.032877
v 1.088196 0.967106 -0.054723
v 1.043269 0.780172 -0.415219
v 0.996546 0.743034 -0.361478
v 0.978289 0.735799 -0.397491
v 1.050610 0.779523 -0.376117
v 0.928323 0.704354 -0.351118
v 1.113228 0.830302 -0.401945
v 1.108776 0.820772 -0.365060
v 1.130319 0.944363 -0.357801
v 1.067378 0.896795 -0.402742
v 1.041370 0.916895 -0.368936
v 1.093648 0.956088 -0.332240
v 1.132833 0.986937 -0.277387
v 1.177994 0.982002 -0.290316
v 0.999228 0.847197 -0.414790
v 0.985509 0.875505 -0.377771
v 0.895885 0.813034 -0.323610
v 0.856178 0.754527 -0.283100
v 0.871180 0.798611 -0.267869
v 0.887887 0.772201 -0.350923
v 0.841815 0.750167 -0.198258
v 0.860734 0.795204 -0.198522
v 0.934207 0.838623 -0.361635
v 0.935941 0.803102 -0.396518
v 1.030596 0.793350 -0.003639
v 1.095253 0.837905 -0.008163
v 1.097733 0.849756 0.028826
v 0.943704 0.742005 -0.019822
v 0.968714 0.747020 -0.048400
v 1.020454 0.794968 0.034311
v 0.921385 0.709231 -0.114549
v 0.888720 0.693498 -0.099471
v 0.878804 0.681115 -0.193684
v 0.913794 0.698128 -0.192590
v 1.151358 1.002894 -0.212455
v 1.200179 1.001808 -0.210749
v 1.168492 0.988489 -0.066336
v 1.196982 1.003921 -0.131857
v 1.149455 1.004604 -0.148686
v 1.127260 0.992069 -0.095424
v 1.152435 0.875525 -0.036306
v 1.166528 0.895431 -0.005145
v 1.194959 0.901864 -0.079231
v 1.217760 0.927307 -0.056946
v 1.119312 0.957992 -0.016913
v 1.250311 0.939656 -0.204789
v 1.219361 0.914668 -0.135018
v 1.222181 0.911684 -0.201740
v 1.247122 0.942881 -0.124260
v 1.203298 0.893582 -0.268992
v 1.227316 0.918184 -0.285991
v 1.162585 0.861034 -0.326392
v 1.178108 0.879017 -0.355295
v 0.856178 0.754527 -0.283100
v 0.928323 0.704354 -0.351118
v 0.894711 0.686049 -0.281409
v 0.887887 0.772201 -0.350923
v 0.935941 0.803102 -0.396518
v 0.978289 0.735799 -0.397491
v 0.999228 0.847197 -0.414790
v 1.043269 0.780172 -0.415219
v 1.196982 1.003921 -0.131857
v 1.217760 0.927307 -0.056946
v 1.247122 0.942881 -0.124260
v 1.119312 0.957992 -0.016913
v 1.166528 0.895431 -0.005145
v 1.168492 0.988489 -0.066336
v 1.053422 0.914254 0.015462
v 1.097733 0.849756 0.028826
v 1.250311 0.939656 -0.204789
v 1.227316 0.918184 -0.285991
v 1.200179 1.001808 -0.210749
v 1.177994 0.982002 -0.290316
v 1.178108 0.879017 -0.355295
v 1.130319 0.944363 -0.357801
v 1.250311 0.939656 -0.204789
v 1.200179 1.001808 -0.210749
v 0.980209 0.862621 0.015211
v 1.020454 0.794968 0.034311
v 0.943704 0.742005 -0.019822
v 0.855706 0.765847 -0.110247
v 0.888720 0.693498 -0.099471
v 0.980209 0.862621 0.015211
v 0.907888 0.808213 -0.032877
v 0.841815 0.750167 -0.198258
v 0.878804 0.681115 -0.193684
v 1.020454 0.794968 0.034311
v 1.113228 0.830302 -0.401945
v 0.999228 0.847197 -0.414790
v 1.067378 0.896795 -0.402742
v 1.043269 0.780172 -0.415219
v 0.878804 0.681115 -0.193684
v 0.841815 0.750167 -0.198258
v 0.855706 0.765847 -0.110247
v 0.873207 0.808336 -0.126997
v 0.894711 0.686049 -0.281409
v 0.927145 0.701985 -0.265281
v 0.955059 0.717070 -0.323055
v 0.392306 1.511316 0.085835
v 0.352662 1.501540 0.182649
v 0.370361 1.479800 -0.064966
v 0.499155 1.539259 -0.209775
v 0.426096 1.550034 -0.225026
v 0.475172 1.604775 -0.225349
v 0.422229 1.441308 -0.174674
v 0.387677 1.497271 -0.206110
v 0.455413 1.492302 -0.207666
v 0.545922 1.574763 -0.183210
v 0.295778 1.760068 -0.248748
v 0.530409 1.502786 0.156393
v 0.440938 1.572952 0.114483
v 0.470401 1.449436 0.147418
v 0.412232 1.536508 0.101593
v 0.392306 1.511316 0.085835
v 0.419938 1.409475 0.120778
v 0.359574 1.540549 0.193823
v 0.273880 1.518189 0.239050
v 0.352662 1.501540 0.182649
v 0.278354 1.555753 0.253135
v 0.169901 1.515073 0.289710
v 0.165936 1.466551 0.260230
v 0.470401 1.449436 0.147418
v 0.458401 1.372237 0.083027
v 0.513353 1.413569 0.109404
v 0.419938 1.409475 0.120778
v 0.422079 1.355705 0.035385
v 0.383709 1.392754 0.063897
v 1.035387 0.931128 -0.027503
v 1.012718 0.997088 0.014873
v 0.937833 0.941411 0.018961
v 0.976271 0.888551 -0.026702
v -0.113850 0.660670 -0.328841
v -0.168587 0.709714 -0.389525
v 0.021046 0.703975 0.092201
v 0.887770 1.317961 -0.249123
v 0.903656 1.391152 -0.172695
v 0.917369 1.322128 -0.182630
v 0.864998 1.386657 -0.254093
v 0.917086 1.375502 -0.097848
v 0.926171 1.309451 -0.121161
v 0.887770 1.317961 -0.249123
v 0.808473 1.359766 -0.322696
v 0.864998 1.386657 -0.254093
v 0.842599 1.295696 -0.305601
v 0.888109 1.238860 -0.014820
v 0.823337 1.226023 0.070770
v 0.842755 1.186648 0.014643
v 0.876284 1.289715 0.032962
v 0.907188 1.341421 -0.029294
v 0.888109 1.238860 -0.014820
v 0.915881 1.281309 -0.065098
v 0.876284 1.289715 0.032962
v 0.831700 1.349321 0.064668
v 0.823337 1.226023 0.070770
v 0.675681 1.061349 -0.085584
v 0.586497 1.071728 -0.123197
v 0.652116 1.060708 -0.152356
v 0.618048 1.072696 -0.043029
v 0.575800 1.087986 -0.197366
v 0.645484 1.074328 -0.213599
v 0.671314 1.098288 0.025920
v 0.675681 1.061349 -0.085584
v 0.717722 1.082119 -0.027059
v 0.618048 1.072696 -0.043029
v 0.560799 1.120954 -0.006956
v 0.674222 1.246474 -0.361024
v 0.687089 1.149467 -0.314016
v 0.620971 1.180879 -0.324176
v 0.740768 1.309595 -0.359441
v 0.732148 1.202821 -0.341087
v 0.586663 1.124023 -0.264442
v 0.687089 1.149467 -0.314016
v 0.656700 1.103527 -0.267732
v 0.620971 1.180879 -0.324176
v 0.554724 1.233899 -0.303734
v 0.749469 1.422733 -0.309931
v 0.787373 1.254440 -0.337274
v 0.779588 1.129199 0.008422
v 0.747091 1.156030 0.066331
v 0.842755 1.186648 0.014643
v 0.779588 1.129199 0.008422
v 0.810757 1.081316 -0.015738
v 0.823337 1.226023 0.070770
v 0.747091 1.156030 0.066331
v 0.642327 1.586725 -0.067698
v 0.714247 1.534476 -0.032664
v 0.702245 1.546238 -0.089468
v 0.648620 1.552587 0.031803
v 0.709040 1.509063 0.018980
v 0.653410 1.575693 -0.015334
v 0.613671 1.586228 -0.126795
v 0.629610 1.517464 0.075413
v 0.688592 1.470032 0.066514
v 0.671277 1.543938 -0.152642
v 0.709040 1.509063 0.018980
v 0.704163 1.484696 0.014610
v 0.682142 1.443853 0.065178
v 0.629610 1.517464 0.075413
v 0.604268 1.510524 0.080848
v 0.688592 1.470032 0.066514
v 0.663598 1.522326 -0.166883
v 0.613671 1.586228 -0.126795
v 0.671277 1.543938 -0.152642
v 0.587161 1.586659 -0.131756
v 0.688592 1.470032 0.066514
v 0.682142 1.443853 0.065178
v 0.750470 1.035454 -0.056346
v 0.717722 1.082119 -0.027059
v 0.675681 1.061349 -0.085584
v 0.712560 1.015561 -0.117975
v 0.881009 0.980105 -0.456072
v 0.742509 1.103342 -0.340624
v 0.803609 0.836290 -0.104140
v 0.860734 0.795204 -0.198522
v 0.873207 0.808336 -0.126997
v 0.784762 0.818826 -0.194830
v 0.842755 1.186648 0.014643
v 0.873820 1.137828 -0.004618
v 0.708467 1.058569 -0.299941
v 0.656700 1.103527 -0.267732
v 0.742509 1.103342 -0.340624
v 0.687089 1.149467 -0.314016
v 0.937833 0.941411 0.018961
v 0.966324 1.272560 -0.193598
v 0.917369 1.322128 -0.182630
v 0.941285 1.268522 -0.259867
v 0.887770 1.317961 -0.249123
v 0.941285 1.268522 -0.259867
v 0.887770 1.317961 -0.249123
v 0.873820 1.137828 -0.004618
v 0.548472 1.205209 -0.073240
v 0.601669 1.063950 -0.123660
v 0.585231 1.185073 -0.164800
v 0.512427 1.119283 0.025928
v 0.558726 1.092501 -0.038783
v 0.510291 1.219827 0.011592
v 0.575532 1.240841 -0.284960
v 0.562311 1.141924 -0.391707
v 0.540786 1.235405 -0.393606
v 0.563955 1.257917 -0.177850
v 0.623721 1.161873 -0.269771
v 0.579206 0.987562 -0.346489
v 0.618841 1.028649 -0.225334
v 0.527375 1.271031 -0.079983
v 0.489637 1.277258 0.010864
v 0.530215 1.291156 -0.393238
v 0.478632 1.233725 -0.393832
v 0.454225 1.294508 -0.387554
v 0.540786 1.235405 -0.393606
v 0.465740 1.293493 -0.373237
v 0.454225 1.294508 -0.387554
v 0.515284 1.291638 -0.377451
v 0.493989 1.290554 -0.263592
v 0.544581 1.290801 -0.276929
v 0.465740 1.293493 -0.373237
v 0.485620 1.298359 -0.167502
v 0.534970 1.300948 -0.177755
v 0.455757 1.301482 -0.074409
v 0.502532 1.309080 -0.086735
v 0.470250 1.312412 0.000030
v 0.427785 1.301042 0.014965
v 0.530215 1.291156 -0.393238
v 0.515284 1.291638 -0.377451
v 0.562335 1.288071 -0.280031
v 0.478632 1.233725 -0.393832
v 0.563955 1.257917 -0.177850
v 0.515482 1.312061 -0.081976
v 0.527375 1.271031 -0.079983
v 0.575532 1.240841 -0.284960
v 0.550983 1.302030 -0.179469
v 0.562335 1.288071 -0.280031
v 0.540786 1.235405 -0.393606
v 0.530215 1.291156 -0.393238
v 0.479710 1.316348 0.010742
v 0.489637 1.277258 0.010864
v 0.433523 1.263011 0.026527
v 0.479710 1.316348 0.010742
v 0.414474 1.298237 0.033561
v 0.489637 1.277258 0.010864
v 0.350976 1.463081 0.153954
v 0.266260 1.432554 0.221222
v 0.353442 1.426010 0.126737
v 0.270068 1.474286 0.231396
v 0.166396 1.430953 0.249767
v 0.169751 1.391076 0.236229
v 0.560799 1.120954 -0.006956
v 0.810723 1.450631 -0.238251
v 0.810723 1.450631 -0.238251
v 0.881009 0.980105 -0.456072
v 0.784762 0.818826 -0.194830
v 0.729375 0.861706 -0.185877
v 1.124727 1.170888 -0.246121
v 0.985562 1.063801 0.031170
v 0.905055 1.001136 0.039624
v 0.604268 1.510524 0.080848
v 0.530409 1.502786 0.156393
v 0.567734 1.464544 0.110106
v 0.583873 1.564027 0.127685
v 0.583873 1.564027 0.127685
v 0.387677 1.497271 -0.206110
v 0.587161 1.586659 -0.131756
v 0.545922 1.574763 -0.183210
v 0.532473 1.660671 -0.196457
v 0.581921 1.669737 -0.107639
v 0.532473 1.660671 -0.196457
v -0.303139 1.703078 -0.276324
v -0.303895 1.659193 -0.294512
v -0.307032 1.620221 -0.312980
v -0.165986 1.466542 0.260230
v -0.270042 1.474355 0.231467
v -0.166433 1.430937 0.249774
v -0.350958 1.462972 0.152662
v -0.266230 1.432600 0.221279
v -0.352639 1.501539 0.182677
v -0.273894 1.518276 0.239134
v -0.169779 1.391049 0.236245
v -0.170073 1.515441 0.289807
v -0.278491 1.555938 0.253144
v -0.359575 1.540568 0.193814
v -0.353426 1.425863 0.124323
v -0.304561 1.356609 0.157862
v -0.178084 1.339151 0.201541
v -0.027514 1.280074 0.200078
v -0.028519 1.330682 0.225309
v -0.027998 1.387839 0.243889
v -0.179372 1.283023 0.176532
v -0.291656 0.603810 0.193385
v -0.231006 0.647709 0.102886
v -0.280818 0.678920 0.137722
v -0.294984 0.508095 0.209059
v -0.237422 0.585754 0.162326
v -0.377364 0.519693 0.204596
v -0.393762 0.623323 0.188543
v -0.243859 0.497687 0.183876
v -0.196238 0.559495 -0.147313
v -0.248134 0.520386 -0.166638
v -0.249673 0.556258 -0.199437
v -0.221793 0.491432 -0.082489
v -0.274712 0.480487 -0.126784
v -0.198451 0.527715 -0.114309
v -0.299301 0.468398 0.207652
v -0.391090 0.724437 0.136983
v -0.458279 0.515386 0.173338
v -0.490425 0.625339 0.149627
v -0.500105 0.755394 0.099736
v -0.380980 0.473508 0.201125
v -0.221183 1.295155 -0.518282
v -0.387284 1.318725 -0.466817
v -0.404031 1.249698 -0.481044
v -0.142438 0.653996 -0.071455
v -0.134511 0.629332 -0.133726
v -0.145339 0.619990 -0.200109
v -0.161501 0.611976 -0.112880
v -0.175693 0.596320 -0.173009
v -0.190281 0.628712 -0.258115
v -0.119779 0.778528 0.107762
v -0.215629 0.779707 0.076089
v -0.110449 0.727186 0.080146
v -0.238462 0.848446 0.084456
v -0.372729 0.883732 0.070701
v -0.134300 0.843505 0.125975
v -0.232147 0.882050 0.101733
v -0.386871 0.811921 0.102913
v -0.259916 0.739335 0.102657
v -0.021820 0.758397 0.121413
v -0.024222 0.898950 0.166515
v -0.147278 0.912883 0.146658
v -0.290914 0.950545 0.098286
v -0.340613 0.929679 0.072621
v -0.386189 1.461148 -0.102441
v -0.390313 1.525432 -0.218588
v -0.415815 1.413303 -0.169028
v -0.413631 1.397653 -0.073789
v -0.391738 1.447075 -0.013145
v -0.397841 1.458268 -0.293190
v -0.303895 1.659193 -0.294512
v -0.307032 1.620221 -0.312980
v -0.474634 1.295886 -0.174173
v -0.484383 1.286461 -0.278238
v -0.318210 1.521728 -0.353425
v -0.454390 1.287750 -0.395188
v -0.385449 1.570532 -0.159120
v -0.383823 1.628541 -0.146354
v -0.303139 1.703078 -0.276324
v -0.407439 1.669605 -0.138359
v -0.295791 1.760091 -0.248752
v -0.430868 1.136531 -0.495418
v -0.442331 0.922354 -0.459407
v -0.431771 0.752185 -0.348321
v -0.553533 0.833254 -0.268497
v -0.555387 0.962525 -0.354366
v -0.463582 0.672758 -0.267026
v -0.549329 0.744321 -0.213648
v -0.296854 0.668887 -0.310689
v -0.168587 0.709714 -0.389525
v -0.489631 1.279523 -0.000286
v -0.468093 1.214565 0.010861
v -0.433505 1.264958 0.017331
v -0.510227 1.223702 0.000012
v -0.345014 1.110088 0.104317
v -0.343569 1.207013 0.111136
v -0.332955 1.261886 0.112208
v -0.414460 1.299432 0.025208
v -0.512386 1.125762 0.015796
v -0.486219 1.115362 0.027356
v -0.444420 1.017830 0.054746
v -0.325902 1.027075 0.096692
v -0.182479 1.097467 0.174618
v -0.183447 1.201761 0.179144
v -0.535986 1.091963 -0.041960
v -0.444420 1.017830 0.054746
v -0.486219 1.115362 0.027356
v -0.581351 0.951380 -0.069772
v -0.508327 0.972911 0.025617
v -0.575959 0.857893 -0.023404
v -0.506810 0.860027 0.060980
v -0.318210 1.521728 -0.353425
v -0.180549 1.253763 0.174935
v -0.027612 1.098617 0.201239
v -0.027479 1.196068 0.205662
v -0.327264 1.292802 0.118133
v -0.027430 1.251138 0.199230
v -0.367175 1.370253 0.086648
v -0.388962 1.447100 0.038294
v -0.397810 1.390106 -0.010111
v -0.353426 1.425863 0.124323
v -0.367175 1.370253 0.086648
v -0.443442 1.299845 -0.072883
v -0.414460 1.299432 0.025208
v -0.508327 0.972911 0.025617
v -0.506810 0.860027 0.060980
v -0.169003 0.998436 0.163337
v -0.026095 0.987506 0.188808
v -0.455793 1.301265 -0.084590
v -0.427780 1.302121 0.005983
v -0.443442 1.299845 -0.072883
v -0.479718 1.317910 -0.000462
v -0.414460 1.299432 0.025208
v -0.474634 1.295886 -0.174173
v -0.404031 1.249698 -0.481044
v -0.430868 1.136531 -0.495418
v -0.478801 1.226711 -0.401333
v -0.518122 1.124515 -0.406372
v -0.442331 0.922354 -0.459407
v -0.555387 0.962525 -0.354366
v -0.387284 1.318725 -0.466817
v -0.597133 1.020622 -0.235143
v -0.598504 0.902424 -0.168841
v -0.581786 1.063206 -0.131214
v -0.553533 0.833254 -0.268497
v -0.591187 0.814676 -0.122577
v -0.555387 0.962525 -0.354366
v -0.518122 1.124515 -0.406372
v -0.562490 1.134258 -0.399708
v -0.540972 1.227739 -0.402583
v -0.579339 0.981356 -0.351298
v -0.555387 0.962525 -0.354366
v -0.601646 1.066484 -0.132252
v -0.597133 1.020622 -0.235143
v -0.581786 1.063206 -0.131214
v -0.618906 1.027296 -0.232172
v -0.558653 1.097669 -0.048362
v -0.579339 0.981356 -0.351298
v -0.502578 1.308882 -0.098393
v -0.551076 1.299838 -0.192129
v -0.515528 1.312043 -0.094025
v -0.535060 1.298753 -0.189991
v -0.544717 1.285965 -0.288751
v -0.470260 1.313685 -0.010776
v -0.370383 1.479148 -0.066650
v -0.512386 1.125762 0.015796
v -0.535986 1.091963 -0.041960
v -0.486219 1.115362 0.027356
v -0.485699 1.296283 -0.178328
v -0.494127 1.286068 -0.273987
v -0.019759 0.653668 -0.026526
v -0.171605 0.717347 0.036692
v -0.096326 0.673021 -0.029335
v -0.103332 0.696893 0.031125
v -0.110449 0.727186 0.080146
v -0.215629 0.779707 0.076089
v -0.158263 0.686462 -0.015441
v -0.020367 0.674234 0.039109
v -0.020996 0.704517 0.092284
v -0.039369 1.644872 0.331357
v -0.181934 1.654256 0.314966
v -0.299706 1.661811 0.272100
v -0.026733 1.515229 0.288024
v -0.280766 1.781764 0.254946
v -0.403934 1.656064 0.209460
v -0.386759 1.780806 0.195133
v -0.027481 1.463044 0.271309
v -0.178171 1.774716 0.295032
v -0.440939 1.572968 0.114489
v -0.403934 1.656064 0.209460
v -0.473563 1.623331 0.102451
v -0.386759 1.780806 0.195133
v -0.418117 1.785177 0.147326
v -0.359575 1.540568 0.193814
v -0.412238 1.536515 0.101596
v -0.352639 1.501539 0.182677
v -0.431065 1.798094 0.090204
v -0.485964 1.682868 0.043864
v -0.407439 1.669605 -0.138359
v -0.434042 1.718654 -0.107407
v -0.280699 1.902616 -0.125083
v -0.384040 1.860668 -0.053533
v -0.427660 1.821459 0.020543
v -0.477589 1.705203 -0.034729
v -0.384040 1.860668 -0.053533
v -0.434042 1.718654 -0.107407
v -0.188114 0.665521 0.007426
v -0.206363 0.622279 0.046059
v -0.169794 0.636683 -0.051270
v -0.231006 0.647709 0.102886
v -0.208213 0.694945 0.062698
v -0.259916 0.739335 0.102657
v -0.391090 0.724437 0.136983
v -0.280818 0.678920 0.137722
v -0.208213 0.694945 0.062698
v -0.231006 0.647709 0.102886
v -0.171605 0.717347 0.036692
v -0.208213 0.694945 0.062698
v -0.188114 0.665521 0.007426
v -0.169794 0.636683 -0.051270
v -0.158263 0.686462 -0.015441
v -0.171605 0.717347 0.036692
v -0.208213 0.694945 0.062698
v -0.460928 0.474417 0.174392
v -0.383208 0.429895 0.202556
v -0.294720 0.430246 0.202478
v -0.254864 0.470302 0.195478
v -0.468862 0.438590 0.172430
v -0.389508 0.348028 0.182702
v -0.282377 0.346265 0.187685
v -0.206363 0.622279 0.046059
v -0.185909 0.555429 0.035266
v -0.187006 0.597682 -0.015111
v -0.192953 0.487010 0.058866
v -0.197005 0.486633 -0.016082
v -0.204633 0.572372 0.104967
v -0.180642 0.541617 -0.044267
v -0.180552 0.575559 -0.079621
v -0.231006 0.647709 0.102886
v -0.237422 0.585754 0.162326
v -0.243859 0.497687 0.183876
v -0.210515 0.479214 0.139692
v -0.198451 0.527715 -0.114309
v -0.196238 0.559495 -0.147313
v -0.221793 0.491432 -0.082489
v -0.578541 0.716371 -0.067084
v -0.545994 0.607604 0.082013
v -0.564077 0.750336 0.025882
v -0.558379 0.583028 -0.001600
v -0.524101 0.481759 0.049245
v -0.504963 0.497605 0.117926
v -0.538521 0.664148 -0.156001
v -0.523869 0.560890 -0.086216
v -0.504342 0.494563 -0.036162
v -0.350268 0.575802 -0.222540
v -0.346281 0.526746 -0.173930
v -0.450879 0.541971 -0.151654
v -0.458069 0.610999 -0.216162
v -0.363128 0.508452 -0.131538
v -0.452124 0.509604 -0.099345
v -0.523869 0.560890 -0.086216
v -0.274712 0.480487 -0.126784
v -0.441286 0.473916 -0.172473
v -0.452124 0.509604 -0.099345
v -0.334451 0.471216 -0.188702
v -0.248134 0.520386 -0.166638
v -0.241859 0.446015 0.184620
v -0.164883 0.384782 0.069607
v -0.591187 0.814676 -0.122577
v -0.564077 0.750336 0.025882
v -0.575959 0.857893 -0.023404
v -0.549329 0.744321 -0.213648
v -0.578541 0.716371 -0.067084
v -0.538521 0.664148 -0.156001
v -0.463582 0.672758 -0.267026
v -0.538521 0.664148 -0.156001
v -0.549329 0.744321 -0.213648
v -0.347185 0.624753 -0.263400
v -0.458069 0.610999 -0.216162
v -0.347185 0.624753 -0.263400
v -0.549329 0.744321 -0.213648
v -0.350268 0.575802 -0.222540
v -0.228659 0.596311 -0.224459
v -0.249673 0.556258 -0.199437
v -0.196238 0.559495 -0.147313
v -0.228659 0.596311 -0.224459
v -0.190281 0.628712 -0.258115
v -0.178894 0.427827 -0.089866
v -0.221793 0.491432 -0.082489
v -0.490646 0.358512 0.147398
v -0.492497 0.287607 0.127195
v -0.385824 0.274795 0.164080
v -0.161521 0.403000 -0.003144
v -0.538521 0.664148 -0.156001
v -0.504342 0.494563 -0.036162
v -0.506810 0.860027 0.060980
v -0.500105 0.755394 0.099736
v -0.500105 0.755394 0.099736
v -0.490425 0.625339 0.149627
v -0.458279 0.515386 0.173338
v -0.512168 0.454635 0.113886
v -0.498452 0.472949 0.136639
v -0.460928 0.474417 0.174392
v -0.535078 0.380302 0.077402
v -0.231721 0.448286 -0.157330
v -0.439389 0.429034 -0.228534
v -0.325976 0.428409 -0.242804
v -0.536266 0.410466 -0.011417
v -0.540647 0.316223 0.046393
v -0.506494 0.447051 -0.104840
v -0.543054 0.355847 -0.055888
v -0.452124 0.509604 -0.099345
v -0.441286 0.473916 -0.172473
v -0.185613 0.369071 0.127588
v -0.254864 0.470302 0.195478
v -0.241859 0.446015 0.184620
v -0.219426 0.354493 0.167985
v -0.468862 0.438590 0.172430
v -0.490646 0.358512 0.147398
v -0.172213 0.300353 0.100615
v -0.149495 0.322159 0.032506
v -0.219426 0.354493 0.167985
v -0.492497 0.287607 0.127195
v -0.273473 0.274734 0.167297
v -0.207751 0.283851 0.145724
v -0.144811 0.348882 -0.050066
v -0.162577 0.380241 -0.139125
v -0.231721 0.448286 -0.157330
v -0.274712 0.480487 -0.126784
v -0.510342 0.399500 -0.157659
v -0.506494 0.447051 -0.104840
v -0.217907 0.407457 -0.208906
v -0.218962 0.355857 -0.218830
v -0.157185 0.302912 -0.085398
v -0.171296 0.330711 -0.158711
v -0.536115 0.306090 -0.102382
v -0.532111 0.261692 0.012630
v -0.517319 0.274116 0.012060
v -0.490164 0.352933 -0.187773
v -0.502346 0.348950 -0.205838
v -0.521112 0.313962 -0.091823
v -0.482466 0.226628 0.103101
v -0.471618 0.243010 0.094957
v -0.347083 0.183906 -0.051348
v -0.460965 0.173642 0.065047
v -0.392777 0.190854 -0.068126
v -0.366100 0.159966 0.094288
v -0.508094 0.207596 -0.024822
v -0.417030 0.205615 -0.104197
v -0.266628 0.161454 0.084818
v -0.159209 0.278586 -0.016328
v -0.480969 0.291934 -0.225187
v -0.420968 0.228962 -0.157451
v -0.512163 0.253277 -0.135094
v -0.413730 0.314059 -0.281803
v -0.407618 0.249851 -0.207373
v -0.376212 0.262378 -0.239794
v -0.309221 0.312791 -0.287065
v -0.325435 0.261647 -0.244030
v -0.374906 0.229759 0.127072
v -0.272942 0.230689 0.121632
v -0.211321 0.241377 0.092372
v -0.211321 0.241377 0.092372
v -0.177431 0.258105 0.044337
v -0.207751 0.283851 0.145724
v -0.349326 0.149518 -0.076468
v -0.395219 0.147464 -0.090870
v -0.401619 0.134693 -0.010223
v -0.354930 0.136752 -0.005593
v -0.307025 0.131389 -0.008557
v -0.290829 0.140224 -0.100228
v -0.339563 0.153008 -0.092949
v -0.376573 0.154856 -0.108675
v -0.428751 0.124471 -0.022539
v -0.440463 0.113640 0.064459
v -0.412042 0.118448 0.083805
v -0.367208 0.118477 0.099173
v -0.320912 0.115208 0.108975
v -0.287437 0.055717 -0.333199
v -0.259270 0.025952 -0.320394
v -0.287401 0.032925 -0.340248
v -0.259063 0.048514 -0.313128
v -0.337276 0.033107 -0.347421
v -0.337864 0.055909 -0.341138
v -0.387553 0.018246 -0.334182
v -0.388588 0.041532 -0.331862
v -0.423438 0.130177 -0.269339
v -0.437217 0.116071 -0.223341
v -0.421775 0.151118 -0.260145
v -0.419901 0.035143 -0.295029
v -0.388588 0.041532 -0.331862
v -0.436791 0.031619 -0.246172
v -0.443683 0.029743 -0.200803
v -0.435890 0.108494 -0.176541
v -0.419901 0.035143 -0.295029
v -0.387553 0.018246 -0.334182
v -0.419034 0.011648 -0.295310
v -0.388588 0.041532 -0.331862
v -0.457980 0.104752 0.047589
v -0.421446 0.130345 -0.112493
v -0.444316 0.108976 -0.037236
v -0.465701 0.097878 0.106873
v -0.452244 0.100147 0.128106
v -0.401127 0.200955 -0.240621
v -0.389494 0.182366 -0.281561
v -0.418940 0.170541 -0.252275
v -0.407618 0.249851 -0.207373
v -0.376212 0.262378 -0.239794
v -0.374029 0.211943 -0.269148
v -0.277340 0.118498 -0.017603
v -0.298831 0.153299 -0.099514
v -0.418940 0.170541 -0.252275
v -0.409099 0.182742 -0.194993
v -0.401127 0.200955 -0.240621
v -0.433252 0.135308 -0.212827
v -0.428819 0.152773 -0.203324
v -0.415121 0.139389 -0.143862
v -0.395316 0.164000 -0.145898
v -0.391873 0.162408 -0.290915
v -0.421775 0.151118 -0.260145
v -0.325976 0.428409 -0.242804
v -0.422757 0.377167 -0.248362
v -0.439389 0.429034 -0.228534
v -0.317447 0.375142 -0.254167
v -0.217907 0.407457 -0.208906
v -0.218962 0.355857 -0.218830
v -0.323896 0.210934 -0.269848
v -0.277111 0.252827 -0.227547
v -0.275269 0.202692 -0.252476
v -0.336311 0.184195 -0.286764
v -0.374029 0.211943 -0.269148
v -0.284003 0.178007 -0.277354
v -0.257391 0.167307 -0.259764
v -0.286206 0.160785 -0.290196
v -0.338741 0.165369 -0.298530
v -0.298831 0.153299 -0.099514
v -0.265806 0.129242 -0.134310
v -0.272477 0.153234 -0.118333
v -0.271025 0.120411 -0.111768
v -0.260836 0.113941 -0.145889
v -0.290829 0.140224 -0.100228
v -0.256723 0.157613 -0.144534
v -0.254658 0.200520 -0.104882
v -0.450620 0.007464 -0.157980
v -0.457642 0.010124 -0.061056
v -0.447586 0.029862 -0.153936
v -0.443683 0.029743 -0.200803
v -0.446011 0.007510 -0.202112
v -0.472391 0.010506 0.038655
v -0.454591 0.033343 -0.055799
v -0.277093 -0.004449 0.177751
v -0.293776 -0.004852 0.072312
v -0.272479 -0.004821 0.080423
v -0.302226 -0.004400 0.190458
v -0.268600 -0.005308 -0.046578
v -0.285541 -0.005345 -0.056462
v -0.338882 -0.004392 0.192684
v -0.326362 -0.004885 0.063897
v -0.253557 0.005780 -0.136202
v -0.261901 -0.010368 -0.171643
v -0.249145 0.003942 -0.177091
v -0.268600 -0.005308 -0.046578
v -0.265850 -0.008761 -0.132888
v -0.256143 0.010193 -0.043033
v -0.258081 -0.011050 -0.210569
v -0.244703 0.003299 -0.216027
v -0.384947 -0.005016 -0.273345
v -0.385278 -0.001138 -0.307857
v -0.342696 -0.002428 -0.282278
v -0.413192 -0.005115 -0.276549
v -0.345807 -0.007862 -0.228415
v -0.387941 -0.007017 -0.227727
v -0.339408 0.008699 -0.321728
v -0.293691 0.008276 -0.316986
v -0.298586 -0.003654 -0.277905
v -0.303037 -0.009197 -0.225926
v -0.414130 -0.007077 -0.226191
v -0.407971 -0.006028 -0.260894
v -0.348612 -0.007221 -0.186189
v -0.390746 -0.006863 -0.187764
v -0.268218 0.003524 -0.302664
v -0.271813 -0.006530 -0.265927
v -0.274931 -0.010503 -0.217704
v -0.481061 0.010784 0.111201
v -0.457070 -0.004628 0.130872
v -0.464850 0.010916 0.145821
v -0.472391 0.010506 0.038655
v -0.459166 -0.004930 0.051908
v -0.469269 -0.004694 0.113590
v -0.457642 0.010124 -0.061056
v -0.445306 -0.005367 -0.062027
v -0.277093 -0.004449 0.177751
v -0.263951 0.011120 0.199095
v -0.302226 -0.004400 0.190458
v -0.295385 0.011170 0.212240
v -0.333135 0.011168 0.211476
v -0.338882 -0.004392 0.192684
v -0.434827 -0.007550 -0.192291
v -0.427207 -0.007006 -0.232589
v -0.418520 -0.007291 -0.189541
v -0.370141 -0.004932 0.051487
v -0.382712 -0.004424 0.184151
v -0.427949 -0.004508 0.162355
v -0.313742 -0.005386 -0.067036
v -0.412673 -0.004964 0.043174
v -0.398607 -0.005408 -0.072697
v -0.427629 -0.005388 -0.067641
v -0.457070 -0.004628 0.130872
v -0.441519 -0.004949 0.047052
v -0.421446 0.130345 -0.112493
v -0.444316 0.108976 -0.037236
v -0.428751 0.124471 -0.022539
v -0.424080 0.124861 -0.158844
v -0.437333 0.113027 -0.133499
v -0.454591 0.033343 -0.055799
v -0.469075 0.033917 0.040704
v -0.447586 0.029862 -0.153936
v -0.267398 0.102543 0.110338
v -0.261046 0.103536 -0.028257
v -0.271025 0.120411 -0.111768
v -0.288106 0.110121 0.111624
v -0.423259 0.100643 0.159739
v -0.481061 0.010784 0.111201
v -0.469075 0.033917 0.040704
v -0.461950 0.034304 0.141734
v -0.477527 0.034183 0.110192
v -0.255498 0.028105 -0.133791
v -0.256143 0.010193 -0.043033
v -0.253557 0.005780 -0.136202
v -0.257285 0.033609 -0.039725
v -0.258700 0.010748 0.101904
v -0.260701 0.034159 0.103836
v -0.250537 0.025951 -0.174516
v -0.395219 0.147464 -0.090870
v -0.329989 0.100331 0.198115
v -0.377503 0.100632 0.183125
v -0.295732 0.099960 0.204563
v -0.274110 0.097889 0.197556
v -0.263951 0.011120 0.199095
v -0.423438 0.130177 -0.269339
v -0.392787 0.141238 -0.302046
v -0.261046 0.103536 -0.028257
v -0.260701 0.034159 0.103836
v -0.257285 0.033609 -0.039725
v -0.277340 0.118498 -0.017603
v -0.261922 0.102196 -0.121759
v -0.255498 0.028105 -0.133791
v -0.247216 0.100326 -0.188350
v -0.250537 0.025951 -0.174516
v -0.245282 0.025283 -0.212390
v -0.243022 0.109043 -0.221056
v -0.247063 0.138232 -0.243866
v -0.245215 0.125838 -0.211812
v -0.242890 0.028566 -0.250293
v -0.245645 0.120728 -0.253253
v -0.246381 0.038323 -0.284346
v -0.242819 0.006676 -0.256247
v -0.246563 0.016100 -0.291450
v -0.242890 0.028566 -0.250293
v -0.245282 0.025283 -0.212390
v -0.244703 0.003299 -0.216027
v -0.258235 0.133040 -0.281964
v -0.287437 0.055717 -0.333199
v -0.287444 0.142468 -0.302373
v -0.259063 0.048514 -0.313128
v -0.337864 0.055909 -0.341138
v -0.339906 0.145765 -0.310412
v -0.246381 0.038323 -0.284346
v -0.259063 0.048514 -0.313128
v -0.258235 0.133040 -0.281964
v -0.258170 0.150766 -0.271325
v -0.249145 0.003942 -0.177091
v -0.255129 0.099616 -0.157947
v -0.250504 0.116312 -0.178195
v -0.464850 0.010916 0.145821
v -0.433000 0.011051 0.181045
v -0.430759 0.034436 0.176132
v -0.339408 0.008699 -0.321728
v -0.287401 0.032925 -0.340248
v -0.293691 0.008276 -0.316986
v -0.387553 0.018246 -0.334182
v -0.337276 0.033107 -0.347421
v -0.385278 -0.001138 -0.307857
v -0.413192 -0.005115 -0.276549
v -0.419034 0.011648 -0.295310
v -0.452244 0.100147 0.128106
v -0.461950 0.034304 0.141734
v -0.423259 0.100643 0.159739
v -0.477527 0.034183 0.110192
v -0.430759 0.034436 0.176132
v -0.377503 0.100632 0.183125
v -0.332411 0.034559 0.208390
v -0.329989 0.100331 0.198115
v -0.381365 0.034520 0.198132
v -0.295465 0.034567 0.210462
v -0.423259 0.100643 0.159739
v -0.430759 0.034436 0.176132
v -0.259270 0.025952 -0.320394
v -0.268218 0.003524 -0.302664
v -0.281856 -0.008312 -0.138079
v -0.265850 -0.008761 -0.132888
v -0.356037 -0.005407 -0.072472
v -0.457070 -0.004628 0.130872
v -0.427949 -0.004508 0.162355
v -0.464850 0.010916 0.145821
v -0.433000 0.011051 0.181045
v -0.382712 -0.004424 0.184151
v -0.382519 0.011134 0.202630
v -0.258260 -0.001878 -0.284855
v -0.306462 -0.008619 -0.183429
v -0.256772 -0.008504 -0.255149
v -0.258081 -0.011050 -0.210569
v -0.421848 -0.006399 -0.149840
v -0.393379 -0.005700 -0.149197
v -0.309079 -0.007069 -0.144334
v -0.351018 -0.005694 -0.147480
v -0.471618 0.243010 0.094957
v -0.204492 0.173061 0.050062
v -0.299588 0.186156 -0.059383
v -0.270981 0.191885 -0.079442
v -0.170046 0.191529 -0.002277
v -0.277111 0.252827 -0.227547
v -0.211665 0.295261 -0.254630
v -0.253710 0.238330 -0.196909
v -0.278596 -0.009761 -0.176817
v -0.517319 0.274116 0.012060
v -0.510342 0.399500 -0.157659
v -0.521112 0.313962 -0.091823
v -0.152920 0.239658 -0.129157
v -0.246518 0.223590 -0.164343
v -0.166033 0.268735 -0.197059
v -0.246744 0.210653 -0.133398
v -0.439389 0.429034 -0.228534
v -0.490164 0.352933 -0.187773
v -0.471618 0.243010 0.094957
v -0.377570 0.211564 0.137433
v -0.374906 0.229759 0.127072
v -0.272942 0.230689 0.121632
v -0.246563 0.016100 -0.291450
v -0.242819 0.006676 -0.256247
v -0.258260 -0.001878 -0.284855
v -0.256772 -0.008504 -0.255149
v -0.376573 0.154856 -0.108675
v -0.347083 0.183906 -0.051348
v -0.392777 0.190854 -0.068126
v -0.339563 0.153008 -0.092949
v -0.299588 0.186156 -0.059383
v -0.422757 0.377167 -0.248362
v -0.428938 0.375295 -0.271016
v -0.314471 0.373458 -0.277183
v -0.436753 0.008674 -0.245927
v -0.413192 -0.005115 -0.276549
v -0.427207 -0.007006 -0.232589
v -0.419034 0.011648 -0.295310
v -0.267398 0.102543 0.110338
v -0.266289 0.034522 0.198728
v -0.274110 0.097889 0.197556
v -0.246850 0.141813 -0.201635
v -0.253209 0.131918 -0.167560
v -0.248648 0.166869 -0.174714
v -0.257391 0.167307 -0.259764
v -0.247856 0.154736 -0.233602
v -0.247514 0.178755 -0.205340
v -0.253087 0.191144 -0.231648
v -0.258170 0.150766 -0.271325
v -0.253087 0.191144 -0.231648
v -0.391873 0.162408 -0.290915
v -0.388588 0.041532 -0.331862
v -0.392787 0.141238 -0.302046
v -0.389494 0.182366 -0.281561
v -0.113850 0.660670 -0.328841
v -0.143036 0.266573 -0.020342
v -0.141116 0.293344 -0.094428
v -0.157185 0.302912 -0.085398
v -0.177431 0.258105 0.044337
v -0.162530 0.243900 0.045219
v -0.159209 0.278586 -0.016328
v -0.211321 0.241377 0.092372
v -0.325435 0.261647 -0.244030
v -0.415121 0.139389 -0.143862
v -0.395316 0.164000 -0.145898
v -0.417030 0.205615 -0.104197
v -0.376573 0.154856 -0.108675
v -0.392777 0.190854 -0.068126
v -0.395316 0.164000 -0.145898
v -0.420968 0.228962 -0.157451
v -0.409099 0.182742 -0.194993
v -0.253710 0.238330 -0.196909
v -0.246518 0.223590 -0.164343
v -0.156212 0.324038 -0.173430
v -0.171296 0.330711 -0.158711
v -0.218962 0.355857 -0.218830
v -0.298831 0.153299 -0.099514
v -0.270981 0.191885 -0.079442
v -0.272477 0.153234 -0.118333
v -0.246744 0.210653 -0.133398
v -0.277111 0.252827 -0.227547
v -0.153502 0.213744 -0.063005
v -0.254658 0.200520 -0.104882
v -0.266921 0.212951 0.130753
v -0.199709 0.225077 0.097931
v -0.445306 -0.005367 -0.062027
v -0.438908 -0.007086 -0.151010
v -0.207629 0.352321 -0.238832
v -0.317447 0.375142 -0.254167
v -0.382519 0.011134 0.202630
v -0.338882 -0.004392 0.192684
v -0.333135 0.011168 0.211476
v -0.382712 -0.004424 0.184151
v -0.438908 -0.007086 -0.151010
v -0.450620 0.007464 -0.157980
v -0.261901 -0.010368 -0.171643
v -0.434827 -0.007550 -0.192291
v -0.469269 -0.004694 0.113590
v -0.459166 -0.004930 0.051908
v -0.277093 -0.004449 0.177751
v -0.258700 0.010748 0.101904
v -0.263951 0.011120 0.199095
v -0.272479 -0.004821 0.080423
v -0.446011 0.007510 -0.202112
v -0.295465 0.034567 0.210462
v -0.332411 0.034559 0.208390
v -0.295385 0.011170 0.212240
v -0.333135 0.011168 0.211476
v -0.381365 0.034520 0.198132
v -0.382519 0.011134 0.202630
v -0.295732 0.099960 0.204563
v -0.274110 0.097889 0.197556
v -0.266289 0.034522 0.198728
v -0.246563 0.016100 -0.291450
v -0.258260 -0.001878 -0.284855
v -0.161501 0.611976 -0.112880
v -0.187006 0.597682 -0.015111
v -0.180552 0.575559 -0.079621
v -0.175693 0.596320 -0.173009
v -0.142438 0.653996 -0.071455
v -0.169794 0.636683 -0.051270
v -0.142438 0.653996 -0.071455
v -0.145339 0.619990 -0.200109
v -0.175693 0.596320 -0.173009
v -0.175693 0.596320 -0.173009
v -0.196238 0.559495 -0.147313
v -0.386871 0.811921 0.102913
v -0.506810 0.860027 0.060980
v -0.500105 0.755394 0.099736
v -0.376212 0.262378 -0.239794
v -0.270981 0.191885 -0.079442
v -0.275269 0.202692 -0.252476
v -0.407618 0.249851 -0.207373
v -0.156212 0.324038 -0.173430
v -0.211665 0.295261 -0.254630
v -0.207629 0.352321 -0.238832
v -0.166033 0.268735 -0.197059
v -0.141116 0.293344 -0.094428
v -0.152920 0.239658 -0.129157
v -0.153502 0.213744 -0.063005
v -0.532111 0.261692 0.012630
v -0.460965 0.173642 0.065047
v -0.482466 0.226628 0.103101
v -0.508094 0.207596 -0.024822
v -0.536115 0.306090 -0.102382
v -0.512163 0.253277 -0.135094
v -0.480969 0.291934 -0.225187
v -0.314471 0.373458 -0.277183
v -0.413730 0.314059 -0.281803
v -0.428938 0.375295 -0.271016
v -0.309221 0.312791 -0.287065
v -0.207629 0.352321 -0.238832
v -0.211665 0.295261 -0.254630
v -0.266921 0.212951 0.130753
v -0.204492 0.173061 0.050062
v -0.199709 0.225077 0.097931
v -0.366100 0.159966 0.094288
v -0.266628 0.161454 0.084818
v -0.377570 0.211564 0.137433
v -0.460965 0.173642 0.065047
v -0.482466 0.226628 0.103101
v -0.143036 0.266573 -0.020342
v -0.170046 0.191529 -0.002277
v -0.162530 0.243900 0.045219
v -0.204492 0.173061 0.050062
v -0.199709 0.225077 0.097931
v -0.502346 0.348950 -0.205838
v -0.428938 0.375295 -0.271016
v -0.480969 0.291934 -0.225187
v -0.502346 0.348950 -0.205838
v -0.413730 0.314059 -0.281803
v -0.266289 0.034522 0.198728
v -0.263951 0.011120 0.199095
v -0.266289 0.034522 0.198728
v -0.430759 0.034436 0.176132
v -0.433000 0.011051 0.181045
v -0.465701 0.097878 0.106873
v -0.259063 0.048514 -0.313128
v -0.259270 0.025952 -0.320394
v -0.436753 0.008674 -0.245927
v -0.436791 0.031619 -0.246172
v -0.457980 0.104752 0.047589
v -0.392787 0.141238 -0.302046
v -0.490164 0.352933 -0.187773
v -0.422757 0.377167 -0.248362
v -1.412654 0.176786 0.024819
v -1.385698 0.167680 0.011171
v -1.390525 0.164074 0.052615
v -1.364081 0.154264 0.027394
v -1.351472 0.163752 0.055081
v -1.364740 0.169319 0.079807
v -1.386603 0.190658 0.090697
v -1.425328 0.198053 0.051360
v -1.418086 0.226852 0.086848
v -1.437517 0.226039 0.051561
v -1.413314 0.191841 0.077231
v -0.976006 1.152711 -0.408293
v -0.790360 1.155663 -0.361728
v -0.904663 1.093341 -0.442902
v -1.034027 1.104577 -0.412834
v -0.845643 1.206184 -0.352527
v -0.833509 1.029954 -0.438070
v -0.958669 1.044327 -0.455422
v -0.742509 1.103342 -0.340624
v -1.203299 0.893583 -0.268992
v -1.218426 0.787621 -0.325692
v -1.262310 0.822020 -0.264956
v -1.162586 0.861035 -0.326391
v -1.108777 0.820773 -0.365060
v -1.161705 0.744525 -0.367206
v -1.287239 0.701501 -0.328126
v -1.333359 0.737656 -0.263818
v -1.050611 0.779524 -0.376117
v -1.101454 0.699903 -0.380040
v -1.035888 1.197459 -0.343086
v -0.941285 1.268523 -0.259867
v -0.899319 1.246671 -0.317399
v -1.093603 1.149848 -0.339041
v -0.842599 1.295697 -0.305601
v -0.740768 1.309595 -0.359441
v -0.787373 1.254441 -0.337274
v -0.808474 1.359766 -0.322696
v -0.845643 1.206184 -0.352527
v -0.899319 1.246671 -0.317399
v -0.732148 1.202821 -0.341087
v -0.790360 1.155663 -0.361728
v -1.149455 1.004604 -0.148685
v -1.125799 1.076367 -0.076614
v -1.151717 1.093032 -0.146405
v -1.151358 1.002895 -0.212454
v -1.102648 1.152178 -0.074562
v -1.127507 1.170731 -0.152393
v -1.152202 1.092842 -0.230839
v -1.124727 1.170889 -0.246120
v -1.333972 0.177839 0.056394
v -1.333041 0.214270 0.008144
v -1.317366 0.219798 0.053272
v -1.348341 0.173127 0.015962
v -1.307919 0.271302 -0.006231
v -1.291639 0.278823 0.046879
v -1.351472 0.163752 0.055081
v -1.364081 0.154264 0.027394
v -1.333041 0.214270 0.008144
v -1.380146 0.181846 -0.006749
v -1.368012 0.223718 -0.017307
v -1.348341 0.173127 0.015962
v -1.385698 0.167680 0.011171
v -1.364081 0.154264 0.027394
v -1.340430 0.642515 -0.328021
v -1.282609 0.596708 -0.368918
v -1.341324 0.556464 -0.350560
v -1.388025 0.599449 -0.318999
v -1.390750 0.528382 -0.331345
v -1.425531 0.567647 -0.309508
v -1.386107 0.676433 -0.263725
v -1.222915 0.546923 -0.375977
v -1.301221 0.504537 -0.343610
v -1.430305 0.625006 -0.260124
v -1.409371 0.690550 -0.186470
v -1.463678 0.584557 -0.257224
v -1.493519 0.570123 -0.186356
v -1.457150 0.624648 -0.185130
v -1.448457 0.542453 -0.307992
v -1.483950 0.556271 -0.259238
v -1.216115 0.507959 0.060180
v -1.256344 0.462949 0.066193
v -1.202710 0.421531 0.036915
v -1.163576 0.436101 0.014450
v -1.242663 0.402052 0.063881
v -1.227237 0.384126 0.020774
v -1.170092 0.396510 -0.021471
v -1.093237 0.413337 -0.064563
v -1.242663 0.402052 0.063881
v -1.252312 0.366553 0.036453
v -1.285464 0.429004 0.079969
v -1.262550 0.382381 0.074384
v -1.301426 0.404485 0.086428
v -1.167117 0.502197 -0.353857
v -1.262562 0.456443 -0.308295
v -1.301221 0.504537 -0.343610
v -1.222915 0.546923 -0.375977
v -1.120983 0.471565 -0.307215
v -1.220198 0.424958 -0.254762
v -1.311559 0.391511 -0.202122
v -1.378913 0.420610 -0.248656
v -1.371006 0.475752 -0.310873
v -1.390750 0.528382 -0.331345
v -1.103817 0.566406 -0.368363
v -1.227257 0.655925 -0.371656
v -1.163229 0.608488 -0.384431
v -1.341324 0.556464 -0.350560
v -1.418232 0.505649 -0.326031
v -1.405130 0.454990 -0.301308
v -1.388898 0.562962 0.022619
v -1.481019 0.522047 -0.029889
v -1.435511 0.486147 0.032657
v -1.356141 0.465354 0.069535
v -1.323556 0.515037 0.058805
v -1.277725 0.580365 0.044871
v -1.335392 0.637855 0.009337
v -1.173662 0.608096 0.053971
v -1.223389 0.658469 0.030422
v -1.216115 0.507959 0.060180
v -1.281281 0.711213 -0.002957
v -1.256344 0.462949 0.066193
v -1.285464 0.429004 0.079969
v -1.414590 0.444260 0.036440
v -1.370735 0.434186 0.074375
v -1.301426 0.404485 0.086428
v -1.355803 0.756828 -0.188707
v -1.409371 0.690550 -0.186470
v -1.353882 0.759031 -0.114206
v -1.355803 0.756828 -0.188707
v -1.457150 0.624648 -0.185130
v -1.408391 0.688049 -0.108635
v -1.461654 0.609803 -0.105945
v -1.326910 0.744280 -0.051728
v -1.436917 0.591896 -0.034497
v -1.493519 0.570123 -0.186356
v -1.511610 0.522827 -0.113787
v -1.381340 0.672117 -0.042599
v -1.512857 0.537972 -0.191818
v -1.514833 0.498927 -0.151770
v -1.512857 0.537972 -0.191818
v -1.452871 0.454419 0.004079
v -1.511740 0.478748 -0.104608
v -1.501021 0.481000 -0.031242
v -1.093237 0.413337 -0.064563
v -1.170092 0.396510 -0.021471
v -1.165924 0.393613 -0.101407
v -1.238686 0.374858 -0.049853
v -1.082366 0.429880 -0.153684
v -1.184521 0.405532 -0.185101
v -1.082366 0.429880 -0.153684
v -1.165924 0.393613 -0.101407
v -1.090678 0.449353 -0.239381
v -1.019745 0.501604 -0.176553
v -1.020854 0.490419 -0.100939
v -1.093237 0.413337 -0.064563
v -1.291128 0.374927 -0.114090
v -1.184521 0.405532 -0.185101
v -1.227237 0.384126 0.020774
v -1.311559 0.391511 -0.202122
v -1.220198 0.424958 -0.254762
v -1.532616 0.313120 -0.278749
v -1.560533 0.285776 -0.286596
v -1.559645 0.296074 -0.320619
v -1.577303 0.282666 -0.291351
v -1.580022 0.286011 -0.316320
v -1.530452 0.326133 -0.316891
v -1.487453 0.357573 -0.266883
v -1.572618 0.317049 -0.340554
v -1.530452 0.326133 -0.316891
v -1.559645 0.296074 -0.320619
v -1.544677 0.351770 -0.338376
v -1.585541 0.304870 -0.329934
v -1.481002 0.376987 -0.310721
v -1.580022 0.286011 -0.316320
v -1.543496 0.185694 -0.063663
v -1.479179 0.211705 -0.069217
v -1.524657 0.243993 -0.044016
v -1.509699 0.161914 -0.080868
v -1.451280 0.187470 -0.118594
v -1.402993 0.257921 -0.117403
v -1.439656 0.289275 -0.055833
v -1.495758 0.329378 -0.023120
v -1.490494 0.144866 -0.117532
v -1.551295 0.159600 -0.084190
v -1.534733 0.137535 -0.096319
v -1.518219 0.134121 -0.117808
v -1.151358 1.002895 -0.212454
v -1.152202 1.092842 -0.230839
v -1.126758 1.074059 -0.315563
v -1.132834 0.986938 -0.277386
v -1.124727 1.170889 -0.246120
v -1.074819 1.034166 -0.384772
v -1.093649 0.956089 -0.332240
v -0.941285 1.268523 -0.259867
v -1.080048 1.218693 -0.167379
v -0.966324 1.272561 -0.193598
v -1.061811 1.200985 -0.091873
v -1.071248 1.218493 -0.256872
v -0.970218 1.259734 -0.132449
v -1.041371 0.916895 -0.368936
v -0.960245 0.608872 -0.185674
v -1.028449 0.516456 -0.259927
v -0.972825 0.615575 -0.263394
v -0.913796 0.698128 -0.192590
v -1.057681 0.536893 -0.325362
v -1.001986 0.632493 -0.324994
v -0.927147 0.701985 -0.265281
v -0.955060 0.717070 -0.323055
v -0.921386 0.709231 -0.114549
v -1.005682 0.677537 -0.030605
v -0.969064 0.607560 -0.097711
v -0.960245 0.608872 -0.185674
v -0.913796 0.698128 -0.192590
v -1.027441 0.622090 -0.002983
v -0.994026 0.562286 -0.048731
v -1.020854 0.490419 -0.100939
v -1.019745 0.501604 -0.176553
v -1.007197 0.981417 -0.427448
v -0.935849 0.924956 -0.432769
v -0.985510 0.875506 -0.377771
v -0.881010 0.980105 -0.456072
v -0.738778 0.936194 -0.081812
v -0.820183 0.934682 -0.006038
v -0.754311 0.881993 -0.087711
v -0.712561 1.015561 -0.117975
v -0.750470 1.035454 -0.056346
v -0.709784 0.915514 -0.172854
v -0.805120 0.988417 -0.008815
v -0.729376 0.861706 -0.185877
v -1.045578 0.660358 -0.365525
v -1.050611 0.779524 -0.376117
v -0.996547 0.743035 -0.361478
v -1.101454 0.699903 -0.380040
v -1.163229 0.608488 -0.384431
v -0.824180 0.841378 -0.355934
v -0.934208 0.838623 -0.361635
v -0.871371 0.875037 -0.406948
v -0.871181 0.798611 -0.267869
v -0.895886 0.813034 -0.323610
v -0.985510 0.875506 -0.377771
v -0.935849 0.924956 -0.432769
v -0.833509 1.029954 -0.438070
v -0.812586 0.923730 -0.423061
v -0.881010 0.980105 -0.456072
v -0.742509 1.103342 -0.340624
v -0.772574 0.974565 -0.402405
v -0.764045 0.886095 -0.364341
v -0.708468 1.058569 -0.299941
v -0.731075 0.938030 -0.343694
v -0.994026 0.562286 -0.048731
v -1.021057 0.480990 -0.058780
v -1.080956 0.424982 -0.035821
v -1.282685 0.843002 -0.124538
v -1.257264 0.829134 -0.065538
v -1.212556 0.800240 -0.019740
v -1.152436 0.875526 -0.036306
v -1.194959 0.901865 -0.079230
v -1.219361 0.914669 -0.135017
v -1.095253 0.837906 -0.008163
v -1.153336 0.757610 0.010577
v -1.284049 0.840556 -0.194458
v -1.353882 0.759031 -0.114206
v -1.282685 0.843002 -0.124538
v -1.222182 0.911685 -0.201739
v -1.089376 0.700238 0.024332
v -1.030596 0.793350 -0.003639
v -1.181657 0.502362 0.065621
v -1.152529 0.582142 0.073251
v -1.090533 0.636633 0.047874
v -1.103123 0.394159 0.142365
v -1.110765 0.415753 0.114601
v -1.066942 0.380022 0.117070
v -1.132941 0.450283 0.152243
v -1.065800 0.368588 0.143747
v -1.094970 0.381018 0.165270
v -1.065101 0.370706 0.166068
v -1.120215 0.422700 0.176238
v -1.093270 0.394536 0.200979
v -1.108567 0.403920 0.195099
v -1.082925 0.377504 0.184401
v -1.063605 0.384787 0.200843
v -1.080708 0.403935 0.217746
v -1.046610 0.374226 0.174460
v -1.020767 0.471098 -0.029363
v -1.021057 0.480990 -0.058780
v -0.997077 0.515684 0.026552
v -1.020398 0.458523 0.008027
v -0.995369 0.541765 -0.015582
v -1.077128 0.424215 -0.012532
v -0.999959 0.485807 0.071157
v -1.072263 0.423240 0.017068
v -1.021433 0.441477 0.048605
v -1.068291 0.416682 0.050388
v -1.025354 0.418165 0.087585
v -1.067145 0.399164 0.084836
v -1.021433 0.441477 0.048605
v -1.004825 0.453902 0.111720
v -1.025354 0.418165 0.087585
v -1.086260 0.611797 0.073603
v -1.026109 0.563184 0.067518
v -1.026855 0.596152 0.028060
v -1.080829 0.580231 0.106305
v -1.074268 0.543505 0.140981
v -1.025418 0.526026 0.108999
v -0.999959 0.485807 0.071157
v -0.997077 0.515684 0.026552
v -1.090533 0.636633 0.047874
v -0.995369 0.541765 -0.015582
v -1.027441 0.622090 -0.002983
v -1.004825 0.453902 0.111720
v -1.066603 0.503194 0.172631
v -1.024993 0.487518 0.146114
v -1.138532 0.441186 0.035660
v -1.181657 0.502362 0.065621
v -1.146144 0.441041 0.017454
v -1.072263 0.423240 0.017068
v -1.128857 0.441370 0.058800
v -1.077128 0.424215 -0.012532
v -1.068291 0.416682 0.050388
v -1.118981 0.435068 0.085553
v -1.146144 0.441041 0.017454
v -1.172017 0.496899 0.081953
v -1.159764 0.489954 0.102711
v -1.146279 0.476194 0.126580
v -1.067145 0.399164 0.084836
v -1.063605 0.384787 0.200843
v -1.046610 0.374226 0.174460
v -1.035161 0.390775 0.185226
v -1.061273 0.413663 0.217391
v -1.080708 0.403935 0.217746
v -1.044394 0.400657 0.207805
v -1.032675 0.422903 0.198494
v -1.036854 0.379112 0.149706
v -1.098980 0.450752 0.196834
v -1.108567 0.403920 0.195099
v -1.090791 0.424809 0.214058
v -1.132941 0.450283 0.152243
v -1.120215 0.422700 0.176238
v -1.093270 0.394536 0.200979
v -1.059530 0.434274 0.216928
v -1.098980 0.450752 0.196834
v -1.090791 0.424809 0.214058
v -1.060727 0.464912 0.198774
v -1.080708 0.403935 0.217746
v -1.061273 0.413663 0.217391
v -1.066603 0.503194 0.172631
v -1.110403 0.485106 0.173130
v -1.080708 0.403935 0.217746
v -1.030910 0.395181 0.122206
v -1.011896 0.424232 0.145999
v -1.021392 0.401061 0.171753
v -1.036854 0.379112 0.149706
v -1.065800 0.368588 0.143747
v -1.030910 0.395181 0.122206
v -1.066942 0.380022 0.117070
v -1.065800 0.368588 0.143747
v -1.036854 0.379112 0.149706
v -1.021392 0.401061 0.171753
v -1.059530 0.434274 0.216928
v -1.032675 0.422903 0.198494
v -1.060727 0.464912 0.198774
v -1.026767 0.451774 0.176675
v -1.011896 0.424232 0.145999
v -1.026767 0.451774 0.176675
v -1.061273 0.413663 0.217391
v -1.059530 0.434274 0.216928
v -1.585541 0.304870 -0.329934
v -1.603027 0.295144 -0.298410
v -1.603985 0.314988 -0.322710
v -1.580022 0.286011 -0.316320
v -1.613855 0.326680 -0.301156
v -1.577303 0.282666 -0.291351
v -1.618202 0.315421 -0.277515
v -1.594239 0.286443 -0.271126
v -1.607569 0.305980 -0.260589
v -1.549496 0.243919 -0.165921
v -1.504499 0.212000 -0.190633
v -1.568069 0.188835 -0.158701
v -1.587273 0.205884 -0.122038
v -1.576915 0.267783 -0.117033
v -1.463228 0.285643 -0.202026
v -1.534272 0.165056 -0.175907
v -1.571408 0.154450 -0.145223
v -1.580566 0.173100 -0.123222
v -1.547490 0.147621 -0.156840
v -1.552148 0.354140 -0.111650
v -1.517407 0.324265 -0.171267
v -1.490494 0.144866 -0.117532
v -1.465740 0.190377 -0.166962
v -1.451280 0.187470 -0.118594
v -1.503549 0.148157 -0.155697
v -1.417970 0.260119 -0.175103
v -1.402993 0.257921 -0.117403
v -1.518219 0.134121 -0.117808
v -1.533526 0.130938 -0.140635
v -1.465740 0.190377 -0.166962
v -1.534272 0.165056 -0.175907
v -1.504499 0.212000 -0.190633
v -1.503549 0.148157 -0.155697
v -1.547490 0.147621 -0.156840
v -1.533526 0.130938 -0.140635
v -1.587273 0.205884 -0.122038
v -1.562935 0.265247 -0.068176
v -1.576915 0.267783 -0.117033
v -1.574218 0.202593 -0.083872
v -1.539093 0.353422 -0.051997
v -1.552148 0.354140 -0.111650
v -1.562935 0.265247 -0.068176
v -1.543496 0.185694 -0.063663
v -1.524657 0.243993 -0.044016
v -1.539093 0.353422 -0.051997
v -1.543496 0.185694 -0.063663
v -1.572615 0.161048 -0.100906
v -1.551295 0.159600 -0.084190
v -1.574218 0.202593 -0.083872
v -1.557799 0.136199 -0.121099
v -1.580566 0.173100 -0.123222
v -1.587273 0.205884 -0.122038
v -1.557799 0.136199 -0.121099
v -1.571408 0.154450 -0.145223
v -1.547490 0.147621 -0.156840
v -1.557799 0.136199 -0.121099
v -1.533526 0.130938 -0.140635
v -1.571408 0.154450 -0.145223
v -1.534733 0.137535 -0.096319
v -1.557799 0.136199 -0.121099
v -1.518219 0.134121 -0.117808
v -1.533526 0.130938 -0.140635
v -1.437517 0.226039 0.051561
v -1.410220 0.274175 0.086850
v -1.433453 0.274241 0.049271
v -1.418086 0.226852 0.086848
v -1.395093 0.338880 0.082619
v -1.426159 0.342535 0.044414
v -1.386603 0.190658 0.090697
v -1.381219 0.214233 0.104414
v -1.410220 0.274175 0.086850
v -1.367693 0.259132 0.104753
v -1.413314 0.191841 0.077231
v -1.410433 0.250565 0.005477
v -1.345991 0.280674 -0.037128
v -1.368012 0.223718 -0.017307
v -1.437517 0.226039 0.051561
v -1.433453 0.274241 0.049271
v -1.417371 0.205260 0.012740
v -1.380146 0.181846 -0.006749
v -1.385698 0.167680 0.011171
v -1.397598 0.313775 -0.007874
v -1.426159 0.342535 0.044414
v -1.425328 0.198053 0.051360
v -1.417371 0.205260 0.012740
v -1.412654 0.176786 0.024819
v -1.437517 0.226039 0.051561
v -1.412654 0.176786 0.024819
v -1.381219 0.214233 0.104414
v -1.332829 0.237879 0.089517
v -1.367693 0.259132 0.104753
v -1.349056 0.194719 0.090070
v -1.305413 0.296406 0.084262
v -1.342233 0.318331 0.098611
v -1.386603 0.190658 0.090697
v -1.364740 0.169319 0.079807
v -1.332829 0.237879 0.089517
v -1.291639 0.278823 0.046879
v -1.305413 0.296406 0.084262
v -1.349056 0.194719 0.090070
v -1.317366 0.219798 0.053272
v -1.333972 0.177839 0.056394
v -1.364740 0.169319 0.079807
v -1.351472 0.163752 0.055081
v -1.336226 0.364567 -0.114475
v -1.351296 0.365667 -0.183418
v -1.403797 0.395600 -0.214317
v -1.604314 0.319501 -0.242098
v -1.558429 0.328110 -0.240533
v -1.586642 0.354736 -0.223840
v -1.487453 0.357573 -0.266883
v -1.522992 0.376820 -0.218336
v -1.580776 0.297708 -0.254982
v -1.532616 0.313120 -0.278749
v -1.558100 0.411992 -0.195080
v -1.560533 0.285776 -0.286596
v -1.577303 0.282666 -0.291351
v -1.580776 0.297708 -0.254982
v -1.594239 0.286443 -0.271126
v -1.604314 0.319501 -0.242098
v -1.607569 0.305980 -0.260589
v -1.560533 0.285776 -0.286596
v -1.568030 0.374651 -0.326622
v -1.495115 0.412242 -0.333657
v -1.544677 0.351770 -0.338376
v -1.612007 0.347390 -0.300521
v -1.588983 0.385897 -0.293346
v -1.593961 0.337150 -0.329903
v -1.547854 0.452866 -0.280056
v -1.521269 0.440517 -0.319503
v -1.572618 0.317049 -0.340554
v -1.585541 0.304870 -0.329934
v -1.596006 0.376629 -0.250264
v -1.613855 0.326680 -0.301156
v -1.615092 0.338784 -0.264266
v -1.603985 0.314988 -0.322710
v -1.618202 0.315421 -0.277515
v -1.596006 0.376629 -0.250264
v -1.558100 0.411992 -0.195080
v -1.563259 0.440349 -0.227118
v -1.615092 0.338784 -0.264266
v -1.586642 0.354736 -0.223840
v -1.604314 0.319501 -0.242098
v -1.607569 0.305980 -0.260589
v -1.618202 0.315421 -0.277515
v -1.011896 0.424232 0.145999
v -1.122965 0.519617 0.145948
v -1.159764 0.489954 0.102711
v -1.146279 0.476194 0.126580
v -1.110403 0.485106 0.173130
v -1.122965 0.519617 0.145948
v -1.074268 0.543505 0.140981
v -1.316319 0.373043 0.090874
v -1.278193 0.351005 0.077989
v -1.278193 0.351005 0.077989
v -1.266665 0.334536 0.040258
v -1.262550 0.382381 0.074384
v -1.384582 0.373283 -0.021394
v -1.323755 0.333861 -0.057293
v -1.418812 0.407135 0.039350
v -1.310976 0.364427 -0.068881
v -1.377103 0.407481 -0.029164
v -1.379625 0.399404 0.077384
v -1.418812 0.407135 0.039350
v -1.342233 0.318331 0.098611
v -1.316319 0.373043 0.090874
v -1.283150 0.324884 -0.020789
v -1.266665 0.334536 0.040258
v -1.268917 0.355676 -0.029155
v -1.252312 0.366553 0.036453
v -1.283150 0.324884 -0.020789
v -1.323755 0.333861 -0.057293
v -1.268917 0.355676 -0.029155
v -1.345991 0.280674 -0.037128
v -1.307919 0.271302 -0.006231
v -1.514515 0.435783 -0.038598
v -1.526061 0.434584 -0.107104
v -1.514515 0.435783 -0.038598
v -1.495758 0.329378 -0.023120
v -1.468071 0.410101 -0.005561
v -1.374927 0.328258 -0.180471
v -1.359890 0.326768 -0.115512
v -1.351296 0.365667 -0.183418
v -1.336226 0.364567 -0.114475
v -1.374927 0.328258 -0.180471
v -1.463228 0.285643 -0.202026
v -1.424861 0.356629 -0.209961
v -1.417970 0.260119 -0.175103
v -1.485708 0.400134 -0.174865
v -1.403797 0.395600 -0.214317
v -1.424861 0.356629 -0.209961
v -1.526061 0.434584 -0.107104
v -1.468305 0.441788 -0.176840
v -1.403734 0.363907 -0.044204
v -1.468071 0.410101 -0.005561
v -1.336226 0.364567 -0.114475
v -1.384012 0.404880 -0.037820
v -1.359890 0.326768 -0.115512
v -1.452871 0.454419 0.004079
v -1.530870 0.503085 -0.204433
v -1.563259 0.440349 -0.227118
v -1.506788 0.519317 -0.266677
v -1.530870 0.503085 -0.204433
v -1.530295 0.467859 -0.167248
v -1.474478 0.506024 -0.312105
v -1.445708 0.472268 -0.328757
v -1.418232 0.505649 -0.326031
v -1.488636 0.424174 -0.196999
v -1.530295 0.467859 -0.167248
v -1.443437 0.400953 -0.255527
v -1.469530 0.450508 -0.185134
v -1.514833 0.498927 -0.151770
v -1.443437 0.400953 -0.255527
v -1.481002 0.376987 -0.310721
v -1.432244 0.427114 -0.304672
v -1.418959 0.425076 -0.249212
v -1.495115 0.412242 -0.333657
v -1.432244 0.427114 -0.304672
v -1.445708 0.472268 -0.328757
v -1.172017 0.496899 0.081953
v -1.134568 0.546031 0.118291
v -1.144620 0.566241 0.093083
v -1.181657 0.502362 0.065621
v -1.144620 0.566241 0.093083
v -1.080829 0.580231 0.106305
v -1.086260 0.611797 0.073603
v -1.134568 0.546031 0.118291
v -0.477589 1.705203 -0.034729
v -0.581921 1.669737 -0.107639
v -0.602188 1.662133 -0.042049
v -0.610400 1.640425 0.011012
v -0.485964 1.682868 0.043864
v -0.434042 1.718654 -0.107407
v -0.532474 1.660662 -0.196460
v -0.473563 1.623331 0.102451
v -0.583860 1.564070 0.127699
v -0.530411 1.502814 0.156403
v -0.440939 1.572968 0.114489
v -0.473563 1.623331 0.102451
v -0.598765 1.600536 0.073448
v -0.583860 1.564070 0.127699
v -0.371029 1.475733 0.031838
v -0.383714 1.392756 0.063898
v -0.372200 1.395713 0.021750
v -0.355203 1.406021 -0.059490
v -0.370383 1.479148 -0.066650
v -0.383714 1.392756 0.063898
v -0.392313 1.511320 0.085836
v -0.419943 1.409478 0.120779
v -0.470410 1.449451 0.147423
v -0.371029 1.475733 0.031838
v -0.426094 1.550033 -0.225026
v -0.383823 1.628541 -0.146354
v -0.385449 1.570532 -0.159120
v -0.387676 1.497271 -0.206110
v -0.385449 1.570532 -0.159120
v -0.377552 1.462307 -0.138656
v -0.387676 1.497271 -0.206110
v -0.434042 1.718654 -0.107407
v -0.475170 1.604771 -0.225350
v -0.532474 1.660662 -0.196460
v -0.407439 1.669605 -0.138359
v -0.629428 1.572083 -0.015088
v -0.624364 1.547656 0.034744
v -0.610400 1.640425 0.011012
v -0.617647 1.583814 -0.070419
v -0.598765 1.600536 0.073448
v -0.604268 1.510524 0.080848
v -0.583860 1.564070 0.127699
v -0.602188 1.662133 -0.042049
v -0.587160 1.586657 -0.131757
v -0.412739 1.421238 -0.152690
v -0.355203 1.406021 -0.059490
v -0.393985 1.369119 -0.074822
v -0.377552 1.462307 -0.138656
v -0.422229 1.441308 -0.174674
v -0.408226 1.356112 -0.002434
v -0.355203 1.406021 -0.059490
v -0.372200 1.395713 0.021750
v -0.422085 1.355709 0.035386
v -1.030596 0.793350 -0.003639
v -0.968715 0.747021 -0.048400
v -1.089376 0.700238 0.024332
v -0.810757 1.081317 -0.015738
v -0.873820 1.137828 -0.004618
v -0.886002 1.053919 0.028693
v -0.976272 0.888551 -0.026701
v -0.861071 0.882606 -0.026809
v -0.937833 0.941411 0.018962
v -0.873209 0.808336 -0.126997
v -0.803610 0.836290 -0.104140
v -0.916681 0.843484 -0.064709
v -0.905056 1.001136 0.039624
v -0.438528 1.282624 -0.107270
v -0.473323 1.219600 -0.131357
v -0.450332 1.321285 -0.173831
v -0.483458 1.256670 -0.201244
v -0.469612 1.358467 -0.214996
v -0.512052 1.136557 -0.167090
v -0.521900 1.175427 -0.240032
v -0.453143 1.269767 -0.040617
v -0.487807 1.204116 -0.059626
v -0.477130 1.270662 0.014370
v -0.517565 1.205236 0.008609
v -0.526065 1.119595 -0.088643
v -0.453143 1.269767 -0.040617
v -0.393985 1.369119 -0.074822
v -0.408226 1.356112 -0.002434
v -0.422085 1.355709 0.035386
v -0.477130 1.270662 0.014370
v -0.450332 1.321285 -0.173831
v -0.412739 1.421238 -0.152690
v -0.438528 1.282624 -0.107270
v -0.469612 1.358467 -0.214996
v -0.422229 1.441308 -0.174674
v -0.582301 1.337454 0.096561
v -0.568456 1.229114 0.069668
v -0.521360 1.291329 0.067331
v -0.638754 1.282186 0.103302
v -0.477130 1.270662 0.014370
v -0.698405 1.208907 0.103611
v -0.618206 1.148189 0.063561
v -0.642083 1.393317 0.097245
v -0.707537 1.346661 0.104154
v -0.638754 1.282186 0.103302
v -0.582301 1.337454 0.096561
v -0.698405 1.208907 0.103611
v -0.777717 1.282587 0.105936
v -0.521360 1.291329 0.067331
v -0.458408 1.372243 0.083029
v -0.567734 1.464544 0.110106
v -0.513353 1.413569 0.109404
v -0.422085 1.355709 0.035386
v -0.709797 1.511434 -0.040136
v -0.786015 1.482707 -0.054193
v -0.704162 1.484696 0.014610
v -0.779163 1.451837 0.008879
v -0.870110 1.438926 -0.073768
v -0.861914 1.403356 -0.001581
v -0.682142 1.443853 0.065178
v -0.696932 1.524083 -0.100204
v -0.771693 1.497085 -0.123231
v -0.663598 1.522326 -0.166883
v -0.733388 1.494338 -0.199025
v -0.853805 1.455202 -0.152450
v -0.629610 1.517464 0.075413
v -0.624364 1.547656 0.034744
v -0.648620 1.552587 0.031803
v -0.629428 1.572083 -0.015088
v -0.653409 1.575693 -0.015334
v -0.604268 1.510524 0.080848
v -0.642326 1.586725 -0.067698
v -0.616438 1.503096 -0.223005
v -0.587160 1.586657 -0.131757
v -0.545920 1.574757 -0.183212
v -0.615894 1.426051 -0.294651
v -0.678939 1.471555 -0.262429
v -0.561781 1.463858 -0.251360
v -0.677823 1.370029 -0.346732
v -0.749469 1.422733 -0.309931
v -0.499153 1.539257 -0.209776
v -0.455411 1.492301 -0.207666
v -0.509581 1.412837 -0.249513
v -0.561781 1.463858 -0.251360
v -0.555613 1.367335 -0.293034
v -0.615894 1.426051 -0.294651
v -0.509581 1.412837 -0.249513
v -0.677823 1.370029 -0.346732
v -0.555613 1.367335 -0.293034
v -0.509328 1.304987 -0.254620
v -0.509581 1.412837 -0.249513
v -0.554723 1.233899 -0.303734
v -0.509581 1.412837 -0.249513
v -0.455411 1.492301 -0.207666
v -0.517565 1.205236 0.008609
v -0.560799 1.120954 -0.006956
v -0.477130 1.270662 0.014370
v -0.707537 1.346661 0.104154
v -0.642083 1.393317 0.097245
v -0.753739 1.404841 0.067176
v -0.831700 1.349321 0.064668
v -0.777717 1.282587 0.105936
v -0.671277 1.543938 -0.152642
v -0.696932 1.524083 -0.100204
v -0.702244 1.546239 -0.089468
v -0.709797 1.511434 -0.040136
v -0.714246 1.534476 -0.032664
v -0.663598 1.522326 -0.166883
v -0.604268 1.510524 0.080848
v -0.642083 1.393317 0.097245
v -0.567734 1.464544 0.110106
v -0.682142 1.443853 0.065178
v -0.663598 1.522326 -0.166883
v -0.678939 1.471555 -0.262429
v -0.733388 1.494338 -0.199025
v -0.616438 1.503096 -0.223005
v -0.749469 1.422733 -0.309931
v -0.810723 1.450631 -0.238251
v -0.663598 1.522326 -0.166883
v -0.617647 1.583814 -0.070419
v -0.613671 1.586229 -0.126795
v -0.587160 1.586657 -0.131757
v -0.970218 1.259734 -0.132449
v -0.915881 1.281310 -0.065098
v -0.926171 1.309452 -0.121161
v -0.955284 1.231606 -0.077741
v -0.966324 1.272561 -0.193598
v -0.888108 1.238861 -0.014820
v -0.784763 0.818825 -0.194830
v -0.735956 0.865755 -0.283863
v -0.729376 0.861706 -0.185877
v -0.860735 0.795203 -0.198522
v -0.795035 0.822951 -0.283837
v -0.712561 1.015561 -0.117975
v -0.709784 0.915514 -0.172854
v -0.709940 0.918666 -0.265710
v -0.694163 1.015591 -0.186421
v -0.692474 1.029569 -0.247692
v -0.675681 1.061349 -0.085584
v -0.694163 1.015591 -0.186421
v -0.652116 1.060708 -0.152356
v -0.712561 1.015561 -0.117975
v -0.692474 1.029569 -0.247692
v -0.645484 1.074328 -0.213599
v -0.687089 1.149467 -0.314016
v -0.742509 1.103342 -0.340624
v -1.020928 1.166353 -0.030812
v -1.054130 1.116277 -0.013003
v -0.922778 1.189396 -0.030007
v -0.955284 1.231606 -0.077741
v -0.960195 1.115264 0.015449
v -0.886002 1.053919 0.028693
v -0.873820 1.137828 -0.004618
v -0.905056 1.001136 0.039624
v -0.985562 1.063801 0.031171
v -0.860735 0.795203 -0.198522
v -0.784763 0.818825 -0.194830
v -1.071248 1.218493 -0.256872
v -1.219361 0.914669 -0.135017
v -1.127260 0.992069 -0.095424
v -1.088196 0.967107 -0.054722
v -1.078151 1.043935 -0.022432
v -1.035388 0.931128 -0.027503
v -1.012718 0.997088 0.014873
v -1.152529 0.582142 0.073251
v -1.163576 0.436101 0.014450
v -1.080956 0.424982 -0.035821
v -1.181657 0.502362 0.065621
v -1.216115 0.507959 0.060180
v -1.093237 0.413337 -0.064563
v -1.090533 0.636633 0.047874
v -0.994026 0.562286 -0.048731
v -0.994026 0.562286 -0.048731
v -1.238686 0.374858 -0.049853
v -1.268917 0.355676 -0.029155
v -1.238686 0.374858 -0.049853
v -1.310976 0.364427 -0.068881
v -1.291128 0.374927 -0.114090
v -1.310976 0.364427 -0.068881
v -1.376474 0.417602 -0.033775
v -1.310976 0.364427 -0.068881
v -1.377103 0.407481 -0.029164
v -1.414590 0.444260 0.036440
v -1.435511 0.486147 0.032657
v -1.291128 0.374927 -0.114090
v -1.414590 0.444260 0.036440
v -1.376474 0.417602 -0.033775
v -1.435511 0.486147 0.032657
v -1.291128 0.374927 -0.114090
v -1.463483 0.456240 -0.179496
v -1.511740 0.478748 -0.104608
v -1.511610 0.522827 -0.113787
v -1.378913 0.420610 -0.248656
v -1.291128 0.374927 -0.114090
v -1.418959 0.425076 -0.249212
v -1.405130 0.454990 -0.301308
v -1.463483 0.456240 -0.179496
v -1.514833 0.498927 -0.151770
v -1.469530 0.450508 -0.185134
v -1.418959 0.425076 -0.249212
v -1.378913 0.420610 -0.248656
v -1.511610 0.522827 -0.113787
v -1.418959 0.425076 -0.249212
v -0.976272 0.888551 -0.026701
v -0.907889 0.808213 -0.032877
v -0.916681 0.843484 -0.064709
v -1.035388 0.931128 -0.027503
v -0.980210 0.862621 0.015211
v -1.088196 0.967107 -0.054722
v -1.053423 0.914254 0.015463
v -1.119313 0.957992 -0.016912
v -0.996547 0.743035 -0.361478
v -0.978290 0.735799 -0.397491
v -0.928325 0.704354 -0.351118
v -1.043270 0.780173 -0.415219
v -1.050611 0.779524 -0.376117
v -1.113229 0.830303 -0.401944
v -1.130320 0.944364 -0.357800
v -1.041371 0.916895 -0.368936
v -1.067379 0.896796 -0.402742
v -1.132834 0.986938 -0.277386
v -1.093649 0.956089 -0.332240
v -0.985510 0.875506 -0.377771
v -0.999230 0.847198 -0.414790
v -0.895886 0.813034 -0.323610
v -0.856179 0.754527 -0.283100
v -0.887888 0.772201 -0.350923
v -0.871181 0.798611 -0.267869
v -0.934208 0.838623 -0.361635
v -0.841817 0.750167 -0.198258
v -1.030596 0.793350 -0.003639
v -0.943705 0.742005 -0.019822
v -1.020454 0.794969 0.034312
v -1.097733 0.849756 0.028827
v -1.095253 0.837906 -0.008163
v -0.968715 0.747021 -0.048400
v -0.921386 0.709231 -0.114549
v -0.888722 0.693498 -0.099471
v -0.878805 0.681115 -0.193684
v -1.177995 0.982003 -0.290316
v -1.151358 1.002895 -0.212454
v -1.168493 0.988490 -0.066335
v -1.149455 1.004604 -0.148685
v -1.196982 1.003922 -0.131856
v -1.127260 0.992069 -0.095424
v -1.200180 1.001809 -0.210748
v -1.152436 0.875526 -0.036306
v -1.166529 0.895431 -0.005145
v -1.194959 0.901865 -0.079230
v -1.222182 0.911685 -0.201739
v -1.219361 0.914669 -0.135017
v -1.250312 0.939657 -0.204789
v -1.217761 0.927307 -0.056946
v -1.247122 0.942882 -0.124259
v -1.227316 0.918185 -0.285990
v -1.178109 0.879018 -0.355295
v -1.203299 0.893583 -0.268992
v -1.162586 0.861035 -0.326391
v -0.856179 0.754527 -0.283100
v -0.928325 0.704354 -0.351118
v -0.887888 0.772201 -0.350923
v -0.935942 0.803103 -0.396518
v -0.894712 0.686050 -0.281410
v -0.978290 0.735799 -0.397491
v -0.999230 0.847198 -0.414790
v -1.196982 1.003922 -0.131856
v -1.217761 0.927307 -0.056946
v -1.168493 0.988490 -0.066335
v -1.119313 0.957992 -0.016912
v -1.247122 0.942882 -0.124259
v -1.166529 0.895431 -0.005145
v -1.053423 0.914254 0.015463
v -1.250312 0.939657 -0.204789
v -1.200180 1.001809 -0.210748
v -1.227316 0.918185 -0.285990
v -1.177995 0.982003 -0.290316
v -1.178109 0.879018 -0.355295
v -1.250312 0.939657 -0.204789
v -1.200180 1.001809 -0.210748
v -1.020454 0.794969 0.034312
v -0.980210 0.862621 0.015211
v -1.097733 0.849756 0.028827
v -0.943705 0.742005 -0.019822
v -0.980210 0.862621 0.015211
v -1.020454 0.794969 0.034312
v -0.855707 0.765847 -0.110247
v -0.907889 0.808213 -0.032877
v -0.888722 0.693498 -0.099471
v -0.841817 0.750167 -0.198258
v -1.043270 0.780173 -0.415219
v -1.113229 0.830303 -0.401944
v -1.067379 0.896796 -0.402742
v -0.999230 0.847198 -0.414790
v -1.043270 0.780173 -0.415219
v -1.130320 0.944364 -0.357800
v -0.878805 0.681115 -0.193684
v -0.878805 0.681115 -0.193684
v -0.841817 0.750167 -0.198258
v -0.855707 0.765847 -0.110247
v -0.860735 0.795203 -0.198522
v -0.873209 0.808336 -0.126997
v -1.108777 0.820773 -0.365060
v -0.935942 0.803103 -0.396518
v -0.913796 0.698128 -0.192590
v -0.894712 0.686050 -0.281410
v -0.927147 0.701985 -0.265281
v -0.955060 0.717070 -0.323055
v -0.392313 1.511320 0.085836
v -0.350958 1.462972 0.152662
v -0.499153 1.539257 -0.209776
v -0.426094 1.550033 -0.225026
v -0.455411 1.492301 -0.207666
v -0.422229 1.441308 -0.174674
v -0.475170 1.604771 -0.225350
v -0.530411 1.502814 0.156403
v -0.470410 1.449451 0.147423
v -0.440939 1.572968 0.114489
v -0.412238 1.536515 0.101596
v -0.470410 1.449451 0.147423
v -0.458408 1.372243 0.083029
v -0.419943 1.409478 0.120779
v -0.513353 1.413569 0.109404
v -0.422085 1.355709 0.035386
v -0.383714 1.392756 0.063898
v -0.530411 1.502814 0.156403
v -0.567734 1.464544 0.110106
v -0.027657 1.430786 0.259601
v -0.976272 0.888551 -0.026701
v -0.937833 0.941411 0.018962
v -1.035388 0.931128 -0.027503
v -1.012718 0.997088 0.014873
v -0.023095 0.826325 0.141343
v -0.026095 0.987506 0.188808
v -0.020996 0.704517 0.092284
v -0.887770 1.317961 -0.249123
v -0.903656 1.391153 -0.172695
v -0.864999 1.386658 -0.254093
v -0.917369 1.322128 -0.182630
v -0.810723 1.450631 -0.238251
v -0.917086 1.375502 -0.097848
v -0.887770 1.317961 -0.249123
v -0.808474 1.359766 -0.322696
v -0.842599 1.295697 -0.305601
v -0.864999 1.386658 -0.254093
v -0.888108 1.238861 -0.014820
v -0.823337 1.226023 0.070770
v -0.876284 1.289716 0.032962
v -0.842755 1.186649 0.014643
v -0.907188 1.341421 -0.029294
v -0.888108 1.238861 -0.014820
v -0.876284 1.289716 0.032962
v -0.915881 1.281310 -0.065098
v -0.675681 1.061349 -0.085584
v -0.586497 1.071729 -0.123197
v -0.618048 1.072697 -0.043029
v -0.652116 1.060708 -0.152356
v -0.560799 1.120954 -0.006956
v -0.575800 1.087986 -0.197366
v -0.671314 1.098288 0.025920
v -0.675681 1.061349 -0.085584
v -0.618048 1.072697 -0.043029
v -0.717722 1.082120 -0.027059
v -0.674222 1.246474 -0.361024
v -0.608695 1.303458 -0.345724
v -0.687089 1.149467 -0.314016
v -0.732148 1.202821 -0.341087
v -0.620971 1.180879 -0.324176
v -0.554723 1.233899 -0.303734
v -0.586663 1.124023 -0.264442
v -0.687089 1.149467 -0.314016
v -0.620971 1.180879 -0.324176
v -0.656700 1.103527 -0.267732
v -0.645484 1.074328 -0.213599
v -0.787373 1.254441 -0.337274
v -0.740768 1.309595 -0.359441
v -0.926171 1.309452 -0.121161
v -0.779588 1.129199 0.008422
v -0.747091 1.156031 0.066331
v -0.842755 1.186649 0.014643
v -0.810757 1.081317 -0.015738
v -0.779588 1.129199 0.008422
v -0.747091 1.156031 0.066331
v -0.823337 1.226023 0.070770
v -0.642326 1.586725 -0.067698
v -0.714246 1.534476 -0.032664
v -0.653409 1.575693 -0.015334
v -0.702244 1.546239 -0.089468
v -0.613671 1.586229 -0.126795
v -0.671277 1.543938 -0.152642
v -0.709039 1.509063 0.018980
v -0.648620 1.552587 0.031803
v -0.629610 1.517464 0.075413
v -0.688592 1.470032 0.066514
v -0.709039 1.509063 0.018980
v -0.682142 1.443853 0.065178
v -0.629610 1.517464 0.075413
v -0.688592 1.470032 0.066514
v -0.604268 1.510524 0.080848
v -0.663598 1.522326 -0.166883
v -0.613671 1.586229 -0.126795
v -0.587160 1.586657 -0.131757
v -0.671277 1.543938 -0.152642
v -0.704162 1.484696 0.014610
v -0.688592 1.470032 0.066514
v -0.682142 1.443853 0.065178
v -0.750470 1.035454 -0.056346
v -0.675681 1.061349 -0.085584
v -0.717722 1.082120 -0.027059
v -0.712561 1.015561 -0.117975
v -0.873820 1.137828 -0.004618
v -0.842755 1.186649 0.014643
v -0.922778 1.189396 -0.030007
v -0.708468 1.058569 -0.299941
v -0.742509 1.103342 -0.340624
v -0.656700 1.103527 -0.267732
v -0.687089 1.149467 -0.314016
v -0.917369 1.322128 -0.182630
v -0.941285 1.268523 -0.259867
v -0.887770 1.317961 -0.249123
v -0.941285 1.268523 -0.259867
v -0.887770 1.317961 -0.249123
v -0.873820 1.137828 -0.004618
v -0.548451 1.207446 -0.085152
v -0.512386 1.125762 0.015796
v -0.510227 1.223702 0.000012
v -0.601646 1.066484 -0.132252
v -0.558653 1.097669 -0.048362
v -0.575668 1.236081 -0.296850
v -0.623849 1.158088 -0.280374
v -0.564036 1.256347 -0.190369
v -0.562490 1.134258 -0.399708
v -0.540972 1.227739 -0.402583
v -0.579339 0.981356 -0.351298
v -0.618906 1.027296 -0.232172
v -0.585265 1.184834 -0.176471
v -0.527405 1.271732 -0.091863
v -0.489631 1.279523 -0.000286
v -0.530406 1.283376 -0.402822
v -0.478801 1.226711 -0.401333
v -0.540972 1.227739 -0.402583
v -0.454390 1.287750 -0.395188
v -0.484383 1.286461 -0.278238
v -0.454390 1.287750 -0.395188
v -0.465905 1.286852 -0.381381
v -0.530406 1.283376 -0.402822
v -0.515466 1.284351 -0.386907
v -0.555387 0.962525 -0.354366
v -0.515466 1.284351 -0.386907
v -0.494127 1.286068 -0.273987
v -0.465905 1.286852 -0.381381
v -0.544717 1.285965 -0.288751
v -0.485699 1.296283 -0.178328
v -0.535060 1.298753 -0.189991
v -0.502578 1.308882 -0.098393
v -0.455793 1.301265 -0.084590
v -0.470260 1.313685 -0.010776
v -0.427780 1.302121 0.005983
v -0.562492 1.282980 -0.292150
v -0.478801 1.226711 -0.401333
v -0.551076 1.299838 -0.192129
v -0.575668 1.236081 -0.296850
v -0.564036 1.256347 -0.190369
v -0.562492 1.282980 -0.292150
v -0.540972 1.227739 -0.402583
v -0.515528 1.312043 -0.094025
v -0.527405 1.271732 -0.091863
v -0.479718 1.317910 -0.000462
v -0.489631 1.279523 -0.000286
v -0.530406 1.283376 -0.402822
v -0.479718 1.317910 -0.000462
v -0.433505 1.264958 0.017331
v -0.414460 1.299432 0.025208
v -0.489631 1.279523 -0.000286
v -0.371029 1.475733 0.031838
v -0.509328 1.304987 -0.254620
v -0.823337 1.226023 0.070770
v -0.937833 0.941411 0.018962
v -0.604268 1.510524 0.080848
v -0.583860 1.564070 0.127699
v -0.412238 1.536515 0.101596
v -0.383714 1.392756 0.063898
v -0.387676 1.497271 -0.206110
v -0.581921 1.669737 -0.107639
v -0.387676 1.497271 -0.206110
v -0.587160 1.586657 -0.131757
v -0.532474 1.660662 -0.196460
v -0.545920 1.574757 -0.183212
v -0.581921 1.669737 -0.107639
v -0.545920 1.574757 -0.183212
v -0.532474 1.660662 -0.196460
v 0.319489 1.957069 -0.225903
v 0.417434 1.892508 -0.094063
v 0.439862 1.895318 -0.103046
v 0.476104 1.815071 0.060824
v 0.336655 1.963347 -0.241969
v 0.182195 2.008803 -0.334793
v 0.172905 2.000207 -0.313994
v -0.336653 1.666792 0.363621
v -0.417433 1.740195 0.216971
v -0.439860 1.734822 0.224699
v -0.319488 1.675634 0.348810
v -0.451827 1.816350 0.061456
v -0.476103 1.815068 0.060828
v -0.182194 1.621337 0.456446
v -0.172904 1.632497 0.436902
v 0.451829 1.816353 0.061452
v 0.439863 1.734825 0.224695
v -0.417435 1.892505 -0.094060
v -0.439862 1.895315 -0.103043
v 0.417436 1.740198 0.216967
v -0.319492 1.957067 -0.225900
v -0.336657 1.963345 -0.241966
v 0.336658 1.666794 0.363618
v 0.319493 1.675636 0.348807
v 0.172910 1.632498 0.436901
v 0.182200 1.621338 0.456444
v -0.172909 2.000206 -0.313993
v -0.182198 2.008801 -0.334792
v 0.000003 1.617349 0.467835
v 0.000003 1.605375 0.489041
v -0.000002 2.015354 -0.344928
v -0.000002 2.024764 -0.367389
v -0.182194 1.571058 0.431825
v 0.000003 1.542284 0.428145
v 0.000003 1.555097 0.464420
v 0.171904 1.557345 0.397391
v 0.182200 1.571059 0.431823
v -0.171898 1.557344 0.397392
v 0.000003 1.506155 0.311530
v -0.182198 2.008801 -0.334792
v -0.000002 1.974485 -0.392010
v -0.182198 1.958523 -0.359413
v -0.000002 2.024764 -0.367389
v 0.182195 2.008803 -0.334793
v 0.182195 1.958524 -0.359415
v -0.336657 1.963345 -0.241966
v -0.336657 1.913067 -0.266587
v -0.439862 1.895315 -0.103043
v -0.476103 1.764790 0.036207
v -0.476103 1.815068 0.060828
v -0.336657 1.913067 -0.266587
v -0.439862 1.845037 -0.127664
v -0.336657 1.963345 -0.241966
v -0.439860 1.734822 0.224699
v -0.336653 1.616514 0.339000
v -0.336653 1.666792 0.363621
v -0.439860 1.684543 0.200078
v -0.182194 1.621337 0.456446
v -0.336653 1.616514 0.339000
v -0.182194 1.571058 0.431825
v -0.336653 1.666792 0.363621
v 0.182200 1.555473 0.463652
v 0.000003 1.555097 0.464420
v 0.182200 1.571059 0.431823
v 0.000003 1.539510 0.496249
v -0.182194 1.555472 0.463654
v -0.182194 1.571058 0.431825
v 0.182200 1.621338 0.456444
v 0.336658 1.616516 0.338997
v 0.336658 1.666794 0.363618
v 0.182200 1.571059 0.431823
v 0.439863 1.734825 0.224695
v 0.476104 1.764793 0.036203
v 0.476104 1.815071 0.060824
v 0.336658 1.616516 0.338997
v 0.439863 1.684546 0.200074
v 0.336658 1.666794 0.363618
v 0.439862 1.895318 -0.103046
v 0.439862 1.845039 -0.127668
v 0.336655 1.913069 -0.266590
v 0.336655 1.963347 -0.241969
v 0.336655 1.963347 -0.241969
v 0.336655 1.913069 -0.266590
v 0.172905 2.047921 -0.290629
v -0.000002 2.015354 -0.344928
v -0.000002 2.063069 -0.321562
v -0.172909 2.047920 -0.290627
v 0.172905 2.000207 -0.313994
v 0.319489 2.004784 -0.202537
v 0.319489 1.957069 -0.225903
v 0.417434 1.940223 -0.070698
v 0.319489 1.957069 -0.225903
v 0.319489 2.004784 -0.202537
v 0.417434 1.892508 -0.094063
v 0.451828 1.864068 0.084818
v 0.451829 1.816353 0.061452
v 0.417436 1.787912 0.240333
v 0.417436 1.740198 0.216967
v 0.319493 1.675636 0.348807
v 0.319493 1.723351 0.372173
v 0.172910 1.680212 0.460266
v 0.319493 1.675636 0.348807
v 0.319493 1.723351 0.372173
v 0.172910 1.632498 0.436901
v 0.000003 1.665064 0.491201
v 0.000003 1.617349 0.467835
v -0.172904 1.632497 0.436902
v -0.172904 1.680211 0.460268
v -0.319488 1.675634 0.348810
v -0.319488 1.723349 0.372176
v -0.417433 1.787910 0.240337
v -0.451827 1.816350 0.061456
v -0.417433 1.740195 0.216971
v -0.319488 1.675634 0.348810
v -0.319488 1.723349 0.372176
v -0.451828 1.864065 0.084821
v -0.417435 1.892505 -0.094060
v -0.417435 1.940220 -0.070694
v -0.319492 1.957067 -0.225900
v -0.319492 2.004782 -0.202534
v -0.319488 1.723349 0.372176
v -0.367744 1.796975 0.221825
v -0.417433 1.787910 0.240337
v -0.281458 1.740099 0.337971
v -0.398045 1.864065 0.084821
v -0.451828 1.864065 0.084821
v -0.172904 1.680211 0.460268
v -0.152323 1.702096 0.415576
v -0.319492 2.004782 -0.202534
v -0.172909 2.000206 -0.313993
v -0.319492 1.957067 -0.225900
v 0.182200 1.621338 0.456444
v 0.182200 1.555473 0.463652
v 0.182200 1.571059 0.431823
v 0.182200 1.605751 0.488274
v 0.000003 1.589789 0.520870
v 0.182200 1.555473 0.463652
v 0.182200 1.605751 0.488274
v -0.182194 1.555472 0.463654
v 0.000003 1.539510 0.496249
v -0.182194 1.605750 0.488275
v -0.182194 1.555472 0.463654
v -0.182194 1.605750 0.488275
v -0.182194 1.621337 0.456446
v -0.182194 1.571058 0.431825
v -0.182194 1.605750 0.488275
v 0.000003 1.589789 0.520870
v 0.000003 1.605375 0.489041
v -0.182194 1.621337 0.456446
v 0.182200 1.605751 0.488274
v 0.182200 1.621338 0.456444
v -0.171903 1.922914 -0.349134
v -0.254903 1.777196 -0.241960
v -0.317633 1.880026 -0.261554
v -0.000002 1.974485 -0.392010
v -0.000002 1.937975 -0.379889
v -0.137953 1.811614 -0.312245
v -0.232293 1.633749 -0.135259
v -0.333046 1.725686 -0.136773
v -0.415006 1.815840 -0.130481
v -0.182198 1.958523 -0.359413
v -0.000001 1.823700 -0.336925
v -0.177790 1.669676 -0.208625
v -0.476103 1.764790 0.036207
v -0.439862 1.845037 -0.127664
v -0.449199 1.740128 0.024130
v -0.336657 1.913067 -0.266587
v -0.360486 1.664926 -0.012696
v -0.333045 1.604167 0.111380
v -0.415005 1.664416 0.178741
v 0.317631 1.880028 -0.261556
v 0.333046 1.725688 -0.136776
v 0.254902 1.777197 -0.241962
v 0.415006 1.815843 -0.130484
v 0.182195 1.958524 -0.359415
v 0.336655 1.913069 -0.266590
v 0.171900 1.922915 -0.349136
v 0.439862 1.845039 -0.127668
v 0.317634 1.600233 0.309810
v 0.171904 1.557345 0.397391
v 0.137955 1.518241 0.286849
v 0.415008 1.664419 0.178737
v 0.439863 1.684546 0.200074
v 0.254905 1.552659 0.216565
v 0.476104 1.764793 0.036203
v 0.336658 1.616516 0.338997
v 0.182200 1.571059 0.431823
v -0.171898 1.557344 0.397392
v -0.336653 1.616514 0.339000
v -0.317630 1.600231 0.309813
v -0.182194 1.571058 0.431825
v -0.439860 1.684543 0.200078
v -0.137950 1.518240 0.286850
v 0.449200 1.740131 0.024126
v 0.360488 1.664929 -0.012699
v -0.254901 1.552657 0.216567
v 0.333048 1.604169 0.111377
v 0.137955 1.518241 0.286849
v -0.476103 1.764790 0.036207
v -0.415005 1.664416 0.178741
v -0.439860 1.684543 0.200078
v -0.449199 1.740128 0.024130
v 0.137951 1.811615 -0.312245
v -0.281461 1.988032 -0.168329
v -0.152323 1.702096 0.415576
v -0.152327 2.026036 -0.245936
v -0.281458 1.740099 0.337971
v -0.000002 2.039381 -0.273189
v 0.152328 1.702097 0.415575
v 0.281459 1.988033 -0.168332
v 0.152324 2.026037 -0.245938
v 0.281462 1.740101 0.337968
v 0.367747 1.796978 0.221822
v 0.000003 1.688752 0.442828
v -0.367746 1.931155 -0.052183
v -0.367744 1.796975 0.221825
v -0.398045 1.864065 0.084821
v 0.367745 1.931158 -0.052186
v 0.398046 1.864068 0.084818
v 0.398046 1.864068 0.084818
v 0.417436 1.787912 0.240333
v 0.451828 1.864068 0.084818
v 0.417434 1.940223 -0.070698
v 0.367745 1.931158 -0.052186
v 0.319489 2.004784 -0.202537
v 0.281459 1.988033 -0.168332
v -0.367746 1.931155 -0.052183
v -0.417435 1.940220 -0.070694
v 0.367747 1.796978 0.221822
v -0.319492 2.004782 -0.202534
v 0.319493 1.723351 0.372173
v 0.281462 1.740101 0.337968
v 0.152328 1.702097 0.415575
v 0.172910 1.680212 0.460266
v -0.281461 1.988032 -0.168329
v -0.172909 2.047920 -0.290627
v 0.000003 1.688752 0.442828
v 0.000003 1.665064 0.491201
v -0.000002 2.063069 -0.321562
v 0.152324 2.026037 -0.245938
v 0.172905 2.047921 -0.290629
v -0.152327 2.026036 -0.245936
v -0.000002 2.039381 -0.273189
v 0.251434 1.591371 -0.048719
v 0.232294 1.633750 -0.135260
v 0.177790 1.669676 -0.208626
v -0.137950 1.518240 0.286850
v -0.096219 1.693681 -0.257647
v 0.096219 1.693682 -0.257648
v 0.000002 1.480630 0.177425
v 0.000003 1.506155 0.311530
v -0.096217 1.489059 0.160211
v -0.177788 1.513064 0.111190
v 0.232295 1.548992 0.037822
v -0.232292 1.548991 0.037824
v 0.177792 1.513065 0.111188
v -0.251432 1.591369 -0.048717
v 0.096221 1.489059 0.160210
v 0.096219 1.693682 -0.257648
v 0.096221 1.489059 0.160210
v -0.000000 1.702111 -0.274861
v 0.177792 1.513065 0.111188
v -0.096217 1.489059 0.160211
v -0.096219 1.693681 -0.257647
v 0.232294 1.633750 -0.135260
v 0.232295 1.548992 0.037822
v 0.177790 1.669676 -0.208626
v 0.251434 1.591371 -0.048719
v -0.177790 1.669676 -0.208625
v 0.000002 1.480630 0.177425
v -0.177788 1.513064 0.111190
v -0.232293 1.633749 -0.135259
v -0.232292 1.548991 0.037824
v -0.251432 1.591369 -0.048717
v -0.000000 1.702111 -0.274861
v 0.285922 2.256483 0.498424
v 0.264286 2.223894 0.472762
v 0.271192 2.263036 0.475995
v 0.269146 2.299634 0.491698
v 0.284087 2.289296 0.512503
v 0.279729 2.221390 0.495525
v 0.294118 2.249591 0.523885
v 0.289062 2.220938 0.521518
v 0.249479 2.188169 0.482490
v 0.103765 2.271516 0.485048
v 0.099103 2.244623 0.489293
v 0.094360 2.248919 0.497850
v 0.119050 2.292748 0.476189
v 0.121913 2.285116 0.469281
v 0.091496 2.256552 0.504758
v 0.090948 2.266358 0.508966
v 0.092798 2.276846 0.509832
v 0.096766 2.286419 0.507226
v 0.102247 2.293619 0.501543
v 0.108406 2.297350 0.493649
v 0.116644 2.255249 0.466814
v 0.111163 2.248049 0.472496
v 0.114306 2.297043 0.484745
v 0.120611 2.264821 0.464207
v 0.122462 2.275309 0.465073
v 0.105003 2.244318 0.480390
v 0.295222 2.242831 0.550644
v 0.292619 2.276383 0.535380
v 0.294163 2.261775 0.558772
v 0.287321 2.226163 0.575931
v 0.291647 2.222570 0.548970
v 0.283341 2.216601 0.578616
v 0.278222 2.194785 0.528640
v 0.193441 2.241395 0.437652
v 0.172087 2.277884 0.442040
v 0.199632 2.276489 0.440551
v 0.204812 2.198524 0.452532
v 0.180165 2.209365 0.446374
v 0.142190 2.257221 0.448730
v 0.145765 2.277482 0.450404
v 0.167031 2.249230 0.439673
v 0.224479 2.309990 0.461740
v 0.226526 2.273391 0.446038
v 0.219619 2.234250 0.442804
v 0.134525 2.238727 0.453766
v 0.156191 2.223077 0.446794
v 0.271192 2.263036 0.475995
v 0.264286 2.223894 0.472762
v 0.250933 2.268803 0.458127
v 0.228454 2.191294 0.464851
v 0.243783 2.228280 0.454780
v 0.269146 2.299634 0.491698
v 0.266454 2.189359 0.504247
v 0.116644 2.255249 0.466814
v 0.120611 2.264821 0.464207
v 0.122462 2.275309 0.465073
v 0.248815 2.306693 0.474384
v 0.289159 2.236661 0.576876
v 0.276343 2.231504 0.600794
v 0.287321 2.226163 0.575931
v 0.281325 2.220894 0.585006
v 0.295222 2.242831 0.550644
v 0.141217 2.203407 0.462320
v 0.123937 2.224818 0.464744
v 0.111163 2.248049 0.472496
v 0.161826 2.185273 0.465389
v 0.207278 2.163476 0.486808
v 0.249479 2.188169 0.482490
v 0.283982 2.204077 0.554006
v 0.248115 2.165268 0.523262
v 0.184358 2.171653 0.473741
v 0.273394 2.190167 0.564984
v 0.263249 2.175114 0.544166
v 0.246421 2.164921 0.565732
v 0.277860 2.209401 0.584299
v 0.281325 2.220894 0.585006
v 0.277296 2.217626 0.590438
v 0.261495 2.182959 0.580234
v 0.124390 2.193213 0.483887
v 0.207278 2.163476 0.486808
v 0.249479 2.188169 0.482490
v 0.229024 2.161297 0.503699
v 0.183480 2.149059 0.517307
v 0.184358 2.171653 0.473741
v 0.228454 2.191294 0.464851
v 0.266454 2.189359 0.504247
v 0.248115 2.165268 0.523262
v 0.112038 2.217610 0.479994
v 0.271701 2.205670 0.592193
v 0.206037 2.147373 0.533159
v 0.123937 2.224818 0.464744
v 0.112038 2.217610 0.479994
v 0.268815 2.213275 0.601010
v 0.265801 2.205975 0.601096
v 0.273434 2.215315 0.595404
v 0.250097 2.183550 0.597434
v 0.161371 2.157728 0.503201
v 0.161826 2.185273 0.465389
v 0.121473 2.173811 0.521592
v 0.141216 2.172788 0.491802
v 0.141217 2.203407 0.462320
v 0.108270 2.194047 0.508210
v 0.124390 2.193213 0.483887
v 0.227505 2.152783 0.549676
v 0.207762 2.153805 0.579466
v 0.246421 2.164921 0.565732
v 0.230301 2.165755 0.590056
v 0.263249 2.175114 0.544166
v 0.184017 2.148513 0.566385
v 0.139350 2.158869 0.536428
v 0.261495 2.182959 0.580234
v 0.250097 2.183550 0.597434
v 0.124390 2.193213 0.483887
v 0.100640 2.218201 0.497194
v 0.108270 2.194047 0.508210
v 0.091477 2.226500 0.513724
v 0.160683 2.150240 0.551706
v 0.105602 2.188185 0.550224
v 0.166315 2.164546 0.598320
v 0.121649 2.174901 0.568362
v 0.217342 2.177492 0.613434
v 0.261057 2.210271 0.609653
v 0.191891 2.168179 0.608097
v 0.085945 2.241244 0.527069
v 0.265801 2.205975 0.601096
v 0.240933 2.191849 0.613964
v 0.250097 2.183550 0.597434
v 0.261057 2.210271 0.609653
v 0.235401 2.206593 0.627309
v 0.209519 2.198344 0.632307
v 0.217342 2.177492 0.613434
v 0.230301 2.165755 0.590056
v 0.121473 2.173811 0.521592
v 0.095311 2.205784 0.531588
v 0.105602 2.188185 0.550224
v 0.087488 2.226636 0.550461
v 0.142357 2.166838 0.584767
v 0.131292 2.196327 0.611458
v 0.182309 2.193717 0.631212
v 0.191891 2.168179 0.608097
v 0.180475 2.226531 0.645291
v 0.261057 2.210271 0.609653
v 0.268815 2.213275 0.601010
v 0.258194 2.217903 0.616561
v 0.257646 2.227710 0.620769
v 0.096020 2.213723 0.573339
v 0.121649 2.174901 0.568362
v 0.110961 2.203385 0.594144
v 0.085989 2.253428 0.561956
v 0.094186 2.246536 0.587417
v 0.155628 2.193030 0.624101
v 0.166315 2.164546 0.598320
v 0.208021 2.225136 0.643802
v 0.084885 2.260189 0.535198
v 0.131292 2.196327 0.611458
v 0.142357 2.166838 0.584767
v 0.110961 2.203385 0.594144
v 0.186667 2.261624 0.648190
v 0.237917 2.245799 0.637111
v 0.213076 2.253789 0.646169
v 0.234342 2.225537 0.635437
v 0.259496 2.238198 0.621635
v 0.091045 2.282082 0.564323
v 0.100378 2.281630 0.590316
v 0.108915 2.239985 0.609847
v 0.110961 2.203385 0.594144
v 0.129174 2.234217 0.627714
v 0.115821 2.279126 0.613080
v 0.153581 2.229628 0.639804
v 0.160488 2.268770 0.643037
v 0.259496 2.238198 0.621635
v 0.108915 2.239985 0.609847
v 0.115821 2.279126 0.613080
v 0.136324 2.274739 0.631062
v 0.234342 2.225537 0.635437
v 0.258194 2.217903 0.616561
v 0.257646 2.227710 0.620769
v 0.235401 2.206593 0.627309
v 0.261057 2.210271 0.609653
v 0.175295 2.304496 0.633309
v 0.088460 2.280450 0.536871
v 0.263464 2.247771 0.619028
v 0.245582 2.264292 0.632076
v 0.113653 2.313660 0.581594
v 0.223916 2.279943 0.639047
v 0.199942 2.293655 0.639468
v 0.101885 2.308234 0.557202
v 0.096125 2.298943 0.531836
v 0.267083 2.243199 0.613904
v 0.130629 2.314851 0.603352
v 0.106713 2.312852 0.520858
v 0.116859 2.327905 0.541676
v 0.131992 2.337752 0.562579
v 0.238890 2.299613 0.623522
v 0.160488 2.268770 0.643037
v 0.151653 2.311725 0.620991
v 0.136324 2.274739 0.631062
v 0.115821 2.279126 0.613080
v 0.175295 2.304496 0.633309
v 0.172829 2.339543 0.599034
v 0.130629 2.314851 0.603352
v 0.151083 2.341722 0.582143
v 0.195749 2.331366 0.612101
v 0.199942 2.293655 0.639468
v 0.218281 2.317746 0.620453
v 0.196627 2.353960 0.568535
v 0.256170 2.278202 0.621098
v 0.133686 2.338099 0.520110
v 0.118612 2.320060 0.505608
v 0.113653 2.313660 0.581594
v 0.174070 2.355647 0.552683
v 0.218736 2.345292 0.582641
v 0.223916 2.279943 0.639047
v 0.238890 2.299613 0.623522
v 0.238891 2.330231 0.594040
v 0.268944 2.254970 0.613346
v 0.245582 2.264292 0.632076
v 0.263464 2.247771 0.619028
v 0.271584 2.246598 0.608867
v 0.275557 2.248750 0.603748
v 0.267083 2.243199 0.613904
v 0.259496 2.238198 0.621635
v 0.131992 2.337752 0.562579
v 0.152602 2.350237 0.536166
v 0.256170 2.278202 0.621098
v 0.275104 2.258702 0.605451
v 0.258634 2.329209 0.564250
v 0.240757 2.344151 0.549414
v 0.255717 2.309807 0.601955
v 0.271838 2.308972 0.577631
v 0.279721 2.250993 0.597718
v 0.268069 2.285409 0.605848
v 0.149806 2.337265 0.495786
v 0.133686 2.338099 0.520110
v 0.116859 2.327905 0.541676
v 0.196090 2.354506 0.519456
v 0.219424 2.352779 0.534136
v 0.256170 2.278202 0.621098
v 0.268069 2.285409 0.605848
v 0.130011 2.319470 0.488408
v 0.172345 2.349215 0.506376
v 0.188216 2.334840 0.477744
v 0.258458 2.328118 0.517479
v 0.237750 2.336182 0.501075
v 0.213792 2.338474 0.487522
v 0.149806 2.337265 0.495786
v 0.139174 2.311171 0.471878
v 0.281004 2.258396 0.596549
v 0.288630 2.276520 0.572118
v 0.279467 2.284819 0.588648
v 0.285747 2.254100 0.587992
v 0.274505 2.314835 0.535617
v 0.271838 2.308972 0.577631
v 0.255717 2.309807 0.601955
v 0.284796 2.297235 0.554254
v 0.258634 2.329209 0.564250
v 0.139174 2.311171 0.471878
v 0.130011 2.319470 0.488408
v 0.162765 2.325528 0.472408
v 0.170588 2.304676 0.453535
v 0.144706 2.296427 0.458533
v 0.149806 2.337265 0.495786
v 0.172345 2.349215 0.506376
v 0.188216 2.334840 0.477744
v 0.274505 2.314835 0.535617
v 0.213792 2.338474 0.487522
v 0.197798 2.309302 0.454629
v 0.237750 2.336182 0.501075
v 0.258458 2.328118 0.517479
v 0.258458 2.328118 0.517479
v 0.121913 2.285116 0.469281
v 0.119050 2.292748 0.476189
v 0.288611 2.246468 0.581084
v 0.294163 2.261775 0.558772
v 0.285747 2.254100 0.587992
v 0.275557 2.248750 0.603748
v 0.271584 2.246598 0.608867
v 0.259496 2.238198 0.621635
v 0.279721 2.250993 0.597718
v 0.273434 2.215315 0.595404
v 0.277296 2.217626 0.590438
v -0.264284 2.223892 0.472764
v -0.285920 2.256481 0.498426
v -0.271191 2.263034 0.475998
v -0.279728 2.221388 0.495528
v -0.249477 2.188167 0.482492
v -0.266452 2.189357 0.504249
v -0.294116 2.249590 0.523888
v -0.103763 2.271515 0.485049
v -0.120610 2.264820 0.464208
v -0.122460 2.275308 0.465074
v -0.116642 2.255248 0.466815
v -0.121912 2.285115 0.469282
v -0.119048 2.292747 0.476190
v -0.145764 2.277481 0.450406
v -0.295220 2.242829 0.550646
v -0.289060 2.220936 0.521521
v -0.291645 2.222568 0.548973
v -0.287319 2.226161 0.575934
v -0.278220 2.194783 0.528642
v -0.283980 2.204075 0.554008
v -0.283338 2.216599 0.578619
v -0.199631 2.276487 0.440553
v -0.224478 2.309988 0.461742
v -0.197797 2.309301 0.454631
v -0.193439 2.241394 0.437653
v -0.219618 2.234248 0.442806
v -0.172086 2.277883 0.442041
v -0.142189 2.257220 0.448732
v -0.167030 2.249229 0.439674
v -0.180163 2.209363 0.446375
v -0.204810 2.198522 0.452534
v -0.134524 2.238726 0.453767
v -0.156190 2.223076 0.446796
v -0.264284 2.223892 0.472764
v -0.228452 2.191293 0.464853
v -0.249477 2.188167 0.482492
v -0.271191 2.263034 0.475998
v -0.250932 2.268801 0.458129
v -0.243782 2.228278 0.454782
v -0.226525 2.273390 0.446040
v -0.248814 2.306691 0.474386
v -0.289157 2.236659 0.576878
v -0.287319 2.226161 0.575934
v -0.276340 2.231502 0.600797
v -0.281322 2.220892 0.585008
v -0.295220 2.242829 0.550646
v -0.141216 2.203406 0.462321
v -0.111161 2.248048 0.472497
v -0.123936 2.224817 0.464745
v -0.161824 2.185272 0.465390
v -0.184356 2.171652 0.473743
v -0.273392 2.190165 0.564986
v -0.277858 2.209399 0.584301
v -0.263246 2.175112 0.544168
v -0.261492 2.182957 0.580236
v -0.271698 2.205668 0.592195
v -0.281322 2.220892 0.585008
v -0.141214 2.172787 0.491803
v -0.124388 2.193212 0.483887
v -0.207276 2.163475 0.486810
v -0.249477 2.188167 0.482492
v -0.228452 2.191293 0.464853
v -0.229022 2.161296 0.503700
v -0.266452 2.189357 0.504249
v -0.183477 2.149058 0.517309
v -0.206035 2.147371 0.533160
v -0.105002 2.244317 0.480391
v -0.112037 2.217609 0.479995
v -0.184356 2.171652 0.473743
v -0.204810 2.198522 0.452534
v -0.161368 2.157727 0.503202
v -0.248112 2.165266 0.523265
v -0.278220 2.194783 0.528642
v -0.227502 2.152781 0.549677
v -0.263246 2.175112 0.544168
v -0.246418 2.164919 0.565734
v -0.277293 2.217624 0.590440
v -0.273431 2.215313 0.595407
v -0.103763 2.271515 0.485049
v -0.105002 2.244317 0.480391
v -0.111161 2.248048 0.472497
v -0.108405 2.297349 0.493650
v -0.102245 2.293618 0.501543
v -0.096765 2.286418 0.507226
v -0.114305 2.297043 0.484746
v -0.092797 2.276845 0.509833
v -0.119048 2.292747 0.476190
v -0.090946 2.266357 0.508966
v -0.091495 2.256551 0.504759
v -0.094358 2.248919 0.497851
v -0.099101 2.244623 0.489294
v -0.116642 2.255248 0.466815
v -0.250094 2.183548 0.597436
v -0.265798 2.205974 0.601098
v -0.268812 2.213274 0.601012
v -0.161824 2.185272 0.465390
v -0.141214 2.172787 0.491803
v -0.121471 2.173810 0.521593
v -0.139347 2.158868 0.536429
v -0.207759 2.153803 0.579467
v -0.230298 2.165754 0.590058
v -0.160680 2.150239 0.551707
v -0.184014 2.148512 0.566387
v -0.273392 2.190165 0.564986
v -0.261492 2.182957 0.580236
v -0.250094 2.183548 0.597436
v -0.124388 2.193212 0.483887
v -0.100638 2.218200 0.497194
v -0.108268 2.194047 0.508211
v -0.112037 2.217609 0.479995
v -0.091475 2.226499 0.513725
v -0.141214 2.172787 0.491803
v -0.095309 2.205784 0.531589
v -0.166312 2.164544 0.598321
v -0.121646 2.174900 0.568363
v -0.142354 2.166837 0.584768
v -0.217339 2.177490 0.613435
v -0.261055 2.210269 0.609655
v -0.191888 2.168178 0.608099
v -0.121471 2.173810 0.521593
v -0.105600 2.188184 0.550225
v -0.240931 2.191847 0.613966
v -0.235398 2.206592 0.627311
v -0.261055 2.210269 0.609655
v -0.209516 2.198342 0.632308
v -0.265798 2.205974 0.601098
v -0.250094 2.183548 0.597436
v -0.217339 2.177490 0.613435
v -0.085943 2.241243 0.527070
v -0.087485 2.226635 0.550462
v -0.139347 2.158868 0.536429
v -0.096018 2.213722 0.573340
v -0.230298 2.165754 0.590058
v -0.121646 2.174900 0.568363
v -0.110959 2.203385 0.594145
v -0.131289 2.196326 0.611459
v -0.142354 2.166837 0.584768
v -0.180472 2.226530 0.645293
v -0.208018 2.225134 0.643803
v -0.191888 2.168178 0.608099
v -0.182306 2.193716 0.631214
v -0.166312 2.164544 0.598321
v -0.155625 2.193029 0.624103
v -0.084883 2.260188 0.535198
v -0.261055 2.210269 0.609655
v -0.268812 2.213274 0.601012
v -0.258191 2.217901 0.616563
v -0.257643 2.227708 0.620771
v -0.085987 2.253427 0.561957
v -0.094183 2.246536 0.587418
v -0.108912 2.239984 0.609848
v -0.129171 2.234216 0.627715
v -0.142354 2.166837 0.584768
v -0.131289 2.196326 0.611459
v -0.234339 2.225536 0.635439
v -0.153578 2.229627 0.639805
v -0.186664 2.261623 0.648192
v -0.213073 2.253788 0.646170
v -0.237914 2.245797 0.637113
v -0.259493 2.238197 0.621637
v -0.091043 2.282081 0.564324
v -0.088458 2.280449 0.536872
v -0.100375 2.281629 0.590317
v -0.115819 2.279125 0.613081
v -0.136321 2.274738 0.631063
v -0.160485 2.268769 0.643038
v -0.259493 2.238197 0.621637
v -0.129171 2.234216 0.627715
v -0.136321 2.274738 0.631063
v -0.234339 2.225536 0.635439
v -0.258191 2.217901 0.616563
v -0.235398 2.206592 0.627311
v -0.257643 2.227708 0.620771
v -0.261055 2.210269 0.609655
v -0.175293 2.304494 0.633311
v -0.199940 2.293654 0.639470
v -0.245579 2.264291 0.632078
v -0.263461 2.247769 0.619031
v -0.130626 2.314851 0.603353
v -0.113652 2.313659 0.581595
v -0.223913 2.279941 0.639049
v -0.101883 2.308234 0.557203
v -0.096123 2.298942 0.531837
v -0.267080 2.243197 0.613906
v -0.106712 2.312851 0.520858
v -0.116857 2.327904 0.541677
v -0.268942 2.254968 0.613348
v -0.238887 2.299611 0.623524
v -0.256167 2.278200 0.621100
v -0.160485 2.268769 0.643038
v -0.151651 2.311724 0.620992
v -0.175293 2.304494 0.633311
v -0.136321 2.274738 0.631063
v -0.115819 2.279125 0.613081
v -0.172827 2.339542 0.599035
v -0.195747 2.331365 0.612102
v -0.130626 2.314851 0.603353
v -0.151081 2.341721 0.582144
v -0.196626 2.353959 0.568536
v -0.218735 2.345290 0.582642
v -0.199940 2.293654 0.639470
v -0.133685 2.338098 0.520111
v -0.118611 2.320059 0.505609
v -0.113652 2.313659 0.581595
v -0.223913 2.279941 0.639049
v -0.218279 2.317745 0.620455
v -0.238887 2.299611 0.623524
v -0.238889 2.330230 0.594042
v -0.255715 2.309805 0.601957
v -0.268942 2.254968 0.613348
v -0.271581 2.246596 0.608870
v -0.263461 2.247769 0.619031
v -0.275554 2.248748 0.603750
v -0.267080 2.243197 0.613906
v -0.259493 2.238197 0.621637
v -0.131991 2.337751 0.562581
v -0.101883 2.308234 0.557203
v -0.116857 2.327904 0.541677
v -0.240756 2.344149 0.549416
v -0.258632 2.329207 0.564252
v -0.271836 2.308970 0.577634
v -0.268066 2.285408 0.605850
v -0.275101 2.258700 0.605454
v -0.256167 2.278200 0.621100
v -0.281002 2.258394 0.596551
v -0.279718 2.250991 0.597720
v -0.152601 2.350236 0.536168
v -0.149805 2.337263 0.495787
v -0.172344 2.349214 0.506378
v -0.133685 2.338098 0.520111
v -0.130009 2.319469 0.488409
v -0.219423 2.352778 0.534137
v -0.196089 2.354505 0.519458
v -0.174069 2.355646 0.552685
v -0.256167 2.278200 0.621100
v -0.268066 2.285408 0.605850
v -0.188215 2.334839 0.477746
v -0.213791 2.338473 0.487523
v -0.237749 2.336180 0.501077
v -0.258457 2.328116 0.517481
v -0.130009 2.319469 0.488409
v -0.279465 2.284817 0.588651
v -0.285745 2.254098 0.587994
v -0.288628 2.276518 0.572120
v -0.255715 2.309805 0.601957
v -0.271836 2.308970 0.577634
v -0.118611 2.320059 0.505609
v -0.294160 2.261774 0.558775
v -0.284794 2.297233 0.554256
v -0.258632 2.329207 0.564252
v -0.292618 2.276381 0.535383
v -0.162764 2.325526 0.472410
v -0.130009 2.319469 0.488409
v -0.139173 2.311170 0.471879
v -0.172344 2.349214 0.506378
v -0.149805 2.337263 0.495787
v -0.170588 2.304675 0.453537
v -0.274503 2.314833 0.535620
v -0.284085 2.289294 0.512505
v -0.240756 2.344149 0.549416
v -0.144705 2.296426 0.458534
v -0.114305 2.297043 0.484746
v -0.258457 2.328116 0.517481
v -0.248814 2.306691 0.474386
v -0.269144 2.299632 0.491700
v -0.188215 2.334839 0.477746
v -0.213791 2.338473 0.487523
v -0.237749 2.336180 0.501077
v -0.250932 2.268801 0.458129
v -0.237749 2.336180 0.501077
v -0.288608 2.246466 0.581086
v -0.294160 2.261774 0.558775
v -0.285745 2.254098 0.587994
v -0.275554 2.248748 0.603750
v -0.271581 2.246596 0.608870
v -0.259493 2.238197 0.621637
v -0.279718 2.250991 0.597720
v -0.273431 2.215313 0.595407
v -0.277293 2.217624 0.590440
v 0.000002 2.048091 0.561825
v 0.090000 2.052657 0.449714
v 0.090000 2.048092 0.561824
v 0.090000 2.084015 0.668202
v 0.000002 2.084015 0.668202
v -0.089997 2.052656 0.449715
v 0.000001 2.052656 0.449714
v 0.157499 2.088860 0.577154
v 0.139999 2.106081 0.651935
v -0.089998 2.102481 0.376813
v 0.000001 2.102481 0.376813
v 0.089999 2.102481 0.376812
v 0.157498 2.103319 0.467648
v 0.157498 2.146043 0.387084
v -0.089997 2.048091 0.561825
v -0.089996 2.084014 0.668203
v -0.098267 2.023192 0.005024
v -0.112305 2.127712 0.129071
v -0.098267 2.181716 0.070239
v -0.098267 1.832403 -0.049599
v -0.112305 1.986240 0.073477
v -0.112304 1.814529 0.024418
v -0.098266 1.949288 0.141930
v -0.098266 1.796655 0.098435
v -0.098267 2.141701 0.238833
v -0.112305 2.208706 0.197736
v -0.098267 2.073707 0.187902
v 0.000000 2.165213 0.311096
v 0.060383 2.148890 0.290244
v 0.073076 2.165213 0.311095
v -0.060383 2.148889 0.290244
v 0.000000 2.148890 0.290244
v 0.098267 2.141702 0.238832
v 0.105671 2.174215 0.282482
v -0.056152 2.119366 0.252531
v 0.000000 2.119366 0.252531
v 0.056153 2.119366 0.252531
v 0.127882 2.192191 0.306616
v 0.073076 2.165213 0.311095
v 0.105671 2.174215 0.282482
v 0.060383 2.148890 0.290244
v 0.085768 2.154392 0.333735
v 0.127882 2.192191 0.306616
v 0.150094 2.186007 0.333920
v 0.000000 2.154391 0.333735
v 0.073076 2.165213 0.311095
v 0.000000 2.165213 0.311096
v -0.085767 2.154391 0.333735
v -0.073075 2.165212 0.311096
v 0.000001 1.936970 0.164747
v 0.056153 1.790697 0.123107
v 0.056153 1.936971 0.164747
v 0.056153 2.055706 0.207513
v 0.000000 2.055706 0.207513
v 0.000001 1.790697 0.123107
v 0.098267 1.949288 0.141929
v -0.056152 1.936970 0.164747
v 0.098267 1.796655 0.098435
v 0.098267 2.073708 0.187902
v -0.000001 2.035510 -0.017795
v 0.056152 2.199718 0.050627
v 0.056152 2.035510 -0.017795
v -0.000000 1.838361 -0.074272
v -0.056153 2.035510 -0.017794
v 0.056152 1.838362 -0.074272
v -0.056153 1.838361 -0.074271
v -0.098267 1.832403 -0.049599
v -0.000001 2.199718 0.050628
v -0.098267 2.023192 0.005024
v -0.056153 2.199718 0.050628
v -0.098267 2.181716 0.070239
v -0.098267 2.275711 0.156640
v -0.056153 2.298047 0.142941
v -0.000001 2.298047 0.142941
v 0.056152 2.298047 0.142940
v 0.098267 1.949288 0.141929
v 0.112305 1.814530 0.024417
v 0.112305 1.986240 0.073476
v 0.098267 1.796655 0.098435
v 0.098267 1.832404 -0.049600
v 0.098267 2.073708 0.187902
v 0.098266 2.023193 0.005023
v 0.112305 2.127712 0.129070
v 0.098266 2.181717 0.070238
v 0.098267 2.141702 0.238832
v 0.150094 2.186007 0.333920
v 0.171535 2.280856 0.334479
v 0.179997 2.276727 0.417900
v 0.127882 2.354058 0.279740
v 0.150093 2.375704 0.335037
v 0.127882 2.192191 0.306616
v 0.146151 2.273125 0.293178
v 0.157498 2.146043 0.387084
v 0.157497 2.407411 0.448716
v 0.179998 2.255306 0.521451
v 0.157498 2.103319 0.467648
v 0.157498 2.333466 0.669133
v 0.179998 2.211163 0.623143
v 0.157499 2.088860 0.577154
v 0.157498 2.407293 0.575254
v -0.000001 2.381036 0.275261
v 0.060383 2.351489 0.228150
v -0.000001 2.351489 0.228150
v -0.060384 2.351489 0.228150
v -0.073076 2.381035 0.275261
v -0.127882 2.354058 0.279741
v -0.105671 2.326164 0.235912
v -0.150094 2.375703 0.335038
v -0.073076 2.381035 0.275261
v -0.127882 2.354058 0.279741
v -0.089998 2.450971 0.458988
v -0.085768 2.407319 0.335224
v -0.000000 2.407320 0.335224
v -0.000001 2.381036 0.275261
v -0.000000 2.450972 0.458988
v 0.085767 2.407320 0.335223
v 0.073075 2.381036 0.275261
v 0.120766 2.250189 0.259196
v 0.105670 2.326164 0.235911
v 0.105671 2.174215 0.282482
v 0.098266 2.275712 0.156639
v -0.105671 2.326164 0.235912
v -0.120766 2.250188 0.259197
v -0.146151 2.273124 0.293179
v -0.098267 2.275711 0.156640
v -0.127882 2.192190 0.306617
v -0.127882 2.354058 0.279741
v -0.171535 2.280855 0.334480
v -0.150094 2.375703 0.335038
v -0.105670 2.174214 0.282483
v -0.150093 2.186007 0.333922
v -0.179996 2.276726 0.417901
v -0.157496 2.146042 0.387085
v -0.157497 2.407410 0.448717
v -0.179996 2.255305 0.521453
v -0.157497 2.407292 0.575256
v -0.157496 2.333464 0.669134
v -0.157496 2.088858 0.577155
v -0.179995 2.211162 0.623145
v -0.157496 2.103318 0.467649
v 0.000001 2.102481 0.376813
v -0.085767 2.154391 0.333735
v 0.000000 2.154391 0.333735
v 0.085768 2.154392 0.333735
v 0.089999 2.102481 0.376812
v 0.157498 2.146043 0.387084
v 0.150094 2.186007 0.333920
v 0.089999 2.457955 0.593189
v 0.089998 2.450972 0.458988
v 0.000000 2.457955 0.593189
v -0.157497 2.407410 0.448717
v -0.089998 2.457955 0.593190
v -0.157497 2.407292 0.575256
v -0.089997 2.374233 0.684463
v 0.000002 2.255051 0.729229
v -0.089997 2.255051 0.729229
v -0.089996 2.155656 0.723907
v 0.000002 2.155657 0.723906
v -0.157496 2.333464 0.669134
v -0.139996 2.254571 0.706311
v -0.157495 2.169532 0.698716
v -0.139996 2.106079 0.651936
v -0.089996 2.084014 0.668203
v 0.000002 2.084015 0.668202
v 0.090000 2.255052 0.729228
v 0.090000 2.084015 0.668202
v 0.090000 2.155657 0.723906
v 0.000000 2.457955 0.593189
v 0.000001 2.374233 0.684463
v -0.157496 2.333464 0.669134
v -0.089997 2.374233 0.684463
v 0.000001 2.374233 0.684463
v 0.090000 2.374233 0.684463
v 0.139999 2.106081 0.651935
v 0.139999 2.254572 0.706310
v 0.157499 2.169533 0.698715
v -0.157495 2.169532 0.698716
v -0.139996 2.254571 0.706311
v -0.139996 2.106079 0.651936
v 0.112305 2.208707 0.197735
v -0.105671 2.326164 0.235912
v -0.056153 2.298047 0.142941
v -0.098267 2.275711 0.156640
v -0.060384 2.351489 0.228150
v -0.098267 2.141701 0.238833
v -0.098267 2.073707 0.187902
v -0.056152 2.055706 0.207513
v -0.098266 1.949288 0.141930
v -0.073075 2.165212 0.311096
v -0.060383 2.148889 0.290244
v -0.098267 2.141701 0.238833
v -0.056152 2.119366 0.252531
v -0.105670 2.174214 0.282483
v -0.073075 2.165212 0.311096
v -0.127882 2.192190 0.306617
v 0.098266 2.275712 0.156639
v 0.098266 2.181717 0.070238
v 0.073075 2.381036 0.275261
v 0.127882 2.354058 0.279740
v 0.105670 2.326164 0.235911
v 0.157498 2.407293 0.575254
v 0.090000 2.374233 0.684463
v 0.157498 2.333466 0.669133
v 0.157497 2.407411 0.448716
v 0.139999 2.254572 0.706310
v 0.157498 2.333466 0.669133
v 0.157499 2.169533 0.698715
v 0.139999 2.106081 0.651935
v 0.150093 2.375704 0.335037
v -0.157496 2.146042 0.387085
v -0.150093 2.186007 0.333922
v -0.127882 2.192190 0.306617
v -0.157496 2.103318 0.467649
v -0.089998 2.102481 0.376813
v -0.157496 2.088858 0.577155
v 0.150093 2.375704 0.335037
v 0.085767 2.407320 0.335223
v 0.098267 1.832404 -0.049600
v 0.098266 2.023193 0.005023
v -0.056152 1.790697 0.123108
v -0.098266 1.796655 0.098435
v -0.139996 2.106079 0.651936
v -0.000292 2.307531 0.620351
v -0.042481 2.252370 0.544403
v -0.042481 2.307531 0.620351
v -0.000292 2.252371 0.544403
v 0.041896 2.307532 0.620351
v 0.041896 2.252371 0.544403
v -0.000292 2.252371 0.544403
v -0.000292 2.132567 0.519038
v -0.042481 2.252370 0.544403
v 0.041896 2.132567 0.519038
v -0.042481 2.132567 0.519038
v -0.074122 2.220049 0.569695
v -0.042481 2.132567 0.519038
v -0.065919 2.133575 0.551332
v -0.042481 2.252370 0.544403
v -0.074121 2.047303 0.593189
v -0.065919 2.256245 0.627401
v -0.042481 2.307531 0.620351
v -0.084669 2.123085 0.645570
v -0.074122 2.198867 0.697951
v 0.065334 2.256246 0.627400
v 0.073538 2.220049 0.569694
v 0.041896 2.252371 0.544403
v 0.084085 2.123085 0.645569
v 0.065335 2.133575 0.551331
v 0.041896 2.307532 0.620351
v 0.073538 2.220049 0.569694
v 0.041896 2.132567 0.519038
v 0.041896 2.252371 0.544403
v 0.073538 2.047303 0.593189
v 0.041897 2.022042 0.575729
v 0.065335 2.133575 0.551331
v 0.041896 2.252371 0.544403
v -0.053604 1.952959 0.758507
v -0.078806 2.009420 0.716223
v -0.061220 1.926994 0.725848
v -0.068992 2.063973 0.764966
v -0.068992 1.953879 0.667084
v -0.038950 1.872941 0.708600
v -0.038562 1.895457 0.730185
v -0.053604 1.897081 0.691608
v -0.038562 1.872018 0.693382
v -0.019032 1.844393 0.698634
v -0.030756 1.881845 0.678087
v -0.021963 1.855326 0.685543
v 0.053023 1.897081 0.691608
v 0.068410 1.953879 0.667084
v 0.060639 1.926994 0.725847
v 0.038369 1.872941 0.708599
v 0.037981 1.872018 0.693381
v 0.078224 2.009420 0.716223
v 0.053023 1.952959 0.758506
v 0.068410 2.063973 0.764966
v 0.037981 1.895457 0.730184
v 0.018451 1.844393 0.698634
v 0.021382 1.855326 0.685543
v -0.000292 2.022042 0.575729
v -0.000292 2.132567 0.519038
v 0.041897 2.022042 0.575729
v 0.038967 1.934051 0.650178
v -0.000291 1.933063 0.649783
v -0.042481 2.132567 0.519038
v -0.039549 1.934050 0.650178
v -0.042480 2.022042 0.575729
v 0.041896 2.132567 0.519038
v 0.038967 1.934051 0.650178
v 0.041897 2.022042 0.575729
v 0.068410 1.953879 0.667084
v 0.073538 2.047303 0.593189
v 0.078224 2.009420 0.716223
v 0.068410 1.953879 0.667084
v -0.042480 2.022042 0.575729
v -0.078806 2.009420 0.716223
v -0.068992 1.953879 0.667084
v -0.039549 1.934050 0.650178
v 0.073538 2.198868 0.697950
v 0.038967 2.080841 0.780687
v 0.068410 2.063973 0.764966
v 0.041897 2.224129 0.715411
v 0.041896 2.307532 0.620351
v 0.041896 2.307532 0.620351
v -0.000292 2.224129 0.715411
v 0.041897 2.224129 0.715411
v 0.038967 2.080841 0.780687
v -0.000292 2.307531 0.620351
v -0.039549 2.080841 0.780687
v -0.000291 2.079854 0.780292
v -0.042481 2.307531 0.620351
v -0.042480 2.224128 0.715411
v -0.042480 2.224128 0.715411
v -0.042481 2.307531 0.620351
v -0.039549 2.080841 0.780687
v -0.068992 2.063973 0.764966
v 0.068410 2.063973 0.764966
v -0.068992 2.063973 0.764966
v -0.068992 1.953879 0.667084
v -0.000290 1.863902 0.720985
v 0.018451 1.844393 0.698634
v 0.021382 1.870812 0.723751
v -0.000290 1.836495 0.695472
v -0.021963 1.870812 0.723751
v -0.019032 1.844393 0.698634
v -0.030755 1.956348 0.767285
v -0.038562 1.895457 0.730185
v -0.000291 1.952399 0.765704
v -0.038950 1.872941 0.708600
v -0.053604 1.952959 0.758507
v -0.000290 1.836495 0.695472
v -0.019032 1.844393 0.698634
v -0.000291 1.848415 0.682777
v -0.021963 1.855326 0.685543
v 0.038369 1.872941 0.708599
v 0.037981 1.895457 0.730184
v 0.053023 1.952959 0.758506
v 0.030174 1.956349 0.767285
v -0.000290 1.836495 0.695472
v -0.000291 1.848415 0.682777
v 0.018451 1.844393 0.698634
v 0.021382 1.855326 0.685543
v -0.000291 1.877896 0.676506
v 0.021382 1.855326 0.685543
v -0.000291 1.848415 0.682777
v -0.000291 1.933063 0.649783
v 0.030174 1.881845 0.678087
v -0.030756 1.881845 0.678087
v -0.021963 1.855326 0.685543
v 0.038967 1.934051 0.650178
v 0.053023 1.897081 0.691608
v 0.038967 1.934051 0.650178
v 0.068410 1.953879 0.667084
v 0.030174 1.881845 0.678087
v 0.037981 1.872018 0.693381
v 0.021382 1.855326 0.685543
v -0.053604 1.897081 0.691608
v -0.039549 1.934050 0.650178
v -0.068992 1.953879 0.667084
v -0.039549 1.934050 0.650178
v 0.038967 2.080841 0.780687
v 0.068410 2.063973 0.764966
v -0.000291 2.079854 0.780292
v -0.039549 2.080841 0.780687
v -0.068992 2.063973 0.764966
vn 0.6439 0.3078 -0.7005
vn 0.2806 0.4141 -0.8659
vn 0.2776 0.4417 -0.8531
vn -0.0000 0.3981 -0.9174
vn 0.0001 0.4322 -0.9018
vn 0.6610 0.3221 -0.6777
vn 0.6259 0.3891 -0.6759
vn 0.0004 0.4698 -0.8828
vn 0.2763 0.4201 -0.8644
vn 0.1890 -0.3460 0.9190
vn 0.4141 -0.2771 0.8670
vn 0.4259 -0.2393 0.8725
vn 0.1680 -0.2834 0.9442
vn 0.6593 -0.4389 0.6105
vn 0.0395 -0.3459 0.9374
vn 0.0677 -0.3346 0.9399
vn 0.0567 -0.3213 0.9453
vn 0.2085 -0.4354 0.8758
vn 0.0001 -0.3291 0.9443
vn -0.0000 -0.3454 0.9385
vn -0.0737 -0.3342 0.9396
vn -0.0002 -0.3562 0.9344
vn 0.0629 -0.3207 0.9451
vn -0.0627 -0.3206 0.9451
vn 0.0712 -0.3603 0.9301
vn -0.0079 -0.2302 0.9731
vn 0.1376 -0.2423 0.9604
vn 0.2477 -0.4412 0.8626
vn 0.1534 -0.2301 0.9610
vn 0.2503 -0.2116 0.9448
vn 0.4757 -0.4732 0.7415
vn 0.5565 -0.2832 0.7811
vn 0.8174 -0.2615 0.5133
vn 0.1235 -0.4031 0.9068
vn -0.3057 0.2877 0.9076
vn -0.8043 0.1511 0.5747
vn -0.7335 0.2449 0.6341
vn 0.1890 0.0365 0.9813
vn 0.1461 0.2552 0.9558
vn -0.2079 0.0577 0.9764
vn -0.3922 0.3090 0.8664
vn -0.7044 0.0913 0.7039
vn 0.0639 0.3315 0.9413
vn -0.7644 -0.5151 -0.3877
vn -0.5966 -0.5945 -0.5391
vn -0.7791 -0.5217 -0.3476
vn -0.3128 -0.6023 -0.7345
vn -0.7008 -0.6439 -0.3070
vn -0.2924 -0.6237 -0.7249
vn 0.0777 -0.6276 -0.7747
vn 0.1458 -0.7274 -0.6706
vn 0.0005 -0.6542 -0.7563
vn -0.1320 -0.0597 0.9895
vn 0.1927 -0.0437 0.9803
vn 0.5680 0.0240 0.8227
vn -0.4576 -0.0543 0.8875
vn 0.5921 0.1195 0.7970
vn 0.5642 0.0202 0.8254
vn 0.1548 0.0769 -0.9849
vn 0.0017 0.1037 -0.9946
vn 0.1559 0.2334 -0.9598
vn 0.0015 -0.1663 -0.9861
vn 0.4948 0.2556 -0.8306
vn 0.4918 0.0657 -0.8682
vn 0.5088 0.3964 -0.7641
vn 0.0016 0.2461 -0.9693
vn 0.1936 0.3635 -0.9113
vn -0.1908 0.3636 -0.9118
vn 0.0008 0.3379 -0.9412
vn -0.0057 -1.0000 0.0066
vn -0.0458 -0.9711 -0.2344
vn -0.0053 -0.9521 -0.3058
vn 0.0298 -0.9688 -0.2461
vn 0.0487 -0.9975 0.0505
vn -0.0646 -0.9958 0.0643
vn 0.0950 -0.9533 0.2866
vn -0.0085 -0.9706 0.2406
vn -0.0036 -0.8447 -0.5352
vn 0.0365 -0.8626 -0.5046
vn -0.3218 -0.9294 -0.1808
vn -0.3866 -0.9042 0.1813
vn -0.0027 -0.9241 0.3821
vn -0.0032 -0.6774 -0.7356
vn 0.1153 -0.6796 -0.7245
vn -0.8163 -0.5566 0.1543
vn -0.1040 -0.8054 -0.5835
vn -0.0046 -0.3835 0.9235
vn -0.1996 -0.6885 0.6972
vn -0.0060 -0.6962 0.7179
vn 0.1868 -0.6902 0.6991
vn 0.1616 -0.3888 0.9070
vn -0.0054 -0.3040 0.9526
vn 0.2784 -0.6579 0.6998
vn -0.0296 -0.1949 0.9804
vn 0.2453 -0.3916 0.8869
vn 0.1764 -0.3895 0.9040
vn 0.2122 -0.6882 0.6938
vn -0.0210 0.3295 0.9439
vn 0.1035 0.1187 0.9875
vn 0.1575 -0.3067 0.9387
vn 0.2609 -0.2592 0.9299
vn 0.2549 -0.3320 0.9082
vn 0.2690 -0.1593 0.9499
vn 0.3600 -0.3169 0.8775
vn 0.1590 -0.2883 0.9442
vn 0.1363 -0.3108 0.9407
vn -0.1711 -0.3863 0.9063
vn -0.0071 -0.2848 0.9586
vn 0.9209 0.3851 0.0600
vn 0.9040 0.4106 0.1193
vn 0.8944 0.4416 -0.0708
vn 0.9224 0.3534 0.1562
vn 0.9453 0.2888 -0.1514
vn 0.9304 0.3355 0.1475
vn 0.8648 0.4213 -0.2730
vn 0.7268 0.3173 -0.6091
vn 0.9635 0.2003 -0.1775
vn 0.8596 0.4885 0.1501
vn 0.6682 0.3831 -0.6378
vn 0.7911 0.4261 -0.4389
vn 0.5671 0.4453 -0.6929
vn 0.5764 0.4259 -0.6974
vn 0.8507 0.0148 -0.5255
vn 0.7029 0.2585 -0.6627
vn 0.7837 0.0092 -0.6211
vn 0.1670 -0.2261 -0.9597
vn 0.4485 -0.4896 -0.7478
vn 0.2121 -0.4801 -0.8512
vn 0.4521 -0.3646 -0.8140
vn 0.8387 -0.2768 -0.4691
vn 0.8412 -0.3038 -0.4474
vn 0.5139 -0.4764 -0.7134
vn 0.1098 -0.7024 -0.7033
vn 0.1373 -0.7182 -0.6822
vn -0.2093 -0.4952 -0.8432
vn -0.1585 -0.2362 -0.9587
vn -0.1482 0.0736 -0.9862
vn -0.0019 -0.4102 -0.9120
vn 0.3806 0.1428 0.9137
vn 0.4270 -0.0566 0.9025
vn 0.4949 0.0857 0.8647
vn 0.2263 0.0716 0.9714
vn 0.4636 0.1377 0.8753
vn 0.2133 0.1699 0.9621
vn 0.2144 0.1296 0.9681
vn 0.4986 0.0577 0.8649
vn 0.2724 -0.0919 0.9578
vn 0.3614 -0.1706 0.9167
vn 0.4758 -0.0461 0.8783
vn 0.2639 0.0243 0.9642
vn 0.5987 0.1569 0.7854
vn 0.7836 0.1197 0.6096
vn 0.9293 0.1034 0.3545
vn 0.9455 0.1085 0.3070
vn 0.4257 -0.0077 0.9048
vn 0.6029 0.1319 0.7868
vn 0.4471 0.1051 0.8883
vn 0.9076 0.0748 0.4132
vn -0.0034 -0.6458 -0.7635
vn 0.6601 0.3836 -0.6458
vn 0.2670 0.4239 -0.8655
vn 0.6281 0.4202 -0.6549
vn 0.0008 0.4031 -0.9152
vn -0.2747 0.5285 -0.8033
vn -0.5429 0.5648 -0.6215
vn -0.2000 0.7051 -0.6803
vn -0.2779 0.4414 -0.8532
vn 0.2745 0.5293 -0.8028
vn 0.0005 0.5486 -0.8361
vn -0.2806 0.4139 -0.8660
vn -0.6261 0.3886 -0.6760
vn -0.0109 0.0511 0.9986
vn -0.0146 0.0250 0.9996
vn 0.1352 0.0391 0.9900
vn -0.1593 0.0347 0.9866
vn 0.1367 0.0250 0.9903
vn -0.0136 -0.0790 0.9968
vn 0.0850 -0.0883 0.9925
vn 0.5252 0.0709 0.8480
vn 0.2558 0.0277 0.9663
vn 0.1619 -0.0777 0.9837
vn 0.6905 0.0918 0.7175
vn 0.5685 -0.1067 0.8157
vn 0.1620 0.0277 0.9864
vn 0.1498 0.0447 0.9877
vn 0.8122 -0.0471 0.5814
vn -0.1573 -0.2477 0.9560
vn -0.0737 -0.3615 0.9294
vn 0.6699 -0.4906 0.5573
vn 0.0854 -0.3124 0.9461
vn 0.0737 -0.3342 0.9396
vn -0.0000 -0.3265 0.9452
vn -0.0853 -0.3124 0.9461
vn -0.0980 -0.3080 0.9463
vn 0.9856 0.1321 0.1054
vn 0.8567 -0.2097 0.4713
vn 0.9445 0.1761 0.2774
vn 0.9204 0.3846 0.0712
vn 0.8218 -0.3516 0.4485
vn 0.8889 -0.0189 0.4578
vn 0.9118 0.2832 0.2974
vn 0.1586 0.2976 0.9414
vn 0.3483 -0.2436 0.9052
vn 0.2545 -0.2870 0.9235
vn 0.2746 -0.1916 0.9423
vn 0.1616 -0.1833 0.9697
vn -0.0093 -0.1765 0.9843
vn -0.1666 0.0247 0.9857
vn -0.1104 -0.0866 0.9901
vn 0.0893 -0.1877 0.9782
vn 0.1150 -0.2896 0.9502
vn -0.1299 -0.2880 0.9488
vn -0.2796 0.9574 -0.0716
vn -0.2573 0.9602 -0.1085
vn -0.2542 0.9608 -0.1108
vn -0.1868 0.9791 -0.0800
vn -0.1929 0.9795 -0.0577
vn -0.0814 0.9933 -0.0822
vn -0.0790 0.9946 -0.0680
vn -0.2838 0.9566 -0.0657
vn 0.5751 0.2779 -0.7694
vn 0.7376 0.3095 -0.6000
vn 0.5466 0.0882 -0.8327
vn 0.5023 0.0001 -0.8647
vn 0.5068 -0.1812 -0.8428
vn 0.9943 -0.0535 -0.0926
vn 0.9951 -0.0723 -0.0676
vn 0.8461 -0.2894 -0.4477
vn 0.7414 -0.3413 -0.5778
vn 0.9914 -0.1212 -0.0488
vn 0.8411 -0.2946 -0.4537
vn 0.7061 -0.3636 -0.6076
vn 0.7093 -0.1176 -0.6950
vn 0.4348 -0.0174 -0.9004
vn 0.2452 -0.2374 -0.9400
vn 0.6554 -0.1535 -0.7396
vn 0.0372 0.0412 -0.9985
vn 0.1973 -0.1072 -0.9745
vn 0.7562 0.0676 0.6508
vn 0.2203 -0.9000 0.3761
vn 0.3429 -0.9021 0.2621
vn 0.2996 -0.9074 0.2947
vn 0.2310 -0.8936 0.3848
vn 0.4683 -0.8646 0.1819
vn 0.4657 -0.8661 0.1817
vn 0.3114 -0.8342 0.4552
vn 0.3739 -0.7667 0.5220
vn -0.2756 0.4202 -0.8646
vn -0.0792 0.9898 -0.1186
vn 0.1028 0.9918 -0.0765
vn -0.0940 0.9888 -0.1161
vn -0.1777 0.9759 -0.1263
vn -0.1795 0.9743 -0.1361
vn 0.8462 0.4727 -0.2459
vn 0.4524 -0.6849 0.5713
vn 0.4559 -0.6832 0.5704
vn 0.0324 0.9993 -0.0174
vn -0.0130 0.9999 0.0058
vn -0.0105 -0.9171 0.3984
vn -0.2032 -0.6927 0.6920
vn -0.1941 -0.8990 0.3925
vn 0.1873 -0.6958 0.6934
vn -0.0082 -0.7010 0.7131
vn -0.0095 -0.9553 0.2954
vn 0.1732 -0.9032 0.3926
vn 0.1534 -0.9424 0.2971
vn 0.2403 -0.8089 0.5365
vn 0.1490 -0.9145 0.3760
vn 0.0594 -0.8894 0.4532
vn 0.2347 -0.6513 0.7216
vn 0.2302 -0.8781 0.4195
vn 0.1848 -0.9298 0.3184
vn 0.2291 -0.8951 0.3824
vn -0.0110 -0.3794 0.9252
vn -0.0274 -0.1853 0.9823
vn 0.0026 -0.3126 0.9499
vn 0.0927 -0.3006 0.9492
vn 0.0755 -0.1666 0.9831
vn 0.4320 -0.0177 0.9017
vn 0.2307 -0.0350 0.9724
vn 0.4301 -0.2249 0.8743
vn 0.6333 0.2235 0.7409
vn 0.3863 0.2041 0.8995
vn 0.6677 -0.0299 0.7438
vn 0.1732 -0.2825 0.9435
vn 0.0185 -0.2783 0.9603
vn 0.2216 0.1709 0.9600
vn 0.1059 -0.0872 0.9905
vn 0.0801 0.1332 0.9879
vn -0.0177 -0.0470 0.9987
vn -0.1152 0.1208 0.9860
vn -0.1173 -0.0890 0.9891
vn -0.0461 0.1090 0.9930
vn 0.6369 -0.3148 0.7038
vn 0.8218 -0.0704 0.5654
vn 0.7339 -0.0713 0.6755
vn 0.6923 -0.4635 0.5531
vn 0.7158 0.1175 0.6883
vn 0.7043 -0.3553 0.6146
vn 0.7224 -0.5945 0.3531
vn 0.8529 0.1683 0.4941
vn 0.9254 0.3099 0.2182
vn 0.9165 0.3452 0.2023
vn 0.5437 0.5670 -0.6188
vn 0.7227 0.1564 -0.6732
vn 0.1991 0.7070 -0.6786
vn 0.5176 0.6313 -0.5775
vn -0.2670 0.4242 -0.8653
vn -0.0000 0.7289 -0.6846
vn 0.1834 0.7935 -0.5804
vn -0.1879 0.7900 -0.5836
vn 0.0005 0.8208 -0.5713
vn 0.6934 0.4673 -0.5485
vn 0.7580 0.3841 -0.5271
vn 0.8868 0.4348 -0.1567
vn 0.8884 0.4306 -0.1593
vn 0.7336 0.4503 -0.5091
vn 0.7106 0.4048 -0.5755
vn 0.5263 0.2242 0.8202
vn -0.8484 -0.3094 0.4296
vn -0.8326 0.2488 0.4948
vn -0.7355 -0.1055 0.6692
vn -0.8442 -0.4149 0.3394
vn -0.9438 0.1078 0.3124
vn -0.7378 -0.1071 0.6665
vn -0.8343 0.2672 0.4823
vn -0.4364 0.4362 0.7869
vn -0.3900 0.1908 0.9008
vn 0.0209 0.4010 0.9158
vn 0.0231 0.3013 0.9532
vn -0.7637 -0.1723 0.6221
vn -0.4013 0.2361 0.8850
vn -0.6756 -0.3057 0.6709
vn -0.6508 -0.3535 0.6720
vn -0.8218 -0.3540 0.4464
vn -0.7607 -0.2048 0.6159
vn -0.7022 -0.5296 0.4759
vn -0.8342 -0.4737 0.2822
vn 0.1821 -0.1363 0.9738
vn 0.5939 -0.0771 0.8008
vn -0.1551 -0.1506 0.9763
vn 0.1979 -0.2434 0.9495
vn 0.3451 -0.2416 0.9069
vn -0.9890 0.0474 0.1398
vn -0.9917 0.0787 -0.1014
vn -0.9818 0.1155 0.1505
vn -0.9423 0.0607 0.3294
vn -0.9802 -0.0423 0.1937
vn -0.9249 0.1555 0.3469
vn -0.9797 -0.1848 -0.0774
vn -0.8839 0.0940 0.4582
vn -0.6912 0.0123 0.7226
vn -0.7150 0.2450 0.6548
vn -0.7929 0.1892 0.5792
vn -0.9609 -0.2738 -0.0409
vn -0.8006 -0.4620 -0.3817
vn -0.8006 -0.4733 -0.3674
vn -0.7051 -0.5652 -0.4282
vn 0.9846 -0.1613 -0.0676
vn 0.8984 -0.0681 0.4338
vn 0.9655 -0.2584 -0.0314
vn 0.9140 0.0308 0.4045
vn 0.8973 -0.0092 0.4414
vn 0.9982 -0.0362 0.0488
vn 0.5312 0.2127 0.8201
vn 0.5843 0.1057 0.8046
vn 0.9282 0.0231 -0.3714
vn 0.7974 -0.4265 -0.4269
vn 0.8223 -0.3454 -0.4522
vn 0.4387 -0.6693 -0.5996
vn 0.4563 -0.5482 -0.7009
vn 0.1707 -0.0317 -0.9848
vn -0.3877 0.3648 -0.8465
vn 0.7550 -0.5041 -0.4193
vn 0.4445 -0.6702 -0.5944
vn 0.3841 0.7595 -0.5250
vn -0.1280 0.8267 -0.5478
vn -0.5601 0.7574 -0.3356
vn -0.6076 0.0076 0.7942
vn -0.5001 -0.0699 0.8632
vn -0.9562 0.1764 0.2337
vn -0.8656 0.0578 0.4975
vn 0.9894 -0.1294 -0.0661
vn 0.9872 -0.1571 -0.0275
vn 0.8339 -0.3340 -0.4394
vn 0.9016 0.0695 0.4270
vn 0.8282 -0.3713 -0.4199
vn 0.4916 -0.5400 -0.6832
vn 0.8376 -0.3830 -0.3895
vn 0.5112 -0.5528 -0.6581
vn 0.8408 -0.3478 -0.4147
vn 0.1012 -0.6503 -0.7529
vn 0.1053 -0.6121 -0.7837
vn -0.2565 -0.7151 -0.6502
vn -0.7452 -0.5093 -0.4305
vn -0.6261 -0.7485 -0.2188
vn -0.3201 -0.5909 -0.7405
vn -0.2879 -0.6894 -0.6648
vn -0.0883 -0.8717 -0.4820
vn 0.0981 -0.6208 -0.7778
vn -0.5461 -0.7013 -0.4581
vn -0.8357 0.4993 -0.2289
vn -0.9517 0.3067 0.0135
vn -0.1484 -0.2183 0.9645
vn 0.3396 -0.4567 0.8222
vn 0.8341 -0.3619 -0.4163
vn 0.7830 -0.2808 -0.5551
vn 0.7641 0.1860 0.6177
vn 0.9205 0.0882 0.3806
vn 0.5309 0.2541 0.8085
vn 0.7752 0.1531 0.6129
vn 0.9200 0.0767 0.3844
vn 0.5438 0.0088 0.8392
vn 0.8083 0.0867 0.5823
vn 0.9509 0.0161 0.3092
vn 0.9784 0.2001 -0.0518
vn 0.0743 0.7735 -0.6294
vn -0.1417 0.7945 -0.5905
vn 0.9468 -0.2704 0.1746
vn 0.8313 0.4558 -0.3183
vn 0.5063 0.7095 -0.4902
vn 0.9847 -0.0573 -0.1646
vn 0.8727 0.1856 -0.4516
vn -0.5750 -0.0965 0.8125
vn -0.6430 -0.0555 0.7639
vn -0.5883 -0.0940 0.8031
vn 0.5484 0.0330 0.8356
vn 0.5920 -0.0767 0.8023
vn 0.8502 -0.0677 0.5221
vn -0.8794 -0.2589 0.3996
vn 0.1852 -0.4871 0.8535
vn -0.1712 -0.4989 0.8496
vn -0.5874 -0.4279 0.6869
vn -0.7119 0.6131 -0.3424
vn -0.9962 0.0682 -0.0536
vn -0.4071 0.7339 -0.5437
vn -0.9828 -0.0960 0.1577
vn 0.4450 0.7719 -0.4540
vn 0.4281 0.7180 -0.5489
vn 0.8294 0.4702 -0.3017
vn 0.8555 0.2324 -0.4627
vn 0.4143 0.7286 -0.5455
vn -0.0563 0.5718 -0.8185
vn -0.9026 0.2706 -0.3348
vn -0.9046 0.0048 -0.4261
vn -0.9794 -0.1381 -0.1475
vn -0.6105 0.1424 -0.7791
vn -0.5570 0.4627 -0.6897
vn 0.5775 0.7784 0.2462
vn 0.5728 0.7007 0.4253
vn 0.5690 0.7911 0.2244
vn 0.5715 0.6958 0.4351
vn 0.4492 0.8868 0.1087
vn 0.0437 -0.9826 -0.1804
vn -0.0375 -0.9822 -0.1838
vn 0.0376 -0.9833 -0.1783
vn 0.1426 -0.9680 -0.2065
vn 0.1619 -0.9625 -0.2179
vn 0.2613 -0.9228 -0.2832
vn -0.9619 -0.2708 0.0363
vn 0.3217 -0.7828 -0.5326
vn 0.3316 -0.8424 -0.4247
vn 0.3179 -0.7766 -0.5438
vn 0.1917 -0.6999 -0.6880
vn 0.1678 -0.6906 -0.7035
vn -0.0424 -0.6527 -0.7564
vn 0.2843 -0.9031 -0.3219
vn 0.3320 -0.8526 -0.4035
vn 0.1429 -0.6842 0.7151
vn -0.6144 -0.6305 0.4744
vn -0.1991 -0.7140 0.6713
vn -0.5906 -0.4229 0.6873
vn -0.6086 -0.6418 0.4665
vn -0.8686 -0.4379 0.2318
vn -0.0231 0.9806 0.1945
vn 0.2453 0.9621 0.1190
vn 0.3489 0.9316 0.1021
vn -0.2808 0.9497 0.1386
vn -0.0231 0.9875 0.1562
vn 0.3828 0.9189 0.0950
vn 0.5447 0.8382 0.0262
vn -0.1469 0.9231 0.3555
vn 0.7195 0.6434 0.2615
vn 0.2814 0.9286 0.2420
vn 0.6728 0.7391 0.0320
vn 0.1673 0.9709 0.1714
vn -0.1037 0.9821 0.1573
vn 0.0158 0.9826 0.1849
vn 0.0966 0.2678 -0.9586
vn -0.3874 0.2757 -0.8797
vn 0.0468 0.2481 -0.9676
vn -0.7883 0.1858 -0.5865
vn -0.7920 0.1827 -0.5825
vn -0.3806 0.2806 -0.8811
vn 0.2350 0.1390 -0.9620
vn 0.9808 0.1605 -0.1109
vn 0.9900 0.1066 -0.0923
vn 0.9703 0.0785 -0.2289
vn 0.8599 0.1097 -0.4985
vn 0.8748 0.1882 -0.4464
vn 0.7623 0.1479 -0.6301
vn 0.7484 0.2133 -0.6280
vn 0.8707 -0.0031 -0.4918
vn 0.7679 0.0152 -0.6403
vn 0.7613 0.0307 -0.6476
vn 0.8746 -0.0132 -0.4847
vn 0.9756 0.0156 -0.2189
vn 0.9676 0.0173 -0.2519
vn 0.5321 0.8464 0.0202
vn 0.8815 0.4681 -0.0620
vn 0.4253 0.9010 0.0853
vn 0.9094 0.1266 -0.3963
vn 0.8487 0.3836 -0.3640
vn 0.7427 0.3125 -0.5922
vn 0.8560 0.4369 -0.2763
vn 0.7143 0.4738 -0.5151
vn 0.7263 0.4360 -0.5314
vn -0.6342 0.7007 0.3269
vn -0.5313 0.1924 0.8250
vn -0.5746 0.8141 0.0841
vn 0.8356 0.5114 0.2007
vn 0.8550 0.4327 -0.2858
vn 0.8417 0.3924 -0.3710
vn 0.9671 0.2538 0.0180
vn 0.8754 0.3006 -0.3785
vn 0.9179 0.3727 0.1358
vn 0.7380 0.6365 0.2241
vn 0.8591 0.4979 0.1189
vn 0.7277 0.5588 0.3976
vn 0.7338 0.3420 -0.5870
vn -0.1011 0.2452 -0.9642
vn 0.0883 0.2697 -0.9589
vn -0.1627 0.2373 -0.9577
vn 0.0860 0.2727 -0.9582
vn -0.6106 0.4411 -0.6577
vn -0.1645 0.4941 -0.8537
vn -0.4382 0.5071 -0.7422
vn -0.5679 0.4526 -0.6875
vn -0.5956 0.3983 -0.6976
vn -0.1617 0.4681 -0.8688
vn 0.0414 0.4884 -0.8716
vn -0.0613 0.5187 -0.8527
vn -0.8161 0.3390 -0.4681
vn -0.8895 0.2719 -0.3673
vn -0.4008 0.4932 -0.7720
vn -0.9064 0.0622 0.4178
vn -0.9262 -0.2092 0.3136
vn -0.9613 -0.0424 0.2722
vn -0.5486 0.2544 0.7965
vn -0.7533 -0.3321 0.5677
vn -0.8109 0.5406 0.2242
vn -0.5752 0.5621 0.5943
vn -0.8845 -0.3493 0.3093
vn 0.9892 0.1292 -0.0691
vn 0.9833 0.1473 -0.1068
vn 0.9829 0.1505 -0.1057
vn 0.9867 0.1394 -0.0840
vn 0.9794 0.1520 -0.1328
vn 0.9788 0.1584 -0.1301
vn 0.9919 0.0852 -0.0945
vn -0.0000 -1.0000 -0.0000
vn -0.7605 -0.6416 0.0998
vn -0.7669 -0.6369 0.0794
vn -0.7577 -0.6455 0.0962
vn -0.7658 -0.6390 0.0720
vn -0.7378 -0.6746 0.0236
vn -0.7406 -0.6702 0.0488
vn -0.7667 -0.6410 0.0360
vn -0.0350 -0.9927 -0.1158
vn -0.0384 -0.9942 -0.1000
vn -0.0098 -0.9978 -0.0653
vn -0.1252 -0.9564 -0.2640
vn -0.0191 -0.9614 -0.2743
vn 0.0212 -0.9986 -0.0484
vn 0.0178 -0.9945 -0.1033
vn -0.0006 -0.9994 -0.0336
vn -0.0205 -0.9987 -0.0456
vn 0.0132 -0.9546 -0.2976
vn -0.0025 -0.9552 -0.2959
vn 0.0253 -0.9936 -0.1104
vn 0.0226 -0.9960 -0.0861
vn 0.0575 -0.9919 -0.1130
vn 0.7476 -0.6563 -0.1016
vn 0.7506 -0.6521 0.1067
vn 0.7475 -0.6562 -0.1030
vn 0.7676 -0.6369 -0.0715
vn 0.7640 -0.6408 -0.0752
vn 0.6284 -0.6542 0.4209
vn 0.7440 -0.6441 0.1779
vn -0.1181 -0.8236 0.5547
vn -0.2266 -0.8384 0.4958
vn 0.0654 -0.7746 0.6290
vn 0.0409 -0.7825 0.6213
vn -0.1275 -0.8254 0.5500
vn -0.0087 -0.9994 -0.0322
vn -0.0026 -1.0000 0.0005
vn -0.0167 -0.9998 -0.0075
vn 0.0237 -0.9983 -0.0541
vn -0.0155 -0.9932 -0.1156
vn 0.8749 0.4790 -0.0718
vn 0.9778 0.1618 -0.1332
vn 0.9807 0.1616 -0.1097
vn 0.6716 0.7405 0.0227
vn 0.5324 0.8464 0.0095
vn 0.3439 0.9277 0.1455
vn 0.8939 0.4433 -0.0666
vn 0.9856 0.1515 -0.0746
vn 0.2008 0.1006 -0.9745
vn -0.7770 0.6104 0.1540
vn -0.2833 0.9525 0.1116
vn -0.4075 0.9095 0.0825
vn 0.2927 0.9438 0.1537
vn 0.9730 0.1634 0.1632
vn 0.9687 0.1787 0.1724
vn 0.8060 0.2046 0.5555
vn 0.8117 0.1880 0.5530
vn 0.1389 0.9700 0.1995
vn 0.9666 0.2550 0.0252
vn -0.9954 0.0642 0.0705
vn -0.9898 0.0438 0.1358
vn -0.9919 0.0434 0.1195
vn -0.9977 0.0642 0.0203
vn -0.9957 0.0642 0.0670
vn -0.9964 0.0766 0.0374
vn -0.9977 0.0657 0.0194
vn 0.0430 0.9794 0.1970
vn -0.2395 0.9655 0.1022
vn -0.1416 0.9818 0.1265
vn -0.0284 0.9859 0.1649
vn -0.9164 0.3979 0.0438
vn -0.9956 0.0823 0.0455
vn -0.9944 0.0901 0.0561
vn -0.9932 0.0981 0.0630
vn 0.8762 0.2999 -0.3772
vn 0.8738 0.2287 -0.4292
vn 0.7467 0.2706 -0.6077
vn -0.9414 0.1847 0.2821
vn -0.9609 0.2511 0.1171
vn -0.9125 0.4081 0.0278
vn -0.5548 0.8302 0.0539
vn -0.9975 0.0691 0.0175
vn -0.9954 0.0567 0.0774
vn -0.9983 0.0495 0.0324
vn -0.9826 0.0288 0.1834
vn -0.9945 0.0745 0.0742
vn -0.9943 -0.0086 0.1061
vn -0.9758 0.1517 -0.1573
vn -0.9722 0.1230 -0.1992
vn -0.9998 0.0117 -0.0168
vn -0.9892 0.0172 0.1455
vn -0.9706 0.0825 0.2261
vn -0.9702 0.0804 -0.2287
vn -0.9707 0.0672 -0.2307
vn -0.9996 0.0141 -0.0258
vn -0.9999 0.0104 -0.0088
vn -0.9694 0.0712 -0.2349
vn -0.9961 0.0131 0.0876
vn -0.9938 0.0130 0.1100
vn -0.7944 0.1825 -0.5793
vn -0.7915 0.1856 -0.5824
vn -0.7921 0.2677 -0.5485
vn -0.3826 0.3142 -0.8689
vn -0.7922 0.2081 -0.5736
vn -0.3874 0.4018 -0.8297
vn 0.0648 0.3253 -0.9434
vn -0.7906 0.2047 -0.5771
vn -0.7887 0.2691 -0.5528
vn -0.9706 0.0435 0.2369
vn 0.5744 0.2260 0.7868
vn 0.5664 0.2089 0.7972
vn -0.0489 -0.7320 -0.6796
vn 0.1472 -0.7767 -0.6125
vn 0.3070 -0.7758 -0.5513
vn -0.1701 -0.6946 -0.6990
vn -0.0680 -0.7154 -0.6954
vn 0.5500 -0.7095 -0.4407
vn 0.6532 -0.6693 -0.3541
vn 0.5831 0.2441 0.7748
vn 0.7967 0.2221 0.5620
vn 0.5744 0.2260 0.7867
vn 0.9641 0.1947 0.1804
vn 0.3362 0.2167 0.9165
vn 0.1481 0.1432 0.9785
vn 0.3128 0.2001 0.9285
vn 0.1836 0.1556 0.9706
vn 0.5831 0.2441 0.7749
vn -0.1469 0.0892 0.9851
vn -0.1849 -0.6908 -0.6990
vn -0.3992 -0.6630 -0.6333
vn 0.5743 0.2260 0.7868
vn 0.0395 -0.9987 0.0310
vn 0.0503 -0.9986 0.0151
vn 0.5868 -0.6804 0.4390
vn 0.4145 -0.7433 0.5251
vn 0.3702 -0.7499 0.5482
vn 0.2066 -0.7589 0.6175
vn 0.0390 -0.9992 0.0117
vn 0.0448 -0.9989 0.0112
vn 0.0688 -0.9937 -0.0889
vn -0.0294 -0.9745 -0.2224
vn 0.0086 -0.9982 -0.0599
vn 0.0437 -0.9614 -0.2716
vn -0.0143 -0.9637 -0.2666
vn 0.0332 -0.9994 -0.0022
vn -0.0242 -0.9995 0.0210
vn -0.0015 -1.0000 0.0087
vn 0.0011 -0.9996 0.0266
vn 0.0360 -0.9988 0.0338
vn 0.3168 -0.6589 0.6823
vn -0.1103 -0.9721 -0.2069
vn -0.0446 -0.9816 -0.1858
vn -0.1317 -0.9665 -0.2204
vn -0.1889 -0.9507 -0.2460
vn -0.5974 0.4985 -0.6282
vn -0.0325 -0.6516 -0.7579
vn -0.1864 -0.7120 -0.6770
vn -0.2167 -0.7354 -0.6420
vn -0.2802 -0.8064 -0.5208
vn -0.2895 -0.8201 -0.4936
vn -0.6376 0.1494 -0.7558
vn 0.0023 -0.9998 0.0180
vn 0.0500 -0.9982 0.0329
vn 0.0536 -0.9981 0.0295
vn 0.8730 -0.4868 0.0284
vn 0.9243 -0.2585 -0.2809
vn 0.8215 -0.0349 -0.5692
vn -0.2956 -0.8739 -0.3860
vn -0.2952 -0.8611 -0.4139
vn 0.7267 0.2898 -0.6228
vn 0.8143 -0.0050 -0.5804
vn 0.7050 0.0894 -0.7035
vn 0.8529 -0.3655 0.3727
vn 0.7809 -0.5798 0.2326
vn 0.3751 0.5933 0.7122
vn 0.3842 0.5963 0.7049
vn 0.0809 0.4983 0.8632
vn 0.0805 0.4966 0.8643
vn -0.1660 0.4941 0.8534
vn -0.1813 0.4964 0.8489
vn 0.5869 -0.6804 0.4389
vn -0.7464 -0.6524 -0.1312
vn -0.6809 -0.6259 -0.3804
vn -0.7018 -0.6346 -0.3235
vn -0.7385 -0.6655 -0.1083
vn 0.7383 -0.6283 -0.2451
vn 0.1008 -0.8038 0.5863
vn -0.3035 -0.7506 0.5870
vn 0.0489 -0.8136 0.5793
vn 0.2865 -0.7904 0.5415
vn 0.3545 -0.7518 0.5561
vn 0.4097 0.9089 0.0778
vn 0.1701 0.9850 -0.0279
vn 0.1463 0.9886 -0.0358
vn -0.1119 0.9922 -0.0542
vn -0.1127 0.9923 -0.0513
vn 0.7455 -0.6322 -0.2111
vn -0.9947 0.0884 0.0526
vn -0.9955 0.0830 0.0449
vn -0.9919 0.1062 0.0699
vn -0.9962 0.0159 0.0856
vn -0.9913 -0.0787 0.1056
vn -0.8212 0.3302 -0.4654
vn -0.8010 0.3229 -0.5041
vn -0.9840 0.1185 -0.1330
vn -0.9949 0.0634 -0.0790
vn -0.8942 0.2630 -0.3622
vn -0.8009 0.3247 -0.5032
vn -0.0160 0.5192 -0.8545
vn 0.1443 0.4959 -0.8563
vn 0.0114 0.4177 -0.9085
vn 0.2282 0.2982 -0.9268
vn 0.1706 0.3967 -0.9020
vn 0.0919 0.4976 -0.8625
vn 0.1026 -0.9042 -0.4145
vn -0.6110 0.7115 0.3470
vn -0.5745 0.6383 0.5124
vn -0.6106 0.7082 0.3545
vn -0.5796 0.6377 0.5074
vn -0.4203 0.5529 0.7194
vn 0.0344 0.4824 -0.8753
vn 0.7263 0.5710 0.3828
vn 0.7475 -0.6200 0.2383
vn 0.8425 -0.5210 0.1372
vn 0.7580 -0.6278 0.1769
vn 0.8718 -0.4723 0.1299
vn 0.9692 -0.2293 -0.0899
vn -0.9194 0.2278 -0.3205
vn -0.9981 0.0268 -0.0561
vn -0.4872 0.8652 0.1186
vn -0.5854 0.7742 0.2408
vn -0.5068 0.8514 0.1352
vn -0.5916 0.7665 0.2498
vn -0.3178 0.9480 0.0139
vn -0.3223 -0.7148 0.6206
vn -0.6303 -0.6077 0.4831
vn -0.7011 -0.3837 0.6011
vn -0.9813 -0.1517 0.1182
vn -0.5893 0.4068 -0.6980
vn -0.5566 0.4466 -0.7005
vn -0.2702 -0.9011 -0.3390
vn -0.2535 -0.9182 -0.3043
vn -0.2121 -0.9393 -0.2697
vn -0.4317 0.5559 0.7104
vn -0.0051 -0.9999 0.0160
vn -0.0139 -0.9999 0.0090
vn -0.0396 -0.9992 0.0113
vn -0.0389 -0.9990 0.0222
vn -0.0247 -0.9997 0.0017
vn -0.3092 0.9509 0.0120
vn 0.0343 -0.9994 0.0078
vn 0.0359 -0.9988 0.0339
vn 0.0498 -0.9987 0.0066
vn 0.0325 -0.9994 0.0098
vn 0.0203 -0.9997 0.0107
vn -0.0159 -0.9998 -0.0076
vn 0.0087 -1.0000 -0.0003
vn 0.0101 -0.9993 0.0354
vn 0.0655 -0.7746 0.6290
vn 0.1838 -0.7585 0.6252
vn 0.2066 -0.7589 0.6176
vn 0.0209 -0.9991 0.0358
vn 0.0471 -0.9984 0.0301
vn 0.0121 -0.9994 0.0322
vn 0.7666 -0.6392 -0.0607
vn 0.7635 -0.6363 -0.1105
vn 0.7610 -0.6348 -0.1336
vn 0.7673 -0.6390 -0.0538
vn -0.7353 -0.6770 0.0322
vn -0.7283 -0.6842 0.0369
vn -0.7489 -0.6623 0.0227
vn -0.7655 -0.6426 0.0327
vn 0.7474 -0.6325 -0.2032
vn 0.1839 -0.7585 0.6252
vn 0.0405 -0.9986 0.0340
vn 0.0411 -0.9991 0.0104
vn -0.0136 -0.9995 0.0276
vn -0.0012 -0.9999 -0.0169
vn -0.1733 0.0812 0.9815
vn 0.1481 0.1432 0.9786
vn -0.3645 0.0636 0.9290
vn -0.3791 0.0583 0.9235
vn 0.1142 0.1312 0.9848
vn 0.3128 0.2000 0.9285
vn -0.1477 -0.3099 0.9392
vn -0.3479 0.0696 0.9349
vn -0.1111 0.0982 0.9889
vn 0.7394 -0.6305 -0.2361
vn -0.4921 -0.6519 -0.5770
vn -0.6737 -0.6164 -0.4078
vn -0.7014 -0.6261 -0.3407
vn -0.7821 -0.6168 0.0885
vn -0.9783 0.0076 0.2071
vn -0.6425 -0.7294 -0.2350
vn -0.9756 -0.2186 0.0207
vn -0.7017 -0.5936 0.3940
vn -0.6800 -0.6227 0.3871
vn -0.8452 -0.4766 0.2420
vn -0.6018 -0.7139 -0.3581
vn -0.0109 -0.9466 0.3223
vn -0.2041 -0.9251 0.3202
vn -0.1134 -0.9494 0.2930
vn -0.2991 -0.9541 -0.0157
vn -0.6000 -0.7244 -0.3394
vn -0.7531 -0.4873 -0.4420
vn 0.5229 0.2669 0.8095
vn 0.1678 0.3112 0.9354
vn -0.6966 -0.5163 0.4982
vn 0.9775 -0.1672 -0.1289
vn 0.9088 0.1282 -0.3970
vn 0.8517 0.3811 -0.3597
vn -0.9147 0.0096 -0.4040
vn -0.6201 0.1609 -0.7678
vn -0.9086 0.0160 -0.4173
vn -0.5811 0.1711 -0.7956
vn -0.9839 -0.1310 -0.1219
vn -0.9734 -0.2263 0.0355
vn -0.9650 -0.2504 0.0779
vn -0.9825 -0.1172 -0.1449
vn 0.8898 -0.4492 0.0806
vn 0.8205 -0.5194 0.2386
vn 0.8972 -0.4389 0.0483
vn 0.8209 -0.5151 0.2465
vn 0.9301 -0.2825 -0.2346
vn 0.9272 -0.2574 -0.2723
vn 0.7977 -0.0981 -0.5951
vn 0.8113 -0.1190 -0.5723
vn -0.1377 0.1748 -0.9749
vn 0.0466 0.1576 -0.9864
vn -0.1735 0.1888 -0.9666
vn 0.0416 0.1498 -0.9878
vn -0.5772 0.1699 -0.7987
vn -0.6107 0.1788 -0.7714
vn -0.2505 -0.6489 0.7184
vn 0.1103 -0.6629 0.7406
vn 0.1450 -0.6628 0.7346
vn -0.6216 -0.5602 0.5475
vn -0.6685 -0.5353 0.5163
vn -0.2832 -0.6439 0.7108
vn 0.3145 -0.6495 0.6922
vn 0.3132 -0.6518 0.6907
vn -0.8961 -0.3663 0.2506
vn -0.8676 -0.3956 0.3012
vn -0.6674 -0.5397 0.5130
vn -0.6210 -0.5570 0.5515
vn 0.6515 -0.0067 -0.7586
vn 0.8057 -0.1081 -0.5824
vn 0.7900 -0.0976 -0.6053
vn 0.6507 -0.0079 -0.7593
vn 0.2912 0.1841 0.9388
vn 0.5663 0.2089 0.7973
vn 0.9771 0.1656 -0.1339
vn 0.9866 0.0934 -0.1340
vn 0.5738 -0.8179 0.0425
vn 0.3932 -0.8895 0.2327
vn 0.4118 -0.9025 -0.1265
vn 0.7983 -0.5147 0.3127
vn 0.2381 -0.9689 0.0669
vn 0.2627 -0.5406 0.7992
vn 0.2201 -0.8701 0.4410
vn 0.0253 -0.9609 0.2757
vn 0.6473 -0.5371 0.5408
vn 0.1361 0.5604 -0.8169
vn -0.2481 0.1196 -0.9613
vn 0.0319 0.3583 -0.9331
vn 0.4914 0.2753 -0.8263
vn -0.1514 0.3902 -0.9082
vn -0.4257 0.0143 -0.9048
vn 0.1967 0.0922 -0.9761
vn -0.4443 0.1938 -0.8746
vn 0.6663 0.5217 -0.5329
vn 0.4908 0.3905 -0.7789
vn 0.5013 0.3769 -0.7789
vn 0.6603 0.5324 -0.5296
vn 0.2653 0.2128 -0.9404
vn 0.4746 0.4065 -0.7807
vn 0.2551 0.2203 -0.9415
vn 0.6526 0.5475 -0.5238
vn -0.0418 0.0211 -0.9989
vn 0.3910 0.7272 -0.5642
vn 0.5058 0.8097 -0.2976
vn 0.5306 0.8204 -0.2132
vn 0.2926 0.6353 -0.7147
vn 0.4801 0.3505 -0.8041
vn 0.2008 0.1074 -0.9737
vn 0.4814 0.3187 -0.8165
vn -0.1309 0.5362 -0.8339
vn 0.2032 0.1197 -0.9718
vn -0.0754 -0.1566 -0.9848
vn 0.1608 0.7340 -0.6599
vn 0.9908 -0.0504 -0.1253
vn 0.9772 0.1355 -0.1633
vn 0.9705 0.1438 0.1935
vn 0.9773 -0.0433 0.2076
vn 0.8237 0.5383 0.1783
vn 0.7040 0.4560 0.5445
vn 0.8396 0.0760 0.5378
vn 0.8453 -0.1024 0.5244
vn -0.8823 -0.3999 -0.2482
vn -0.8222 -0.5285 -0.2115
vn -0.8817 -0.4026 -0.2460
vn -0.8055 -0.5581 -0.1993
vn -0.6805 -0.7230 -0.1188
vn -0.8784 -0.4313 -0.2059
vn -0.8782 -0.4307 -0.2079
vn -0.6806 -0.7230 -0.1188
vn -0.4846 -0.3837 -0.7861
vn -0.3770 -0.5109 -0.7726
vn -0.3525 -0.5431 -0.7621
vn -0.4843 -0.3873 -0.7845
vn -0.1905 -0.7179 -0.6696
vn 0.4858 0.3819 -0.7862
vn 0.6677 0.5477 -0.5042
vn 0.3266 -0.0501 -0.9438
vn 0.2855 0.0769 -0.9553
vn 0.5133 0.3475 -0.7847
vn 0.2640 -0.0827 -0.9610
vn 0.1582 -0.4762 -0.8650
vn 0.0760 -0.2811 -0.9567
vn 0.6977 0.5427 -0.4677
vn 0.7840 0.6029 -0.1482
vn 0.8151 0.5700 -0.1037
vn 0.5126 0.3624 -0.7784
vn 0.7227 0.5448 -0.4254
vn 0.8569 0.5111 -0.0669
vn 0.4787 0.3924 -0.7854
vn -0.0048 0.0838 0.9965
vn -0.2738 -0.6479 0.7108
vn -0.5334 -0.3717 0.7598
vn -0.2466 0.0916 0.9648
vn -0.4277 0.0691 0.9013
vn -0.1994 0.1624 0.9664
vn -0.5230 -0.6219 0.5828
vn -0.2439 -0.8513 0.4646
vn -0.5725 -0.7622 0.3021
vn -0.6682 -0.5675 0.4810
vn -0.7974 -0.5621 0.2194
vn -0.7868 -0.4478 0.4247
vn -0.3315 0.0261 0.9431
vn -0.1155 0.1127 0.9869
vn -0.1353 -0.5784 -0.8044
vn 0.0208 -0.7478 -0.6636
vn 0.0759 -0.2812 -0.9567
vn 0.0576 -0.5709 -0.8190
vn -0.0286 -0.7887 -0.6142
vn -0.3324 -0.7534 -0.5674
vn -0.1292 -0.8999 -0.4164
vn -0.1149 -0.8888 -0.4437
vn -0.3175 -0.3219 -0.8920
vn -0.0224 -0.0613 -0.9979
vn 0.2487 0.2001 -0.9477
vn 0.2640 -0.0828 -0.9610
vn -0.1862 -0.3668 -0.9115
vn -0.2294 -0.5609 -0.7955
vn 0.4176 0.4000 0.8159
vn 0.2119 0.2299 0.9499
vn 0.5332 0.2519 0.8076
vn 0.1582 0.2620 0.9520
vn 0.1278 0.2804 0.9513
vn 0.7853 0.3309 0.5233
vn 0.6778 0.4865 0.5513
vn 0.3735 0.4065 0.8338
vn 0.1357 0.2670 0.9541
vn -0.0047 0.0838 0.9965
vn -0.2465 0.0916 0.9648
vn 0.3498 0.4114 0.8417
vn 0.1562 0.2893 0.9444
vn -0.1993 0.1624 0.9664
vn 0.5651 0.1067 0.8181
vn -0.1154 0.1128 0.9869
vn 0.3545 0.1590 0.9214
vn 0.7598 0.6254 -0.1776
vn 0.7756 0.5873 0.2316
vn 0.8151 0.5700 -0.1036
vn 0.7840 0.6029 -0.1481
vn 0.5832 0.5469 0.6006
vn 0.6205 0.5201 0.5869
vn 0.7442 0.6289 0.2251
vn 0.8157 0.5309 0.2296
vn 0.8569 0.5111 -0.0668
vn 0.8992 0.3888 0.2007
vn 0.8994 0.4369 -0.0150
vn 0.7393 0.5384 -0.4044
vn 0.6448 0.0495 0.7627
vn 0.8421 0.1637 0.5139
vn 0.9453 0.2622 0.1942
vn -0.5179 -0.8527 -0.0688
vn -0.2470 -0.9638 -0.1006
vn -0.2796 -0.9597 0.0277
vn -0.5300 -0.8350 -0.1476
vn -0.2913 -0.9530 -0.0831
vn -0.5725 -0.7622 0.3020
vn -0.5301 -0.8350 -0.1476
vn -0.8055 -0.5822 -0.1102
vn -0.4715 -0.8176 -0.3305
vn -0.8293 -0.5583 -0.0224
vn -0.2079 -0.9435 -0.2579
vn -0.2470 -0.9638 -0.1007
vn -0.2187 -0.9520 -0.2141
vn -0.2079 -0.9436 -0.2579
vn -0.7147 -0.6734 -0.1891
vn -0.5673 -0.7969 -0.2075
vn -0.5464 -0.8109 -0.2095
vn -0.3283 -0.9180 -0.2225
vn -0.7148 -0.6732 -0.1896
vn -0.7142 -0.6731 -0.1922
vn -0.7143 -0.6727 -0.1929
vn -0.5020 -0.3708 -0.7814
vn -0.4757 -0.3437 -0.8097
vn -0.4982 -0.3668 -0.7857
vn -0.3558 -0.4891 -0.7964
vn -0.2871 -0.5276 -0.7995
vn -0.0681 -0.6240 -0.7784
vn -0.1345 -0.4420 0.8869
vn -0.4641 -0.4271 0.7760
vn -0.3220 -0.5836 0.7455
vn -0.2672 -0.3327 0.9044
vn -0.6341 -0.4901 0.5981
vn -0.6589 -0.4367 0.6125
vn 0.0574 -0.8367 0.5446
vn 0.3861 -0.5537 0.7377
vn -0.5109 -0.6534 0.5587
vn -0.2612 -0.9515 0.1627
vn -0.3083 -0.3046 0.9012
vn -0.4963 -0.3814 0.7799
vn 0.9162 -0.0970 -0.3889
vn 0.8847 0.0653 -0.4616
vn 0.9910 -0.0256 -0.1314
vn 0.7146 -0.0638 -0.6966
vn 0.9765 0.1396 -0.1643
vn 0.7189 0.4213 -0.5529
vn 0.8391 0.5038 -0.2052
vn 0.5988 0.7444 -0.2957
vn 0.5558 0.8229 0.1181
vn 0.5261 0.8243 -0.2093
vn 0.6444 0.7571 -0.1070
vn 0.4758 0.7491 0.4609
vn 0.6162 0.7423 0.2634
vn 0.7730 -0.2121 -0.5979
vn 0.5700 -0.3684 -0.7344
vn 0.4738 -0.2399 -0.8473
vn -0.8863 -0.4598 -0.0551
vn -0.7354 -0.5832 -0.3450
vn -0.8918 -0.4510 -0.0353
vn -0.8234 -0.4582 -0.3346
vn -0.8295 -0.4463 -0.3357
vn -0.5774 -0.5066 -0.6403
vn -0.6668 -0.3711 -0.6462
vn -0.8511 -0.3447 0.3959
vn -0.6933 -0.0489 0.7190
vn -0.6415 -0.1574 0.7508
vn -0.9070 -0.3073 0.2879
vn -0.8056 -0.5822 -0.1102
vn -0.8294 -0.5582 -0.0224
vn -0.7811 0.2746 0.5608
vn 0.3252 -0.5445 -0.7732
vn 0.1929 -0.4385 -0.8778
vn -0.8175 -0.1928 0.5426
vn -0.4381 -0.3376 0.8331
vn -0.5529 -0.0264 0.8328
vn -0.9498 -0.2376 0.2036
vn -0.9569 -0.2430 0.1591
vn -0.6396 -0.2160 0.7378
vn -0.6664 -0.5284 0.5261
vn -0.0461 0.0183 -0.9988
vn -0.0223 -0.0613 -0.9979
vn -0.3810 -0.1958 -0.9036
vn -0.0419 0.0211 -0.9989
vn -0.0461 0.0182 -0.9988
vn -0.3839 -0.1855 -0.9046
vn -0.6730 -0.3590 -0.6466
vn -0.2971 -0.7915 -0.5342
vn 0.0800 -0.7203 -0.6891
vn -0.1323 -0.8721 -0.4711
vn -0.2540 -0.9434 -0.2133
vn -0.4236 -0.8741 -0.2378
vn -0.0736 -0.6289 -0.7740
vn 0.1911 -0.4403 -0.8773
vn 0.3173 -0.5443 -0.7766
vn -0.6402 -0.5157 -0.5695
vn -0.3989 -0.3498 -0.8476
vn -0.6792 -0.0111 -0.7338
vn -0.8737 -0.1793 -0.4522
vn -0.8047 -0.1738 -0.5676
vn -0.5335 0.1371 -0.8346
vn -0.4151 0.1937 -0.8889
vn -0.8700 -0.4418 -0.2187
vn -0.9366 -0.3498 -0.0225
vn -0.5180 -0.8526 -0.0688
vn -0.6495 -0.7459 -0.1474
vn -0.8290 -0.5508 -0.0970
vn 0.7233 0.6549 0.2189
vn 0.5587 0.5729 0.5997
vn 0.3313 0.4309 0.8394
vn 0.7598 0.6254 -0.1775
vn 0.7174 0.6628 0.2147
vn 0.5504 0.5839 0.5967
vn 0.3238 0.4421 0.8365
vn 0.0821 0.3007 0.9502
vn 0.1057 0.3058 0.9462
vn 0.7513 0.6325 -0.1883
vn 0.7508 0.6317 -0.1933
vn 0.7442 0.6289 0.2250
vn -0.3053 0.0791 0.9490
vn -0.2523 0.2154 0.9434
vn 0.3412 0.1284 0.9312
vn 0.1453 0.4989 0.8544
vn 0.2690 0.4194 0.8670
vn 0.7340 -0.6469 -0.2067
vn 0.8754 -0.4774 -0.0757
vn 0.8726 -0.4868 -0.0408
vn 0.5516 -0.7489 -0.3674
vn 0.7402 -0.6283 -0.2394
vn 0.4747 -0.8622 -0.1765
vn 0.6264 -0.7794 0.0095
vn 0.0253 -0.9893 0.1434
vn 0.4416 -0.7611 0.4750
vn 0.3227 -0.8786 0.3520
vn 0.7693 -0.6233 0.1404
vn 0.0187 -0.6443 0.7645
vn -0.1047 -0.7670 0.6330
vn -0.4024 -0.8739 0.2729
vn -0.6139 -0.7814 -0.1121
vn -0.3539 -0.9088 -0.2211
vn -0.9320 -0.3326 -0.1441
vn -0.8007 -0.5720 -0.1781
vn -0.7741 -0.6005 -0.2002
vn -0.9406 -0.3112 -0.1354
vn -0.5830 -0.7863 -0.2046
vn -0.9187 -0.3630 -0.1559
vn -0.5163 -0.8197 -0.2480
vn -0.4477 -0.8246 -0.3457
vn -0.4381 -0.8213 -0.3655
vn -0.3986 -0.7983 -0.4515
vn -0.3996 -0.8003 -0.4471
vn -0.9177 -0.3651 -0.1569
vn -0.9014 -0.4011 -0.1629
vn -0.5676 0.6374 0.5212
vn -0.7653 0.4953 0.4111
vn -0.5717 0.6247 0.5319
vn -0.9087 0.3263 0.2604
vn -0.9111 0.2982 0.2844
vn -0.7674 0.5014 0.3996
vn -0.5793 0.5908 0.5616
vn -0.6035 0.4577 0.6529
vn -0.7811 0.2747 0.5608
vn -0.9112 0.3286 0.2485
vn -0.7692 0.4635 0.4398
vn -0.5892 0.5396 0.6014
vn -0.9214 0.2358 0.3088
vn -0.7835 0.4027 0.4733
vn 0.5012 -0.8499 0.1628
vn 0.7232 -0.6386 0.2629
vn 0.7162 -0.6485 0.2579
vn 0.2280 -0.9725 0.0483
vn 0.0707 -0.9165 0.3938
vn 0.2994 -0.9541 -0.0041
vn 0.5628 -0.8220 0.0874
vn 0.4500 -0.8684 -0.2084
vn 0.7481 -0.6378 0.1831
vn 0.6818 -0.7240 -0.1047
vn 0.5451 -0.7453 -0.3840
vn 0.8267 -0.5619 0.0280
vn -0.6935 -0.5713 0.4390
vn -0.4024 -0.8738 0.2729
vn -0.1864 -0.4998 0.8458
vn -0.5384 -0.3866 0.7488
vn 0.0186 -0.6443 0.7645
vn -0.7724 0.0753 0.6306
vn -0.6140 -0.7813 -0.1121
vn 0.7863 0.1466 0.6002
vn 0.7914 0.1601 0.5900
vn 0.7922 0.1612 0.5886
vn 0.7303 -0.0354 0.6822
vn 0.7862 0.1462 0.6005
vn 0.7255 -0.0473 0.6866
vn 0.6067 -0.2728 0.7466
vn 0.1705 0.3326 0.9275
vn 0.2212 0.5030 0.8355
vn 0.2208 0.5047 0.8346
vn 0.1623 0.3095 0.9369
vn 0.2144 0.5418 0.8127
vn 0.2139 0.5458 0.8102
vn 0.0808 0.0831 0.9933
vn 0.6068 -0.2728 0.7466
vn -0.8796 -0.4559 -0.1356
vn -0.9062 -0.3466 0.2422
vn -0.8804 -0.4541 -0.1371
vn -0.9004 -0.4034 -0.1627
vn -0.6140 -0.7813 -0.1122
vn -0.3954 -0.8096 -0.4338
vn -0.3954 -0.8133 -0.4268
vn -0.6139 -0.7813 -0.1122
vn -0.9062 -0.3466 0.2423
vn -0.6052 0.4599 0.6498
vn -0.8001 0.3069 0.5154
vn -0.7724 0.0754 0.6306
vn -0.5975 0.2371 0.7660
vn -0.9299 0.1347 0.3422
vn -0.8001 0.3068 0.5154
vn -0.5469 0.0191 0.8370
vn -0.5975 0.2370 0.7661
vn 0.7550 -0.2387 -0.6107
vn 0.7093 -0.6693 -0.2213
vn 0.5672 -0.3821 -0.7296
vn 0.9509 -0.0273 -0.3084
vn 0.5363 -0.7618 -0.3634
vn 0.4067 -0.9058 -0.1193
vn 0.9651 -0.2579 0.0451
vn 0.6459 -0.7634 0.0017
vn 0.8823 -0.4002 0.2477
vn 0.6421 0.1533 -0.7512
vn 0.7246 -0.0446 -0.6877
vn 0.4418 0.0655 -0.8947
vn 0.4241 0.1176 -0.8979
vn 0.6140 0.2025 -0.7629
vn 0.8684 0.0855 -0.4885
vn 0.5066 -0.1256 -0.8530
vn 0.9626 -0.2690 -0.0326
vn 0.8400 -0.3582 -0.4076
vn 0.5513 -0.3103 -0.7745
vn 0.7930 0.2367 -0.5614
vn 0.7640 0.2756 -0.5834
vn -0.5743 -0.7838 -0.2363
vn -0.7460 -0.6138 -0.2584
vn -0.5623 -0.7934 -0.2329
vn -0.7499 -0.6094 -0.2575
vn -0.1654 -0.9861 -0.0162
vn -0.2612 -0.9515 0.1626
vn -0.8087 -0.5403 -0.2325
vn -0.8102 -0.5387 -0.2310
vn -0.3131 -0.3934 -0.8644
vn -0.3507 -0.3132 -0.8826
vn -0.1695 -0.5856 -0.7927
vn -0.1692 -0.5859 -0.7925
vn 0.2095 -0.7923 -0.5730
vn 0.2203 -0.7943 -0.5662
vn 0.9549 -0.0275 0.2958
vn 0.9460 0.1819 0.2682
vn 0.8187 -0.1105 0.5634
vn 0.9465 0.1708 0.2738
vn 0.9439 0.2521 0.2132
vn 0.9442 0.2563 0.2070
vn 0.5615 -0.0492 0.8260
vn 0.5547 0.0064 0.8320
vn 0.5629 -0.0538 0.8248
vn 0.6021 -0.2111 0.7700
vn 0.8187 -0.1105 0.5635
vn 0.7785 -0.4694 0.4167
vn 0.8187 -0.1106 0.5634
vn 0.3862 -0.5537 0.7377
vn 0.9626 -0.2691 -0.0325
vn 0.4936 -0.6926 0.5261
vn 0.8512 -0.5220 0.0545
vn 0.4519 -0.8037 -0.3872
vn 0.2097 -0.7923 -0.5730
vn 0.2204 -0.7943 -0.5662
vn 0.8400 -0.3583 -0.4075
vn 0.0575 -0.8367 0.5446
vn -0.2611 -0.9515 0.1626
vn 0.0639 -0.9873 0.1452
vn -0.1653 -0.9861 -0.0162
vn 0.8784 -0.0798 0.4712
vn 0.8268 0.1480 0.5427
vn 0.6896 -0.0848 0.7192
vn 0.8282 0.1467 0.5409
vn 0.6896 -0.0847 0.7192
vn 0.1066 -0.1953 0.9749
vn 0.5134 0.1848 0.8380
vn 0.3233 0.1312 0.9372
vn 0.3286 0.1271 0.9359
vn 0.8784 -0.0799 0.4712
vn 0.7204 -0.0082 -0.6935
vn 0.5305 -0.0825 -0.8437
vn 0.7198 -0.0092 -0.6941
vn 0.7652 -0.2019 -0.6113
vn 0.5108 -0.0744 -0.8565
vn 0.9066 -0.0751 -0.4153
vn 0.5535 -0.2672 -0.7888
vn 0.5802 -0.4610 -0.6714
vn 0.8678 0.0589 -0.4934
vn 0.8599 0.0637 -0.5064
vn 0.9123 -0.3255 -0.2487
vn 0.7456 -0.4210 -0.5166
vn 0.7653 -0.2019 -0.6112
vn 0.9066 -0.0751 -0.4152
vn 0.7455 -0.4211 -0.5167
vn 0.1065 -0.1953 0.9749
vn -0.3446 -0.0912 0.9343
vn -0.1960 -0.3108 0.9300
vn -0.3451 -0.0867 0.9346
vn -0.0646 -0.4611 0.8850
vn 0.2626 -0.5406 0.7992
vn -0.0545 0.0647 0.9964
vn -0.3353 -0.0510 0.9407
vn -0.8154 -0.3090 0.4895
vn -0.8238 -0.3312 0.4601
vn -0.8152 -0.3053 0.4922
vn -0.7365 -0.4325 0.5201
vn -0.6998 -0.4859 0.5237
vn -0.5720 -0.6335 0.5211
vn -0.2039 -0.5638 -0.8004
vn -0.2740 -0.7362 -0.6188
vn -0.3522 -0.9179 -0.1830
vn 0.0758 -0.5562 0.8276
vn -0.2909 -0.5805 0.7606
vn -0.0998 -0.7247 0.6818
vn -0.0780 -0.4745 0.8768
vn -0.4817 -0.6354 0.6035
vn -0.4898 -0.6453 0.5863
vn -0.3485 -0.7906 0.5035
vn -0.2983 -0.5739 0.7627
vn -0.1014 -0.4781 0.8724
vn -0.1612 -0.9065 0.3903
vn 0.0461 -0.8529 0.5200
vn 0.3450 -0.6765 0.6506
vn 0.0759 -0.5563 0.8275
vn 0.4570 0.3969 -0.7960
vn 0.8805 0.3573 -0.3117
vn 0.5756 0.2201 -0.7876
vn 0.2251 0.2617 -0.9386
vn 0.4482 0.4043 -0.7973
vn 0.2298 0.2521 -0.9400
vn 0.7642 0.5301 -0.3673
vn 0.7875 0.5227 -0.3266
vn 0.9509 -0.0272 -0.3084
vn 0.7549 -0.2387 -0.6108
vn 0.3630 0.0711 -0.9291
vn 0.5672 -0.3820 -0.7296
vn 0.8989 0.3782 0.2213
vn 0.9552 0.1870 0.2296
vn 0.8996 0.4147 0.1372
vn 0.8514 0.2226 0.4750
vn 0.9551 0.1869 0.2297
vn 0.8886 0.0271 0.4578
vn 0.8760 0.2745 0.3966
vn 0.8042 0.1869 0.5642
vn 0.8031 0.1841 0.5667
vn 0.8130 0.2156 0.5409
vn 0.8134 0.2175 0.5395
vn 0.2273 0.6045 0.7635
vn 0.2315 0.6137 0.7548
vn 0.2642 0.6575 0.7056
vn 0.2729 0.6635 0.6966
vn -0.0826 0.0696 0.9941
vn -0.3100 -0.0289 0.9503
vn -0.8406 -0.3494 0.4139
vn -0.9027 -0.4107 0.1282
vn -0.8253 -0.3333 0.4559
vn 0.7193 -0.0085 -0.6946
vn 0.5429 -0.0800 -0.8360
vn 0.6581 -0.3512 -0.6660
vn 0.7871 -0.2514 -0.5633
vn 0.8543 0.0629 -0.5159
vn 0.8849 -0.2289 -0.4057
vn 0.7525 0.1802 0.6334
vn 0.4313 0.1805 0.8840
vn 0.6742 0.1818 0.7158
vn -0.0544 0.0647 0.9964
vn -0.0825 0.0696 0.9942
vn -0.8831 -0.4357 -0.1741
vn -0.9027 -0.4108 0.1281
vn -0.5283 -0.4638 -0.7112
vn -0.4977 -0.4460 -0.7439
vn -0.4967 -0.4449 -0.7452
vn -0.5292 -0.4640 -0.7104
vn 0.9476 0.2774 0.1586
vn 0.9471 0.2768 0.1627
vn 0.5676 0.0257 0.8229
vn 0.5670 0.0254 0.8233
vn 0.5543 0.0048 0.8323
vn -0.8258 -0.5246 -0.2071
vn -0.8260 -0.5247 -0.2060
vn -0.8278 -0.5255 -0.1963
vn -0.8278 -0.5256 -0.1963
vn -0.3572 -0.2939 -0.8866
vn -0.3509 -0.3127 -0.8827
vn -0.3572 -0.2938 -0.8866
vn 0.6063 0.2131 -0.7661
vn 0.4225 0.1311 -0.8968
vn 0.5566 -0.0555 -0.8289
vn 0.6992 0.0408 -0.7138
vn 0.7545 0.2825 -0.5923
vn 0.8180 0.0976 -0.5668
vn -0.5030 -0.3705 0.7809
vn -0.4636 -0.6098 0.6429
vn -0.6593 -0.4218 0.6225
vn -0.3226 -0.3007 0.8975
vn -0.3397 -0.5468 0.7653
vn -0.1828 -0.5079 0.8418
vn 0.8966 0.4367 0.0735
vn 0.7487 0.5308 -0.3971
vn 0.8913 0.3122 0.3289
vn 0.8996 0.4146 0.1372
vn 0.8966 0.4367 0.0736
vn 0.9258 0.3261 0.1912
vn 0.2279 0.2663 -0.9366
vn 0.4456 0.4052 -0.7983
vn 0.2747 0.2396 -0.9312
vn -0.3012 -0.5719 0.7631
vn -0.1141 -0.4824 0.8685
vn -0.4740 -0.6308 0.6143
vn -0.0712 -0.7435 0.6649
vn -0.7142 -0.6723 -0.1948
vn -0.7142 -0.6722 -0.1951
vn -0.7141 -0.6721 -0.1958
vn -0.4514 -0.3195 -0.8331
vn -0.4693 -0.3373 -0.8161
vn -0.4461 -0.3143 -0.8380
vn 0.8129 0.2346 0.5330
vn 0.8124 0.2356 0.5334
vn 0.8102 0.2398 0.5348
vn 0.2944 0.6720 0.6795
vn 0.2982 0.6706 0.6793
vn 0.3337 0.9407 0.0615
vn 0.3463 0.9263 0.1485
vn 0.3180 0.9438 -0.0907
vn 0.3527 0.8205 0.4499
vn 0.3131 0.9401 -0.1350
vn 0.3010 0.9365 -0.1801
vn -0.2311 0.2607 0.9374
vn -0.1992 0.2866 0.9371
vn 0.1351 0.5830 0.8012
vn 0.1109 0.5990 0.7930
vn 0.1533 0.5800 0.8001
vn 0.3117 0.7214 0.6184
vn 0.3528 0.8119 0.4652
vn 0.1111 0.5972 0.7943
vn -0.9328 0.1059 0.3444
vn -0.9752 -0.0298 0.2192
vn -0.8869 0.0526 0.4589
vn -0.9964 0.0802 0.0292
vn -0.9264 -0.0970 0.3639
vn -0.7960 0.0673 0.6015
vn -0.9905 -0.0701 0.1186
vn -0.7156 0.0271 0.6980
vn -0.6658 0.3825 -0.6406
vn -0.8216 0.1520 -0.5494
vn -0.6072 0.3429 -0.7168
vn -0.4015 0.5533 -0.7298
vn -0.7340 0.3783 -0.5641
vn -0.9888 0.0833 -0.1242
vn -0.9912 0.0495 -0.1231
vn -0.9885 0.0900 -0.1217
vn -0.3190 0.6191 -0.7176
vn -0.4364 0.5163 -0.7368
vn -0.2177 0.6608 -0.7183
vn 0.9681 0.2351 0.0867
vn 0.9680 0.2405 0.0722
vn 0.9355 0.1534 0.3184
vn 0.9342 0.1439 0.3266
vn 0.8384 -0.0706 0.5405
vn 0.9431 0.2379 -0.2323
vn 0.9423 0.2540 -0.2180
vn 0.8588 0.1700 -0.4833
vn 0.8787 0.1956 -0.4355
vn -0.8349 -0.5172 -0.1881
vn -0.7058 -0.4859 -0.5155
vn -0.7881 -0.3729 -0.4897
vn -0.6912 -0.5128 -0.5092
vn -0.7236 -0.2857 -0.6283
vn -0.7763 -0.6139 0.1433
vn -0.7041 -0.7093 0.0340
vn -0.8347 -0.5044 -0.2212
vn -0.6726 -0.7315 0.1118
vn -0.6305 -0.6591 0.4099
vn -0.5131 -0.7872 0.3421
vn -0.3054 0.0791 0.9489
vn -0.2524 0.2154 0.9434
vn -0.6035 0.4576 0.6529
vn -0.2064 0.0536 0.9770
vn -0.2329 -0.0871 0.9686
vn 0.1984 -0.5609 0.8038
vn -0.1920 -0.6465 0.7383
vn -0.0758 -0.7478 0.6596
vn -0.3810 -0.8058 0.4533
vn -0.2252 -0.8797 0.4188
vn 0.1095 -0.4286 0.8968
vn -0.8752 -0.4617 -0.1447
vn -0.8285 -0.3009 -0.4723
vn -0.9086 -0.4022 -0.1124
vn -0.8065 -0.5522 0.2111
vn -0.8691 -0.2430 -0.4309
vn -0.8083 -0.5604 -0.1805
vn -0.7225 -0.1310 -0.6789
vn -0.7554 -0.0530 -0.6531
vn -0.8439 -0.4888 0.2210
vn -0.7424 -0.6513 0.1569
vn -0.6761 -0.5345 0.5071
vn -0.8524 -0.4787 0.2105
vn -0.6010 -0.6870 0.4085
vn -0.7487 -0.6478 0.1403
vn -0.8253 -0.5286 -0.1984
vn -0.9283 -0.3571 -0.1034
vn -0.8840 -0.2057 -0.4198
vn -0.7701 -0.3950 -0.5009
vn -0.7800 -0.0593 -0.6230
vn -0.1279 -0.1459 0.9810
vn -0.4534 -0.3251 0.8299
vn -0.1611 -0.0894 0.9829
vn -0.6761 -0.5345 0.5072
vn -0.7117 -0.4691 0.5228
vn 0.0032 -0.3060 0.9520
vn -0.4249 -0.3878 0.8180
vn 0.1490 0.1585 0.9761
vn -0.1619 -0.0893 0.9828
vn 0.1091 0.2072 0.9722
vn -0.1282 -0.1458 0.9810
vn -0.0025 -0.3046 0.9525
vn 0.3044 0.0003 0.9526
vn 0.4274 -0.1533 0.8910
vn 0.1079 -0.4133 0.9042
vn -0.2439 -0.6374 0.7309
vn -0.4386 -0.3810 0.8139
vn -0.5676 -0.7161 0.4063
vn -0.6958 -0.5018 0.5138
vn 0.3662 0.7389 0.5656
vn 0.4420 0.8558 0.2688
vn 0.3838 0.8799 0.2802
vn 0.3319 0.9426 -0.0365
vn 0.4217 0.7139 0.5590
vn 0.2891 0.3673 0.8840
vn 0.3227 0.5095 0.7977
vn 0.6771 0.7045 0.2126
vn 0.3873 0.9204 -0.0531
vn 0.6015 0.7861 -0.1424
vn 0.2384 0.8384 -0.4901
vn -0.0886 0.7943 0.6011
vn -0.1161 0.8636 0.4906
vn -0.1050 0.8367 0.5374
vn -0.1367 0.9336 0.3312
vn -0.1364 0.9337 0.3311
vn -0.1334 0.9765 0.1695
vn -0.1133 0.9864 0.1190
vn 0.1259 0.7292 -0.6726
vn 0.3100 0.6918 -0.6522
vn 0.2554 0.8292 -0.4972
vn 0.0552 0.7796 -0.6238
vn -0.2421 0.5342 -0.8099
vn -0.2071 0.4703 -0.8578
vn -0.0915 0.3926 -0.9152
vn -0.5326 0.1846 -0.8260
vn -0.4812 0.1081 -0.8699
vn -0.1996 0.4762 -0.8564
vn -0.5420 0.2243 -0.8099
vn -0.5121 0.1492 -0.8459
vn -0.2422 0.5340 -0.8100
vn -0.0949 0.3947 -0.9139
vn -0.1080 0.4137 -0.9040
vn 0.2619 0.6534 -0.7103
vn -0.7542 -0.0555 -0.6543
vn -0.4155 0.0901 -0.9051
vn -0.6477 -0.1787 -0.7406
vn -0.7695 -0.3922 -0.5041
vn -0.7122 -0.3192 -0.6252
vn -0.5509 0.1934 -0.8118
vn -0.5084 0.1192 -0.8528
vn -0.7083 -0.4740 0.5231
vn -0.3090 -0.5365 0.7853
vn -0.6961 -0.4985 0.5166
vn 0.1086 0.2127 0.9711
vn 0.2972 -0.0018 0.9548
vn 0.6581 0.5411 0.5235
vn 0.8962 -0.0130 -0.4434
vn 0.9478 -0.0795 -0.3090
vn 0.9297 -0.0527 -0.3644
vn 0.9811 -0.1561 -0.1140
vn 0.9812 -0.1566 -0.1129
vn 0.3099 0.1486 0.9391
vn 0.4274 -0.1532 0.8910
vn 0.2699 0.8998 -0.3428
vn 0.2384 0.8384 -0.4902
vn 0.0553 0.7792 -0.6243
vn 0.1131 0.7396 -0.6635
vn 0.2695 0.9000 -0.3427
vn 0.2245 0.6344 -0.7397
vn -0.0172 0.9989 0.0441
vn 0.0041 0.9991 0.0426
vn 0.5840 0.7510 0.3081
vn 0.8751 0.1974 0.4419
vn 0.5519 0.5654 0.6130
vn 0.9152 0.3756 0.1462
vn 0.7582 -0.0649 0.6488
vn 0.4011 0.3153 0.8601
vn -0.4611 -0.8828 0.0902
vn -0.2893 -0.9546 0.0717
vn -0.7720 -0.5863 -0.2455
vn -0.8813 -0.4352 0.1842
vn -0.9632 -0.2155 -0.1609
vn -0.9684 -0.1984 0.1513
vn -0.8566 -0.5095 0.0816
vn -0.8083 -0.5773 0.1158
vn -0.3446 -0.9166 0.2026
vn -0.8739 -0.4833 0.0532
vn -0.7171 -0.5322 0.4501
vn -0.4293 -0.9030 0.0159
vn -0.9005 -0.3406 -0.2702
vn -0.4980 -0.8120 -0.3044
vn -0.4142 0.3205 -0.8519
vn -0.2748 -0.3447 -0.8976
vn 0.2991 0.6057 0.7373
vn 0.2572 0.4423 0.8592
vn 0.0334 0.4242 0.9050
vn -0.2466 0.2195 0.9439
vn 0.4475 0.6436 0.6209
vn 0.5076 0.3101 0.8039
vn -0.1071 -0.1130 0.9878
vn -0.0785 0.1193 0.9897
vn 0.7174 0.6628 0.2146
vn 0.6697 -0.2027 0.7144
vn 0.6529 -0.0439 0.7562
vn 0.4751 -0.3419 0.8108
vn 0.4287 -0.2199 0.8763
vn -0.3194 0.2108 0.9239
vn -0.2736 -0.6480 0.7108
vn 0.1327 -0.6282 0.7666
vn 0.0099 -0.9638 0.2663
vn -0.2438 -0.8514 0.4645
vn -0.9015 0.1598 0.4022
vn -0.9366 -0.3497 -0.0226
vn -0.2914 -0.9530 -0.0832
vn -0.7974 -0.5621 0.2193
vn -0.5725 -0.7623 0.3020
vn -0.2062 -0.9413 -0.2673
vn -0.5831 -0.7991 -0.1465
vn -0.5436 -0.4663 -0.6979
vn 0.7926 -0.4540 -0.4071
vn 0.6582 -0.3513 -0.6659
vn 0.6914 -0.5215 -0.5000
vn 0.8849 -0.2290 -0.4057
vn 0.8635 -0.3888 -0.3212
vn -0.1662 -0.6757 0.7181
vn -0.0870 -0.6206 0.7793
vn -0.2710 -0.7368 0.6194
vn 0.7630 -0.1165 -0.6358
vn 0.6421 -0.2083 -0.7378
vn 0.8450 -0.0364 -0.5336
vn -0.1068 -0.8073 -0.5804
vn 0.1836 -0.6936 0.6965
vn 0.1954 -0.8386 0.5085
vn -0.0712 -0.7436 0.6649
vn 0.3139 -0.7531 0.5782
vn 0.0276 -0.9190 0.3932
vn 0.0277 -0.9190 0.3932
vn -0.4711 -0.6296 0.6178
vn 0.1836 -0.6936 0.6966
vn -0.6133 0.6443 0.4569
vn -0.4130 0.7756 0.4774
vn -0.6082 0.6471 0.4597
vn -0.4196 0.7707 0.4796
vn -0.7643 0.5265 0.3723
vn -0.7711 0.5212 0.3657
vn -0.2550 0.8715 0.4190
vn 0.5631 -0.8178 -0.1189
vn 0.5121 -0.8542 -0.0898
vn 0.5105 -0.8553 -0.0885
vn 0.5669 -0.8150 -0.1202
vn 0.4663 -0.8835 -0.0448
vn 0.6188 -0.7758 -0.1238
vn 0.6221 -0.7732 -0.1232
vn -0.1042 0.8393 -0.5336
vn -0.2750 0.7225 -0.6343
vn -0.2686 0.7249 -0.6343
vn -0.1084 0.8378 -0.5351
vn -0.0081 0.9295 -0.3688
vn 0.0008 0.9362 -0.3515
vn -0.4800 0.6050 -0.6352
vn -0.4724 0.6045 -0.6415
vn -0.8235 0.4210 -0.3803
vn -0.8995 0.3768 -0.2213
vn -0.9008 0.3827 -0.2051
vn -0.8167 0.4186 -0.3971
vn -0.9234 0.3827 -0.0287
vn -0.9204 0.3905 -0.0170
vn -0.6666 0.5046 -0.5486
vn -0.6661 0.5043 -0.5495
vn 0.5201 -0.8296 0.2032
vn 0.5901 -0.7808 0.2050
vn 0.5903 -0.7807 0.2051
vn 0.4637 -0.8635 0.1984
vn 0.4637 -0.8635 0.1983
vn 0.5229 -0.8278 0.2031
vn 0.4534 -0.8809 0.1358
vn 0.4531 -0.8815 0.1326
vn 0.4400 -0.8965 0.0526
vn 0.4401 -0.8964 0.0530
vn 0.0262 0.9883 -0.1501
vn 0.0290 0.9915 -0.1268
vn -0.1253 0.9474 0.2946
vn -0.0195 0.9946 0.1020
vn -0.0144 0.9965 0.0820
vn -0.1211 0.9497 0.2887
vn 0.6265 -0.7541 0.1969
vn 0.6284 -0.7529 0.1953
vn 0.6625 -0.7322 0.1580
vn 0.6639 -0.7314 0.1560
vn -0.2568 0.8696 0.4217
vn 0.7060 -0.7077 0.0264
vn 0.6928 -0.7150 0.0938
vn 0.7063 -0.7076 0.0215
vn 0.6920 -0.7155 0.0959
vn 0.6973 -0.7153 -0.0468
vn 0.6986 -0.7142 -0.0427
vn 0.6680 -0.7377 -0.0982
vn 0.6680 -0.7377 -0.0981
vn -0.8186 -0.4718 -0.3277
vn -0.6587 -0.3899 -0.6436
vn -0.8197 -0.4658 -0.3333
vn -0.6604 -0.3921 -0.6404
vn -0.3709 -0.2208 -0.9020
vn -0.3719 -0.2239 -0.9009
vn -0.0326 -0.0151 -0.9994
vn -0.0385 -0.0199 -0.9991
vn 0.7407 0.6336 0.2232
vn 0.5733 0.5545 0.6032
vn 0.7392 0.6332 0.2293
vn 0.3444 0.4173 0.8410
vn 0.3422 0.4172 0.8419
vn 0.5741 0.5543 0.6027
vn 0.0688 0.2669 0.9613
vn 0.0631 0.2633 0.9626
vn 0.7752 0.6080 -0.1716
vn 0.6920 0.5021 -0.5187
vn 0.7746 0.6063 -0.1800
vn 0.6897 0.4998 -0.5241
vn 0.5195 0.3526 -0.7783
vn 0.5194 0.3528 -0.7784
vn 0.7746 0.6064 -0.1799
vn -0.3201 0.0430 0.9464
vn -0.3161 0.0446 0.9477
vn -0.6319 -0.1733 0.7554
vn -0.8356 -0.3427 0.4293
vn -0.8365 -0.3504 0.4213
vn -0.3170 0.0494 0.9472
vn -0.6286 -0.1694 0.7590
vn -0.8915 -0.4531 -0.0002
vn -0.8884 -0.4590 -0.0019
vn -0.3161 0.0511 0.9473
vn 0.2720 0.1786 -0.9456
vn -0.0314 -0.0149 -0.9994
vn 0.2769 0.1818 -0.9435
vn -0.0386 -0.0196 -0.9991
vn -0.8888 -0.4582 -0.0014
vn -0.8858 -0.4640 0.0014
vn -0.8814 0.4331 0.1888
vn -0.8737 0.4425 0.2022
vn 0.4403 -0.8978 0.0042
vn 0.4394 -0.8983 0.0067
vn 0.4652 -0.8842 -0.0427
vn 0.9057 -0.3589 0.2255
vn 0.7756 -0.3813 0.5031
vn -0.9896 0.1297 -0.0616
vn 0.3083 -0.1420 -0.9406
vn 0.0978 -0.2692 -0.9581
vn 0.3857 -0.0944 -0.9178
vn -0.0498 -0.4181 -0.9070
vn -0.0001 -0.4206 -0.9072
vn 0.0001 -0.3313 -0.9435
vn 0.6724 0.0357 -0.7394
vn 0.6498 0.3755 -0.6608
vn -0.2101 0.2849 0.9352
vn -0.2597 0.2641 0.9289
vn -0.4727 0.1271 0.8720
vn -0.5063 0.1043 0.8560
vn -0.6974 -0.0011 0.7167
vn -0.6912 0.0358 0.7218
vn 0.6060 -0.3302 0.7237
vn 0.4606 -0.3838 0.8003
vn 0.6266 -0.3266 0.7076
vn 0.4571 -0.4099 0.7894
vn 0.3029 -0.5002 0.8112
vn 0.2764 -0.5066 0.8167
vn 0.2505 -0.5734 0.7801
vn -0.2927 -0.6132 0.7337
vn 0.0986 -0.4093 0.9071
vn -0.0827 -0.7397 0.6679
vn -0.6054 -0.6666 0.4350
vn -0.4856 -0.7980 0.3568
vn 0.4830 -0.3608 0.7978
vn 0.4193 -0.1941 0.8869
vn 0.0886 -0.4291 0.8989
vn 0.1803 -0.5719 0.8002
vn -0.0395 -0.8685 -0.4940
vn -0.1147 -0.6889 -0.7158
vn 0.2253 -0.6892 0.6886
vn 0.6963 0.4668 -0.5452
vn 0.8604 0.4501 -0.2389
vn 0.8466 0.4841 -0.2211
vn 0.7136 0.4397 -0.5454
vn 0.9298 0.3520 0.1071
vn 0.9103 0.3877 0.1450
vn 0.6790 0.4871 -0.5492
vn 0.4948 0.3271 -0.8051
vn 0.7077 0.4451 -0.5487
vn 0.4771 0.3533 -0.8047
vn 0.7802 -0.0101 0.6255
vn 0.5446 -0.3439 0.7649
vn 0.5206 -0.3288 0.7880
vn 0.7959 -0.0352 0.6044
vn 0.9020 0.1838 0.3907
vn 0.7605 0.0009 0.6494
vn 0.8716 0.2220 0.4371
vn 0.7952 -0.0384 0.6051
vn 0.5463 0.3173 0.7752
vn 0.5584 -0.3453 0.7543
vn -0.2880 -0.8899 0.3538
vn -0.4076 -0.9131 0.0113
vn -0.4681 -0.8837 -0.0005
vn -0.2662 -0.9109 0.3152
vn -0.4792 -0.8214 -0.3092
vn -0.5342 -0.7772 -0.3325
vn -0.0012 -0.8081 0.5890
vn -0.2973 -0.8897 0.3464
vn -0.0603 -0.7990 0.5984
vn -0.2482 -0.9210 0.3002
vn -0.5818 -0.6643 0.4693
vn -0.0982 -0.1752 -0.9796
vn -0.3606 -0.4031 -0.8411
vn -0.3352 -0.4321 -0.8372
vn 0.1997 0.0990 -0.9748
vn -0.0933 -0.1230 -0.9880
vn -0.4533 -0.6451 -0.6151
vn -0.3757 -0.3991 -0.8364
vn -0.4966 -0.5806 -0.6453
vn -0.3224 -0.4434 -0.8363
vn -0.6381 -0.1887 -0.7465
vn 0.2190 0.6308 -0.7444
vn 0.1803 0.1245 -0.9757
vn 0.2656 -0.5655 0.7808
vn 0.2850 -0.5977 0.7493
vn 0.5616 -0.3667 0.7417
vn 0.2608 -0.6012 0.7553
vn -0.1485 -0.2836 0.9474
vn 0.5749 -0.3255 0.7507
vn 0.2773 -0.6145 0.7386
vn 0.5332 0.8394 -0.1054
vn 0.5906 0.7730 0.2317
vn 0.5358 0.8383 -0.1010
vn 0.5649 0.6241 0.5398
vn 0.5651 0.6243 0.5393
vn 0.5904 0.7736 0.2302
vn 0.4852 0.8363 -0.2554
vn 0.5266 0.5337 0.6617
vn 0.5267 0.5333 0.6619
vn 0.4861 0.8344 -0.2596
vn 0.9743 -0.2104 0.0809
vn 0.9653 -0.2218 0.1376
vn 0.1551 -0.0266 0.9875
vn 0.3091 0.1493 0.9392
vn 0.1551 -0.0267 0.9875
vn 0.2451 0.8383 -0.4871
vn 0.1067 0.5904 -0.8000
vn 0.0773 0.5725 -0.8163
vn 0.3151 0.6963 -0.6449
vn 0.9470 -0.2367 0.2172
vn -0.4835 -0.4974 0.7203
vn -0.0184 -0.7981 0.6023
vn -0.3738 -0.9007 0.2213
vn -0.6977 -0.5489 0.4603
vn -0.1020 -0.1495 -0.9835
vn -0.6822 0.0252 -0.7307
vn -0.3741 -0.8096 0.4523
vn -0.2984 -0.9512 0.0778
vn -0.2291 -0.8862 0.4028
vn -0.4552 -0.8860 0.0883
vn 0.5076 -0.3907 0.7679
vn 0.1789 0.0619 0.9819
vn -0.8217 -0.1321 -0.5545
vn -0.4678 -0.6204 -0.6295
vn -0.7026 0.0204 -0.7113
vn -0.3014 -0.3541 -0.8853
vn 0.1014 -0.4605 0.8819
vn 0.5244 0.8495 -0.0574
vn 0.8548 0.4751 -0.2087
vn 0.3782 0.8307 -0.4086
vn 0.7261 0.4581 -0.5128
vn 0.3691 0.8489 -0.3783
vn 0.7256 0.4838 -0.4893
vn 0.1688 0.0293 0.9852
vn 0.8972 0.2546 0.3610
vn 0.9545 0.1945 0.2258
vn 0.9278 0.2420 0.2841
vn 0.8808 0.1510 0.4487
vn 0.8895 0.1923 0.4144
vn 0.8896 0.2315 0.3936
vn 0.8761 0.4353 -0.2072
vn 0.8935 0.1457 -0.4248
vn 0.9291 0.2055 -0.3075
vn 0.9008 0.3669 0.2324
vn 0.9715 0.2083 -0.1130
vn 0.9311 -0.0812 -0.3555
vn 0.9998 -0.0055 -0.0178
vn 0.8915 0.3174 0.3231
vn 0.8835 0.3204 0.3418
vn -0.0341 0.0411 -0.9986
vn -0.0313 0.0463 -0.9984
vn -0.0654 0.0691 -0.9955
vn 0.0049 0.0150 -0.9999
vn 0.1062 0.9943 -0.0002
vn 0.0745 0.9971 0.0154
vn 0.0658 0.9978 0.0064
vn -0.0224 0.9984 -0.0520
vn -0.0332 0.9990 -0.0301
vn 0.0609 0.9981 -0.0071
vn -0.0956 0.9900 -0.1035
vn -0.0870 0.9896 -0.1144
vn -0.1891 0.9777 -0.0909
vn -0.1624 0.9810 -0.1065
vn -0.2502 0.9633 -0.0969
vn -0.2612 0.9616 -0.0839
vn 0.0622 0.9981 0.0036
vn 0.0626 0.9980 0.0019
vn 0.1142 0.9914 -0.0636
vn 0.0055 0.0466 -0.9989
vn 0.9462 0.2805 0.1615
vn 0.9057 0.2766 0.3213
vn 0.9076 0.2706 0.3211
vn 0.9461 0.2812 -0.1608
vn 0.9398 0.2814 0.1939
vn 0.9590 0.2655 -0.0996
vn 0.9394 0.2071 -0.2732
vn 0.9479 0.1793 -0.2633
vn 0.9034 0.2439 0.3527
vn 0.9035 0.2325 0.3600
vn 0.5430 0.1019 0.8335
vn 0.2805 0.0404 0.9590
vn 0.7651 0.2427 0.5964
vn 0.2549 0.0827 0.9634
vn 0.7629 -0.3568 0.5391
vn 0.4575 -0.2108 0.8638
vn 0.8050 -0.2981 0.5129
vn 0.4859 -0.2214 0.8455
vn 0.1712 -0.2991 0.9387
vn 0.1518 -0.2657 0.9520
vn -0.5955 -0.6474 0.4757
vn 0.4554 0.7647 -0.4560
vn 0.4567 0.7624 -0.4586
vn -0.1282 -0.1206 -0.9844
vn -0.4709 -0.8766 0.0990
vn -0.7702 -0.6256 0.1241
vn 0.8206 0.5360 -0.1984
vn 0.2363 0.1347 0.9623
vn -0.1423 -0.0796 0.9866
vn 0.8398 -0.0710 0.5382
vn 0.5473 -0.3749 0.7482
vn 0.4253 -0.1556 0.8916
vn 0.8347 -0.0771 0.5453
vn 0.8356 -0.0776 0.5439
vn -0.6570 -0.5656 -0.4984
vn 0.8625 0.1625 -0.4793
vn 0.6491 0.0483 -0.7592
vn 0.6988 0.0695 -0.7119
vn 0.8884 0.1860 -0.4197
vn 0.7082 0.0815 -0.7013
vn -0.6439 0.3076 -0.7005
vn -0.6610 0.3221 -0.6777
vn -0.6603 0.3838 -0.6456
vn -0.2063 -0.3783 0.9024
vn -0.4458 -0.2546 0.8582
vn -0.1694 -0.2881 0.9425
vn -0.7356 -0.4009 0.5461
vn -0.4747 -0.3323 0.8150
vn -0.6527 -0.3944 0.6468
vn -0.4479 -0.3293 0.8313
vn -0.2003 -0.4095 0.8900
vn -0.2100 -0.3487 0.9134
vn -0.4447 -0.3050 0.8422
vn -0.6198 -0.3286 0.7126
vn -0.8207 -0.2646 0.5065
vn -0.5610 -0.3081 0.7683
vn -0.2578 -0.4552 0.8523
vn -0.1645 -0.2377 0.9573
vn -0.1296 -0.4098 0.9029
vn -0.0565 -0.3212 0.9453
vn -0.2637 -0.2209 0.9390
vn 0.3085 0.3241 0.8943
vn 0.8053 0.1774 0.5657
vn 0.3972 0.3468 0.8497
vn 0.2063 0.0913 0.9742
vn 0.7333 0.2728 0.6228
vn -0.1842 0.0686 0.9805
vn -0.1409 0.2947 0.9452
vn 0.7034 0.1138 0.7016
vn 0.7559 -0.5450 -0.3627
vn 0.5846 -0.6343 -0.5059
vn 0.2999 -0.6487 -0.6995
vn 0.6873 -0.6746 -0.2694
vn 0.5317 -0.7385 -0.4146
vn 0.7683 -0.5543 -0.3202
vn 0.1278 -0.0311 0.9913
vn -0.0584 0.3746 0.9253
vn -0.5654 0.0507 0.8232
vn -0.5891 0.1543 0.7932
vn -0.5214 0.2633 0.8117
vn -0.1898 -0.0191 0.9816
vn -0.1510 0.2317 -0.9610
vn -0.5043 0.3936 -0.7686
vn -0.4878 0.2518 -0.8359
vn -0.0112 -0.9162 0.4005
vn 0.3856 -0.8999 0.2039
vn 0.3190 -0.9347 -0.1569
vn 0.8198 -0.5459 0.1731
vn 0.5929 -0.7318 -0.3361
vn 0.1007 -0.8204 -0.5628
vn -0.2550 -0.3826 0.8880
vn 0.0356 -0.1572 0.9869
vn -0.2974 -0.6489 0.7003
vn -0.2741 -0.2361 0.9323
vn -0.0974 0.1618 0.9820
vn -0.2707 -0.3253 0.9060
vn -0.3767 -0.3021 0.8757
vn 0.0337 0.3763 0.9259
vn 0.4124 0.2883 0.8642
vn -0.1876 -0.3881 0.9023
vn -0.1745 -0.2860 0.9422
vn -0.2724 -0.2811 0.9202
vn -0.3628 -0.2255 0.9042
vn -0.2733 -0.1286 0.9533
vn -0.9343 0.3265 0.1429
vn -0.9440 0.2917 -0.1543
vn -0.9236 0.3794 0.0550
vn -0.9247 0.3481 0.1539
vn -0.9230 0.3787 0.0684
vn -0.8638 0.4216 -0.2758
vn -0.7262 0.3183 -0.6093
vn -0.6654 0.3841 -0.6401
vn -0.9058 0.4096 0.1085
vn -0.8937 0.4406 -0.0846
vn -0.5586 0.4444 -0.7004
vn -0.7843 0.4234 -0.4534
vn -0.9633 0.2010 -0.1780
vn -0.8507 0.0164 -0.5254
vn -0.7029 0.2583 -0.6627
vn -0.7836 0.0092 -0.6211
vn -0.6499 0.3753 -0.6609
vn -0.4821 0.0584 -0.8742
vn -0.4369 -0.3907 -0.8102
vn -0.4453 -0.5182 -0.7302
vn -0.8376 -0.2970 -0.4585
vn -0.7014 -0.3901 -0.5965
vn -0.5148 -0.5103 -0.6889
vn -0.8410 -0.3257 -0.4320
vn -0.1090 -0.7310 -0.6737
vn -0.1360 -0.7326 -0.6669
vn -0.2527 0.0713 0.9649
vn -0.3989 0.1565 0.9035
vn -0.4845 0.1364 0.8641
vn -0.2327 0.1393 0.9625
vn -0.4434 -0.0565 0.8946
vn -0.5159 0.0547 0.8549
vn -0.5476 0.0689 0.8339
vn -0.7030 0.0863 0.7059
vn -0.2230 0.1860 0.9569
vn -0.5046 0.1019 0.8573
vn -0.4843 -0.0230 0.8746
vn -0.3752 -0.1634 0.9124
vn -0.2915 -0.0928 0.9521
vn -0.2789 0.0223 0.9601
vn -0.7839 0.1420 0.6045
vn -0.4271 0.0218 0.9040
vn -0.4501 0.1269 0.8839
vn -0.9293 0.1185 0.3499
vn -0.6008 0.1645 0.7823
vn -0.9067 0.0947 0.4110
vn -0.7738 0.1820 0.6068
vn -0.6290 0.4188 -0.6549
vn -0.2706 0.0230 0.9624
vn -0.1760 -0.0766 0.9814
vn -0.1734 0.0270 0.9845
vn -0.5819 -0.1213 0.8042
vn -0.1612 0.0399 0.9861
vn -0.8176 -0.0620 0.5724
vn -0.9829 0.1298 0.1305
vn -0.9498 0.1651 0.2659
vn -0.8551 -0.2232 0.4679
vn -0.8921 -0.0353 0.4505
vn -0.9161 0.2751 0.2916
vn -0.7657 0.0597 0.6405
vn -0.5960 0.1925 0.7796
vn -0.1524 0.3424 0.9271
vn -0.2927 -0.1881 0.9375
vn -0.1080 -0.1851 0.9768
vn 0.1974 0.9751 -0.1007
vn 0.2944 0.9517 -0.0869
vn 0.1990 0.9772 -0.0736
vn 0.2696 0.9547 -0.1260
vn 0.2977 0.9513 -0.0801
vn 0.0837 0.9924 -0.0900
vn -0.5603 0.2737 -0.7818
vn -0.5289 0.0815 -0.8448
vn -0.7270 0.3031 -0.6161
vn -0.4867 -0.0146 -0.8735
vn -0.4940 -0.1970 -0.8469
vn -0.7041 -0.1339 -0.6974
vn -0.5654 0.4262 -0.7062
vn -0.9943 -0.0574 -0.0897
vn -0.9950 -0.0761 -0.0642
vn -0.9455 0.1203 0.3025
vn -0.8462 -0.3093 -0.4340
vn -0.9914 -0.1236 -0.0419
vn -0.7413 -0.3644 -0.5636
vn -0.4227 -0.0341 -0.9056
vn -0.1847 -0.1254 -0.9748
vn -0.0162 0.0291 -0.9994
vn -0.2362 -0.2587 -0.9366
vn -0.6485 -0.1692 -0.7422
vn -0.2151 -0.8872 0.4081
vn -0.3402 -0.8915 0.2991
vn -0.2257 -0.8814 0.4149
vn -0.2966 -0.8955 0.3317
vn -0.3080 -0.8231 0.4771
vn -0.4655 -0.8580 0.2173
vn 0.1871 0.9713 -0.1469
vn 0.0848 0.9859 -0.1440
vn 0.1887 0.9693 -0.1574
vn 0.1002 0.9850 -0.1405
vn -0.1089 0.9885 -0.1047
vn 0.2665 0.9552 -0.1287
vn -0.8644 0.4814 0.1453
vn -0.4545 -0.6722 0.5844
vn -0.3711 -0.7563 0.5389
vn -0.4586 -0.6703 0.5834
vn 0.0874 0.9905 -0.1066
vn -0.0336 0.9986 -0.0397
vn -0.1735 -0.9389 0.2972
vn -0.2679 -0.7929 0.5472
vn -0.1645 -0.9074 0.3867
vn -0.2570 -0.8703 0.4202
vn -0.2500 -0.6448 0.7223
vn 0.0036 -0.3731 0.9278
vn -0.0748 -0.8779 0.4730
vn -0.2530 -0.8898 0.3797
vn -0.2443 -0.6851 0.6862
vn -0.1262 -0.1700 0.9773
vn -0.2319 -0.0387 0.9720
vn -0.4348 -0.0231 0.9002
vn -0.0185 -0.2785 0.9603
vn -0.3956 0.1947 0.8975
vn -0.6692 -0.0321 0.7424
vn -0.6400 0.2159 0.7374
vn -0.0397 -0.3458 0.9375
vn -0.2263 0.1640 0.9601
vn -0.6924 -0.4636 0.5529
vn -0.7336 -0.0740 0.6755
vn -0.8224 -0.0711 0.5645
vn -0.7192 0.1182 0.6847
vn -0.8556 0.1704 0.4888
vn -0.7043 -0.3554 0.6146
vn -0.7224 -0.5944 0.3533
vn -0.7737 -0.3860 0.5024
vn -0.9166 0.3457 0.2007
vn -0.9254 0.3102 0.2178
vn -0.7229 0.1563 -0.6730
vn -0.7586 0.3844 -0.5261
vn -0.5199 0.6298 -0.5772
vn -0.6955 0.4688 -0.5446
vn -0.8859 0.4360 -0.1583
vn -0.8877 0.4320 -0.1590
vn -0.7325 0.4516 -0.5094
vn -0.7103 0.4067 -0.5746
vn 0.8529 -0.2869 0.4361
vn 0.9439 0.1293 0.3040
vn 0.8478 -0.3990 0.3493
vn 0.8359 0.2775 0.4735
vn 0.7400 -0.0671 0.6693
vn 0.4011 0.2363 0.8851
vn -0.0111 0.4464 0.8948
vn 0.4434 0.4791 0.7575
vn 0.7432 -0.0699 0.6654
vn 0.8382 0.2959 0.4581
vn 0.6853 -0.2743 0.6746
vn 0.7722 -0.1478 0.6180
vn 0.8228 -0.3385 0.4566
vn 0.8354 -0.4681 0.2881
vn 0.7051 -0.5124 0.4902
vn 0.6561 -0.3275 0.6800
vn 0.7677 -0.1842 0.6137
vn -0.5614 0.0393 0.8266
vn -0.1797 -0.1171 0.9767
vn 0.1496 -0.1318 0.9799
vn 0.4547 -0.0323 0.8901
vn -0.5915 -0.0623 0.8039
vn -0.1960 -0.2295 0.9534
vn 0.1478 -0.2048 0.9676
vn 0.9427 0.0804 0.3238
vn 0.9892 0.0549 0.1360
vn 0.9808 -0.0313 0.1923
vn 0.9827 0.1145 0.1454
vn 0.9918 0.0775 -0.1012
vn 0.9241 0.1722 0.3412
vn 0.9774 -0.1978 -0.0753
vn 0.9590 -0.2814 -0.0328
vn 0.7918 0.2209 0.5694
vn 0.7127 0.2739 0.6458
vn 0.6893 0.0330 0.7237
vn 0.8825 0.1055 0.4582
vn 0.7943 -0.5009 -0.3439
vn 0.7966 -0.4867 -0.3584
vn 0.6913 -0.5988 -0.4045
vn -0.9845 -0.1649 -0.0599
vn -0.8972 -0.0477 0.4389
vn -0.9134 0.0498 0.4041
vn -0.9641 -0.2647 -0.0208
vn -0.9982 -0.0287 0.0535
vn -0.8950 0.0016 0.4460
vn -0.8212 -0.3685 -0.4357
vn -0.7943 -0.4505 -0.4077
vn -0.9296 0.0138 -0.3684
vn -0.0812 -0.6736 -0.7347
vn 0.2828 -0.6691 -0.6873
vn -0.1529 -0.7767 -0.6110
vn -0.4310 -0.7127 -0.5535
vn -0.4546 -0.5873 -0.6696
vn -0.1843 -0.0816 -0.9795
vn -0.4297 -0.7162 -0.5499
vn -0.7460 -0.5350 -0.3965
vn 0.3959 0.3601 -0.8447
vn -0.3790 0.7625 -0.5243
vn -0.4364 0.7768 -0.4541
vn 0.1323 0.8305 -0.5411
vn -0.0113 -0.7028 -0.7113
vn 0.6052 0.0242 0.7957
vn 0.9564 0.1782 0.2316
vn -0.9893 -0.1329 -0.0597
vn -0.9002 0.0919 0.4257
vn -0.9204 0.1071 0.3759
vn -0.8337 -0.3565 -0.4218
vn -0.9872 -0.1583 -0.0186
vn -0.8275 -0.3934 -0.4006
vn -0.4913 -0.5764 -0.6530
vn -0.8373 -0.4043 -0.3680
vn -0.8409 -0.3697 -0.3953
vn -0.1048 -0.6914 -0.7148
vn -0.5128 -0.5883 -0.6253
vn -0.1006 -0.6586 -0.7458
vn -0.8413 -0.3164 -0.4383
vn -0.1118 -0.6554 -0.7469
vn 0.2450 -0.7526 -0.6112
vn 0.3114 -0.6340 -0.7078
vn 0.7353 -0.5382 -0.4119
vn 0.2808 -0.7206 -0.6339
vn 0.0835 -0.8895 -0.4492
vn 0.8325 0.5019 -0.2346
vn 0.7020 0.6205 -0.3496
vn -0.3426 -0.2292 0.9111
vn -0.3376 -0.4478 0.8280
vn -0.1839 -0.4771 0.8594
vn 0.9515 0.3075 0.0086
vn -0.8335 -0.3842 -0.3969
vn -0.7690 -0.3181 -0.5546
vn -0.7618 0.2177 0.6102
vn -0.5273 0.2939 0.7972
vn -0.5279 0.2505 0.8115
vn -0.5812 0.1397 0.8017
vn -0.5395 0.0356 0.8412
vn -0.9197 0.0746 0.3856
vn -0.8056 0.0998 0.5840
vn -0.5439 0.0526 0.8375
vn -0.9504 0.0192 0.3104
vn 0.5592 0.7635 -0.3232
vn -0.0717 0.7735 -0.6297
vn 0.1425 0.7955 -0.5889
vn -0.9783 0.2003 -0.0534
vn -0.9465 -0.2686 0.1788
vn -0.8296 0.4570 -0.3208
vn -0.9849 -0.0577 -0.1634
vn -0.5016 0.7111 -0.4928
vn -0.4103 0.7305 -0.5459
vn 0.8648 0.0629 0.4981
vn 0.4985 -0.0491 0.8655
vn 0.6426 -0.0408 0.7651
vn 0.5879 -0.0834 0.8046
vn -0.5884 -0.0625 0.8062
vn -0.8487 -0.0619 0.5252
vn 0.8789 -0.2553 0.4029
vn 0.9828 -0.0951 0.1583
vn 0.5730 -0.0865 0.8150
vn -0.8521 -0.3612 0.3788
vn 0.1713 -0.4886 0.8555
vn 0.5902 -0.4149 0.6925
vn 0.9961 0.0683 -0.0552
vn 0.9015 0.2713 -0.3372
vn 0.3937 0.7388 -0.5470
vn 0.0292 0.5735 -0.8187
vn -0.4261 0.7175 -0.5510
vn -0.8548 0.2337 -0.4633
vn -0.8279 0.4714 -0.3038
vn 0.5543 0.4638 -0.6911
vn 0.6096 0.1417 -0.7799
vn 0.9793 -0.1387 -0.1471
vn 0.9042 0.0040 -0.4271
vn -0.5702 0.7920 0.2180
vn -0.5737 0.6975 0.4293
vn -0.5748 0.7023 0.4200
vn -0.4488 0.8876 0.1041
vn -0.4084 0.9099 0.0730
vn -0.5792 0.7790 0.2401
vn -0.3776 0.5951 0.7094
vn -0.3860 0.5979 0.7025
vn -0.0382 -0.9850 -0.1685
vn -0.1436 -0.9699 -0.1966
vn -0.1637 -0.9640 -0.2097
vn -0.0440 -0.9844 -0.1702
vn -0.2625 -0.9249 -0.2750
vn -0.2857 -0.9048 -0.3159
vn 0.0380 -0.9841 -0.1737
vn 0.9619 -0.2706 0.0383
vn -0.3222 -0.7856 -0.5282
vn -0.3321 -0.8446 -0.4200
vn -0.3329 -0.8549 -0.3980
vn -0.1923 -0.7035 -0.6842
vn -0.3185 -0.7795 -0.5394
vn -0.1684 -0.6943 -0.6997
vn 0.0417 -0.6568 -0.7530
vn 0.0318 -0.6556 -0.7544
vn -0.1421 -0.6755 0.7236
vn 0.1992 -0.7054 0.6803
vn 0.6145 -0.6243 0.4824
vn 0.6085 -0.6365 0.4739
vn 0.8685 -0.4358 0.2363
vn 0.5863 -0.4207 0.6923
vn 0.0239 0.9801 0.1971
vn -0.3507 0.9309 0.1021
vn -0.2444 0.9629 0.1143
vn 0.0231 0.9879 0.1534
vn 0.2813 0.9499 0.1366
vn 0.6338 0.7006 0.3278
vn 0.1477 0.9198 0.3634
vn -0.2847 0.9270 0.2440
vn -0.5449 0.8382 0.0235
vn -0.3829 0.9193 0.0914
vn -0.1674 0.9715 0.1679
vn -0.0158 0.9833 0.1813
vn 0.1037 0.9826 0.1538
vn 0.3869 0.2711 -0.8814
vn 0.7880 0.1826 -0.5880
vn 0.3800 0.2760 -0.8828
vn 0.7917 0.1795 -0.5840
vn -0.0976 0.2629 -0.9599
vn -0.0475 0.2433 -0.9688
vn -0.2361 0.1346 -0.9624
vn -0.2019 0.0963 -0.9747
vn -0.8751 0.1858 -0.4469
vn -0.9813 0.1594 -0.1081
vn -0.8757 0.2986 -0.3796
vn -0.8602 0.1071 -0.4986
vn -0.7626 0.1445 -0.6305
vn -0.9703 0.0775 -0.2290
vn -0.9900 0.1065 -0.0926
vn -0.9668 0.2544 0.0251
vn -0.8708 -0.0051 -0.4916
vn -0.7682 0.0125 -0.6401
vn -0.8747 -0.0152 -0.4843
vn -0.7616 0.0280 -0.6475
vn -0.5323 0.8464 0.0172
vn -0.6734 0.7387 0.0299
vn -0.8816 0.4678 -0.0637
vn -0.4253 0.9013 0.0819
vn -0.2927 0.9443 0.1501
vn -0.8490 0.3817 -0.3654
vn -0.7147 0.4709 -0.5172
vn -0.8562 0.4354 -0.2780
vn -0.9096 0.1246 -0.3963
vn -0.7431 0.3094 -0.5933
vn -0.7267 0.4332 -0.5332
vn 0.5748 0.8142 0.0817
vn 0.5327 0.1993 0.8225
vn -0.8552 0.4312 -0.2875
vn -0.8354 0.5125 0.1985
vn -0.8420 0.3903 -0.3724
vn -0.9673 0.2530 0.0189
vn -0.9178 0.3735 0.1345
vn -0.7384 0.6364 0.2231
vn -0.7276 0.5607 0.3954
vn -0.7343 0.3388 -0.5883
vn -0.8765 0.2978 -0.3782
vn 0.1023 0.2468 -0.9637
vn -0.0874 0.2718 -0.9584
vn -0.0850 0.2748 -0.9577
vn 0.1638 0.2386 -0.9572
vn 0.6116 0.4416 -0.6564
vn 0.6389 0.1496 -0.7546
vn 0.1639 0.4893 -0.8566
vn 0.5951 0.3945 -0.7001
vn 0.5675 0.4488 -0.6904
vn 0.0608 0.5139 -0.8557
vn -0.0421 0.4836 -0.8743
vn 0.4377 0.5029 -0.7453
vn 0.8159 0.3362 -0.4704
vn 0.4005 0.4888 -0.7750
vn 0.0153 0.5145 -0.8573
vn 0.5489 0.2584 0.7950
vn 0.9049 0.0618 0.4212
vn 0.7543 -0.3279 0.5688
vn 0.8117 0.5396 0.2236
vn 0.9386 0.1671 0.3020
vn 0.5760 0.5615 0.5941
vn 0.9264 -0.2076 0.3143
vn 0.8848 -0.3474 0.3105
vn -0.9867 0.1391 -0.0845
vn -0.9829 0.1501 -0.1063
vn -0.9892 0.1290 -0.0695
vn -0.9919 0.0849 -0.0948
vn -0.9866 0.0929 -0.1343
vn -0.9794 0.1515 -0.1334
vn -0.9833 0.1469 -0.1074
vn -0.0000 -1.0000 0.0038
vn 0.7670 -0.6364 0.0816
vn 0.7607 -0.6410 0.1018
vn 0.7579 -0.6449 0.0982
vn 0.7667 -0.6408 0.0384
vn 0.7659 -0.6386 0.0742
vn 0.7655 -0.6425 0.0351
vn 0.7409 -0.6697 0.0507
vn 0.7382 -0.6741 0.0252
vn 0.0372 -0.9930 -0.1119
vn 0.0162 -0.9936 -0.1118
vn -0.0208 -0.9988 -0.0452
vn 0.0191 -0.9627 -0.2699
vn 0.1269 -0.9574 -0.2595
vn 0.0402 -0.9944 -0.0980
vn -0.0247 -0.9938 -0.1081
vn 0.0005 -0.9995 -0.0301
vn 0.0210 -0.9989 -0.0424
vn -0.0086 -1.0000 0.0032
vn 0.0139 -0.9648 -0.2627
vn 0.0023 -0.9565 -0.2917
vn -0.0176 -0.9947 -0.1014
vn -0.0571 -0.9922 -0.1107
vn -0.0219 -0.9963 -0.0835
vn -0.7506 -0.6517 0.1092
vn -0.6284 -0.6526 0.4234
vn -0.5869 -0.6787 0.4415
vn -0.7476 -0.6567 -0.0991
vn -0.7475 -0.6566 -0.1005
vn -0.7440 -0.6434 0.1804
vn -0.7640 -0.6411 -0.0728
vn -0.7676 -0.6372 -0.0691
vn 0.2266 -0.8365 0.4990
vn 0.1181 -0.8215 0.5578
vn 0.1275 -0.8233 0.5531
vn -0.0409 -0.7801 0.6243
vn -0.0654 -0.7722 0.6320
vn 0.0011 -0.9999 -0.0133
vn 0.0157 -0.9999 -0.0040
vn 0.0105 -0.9980 -0.0617
vn -0.0234 -0.9985 -0.0504
vn 0.0086 -0.9996 -0.0287
vn -0.6730 0.7393 0.0217
vn -0.8750 0.4785 -0.0734
vn -0.5328 0.8462 0.0071
vn -0.8566 0.5043 0.1089
vn -0.8945 0.4420 -0.0672
vn -0.9807 0.1613 -0.1103
vn -0.9778 0.1613 -0.1339
vn -0.9856 0.1514 -0.0751
vn 0.4075 0.9098 0.0792
vn 0.9165 0.3978 0.0424
vn 0.7780 0.6094 0.1527
vn 0.2833 0.9529 0.1081
vn -0.1389 0.9708 0.1958
vn -0.9730 0.1640 0.1626
vn -0.9788 0.1579 -0.1307
vn -0.8060 0.2068 0.5547
vn -0.9687 0.1793 0.1717
vn 0.9957 0.0643 0.0669
vn 0.9977 0.0642 0.0201
vn 0.9954 0.0644 0.0703
vn 0.9977 0.0658 0.0192
vn 0.9964 0.0768 0.0371
vn 0.9956 0.0825 0.0452
vn 0.9898 0.0441 0.1357
vn -0.3459 0.9269 0.1458
vn 0.0284 0.9865 0.1611
vn -0.0430 0.9802 0.1933
vn 0.1417 0.9823 0.1227
vn 0.2395 0.9659 0.0985
vn 0.9944 0.0903 0.0558
vn -0.8741 0.2262 -0.4298
vn -0.7471 0.2672 -0.6086
vn 0.9127 0.4077 0.0267
vn 0.9955 0.0831 0.0446
vn 0.9975 0.0690 0.0174
vn 0.5553 0.8300 0.0518
vn 0.9611 0.2505 0.1168
vn 0.9954 0.0567 0.0773
vn 0.9828 0.0288 0.1823
vn 0.9892 0.0176 0.1454
vn 0.9943 -0.0084 0.1059
vn 0.9983 0.0494 0.0315
vn 0.9758 0.1506 -0.1587
vn 0.9945 0.0747 0.0733
vn 0.9998 0.0113 -0.0173
vn 0.9721 0.1217 -0.2004
vn 0.9706 0.0659 -0.2316
vn 0.9996 0.0138 -0.0262
vn 0.9693 0.0698 -0.2357
vn 0.9999 0.0102 -0.0094
vn 0.9939 0.0133 0.1098
vn 0.9961 0.0134 0.0873
vn 0.7918 0.2646 -0.5504
vn 0.3820 0.3095 -0.8708
vn 0.3868 0.3973 -0.8322
vn 0.7919 0.2049 -0.5752
vn -0.0658 0.3203 -0.9450
vn -0.0121 0.4127 -0.9108
vn 0.9701 0.0790 -0.2296
vn 0.7903 0.2015 -0.5786
vn 0.7884 0.2659 -0.5547
vn 0.8008 0.3200 -0.5063
vn 0.9919 0.0437 0.1193
vn 0.9706 0.0834 0.2259
vn 0.9710 0.0457 0.2346
vn -0.8117 0.1902 0.5523
vn -0.5664 0.2120 0.7964
vn -0.5744 0.2290 0.7859
vn 0.0491 -0.7352 -0.6761
vn 0.1697 -0.6980 -0.6957
vn 0.1845 -0.6942 -0.6957
vn -0.1464 -0.7793 -0.6092
vn 0.0680 -0.7188 -0.6919
vn -0.3067 -0.7781 -0.5482
vn -0.6397 -0.6777 -0.3627
vn -0.5464 -0.7106 -0.4432
vn -0.7967 0.2243 0.5612
vn -0.5831 0.2471 0.7739
vn -0.5744 0.2291 0.7859
vn -0.3362 0.2202 0.9157
vn -0.1481 0.1469 0.9780
vn -0.1836 0.1593 0.9700
vn -0.3128 0.2036 0.9277
vn 0.1469 0.0929 0.9848
vn -0.5743 0.2291 0.7859
vn 0.3987 -0.6660 -0.6304
vn 0.4917 -0.6546 -0.5741
vn -0.0392 -0.9986 0.0345
vn -0.0207 -0.9990 0.0393
vn -0.0120 -0.9993 0.0358
vn -0.6283 -0.6526 0.4234
vn -0.4145 -0.7413 0.5279
vn -0.5868 -0.6787 0.4416
vn -0.3702 -0.7478 0.5511
vn -0.2066 -0.7565 0.6204
vn -0.1839 -0.7561 0.6281
vn -0.0434 -0.9625 -0.2677
vn -0.0492 -0.9987 0.0096
vn -0.0082 -0.9983 -0.0572
vn -0.0686 -0.9939 -0.0863
vn 0.0289 -0.9753 -0.2190
vn -0.0133 -0.9559 -0.2935
vn 0.0244 -0.9997 0.0055
vn 0.0134 -0.9994 0.0310
vn 0.0240 -0.9994 0.0245
vn -0.0023 -0.9998 0.0216
vn -0.0100 -0.9992 0.0388
vn -0.0355 -0.9987 0.0372
vn -0.3154 -0.6511 0.6904
vn 0.1112 -0.9740 -0.1974
vn 0.0459 -0.9832 -0.1764
vn 0.1340 -0.9679 -0.2126
vn 0.1899 -0.9527 -0.2375
vn 0.5970 0.5014 -0.6262
vn 0.1858 -0.7156 -0.6733
vn 0.2165 -0.7389 -0.6381
vn 0.2801 -0.8091 -0.5167
vn -0.0531 -0.9980 0.0328
vn -0.0329 -0.9995 0.0016
vn -0.8734 -0.4859 0.0340
vn -0.8733 0.1839 -0.4511
vn -0.9249 -0.2593 -0.2781
vn 0.2962 -0.8762 -0.3802
vn 0.2956 -0.8632 -0.4094
vn 0.2898 -0.8228 -0.4889
vn 0.2713 -0.9027 -0.3339
vn -0.7266 0.2895 -0.6231
vn -0.8150 -0.0044 -0.5794
vn -0.7806 -0.5770 0.2404
vn -0.0811 0.4996 0.8624
vn -0.0805 0.4978 0.8635
vn 0.1674 0.4956 0.8523
vn 0.6806 -0.6275 -0.3781
vn 0.7466 -0.6526 -0.1294
vn 0.7017 -0.6359 -0.3214
vn 0.7388 -0.6655 -0.1065
vn -0.2873 -0.7863 0.5470
vn -0.1010 -0.7995 0.5921
vn -0.3547 -0.7479 0.5612
vn -0.0494 -0.8094 0.5852
vn 0.3044 -0.7462 0.5920
vn -0.1691 0.9851 -0.0312
vn -0.1450 0.9887 -0.0392
vn 0.1120 0.9921 -0.0569
vn -0.7387 -0.6298 -0.2402
vn -0.6555 -0.6705 -0.3475
vn -0.7472 -0.6328 -0.2032
vn -0.5647 -0.7128 -0.4160
vn 0.9947 0.0886 0.0523
vn 0.9932 0.0984 0.0626
vn 0.9919 0.1065 0.0695
vn 0.9963 0.0167 0.0847
vn 0.9606 -0.0453 0.2743
vn 0.9914 -0.0779 0.1052
vn 0.8210 0.3274 -0.4677
vn 0.9840 0.1175 -0.1342
vn 0.9948 0.0624 -0.0800
vn 0.8941 0.2609 -0.3642
vn 0.8006 0.3218 -0.5054
vn 0.8893 0.2696 -0.3693
vn -0.1450 0.4911 -0.8589
vn -0.2293 0.2931 -0.9282
vn -0.1714 0.3917 -0.9040
vn -0.0926 0.4928 -0.8652
vn -0.1105 -0.9128 -0.3931
vn 0.6135 0.7126 0.3403
vn 0.5865 0.7754 0.2339
vn 0.5930 0.7676 0.2431
vn 0.5779 0.6394 0.5072
vn 0.5831 0.6387 0.5020
vn 0.6132 0.7091 0.3480
vn 0.4233 0.5541 0.7168
vn 0.1612 0.4634 -0.8714
vn -0.7201 0.6434 0.2597
vn -0.7261 0.5727 0.3805
vn -0.8429 -0.5194 0.1405
vn -0.7483 -0.6177 0.2418
vn -0.7587 -0.6258 0.1811
vn -0.8721 -0.4709 0.1327
vn -0.9693 -0.2295 -0.0880
vn -0.9776 -0.1677 -0.1273
vn 0.9192 0.2259 -0.3224
vn 0.9980 0.0263 -0.0570
vn 0.4869 0.8663 0.1118
vn 0.5069 0.8523 0.1288
vn 0.3175 0.9482 0.0095
vn 0.3233 -0.7104 0.6251
vn 0.6313 -0.6041 0.4863
vn 0.7025 -0.3792 0.6022
vn 0.9814 -0.1512 0.1183
vn 0.5889 0.4029 -0.7006
vn 0.2544 -0.9203 -0.2971
vn 0.2141 -0.9406 -0.2636
vn 0.1831 0.4978 0.8477
vn 0.4351 0.5571 0.7073
vn 0.0050 -0.9998 0.0197
vn 0.0392 -0.9991 0.0150
vn 0.0385 -0.9989 0.0257
vn 0.0015 -0.9999 0.0124
vn 0.3082 0.9513 0.0073
vn 0.1131 0.9921 -0.0539
vn -0.0443 -0.9989 0.0142
vn -0.0356 -0.9987 0.0372
vn -0.0339 -0.9994 0.0108
vn -0.0319 -0.9994 0.0130
vn -0.0198 -0.9997 0.0138
vn 0.0025 -1.0000 0.0040
vn -0.0011 -0.9995 0.0301
vn -0.1838 -0.7561 0.6281
vn -0.0655 -0.7722 0.6320
vn -0.2066 -0.7565 0.6205
vn -0.7675 -0.6389 -0.0516
vn -0.7668 -0.6392 -0.0584
vn -0.0401 -0.9985 0.0373
vn -0.0499 -0.9986 0.0187
vn -0.7637 -0.6364 -0.1081
vn 0.7283 -0.6841 0.0396
vn 0.7353 -0.6769 0.0348
vn 0.7489 -0.6622 0.0253
vn -0.7612 -0.6351 -0.1313
vn -0.0495 -0.9981 0.0363
vn -0.0406 -0.9991 0.0135
vn -0.0386 -0.9991 0.0147
vn -0.0467 -0.9984 0.0334
vn 0.0137 -0.9998 0.0126
vn 0.0165 -0.9999 -0.0039
vn 0.1733 0.0849 0.9812
vn -0.1142 0.1350 0.9842
vn -0.2912 0.1877 0.9381
vn 0.1111 0.1020 0.9886
vn 0.3479 0.0732 0.9347
vn 0.3645 0.0672 0.9288
vn 0.6734 -0.6183 -0.4053
vn 0.7012 -0.6276 -0.3383
vn 0.7782 -0.6192 0.1051
vn 0.9785 0.0251 0.2046
vn 0.9764 -0.2138 0.0305
vn 0.6362 -0.7452 -0.1997
vn 0.7069 -0.5777 0.4081
vn 0.8468 -0.4734 0.2426
vn 0.6816 -0.6121 0.4009
vn 0.2939 -0.9555 0.0237
vn 0.5892 -0.7418 -0.3203
vn 0.6170 -0.7651 -0.1841
vn 0.7459 -0.5149 -0.4226
vn -0.0155 0.3476 0.9375
vn -0.1616 0.3576 0.9198
vn -0.5174 0.3081 0.7983
vn -0.0349 0.4778 -0.8778
vn 0.6971 -0.5131 0.5007
vn 0.5563 0.4427 -0.7032
vn -0.9091 0.1262 -0.3970
vn -0.8519 0.3793 -0.3611
vn 0.9152 0.0091 -0.4029
vn 0.6204 0.1612 -0.7676
vn 0.5812 0.1717 -0.7954
vn 0.9085 0.0161 -0.4175
vn 0.9839 -0.1314 -0.1210
vn 0.9825 -0.1173 -0.1447
vn 0.9735 -0.2259 0.0363
vn -0.8898 -0.4482 0.0859
vn -0.8202 -0.5171 0.2447
vn -0.8206 -0.5129 0.2522
vn -0.8976 -0.4377 0.0526
vn -0.9309 -0.2830 -0.2310
vn -0.9279 -0.2572 -0.2698
vn -0.7988 -0.1002 -0.5932
vn 0.1382 0.1728 -0.9752
vn -0.0465 0.1547 -0.9869
vn -0.0412 0.1464 -0.9884
vn 0.1737 0.1878 -0.9667
vn 0.5775 0.1704 -0.7984
vn 0.6107 0.1803 -0.7711
vn 0.2506 -0.6429 0.7238
vn 0.6684 -0.5312 0.5207
vn 0.6213 -0.5561 0.5521
vn -0.1098 -0.6565 0.7463
vn 0.2834 -0.6378 0.7161
vn -0.1442 -0.6565 0.7404
vn -0.3135 -0.6438 0.6981
vn -0.3120 -0.6462 0.6964
vn 0.9650 -0.2501 0.0795
vn 0.8961 -0.3647 0.2528
vn 0.8674 -0.3937 0.3043
vn 0.6672 -0.5361 0.5172
vn 0.6205 -0.5529 0.5561
vn -0.8124 -0.1216 -0.5703
vn -0.6523 -0.0095 -0.7579
vn -0.7907 -0.0997 -0.6040
vn -0.8064 -0.1101 -0.5811
vn -0.6515 -0.0107 -0.7586
vn 0.3791 0.0619 0.9233
vn -0.5663 0.2120 0.7965
vn -0.9641 0.1954 0.1796
vn 0.7941 0.1793 -0.5807
vn 0.7912 0.1824 -0.5837
vn -0.9676 0.0163 -0.2519
vn -0.9756 0.0147 -0.2188
vn -0.9770 0.1651 -0.1346
vn -0.7489 0.2098 -0.6286
vn -0.8228 -0.0366 -0.5671
vn -0.7062 0.0899 -0.7023
vn -0.5738 -0.8179 0.0425
vn -0.4117 -0.9025 -0.1265
vn -0.3932 -0.8895 0.2327
vn -0.2380 -0.9690 0.0668
vn -0.0253 -0.9609 0.2757
vn -0.2201 -0.8701 0.4410
vn -0.2627 -0.5406 0.7992
vn -0.7983 -0.5147 0.3127
vn -0.6896 -0.0848 0.7192
vn -0.8784 -0.0799 0.4712
vn -0.6473 -0.5372 0.5408
vn -0.1361 0.5605 -0.8169
vn 0.2481 0.1196 -0.9613
vn 0.1514 0.3901 -0.9083
vn -0.4913 0.2754 -0.8263
vn -0.0319 0.3582 -0.9331
vn 0.4444 0.1938 -0.8746
vn -0.1968 0.0923 -0.9761
vn 0.4257 0.0143 -0.9048
vn -0.6663 0.5217 -0.5329
vn -0.4908 0.3905 -0.7789
vn -0.6603 0.5324 -0.5297
vn -0.5013 0.3769 -0.7789
vn -0.2653 0.2128 -0.9404
vn -0.2551 0.2203 -0.9415
vn -0.4746 0.4065 -0.7807
vn -0.6526 0.5475 -0.5237
vn 0.0418 0.0211 -0.9989
vn 0.0460 0.0183 -0.9988
vn -0.3909 0.7272 -0.5642
vn -0.5058 0.8097 -0.2976
vn -0.2926 0.6353 -0.7147
vn -0.7190 0.4213 -0.5528
vn -0.4801 0.3505 -0.8041
vn -0.2008 0.1074 -0.9737
vn -0.2032 0.1197 -0.9718
vn -0.4814 0.3188 -0.8165
vn 0.1309 0.5362 -0.8339
vn -0.1609 0.7340 -0.6598
vn 0.0754 -0.1566 -0.9848
vn 0.4142 0.3205 -0.8519
vn -0.9773 -0.0433 0.2076
vn -0.8396 0.0760 0.5378
vn -0.9705 0.1439 0.1935
vn -0.9908 -0.0504 -0.1253
vn -0.7040 0.4560 0.5445
vn -0.8237 0.5383 0.1783
vn -0.9772 0.1355 -0.1633
vn -0.8206 0.5359 -0.1984
vn 0.8222 -0.5285 -0.2115
vn 0.8823 -0.3999 -0.2482
vn 0.8816 -0.4029 -0.2458
vn 0.8055 -0.5581 -0.1993
vn 0.8782 -0.4308 -0.2080
vn 0.8784 -0.4314 -0.2059
vn 0.6805 -0.7230 -0.1188
vn 0.4846 -0.3837 -0.7861
vn 0.3770 -0.5109 -0.7726
vn 0.4843 -0.3873 -0.7845
vn 0.3525 -0.5431 -0.7621
vn 0.1905 -0.7179 -0.6696
vn -0.4858 0.3819 -0.7862
vn -0.2855 0.0769 -0.9553
vn -0.3266 -0.0501 -0.9438
vn -0.5133 0.3475 -0.7847
vn -0.2640 -0.0827 -0.9610
vn -0.5126 0.3624 -0.7784
vn -0.6677 0.5477 -0.5042
vn -0.0759 -0.2811 -0.9567
vn -0.1582 -0.4762 -0.8650
vn -0.6977 0.5427 -0.4677
vn -0.7840 0.6029 -0.1482
vn -0.7227 0.5448 -0.4254
vn -0.8569 0.5111 -0.0669
vn -0.8151 0.5700 -0.1037
vn -0.4787 0.3924 -0.7854
vn -0.7393 0.5384 -0.4044
vn 0.0047 0.0838 0.9965
vn 0.2466 0.0916 0.9648
vn 0.5334 -0.3717 0.7598
vn 0.2738 -0.6479 0.7108
vn 0.6682 -0.5675 0.4810
vn 0.5725 -0.7622 0.3021
vn 0.5230 -0.6219 0.5828
vn 0.2439 -0.8513 0.4646
vn 0.4277 0.0691 0.9013
vn 0.7974 -0.5621 0.2194
vn 0.1994 0.1624 0.9664
vn 0.3316 0.0257 0.9431
vn 0.1155 0.1127 0.9869
vn 0.1353 -0.5784 -0.8044
vn -0.0208 -0.7477 -0.6637
vn -0.0759 -0.2812 -0.9567
vn 0.3324 -0.7535 -0.5673
vn 0.1150 -0.8888 -0.4437
vn 0.1292 -0.8999 -0.4165
vn 0.0286 -0.7887 -0.6142
vn -0.0576 -0.5709 -0.8190
vn -0.2640 -0.0828 -0.9610
vn 0.3175 -0.3219 -0.8920
vn -0.2486 0.2002 -0.9477
vn 0.0223 -0.0613 -0.9979
vn 0.1862 -0.3668 -0.9115
vn 0.2294 -0.5609 -0.7955
vn -0.4176 0.4000 0.8159
vn -0.7853 0.3309 0.5233
vn -0.5332 0.2519 0.8076
vn -0.2119 0.2299 0.9499
vn -0.1278 0.2804 0.9513
vn -0.1582 0.2620 0.9520
vn -0.3735 0.4066 0.8338
vn -0.1356 0.2670 0.9541
vn -0.1562 0.2893 0.9444
vn -0.3498 0.4114 0.8417
vn 0.2465 0.0916 0.9648
vn 0.1993 0.1624 0.9664
vn -0.5651 0.1067 0.8181
vn -0.3545 0.1590 0.9214
vn 0.1154 0.1127 0.9869
vn -0.7598 0.6254 -0.1775
vn -0.7840 0.6029 -0.1481
vn -0.7442 0.6289 0.2251
vn -0.7599 0.6254 -0.1775
vn -0.8151 0.5700 -0.1036
vn -0.7756 0.5873 0.2316
vn -0.8157 0.5309 0.2296
vn -0.5832 0.5469 0.6006
vn -0.6778 0.4865 0.5513
vn -0.8569 0.5111 -0.0668
vn -0.8992 0.3888 0.2007
vn -0.6205 0.5201 0.5869
vn -0.8994 0.4369 -0.0150
vn -0.9258 0.3261 0.1912
vn -0.6448 0.0495 0.7627
vn -0.9453 0.2622 0.1942
vn -0.8421 0.1637 0.5139
vn 0.5179 -0.8527 -0.0688
vn 0.2796 -0.9597 0.0277
vn 0.2470 -0.9638 -0.1006
vn 0.2913 -0.9530 -0.0832
vn 0.5300 -0.8350 -0.1476
vn 0.2079 -0.9435 -0.2579
vn 0.5301 -0.8350 -0.1476
vn 0.2470 -0.9638 -0.1007
vn 0.4715 -0.8176 -0.3304
vn 0.8055 -0.5822 -0.1102
vn 0.8293 -0.5583 -0.0224
vn 0.5180 -0.8526 -0.0688
vn 0.2187 -0.9520 -0.2141
vn 0.5725 -0.7622 0.3020
vn 0.1292 -0.9000 -0.4164
vn 0.7147 -0.6734 -0.1891
vn 0.5464 -0.8109 -0.2096
vn 0.5673 -0.7969 -0.2075
vn 0.3283 -0.9180 -0.2225
vn 0.3283 -0.9180 -0.2224
vn 0.7148 -0.6732 -0.1896
vn 0.7143 -0.6728 -0.1924
vn 0.3558 -0.4891 -0.7964
vn 0.5020 -0.3708 -0.7814
vn 0.2871 -0.5276 -0.7995
vn 0.4982 -0.3668 -0.7857
vn 0.0680 -0.6240 -0.7784
vn 0.4757 -0.3437 -0.8097
vn 0.0681 -0.6240 -0.7785
vn 0.1345 -0.4420 0.8869
vn 0.4641 -0.4271 0.7760
vn 0.2672 -0.3327 0.9044
vn 0.3220 -0.5836 0.7455
vn 0.6341 -0.4901 0.5981
vn 0.6589 -0.4368 0.6125
vn 0.4963 -0.3815 0.7799
vn 0.3083 -0.3046 0.9012
vn 0.5109 -0.6534 0.5587
vn -0.3861 -0.5537 0.7377
vn -0.0574 -0.8367 0.5446
vn 0.2612 -0.9515 0.1627
vn -0.9910 -0.0256 -0.1314
vn -0.9765 0.1396 -0.1643
vn -0.8847 0.0653 -0.4616
vn -0.9162 -0.0970 -0.3889
vn -0.8391 0.5038 -0.2052
vn -0.7146 -0.0638 -0.6966
vn -0.7730 -0.2121 -0.5979
vn -0.5987 0.7444 -0.2957
vn -0.5558 0.8228 0.1183
vn -0.6444 0.7571 -0.1070
vn -0.4758 0.7491 0.4609
vn -0.5261 0.8243 -0.2093
vn -0.6161 0.7423 0.2633
vn -0.5700 -0.3683 -0.7344
vn 0.8863 -0.4598 -0.0551
vn 0.7354 -0.5832 -0.3450
vn 0.8234 -0.4582 -0.3346
vn 0.8918 -0.4510 -0.0353
vn 0.5774 -0.5065 -0.6404
vn 0.6669 -0.3711 -0.6461
vn 0.8295 -0.4463 -0.3357
vn 0.6731 -0.3586 -0.6468
vn 0.8511 -0.3447 0.3959
vn 0.6933 -0.0489 0.7190
vn 0.9070 -0.3073 0.2879
vn 0.8918 -0.4511 -0.0353
vn 0.7811 0.2746 0.5608
vn 0.9015 0.1598 0.4022
vn 0.8294 -0.5582 -0.0224
vn 0.8056 -0.5822 -0.1102
vn -0.4738 -0.2401 -0.8473
vn -0.1929 -0.4386 -0.8778
vn -0.3252 -0.5445 -0.7732
vn 0.1282 -0.1206 -0.9844
vn 0.8175 -0.1928 0.5426
vn 0.4382 -0.3377 0.8331
vn 0.6667 -0.5281 0.5259
vn 0.9498 -0.2376 0.2036
vn 0.6396 -0.2160 0.7378
vn 0.9569 -0.2430 0.1591
vn 0.5529 -0.0264 0.8328
vn 0.7702 -0.6256 0.1241
vn 0.3811 -0.1958 -0.9036
vn 0.0419 0.0211 -0.9989
vn 0.3839 -0.1855 -0.9046
vn 0.0461 0.0182 -0.9988
vn 0.0224 -0.0613 -0.9979
vn 0.2969 -0.7917 -0.5339
vn -0.0801 -0.7203 -0.6891
vn 0.0736 -0.6289 -0.7740
vn 0.2540 -0.9434 -0.2133
vn 0.1323 -0.8721 -0.4711
vn -0.3173 -0.5443 -0.7766
vn -0.1911 -0.4403 -0.8773
vn 0.4151 0.1937 -0.8889
vn 0.3989 -0.3498 -0.8476
vn 0.1020 -0.1495 -0.9835
vn 0.5335 0.1371 -0.8346
vn 0.6793 -0.0112 -0.7338
vn 0.6402 -0.5157 -0.5695
vn 0.8047 -0.1738 -0.5676
vn 0.8737 -0.1793 -0.4522
vn 0.9366 -0.3497 -0.0226
vn 0.8290 -0.5507 -0.0970
vn 0.6495 -0.7459 -0.1474
vn -0.7233 0.6549 0.2189
vn -0.5588 0.5730 0.5995
vn -0.3313 0.4311 0.8393
vn -0.3238 0.4422 0.8364
vn -0.5505 0.5836 0.5969
vn -0.7174 0.6628 0.2147
vn -0.0821 0.3007 0.9502
vn -0.1057 0.3058 0.9462
vn -0.7513 0.6325 -0.1883
vn -0.7442 0.6289 0.2250
vn -0.7508 0.6317 -0.1933
vn 0.2523 0.2154 0.9434
vn 0.3053 0.0791 0.9490
vn -0.3412 0.1284 0.9312
vn -0.2690 0.4194 0.8670
vn -0.1453 0.4989 0.8544
vn -0.7340 -0.6469 -0.2067
vn -0.7402 -0.6283 -0.2394
vn -0.5516 -0.7489 -0.3674
vn -0.8754 -0.4774 -0.0757
vn -0.4747 -0.8622 -0.1765
vn -0.6264 -0.7794 0.0095
vn -0.0253 -0.9893 0.1434
vn -0.8726 -0.4868 -0.0408
vn -0.4416 -0.7611 0.4750
vn -0.7693 -0.6233 0.1404
vn -0.3227 -0.8786 0.3520
vn 0.1047 -0.7670 0.6330
vn -0.0187 -0.6443 0.7645
vn 0.4023 -0.8739 0.2729
vn 0.8007 -0.5720 -0.1781
vn 0.8290 -0.5508 -0.0970
vn 0.9320 -0.3326 -0.1441
vn 0.7741 -0.6005 -0.2002
vn 0.9406 -0.3112 -0.1354
vn 0.5830 -0.7863 -0.2046
vn 0.9187 -0.3630 -0.1559
vn 0.5163 -0.8197 -0.2480
vn 0.4477 -0.8246 -0.3457
vn 0.4381 -0.8213 -0.3655
vn 0.3996 -0.8003 -0.4471
vn 0.3986 -0.7983 -0.4515
vn 0.9177 -0.3651 -0.1569
vn 0.9014 -0.4012 -0.1629
vn 0.9004 -0.4034 -0.1627
vn 0.5676 0.6374 0.5212
vn 0.7653 0.4953 0.4111
vn 0.7674 0.5014 0.3996
vn 0.5717 0.6247 0.5319
vn 0.5793 0.5908 0.5616
vn 0.7692 0.4635 0.4398
vn 0.9111 0.2982 0.2844
vn 0.9087 0.3263 0.2603
vn 0.6035 0.4577 0.6529
vn 0.9112 0.3286 0.2485
vn 0.7811 0.2747 0.5608
vn 0.9214 0.2359 0.3088
vn 0.5892 0.5396 0.6014
vn 0.7835 0.4027 0.4733
vn -0.5012 -0.8499 0.1628
vn -0.7232 -0.6386 0.2629
vn -0.2994 -0.9541 -0.0041
vn -0.5628 -0.8220 0.0874
vn -0.2280 -0.9725 0.0483
vn -0.4500 -0.8684 -0.2084
vn -0.6818 -0.7240 -0.1047
vn -0.0707 -0.9165 0.3937
vn -0.7162 -0.6485 0.2579
vn -0.7481 -0.6378 0.1831
vn -0.8267 -0.5619 0.0280
vn -0.5451 -0.7453 -0.3840
vn 0.1048 -0.7670 0.6330
vn 0.4024 -0.8738 0.2729
vn 0.6935 -0.5713 0.4390
vn 0.1865 -0.4998 0.8458
vn -0.0186 -0.6443 0.7645
vn 0.5384 -0.3866 0.7488
vn 0.7724 0.0753 0.6306
vn 0.6140 -0.7813 -0.1121
vn -0.7863 0.1467 0.6002
vn -0.7303 -0.0354 0.6822
vn -0.7255 -0.0473 0.6866
vn -0.7914 0.1598 0.5901
vn -0.7862 0.1462 0.6005
vn -0.6067 -0.2728 0.7466
vn -0.1704 0.3326 0.9275
vn -0.2212 0.5030 0.8355
vn -0.1623 0.3095 0.9370
vn -0.2207 0.5047 0.8346
vn -0.0808 0.0831 0.9933
vn -0.0808 0.0832 0.9933
vn -0.2139 0.5458 0.8102
vn -0.2144 0.5418 0.8127
vn -0.6068 -0.2728 0.7466
vn 0.8796 -0.4559 -0.1356
vn 0.8804 -0.4541 -0.1371
vn 0.9062 -0.3466 0.2422
vn 0.3539 -0.9088 -0.2211
vn 0.3952 -0.8096 -0.4340
vn 0.6139 -0.7814 -0.1121
vn 0.3954 -0.8133 -0.4268
vn 0.9062 -0.3466 0.2423
vn 0.5975 0.2370 0.7660
vn 0.7724 0.0754 0.6306
vn 0.6053 0.4599 0.6497
vn 0.8001 0.3069 0.5154
vn 0.9299 0.1347 0.3422
vn 0.8001 0.3068 0.5154
vn 0.5469 0.0191 0.8370
vn 0.5975 0.2370 0.7661
vn -0.5672 -0.3820 -0.7296
vn -0.7093 -0.6693 -0.2213
vn -0.7550 -0.2388 -0.6108
vn -0.5363 -0.7618 -0.3634
vn -0.9509 -0.0273 -0.3083
vn -0.4067 -0.9058 -0.1193
vn -0.9651 -0.2579 0.0451
vn -0.6459 -0.7634 0.0017
vn -0.8823 -0.4002 0.2477
vn -0.6421 0.1533 -0.7512
vn -0.4418 0.0655 -0.8947
vn -0.7246 -0.0446 -0.6877
vn -0.8684 0.0855 -0.4885
vn -0.7930 0.2367 -0.5614
vn -0.4241 0.1176 -0.8979
vn -0.5066 -0.1256 -0.8530
vn -0.8400 -0.3582 -0.4075
vn -0.9626 -0.2690 -0.0326
vn -0.5513 -0.3102 -0.7745
vn -0.7640 0.2756 -0.5833
vn -0.6139 0.2024 -0.7630
vn 0.5743 -0.7838 -0.2363
vn 0.7460 -0.6138 -0.2584
vn 0.7499 -0.6094 -0.2575
vn 0.5623 -0.7934 -0.2329
vn 0.8087 -0.5403 -0.2325
vn 0.8102 -0.5387 -0.2310
vn 0.2612 -0.9515 0.1626
vn 0.1654 -0.9861 -0.0162
vn 0.3132 -0.3934 -0.8644
vn 0.1695 -0.5856 -0.7927
vn 0.3131 -0.3934 -0.8644
vn 0.1692 -0.5859 -0.7925
vn -0.2096 -0.7923 -0.5730
vn -0.2203 -0.7943 -0.5662
vn -0.9549 -0.0275 0.2958
vn -0.9460 0.1819 0.2682
vn -0.9465 0.1708 0.2738
vn -0.8188 -0.1105 0.5634
vn -0.9442 0.2563 0.2070
vn -0.9439 0.2521 0.2132
vn -0.5615 -0.0492 0.8260
vn -0.6021 -0.2111 0.7700
vn -0.5629 -0.0538 0.8248
vn -0.8187 -0.1105 0.5635
vn -0.5548 0.0064 0.8320
vn -0.7785 -0.4693 0.4167
vn -0.3862 -0.5537 0.7377
vn -0.8187 -0.1106 0.5634
vn -0.4936 -0.6926 0.5261
vn -0.9626 -0.2691 -0.0325
vn -0.8512 -0.5220 0.0545
vn -0.4519 -0.8037 -0.3872
vn -0.2097 -0.7923 -0.5730
vn -0.4519 -0.8036 -0.3872
vn -0.2204 -0.7943 -0.5662
vn -0.0575 -0.8367 0.5446
vn -0.0639 -0.9873 0.1453
vn 0.2611 -0.9515 0.1626
vn 0.1653 -0.9861 -0.0162
vn -0.8784 -0.0798 0.4712
vn -0.8268 0.1480 0.5427
vn -0.8282 0.1467 0.5409
vn -0.5134 0.1848 0.8380
vn -0.7525 0.1802 0.6334
vn -0.1066 -0.1954 0.9749
vn -0.3233 0.1312 0.9372
vn -0.3286 0.1271 0.9359
vn -0.6473 -0.5371 0.5409
vn -0.7204 -0.0082 -0.6935
vn -0.5305 -0.0825 -0.8437
vn -0.5108 -0.0744 -0.8565
vn -0.9066 -0.0751 -0.4153
vn -0.8678 0.0593 -0.4933
vn -0.7652 -0.2019 -0.6113
vn -0.5535 -0.2672 -0.7888
vn -0.5802 -0.4610 -0.6714
vn -0.7198 -0.0092 -0.6941
vn -0.8599 0.0637 -0.5064
vn -0.9122 -0.3255 -0.2487
vn -0.7652 -0.2020 -0.6112
vn -0.7456 -0.4211 -0.5166
vn -0.9066 -0.0751 -0.4152
vn -0.7455 -0.4211 -0.5166
vn -0.1065 -0.1954 0.9749
vn 0.3446 -0.0912 0.9343
vn 0.3451 -0.0867 0.9346
vn 0.1960 -0.3108 0.9301
vn 0.3353 -0.0510 0.9407
vn 0.0545 0.0647 0.9964
vn -0.2626 -0.5406 0.7992
vn 0.0646 -0.4611 0.8850
vn 0.8154 -0.3090 0.4895
vn 0.8238 -0.3312 0.4601
vn 0.8253 -0.3333 0.4559
vn 0.7365 -0.4325 0.5201
vn 0.8152 -0.3053 0.4922
vn 0.6998 -0.4859 0.5237
vn 0.5720 -0.6335 0.5211
vn 0.3522 -0.9179 -0.1830
vn 0.2740 -0.7362 -0.6188
vn 0.2039 -0.5638 -0.8004
vn -0.0758 -0.5562 0.8276
vn 0.2909 -0.5805 0.7606
vn 0.0780 -0.4745 0.8768
vn 0.4817 -0.6354 0.6035
vn 0.2983 -0.5739 0.7627
vn 0.0998 -0.7247 0.6818
vn 0.4898 -0.6453 0.5863
vn 0.1014 -0.4781 0.8724
vn 0.3485 -0.7906 0.5035
vn 0.1612 -0.9065 0.3903
vn -0.0461 -0.8529 0.5200
vn -0.0759 -0.5563 0.8275
vn -0.3450 -0.6765 0.6506
vn -0.4570 0.3969 -0.7960
vn -0.2251 0.2617 -0.9385
vn -0.2298 0.2521 -0.9400
vn -0.8804 0.3573 -0.3119
vn -0.7875 0.5227 -0.3266
vn -0.5756 0.2201 -0.7876
vn -0.7642 0.5301 -0.3673
vn -0.4481 0.4043 -0.7974
vn -0.3630 0.0711 -0.9291
vn -0.8989 0.3782 0.2213
vn -0.9509 -0.0272 -0.3084
vn -0.9551 0.1870 0.2296
vn -0.7549 -0.2387 -0.6108
vn -0.9651 -0.2579 0.0452
vn -0.8760 0.2745 0.3966
vn -0.8996 0.4146 0.1372
vn -0.9551 0.1869 0.2297
vn -0.8514 0.2226 0.4750
vn -0.8886 0.0271 0.4578
vn -0.8042 0.1869 0.5642
vn -0.8130 0.2156 0.5409
vn -0.8031 0.1841 0.5667
vn -0.7922 0.1611 0.5887
vn -0.2273 0.6044 0.7635
vn -0.2315 0.6137 0.7548
vn 0.0826 0.0697 0.9941
vn 0.3100 -0.0289 0.9503
vn 0.8406 -0.3494 0.4138
vn 0.9027 -0.4107 0.1282
vn 0.7868 -0.4478 0.4248
vn -0.7194 -0.0085 -0.6946
vn -0.5429 -0.0800 -0.8360
vn -0.8543 0.0629 -0.5159
vn -0.6582 -0.3512 -0.6659
vn -0.7871 -0.2514 -0.5633
vn -0.4313 0.1805 0.8840
vn -0.6742 0.1818 0.7158
vn 0.0544 0.0647 0.9964
vn 0.0825 0.0696 0.9942
vn 0.8831 -0.4357 -0.1741
vn 0.9027 -0.4108 0.1281
vn 0.5831 -0.7991 -0.1464
vn 0.5283 -0.4638 -0.7112
vn 0.5292 -0.4640 -0.7104
vn 0.5436 -0.4663 -0.6979
vn 0.4977 -0.4460 -0.7439
vn 0.4967 -0.4449 -0.7452
vn -0.9476 0.2774 0.1587
vn -0.9470 0.2768 0.1628
vn -0.5676 0.0257 0.8229
vn -0.5543 0.0048 0.8323
vn -0.5669 0.0254 0.8234
vn 0.8258 -0.5246 -0.2071
vn 0.8260 -0.5247 -0.2060
vn 0.8278 -0.5255 -0.1963
vn 0.8278 -0.5256 -0.1963
vn 0.3572 -0.2941 -0.8865
vn 0.3508 -0.3127 -0.8827
vn 0.3572 -0.2938 -0.8866
vn 0.3507 -0.3132 -0.8826
vn -0.6063 0.2131 -0.7661
vn -0.5566 -0.0555 -0.8289
vn -0.4225 0.1311 -0.8968
vn -0.7545 0.2825 -0.5923
vn -0.6992 0.0408 -0.7138
vn 0.5030 -0.3705 0.7809
vn 0.3226 -0.3007 0.8975
vn 0.4636 -0.6098 0.6429
vn 0.3397 -0.5468 0.7653
vn 0.6593 -0.4218 0.6225
vn 0.1828 -0.5079 0.8418
vn -0.8966 0.4367 0.0735
vn -0.8996 0.4147 0.1372
vn -0.7487 0.5308 -0.3971
vn -0.8966 0.4367 0.0736
vn -0.8912 0.3123 0.3289
vn -0.4456 0.4052 -0.7983
vn -0.2281 0.2660 -0.9366
vn -0.2747 0.2396 -0.9312
vn 0.3012 -0.5719 0.7631
vn 0.1141 -0.4824 0.8685
vn 0.4740 -0.6308 0.6143
vn 0.0712 -0.7435 0.6649
vn -0.1836 -0.6936 0.6966
vn 0.7140 -0.6725 -0.1948
vn 0.7143 -0.6727 -0.1929
vn 0.7143 -0.6721 -0.1953
vn 0.7139 -0.6723 -0.1957
vn 0.4693 -0.3372 -0.8161
vn 0.4514 -0.3195 -0.8332
vn 0.4461 -0.3143 -0.8380
vn -0.8129 0.2346 0.5331
vn -0.8134 0.2176 0.5395
vn -0.8124 0.2356 0.5334
vn -0.8102 0.2398 0.5348
vn -0.2944 0.6720 0.6795
vn -0.2729 0.6635 0.6967
vn -0.2982 0.6706 0.6793
vn -0.2642 0.6575 0.7056
vn -0.3338 0.9406 0.0614
vn -0.3181 0.9437 -0.0909
vn -0.3466 0.9263 0.1481
vn -0.3527 0.8205 0.4498
vn -0.3526 0.8119 0.4653
vn -0.3131 0.9401 -0.1351
vn -0.3011 0.9364 -0.1802
vn -0.1350 0.5829 0.8013
vn -0.1108 0.5990 0.7931
vn 0.1993 0.2865 0.9371
vn 0.2313 0.2605 0.9374
vn -0.1532 0.5801 0.8000
vn -0.3116 0.7215 0.6183
vn -0.1110 0.5972 0.7944
vn 0.9327 0.1082 0.3441
vn 0.8869 0.0549 0.4586
vn 0.9752 -0.0284 0.2194
vn 0.9963 0.0809 0.0299
vn 0.9895 0.1298 -0.0636
vn 0.9269 -0.0971 0.3625
vn 0.7411 0.0326 0.6706
vn 0.7076 0.0296 0.7060
vn 0.4900 0.1312 0.8618
vn 0.9909 -0.0701 0.1153
vn 0.6645 0.3824 -0.6420
vn 0.6047 0.3452 -0.7178
vn 0.8180 0.1568 -0.5534
vn 0.7329 0.3766 -0.5666
vn 0.9887 0.0827 -0.1251
vn 0.9884 0.0890 -0.1226
vn 0.9912 0.0490 -0.1234
vn 0.3190 0.6190 -0.7176
vn 0.4015 0.5533 -0.7298
vn 0.2177 0.6608 -0.7183
vn 0.4364 0.5163 -0.7368
vn -0.9681 0.2352 0.0868
vn -0.9354 0.1534 0.3185
vn -0.9679 0.2405 0.0723
vn -0.9431 0.2380 -0.2323
vn -0.9342 0.1440 0.3265
vn -0.8384 -0.0705 0.5405
vn -0.8356 -0.0775 0.5439
vn -0.9423 0.2540 -0.2179
vn -0.8588 0.1700 -0.4833
vn 0.7881 -0.3729 -0.4897
vn 0.7058 -0.4859 -0.5154
vn 0.8349 -0.5172 -0.1880
vn 0.6912 -0.5128 -0.5092
vn 0.7235 -0.2857 -0.6284
vn 0.7763 -0.6139 0.1433
vn 0.7041 -0.7093 0.0341
vn 0.6726 -0.7315 0.1118
vn 0.8347 -0.5044 -0.2211
vn 0.6305 -0.6591 0.4099
vn 0.3054 0.0791 0.9489
vn 0.6415 -0.1574 0.7508
vn 0.2524 0.2153 0.9434
vn 0.2329 -0.0871 0.9686
vn 0.2064 0.0537 0.9770
vn 0.3194 0.2108 0.9239
vn -0.1984 -0.5609 0.8038
vn 0.1921 -0.6465 0.7383
vn -0.1095 -0.4286 0.8968
vn 0.2310 -0.8856 0.4030
vn 0.3804 -0.8052 0.4548
vn 0.0758 -0.7478 0.6596
vn 0.1423 -0.0796 0.9866
vn 0.8752 -0.4617 -0.1447
vn 0.9086 -0.4022 -0.1124
vn 0.8285 -0.3009 -0.4723
vn 0.8691 -0.2430 -0.4309
vn 0.7225 -0.1310 -0.6789
vn 0.8081 -0.5606 -0.1806
vn 0.7695 -0.3922 -0.5041
vn 0.8065 -0.5522 0.2111
vn 0.8439 -0.4888 0.2210
vn 0.6761 -0.5345 0.5071
vn 0.7083 -0.4740 0.5231
vn 0.7424 -0.6513 0.1570
vn 0.8524 -0.4786 0.2105
vn 0.8253 -0.5286 -0.1984
vn 0.7488 -0.6478 0.1404
vn 0.6010 -0.6869 0.4085
vn 0.6961 -0.4984 0.5167
vn 0.8840 -0.2057 -0.4198
vn 0.7702 -0.3950 -0.5009
vn 0.9283 -0.3571 -0.1034
vn 0.7800 -0.0594 -0.6230
vn 0.7122 -0.3193 -0.6252
vn 0.1279 -0.1459 0.9810
vn 0.4534 -0.3251 0.8299
vn 0.4249 -0.3878 0.8180
vn 0.1611 -0.0895 0.9829
vn 0.6761 -0.5345 0.5072
vn -0.0032 -0.3060 0.9520
vn 0.3090 -0.5368 0.7851
vn -0.1489 0.1585 0.9761
vn -0.1091 0.2072 0.9722
vn 0.1619 -0.0893 0.9828
vn 0.1282 -0.1458 0.9810
vn 0.0025 -0.3046 0.9525
vn -0.3044 0.0002 0.9525
vn 0.4386 -0.3810 0.8139
vn 0.2439 -0.6374 0.7309
vn -0.4274 -0.1533 0.8910
vn -0.1079 -0.4133 0.9042
vn 0.5676 -0.7160 0.4063
vn -0.3838 0.8799 0.2801
vn -0.4420 0.8558 0.2688
vn -0.3662 0.7389 0.5656
vn -0.4217 0.7139 0.5590
vn -0.6771 0.7045 0.2126
vn -0.6581 0.5411 0.5235
vn -0.2891 0.3673 0.8840
vn -0.3319 0.9426 -0.0365
vn -0.3873 0.9204 -0.0532
vn -0.2385 0.8384 -0.4901
vn -0.2699 0.8998 -0.3428
vn -0.6015 0.7861 -0.1423
vn 0.0886 0.7943 0.6011
vn 0.1049 0.8367 0.5374
vn 0.1161 0.8636 0.4906
vn 0.1367 0.9336 0.3312
vn 0.1363 0.9337 0.3311
vn 0.1333 0.9765 0.1695
vn -0.1259 0.7293 -0.6726
vn -0.3091 0.6927 -0.6517
vn -0.2619 0.6534 -0.7103
vn 0.2421 0.5342 -0.8099
vn -0.0552 0.7796 -0.6238
vn 0.2071 0.4703 -0.8578
vn 0.0915 0.3926 -0.9152
vn -0.2189 0.6308 -0.7444
vn 0.1080 0.4137 -0.9040
vn 0.4812 0.1081 -0.8699
vn 0.5326 0.1845 -0.8260
vn 0.1996 0.4763 -0.8563
vn 0.5422 0.2243 -0.8097
vn 0.2423 0.5340 -0.8100
vn 0.5121 0.1493 -0.8459
vn 0.0950 0.3947 -0.9139
vn 0.5415 0.2243 -0.8103
vn 0.7551 -0.0551 -0.6533
vn 0.5121 0.1492 -0.8458
vn 0.6381 -0.1887 -0.7465
vn 0.5509 0.1934 -0.8118
vn 0.5084 0.1192 -0.8528
vn 0.7117 -0.4692 0.5228
vn 0.5818 -0.6642 0.4693
vn 0.6959 -0.5017 0.5138
vn -0.1086 0.2127 0.9711
vn -0.1490 0.1585 0.9761
vn -0.3227 0.5095 0.7977
vn -0.5463 0.3173 0.7752
vn -0.2972 -0.0018 0.9548
vn -0.8962 -0.0130 -0.4434
vn -0.9297 -0.0528 -0.3644
vn -0.9477 -0.0795 -0.3090
vn -0.9812 -0.1565 -0.1129
vn -0.9811 -0.1561 -0.1140
vn -0.3091 0.1494 0.9392
vn -0.1490 0.1585 0.9760
vn -0.4274 -0.1532 0.8910
vn -0.2384 0.8384 -0.4902
vn -0.0552 0.7792 -0.6243
vn -0.2695 0.9000 -0.3427
vn -0.1131 0.7396 -0.6634
vn -0.2245 0.6344 -0.7397
vn -0.4567 0.7624 -0.4585
vn -0.2554 0.8292 -0.4972
vn 0.1133 0.9864 0.1190
vn 0.0172 0.9989 0.0441
vn -0.0040 0.9991 0.0426
vn -0.5840 0.7510 0.3081
vn -0.8751 0.1974 0.4419
vn -0.9152 0.3756 0.1462
vn -0.5519 0.5654 0.6129
vn -0.5244 0.8495 -0.0574
vn -0.7582 -0.0649 0.6488
vn 0.4611 -0.8828 0.0902
vn 0.7720 -0.5863 -0.2455
vn 0.8082 -0.5773 0.1158
vn 0.2893 -0.9546 0.0717
vn 0.4236 -0.8741 -0.2378
vn 0.8813 -0.4352 0.1842
vn 0.9684 -0.1984 0.1513
vn 0.9632 -0.2155 -0.1609
vn 0.8566 -0.5095 0.0816
vn 0.8700 -0.4418 -0.2187
vn 0.3447 -0.9166 0.2026
vn 0.8739 -0.4833 0.0532
vn 0.4293 -0.9030 0.0159
vn 0.7170 -0.5323 0.4501
vn 0.9005 -0.3406 -0.2702
vn 0.4980 -0.8120 -0.3044
vn 0.2748 -0.3447 -0.8976
vn 0.6822 0.0252 -0.7307
vn -0.2992 0.6059 0.7371
vn -0.5076 0.3102 0.8039
vn -0.2572 0.4423 0.8592
vn -0.4475 0.6436 0.6209
vn -0.0334 0.4242 0.9050
vn 0.2466 0.2195 0.9439
vn 0.0785 0.1193 0.9898
vn 0.1071 -0.1129 0.9878
vn -0.2363 0.1347 0.9623
vn 0.2984 -0.9512 0.0778
vn 0.4602 -0.8824 0.0975
vn -0.5306 0.8204 -0.2132
vn -0.7174 0.6628 0.2146
vn -0.8452 -0.1025 0.5245
vn -0.6697 -0.2027 0.7144
vn -0.6529 -0.0439 0.7562
vn -0.4751 -0.3419 0.8108
vn -0.4287 -0.2199 0.8763
vn 0.2736 -0.6480 0.7108
vn -0.0099 -0.9638 0.2663
vn -0.1327 -0.6282 0.7666
vn -0.1328 -0.6282 0.7666
vn 0.2438 -0.8514 0.4645
vn 0.6035 0.4576 0.6529
vn 0.2914 -0.9530 -0.0832
vn 0.2062 -0.9413 -0.2672
vn 0.2187 -0.9520 -0.2140
vn -0.7926 -0.4540 -0.4071
vn -0.6582 -0.3513 -0.6659
vn -0.8849 -0.2290 -0.4057
vn -0.8635 -0.3888 -0.3212
vn -0.6914 -0.5215 -0.5000
vn -0.8849 -0.2289 -0.4057
vn 0.1662 -0.6757 0.7181
vn 0.0870 -0.6206 0.7792
vn 0.2710 -0.7368 0.6194
vn -0.7630 -0.1165 -0.6358
vn -0.8180 0.0976 -0.5668
vn -0.8450 -0.0364 -0.5335
vn -0.6421 -0.2083 -0.7378
vn 0.1068 -0.8073 -0.5804
vn 0.7142 -0.6720 -0.1958
vn -0.1954 -0.8386 0.5085
vn -0.1836 -0.6936 0.6965
vn 0.0712 -0.7436 0.6649
vn -0.0276 -0.9191 0.3932
vn -0.0276 -0.9190 0.3932
vn -0.3138 -0.7531 0.5782
vn 0.4711 -0.6296 0.6178
vn 0.6082 0.6471 0.4597
vn 0.7711 0.5212 0.3657
vn 0.7643 0.5265 0.3723
vn 0.4130 0.7756 0.4774
vn 0.6133 0.6443 0.4569
vn 0.2550 0.8715 0.4190
vn 0.4196 0.7706 0.4796
vn 0.2569 0.8696 0.4217
vn -0.5121 -0.8542 -0.0898
vn -0.5105 -0.8553 -0.0885
vn -0.4666 -0.8834 -0.0446
vn -0.5631 -0.8178 -0.1187
vn -0.5669 -0.8149 -0.1202
vn -0.6187 -0.7758 -0.1238
vn 0.1042 0.8393 -0.5336
vn 0.2686 0.7249 -0.6343
vn 0.2750 0.7225 -0.6343
vn 0.0081 0.9295 -0.3688
vn 0.1084 0.8378 -0.5351
vn 0.4723 0.6045 -0.6414
vn 0.4800 0.6050 -0.6352
vn 0.8235 0.4211 -0.3802
vn 0.8995 0.3768 -0.2213
vn 0.8167 0.4186 -0.3971
vn 0.9008 0.3827 -0.2051
vn 0.6666 0.5047 -0.5486
vn 0.9234 0.3827 -0.0287
vn -0.5201 -0.8296 0.2032
vn -0.4638 -0.8635 0.1983
vn -0.5229 -0.8278 0.2031
vn -0.5903 -0.7807 0.2051
vn -0.5901 -0.7808 0.2050
vn -0.4637 -0.8635 0.1983
vn -0.4534 -0.8809 0.1358
vn -0.4531 -0.8815 0.1326
vn -0.4400 -0.8964 0.0527
vn -0.0007 0.9360 -0.3519
vn -0.0262 0.9883 -0.1501
vn 0.1254 0.9474 0.2946
vn 0.0144 0.9965 0.0820
vn 0.0195 0.9946 0.1020
vn 0.1210 0.9497 0.2887
vn -0.0290 0.9915 -0.1268
vn -0.6267 -0.7541 0.1965
vn -0.6284 -0.7529 0.1953
vn -0.6626 -0.7321 0.1580
vn -0.7063 -0.7076 0.0215
vn -0.6927 -0.7151 0.0937
vn -0.7060 -0.7078 0.0264
vn -0.6639 -0.7313 0.1561
vn -0.6920 -0.7155 0.0960
vn -0.6987 -0.7141 -0.0426
vn -0.6680 -0.7376 -0.0982
vn -0.6973 -0.7153 -0.0468
vn -0.6680 -0.7377 -0.0982
vn 0.8186 -0.4718 -0.3277
vn 0.6587 -0.3899 -0.6436
vn 0.6604 -0.3921 -0.6404
vn 0.3708 -0.2209 -0.9021
vn 0.8197 -0.4658 -0.3333
vn 0.3718 -0.2239 -0.9009
vn 0.0326 -0.0151 -0.9994
vn -0.7408 0.6336 0.2232
vn -0.5733 0.5545 0.6032
vn -0.5740 0.5543 0.6027
vn -0.3444 0.4173 0.8410
vn -0.7393 0.6332 0.2292
vn -0.3422 0.4172 0.8419
vn -0.0689 0.2669 0.9613
vn -0.7752 0.6080 -0.1716
vn -0.7746 0.6063 -0.1800
vn -0.6919 0.5021 -0.5187
vn -0.6897 0.4997 -0.5240
vn -0.5195 0.3526 -0.7783
vn -0.7746 0.6064 -0.1799
vn 0.3161 0.0446 0.9477
vn 0.3201 0.0430 0.9464
vn -0.0631 0.2633 0.9626
vn 0.6319 -0.1733 0.7554
vn 0.3170 0.0494 0.9472
vn 0.3161 0.0511 0.9473
vn 0.8356 -0.3427 0.4293
vn 0.6286 -0.1694 0.7590
vn 0.8365 -0.3504 0.4212
vn 0.8915 -0.4531 -0.0002
vn 0.0385 -0.0199 -0.9991
vn -0.2720 0.1785 -0.9456
vn -0.2769 0.1818 -0.9435
vn 0.0314 -0.0149 -0.9994
vn 0.0386 -0.0196 -0.9991
vn -0.5194 0.3528 -0.7784
vn 0.8884 -0.4590 -0.0019
vn 0.8889 -0.4582 -0.0014
vn 0.8858 -0.4641 0.0014
vn 0.8814 0.4331 0.1888
vn 0.9204 0.3905 -0.0170
vn 0.8737 0.4425 0.2022
vn -0.6221 -0.7732 -0.1231
vn 0.6661 0.5043 -0.5495
vn -0.4401 -0.8964 0.0530
vn -0.4403 -0.8978 0.0042
vn -0.4394 -0.8983 0.0067
vn -0.4652 -0.8842 -0.0426
vn -0.9032 -0.3638 0.2276
vn -0.8187 -0.3632 0.4449
vn -0.3083 -0.1420 -0.9406
vn -0.0978 -0.2692 -0.9581
vn -0.0001 -0.3313 -0.9435
vn 0.0498 -0.4181 -0.9070
vn -0.3857 -0.0944 -0.9178
vn 0.2102 0.2848 0.9352
vn 0.4520 0.1262 0.8831
vn 0.2599 0.2640 0.9289
vn 0.4937 0.1078 0.8629
vn -0.2505 -0.5733 0.7801
vn 0.2927 -0.6132 0.7337
vn 0.0826 -0.7397 0.6679
vn -0.0986 -0.4093 0.9071
vn 0.6053 -0.6666 0.4350
vn 0.4856 -0.7981 0.3568
vn -0.5474 -0.3749 0.7482
vn -0.4253 -0.1556 0.8916
vn -0.0677 -0.3346 0.9399
vn -0.1803 -0.5719 0.8002
vn -0.0886 -0.4291 0.8989
vn -0.4830 -0.3608 0.7978
vn -0.4193 -0.1941 0.8869
vn -0.1703 -0.3036 0.9375
vn -0.1776 -0.1812 0.9673
vn -0.2270 -0.6859 0.6914
vn -0.6963 0.4668 -0.5452
vn -0.8605 0.4500 -0.2389
vn -0.7136 0.4397 -0.5454
vn -0.8466 0.4841 -0.2211
vn -0.4554 0.7647 -0.4560
vn -0.9298 0.3520 0.1071
vn -0.6790 0.4871 -0.5492
vn -0.4948 0.3271 -0.8051
vn -0.4771 0.3533 -0.8047
vn -0.7077 0.4451 -0.5487
vn -0.7802 -0.0100 0.6254
vn -0.5446 -0.3439 0.7649
vn -0.7959 -0.0352 0.6044
vn -0.5206 -0.3288 0.7880
vn -0.9020 0.1838 0.3907
vn -0.7605 0.0009 0.6494
vn -0.7952 -0.0384 0.6051
vn -0.8716 0.2219 0.4371
vn 0.2880 -0.8899 0.3538
vn 0.4076 -0.9131 0.0113
vn 0.2662 -0.9109 0.3152
vn 0.4681 -0.8837 -0.0005
vn 0.5955 -0.6474 0.4757
vn 0.4794 -0.8213 -0.3092
vn 0.0012 -0.8081 0.5890
vn 0.2973 -0.8897 0.3465
vn 0.2482 -0.9210 0.3002
vn 0.0603 -0.7990 0.5983
vn 0.0982 -0.1753 -0.9796
vn 0.4155 0.0903 -0.9051
vn 0.3606 -0.4031 -0.8411
vn 0.0933 -0.1230 -0.9880
vn 0.3352 -0.4321 -0.8372
vn 0.6477 -0.1787 -0.7407
vn 0.4533 -0.6451 -0.6151
vn 0.3757 -0.3991 -0.8364
vn 0.3225 -0.4434 -0.8363
vn 0.4966 -0.5805 -0.6453
vn 0.5342 -0.7773 -0.3325
vn -0.1803 0.1245 -0.9757
vn -0.1997 0.0991 -0.9748
vn -0.9103 0.3877 0.1450
vn -0.2656 -0.5655 0.7808
vn -0.2850 -0.5977 0.7493
vn -0.5616 -0.3667 0.7417
vn 0.1485 -0.2836 0.9474
vn -0.2608 -0.6012 0.7553
vn -0.2773 -0.6145 0.7386
vn -0.5749 -0.3255 0.7507
vn -0.5332 0.8394 -0.1054
vn -0.5906 0.7730 0.2317
vn -0.5905 0.7736 0.2302
vn -0.5358 0.8383 -0.1010
vn -0.4852 0.8363 -0.2554
vn -0.4861 0.8344 -0.2596
vn -0.5652 0.6241 0.5395
vn -0.5649 0.6241 0.5398
vn -0.5267 0.5332 0.6620
vn -0.5267 0.5333 0.6619
vn -0.9743 -0.2105 0.0809
vn -0.1551 -0.0266 0.9875
vn -0.1551 -0.0267 0.9875
vn -0.3091 0.1493 0.9392
vn -0.2451 0.8383 -0.4871
vn -0.1067 0.5904 -0.8000
vn -0.3151 0.6962 -0.6449
vn -0.0773 0.5725 -0.8163
vn -0.9653 -0.2219 0.1376
vn -0.9470 -0.2367 0.2172
vn 0.4835 -0.4974 0.7203
vn 0.3738 -0.9007 0.2213
vn 0.0184 -0.7981 0.6023
vn 0.6978 -0.5489 0.4603
vn -0.1788 0.0619 0.9819
vn -0.5076 -0.3907 0.7679
vn -0.4011 0.3153 0.8601
vn 0.8217 -0.1321 -0.5545
vn 0.7026 0.0204 -0.7113
vn 0.4678 -0.6203 -0.6295
vn 0.3014 -0.3542 -0.8853
vn -0.8548 0.4751 -0.2087
vn -0.3782 0.8307 -0.4086
vn -0.7261 0.4581 -0.5128
vn -0.3691 0.8489 -0.3783
vn -0.7256 0.4838 -0.4893
vn -0.1687 0.0293 0.9852
vn -0.8974 0.2644 0.3533
vn -0.8821 0.1609 0.4428
vn -0.8904 0.2390 0.3875
vn -0.9546 0.2019 0.2191
vn -0.8894 0.2041 0.4089
vn -0.8736 0.4328 -0.2224
vn -0.9707 0.2066 -0.1225
vn -0.9010 0.3727 0.2221
vn -0.8898 0.1353 -0.4359
vn -0.9259 0.2010 -0.3198
vn -0.9302 -0.0915 -0.3554
vn -0.9998 -0.0070 -0.0180
vn -0.9276 0.2506 0.2770
vn -0.8922 0.3238 0.3148
vn -0.8843 0.3264 0.3339
vn 0.0582 0.0270 -0.9979
vn 0.0558 0.0324 -0.9979
vn 0.0185 -0.0003 -0.9998
vn 0.0905 0.0564 -0.9943
vn 0.0099 0.9998 -0.0167
vn -0.0886 0.9961 -0.0045
vn -0.1209 0.9924 -0.0220
vn -0.0701 0.9973 -0.0198
vn -0.0711 0.9972 -0.0214
vn -0.4683 -0.8563 0.2176
vn -0.0732 0.9972 -0.0172
vn 0.0228 0.9967 -0.0774
vn -0.0712 0.9970 -0.0301
vn 0.0348 0.9979 -0.0546
vn 0.1021 0.9866 -0.1275
vn 0.0937 0.9857 -0.1399
vn 0.1708 0.9771 -0.1271
vn 0.1985 0.9739 -0.1102
vn 0.2625 0.9582 -0.1140
vn 0.2742 0.9563 -0.1014
vn -0.1209 0.9885 -0.0906
vn 0.0175 0.0349 -0.9992
vn -0.9399 0.2854 0.1875
vn -0.9432 0.2823 -0.1752
vn -0.9466 0.2845 0.1517
vn -0.9579 0.2663 -0.1072
vn -0.9366 0.2053 -0.2841
vn -0.9066 0.2823 0.3137
vn -0.9086 0.2764 0.3131
vn -0.9046 0.2487 0.3462
vn -0.9048 0.2372 0.3537
vn -0.9458 0.1762 -0.2728
vn -0.3110 0.0470 0.9493
vn -0.5723 0.1046 0.8134
vn -0.7870 0.2434 0.5669
vn -0.2828 0.0923 0.9547
vn -0.8406 0.4760 -0.2584
vn 0.7536 -0.0546 -0.6551
vn -0.5584 -0.3453 0.7543
vn -0.1014 -0.4605 0.8819
vn -0.8398 -0.0709 0.5382
vn -0.8347 -0.0769 0.5454
vn 0.5230 0.0854 0.8480
vn 0.5131 -0.7872 0.3421
vn 0.0001 -0.4206 -0.9072
vn -0.8787 0.1955 -0.4354
vn 0.6570 -0.5657 -0.4983
vn -0.8625 0.1625 -0.4793
vn -0.6988 0.0695 -0.7119
vn -0.6491 0.0483 -0.7592
vn -0.8884 0.1860 -0.4197
vn -0.6724 0.0356 -0.7394
vn -0.7082 0.0815 -0.7013
vn 0.0415 0.9148 0.4018
vn 0.0542 0.9064 0.4189
vn 0.0587 0.8965 0.4390
vn 0.0225 0.9204 0.3904
vn -0.0415 0.8783 0.4763
vn -0.0542 0.8867 0.4592
vn -0.0415 0.8783 0.4762
vn -0.0587 0.8965 0.4390
vn -0.0225 0.8727 0.4877
vn 0.0542 0.8867 0.4592
vn -0.0542 0.9064 0.4189
vn -0.0415 0.9148 0.4018
vn 0.0415 0.8783 0.4763
vn 0.0415 0.8783 0.4762
vn 0.0225 0.8727 0.4877
vn -0.0225 0.9204 0.3904
vn -0.0000 0.8708 0.4917
vn -0.0000 0.9223 0.3864
vn -0.2734 -0.9189 0.2843
vn -0.0000 -0.9487 0.3162
vn -0.0000 -0.9429 0.3330
vn 0.2687 -0.9251 0.2682
vn 0.2734 -0.9189 0.2843
vn -0.2687 -0.9251 0.2682
vn -0.0000 -0.9690 0.2470
vn -0.3831 0.4062 -0.8296
vn -0.0000 0.4398 -0.8981
vn 0.3831 0.4062 -0.8296
vn -0.7076 0.3108 -0.6346
vn -0.9241 0.1681 -0.3433
vn -1.0000 -0.0000 -0.0000
vn -0.7076 0.3107 -0.6346
vn -0.9241 -0.1681 0.3433
vn -0.7076 -0.3108 0.6346
vn -0.5561 -0.3655 0.7464
vn -0.7076 -0.3108 0.6347
vn -0.0000 -0.8981 -0.4398
vn 0.5561 -0.3655 0.7464
vn 0.7076 -0.3108 0.6346
vn 0.9241 -0.1681 0.3433
vn 1.0000 -0.0000 -0.0000
vn 0.7076 -0.3107 0.6346
vn 0.9241 0.1681 -0.3433
vn 0.7076 0.3108 -0.6346
vn 0.7076 0.3108 -0.6347
vn 0.3831 -0.4062 0.8296
vn 0.7076 -0.3109 0.6346
vn -0.0000 -0.4398 0.8981
vn -0.3831 -0.4062 0.8296
vn -0.0000 0.8981 0.4398
vn -0.7076 0.3108 -0.6347
vn 0.1954 -0.4313 0.8808
vn -0.1954 -0.4313 0.8808
vn -0.2687 -0.3554 -0.8953
vn -0.4587 -0.4824 -0.7463
vn -0.4964 -0.4221 -0.7586
vn -0.0000 -0.3151 -0.9491
vn -0.0000 -0.3319 -0.9433
vn -0.2483 -0.4207 -0.8726
vn -0.5549 -0.6173 -0.5578
vn -0.5992 -0.5747 -0.5574
vn -0.6484 -0.5220 -0.5542
vn -0.2734 -0.3389 -0.9002
vn -0.0000 -0.3990 -0.9169
vn -0.4248 -0.5318 -0.7326
vn -0.7143 -0.6285 -0.3078
vn -0.6600 -0.5085 -0.5530
vn -0.7017 -0.6398 -0.3134
vn -0.5052 -0.4068 -0.7611
vn -0.6485 -0.6836 -0.3348
vn -0.5992 -0.7927 -0.1122
vn -0.6484 -0.7579 -0.0725
vn 0.4964 -0.4221 -0.7586
vn 0.5992 -0.5747 -0.5574
vn 0.4587 -0.4824 -0.7463
vn 0.6484 -0.5220 -0.5542
vn 0.2734 -0.3389 -0.9002
vn 0.5052 -0.4068 -0.7611
vn 0.2687 -0.3554 -0.8953
vn 0.6600 -0.5085 -0.5531
vn 0.4964 -0.8581 0.1317
vn 0.2483 -0.9472 0.2027
vn 0.6484 -0.7579 -0.0725
vn 0.6600 -0.7487 -0.0626
vn 0.4587 -0.8853 0.0765
vn 0.7143 -0.6285 -0.3078
vn 0.5052 -0.8507 0.1453
vn 0.2735 -0.9189 0.2842
vn -0.5052 -0.8507 0.1453
vn -0.4964 -0.8581 0.1317
vn -0.2735 -0.9189 0.2842
vn -0.6600 -0.7487 -0.0626
vn -0.2483 -0.9472 0.2027
vn 0.7017 -0.6398 -0.3133
vn 0.6485 -0.6836 -0.3348
vn -0.4587 -0.8853 0.0765
vn 0.5992 -0.7927 -0.1122
vn -0.7143 -0.6285 -0.3077
vn -0.6484 -0.7578 -0.0725
vn -0.7017 -0.6399 -0.3133
vn 0.2483 -0.4207 -0.8726
vn 0.6005 -0.7181 -0.3517
vn 0.5549 -0.6173 -0.5578
vn 0.4248 -0.5318 -0.7326
vn -0.2300 -0.4747 -0.8496
vn 0.2300 -0.4747 -0.8496
vn -0.0000 -0.9824 0.1870
vn -0.2300 -0.9622 0.1459
vn -0.4248 -0.9048 0.0291
vn 0.5549 -0.8191 -0.1456
vn -0.5549 -0.8191 -0.1456
vn 0.4248 -0.9048 0.0291
vn -0.6005 -0.7181 -0.3517
vn 0.2300 -0.9622 0.1459
vn -0.0000 -0.4546 -0.8907
vn 0.9027 0.0490 -0.4275
vn 0.6989 -0.2605 -0.6661
vn 0.7643 0.1099 -0.6355
vn 0.7449 0.4561 -0.4869
vn 0.8853 0.3605 -0.2938
vn 0.8439 -0.2842 -0.4550
vn 0.9815 -0.0153 -0.1907
vn 0.9332 -0.2892 -0.2133
vn 0.5588 -0.5985 -0.5741
vn -0.8155 0.1891 -0.5470
vn -0.8604 -0.0803 -0.5033
vn -0.9078 -0.0373 -0.4177
vn -0.6609 0.4010 -0.6344
vn -0.6322 0.3247 -0.7035
vn -0.9365 0.0390 -0.3486
vn -0.9419 0.1371 -0.3065
vn -0.9234 0.2420 -0.2979
vn -0.8837 0.3377 -0.3239
vn -0.8289 0.4097 -0.3808
vn -0.7673 0.4471 -0.4597
vn -0.6849 0.0260 -0.7281
vn -0.7397 -0.0461 -0.6713
vn -0.7083 0.4440 -0.5488
vn -0.6453 0.1217 -0.7542
vn -0.6268 0.2266 -0.7455
vn -0.8014 -0.0834 -0.5924
vn 0.9951 -0.0787 0.0595
vn 0.9672 0.2408 -0.0808
vn 0.9849 0.1046 0.1382
vn 0.9237 -0.2421 0.2970
vn 0.9605 -0.2748 0.0433
vn 0.8839 -0.3373 0.3241
vn 0.8296 -0.5391 -0.1452
vn 0.0396 -0.0978 -0.9944
vn -0.1587 0.2490 -0.9554
vn 0.0984 0.2354 -0.9669
vn 0.1431 -0.5021 -0.8529
vn -0.0864 -0.4019 -0.9116
vn -0.4405 0.0500 -0.8964
vn -0.4059 0.2461 -0.8802
vn -0.2070 -0.0248 -0.9780
vn 0.3292 0.5525 -0.7658
vn 0.3485 0.2062 -0.9143
vn 0.2832 -0.1641 -0.9449
vn -0.5147 -0.1290 -0.8476
vn -0.3106 -0.2748 -0.9100
vn 0.7642 0.1099 -0.6355
vn 0.6989 -0.2605 -0.6662
vn 0.5754 0.1634 -0.8014
vn 0.3629 -0.5691 -0.7379
vn 0.5078 -0.2195 -0.8330
vn 0.7449 0.4561 -0.4870
vn 0.7179 -0.5883 -0.3722
vn -0.6849 0.0259 -0.7282
vn -0.6452 0.1217 -0.7542
vn -0.6267 0.2266 -0.7456
vn 0.5554 0.5215 -0.6478
vn 0.9418 -0.1375 0.3067
vn 0.8156 -0.1891 0.5469
vn 0.8564 -0.2609 0.4456
vn -0.4537 -0.4627 -0.7616
vn -0.6172 -0.2636 -0.7414
vn -0.2605 -0.6306 -0.7311
vn 0.1628 -0.8320 -0.5304
vn 0.8863 -0.4538 0.0920
vn 0.5438 -0.8171 -0.1917
vn -0.0504 -0.7563 -0.6522
vn 0.7839 -0.5884 0.1983
vn 0.6865 -0.7271 0.0031
vn 0.5257 -0.8245 0.2093
vn 0.8289 -0.4097 0.3808
vn 0.8564 -0.2610 0.4456
vn 0.8298 -0.2961 0.4731
vn 0.6687 -0.6582 0.3459
vn -0.6145 -0.5602 -0.5555
vn 0.1628 -0.8320 -0.5303
vn 0.3653 -0.8527 -0.3734
vn -0.0621 -0.9683 -0.2421
vn -0.0504 -0.7564 -0.6522
vn 0.3629 -0.5691 -0.7378
vn 0.7178 -0.5884 -0.3722
vn 0.5437 -0.8171 -0.1917
vn -0.7323 -0.3334 -0.5938
vn 0.7673 -0.4471 0.4597
vn 0.1478 -0.9845 -0.0947
vn -0.6172 -0.2636 -0.7413
vn -0.7323 -0.3333 -0.5938
vn 0.7723 -0.3124 0.5531
vn 0.7083 -0.4440 0.5488
vn 0.8004 -0.3138 0.5107
vn 0.5584 -0.6524 0.5123
vn -0.2679 -0.8881 -0.3735
vn -0.2605 -0.6306 -0.7310
vn -0.6436 -0.7394 -0.1975
vn -0.4562 -0.7491 -0.4803
vn -0.4537 -0.4628 -0.7616
vn -0.7686 -0.5522 -0.3230
vn 0.3481 -0.9356 0.0591
vn 0.1606 -0.9259 0.3419
vn 0.5257 -0.8246 0.2093
vn 0.3716 -0.8166 0.4417
vn 0.6865 -0.7271 0.0032
vn -0.0606 -0.9737 0.2197
vn -0.4763 -0.8773 -0.0591
vn 0.5584 -0.6525 0.5123
vn -0.6146 -0.5602 -0.5554
vn -0.8426 -0.3276 -0.4273
vn -0.9313 -0.2473 -0.2673
vn -0.2776 -0.9571 0.0830
vn -0.7943 -0.6030 0.0743
vn -0.2280 -0.8220 0.5218
vn -0.6437 -0.7256 0.2430
vn 0.2478 -0.7044 0.6651
vn 0.6609 -0.4010 0.6344
vn 0.0100 -0.7894 0.6138
vn -0.9849 -0.1046 -0.1382
vn 0.4697 -0.5722 0.6723
vn 0.5584 -0.6525 0.5124
vn 0.6608 -0.4011 0.6344
vn 0.4162 -0.4295 0.8015
vn 0.1730 -0.5051 0.8455
vn 0.2478 -0.7044 0.6652
vn 0.3716 -0.8165 0.4418
vn -0.6437 -0.7394 -0.1975
vn -0.8924 -0.4400 -0.0996
vn -0.7943 -0.6029 0.0744
vn -0.9672 -0.2408 0.0808
vn -0.4508 -0.8002 0.3955
vn -0.5554 -0.5215 0.6477
vn -0.0810 -0.5470 0.8332
vn 0.0099 -0.7894 0.6138
vn -0.0984 -0.2354 0.9669
vn 0.6322 -0.3247 0.7035
vn 0.6267 -0.2266 0.7455
vn -0.8853 -0.3605 0.2938
vn -0.6438 -0.7256 0.2430
vn -0.7449 -0.4561 0.4870
vn -0.9815 0.0153 0.1907
vn -0.9027 -0.0490 0.4275
vn -0.3292 -0.5525 0.7658
vn -0.2281 -0.8220 0.5219
vn 0.1587 -0.2490 0.9554
vn -0.9951 0.0787 -0.0595
vn -0.5553 -0.5215 0.6478
vn -0.7448 -0.4562 0.4870
vn -0.0396 0.0978 0.9944
vn 0.4405 -0.0500 0.8964
vn 0.2070 0.0248 0.9780
vn 0.4059 -0.2461 0.8802
vn 0.6452 -0.1217 0.7542
vn -0.9332 0.2892 0.2133
vn -0.8439 0.2842 0.4550
vn -0.7642 -0.1098 0.6355
vn -0.5754 -0.1634 0.8014
vn -0.6989 0.2604 0.6661
vn -0.3485 -0.2062 0.9143
vn -0.2832 0.1641 0.9449
vn 0.6453 -0.1217 0.7542
vn -0.7643 -0.1098 0.6355
vn -0.6989 0.2605 0.6661
vn -0.5078 0.2195 0.8330
vn 0.4060 -0.2461 0.8801
vn 0.6267 -0.2266 0.7456
vn 0.4162 -0.4294 0.8015
vn 0.6609 -0.4011 0.6344
vn -0.1431 0.5021 0.8529
vn -0.9605 0.2748 -0.0433
vn 0.6849 -0.0260 0.7282
vn 0.5147 0.1290 0.8476
vn -0.7179 0.5883 0.3722
vn 0.3106 0.2747 0.9100
vn 0.0864 0.4018 0.9116
vn -0.8296 0.5391 0.1452
vn -0.8863 0.4538 -0.0920
vn 0.7612 -0.1132 0.6386
vn -0.5588 0.5985 0.5741
vn -0.7839 0.5884 -0.1983
vn -0.6865 0.7271 -0.0031
vn -0.5438 0.8170 0.1917
vn 0.4537 0.4627 0.7616
vn -0.3629 0.5691 0.7378
vn -0.1628 0.8320 0.5303
vn -0.3653 0.8527 0.3734
vn 0.0504 0.7564 0.6522
vn 0.0864 0.4019 0.9116
vn 0.2605 0.6306 0.7311
vn 0.0621 0.9683 0.2421
vn 0.6171 0.2636 0.7414
vn -0.5257 0.8245 -0.2093
vn -0.6687 0.6582 -0.3459
vn -0.7178 0.5884 0.3722
vn -0.1478 0.9845 0.0947
vn 0.2679 0.8881 0.3735
vn 0.3106 0.2748 0.9099
vn 0.4537 0.4628 0.7616
vn 0.4562 0.7491 0.4803
vn 0.7397 0.0460 0.6713
vn 0.6849 -0.0260 0.7281
vn 0.7873 -0.0788 0.6115
vn 0.8166 -0.0611 0.5739
vn -0.5437 0.8171 0.1917
vn -0.3481 0.9356 -0.0591
vn 0.6172 0.2636 0.7414
vn 0.8014 0.0834 0.5924
vn 0.6436 0.7394 0.1975
vn 0.4763 0.8773 0.0591
vn 0.6145 0.5602 0.5555
vn 0.7686 0.5522 0.3230
vn 0.8448 -0.0625 0.5315
vn 0.7323 0.3333 0.5938
vn -0.3716 0.8166 -0.4417
vn 0.0606 0.9737 -0.2197
vn 0.2776 0.9571 -0.0830
vn 0.7323 0.3334 0.5938
vn -0.5584 0.6525 -0.5123
vn -0.1606 0.9259 -0.3419
vn -0.0100 0.7895 -0.6137
vn 0.6437 0.7257 -0.2430
vn 0.4508 0.8002 -0.3955
vn 0.2280 0.8220 -0.5218
vn -0.3717 0.8165 -0.4417
vn -0.4697 0.5721 -0.6723
vn 0.8604 0.0803 0.5033
vn 0.9313 0.2473 0.2673
vn 0.8426 0.3276 0.4273
vn 0.9078 0.0374 0.4177
vn 0.7943 0.6030 -0.0744
vn 0.6146 0.5602 0.5555
vn 0.8924 0.4400 0.0996
vn 0.6437 0.7394 0.1975
vn -0.5583 0.6525 -0.5124
vn -0.2478 0.7044 -0.6652
vn -0.1730 0.5051 -0.8455
vn -0.4162 0.4294 -0.8015
vn -0.3716 0.8166 -0.4418
vn -0.1606 0.9259 -0.3420
vn -0.0100 0.7894 -0.6138
vn 0.7943 0.6029 -0.0744
vn 0.2281 0.8220 -0.5219
vn 0.0810 0.5470 -0.8332
vn 0.6438 0.7256 -0.2430
vn 0.6438 0.7256 -0.2431
vn -0.6608 0.4010 -0.6344
vn 0.9365 -0.0390 0.3486
vn 0.9078 0.0373 0.4177
vn 0.8167 -0.0611 0.5739
vn 0.8448 -0.0625 0.5314
vn 0.8004 -0.3139 0.5107
vn -0.6989 -0.2605 -0.6661
vn -0.9027 0.0489 -0.4275
vn -0.7642 0.1099 -0.6355
vn -0.8439 -0.2842 -0.4550
vn -0.5588 -0.5985 -0.5741
vn -0.7179 -0.5883 -0.3722
vn -0.9815 -0.0153 -0.1907
vn 0.8155 0.1891 -0.5470
vn 0.6452 0.1217 -0.7542
vn 0.6267 0.2266 -0.7456
vn 0.6849 0.0260 -0.7282
vn 0.6322 0.3247 -0.7035
vn 0.6608 0.4010 -0.6344
vn 0.4059 0.2461 -0.8802
vn -0.9951 -0.0787 0.0595
vn -0.9332 -0.2892 -0.2133
vn -0.9605 -0.2748 0.0433
vn -0.9237 -0.2421 0.2970
vn -0.8296 -0.5391 -0.1452
vn -0.8863 -0.4538 0.0920
vn -0.8839 -0.3373 0.3241
vn -0.0984 0.2354 -0.9669
vn -0.3292 0.5525 -0.7658
vn -0.0810 0.5470 -0.8332
vn -0.0397 -0.0978 -0.9944
vn -0.2832 -0.1641 -0.9449
vn 0.1587 0.2490 -0.9554
vn 0.4405 0.0500 -0.8964
vn 0.2070 -0.0248 -0.9780
vn 0.0864 -0.4019 -0.9116
vn -0.1431 -0.5021 -0.8529
vn 0.5147 -0.1290 -0.8476
vn 0.3106 -0.2748 -0.9100
vn -0.6989 -0.2605 -0.6662
vn -0.3630 -0.5691 -0.7379
vn -0.7642 0.1098 -0.6356
vn -0.5754 0.1634 -0.8014
vn -0.5078 -0.2196 -0.8330
vn -0.3485 0.2062 -0.9143
vn -0.5553 0.5215 -0.6478
vn -0.9418 -0.1375 0.3067
vn -0.8156 -0.1891 0.5469
vn -0.8564 -0.2610 0.4456
vn 0.4537 -0.4628 -0.7616
vn 0.7397 -0.0461 -0.6713
vn 0.6172 -0.2636 -0.7414
vn 0.2605 -0.6306 -0.7311
vn 0.0504 -0.7563 -0.6522
vn -0.7839 -0.5884 0.1983
vn -0.8289 -0.4097 0.3808
vn -0.6865 -0.7271 0.0032
vn -0.6687 -0.6582 0.3459
vn -0.7673 -0.4471 0.4598
vn 0.4562 -0.7491 -0.4803
vn 0.6145 -0.5602 -0.5555
vn -0.1628 -0.8320 -0.5303
vn -0.3629 -0.5691 -0.7378
vn -0.3653 -0.8527 -0.3734
vn -0.7179 -0.5884 -0.3722
vn 0.0621 -0.9683 -0.2421
vn -0.1478 -0.9845 -0.0947
vn 0.8013 -0.0834 -0.5924
vn 0.7323 -0.3334 -0.5938
vn 0.0504 -0.7564 -0.6522
vn -0.1431 -0.5022 -0.8528
vn 0.2679 -0.8881 -0.3735
vn -0.5438 -0.8171 -0.1916
vn -0.8296 -0.5392 -0.1452
vn -0.3481 -0.9356 0.0591
vn -0.5257 -0.8245 0.2093
vn -0.8298 -0.2961 0.4731
vn -0.8005 -0.3138 0.5107
vn 0.8014 -0.0833 -0.5923
vn 0.7397 -0.0460 -0.6713
vn 0.7673 0.4471 -0.4597
vn 0.8289 0.4097 -0.3808
vn 0.8837 0.3377 -0.3240
vn 0.7083 0.4440 -0.5488
vn 0.9234 0.2420 -0.2979
vn 0.6609 0.4010 -0.6344
vn 0.9419 0.1371 -0.3065
vn 0.9364 0.0390 -0.3486
vn 0.9078 -0.0373 -0.4177
vn 0.8604 -0.0803 -0.5033
vn 0.6849 0.0260 -0.7281
vn -0.5584 -0.6524 0.5123
vn -0.7083 -0.4440 0.5488
vn -0.7723 -0.3124 0.5531
vn 0.2605 -0.6306 -0.7310
vn 0.6436 -0.7395 -0.1975
vn 0.4763 -0.8773 -0.0591
vn -0.1606 -0.9259 0.3419
vn -0.3716 -0.8166 0.4417
vn 0.2776 -0.9571 0.0830
vn 0.0606 -0.9737 0.2197
vn -0.7838 -0.5885 0.1983
vn -0.5584 -0.6525 0.5123
vn 0.6146 -0.5602 -0.5554
vn 0.8426 -0.3276 -0.4273
vn 0.7686 -0.5522 -0.3230
vn 0.9313 -0.2473 -0.2673
vn 0.8924 -0.4400 -0.0996
vn 0.2280 -0.8220 0.5218
vn 0.6437 -0.7257 0.2430
vn 0.4508 -0.8002 0.3955
vn -0.2478 -0.7044 0.6651
vn -0.6609 -0.4010 0.6343
vn -0.0100 -0.7894 0.6138
vn 0.6437 -0.7394 -0.1975
vn 0.7943 -0.6029 0.0743
vn -0.4697 -0.5721 0.6723
vn -0.4161 -0.4295 0.8015
vn -0.6608 -0.4011 0.6344
vn -0.1730 -0.5051 0.8455
vn -0.5584 -0.6525 0.5124
vn -0.2478 -0.7044 0.6652
vn 0.9849 -0.1046 -0.1382
vn 0.9672 -0.2407 0.0808
vn 0.8853 -0.3605 0.2938
vn -0.3716 -0.8165 0.4418
vn 0.6438 -0.7256 0.2430
vn 0.7449 -0.4561 0.4870
vn 0.5554 -0.5215 0.6477
vn 0.0984 -0.2354 0.9669
vn -0.1587 -0.2490 0.9554
vn -0.0099 -0.7894 0.6138
vn 0.0810 -0.5470 0.8332
vn 0.2281 -0.8220 0.5219
vn 0.3292 -0.5525 0.7658
vn 0.9951 0.0787 -0.0595
vn -0.6609 -0.4010 0.6344
vn -0.6322 -0.3247 0.7035
vn -0.6267 -0.2266 0.7456
vn 0.9815 0.0153 0.1907
vn 0.9027 -0.0489 0.4275
vn 0.7642 -0.1098 0.6355
vn 0.5754 -0.1634 0.8014
vn 0.5553 -0.5215 0.6478
vn -0.4059 -0.2461 0.8802
vn 0.3486 -0.2062 0.9143
vn 0.0397 0.0978 0.9944
vn -0.2070 0.0248 0.9780
vn -0.4405 -0.0500 0.8964
vn -0.6452 -0.1217 0.7543
vn 0.9332 0.2892 0.2133
vn 0.9605 0.2748 -0.0433
vn 0.8439 0.2842 0.4550
vn 0.6989 0.2605 0.6661
vn 0.5078 0.2195 0.8330
vn 0.2832 0.1641 0.9449
vn -0.6453 -0.1217 0.7542
vn -0.4060 -0.2461 0.8801
vn -0.4162 -0.4294 0.8015
vn 0.1431 0.5021 0.8529
vn -0.0864 0.4018 0.9116
vn -0.5147 0.1290 0.8476
vn -0.6849 -0.0260 0.7282
vn 0.5588 0.5985 0.5741
vn 0.7179 0.5883 0.3722
vn -0.3106 0.2747 0.9100
vn 0.8296 0.5391 0.1452
vn 0.8863 0.4538 -0.0920
vn -0.7612 -0.1132 0.6386
vn 0.7839 0.5884 -0.1983
vn 0.6865 0.7271 -0.0032
vn -0.7397 0.0461 0.6713
vn -0.4537 0.4627 0.7616
vn -0.6171 0.2636 0.7414
vn 0.3629 0.5691 0.7378
vn 0.5078 0.2196 0.8330
vn 0.1628 0.8320 0.5303
vn -0.0504 0.7564 0.6522
vn 0.3653 0.8527 0.3734
vn -0.0621 0.9683 0.2421
vn -0.2679 0.8881 0.3735
vn -0.0864 0.4019 0.9116
vn 0.5257 0.8245 -0.2093
vn 0.6687 0.6582 -0.3459
vn 0.7179 0.5884 0.3722
vn -0.3106 0.2748 0.9100
vn -0.2605 0.6306 0.7311
vn -0.4537 0.4628 0.7616
vn -0.4562 0.7491 0.4803
vn -0.6145 0.5602 0.5555
vn -0.7398 0.0460 0.6713
vn -0.7873 -0.0789 0.6115
vn -0.6849 -0.0260 0.7281
vn -0.8166 -0.0611 0.5739
vn 0.5438 0.8171 0.1917
vn 0.8296 0.5392 0.1452
vn 0.6865 0.7271 -0.0031
vn -0.4763 0.8773 0.0591
vn -0.6436 0.7394 0.1975
vn -0.7686 0.5522 0.3230
vn -0.7323 0.3333 0.5938
vn -0.8013 0.0834 0.5924
vn -0.6172 0.2636 0.7414
vn -0.8604 0.0803 0.5033
vn -0.8448 -0.0625 0.5315
vn 0.3481 0.9356 -0.0591
vn 0.3716 0.8166 -0.4417
vn 0.1606 0.9259 -0.3419
vn 0.5256 0.8246 -0.2093
vn 0.5584 0.6525 -0.5123
vn -0.2776 0.9571 -0.0830
vn -0.0606 0.9737 -0.2197
vn 0.1478 0.9845 0.0947
vn -0.7323 0.3334 0.5938
vn 0.0099 0.7895 -0.6137
vn -0.2281 0.8220 -0.5218
vn -0.4508 0.8002 -0.3955
vn -0.6437 0.7256 -0.2430
vn 0.5584 0.6524 -0.5123
vn -0.8426 0.3276 0.4273
vn -0.9078 0.0373 0.4177
vn -0.9313 0.2473 0.2673
vn -0.6146 0.5602 0.5555
vn -0.9849 0.1046 0.1382
vn -0.8924 0.4400 0.0996
vn -0.9672 0.2407 -0.0808
vn 0.2478 0.7044 -0.6652
vn 0.5584 0.6525 -0.5124
vn 0.4697 0.5722 -0.6723
vn 0.1607 0.9259 -0.3420
vn 0.3716 0.8166 -0.4418
vn 0.1730 0.5051 -0.8455
vn -0.7943 0.6029 -0.0744
vn -0.8853 0.3605 -0.2938
vn 0.4161 0.4294 -0.8015
vn -0.6438 0.7256 -0.2430
vn -0.5554 0.5215 -0.6477
vn -0.7449 0.4561 -0.4870
vn 0.0100 0.7894 -0.6138
vn -0.2281 0.8220 -0.5219
vn -0.5754 0.1635 -0.8014
vn -0.9365 -0.0390 0.3486
vn -0.8167 -0.0611 0.5739
vn -0.8004 -0.3139 0.5107
vn -0.8298 -0.2960 0.4730
vn -0.0000 -0.9899 0.1420
vn 0.2923 -0.9083 -0.2992
vn 0.2685 -0.9562 0.1165
vn 0.2227 -0.7975 0.5607
vn -0.0000 -0.8152 0.5792
vn -0.2923 -0.9083 -0.2992
vn -0.0000 -0.9492 -0.3147
vn 0.5171 -0.8466 0.1259
vn 0.4515 -0.7358 0.5047
vn -0.2653 -0.7372 -0.6214
vn -0.0000 -0.7393 -0.6734
vn 0.2653 -0.7372 -0.6214
vn 0.5840 -0.7728 -0.2484
vn 0.4930 -0.6708 -0.5541
vn -0.2685 -0.9562 0.1165
vn -0.2227 -0.7975 0.5607
vn -0.9834 0.0598 -0.1712
vn -0.9998 0.0085 -0.0159
vn -0.9842 0.0962 -0.1488
vn -0.9834 0.0499 -0.1745
vn -1.0000 0.0013 -0.0048
vn -1.0000 0.0013 -0.0045
vn -0.9833 -0.0566 0.1727
vn -0.9833 -0.0500 0.1748
vn -0.9854 -0.1515 0.0779
vn -0.9982 -0.0113 -0.0597
vn -0.9838 -0.0855 0.1574
vn -0.0000 -0.7874 0.6164
vn 0.2308 -0.8076 0.5427
vn 0.3242 -0.8546 0.4056
vn -0.2307 -0.8076 0.5427
vn 0.5175 -0.6311 0.5779
vn 0.4880 -0.8003 0.3483
vn -0.2684 -0.6749 0.6874
vn -0.0000 -0.6897 0.7241
vn 0.2684 -0.6749 0.6874
vn 0.4715 -0.8384 0.2734
vn 0.3243 -0.8546 0.4056
vn 0.4880 -0.8004 0.3483
vn 0.2296 -0.7448 -0.6265
vn 0.3626 -0.7752 -0.5173
vn 0.3933 -0.6980 -0.5984
vn -0.0000 -0.7888 -0.6147
vn 0.1501 -0.8670 -0.4752
vn -0.0000 -0.9022 -0.4312
vn -0.2296 -0.7448 -0.6266
vn -0.1501 -0.8670 -0.4752
vn -0.0000 -0.3065 0.9519
vn 0.2694 -0.2638 0.9262
vn 0.2684 -0.2953 0.9170
vn 0.2748 -0.4434 0.8532
vn -0.0000 -0.4623 0.8867
vn -0.0000 -0.2738 0.9618
vn 0.5141 -0.2665 0.8153
vn -0.2683 -0.2953 0.9170
vn 0.5156 -0.2347 0.8241
vn 0.5177 -0.4115 0.7501
vn -0.0000 0.3306 -0.9438
vn 0.2659 0.5259 -0.8079
vn 0.2657 0.3194 -0.9096
vn -0.0000 0.2754 -0.9613
vn -0.2657 0.3194 -0.9096
vn 0.2658 0.2655 -0.9267
vn -0.2658 0.2655 -0.9267
vn -0.5158 0.2359 -0.8236
vn -0.0000 0.5433 -0.8396
vn -0.5166 0.2797 -0.8092
vn -0.2659 0.5261 -0.8078
vn -0.5262 0.4518 -0.7204
vn -0.5185 0.6470 -0.5591
vn -0.2600 0.7415 -0.6185
vn -0.0000 0.7722 -0.6354
vn 0.2600 0.7415 -0.6186
vn 0.9833 -0.0566 0.1727
vn 1.0000 0.0013 -0.0046
vn 1.0000 0.0013 -0.0048
vn 0.9833 -0.0499 0.1747
vn 0.9834 0.0499 -0.1745
vn 0.9838 -0.0855 0.1574
vn 0.9834 0.0598 -0.1712
vn 0.9998 0.0085 -0.0159
vn 0.9841 0.0962 -0.1491
vn 0.9854 -0.1515 0.0779
vn 0.9221 -0.1937 -0.3349
vn 0.9450 0.0083 -0.3270
vn 0.9968 0.0218 -0.0767
vn 0.8547 0.1129 -0.5067
vn 0.9453 0.1896 -0.2654
vn 0.8192 -0.2585 -0.5119
vn 0.8490 -0.0543 -0.5257
vn 0.9837 -0.1521 -0.0959
vn 0.9845 0.1728 -0.0314
vn 1.0000 0.0087 0.0038
vn 0.9884 -0.1448 -0.0454
vn 0.9760 0.1150 0.1848
vn 0.9845 -0.0554 0.1665
vn 0.9774 -0.2060 0.0485
vn 0.9886 0.1430 0.0474
vn -0.0000 0.8839 -0.4677
vn 0.2283 0.8011 -0.5532
vn -0.0000 0.8472 -0.5313
vn -0.2283 0.8011 -0.5532
vn -0.2152 0.8349 -0.5065
vn -0.4177 0.7475 -0.5165
vn -0.4673 0.6972 -0.5437
vn -0.4342 0.8214 -0.3699
vn -0.2152 0.8350 -0.5065
vn -0.4177 0.7475 -0.5164
vn -0.2698 0.9474 -0.1724
vn -0.2322 0.8967 -0.3768
vn -0.0000 0.9301 -0.3673
vn -0.0000 0.8839 -0.4676
vn -0.0000 0.9809 -0.1943
vn 0.2322 0.8967 -0.3768
vn 0.2152 0.8350 -0.5065
vn 0.9402 -0.0847 -0.3299
vn 0.9143 0.0800 -0.3971
vn 0.9513 -0.2421 -0.1906
vn 0.9799 0.1167 -0.1619
vn -0.9143 0.0800 -0.3971
vn -0.9402 -0.0847 -0.3299
vn -0.8490 -0.0543 -0.5257
vn -0.9799 0.1167 -0.1619
vn -0.8192 -0.2585 -0.5119
vn -0.8547 0.1128 -0.5067
vn -0.9450 0.0083 -0.3270
vn -0.9453 0.1896 -0.2653
vn -0.9513 -0.2421 -0.1906
vn -0.9221 -0.1938 -0.3349
vn -0.9968 0.0218 -0.0767
vn -0.9837 -0.1521 -0.0959
vn -0.9845 0.1728 -0.0314
vn -1.0000 0.0087 0.0038
vn -0.9886 0.1430 0.0475
vn -0.9760 0.1150 0.1848
vn -0.9774 -0.2060 0.0485
vn -0.9845 -0.0554 0.1665
vn -0.9884 -0.1448 -0.0453
vn -0.0000 -0.7392 -0.6734
vn -0.0000 -0.7887 -0.6147
vn 0.2296 -0.7448 -0.6266
vn 0.2901 0.9013 0.3219
vn 0.2698 0.9474 -0.1723
vn -0.0000 0.9986 -0.0520
vn -0.5124 0.8414 -0.1715
vn -0.2901 0.9012 0.3219
vn -0.5908 0.7606 0.2691
vn -0.2542 0.5625 0.7868
vn -0.0000 0.1523 0.9883
vn -0.1958 0.1506 0.9690
vn -0.2080 -0.3489 0.9138
vn -0.0000 -0.3496 0.9369
vn -0.4805 0.4718 0.7392
vn -0.3939 0.1548 0.9060
vn -0.4208 -0.3082 0.8532
vn -0.4515 -0.7358 0.5048
vn -0.2227 -0.7974 0.5608
vn -0.0000 -0.8151 0.5793
vn 0.1958 0.1506 0.9690
vn 0.2228 -0.7974 0.5608
vn 0.2080 -0.3489 0.9138
vn -0.0000 0.7369 0.6760
vn -0.0000 0.5596 0.8287
vn -0.4806 0.4719 0.7392
vn -0.2541 0.5624 0.7868
vn -0.0000 0.5596 0.8288
vn 0.2541 0.5624 0.7868
vn 0.9327 -0.3004 0.1994
vn 0.9131 0.0724 0.4013
vn 0.9452 -0.1353 0.2971
vn -0.9452 -0.1353 0.2972
vn -0.9131 0.0724 0.4013
vn -0.9327 -0.3004 0.1994
vn 0.9982 -0.0114 -0.0597
vn -0.4673 0.6972 -0.5436
vn -0.2601 0.7415 -0.6184
vn -0.5185 0.6470 -0.5590
vn -0.2284 0.8011 -0.5532
vn -0.5175 -0.6311 0.5779
vn -0.5177 -0.4115 0.7501
vn -0.2747 -0.4434 0.8532
vn -0.5141 -0.2665 0.8153
vn -0.3242 -0.8546 0.4057
vn -0.2308 -0.8076 0.5427
vn -0.4880 -0.8004 0.3483
vn -0.3243 -0.8546 0.4056
vn -0.4715 -0.8384 0.2734
vn 0.5185 0.6470 -0.5591
vn 0.5262 0.4518 -0.7204
vn 0.2152 0.8349 -0.5065
vn 0.4177 0.7475 -0.5164
vn 0.4673 0.6972 -0.5437
vn 0.5908 0.7606 0.2691
vn 0.2541 0.5625 0.7868
vn 0.4806 0.4719 0.7392
vn 0.5124 0.8414 -0.1715
vn 0.3939 0.1548 0.9060
vn 0.4805 0.4718 0.7392
vn 0.4208 -0.3082 0.8532
vn 0.4515 -0.7358 0.5048
vn 0.4342 0.8214 -0.3699
vn -0.4930 -0.6708 -0.5541
vn -0.3933 -0.6980 -0.5984
vn -0.3626 -0.7752 -0.5173
vn -0.5840 -0.7728 -0.2484
vn -0.5171 -0.8466 0.1259
vn 0.4342 0.8213 -0.3699
vn 0.2323 0.8967 -0.3768
vn 0.5158 0.2359 -0.8236
vn 0.5166 0.2797 -0.8092
vn -0.2694 -0.2638 0.9262
vn -0.5156 -0.2347 0.8241
vn -0.4515 -0.7358 0.5047
vn -0.0000 0.8091 -0.5877
vn -0.0000 0.2071 -0.9783
vn -0.9207 0.2007 -0.3346
vn -0.7468 -0.0794 -0.6603
vn -0.8677 -0.0730 -0.4917
vn -0.8379 0.3297 -0.4350
vn -0.8873 -0.2426 -0.3923
vn -0.9128 0.4017 0.0735
vn -0.8494 0.4585 -0.2613
vn -0.9997 0.0145 -0.0202
vn -0.8815 0.2866 0.3754
vn 0.9128 0.4017 0.0735
vn 0.9207 0.2007 -0.3346
vn 0.8379 0.3298 -0.4350
vn 0.9997 0.0145 -0.0202
vn 0.8677 -0.0730 -0.4917
vn 0.8494 0.4585 -0.2613
vn 0.9207 0.2007 -0.3347
vn 0.7468 -0.0794 -0.6603
vn 0.8379 0.3297 -0.4351
vn 0.8873 -0.2426 -0.3923
vn 0.6936 -0.4076 -0.5940
vn 0.8677 -0.0730 -0.4918
vn -0.6542 -0.2830 0.7014
vn -0.9839 -0.1087 0.1417
vn -0.8987 -0.3310 0.2877
vn -0.9788 -0.0130 0.2046
vn -0.9846 -0.1746 -0.0125
vn -0.7743 -0.5548 0.3043
vn -0.5416 -0.4909 0.6824
vn -0.9248 -0.3682 0.0958
vn -0.8108 -0.5079 -0.2910
vn -0.7964 -0.5891 -0.1367
vn -0.6646 -0.4272 -0.6131
vn -0.7826 -0.5565 -0.2789
vn 0.9248 -0.3682 0.0958
vn 0.9846 -0.1746 -0.0125
vn 0.8987 -0.3310 0.2877
vn 0.7743 -0.5548 0.3043
vn 0.8108 -0.5079 -0.2910
vn 0.9839 -0.1087 0.1417
vn 0.6543 -0.2830 0.7013
vn 0.9788 -0.0130 0.2046
vn 0.5416 -0.4909 0.6824
vn 0.7964 -0.5890 -0.1367
vn 0.7826 -0.5565 -0.2788
vn -0.0000 -0.5533 -0.8330
vn -0.0000 -0.4564 -0.8898
vn 0.0057 -0.5524 -0.8336
vn 0.0332 -0.5596 -0.8281
vn -0.0000 -0.5527 -0.8334
vn -0.0332 -0.5596 -0.8281
vn -0.0057 -0.5524 -0.8336
vn 0.6622 -0.4606 -0.5910
vn 0.6658 -0.4690 -0.5804
vn 0.9839 -0.1087 0.1416
vn 0.9846 -0.1745 -0.0125
vn -0.6936 -0.4076 -0.5940
vn -0.9839 -0.1087 0.1416
vn -0.6659 -0.4689 -0.5803
vn -0.6622 -0.4606 -0.5910
vn 0.8815 0.2866 0.3754
vn 0.2686 0.1721 0.9477
vn 0.4973 0.0689 0.8648
vn 0.7198 0.4357 0.5404
vn 0.7721 0.5026 0.3890
vn -0.0000 0.7517 0.6595
vn -0.0000 0.5956 0.8033
vn -0.0048 0.5965 0.8026
vn 0.2686 0.1722 0.9477
vn -0.2685 0.1722 0.9478
vn -0.0000 0.1532 0.9882
vn 0.0048 0.5965 0.8026
vn -0.7198 0.4357 0.5404
vn -0.7721 0.5026 0.3890
vn -0.2686 0.1721 0.9478
vn -0.4973 0.0689 0.8649
vn -0.9846 -0.1745 -0.0125
vn -0.0000 -0.6009 0.7993
vn 0.2544 -0.6708 0.6967
vn 0.3064 -0.5735 0.7597
vn -0.0000 -0.6894 0.7244
vn -0.3064 -0.5735 0.7597
vn -0.2544 -0.6708 0.6967
vn -0.1759 -0.2749 0.9452
vn -0.0000 -0.3011 0.9536
vn -0.7743 -0.5548 0.3044
vn -0.3516 -0.7201 -0.5982
vn 0.6542 -0.2830 0.7014
vn 0.1759 -0.2749 0.9452
vn 0.3516 -0.7201 -0.5982
vn -0.0000 -0.3534 -0.9355
vn 0.1331 -0.2556 -0.9576
vn -0.0000 -0.2579 -0.9662
vn -0.0000 -0.5526 -0.8334
vn 0.0875 -0.3805 -0.9206
vn -0.0875 -0.3805 -0.9206
vn -0.1331 -0.2556 -0.9576
vn 0.6579 -0.4356 -0.6144
vn 0.6622 -0.4605 -0.5911
vn 0.6658 -0.4689 -0.5804
vn 0.6646 -0.4271 -0.6130
vn 0.8108 -0.5079 -0.2911
vn -0.6579 -0.4356 -0.6144
vn -0.6622 -0.4605 -0.5911
vn -0.6658 -0.4689 -0.5804
vn -0.0331 -0.5595 -0.8282
vn 0.2686 0.1721 0.9478
vn 0.4973 0.0689 0.8649
vn -0.0000 0.1530 0.9882
vn -0.4972 0.0689 0.8649
vt 0.013637 0.859904
vt 0.013647 0.859934
vt 0.013637 0.859935
vt 0.013657 0.859970
vt 0.013647 0.859970
vt 0.013647 0.859903
vt 0.013624 0.859908
vt 0.013635 0.859970
vt 0.013657 0.859933
vt 0.014019 0.859739
vt 0.013997 0.859743
vt 0.013997 0.859733
vt 0.014019 0.859747
vt 0.013976 0.859740
vt 0.014046 0.859739
vt 0.014046 0.859747
vt 0.014046 0.859758
vt 0.014018 0.859758
vt 0.079263 0.859143
vt 0.079263 0.859132
vt 0.079268 0.859132
vt 0.079263 0.859160
vt 0.079257 0.859143
vt 0.079268 0.859143
vt 0.079257 0.859160
vt 0.079263 0.859185
vt 0.079257 0.859185
vt 0.014016 0.859776
vt 0.014046 0.859801
vt 0.014015 0.859802
vt 0.013997 0.859752
vt 0.013987 0.859777
vt 0.013974 0.859761
vt 0.014046 0.859775
vt 0.013989 0.859975
vt 0.014002 0.859965
vt 0.014000 0.859978
vt 0.013971 0.859989
vt 0.013967 0.859973
vt 0.013988 0.859989
vt 0.013991 0.859961
vt 0.013999 0.859991
vt 0.013968 0.859953
vt 0.013871 0.859929
vt 0.013879 0.859918
vt 0.013880 0.859929
vt 0.013868 0.859918
vt 0.013895 0.859924
vt 0.013861 0.859897
vt 0.013877 0.859897
vt 0.013987 0.859995
vt 0.013970 0.859995
vt 0.013953 0.859990
vt 0.013997 0.859995
vt 0.013947 0.859972
vt 0.013953 0.859995
vt 0.013742 0.859920
vt 0.013743 0.859971
vt 0.013723 0.859923
vt 0.013778 0.859971
vt 0.013721 0.859885
vt 0.013741 0.859879
vt 0.013709 0.859888
vt 0.013723 0.859970
vt 0.013710 0.859925
vt 0.013710 0.860016
vt 0.013711 0.859970
vt 0.014266 0.860479
vt 0.014248 0.860459
vt 0.014267 0.860459
vt 0.014286 0.860462
vt 0.014283 0.860480
vt 0.014248 0.860477
vt 0.014283 0.860495
vt 0.014264 0.860495
vt 0.014269 0.860440
vt 0.014293 0.860445
vt 0.014298 0.860466
vt 0.014294 0.860481
vt 0.014295 0.860494
vt 0.014270 0.860425
vt 0.014305 0.860434
vt 0.014300 0.860480
vt 0.014308 0.860453
vt 0.079263 0.859315
vt 0.079267 0.859326
vt 0.079263 0.859327
vt 0.079258 0.859326
vt 0.079258 0.859314
vt 0.079263 0.859299
vt 0.014028 0.859939
vt 0.014005 0.859935
vt 0.014026 0.859927
vt 0.014047 0.859929
vt 0.014047 0.859941
vt 0.013969 0.859934
vt 0.013972 0.859918
vt 0.014047 0.859914
vt 0.014001 0.859919
vt 0.014023 0.859913
vt 0.013979 0.859906
vt 0.014002 0.859910
vt 0.014047 0.859898
vt 0.079258 0.859299
vt 0.079267 0.859314
vt 0.079263 0.859283
vt 0.014002 0.860338
vt 0.013981 0.860308
vt 0.014006 0.860309
vt 0.013980 0.860337
vt 0.014025 0.860357
vt 0.013997 0.860351
vt 0.014031 0.860341
vt 0.014052 0.860373
vt 0.014020 0.860368
vt 0.013994 0.860358
vt 0.014053 0.860364
vt 0.014034 0.860310
vt 0.014055 0.860342
vt 0.014058 0.860311
vt 0.014023 0.860381
vt 0.014051 0.860383
vt 0.014024 0.860393
vt 0.013778 0.859919
vt 0.013814 0.859879
vt 0.013810 0.859924
vt 0.013777 0.859877
vt 0.013804 0.859854
vt 0.013826 0.859854
vt 0.013836 0.859873
vt 0.013836 0.859908
vt 0.013831 0.859935
vt 0.013810 0.860018
vt 0.013778 0.860022
vt 0.013742 0.860021
vt 0.013810 0.859971
vt 0.013950 0.859833
vt 0.013978 0.859857
vt 0.013948 0.859862
vt 0.013943 0.859814
vt 0.013956 0.859815
vt 0.013943 0.859859
vt 0.013940 0.859831
vt 0.013979 0.859830
vt 0.014013 0.859854
vt 0.013982 0.859882
vt 0.013957 0.859887
vt 0.014013 0.859827
vt 0.013943 0.859898
vt 0.014316 0.860027
vt 0.014334 0.859996
vt 0.014337 0.860025
vt 0.014299 0.860005
vt 0.014311 0.859994
vt 0.014300 0.860030
vt 0.014333 0.859973
vt 0.013830 0.859971
vt 0.013656 0.859901
vt 0.013679 0.859931
vt 0.013678 0.859898
vt 0.013680 0.859970
vt 0.013623 0.860006
vt 0.013610 0.860028
vt 0.013609 0.860001
vt 0.013637 0.860006
vt 0.013623 0.859935
vt 0.013621 0.859971
vt 0.013647 0.860007
vt 0.013624 0.860033
vt 0.079263 0.859195
vt 0.079263 0.859210
vt 0.079257 0.859195
vt 0.079268 0.859195
vt 0.079257 0.859211
vt 0.079263 0.859238
vt 0.079257 0.859238
vt 0.013980 0.859814
vt 0.014014 0.859811
vt 0.014046 0.859853
vt 0.013960 0.859805
vt 0.013981 0.859803
vt 0.014046 0.859826
vt 0.014046 0.859810
vt 0.013971 0.859777
vt 0.079268 0.859185
vt 0.079268 0.859160
vt 0.013976 0.859750
vt 0.079257 0.859124
vt 0.079257 0.859132
vt 0.079263 0.859124
vt 0.079268 0.859124
vt 0.079268 0.859111
vt 0.013967 0.860354
vt 0.013944 0.860351
vt 0.013966 0.860337
vt 0.013978 0.860353
vt 0.013945 0.860362
vt 0.013942 0.860334
vt 0.013960 0.860307
vt 0.013943 0.859923
vt 0.013989 0.859899
vt 0.014020 0.859898
vt 0.014016 0.859879
vt 0.014046 0.859879
vt 0.079263 0.859263
vt 0.079268 0.859211
vt 0.079268 0.859238
vt 0.079257 0.859263
vt 0.079257 0.859283
vt 0.079268 0.859283
vt 0.012077 0.827985
vt 0.012066 0.827987
vt 0.012068 0.827984
vt 0.012071 0.827967
vt 0.012073 0.827968
vt 0.012065 0.827947
vt 0.012067 0.827947
vt 0.012080 0.827989
vt 0.014058 0.860299
vt 0.014034 0.860298
vt 0.014058 0.860279
vt 0.014034 0.860278
vt 0.014051 0.860242
vt 0.014362 0.860023
vt 0.014358 0.859994
vt 0.014381 0.859989
vt 0.014388 0.860020
vt 0.014356 0.859973
vt 0.014378 0.859967
vt 0.013773 0.859853
vt 0.014029 0.860243
vt 0.014569 0.859964
vt 0.014566 0.859932
vt 0.014571 0.859929
vt 0.014558 0.859984
vt 0.014558 0.859964
vt 0.013940 0.860306
vt 0.014030 0.860473
vt 0.014035 0.860496
vt 0.014031 0.860496
vt 0.014035 0.860472
vt 0.014049 0.860523
vt 0.014044 0.860522
vt 0.014036 0.860453
vt 0.014041 0.860451
vt 0.013657 0.860008
vt 0.012053 0.827947
vt 0.012056 0.827926
vt 0.012056 0.827947
vt 0.012062 0.827966
vt 0.012059 0.827968
vt 0.013977 0.860364
vt 0.014044 0.860437
vt 0.014049 0.860435
vt 0.012065 0.827925
vt 0.012067 0.827924
vt 0.079473 0.859909
vt 0.079468 0.859921
vt 0.079469 0.859909
vt 0.079477 0.859921
vt 0.079472 0.859922
vt 0.079474 0.859895
vt 0.079477 0.859909
vt 0.079478 0.859895
vt 0.014300 0.860520
vt 0.014284 0.860509
vt 0.014298 0.860507
vt 0.014285 0.860535
vt 0.014285 0.860523
vt 0.014267 0.860510
vt 0.014267 0.860524
vt 0.014308 0.860532
vt 0.079263 0.859085
vt 0.079263 0.859111
vt 0.079257 0.859111
vt 0.079257 0.859085
vt 0.013997 0.859701
vt 0.014019 0.859700
vt 0.013997 0.859724
vt 0.013988 0.859681
vt 0.014005 0.859679
vt 0.013977 0.859703
vt 0.014019 0.859728
vt 0.014047 0.859727
vt 0.014023 0.859679
vt 0.014047 0.859700
vt 0.014047 0.859678
vt 0.014052 0.859700
vt 0.014056 0.859678
vt 0.014057 0.859700
vt 0.014052 0.859678
vt 0.013976 0.859730
vt 0.013973 0.860409
vt 0.013952 0.860411
vt 0.013967 0.860396
vt 0.013962 0.860435
vt 0.013948 0.860382
vt 0.013968 0.860386
vt 0.013972 0.860435
vt 0.013988 0.860417
vt 0.013985 0.860435
vt 0.013610 0.859913
vt 0.013625 0.859882
vt 0.013609 0.859940
vt 0.013584 0.859918
vt 0.013679 0.860010
vt 0.013607 0.859971
vt 0.013585 0.859942
vt 0.013585 0.859999
vt 0.013585 0.859971
vt 0.013583 0.859903
vt 0.013612 0.859882
vt 0.014000 0.860435
vt 0.014005 0.860415
vt 0.014018 0.860435
vt 0.014021 0.860406
vt 0.013945 0.859946
vt 0.110414 0.858045
vt 0.110398 0.858054
vt 0.110400 0.858042
vt 0.110428 0.858047
vt 0.110412 0.858056
vt 0.109978 0.858108
vt 0.109973 0.858120
vt 0.109962 0.858115
vt 0.109966 0.858101
vt 0.109938 0.858107
vt 0.109939 0.858088
vt 0.014007 0.859953
vt 0.013996 0.859947
vt 0.014015 0.859945
vt 0.014431 0.859880
vt 0.014443 0.859890
vt 0.014430 0.859887
vt 0.014444 0.859884
vt 0.014457 0.859893
vt 0.013969 0.860000
vt 0.013951 0.860000
vt 0.013988 0.860000
vt 0.013968 0.860013
vt 0.013947 0.860014
vt 0.014452 0.859914
vt 0.014469 0.859927
vt 0.014451 0.859928
vt 0.014441 0.859902
vt 0.014456 0.859903
vt 0.014436 0.859914
vt 0.014469 0.859913
vt 0.014432 0.859930
vt 0.014421 0.859926
vt 0.014422 0.859913
vt 0.014428 0.859900
vt 0.014472 0.859904
vt 0.014487 0.859903
vt 0.014485 0.859912
vt 0.014484 0.859927
vt 0.014355 0.859950
vt 0.014334 0.859920
vt 0.014354 0.859919
vt 0.014334 0.859950
vt 0.014329 0.859901
vt 0.014346 0.859898
vt 0.014316 0.859947
vt 0.014316 0.859921
vt 0.014365 0.859898
vt 0.014372 0.859919
vt 0.014376 0.859946
vt 0.013875 0.859875
vt 0.013853 0.859874
vt 0.013896 0.859894
vt 0.013896 0.859913
vt 0.013874 0.859859
vt 0.013895 0.859875
vt 0.013912 0.859877
vt 0.013913 0.859900
vt 0.013914 0.859922
vt 0.014421 0.859934
vt 0.014418 0.859930
vt 0.014445 0.859947
vt 0.014431 0.859948
vt 0.110327 0.858127
vt 0.110326 0.858104
vt 0.110348 0.858121
vt 0.110304 0.858104
vt 0.110346 0.858101
vt 0.109807 0.858027
vt 0.109817 0.858011
vt 0.109824 0.858028
vt 0.109797 0.858009
vt 0.109818 0.858052
vt 0.109831 0.858051
vt 0.109828 0.858077
vt 0.109841 0.858084
vt 0.109832 0.858088
vt 0.109838 0.858072
vt 0.013858 0.859922
vt 0.013850 0.859931
vt 0.013847 0.859897
vt 0.014481 0.859946
vt 0.014462 0.859947
vt 0.013991 0.860013
vt 0.013946 0.860027
vt 0.013846 0.859857
vt 0.013895 0.859864
vt 0.110284 0.858123
vt 0.110303 0.858128
vt 0.110286 0.858101
vt 0.014314 0.859969
vt 0.014330 0.859894
vt 0.014315 0.859903
vt 0.014325 0.859897
vt 0.014334 0.859879
vt 0.014355 0.859880
vt 0.013927 0.859878
vt 0.013927 0.859902
vt 0.014335 0.859866
vt 0.014375 0.859882
vt 0.014378 0.859898
vt 0.014359 0.859866
vt 0.014380 0.859867
vt 0.014421 0.859949
vt 0.013999 0.859998
vt 0.014004 0.860013
vt 0.014315 0.859897
vt 0.014315 0.859892
vt 0.014317 0.859879
vt 0.014432 0.859961
vt 0.013969 0.860026
vt 0.013993 0.860026
vt 0.014421 0.859962
vt 0.014467 0.859961
vt 0.014496 0.859945
vt 0.014448 0.859961
vt 0.013912 0.859863
vt 0.013926 0.859863
vt 0.014388 0.859882
vt 0.014493 0.859927
vt 0.014487 0.859960
vt 0.014486 0.859972
vt 0.014470 0.859972
vt 0.014498 0.859972
vt 0.014502 0.859959
vt 0.079706 0.859879
vt 0.079706 0.859855
vt 0.079710 0.859880
vt 0.079710 0.859854
vt 0.079699 0.859900
vt 0.079018 0.859907
vt 0.078997 0.859905
vt 0.079013 0.859880
vt 0.079038 0.859899
vt 0.079022 0.859875
vt 0.079047 0.859879
vt 0.014454 0.859972
vt 0.079040 0.859834
vt 0.079028 0.859853
vt 0.079024 0.859842
vt 0.079025 0.859821
vt 0.079017 0.859835
vt 0.079003 0.859821
vt 0.079027 0.859866
vt 0.079047 0.859854
vt 0.013971 0.860037
vt 0.014006 0.860037
vt 0.013993 0.860037
vt 0.014007 0.860026
vt 0.014428 0.859972
vt 0.014440 0.859972
vt 0.046469 0.858751
vt 0.046478 0.858733
vt 0.046479 0.858753
vt 0.046458 0.858735
vt 0.046468 0.858734
vt 0.046484 0.858716
vt 0.046484 0.858735
vt 0.046468 0.858761
vt 0.046486 0.858769
vt 0.046477 0.858765
vt 0.046485 0.858756
vt 0.046478 0.858712
vt 0.046458 0.858710
vt 0.046468 0.858710
vt 0.079751 0.859506
vt 0.079762 0.859512
vt 0.079751 0.859511
vt 0.079768 0.859507
vt 0.079768 0.859512
vt 0.079762 0.859507
vt 0.079740 0.859506
vt 0.047120 0.857849
vt 0.047101 0.857859
vt 0.047101 0.857850
vt 0.047100 0.857840
vt 0.047120 0.857839
vt 0.047100 0.857833
vt 0.047120 0.857832
vt 0.079706 0.859070
vt 0.079701 0.859064
vt 0.079706 0.859064
vt 0.079701 0.859071
vt 0.079706 0.859080
vt 0.079701 0.859081
vt 0.046488 0.858718
vt 0.046488 0.858737
vt 0.046488 0.858706
vt 0.047129 0.858328
vt 0.047131 0.858316
vt 0.047136 0.858328
vt 0.047127 0.858309
vt 0.047134 0.858309
vt 0.047137 0.858316
vt 0.046457 0.858758
vt 0.046460 0.858764
vt 0.046452 0.858738
vt 0.047136 0.857848
vt 0.047129 0.857838
vt 0.047136 0.857838
vt 0.047125 0.857849
vt 0.047125 0.857838
vt 0.047129 0.857849
vt 0.047131 0.857864
vt 0.047126 0.857862
vt 0.047136 0.857861
vt 0.047133 0.858305
vt 0.013939 0.859881
vt 0.013940 0.859904
vt 0.013928 0.859925
vt 0.047147 0.858316
vt 0.047156 0.858309
vt 0.047158 0.858316
vt 0.047157 0.858328
vt 0.047147 0.858328
vt 0.047145 0.858309
vt 0.047162 0.858309
vt 0.047162 0.858316
vt 0.047156 0.858305
vt 0.047105 0.858720
vt 0.047099 0.858713
vt 0.047106 0.858711
vt 0.047098 0.858726
vt 0.047098 0.858720
vt 0.047110 0.858728
vt 0.047105 0.858730
vt 0.047087 0.858717
vt 0.079706 0.859099
vt 0.079707 0.859120
vt 0.079702 0.859119
vt 0.079701 0.859099
vt 0.079702 0.859139
vt 0.079707 0.859139
vt 0.079706 0.859090
vt 0.079754 0.859272
vt 0.079750 0.859294
vt 0.079749 0.859269
vt 0.079741 0.859268
vt 0.079754 0.859319
vt 0.079750 0.859321
vt 0.079754 0.859292
vt 0.079746 0.859948
vt 0.079743 0.859955
vt 0.079743 0.859947
vt 0.079746 0.859956
vt 0.079743 0.859939
vt 0.079746 0.859940
vt 0.079746 0.859974
vt 0.079727 0.859366
vt 0.079737 0.859367
vt 0.079727 0.859373
vt 0.079736 0.859357
vt 0.079721 0.859366
vt 0.079723 0.859363
vt 0.079737 0.859375
vt 0.079747 0.859374
vt 0.079727 0.859356
vt 0.079746 0.859366
vt 0.079722 0.859356
vt 0.079752 0.859371
vt 0.079745 0.859356
vt 0.079751 0.859354
vt 0.079752 0.859364
vt 0.079703 0.859154
vt 0.079699 0.859142
vt 0.079699 0.859119
vt 0.079699 0.859159
vt 0.079699 0.859155
vt 0.079757 0.859268
vt 0.079742 0.859265
vt 0.079750 0.859265
vt 0.079719 0.859357
vt 0.079727 0.859348
vt 0.079717 0.859348
vt 0.079721 0.859348
vt 0.079732 0.859270
vt 0.079733 0.859298
vt 0.079722 0.859274
vt 0.079743 0.859296
vt 0.079744 0.859323
vt 0.079735 0.859324
vt 0.079726 0.859324
vt 0.079724 0.859299
vt 0.079720 0.859322
vt 0.079718 0.859298
vt 0.079715 0.859280
vt 0.047119 0.857893
vt 0.047102 0.857909
vt 0.047101 0.857889
vt 0.047126 0.857876
vt 0.047122 0.857896
vt 0.047130 0.857881
vt 0.047121 0.857872
vt 0.047101 0.857869
vt 0.079740 0.859511
vt 0.046453 0.858759
vt 0.046451 0.858710
vt 0.046446 0.858710
vt 0.046485 0.858701
vt 0.079707 0.859154
vt 0.079708 0.859161
vt 0.079703 0.859162
vt 0.046478 0.858696
vt 0.047122 0.857860
vt 0.079738 0.859947
vt 0.079743 0.859974
vt 0.079738 0.859955
vt 0.079743 0.860005
vt 0.079738 0.859975
vt 0.046468 0.858692
vt 0.046445 0.858692
vt 0.046450 0.858690
vt 0.046457 0.858690
vt 0.046449 0.858740
vt 0.079738 0.860006
vt 0.079743 0.860026
vt 0.079738 0.860026
vt 0.047127 0.858305
vt 0.047127 0.858300
vt 0.047133 0.858300
vt 0.047110 0.858719
vt 0.047115 0.858727
vt 0.047117 0.858747
vt 0.047113 0.858750
vt 0.047133 0.858745
vt 0.047133 0.858725
vt 0.047114 0.858701
vt 0.047114 0.858709
vt 0.047110 0.858701
vt 0.047133 0.858708
vt 0.047110 0.858694
vt 0.047114 0.858693
vt 0.047133 0.858700
vt 0.047133 0.858716
vt 0.047114 0.858718
vt 0.047133 0.858693
vt 0.079738 0.859923
vt 0.079743 0.859931
vt 0.079738 0.859931
vt 0.079743 0.859923
vt 0.079738 0.859939
vt 0.079738 0.859917
vt 0.079743 0.859917
vt 0.047162 0.858301
vt 0.047156 0.858281
vt 0.047162 0.858282
vt 0.047156 0.858300
vt 0.047145 0.858281
vt 0.047133 0.858687
vt 0.047114 0.858687
vt 0.047110 0.858710
vt 0.079708 0.859169
vt 0.079703 0.859170
vt 0.079726 0.859379
vt 0.079748 0.859381
vt 0.079737 0.859382
vt 0.079720 0.859371
vt 0.047117 0.857935
vt 0.047102 0.857930
vt 0.047116 0.857928
vt 0.047103 0.857939
vt 0.047102 0.857923
vt 0.047116 0.857923
vt 0.047137 0.858009
vt 0.047123 0.858019
vt 0.047123 0.858008
vt 0.047137 0.858020
vt 0.047136 0.858000
vt 0.047123 0.858026
vt 0.079754 0.859376
vt 0.047123 0.857998
vt 0.079754 0.859337
vt 0.079750 0.859338
vt 0.079745 0.859340
vt 0.079714 0.859277
vt 0.079721 0.859270
vt 0.079751 0.859346
vt 0.079755 0.859353
vt 0.079745 0.859348
vt 0.079755 0.859362
vt 0.079755 0.859368
vt 0.079736 0.859340
vt 0.079727 0.859340
vt 0.079721 0.859340
vt 0.079736 0.859348
vt 0.013951 0.860037
vt 0.078983 0.859898
vt 0.079003 0.859878
vt 0.078996 0.859874
vt 0.078975 0.859887
vt 0.079007 0.859834
vt 0.078996 0.859839
vt 0.078982 0.859830
vt 0.078992 0.859846
vt 0.078973 0.859843
vt 0.013940 0.859925
vt 0.014337 0.859856
vt 0.014360 0.859855
vt 0.014380 0.859855
vt 0.078971 0.859859
vt 0.078990 0.859854
vt 0.013938 0.859867
vt 0.014315 0.859866
vt 0.014317 0.859856
vt 0.079700 0.859833
vt 0.079697 0.859836
vt 0.079678 0.859824
vt 0.079677 0.859828
vt 0.079655 0.859829
vt 0.079654 0.859825
vt 0.079746 0.859926
vt 0.079746 0.859932
vt 0.079717 0.859360
vt 0.046889 0.858011
vt 0.046889 0.858001
vt 0.046901 0.858008
vt 0.046902 0.858016
vt 0.046890 0.858020
vt 0.079702 0.859902
vt 0.079684 0.859913
vt 0.079686 0.859917
vt 0.079661 0.859917
vt 0.079662 0.859914
vt 0.047118 0.858777
vt 0.047133 0.858775
vt 0.047133 0.858795
vt 0.047119 0.858795
vt 0.047106 0.858702
vt 0.047099 0.858706
vt 0.047105 0.858688
vt 0.047109 0.858687
vt 0.047106 0.858695
vt 0.047099 0.858698
vt 0.047098 0.858692
vt 0.047162 0.858305
vt 0.047145 0.858305
vt 0.047144 0.858300
vt 0.047134 0.858281
vt 0.013844 0.859947
vt 0.079627 0.859858
vt 0.079634 0.859846
vt 0.079630 0.859859
vt 0.079631 0.859844
vt 0.079642 0.859835
vt 0.046482 0.858774
vt 0.047136 0.857871
vt 0.047148 0.857863
vt 0.047148 0.857873
vt 0.047148 0.857851
vt 0.047086 0.858695
vt 0.047087 0.858702
vt 0.079628 0.859893
vt 0.079626 0.859875
vt 0.079632 0.859891
vt 0.079629 0.859875
vt 0.079641 0.859905
vt 0.046901 0.858000
vt 0.046890 0.857994
vt 0.046902 0.857994
vt 0.047087 0.858710
vt 0.047086 0.858688
vt 0.047098 0.858687
vt 0.078991 0.859861
vt 0.078971 0.859873
vt 0.078993 0.859868
vt 0.079640 0.859832
vt 0.079717 0.859340
vt 0.079716 0.859321
vt 0.079639 0.859908
vt 0.079720 0.859247
vt 0.079724 0.859238
vt 0.079724 0.859249
vt 0.079720 0.859238
vt 0.079754 0.859345
vt 0.079698 0.859092
vt 0.079701 0.859090
vt 0.079698 0.859101
vt 0.079713 0.859284
vt 0.079714 0.859297
vt 0.079746 0.860022
vt 0.079746 0.860001
vt 0.079698 0.859084
vt 0.079732 0.859266
vt 0.079728 0.859257
vt 0.079723 0.859257
vt 0.079729 0.859249
vt 0.079728 0.859263
vt 0.079723 0.859263
vt 0.079729 0.859239
vt 0.079267 0.859299
vt 0.047136 0.858031
vt 0.047137 0.858027
vt 0.047122 0.858033
vt 0.079757 0.859370
vt 0.110442 0.858049
vt 0.110427 0.858057
vt 0.110456 0.858048
vt 0.110442 0.858058
vt 0.014458 0.859887
vt 0.014301 0.860495
vt 0.014304 0.860466
vt 0.014263 0.860510
vt 0.014259 0.860509
vt 0.014246 0.860492
vt 0.013856 0.859940
vt 0.013861 0.859934
vt 0.110457 0.858057
vt 0.109915 0.858100
vt 0.109914 0.858078
vt 0.047087 0.858723
vt 0.047148 0.857840
vt 0.079791 0.859958
vt 0.079778 0.859968
vt 0.079778 0.859956
vt 0.079791 0.859971
vt 0.079791 0.859940
vt 0.079778 0.859926
vt 0.079791 0.859924
vt 0.079778 0.859941
vt 0.079792 0.859847
vt 0.079780 0.859868
vt 0.079780 0.859846
vt 0.079792 0.859869
vt 0.079792 0.859822
vt 0.079780 0.859822
vt 0.079780 0.859803
vt 0.079792 0.859800
vt 0.079793 0.859752
vt 0.079780 0.859772
vt 0.079780 0.859750
vt 0.079793 0.859776
vt 0.079793 0.859729
vt 0.079780 0.859729
vt 0.079216 0.860017
vt 0.079229 0.860038
vt 0.079217 0.860040
vt 0.079217 0.860002
vt 0.079230 0.860003
vt 0.079229 0.860016
vt 0.079230 0.860058
vt 0.079217 0.860063
vt 0.079778 0.859913
vt 0.079791 0.859908
vt 0.079778 0.859900
vt 0.079791 0.859895
vt 0.079793 0.859792
vt 0.079781 0.859787
vt 0.079728 0.859228
vt 0.079724 0.859227
vt 0.047117 0.857911
vt 0.110360 0.858372
vt 0.110354 0.858367
vt 0.110362 0.858366
vt 0.110355 0.858377
vt 0.110358 0.858361
vt 0.110345 0.858370
vt 0.110347 0.858363
vt 0.110352 0.858360
vt 0.110349 0.858375
vt 0.013629 0.859723
vt 0.013644 0.859744
vt 0.013628 0.859744
vt 0.013629 0.859709
vt 0.013650 0.859723
vt 0.013656 0.859744
vt 0.013651 0.859709
vt 0.013666 0.859722
vt 0.110326 0.858710
vt 0.110343 0.858691
vt 0.110342 0.858710
vt 0.110325 0.858690
vt 0.110358 0.858710
vt 0.110343 0.858667
vt 0.110360 0.858690
vt 0.110324 0.858667
vt 0.110371 0.858710
vt 0.013607 0.859723
vt 0.013598 0.859744
vt 0.013589 0.859722
vt 0.013612 0.859744
vt 0.109582 0.857913
vt 0.109600 0.857926
vt 0.109580 0.857926
vt 0.109599 0.857899
vt 0.109599 0.857913
vt 0.109614 0.857913
vt 0.109582 0.857899
vt 0.014339 0.860402
vt 0.014331 0.860387
vt 0.014344 0.860388
vt 0.014349 0.860403
vt 0.014342 0.860372
vt 0.014359 0.860373
vt 0.014360 0.860389
vt 0.014361 0.860403
vt 0.110526 0.858756
vt 0.110534 0.858747
vt 0.110534 0.858757
vt 0.110526 0.858746
vt 0.110532 0.858743
vt 0.110534 0.858770
vt 0.110524 0.858769
vt 0.110527 0.858741
vt 0.110518 0.858746
vt 0.110516 0.858755
vt 0.110521 0.858742
vt 0.110342 0.858650
vt 0.110324 0.858650
vt 0.110353 0.858636
vt 0.110359 0.858650
vt 0.110339 0.858637
vt 0.110347 0.858624
vt 0.110362 0.858631
vt 0.110372 0.858649
vt 0.110323 0.858635
vt 0.110308 0.858649
vt 0.110309 0.858631
vt 0.110336 0.858627
vt 0.110322 0.858624
vt 0.110309 0.858617
vt 0.110335 0.858619
vt 0.110236 0.858704
vt 0.110256 0.858703
vt 0.110252 0.858713
vt 0.110239 0.858717
vt 0.110248 0.858723
vt 0.110239 0.858727
vt 0.110267 0.858708
vt 0.110276 0.858691
vt 0.110258 0.858721
vt 0.110257 0.858728
vt 0.110248 0.858729
vt 0.110241 0.858733
vt 0.110183 0.858110
vt 0.110181 0.858087
vt 0.110194 0.858093
vt 0.110171 0.858102
vt 0.110189 0.858075
vt 0.110206 0.858075
vt 0.110194 0.858120
vt 0.110218 0.858089
vt 0.110207 0.858103
vt 0.110171 0.858125
vt 0.110161 0.858117
vt 0.110361 0.858667
vt 0.110177 0.858074
vt 0.110171 0.858084
vt 0.110181 0.858068
vt 0.110193 0.858069
vt 0.109764 0.858505
vt 0.109744 0.858493
vt 0.109761 0.858486
vt 0.109750 0.858523
vt 0.109746 0.858506
vt 0.109779 0.858485
vt 0.109781 0.858503
vt 0.109767 0.858524
vt 0.109739 0.858541
vt 0.109733 0.858519
vt 0.109732 0.858506
vt 0.109770 0.858544
vt 0.109753 0.858543
vt 0.109730 0.858497
vt 0.109753 0.858482
vt 0.109729 0.858491
vt 0.109742 0.858486
vt 0.110309 0.858667
vt 0.109798 0.858522
vt 0.109809 0.858505
vt 0.109810 0.858522
vt 0.109786 0.858543
vt 0.109784 0.858524
vt 0.109800 0.858541
vt 0.109796 0.858502
vt 0.109808 0.858491
vt 0.109795 0.858481
vt 0.109808 0.858483
vt 0.110323 0.858617
vt 0.109764 0.858478
vt 0.109777 0.858476
vt 0.109789 0.858474
vt 0.110391 0.858178
vt 0.110376 0.858173
vt 0.110389 0.858163
vt 0.110376 0.858187
vt 0.110377 0.858159
vt 0.110391 0.858152
vt 0.110221 0.858137
vt 0.110207 0.858151
vt 0.110207 0.858129
vt 0.110219 0.858157
vt 0.110220 0.858114
vt 0.110233 0.858123
vt 0.110232 0.858099
vt 0.110360 0.858159
vt 0.110359 0.858179
vt 0.110218 0.858037
vt 0.110215 0.858027
vt 0.110222 0.858029
vt 0.110221 0.858025
vt 0.110211 0.858035
vt 0.110213 0.858049
vt 0.110204 0.858048
vt 0.110204 0.858032
vt 0.110209 0.858024
vt 0.110212 0.858022
vt 0.110217 0.858023
vt 0.110206 0.858698
vt 0.110200 0.858711
vt 0.110197 0.858698
vt 0.110212 0.858710
vt 0.110187 0.858710
vt 0.110188 0.858728
vt 0.110196 0.858691
vt 0.110201 0.858693
vt 0.110188 0.858698
vt 0.110190 0.858693
vt 0.110220 0.858728
vt 0.110205 0.858729
vt 0.013612 0.859678
vt 0.013608 0.859693
vt 0.013599 0.859678
vt 0.013629 0.859693
vt 0.013591 0.859692
vt 0.013606 0.859709
vt 0.013587 0.859708
vt 0.014339 0.860335
vt 0.014344 0.860358
vt 0.014330 0.860357
vt 0.014351 0.860336
vt 0.014360 0.860359
vt 0.014364 0.860337
vt 0.013628 0.859678
vt 0.013643 0.859678
vt 0.013648 0.859693
vt 0.110189 0.858170
vt 0.110194 0.858144
vt 0.110173 0.858185
vt 0.110178 0.858161
vt 0.110163 0.858176
vt 0.110182 0.858135
vt 0.110167 0.858152
vt 0.110162 0.858770
vt 0.110145 0.858750
vt 0.110162 0.858751
vt 0.110141 0.858786
vt 0.110138 0.858771
vt 0.110162 0.858784
vt 0.110115 0.858787
vt 0.110112 0.858777
vt 0.110133 0.858749
vt 0.013655 0.859678
vt 0.013664 0.859693
vt 0.014445 0.860047
vt 0.014470 0.860034
vt 0.014469 0.860048
vt 0.014435 0.860070
vt 0.014427 0.860047
vt 0.014449 0.860070
vt 0.014444 0.860034
vt 0.110373 0.858690
vt 0.110375 0.858667
vt 0.110156 0.858143
vt 0.110134 0.858151
vt 0.110146 0.858135
vt 0.110143 0.858159
vt 0.110153 0.858167
vt 0.014452 0.860424
vt 0.014466 0.860438
vt 0.014453 0.860438
vt 0.014440 0.860439
vt 0.014435 0.860424
vt 0.014468 0.860423
vt 0.014484 0.860422
vt 0.014477 0.860437
vt 0.014451 0.860408
vt 0.014469 0.860407
vt 0.014468 0.860394
vt 0.014451 0.860394
vt 0.014464 0.860371
vt 0.014478 0.860371
vt 0.014485 0.860392
vt 0.014451 0.860372
vt 0.110127 0.858765
vt 0.110235 0.858141
vt 0.110237 0.858147
vt 0.110225 0.858160
vt 0.109801 0.858565
vt 0.109788 0.858566
vt 0.109773 0.858567
vt 0.109810 0.858541
vt 0.109802 0.858585
vt 0.109790 0.858586
vt 0.109776 0.858588
vt 0.109761 0.858590
vt 0.109757 0.858569
vt 0.110310 0.858690
vt 0.110312 0.858710
vt 0.110300 0.858690
vt 0.110298 0.858666
vt 0.109748 0.858591
vt 0.109742 0.858568
vt 0.109727 0.858523
vt 0.109732 0.858557
vt 0.109731 0.858540
vt 0.109746 0.858777
vt 0.109735 0.858781
vt 0.109737 0.858774
vt 0.109756 0.858775
vt 0.109747 0.858783
vt 0.109754 0.858770
vt 0.109746 0.858771
vt 0.109751 0.858767
vt 0.109740 0.858766
vt 0.109745 0.858766
vt 0.109738 0.858769
vt 0.109738 0.858762
vt 0.109745 0.858761
vt 0.109751 0.858763
vt 0.109755 0.858766
vt 0.110231 0.858174
vt 0.110231 0.858161
vt 0.110238 0.858164
vt 0.110221 0.858173
vt 0.110240 0.858149
vt 0.110241 0.858175
vt 0.110244 0.858153
vt 0.110246 0.858166
vt 0.110249 0.858156
vt 0.110257 0.858157
vt 0.110254 0.858167
vt 0.110252 0.858175
vt 0.110220 0.858805
vt 0.110205 0.858796
vt 0.110220 0.858796
vt 0.110191 0.858797
vt 0.110194 0.858787
vt 0.110204 0.858806
vt 0.110219 0.858786
vt 0.110220 0.858812
vt 0.110203 0.858814
vt 0.110189 0.858806
vt 0.110207 0.858786
vt 0.110218 0.858777
vt 0.110197 0.858777
vt 0.110207 0.858776
vt 0.109751 0.858800
vt 0.109735 0.858804
vt 0.109735 0.858799
vt 0.109767 0.858799
vt 0.109752 0.858804
vt 0.109764 0.858794
vt 0.109749 0.858795
vt 0.109761 0.858788
vt 0.109734 0.858794
vt 0.109747 0.858789
vt 0.109758 0.858781
vt 0.109734 0.858788
vt 0.110415 0.858366
vt 0.110419 0.858371
vt 0.110415 0.858373
vt 0.110420 0.858361
vt 0.110420 0.858366
vt 0.110416 0.858360
vt 0.110425 0.858367
vt 0.110417 0.858378
vt 0.109693 0.858526
vt 0.109704 0.858521
vt 0.109701 0.858530
vt 0.109690 0.858517
vt 0.109696 0.858518
vt 0.109687 0.858523
vt 0.109686 0.858517
vt 0.109684 0.858529
vt 0.109690 0.858533
vt 0.109698 0.858539
vt 0.109682 0.858525
vt 0.109683 0.858521
vt 0.110263 0.858167
vt 0.110268 0.858173
vt 0.110261 0.858174
vt 0.110269 0.858167
vt 0.110269 0.858160
vt 0.110264 0.858159
vt 0.110422 0.858374
vt 0.110216 0.858768
vt 0.110207 0.858768
vt 0.110208 0.858762
vt 0.110215 0.858763
vt 0.110199 0.858770
vt 0.110428 0.858378
vt 0.110431 0.858369
vt 0.110424 0.858360
vt 0.110289 0.857994
vt 0.110288 0.857999
vt 0.110284 0.857995
vt 0.110293 0.857997
vt 0.110282 0.857998
vt 0.110283 0.858003
vt 0.110295 0.858001
vt 0.110288 0.858005
vt 0.110293 0.858006
vt 0.110327 0.858729
vt 0.110329 0.858717
vt 0.110340 0.858729
vt 0.110339 0.858747
vt 0.110325 0.858747
vt 0.110320 0.858717
vt 0.110338 0.858717
vt 0.110324 0.858712
vt 0.110330 0.858710
vt 0.110336 0.858712
vt 0.110315 0.858729
vt 0.110309 0.858747
vt 0.110268 0.858045
vt 0.110254 0.858048
vt 0.110262 0.858039
vt 0.110261 0.858055
vt 0.110267 0.858034
vt 0.110269 0.858039
vt 0.110242 0.858062
vt 0.110250 0.858069
vt 0.110247 0.858041
vt 0.110256 0.858033
vt 0.110262 0.858031
vt 0.109773 0.858419
vt 0.109768 0.858432
vt 0.109766 0.858420
vt 0.109777 0.858430
vt 0.109782 0.858448
vt 0.109772 0.858450
vt 0.109758 0.858434
vt 0.109757 0.858422
vt 0.110424 0.858133
vt 0.110416 0.858139
vt 0.110415 0.858132
vt 0.110421 0.858138
vt 0.110411 0.858140
vt 0.110417 0.858146
vt 0.110408 0.858136
vt 0.110411 0.858147
vt 0.110413 0.858151
vt 0.110419 0.858152
vt 0.110424 0.858144
vt 0.110424 0.858149
vt 0.109732 0.858443
vt 0.109729 0.858454
vt 0.109725 0.858446
vt 0.109737 0.858451
vt 0.109717 0.858449
vt 0.109717 0.858444
vt 0.109734 0.858467
vt 0.109719 0.858458
vt 0.109722 0.858441
vt 0.110354 0.858382
vt 0.110346 0.858380
vt 0.110044 0.858780
vt 0.110055 0.858793
vt 0.110042 0.858792
vt 0.110046 0.858771
vt 0.110055 0.858781
vt 0.110036 0.858772
vt 0.110056 0.858772
vt 0.110054 0.858768
vt 0.110033 0.858781
vt 0.110028 0.858793
vt 0.110362 0.858375
vt 0.110048 0.858766
vt 0.110259 0.858772
vt 0.110262 0.858761
vt 0.110267 0.858769
vt 0.110254 0.858764
vt 0.110271 0.858774
vt 0.110264 0.858775
vt 0.110248 0.858752
vt 0.110256 0.858748
vt 0.110265 0.858746
vt 0.110271 0.858759
vt 0.110275 0.858767
vt 0.110276 0.858772
vt 0.110214 0.858072
vt 0.110224 0.858081
vt 0.110233 0.858090
vt 0.109626 0.858809
vt 0.109631 0.858802
vt 0.109633 0.858810
vt 0.109623 0.858801
vt 0.109641 0.858789
vt 0.109641 0.858802
vt 0.109641 0.858810
vt 0.109628 0.858790
vt 0.109617 0.858787
vt 0.110289 0.858009
vt 0.110296 0.858009
vt 0.110281 0.858005
vt 0.110340 0.858576
vt 0.110333 0.858565
vt 0.110341 0.858566
vt 0.110346 0.858591
vt 0.110338 0.858593
vt 0.110346 0.858575
vt 0.110328 0.858591
vt 0.110331 0.858575
vt 0.110335 0.858562
vt 0.110340 0.858561
vt 0.110347 0.858566
vt 0.110345 0.858562
vt 0.110325 0.858572
vt 0.110328 0.858563
vt 0.110319 0.858587
vt 0.110332 0.858559
vt 0.109803 0.858443
vt 0.109810 0.858437
vt 0.109810 0.858445
vt 0.109804 0.858435
vt 0.109806 0.858432
vt 0.109801 0.858456
vt 0.109810 0.858432
vt 0.109710 0.858534
vt 0.109712 0.858523
vt 0.109718 0.858524
vt 0.109718 0.858536
vt 0.109708 0.858544
vt 0.109717 0.858549
vt 0.110243 0.858740
vt 0.110251 0.858736
vt 0.110260 0.858735
vt 0.110039 0.858804
vt 0.110056 0.858806
vt 0.110056 0.858813
vt 0.110038 0.858811
vt 0.110023 0.858806
vt 0.110021 0.858813
vt 0.109744 0.858464
vt 0.109739 0.858479
vt 0.109750 0.858475
vt 0.109723 0.858471
vt 0.109727 0.858484
vt 0.110523 0.858782
vt 0.110534 0.858783
vt 0.110514 0.858768
vt 0.110512 0.858781
vt 0.109775 0.858467
vt 0.109787 0.858465
vt 0.109763 0.858469
vt 0.109760 0.858452
vt 0.110231 0.858074
vt 0.110239 0.858082
vt 0.110234 0.858053
vt 0.110221 0.858065
vt 0.110322 0.858764
vt 0.110338 0.858764
vt 0.110338 0.858773
vt 0.110320 0.858773
vt 0.110304 0.858764
vt 0.110301 0.858773
vt 0.110209 0.858746
vt 0.110191 0.858755
vt 0.110190 0.858746
vt 0.110227 0.858746
vt 0.110212 0.858755
vt 0.110231 0.858755
vt 0.110314 0.858601
vt 0.110325 0.858608
vt 0.110311 0.858609
vt 0.109799 0.858469
vt 0.109809 0.858460
vt 0.109808 0.858475
vt 0.109798 0.858477
vt 0.110345 0.858608
vt 0.110336 0.858610
vt 0.110345 0.858617
vt 0.109625 0.858777
vt 0.109612 0.858774
vt 0.109641 0.858776
vt 0.109623 0.858770
vt 0.110208 0.858061
vt 0.110197 0.858061
vt 0.110205 0.858068
vt 0.110195 0.858046
vt 0.110186 0.858060
vt 0.109723 0.858523
vt 0.109725 0.858538
vt 0.109726 0.858554
vt 0.014375 0.860598
vt 0.014397 0.860597
vt 0.014397 0.860610
vt 0.014397 0.860585
vt 0.014374 0.860613
vt 0.014398 0.860626
vt 0.014410 0.860208
vt 0.014428 0.860205
vt 0.014411 0.860221
vt 0.014428 0.860224
vt 0.014376 0.860564
vt 0.014397 0.860570
vt 0.014373 0.860581
vt 0.014397 0.860556
vt 0.014433 0.860243
vt 0.014430 0.860257
vt 0.014422 0.860258
vt 0.014447 0.860257
vt 0.014460 0.860211
vt 0.014475 0.860223
vt 0.014460 0.860225
vt 0.014475 0.860205
vt 0.013644 0.859859
vt 0.013649 0.859879
vt 0.013636 0.859882
vt 0.013628 0.859858
vt 0.013657 0.859859
vt 0.014477 0.860236
vt 0.014483 0.860256
vt 0.014467 0.860256
vt 0.013609 0.859858
vt 0.014410 0.860585
vt 0.014410 0.860573
vt 0.014410 0.860560
vt 0.014410 0.860596
vt 0.014410 0.860608
vt 0.014447 0.860270
vt 0.014467 0.860269
vt 0.014473 0.860269
vt 0.014432 0.860271
vt 0.014425 0.860271
vt 0.110162 0.858733
vt 0.110138 0.858730
vt 0.110127 0.858732
vt 0.014485 0.860070
vt 0.014467 0.860070
vt 0.014485 0.860004
vt 0.014469 0.860018
vt 0.014468 0.860004
vt 0.014446 0.860018
vt 0.014450 0.860004
vt 0.014491 0.860018
vt 0.014448 0.860292
vt 0.014464 0.860291
vt 0.014448 0.860307
vt 0.014434 0.860292
vt 0.014465 0.860307
vt 0.014448 0.860327
vt 0.014475 0.860290
vt 0.014479 0.860306
vt 0.014433 0.860308
vt 0.014431 0.860327
vt 0.014423 0.860293
vt 0.110404 0.858447
vt 0.110396 0.858425
vt 0.110403 0.858425
vt 0.110418 0.858424
vt 0.110418 0.858446
vt 0.110435 0.858445
vt 0.110438 0.858423
vt 0.110446 0.858445
vt 0.014464 0.860150
vt 0.014447 0.860134
vt 0.014467 0.860135
vt 0.014434 0.860150
vt 0.014432 0.860134
vt 0.014468 0.860115
vt 0.014447 0.860150
vt 0.110451 0.858305
vt 0.110437 0.858289
vt 0.110456 0.858289
vt 0.110435 0.858305
vt 0.110439 0.858269
vt 0.110460 0.858270
vt 0.110449 0.858327
vt 0.110434 0.858327
vt 0.110418 0.858326
vt 0.110417 0.858305
vt 0.110406 0.858326
vt 0.110404 0.858305
vt 0.014381 0.860257
vt 0.014366 0.860273
vt 0.014368 0.860257
vt 0.014356 0.860256
vt 0.014382 0.860273
vt 0.014395 0.860258
vt 0.014397 0.860274
vt 0.014365 0.860292
vt 0.014352 0.860272
vt 0.014348 0.860291
vt 0.014344 0.860255
vt 0.012109 0.827633
vt 0.012102 0.827622
vt 0.012107 0.827622
vt 0.012104 0.827611
vt 0.012100 0.827611
vt 0.012113 0.827634
vt 0.012102 0.827600
vt 0.012106 0.827599
vt 0.109586 0.857979
vt 0.109575 0.858001
vt 0.109572 0.857979
vt 0.109582 0.857963
vt 0.109600 0.857964
vt 0.109601 0.857979
vt 0.109600 0.857944
vt 0.109616 0.857979
vt 0.109614 0.858001
vt 0.013630 0.859825
vt 0.013646 0.859809
vt 0.013645 0.859825
vt 0.013629 0.859809
vt 0.013657 0.859825
vt 0.013629 0.859789
vt 0.109601 0.858001
vt 0.109587 0.858001
vt 0.013659 0.859809
vt 0.013649 0.859789
vt 0.013664 0.859789
vt 0.014466 0.860326
vt 0.110444 0.858423
vt 0.110457 0.858444
vt 0.110455 0.858423
vt 0.014420 0.860309
vt 0.014445 0.860115
vt 0.110394 0.858447
vt 0.014410 0.860275
vt 0.014415 0.860294
vt 0.014406 0.860259
vt 0.014382 0.860293
vt 0.011408 0.828443
vt 0.011401 0.828430
vt 0.011405 0.828431
vt 0.011398 0.828418
vt 0.011403 0.828418
vt 0.011413 0.828445
vt 0.110365 0.858391
vt 0.110377 0.858413
vt 0.110366 0.858413
vt 0.110375 0.858391
vt 0.014338 0.860271
vt 0.013602 0.859825
vt 0.013611 0.859809
vt 0.013615 0.859825
vt 0.013596 0.859809
vt 0.013609 0.859789
vt 0.012109 0.827587
vt 0.012113 0.827586
vt 0.110334 0.858491
vt 0.110349 0.858477
vt 0.110348 0.858492
vt 0.110335 0.858477
vt 0.110363 0.858478
vt 0.110363 0.858493
vt 0.014419 0.860425
vt 0.014428 0.860439
vt 0.014432 0.860409
vt 0.014424 0.860373
vt 0.014433 0.860395
vt 0.014416 0.860396
vt 0.014437 0.860372
vt 0.014415 0.860409
vt 0.110395 0.858513
vt 0.110408 0.858527
vt 0.110395 0.858527
vt 0.110408 0.858512
vt 0.110421 0.858526
vt 0.110421 0.858512
vt 0.109615 0.857899
vt 0.109627 0.857913
vt 0.014379 0.860360
vt 0.014392 0.860338
vt 0.014398 0.860361
vt 0.014413 0.860362
vt 0.014378 0.860337
vt 0.014378 0.860374
vt 0.014415 0.860376
vt 0.014404 0.860339
vt 0.110302 0.858710
vt 0.014374 0.860404
vt 0.014377 0.860390
vt 0.014388 0.860404
vt 0.014395 0.860390
vt 0.014492 0.860048
vt 0.109751 0.858807
vt 0.109770 0.858804
vt 0.109773 0.858809
vt 0.109731 0.858809
vt 0.110186 0.858813
vt 0.110109 0.858771
vt 0.110213 0.858172
vt 0.110523 0.858797
vt 0.110534 0.858791
vt 0.110535 0.858797
vt 0.110510 0.858789
vt 0.110523 0.858790
vt 0.110506 0.858794
vt 0.109900 0.858443
vt 0.109905 0.858461
vt 0.109900 0.858469
vt 0.109905 0.858425
vt 0.109901 0.858443
vt 0.109900 0.858419
vt 0.110213 0.858758
vt 0.110236 0.858762
vt 0.110186 0.858762
vt 0.110320 0.858776
vt 0.110344 0.858781
vt 0.110298 0.858781
vt 0.109905 0.858507
vt 0.109901 0.858492
vt 0.109903 0.858492
vt 0.109900 0.858514
vt 0.109905 0.858474
vt 0.109900 0.858469
vt 0.109641 0.858769
vt 0.109608 0.858767
vt 0.078883 0.859856
vt 0.078899 0.859844
vt 0.078892 0.859858
vt 0.078893 0.859839
vt 0.078892 0.859876
vt 0.078883 0.859878
vt 0.078911 0.859835
vt 0.078800 0.859901
vt 0.078816 0.859907
vt 0.078812 0.859914
vt 0.078807 0.859896
vt 0.078826 0.859920
vt 0.078794 0.859884
vt 0.078801 0.859882
vt 0.078970 0.859862
vt 0.078971 0.859881
vt 0.078964 0.859879
vt 0.078964 0.859863
vt 0.078958 0.859848
vt 0.078964 0.859843
vt 0.078965 0.859898
vt 0.078959 0.859893
vt 0.078938 0.859908
vt 0.078923 0.859917
vt 0.078924 0.859908
vt 0.078939 0.859917
vt 0.078906 0.859911
vt 0.078910 0.859903
vt 0.078949 0.859903
vt 0.078953 0.859910
vt 0.078875 0.859858
vt 0.078866 0.859844
vt 0.078873 0.859839
vt 0.078883 0.859878
vt 0.078875 0.859877
vt 0.078883 0.859856
vt 0.078870 0.859895
vt 0.078876 0.859900
vt 0.078861 0.859913
vt 0.078857 0.859906
vt 0.078949 0.859837
vt 0.078952 0.859830
vt 0.078922 0.859821
vt 0.078937 0.859822
vt 0.078936 0.859831
vt 0.078924 0.859830
vt 0.078854 0.859835
vt 0.078858 0.859827
vt 0.078841 0.859830
vt 0.078842 0.859821
vt 0.078907 0.859827
vt 0.078811 0.859831
vt 0.078828 0.859831
vt 0.078816 0.859838
vt 0.078826 0.859822
vt 0.078806 0.859850
vt 0.078800 0.859845
vt 0.078801 0.859865
vt 0.078794 0.859864
vt 0.079768 0.859434
vt 0.079785 0.859419
vt 0.079785 0.859435
vt 0.079768 0.859418
vt 0.079768 0.859403
vt 0.079785 0.859403
vt 0.079768 0.859389
vt 0.079785 0.859388
vt 0.079519 0.860016
vt 0.079536 0.860002
vt 0.079536 0.860017
vt 0.079519 0.859985
vt 0.079536 0.859985
vt 0.079519 0.860002
vt 0.079519 0.859968
vt 0.079536 0.859967
vt 0.079780 0.859800
vt 0.079780 0.859817
vt 0.079763 0.859801
vt 0.079763 0.859817
vt 0.079780 0.859837
vt 0.079763 0.859837
vt 0.079536 0.860028
vt 0.079519 0.860028
vt 0.079519 0.859954
vt 0.079536 0.859951
vt 0.079768 0.859581
vt 0.079785 0.859603
vt 0.079768 0.859604
vt 0.079785 0.859560
vt 0.079785 0.859581
vt 0.079785 0.859620
vt 0.079768 0.859621
vt 0.079768 0.859559
vt 0.079780 0.859856
vt 0.079763 0.859870
vt 0.079763 0.859856
vt 0.079780 0.859871
vt 0.079785 0.859451
vt 0.079768 0.859449
vt 0.078891 0.859898
vt 0.078898 0.859893
vt 0.078843 0.859920
vt 0.078842 0.859911
vt 0.078828 0.859912
vt 0.013970 0.860377
vt 0.013946 0.860373
vt 0.014449 0.860244
vt 0.013630 0.859847
vt 0.013654 0.859846
vt 0.013644 0.859847
vt 0.013616 0.859847
vt 0.014049 0.860397
vt 0.014480 0.860186
vt 0.014470 0.860205
vt 0.014462 0.860185
vt 0.014460 0.860204
vt 0.014451 0.860203
vt 0.014447 0.860185
vt 0.109947 0.857885
vt 0.109967 0.857888
vt 0.109947 0.857894
vt 0.109967 0.857878
vt 0.109989 0.857883
vt 0.109989 0.857893
vt 0.014447 0.860172
vt 0.014463 0.860172
vt 0.014435 0.860172
vt 0.014434 0.860185
vt 0.014470 0.859978
vt 0.014482 0.859977
vt 0.014482 0.859998
vt 0.014470 0.859994
vt 0.014244 0.860442
vt 0.014234 0.860428
vt 0.014266 0.860537
vt 0.014340 0.860321
vt 0.014348 0.860309
vt 0.014352 0.860322
vt 0.014334 0.860308
vt 0.014364 0.860310
vt 0.014364 0.860322
vt 0.013598 0.859759
vt 0.013609 0.859772
vt 0.013593 0.859771
vt 0.013612 0.859759
vt 0.014404 0.860405
vt 0.014414 0.860424
vt 0.014404 0.860421
vt 0.014414 0.860404
vt 0.014381 0.860310
vt 0.014393 0.860323
vt 0.014378 0.860323
vt 0.014398 0.860311
vt 0.014400 0.860294
vt 0.014412 0.860312
vt 0.014424 0.860358
vt 0.014433 0.860345
vt 0.014437 0.860358
vt 0.014418 0.860346
vt 0.014449 0.860345
vt 0.014450 0.860357
vt 0.014446 0.860097
vt 0.014435 0.860085
vt 0.014449 0.860085
vt 0.014429 0.860097
vt 0.014428 0.860115
vt 0.013648 0.859772
vt 0.013656 0.859759
vt 0.013663 0.859771
vt 0.013629 0.859772
vt 0.013644 0.859759
vt 0.014465 0.860344
vt 0.014478 0.860356
vt 0.014464 0.860357
vt 0.014483 0.860343
vt 0.014484 0.860325
vt 0.109580 0.857944
vt 0.013628 0.859759
vt 0.014467 0.860085
vt 0.014468 0.860097
vt 0.110455 0.858240
vt 0.110438 0.858239
vt 0.110438 0.858225
vt 0.110460 0.858252
vt 0.110439 0.858252
vt 0.011594 0.828404
vt 0.011578 0.828414
vt 0.011578 0.828403
vt 0.011594 0.828426
vt 0.011578 0.828427
vt 0.011594 0.828415
vt 0.011594 0.828393
vt 0.011594 0.828438
vt 0.011578 0.828440
vt 0.011578 0.828391
vt 0.011401 0.828406
vt 0.011405 0.828406
vt 0.011697 0.828038
vt 0.011693 0.828019
vt 0.011697 0.828016
vt 0.011693 0.828035
vt 0.011160 0.827598
vt 0.011158 0.827617
vt 0.011156 0.827601
vt 0.011163 0.827620
vt 0.011408 0.828394
vt 0.011413 0.828393
vt 0.110419 0.858224
vt 0.110419 0.858239
vt 0.110405 0.858239
vt 0.110405 0.858224
vt 0.014487 0.860406
vt 0.109627 0.857898
vt 0.014488 0.860205
vt 0.014475 0.860225
vt 0.014475 0.860209
vt 0.014488 0.860226
vt 0.110375 0.858478
vt 0.110375 0.858493
vt 0.110435 0.858526
vt 0.110434 0.858511
vt 0.110448 0.858525
vt 0.110448 0.858510
vt 0.014410 0.860391
vt 0.110321 0.858491
vt 0.110322 0.858476
vt 0.110310 0.858490
vt 0.110310 0.858475
vt 0.109568 0.857898
vt 0.109569 0.857913
vt 0.110456 0.858225
vt 0.014447 0.860606
vt 0.014415 0.860588
vt 0.014446 0.860586
vt 0.014420 0.860624
vt 0.014417 0.860608
vt 0.014448 0.860624
vt 0.014466 0.860561
vt 0.014449 0.860533
vt 0.014468 0.860533
vt 0.014465 0.860584
vt 0.014447 0.860562
vt 0.014415 0.860539
vt 0.014415 0.860565
vt 0.014466 0.860605
vt 0.014466 0.860623
vt 0.012117 0.827770
vt 0.012130 0.827757
vt 0.012132 0.827770
vt 0.012117 0.827758
vt 0.012077 0.827899
vt 0.012080 0.827895
vt 0.110479 0.858280
vt 0.110477 0.858306
vt 0.110468 0.858307
vt 0.110489 0.858279
vt 0.110477 0.858328
vt 0.110468 0.858328
vt 0.110483 0.858348
vt 0.110474 0.858347
vt 0.110480 0.858365
vt 0.110489 0.858366
vt 0.012064 0.827896
vt 0.012067 0.827899
vt 0.012053 0.827924
vt 0.014572 0.859984
vt 0.012024 0.828358
vt 0.012036 0.828377
vt 0.012024 0.828378
vt 0.012025 0.828334
vt 0.012036 0.828357
vt 0.012037 0.828334
vt 0.012027 0.828306
vt 0.012039 0.828306
vt 0.012036 0.828396
vt 0.012025 0.828397
vt 0.011515 0.827589
vt 0.011504 0.827576
vt 0.011518 0.827578
vt 0.011502 0.827587
vt 0.109946 0.857905
vt 0.109967 0.857906
vt 0.109945 0.857915
vt 0.109967 0.857897
vt 0.109989 0.857902
vt 0.109989 0.857912
vt 0.014415 0.860328
vt 0.014333 0.860290
vt 0.013592 0.859789
vt 0.013668 0.859708
vt 0.014429 0.860018
vt 0.014425 0.860034
vt 0.014327 0.860370
vt 0.014398 0.860375
vt 0.014494 0.860034
vt 0.014488 0.860173
vt 0.014478 0.860172
vt 0.014494 0.860186
vt 0.014285 0.860629
vt 0.014288 0.860644
vt 0.014277 0.860644
vt 0.014277 0.860621
vt 0.013637 0.860037
vt 0.013647 0.860038
vt 0.013656 0.860040
vt 0.014085 0.859739
vt 0.014107 0.859743
vt 0.014085 0.859747
vt 0.014128 0.859750
vt 0.014107 0.859752
vt 0.014128 0.859740
vt 0.014107 0.859733
vt 0.014086 0.859758
vt 0.014085 0.859728
vt 0.014107 0.859724
vt 0.014127 0.859730
vt 0.014129 0.859761
vt 0.014117 0.859777
vt 0.014088 0.859776
vt 0.014057 0.859801
vt 0.014057 0.859775
vt 0.014057 0.859758
vt 0.014089 0.859802
vt 0.014115 0.859975
vt 0.014102 0.859965
vt 0.014112 0.859961
vt 0.014116 0.859989
vt 0.014103 0.859978
vt 0.014133 0.859989
vt 0.014137 0.859973
vt 0.014105 0.859991
vt 0.013871 0.860013
vt 0.013879 0.860024
vt 0.013868 0.860024
vt 0.013895 0.860019
vt 0.013896 0.860030
vt 0.013880 0.860014
vt 0.014116 0.859995
vt 0.014136 0.859953
vt 0.014150 0.859990
vt 0.014157 0.859972
vt 0.014159 0.859946
vt 0.014134 0.859995
vt 0.013723 0.860018
vt 0.013709 0.860053
vt 0.013721 0.860057
vt 0.014234 0.860489
vt 0.014237 0.860476
vt 0.014236 0.860461
vt 0.014231 0.860475
vt 0.014229 0.860460
vt 0.014228 0.860446
vt 0.014077 0.859927
vt 0.014098 0.859935
vt 0.014075 0.859939
vt 0.014103 0.859919
vt 0.014132 0.859918
vt 0.014081 0.859913
vt 0.014102 0.859910
vt 0.014135 0.859934
vt 0.014108 0.859947
vt 0.014056 0.859929
vt 0.014057 0.859898
vt 0.014083 0.859898
vt 0.014114 0.859899
vt 0.014125 0.859906
vt 0.014217 0.859762
vt 0.014245 0.859755
vt 0.014223 0.859775
vt 0.014201 0.859777
vt 0.014199 0.859761
vt 0.014253 0.859770
vt 0.014272 0.859737
vt 0.014274 0.859746
vt 0.014204 0.859806
vt 0.014228 0.859803
vt 0.014277 0.859768
vt 0.014257 0.859801
vt 0.014240 0.859744
vt 0.014242 0.859730
vt 0.014271 0.859727
vt 0.014242 0.859719
vt 0.014269 0.859714
vt 0.013741 0.860062
vt 0.013777 0.860065
vt 0.013814 0.860062
vt 0.013804 0.860089
vt 0.013773 0.860089
vt 0.013836 0.860070
vt 0.013826 0.860088
vt 0.013836 0.860034
vt 0.013831 0.860007
vt 0.014160 0.859814
vt 0.014154 0.859833
vt 0.014148 0.859815
vt 0.014164 0.859831
vt 0.014125 0.859857
vt 0.014125 0.859830
vt 0.014124 0.859814
vt 0.014144 0.859805
vt 0.014161 0.859859
vt 0.014155 0.859862
vt 0.014147 0.859887
vt 0.014121 0.859882
vt 0.014090 0.859854
vt 0.014090 0.859827
vt 0.013857 0.860268
vt 0.013840 0.860290
vt 0.013841 0.860264
vt 0.013874 0.860299
vt 0.013851 0.860301
vt 0.013873 0.860321
vt 0.013854 0.860326
vt 0.013678 0.860044
vt 0.014090 0.859811
vt 0.014058 0.859853
vt 0.014058 0.859826
vt 0.014123 0.859804
vt 0.014057 0.859810
vt 0.014133 0.859777
vt 0.014188 0.859761
vt 0.014187 0.859778
vt 0.014165 0.859765
vt 0.014164 0.859782
vt 0.014183 0.859808
vt 0.014164 0.859811
vt 0.014161 0.859898
vt 0.014160 0.859923
vt 0.014088 0.859879
vt 0.079268 0.859263
vt 0.012076 0.828234
vt 0.012082 0.828215
vt 0.012078 0.828232
vt 0.012070 0.828214
vt 0.012085 0.828212
vt 0.012072 0.828253
vt 0.014283 0.859811
vt 0.014284 0.859831
vt 0.014258 0.859813
vt 0.014258 0.859833
vt 0.014279 0.859868
vt 0.014255 0.859868
vt 0.014282 0.859798
vt 0.013902 0.860271
vt 0.013898 0.860301
vt 0.013878 0.860270
vt 0.013922 0.860306
vt 0.013896 0.860322
vt 0.013929 0.860275
vt 0.014563 0.859896
vt 0.014573 0.859897
vt 0.014574 0.859917
vt 0.014566 0.859865
vt 0.014561 0.859862
vt 0.014539 0.860054
vt 0.014544 0.860030
vt 0.014543 0.860055
vt 0.014539 0.860030
vt 0.014545 0.860074
vt 0.014552 0.860004
vt 0.012066 0.828234
vt 0.012058 0.828253
vt 0.012064 0.828233
vt 0.012061 0.828253
vt 0.012061 0.828275
vt 0.012073 0.828217
vt 0.014214 0.859755
vt 0.014552 0.860089
vt 0.014549 0.860076
vt 0.014557 0.860092
vt 0.012070 0.828253
vt 0.012070 0.828275
vt 0.079470 0.859894
vt 0.014226 0.860514
vt 0.014243 0.860506
vt 0.014240 0.860520
vt 0.014238 0.860531
vt 0.014216 0.860525
vt 0.014230 0.860502
vt 0.014258 0.860524
vt 0.014257 0.860536
vt 0.079268 0.859085
vt 0.014084 0.859700
vt 0.014107 0.859701
vt 0.014057 0.859727
vt 0.014099 0.859679
vt 0.014127 0.859703
vt 0.014116 0.859681
vt 0.014057 0.859739
vt 0.014081 0.859679
vt 0.014185 0.859719
vt 0.014169 0.859705
vt 0.014190 0.859706
vt 0.014178 0.859681
vt 0.014188 0.859681
vt 0.014167 0.859734
vt 0.014186 0.859730
vt 0.014166 0.859744
vt 0.014201 0.859680
vt 0.014205 0.859697
vt 0.013625 0.860060
vt 0.013612 0.860060
vt 0.013584 0.860023
vt 0.013583 0.860039
vt 0.014217 0.859679
vt 0.014222 0.859698
vt 0.014234 0.859678
vt 0.014239 0.859706
vt 0.109701 0.858696
vt 0.109703 0.858708
vt 0.109687 0.858699
vt 0.109717 0.858706
vt 0.109715 0.858694
vt 0.110078 0.858101
vt 0.110106 0.858107
vt 0.110083 0.858115
vt 0.110067 0.858108
vt 0.110072 0.858120
vt 0.014089 0.859945
vt 0.014097 0.859953
vt 0.013731 0.860542
vt 0.013717 0.860545
vt 0.013730 0.860536
vt 0.013743 0.860532
vt 0.013744 0.860539
vt 0.014151 0.859995
vt 0.014134 0.860000
vt 0.014115 0.860000
vt 0.014107 0.859995
vt 0.014152 0.860000
vt 0.014136 0.860013
vt 0.014113 0.860013
vt 0.013733 0.860554
vt 0.013722 0.860566
vt 0.013718 0.860555
vt 0.013723 0.860580
vt 0.013706 0.860579
vt 0.013738 0.860566
vt 0.013705 0.860565
vt 0.013703 0.860556
vt 0.013746 0.860552
vt 0.013752 0.860565
vt 0.013753 0.860578
vt 0.013742 0.860582
vt 0.013689 0.860564
vt 0.013688 0.860554
vt 0.013691 0.860579
vt 0.013895 0.860345
vt 0.013874 0.860374
vt 0.013874 0.860345
vt 0.013894 0.860375
vt 0.013886 0.860397
vt 0.013870 0.860394
vt 0.013916 0.860349
vt 0.013913 0.860376
vt 0.013905 0.860397
vt 0.013861 0.860046
vt 0.013877 0.860045
vt 0.013875 0.860067
vt 0.013853 0.860069
vt 0.013896 0.860049
vt 0.013895 0.860068
vt 0.013874 0.860083
vt 0.013912 0.860065
vt 0.013913 0.860042
vt 0.013754 0.860586
vt 0.013728 0.860599
vt 0.109867 0.858476
vt 0.109844 0.858499
vt 0.109843 0.858475
vt 0.109889 0.858483
vt 0.109866 0.858499
vt 0.109887 0.858503
vt 0.109807 0.858224
vt 0.109817 0.858240
vt 0.109797 0.858243
vt 0.109818 0.858199
vt 0.109824 0.858223
vt 0.013847 0.860045
vt 0.013918 0.860328
vt 0.109831 0.858200
vt 0.109828 0.858174
vt 0.109838 0.858179
vt 0.109841 0.858167
vt 0.013858 0.860020
vt 0.013850 0.860012
vt 0.013693 0.860598
vt 0.014157 0.860014
vt 0.014157 0.860027
vt 0.014135 0.860026
vt 0.013712 0.860599
vt 0.013846 0.860086
vt 0.013895 0.860079
vt 0.109825 0.858480
vt 0.109827 0.858502
vt 0.013856 0.860348
vt 0.013857 0.860374
vt 0.013855 0.860392
vt 0.013870 0.860401
vt 0.013865 0.860398
vt 0.013855 0.860397
vt 0.013874 0.860415
vt 0.013914 0.860021
vt 0.013927 0.860064
vt 0.013927 0.860040
vt 0.013895 0.860415
vt 0.013875 0.860429
vt 0.013915 0.860414
vt 0.013899 0.860429
vt 0.013918 0.860397
vt 0.013929 0.860413
vt 0.013743 0.860600
vt 0.013756 0.860582
vt 0.014104 0.859998
vt 0.014099 0.860013
vt 0.013855 0.860402
vt 0.013857 0.860416
vt 0.013742 0.860613
vt 0.013725 0.860613
vt 0.013753 0.860600
vt 0.013855 0.860429
vt 0.014111 0.860026
vt 0.014097 0.860026
vt 0.013706 0.860613
vt 0.013687 0.860612
vt 0.013678 0.860597
vt 0.013682 0.860579
vt 0.013926 0.860080
vt 0.013912 0.860079
vt 0.013673 0.860611
vt 0.013676 0.860623
vt 0.013704 0.860624
vt 0.013688 0.860624
vt 0.079345 0.859870
vt 0.079345 0.859896
vt 0.079342 0.859894
vt 0.079334 0.859850
vt 0.079337 0.859847
vt 0.079342 0.859871
vt 0.079335 0.859917
vt 0.079332 0.859913
vt 0.079013 0.859933
vt 0.079038 0.859914
vt 0.079023 0.859938
vt 0.079018 0.859907
vt 0.079047 0.859934
vt 0.079027 0.859947
vt 0.078997 0.859908
vt 0.013720 0.860624
vt 0.079040 0.859979
vt 0.079028 0.859960
vt 0.079047 0.859959
vt 0.079025 0.859992
vt 0.079025 0.859971
vt 0.079018 0.859978
vt 0.079003 0.859992
vt 0.079007 0.859979
vt 0.014132 0.860037
vt 0.014111 0.860037
vt 0.014097 0.860037
vt 0.013746 0.860624
vt 0.013734 0.860624
vt 0.013753 0.860614
vt 0.046635 0.858710
vt 0.046645 0.858709
vt 0.046644 0.858729
vt 0.046634 0.858728
vt 0.046624 0.858727
vt 0.046623 0.858704
vt 0.046634 0.858700
vt 0.046642 0.858697
vt 0.046650 0.858727
vt 0.046650 0.858746
vt 0.046643 0.858749
vt 0.046633 0.858751
vt 0.046623 0.858752
vt 0.079762 0.859606
vt 0.079768 0.859610
vt 0.079762 0.859611
vt 0.079768 0.859606
vt 0.079751 0.859612
vt 0.079751 0.859607
vt 0.079740 0.859612
vt 0.079740 0.859607
vt 0.047120 0.858397
vt 0.047120 0.858407
vt 0.047116 0.858397
vt 0.047140 0.858398
vt 0.047140 0.858391
vt 0.047140 0.858408
vt 0.047140 0.858418
vt 0.047119 0.858418
vt 0.079745 0.859629
vt 0.079750 0.859622
vt 0.079750 0.859629
vt 0.079745 0.859622
vt 0.046654 0.858743
vt 0.046651 0.858706
vt 0.046653 0.858725
vt 0.046654 0.858756
vt 0.046650 0.858760
vt 0.047131 0.858341
vt 0.047134 0.858348
vt 0.047127 0.858347
vt 0.047129 0.858328
vt 0.047136 0.858329
vt 0.047137 0.858341
vt 0.046618 0.858724
vt 0.046626 0.858698
vt 0.047111 0.858397
vt 0.047105 0.858407
vt 0.047105 0.858397
vt 0.047115 0.858408
vt 0.047111 0.858408
vt 0.047110 0.858423
vt 0.047105 0.858420
vt 0.047133 0.858352
vt 0.047127 0.858352
vt 0.013939 0.860061
vt 0.013940 0.860038
vt 0.013928 0.860017
vt 0.013940 0.860018
vt 0.047148 0.858341
vt 0.047157 0.858329
vt 0.047158 0.858341
vt 0.047145 0.858348
vt 0.047156 0.858348
vt 0.047162 0.858348
vt 0.047156 0.858352
vt 0.047145 0.858352
vt 0.046232 0.858728
vt 0.046224 0.858722
vt 0.046231 0.858723
vt 0.046219 0.858731
vt 0.046219 0.858721
vt 0.046225 0.858733
vt 0.046231 0.858716
vt 0.046242 0.858719
vt 0.079750 0.859657
vt 0.079750 0.859677
vt 0.079745 0.859658
vt 0.079745 0.859648
vt 0.079750 0.859648
vt 0.079750 0.859698
vt 0.079745 0.859678
vt 0.079746 0.859499
vt 0.079742 0.859477
vt 0.079746 0.859478
vt 0.079741 0.859502
vt 0.079746 0.859451
vt 0.079742 0.859449
vt 0.079733 0.859502
vt 0.079735 0.859475
vt 0.078797 0.859958
vt 0.078794 0.859951
vt 0.078797 0.859949
vt 0.078794 0.859977
vt 0.078794 0.859959
vt 0.078797 0.859977
vt 0.078794 0.859943
vt 0.078797 0.859941
vt 0.079720 0.859405
vt 0.079719 0.859398
vt 0.079729 0.859404
vt 0.079714 0.859404
vt 0.079728 0.859414
vt 0.079719 0.859414
vt 0.079729 0.859395
vt 0.079739 0.859396
vt 0.079738 0.859405
vt 0.079737 0.859415
vt 0.079714 0.859415
vt 0.079715 0.859407
vt 0.079728 0.859423
vt 0.079719 0.859422
vt 0.079745 0.859399
vt 0.079744 0.859407
vt 0.079744 0.859416
vt 0.079750 0.859713
vt 0.079753 0.859718
vt 0.079750 0.859721
vt 0.079753 0.859701
vt 0.079753 0.859714
vt 0.079753 0.859677
vt 0.079749 0.859503
vt 0.079743 0.859506
vt 0.079735 0.859506
vt 0.079710 0.859422
vt 0.079711 0.859413
vt 0.079713 0.859422
vt 0.079725 0.859473
vt 0.079724 0.859501
vt 0.079714 0.859497
vt 0.079736 0.859447
vt 0.079716 0.859471
vt 0.079718 0.859447
vt 0.079712 0.859448
vt 0.079708 0.859490
vt 0.079710 0.859472
vt 0.047115 0.858435
vt 0.047122 0.858452
vt 0.047119 0.858455
vt 0.047114 0.858421
vt 0.047120 0.858430
vt 0.047140 0.858448
vt 0.047140 0.858468
vt 0.047140 0.858428
vt 0.046612 0.858751
vt 0.046614 0.858722
vt 0.046619 0.858702
vt 0.046616 0.858752
vt 0.046643 0.858766
vt 0.079745 0.859698
vt 0.079745 0.859720
vt 0.079745 0.859713
vt 0.078802 0.859958
vt 0.078802 0.859978
vt 0.078797 0.860008
vt 0.078802 0.860008
vt 0.078802 0.859950
vt 0.047111 0.858440
vt 0.046623 0.858772
vt 0.046633 0.858770
vt 0.046615 0.858772
vt 0.046611 0.858770
vt 0.078797 0.860028
vt 0.047127 0.858356
vt 0.047133 0.858357
vt 0.046213 0.858750
vt 0.046197 0.858778
vt 0.046197 0.858747
vt 0.046216 0.858752
vt 0.046214 0.858729
vt 0.046197 0.858728
vt 0.046215 0.858712
vt 0.046197 0.858719
vt 0.046197 0.858711
vt 0.046215 0.858703
vt 0.046219 0.858696
vt 0.046219 0.858704
vt 0.046197 0.858703
vt 0.046215 0.858696
vt 0.078802 0.859926
vt 0.078797 0.859933
vt 0.078797 0.859926
vt 0.078802 0.859934
vt 0.078802 0.859942
vt 0.047162 0.858356
vt 0.047156 0.858376
vt 0.047156 0.858357
vt 0.047162 0.858375
vt 0.047146 0.858376
vt 0.047145 0.858357
vt 0.046197 0.858696
vt 0.046197 0.858690
vt 0.046216 0.858690
vt 0.046220 0.858690
vt 0.046215 0.858720
vt 0.046219 0.858713
vt 0.079750 0.859729
vt 0.079745 0.859728
vt 0.079740 0.859390
vt 0.079719 0.859391
vt 0.079730 0.859388
vt 0.079712 0.859400
vt 0.047126 0.858487
vt 0.047140 0.858490
vt 0.047125 0.858494
vt 0.047140 0.858482
vt 0.047139 0.858498
vt 0.047115 0.858021
vt 0.047101 0.858011
vt 0.047115 0.858010
vt 0.047101 0.858022
vt 0.047101 0.858003
vt 0.047114 0.858030
vt 0.047101 0.858032
vt 0.079746 0.859394
vt 0.079743 0.859432
vt 0.079746 0.859433
vt 0.079727 0.859446
vt 0.079706 0.859493
vt 0.079713 0.859500
vt 0.079724 0.859505
vt 0.079747 0.859403
vt 0.079737 0.859423
vt 0.079747 0.859409
vt 0.079747 0.859418
vt 0.079713 0.859431
vt 0.079719 0.859430
vt 0.079737 0.859431
vt 0.079728 0.859430
vt 0.014153 0.860037
vt 0.078983 0.859915
vt 0.079003 0.859935
vt 0.078997 0.859939
vt 0.078975 0.859926
vt 0.078997 0.859975
vt 0.078982 0.859983
vt 0.078992 0.859967
vt 0.079743 0.859424
vt 0.013877 0.860439
vt 0.013921 0.860428
vt 0.013900 0.860440
vt 0.078971 0.859954
vt 0.078991 0.859959
vt 0.078973 0.859970
vt 0.078991 0.859952
vt 0.013938 0.860075
vt 0.013857 0.860439
vt 0.079313 0.859926
vt 0.079312 0.859922
vt 0.079290 0.859921
vt 0.078794 0.859929
vt 0.078794 0.859935
vt 0.047043 0.858136
vt 0.047031 0.858141
vt 0.047031 0.858132
vt 0.047042 0.858144
vt 0.047031 0.858152
vt 0.079319 0.859837
vt 0.079321 0.859833
vt 0.079296 0.859832
vt 0.079750 0.859639
vt 0.079753 0.859634
vt 0.079753 0.859642
vt 0.046211 0.858779
vt 0.046197 0.858798
vt 0.046210 0.858798
vt 0.046223 0.858705
vt 0.046223 0.858713
vt 0.046230 0.858708
vt 0.046224 0.858691
vt 0.046224 0.858697
vt 0.046230 0.858701
vt 0.046231 0.858695
vt 0.047162 0.858352
vt 0.047162 0.858341
vt 0.047135 0.858376
vt 0.013844 0.859995
vt 0.079262 0.859891
vt 0.079261 0.859875
vt 0.079264 0.859875
vt 0.079269 0.859904
vt 0.079266 0.859906
vt 0.079265 0.859891
vt 0.079277 0.859915
vt 0.047147 0.858329
vt 0.046651 0.858693
vt 0.046648 0.858688
vt 0.047093 0.858423
vt 0.047104 0.858430
vt 0.047093 0.858433
vt 0.047092 0.858410
vt 0.046243 0.858697
vt 0.046242 0.858705
vt 0.079263 0.859857
vt 0.079267 0.859858
vt 0.079276 0.859844
vt 0.047042 0.858152
vt 0.047031 0.858158
vt 0.047043 0.858158
vt 0.046242 0.858712
vt 0.046243 0.858691
vt 0.078971 0.859940
vt 0.078993 0.859945
vt 0.079289 0.859925
vt 0.079275 0.859918
vt 0.079708 0.859449
vt 0.079709 0.859431
vt 0.079274 0.859842
vt 0.079297 0.859836
vt 0.079702 0.859253
vt 0.079698 0.859243
vt 0.079702 0.859242
vt 0.079698 0.859253
vt 0.079753 0.859659
vt 0.079747 0.859425
vt 0.079753 0.859650
vt 0.079705 0.859487
vt 0.079706 0.859474
vt 0.078794 0.860024
vt 0.078794 0.860004
vt 0.079706 0.859234
vt 0.079706 0.859242
vt 0.079701 0.859234
vt 0.079706 0.859252
vt 0.047114 0.858003
vt 0.047114 0.857998
vt 0.047100 0.857997
vt 0.079749 0.859400
vt 0.109673 0.858701
vt 0.109689 0.858709
vt 0.109673 0.858710
vt 0.109659 0.858700
vt 0.013716 0.860539
vt 0.014228 0.860489
vt 0.013856 0.860002
vt 0.013861 0.860009
vt 0.109832 0.858163
vt 0.109658 0.858709
vt 0.110105 0.858088
vt 0.110131 0.858078
vt 0.110130 0.858100
vt 0.046243 0.858726
vt 0.046231 0.858690
vt 0.047092 0.858399
vt 0.079788 0.859985
vt 0.079776 0.859975
vt 0.079788 0.859971
vt 0.079775 0.859986
vt 0.079788 0.860002
vt 0.079775 0.860001
vt 0.079775 0.860016
vt 0.079136 0.860039
vt 0.079149 0.860059
vt 0.079136 0.860061
vt 0.079149 0.860038
vt 0.079136 0.860013
vt 0.079149 0.860013
vt 0.079149 0.859994
vt 0.079476 0.860033
vt 0.079463 0.860012
vt 0.079476 0.860009
vt 0.079463 0.860035
vt 0.079476 0.860056
vt 0.079463 0.860055
vt 0.079780 0.859667
vt 0.079794 0.859681
vt 0.079780 0.859681
vt 0.079793 0.859646
vt 0.079793 0.859667
vt 0.079780 0.859643
vt 0.079794 0.859626
vt 0.079781 0.859621
vt 0.079788 0.860018
vt 0.079775 0.860030
vt 0.079788 0.860034
vt 0.079775 0.860042
vt 0.079788 0.860047
vt 0.079136 0.859991
vt 0.079463 0.859998
vt 0.079476 0.859993
vt 0.079706 0.859228
vt 0.079701 0.859227
vt 0.078802 0.860028
vt 0.079706 0.859263
vt 0.079701 0.859263
vt 0.047126 0.858482
vt 0.078802 0.859920
vt 0.078797 0.859920
vt 0.079745 0.859639
vt 0.047125 0.858470
vt 0.047120 0.858391
vt 0.013920 0.860440
vt 0.110343 0.858370
vt 0.110345 0.858377
vt 0.110337 0.858375
vt 0.110341 0.858382
vt 0.110335 0.858382
vt 0.110330 0.858379
vt 0.110328 0.858372
vt 0.110338 0.858365
vt 0.110329 0.858363
vt 0.110337 0.858360
vt 0.110332 0.858368
vt 0.013629 0.860219
vt 0.013644 0.860198
vt 0.013650 0.860219
vt 0.013629 0.860232
vt 0.013628 0.860198
vt 0.013666 0.860220
vt 0.013651 0.860233
vt 0.013656 0.860198
vt 0.110158 0.858730
vt 0.110142 0.858711
vt 0.110159 0.858711
vt 0.110142 0.858730
vt 0.110126 0.858730
vt 0.110125 0.858711
vt 0.110142 0.858687
vt 0.110160 0.858687
vt 0.110113 0.858730
vt 0.110111 0.858710
vt 0.013607 0.860219
vt 0.013598 0.860198
vt 0.013612 0.860198
vt 0.013606 0.860233
vt 0.109582 0.858337
vt 0.109600 0.858324
vt 0.109599 0.858337
vt 0.109580 0.858325
vt 0.109599 0.858352
vt 0.109582 0.858352
vt 0.109614 0.858338
vt 0.109615 0.858352
vt 0.014359 0.860039
vt 0.014370 0.860053
vt 0.014354 0.860054
vt 0.014350 0.860040
vt 0.014370 0.860069
vt 0.014352 0.860070
vt 0.014341 0.860055
vt 0.014338 0.860071
vt 0.110524 0.858395
vt 0.110530 0.858405
vt 0.110521 0.858404
vt 0.110532 0.858396
vt 0.110528 0.858419
vt 0.110518 0.858418
vt 0.110527 0.858391
vt 0.110533 0.858391
vt 0.110540 0.858397
vt 0.110539 0.858407
vt 0.110538 0.858393
vt 0.110142 0.858671
vt 0.110125 0.858670
vt 0.110131 0.858656
vt 0.110145 0.858657
vt 0.110137 0.858645
vt 0.110148 0.858647
vt 0.110161 0.858670
vt 0.110112 0.858669
vt 0.110122 0.858651
vt 0.110162 0.858656
vt 0.110176 0.858669
vt 0.110162 0.858645
vt 0.110175 0.858638
vt 0.110176 0.858651
vt 0.110149 0.858640
vt 0.110162 0.858637
vt 0.110457 0.858570
vt 0.110460 0.858557
vt 0.110474 0.858561
vt 0.110478 0.858571
vt 0.110470 0.858551
vt 0.110480 0.858553
vt 0.110488 0.858566
vt 0.110497 0.858583
vt 0.110478 0.858546
vt 0.110461 0.858547
vt 0.110470 0.858545
vt 0.110462 0.858541
vt 0.110303 0.857907
vt 0.110315 0.857923
vt 0.110301 0.857929
vt 0.110291 0.857915
vt 0.110315 0.857897
vt 0.110327 0.857914
vt 0.110338 0.857928
vt 0.110326 0.857941
vt 0.110309 0.857941
vt 0.110297 0.857942
vt 0.110291 0.857892
vt 0.110124 0.858687
vt 0.110109 0.858687
vt 0.110291 0.857933
vt 0.110301 0.857948
vt 0.110313 0.857948
vt 0.109636 0.858505
vt 0.109650 0.858524
vt 0.109632 0.858524
vt 0.109615 0.858517
vt 0.109618 0.858504
vt 0.109621 0.858487
vt 0.109639 0.858485
vt 0.109610 0.858469
vt 0.109625 0.858467
vt 0.109604 0.858491
vt 0.109642 0.858466
vt 0.109604 0.858503
vt 0.109602 0.858513
vt 0.109625 0.858528
vt 0.109613 0.858524
vt 0.109600 0.858519
vt 0.110176 0.858687
vt 0.109681 0.858487
vt 0.109671 0.858468
vt 0.109682 0.858469
vt 0.109680 0.858505
vt 0.109670 0.858487
vt 0.109668 0.858507
vt 0.109657 0.858467
vt 0.109653 0.858507
vt 0.109679 0.858519
vt 0.109666 0.858529
vt 0.109655 0.858486
vt 0.109679 0.858526
vt 0.109670 0.858533
vt 0.110173 0.858630
vt 0.109635 0.858532
vt 0.109661 0.858536
vt 0.109649 0.858534
vt 0.110512 0.858693
vt 0.110526 0.858691
vt 0.110520 0.858706
vt 0.110533 0.858701
vt 0.110506 0.858710
vt 0.110340 0.857903
vt 0.110342 0.857880
vt 0.110353 0.857893
vt 0.110328 0.857888
vt 0.110328 0.857865
vt 0.110339 0.857860
vt 0.110355 0.857875
vt 0.110537 0.858718
vt 0.110518 0.858724
vt 0.110537 0.858687
vt 0.110536 0.858737
vt 0.110521 0.858741
vt 0.110338 0.857980
vt 0.110341 0.857987
vt 0.110335 0.857989
vt 0.110341 0.857991
vt 0.110337 0.857993
vt 0.110331 0.857981
vt 0.110332 0.857967
vt 0.110329 0.857992
vt 0.110324 0.857984
vt 0.110332 0.857994
vt 0.110324 0.857968
vt 0.109883 0.858697
vt 0.109889 0.858709
vt 0.109877 0.858709
vt 0.109892 0.858697
vt 0.109902 0.858709
vt 0.109901 0.858727
vt 0.109884 0.858727
vt 0.109869 0.858727
vt 0.109901 0.858697
vt 0.109888 0.858691
vt 0.109894 0.858690
vt 0.109899 0.858691
vt 0.013599 0.860264
vt 0.013591 0.860250
vt 0.013608 0.860249
vt 0.013612 0.860264
vt 0.013587 0.860234
vt 0.013629 0.860248
vt 0.013628 0.860264
vt 0.014350 0.860106
vt 0.014354 0.860083
vt 0.014361 0.860106
vt 0.014371 0.860082
vt 0.014340 0.860085
vt 0.014374 0.860105
vt 0.013643 0.860264
vt 0.110309 0.857847
vt 0.110315 0.857873
vt 0.110298 0.857856
vt 0.110294 0.857832
vt 0.110303 0.857883
vt 0.110287 0.857865
vt 0.110284 0.857841
vt 0.110274 0.857850
vt 0.110510 0.857957
vt 0.110493 0.857977
vt 0.110486 0.857956
vt 0.110489 0.857941
vt 0.110510 0.857943
vt 0.110481 0.857978
vt 0.110475 0.857962
vt 0.110460 0.857951
vt 0.110463 0.857940
vt 0.013648 0.860249
vt 0.013664 0.860250
vt 0.013655 0.860264
vt 0.013668 0.860234
vt 0.014438 0.859836
vt 0.014463 0.859849
vt 0.014437 0.859849
vt 0.014428 0.859813
vt 0.014442 0.859813
vt 0.014420 0.859836
vt 0.014462 0.859836
vt 0.014418 0.859850
vt 0.110277 0.857874
vt 0.110254 0.857866
vt 0.110264 0.857858
vt 0.110267 0.857882
vt 0.110281 0.857900
vt 0.014100 0.860258
vt 0.014114 0.860245
vt 0.014116 0.860260
vt 0.014089 0.860243
vt 0.014102 0.860244
vt 0.014126 0.860247
vt 0.014132 0.860262
vt 0.014132 0.860292
vt 0.014116 0.860276
vt 0.014134 0.860278
vt 0.014123 0.860313
vt 0.014115 0.860289
vt 0.014098 0.860274
vt 0.014110 0.860312
vt 0.014097 0.860287
vt 0.110458 0.857956
vt 0.110357 0.857870
vt 0.109673 0.858445
vt 0.109660 0.858444
vt 0.109645 0.858442
vt 0.109648 0.858422
vt 0.109661 0.858423
vt 0.109674 0.858425
vt 0.109633 0.858420
vt 0.109629 0.858441
vt 0.110174 0.858710
vt 0.110186 0.858686
vt 0.110184 0.858710
vt 0.110172 0.858730
vt 0.109614 0.858442
vt 0.109620 0.858419
vt 0.109599 0.858487
vt 0.109602 0.858470
vt 0.109604 0.858453
vt 0.109880 0.858776
vt 0.109880 0.858783
vt 0.109871 0.858775
vt 0.109891 0.858781
vt 0.109873 0.858770
vt 0.109881 0.858771
vt 0.109876 0.858766
vt 0.109890 0.858774
vt 0.109887 0.858765
vt 0.109889 0.858769
vt 0.109881 0.858766
vt 0.109882 0.858761
vt 0.109888 0.858761
vt 0.109875 0.858763
vt 0.110351 0.857855
vt 0.110345 0.857857
vt 0.110350 0.857842
vt 0.110357 0.857852
vt 0.110341 0.857843
vt 0.110360 0.857867
vt 0.110361 0.857841
vt 0.110364 0.857864
vt 0.110365 0.857850
vt 0.110369 0.857860
vt 0.110374 0.857849
vt 0.110376 0.857859
vt 0.110371 0.857841
vt 0.109806 0.858771
vt 0.109792 0.858779
vt 0.109791 0.858769
vt 0.109806 0.858779
vt 0.109806 0.858789
vt 0.109793 0.858790
vt 0.109781 0.858789
vt 0.109778 0.858779
vt 0.109806 0.858763
vt 0.109775 0.858769
vt 0.109789 0.858761
vt 0.109783 0.858798
vt 0.109804 0.858799
vt 0.109794 0.858799
vt 0.109875 0.858800
vt 0.109891 0.858804
vt 0.109874 0.858804
vt 0.109862 0.858794
vt 0.109877 0.858795
vt 0.109859 0.858799
vt 0.109866 0.858788
vt 0.109879 0.858789
vt 0.109892 0.858799
vt 0.109892 0.858794
vt 0.109892 0.858788
vt 0.109868 0.858781
vt 0.110440 0.858138
vt 0.110440 0.858145
vt 0.110436 0.858143
vt 0.110435 0.858133
vt 0.110439 0.858132
vt 0.110435 0.858138
vt 0.110430 0.858139
vt 0.110438 0.858150
vt 0.109565 0.858484
vt 0.109561 0.858493
vt 0.109559 0.858487
vt 0.109575 0.858489
vt 0.109567 0.858491
vt 0.109558 0.858492
vt 0.109555 0.858481
vt 0.109561 0.858476
vt 0.109555 0.858489
vt 0.109554 0.858485
vt 0.109570 0.858471
vt 0.109573 0.858480
vt 0.110382 0.857849
vt 0.110380 0.857841
vt 0.110387 0.857843
vt 0.110388 0.857849
vt 0.110389 0.857856
vt 0.110383 0.857857
vt 0.109871 0.858766
vt 0.110432 0.858146
vt 0.109802 0.858814
vt 0.109794 0.858814
vt 0.109803 0.858808
vt 0.109794 0.858808
vt 0.110427 0.858150
vt 0.110424 0.858141
vt 0.110431 0.858132
vt 0.110279 0.857994
vt 0.110274 0.857999
vt 0.110274 0.857994
vt 0.110281 0.857998
vt 0.110269 0.857997
vt 0.110279 0.858003
vt 0.110268 0.858001
vt 0.110275 0.858005
vt 0.110269 0.858006
vt 0.110037 0.858714
vt 0.110024 0.858714
vt 0.110035 0.858702
vt 0.110044 0.858702
vt 0.110049 0.858714
vt 0.110025 0.858732
vt 0.110026 0.858702
vt 0.110034 0.858695
vt 0.110040 0.858697
vt 0.110028 0.858697
vt 0.110055 0.858732
vt 0.110040 0.858732
vt 0.110387 0.857972
vt 0.110374 0.857968
vt 0.110381 0.857961
vt 0.110382 0.857977
vt 0.110362 0.857955
vt 0.110370 0.857947
vt 0.110389 0.857977
vt 0.110386 0.857982
vt 0.110376 0.857983
vt 0.110367 0.857975
vt 0.110381 0.857985
vt 0.109645 0.858591
vt 0.109640 0.858578
vt 0.109649 0.858579
vt 0.109637 0.858590
vt 0.109644 0.858560
vt 0.109654 0.858562
vt 0.109629 0.858588
vt 0.109630 0.858576
vt 0.110415 0.858378
vt 0.110407 0.858373
vt 0.110412 0.858373
vt 0.110406 0.858380
vt 0.110408 0.858366
vt 0.110402 0.858371
vt 0.110399 0.858375
vt 0.110401 0.858365
vt 0.110404 0.858360
vt 0.110409 0.858360
vt 0.110415 0.858368
vt 0.110414 0.858362
vt 0.109604 0.858567
vt 0.109600 0.858555
vt 0.109608 0.858558
vt 0.109596 0.858564
vt 0.109605 0.858543
vt 0.109615 0.858546
vt 0.109588 0.858566
vt 0.109588 0.858561
vt 0.109591 0.858552
vt 0.109594 0.858569
vt 0.110078 0.858779
vt 0.110067 0.858792
vt 0.110067 0.858779
vt 0.110086 0.858770
vt 0.110090 0.858779
vt 0.110076 0.858770
vt 0.110066 0.858770
vt 0.110068 0.858767
vt 0.110081 0.858791
vt 0.110095 0.858792
vt 0.110345 0.858366
vt 0.110074 0.858765
vt 0.110481 0.858502
vt 0.110483 0.858513
vt 0.110476 0.858510
vt 0.110488 0.858505
vt 0.110478 0.858526
vt 0.110470 0.858522
vt 0.110486 0.858499
vt 0.110492 0.858500
vt 0.110486 0.858528
vt 0.110492 0.858515
vt 0.110496 0.858507
vt 0.110497 0.858502
vt 0.110353 0.857926
vt 0.110344 0.857935
vt 0.110334 0.857944
vt 0.110514 0.858645
vt 0.110519 0.858652
vt 0.110511 0.858653
vt 0.110529 0.858665
vt 0.110516 0.858664
vt 0.110521 0.858644
vt 0.110529 0.858652
vt 0.110505 0.858666
vt 0.110529 0.858644
vt 0.110274 0.858009
vt 0.110267 0.858009
vt 0.110145 0.858596
vt 0.110139 0.858612
vt 0.110138 0.858595
vt 0.110151 0.858586
vt 0.110153 0.858595
vt 0.110144 0.858587
vt 0.110157 0.858612
vt 0.110146 0.858613
vt 0.110138 0.858586
vt 0.110140 0.858582
vt 0.110160 0.858592
vt 0.110150 0.858582
vt 0.110156 0.858584
vt 0.110144 0.858582
vt 0.110152 0.858579
vt 0.109681 0.858564
vt 0.109672 0.858553
vt 0.109681 0.858549
vt 0.109682 0.858573
vt 0.109674 0.858567
vt 0.109676 0.858575
vt 0.109677 0.858578
vt 0.109682 0.858577
vt 0.109785 0.858806
vt 0.109582 0.858476
vt 0.109590 0.858486
vt 0.109583 0.858486
vt 0.109579 0.858465
vt 0.110465 0.858534
vt 0.110473 0.858538
vt 0.110481 0.858540
vt 0.110083 0.858804
vt 0.110067 0.858805
vt 0.110099 0.858805
vt 0.110066 0.858812
vt 0.110084 0.858811
vt 0.109610 0.858531
vt 0.109621 0.858535
vt 0.109595 0.858539
vt 0.109598 0.858526
vt 0.110526 0.858432
vt 0.110515 0.858430
vt 0.110525 0.858439
vt 0.110513 0.858437
vt 0.110538 0.858433
vt 0.110538 0.858420
vt 0.109647 0.858543
vt 0.109658 0.858545
vt 0.109632 0.858558
vt 0.109634 0.858541
vt 0.110350 0.857942
vt 0.110359 0.857934
vt 0.110353 0.857963
vt 0.110341 0.857951
vt 0.110042 0.858749
vt 0.110026 0.858758
vt 0.110026 0.858749
vt 0.110061 0.858749
vt 0.110044 0.858758
vt 0.109880 0.858745
vt 0.109862 0.858744
vt 0.109899 0.858754
vt 0.109878 0.858754
vt 0.109899 0.858744
vt 0.109859 0.858754
vt 0.110170 0.858622
vt 0.110165 0.858607
vt 0.110160 0.858628
vt 0.109680 0.858535
vt 0.109671 0.858540
vt 0.110148 0.858630
vt 0.110139 0.858628
vt 0.110139 0.858637
vt 0.110513 0.858677
vt 0.110500 0.858680
vt 0.110529 0.858678
vt 0.110511 0.858683
vt 0.110497 0.858687
vt 0.110327 0.857955
vt 0.110317 0.857955
vt 0.110324 0.857948
vt 0.110315 0.857970
vt 0.110306 0.857956
vt 0.109595 0.858486
vt 0.109590 0.858473
vt 0.109597 0.858471
vt 0.109589 0.858460
vt 0.109597 0.858456
vt 0.014098 0.860568
vt 0.014120 0.860556
vt 0.014119 0.860569
vt 0.014120 0.860581
vt 0.014096 0.860585
vt 0.014097 0.860554
vt 0.014120 0.860541
vt 0.014407 0.860207
vt 0.014410 0.860224
vt 0.014392 0.860224
vt 0.014394 0.860205
vt 0.014098 0.860602
vt 0.014120 0.860597
vt 0.014120 0.860611
vt 0.014071 0.860439
vt 0.014061 0.860423
vt 0.014069 0.860424
vt 0.014086 0.860425
vt 0.014087 0.860438
vt 0.014343 0.860205
vt 0.014356 0.860220
vt 0.014338 0.860220
vt 0.014340 0.860235
vt 0.014358 0.860206
vt 0.013644 0.860083
vt 0.013636 0.860060
vt 0.013649 0.860063
vt 0.013657 0.860083
vt 0.014115 0.860448
vt 0.014106 0.860427
vt 0.014122 0.860428
vt 0.013628 0.860083
vt 0.013609 0.860083
vt 0.014133 0.860582
vt 0.014133 0.860594
vt 0.014133 0.860570
vt 0.014133 0.860606
vt 0.014132 0.860559
vt 0.014107 0.860414
vt 0.014087 0.860412
vt 0.014113 0.860415
vt 0.014072 0.860411
vt 0.014065 0.860410
vt 0.110510 0.857994
vt 0.110510 0.857976
vt 0.110486 0.857997
vt 0.014460 0.859813
vt 0.014478 0.859813
vt 0.014485 0.859835
vt 0.014478 0.859879
vt 0.014462 0.859865
vt 0.014484 0.859865
vt 0.014443 0.859880
vt 0.014439 0.859865
vt 0.014461 0.859879
vt 0.014487 0.859849
vt 0.014089 0.860390
vt 0.014090 0.860374
vt 0.014105 0.860392
vt 0.014107 0.860376
vt 0.014116 0.860393
vt 0.014091 0.860355
vt 0.014109 0.860356
vt 0.014075 0.860389
vt 0.014075 0.860373
vt 0.014064 0.860388
vt 0.014062 0.860372
vt 0.014074 0.860353
vt 0.110045 0.858543
vt 0.110058 0.858566
vt 0.110043 0.858565
vt 0.110035 0.858564
vt 0.110035 0.858543
vt 0.110076 0.858546
vt 0.110077 0.858568
vt 0.110059 0.858545
vt 0.110087 0.858548
vt 0.110083 0.858569
vt 0.014457 0.859733
vt 0.014440 0.859749
vt 0.014440 0.859733
vt 0.014460 0.859748
vt 0.014427 0.859733
vt 0.014461 0.859768
vt 0.014438 0.859768
vt 0.110444 0.857887
vt 0.110449 0.857903
vt 0.110430 0.857903
vt 0.110428 0.857887
vt 0.110431 0.857923
vt 0.110453 0.857922
vt 0.110410 0.857888
vt 0.110411 0.857866
vt 0.110442 0.857865
vt 0.110427 0.857865
vt 0.110399 0.857866
vt 0.014379 0.860185
vt 0.014377 0.860169
vt 0.014392 0.860184
vt 0.014392 0.860168
vt 0.014375 0.860150
vt 0.014392 0.860149
vt 0.014405 0.860184
vt 0.014366 0.860186
vt 0.014362 0.860170
vt 0.014354 0.860187
vt 0.014349 0.860171
vt 0.014358 0.860151
vt 0.011422 0.828394
vt 0.011420 0.828404
vt 0.011415 0.828405
vt 0.011417 0.828416
vt 0.011413 0.828415
vt 0.011426 0.828393
vt 0.011415 0.828427
vt 0.109586 0.858271
vt 0.109575 0.858250
vt 0.109587 0.858250
vt 0.109600 0.858287
vt 0.109582 0.858287
vt 0.109601 0.858271
vt 0.109600 0.858307
vt 0.109580 0.858307
vt 0.109601 0.858250
vt 0.109614 0.858250
vt 0.109616 0.858271
vt 0.013630 0.860117
vt 0.013646 0.860133
vt 0.013629 0.860132
vt 0.013645 0.860117
vt 0.013629 0.860152
vt 0.014134 0.860380
vt 0.014121 0.860378
vt 0.014128 0.860395
vt 0.014126 0.860358
vt 0.110098 0.858549
vt 0.110094 0.858571
vt 0.014425 0.859749
vt 0.014421 0.859769
vt 0.110397 0.857888
vt 0.014420 0.860167
vt 0.014417 0.860183
vt 0.014408 0.860168
vt 0.014410 0.860148
vt 0.014425 0.860147
vt 0.011603 0.828393
vt 0.011600 0.828405
vt 0.011596 0.828406
vt 0.011598 0.828418
vt 0.011594 0.828418
vt 0.011608 0.828391
vt 0.110375 0.858360
vt 0.110387 0.858338
vt 0.110385 0.858359
vt 0.110376 0.858338
vt 0.013602 0.860118
vt 0.013611 0.860133
vt 0.013596 0.860133
vt 0.013615 0.860117
vt 0.013609 0.860152
vt 0.013592 0.860153
vt 0.109572 0.858272
vt 0.011419 0.828428
vt 0.011422 0.828439
vt 0.011426 0.828441
vt 0.110345 0.858259
vt 0.110359 0.858273
vt 0.110345 0.858274
vt 0.110358 0.858258
vt 0.110332 0.858260
vt 0.110374 0.858273
vt 0.014067 0.860256
vt 0.014080 0.860272
vt 0.014062 0.860271
vt 0.014077 0.860242
vt 0.014083 0.860257
vt 0.014070 0.860308
vt 0.014063 0.860285
vt 0.014080 0.860286
vt 0.014083 0.860309
vt 0.014096 0.860310
vt 0.110039 0.858477
vt 0.110053 0.858463
vt 0.110052 0.858478
vt 0.110040 0.858462
vt 0.110066 0.858464
vt 0.110065 0.858479
vt 0.109627 0.858338
vt 0.109627 0.858353
vt 0.014389 0.860081
vt 0.014389 0.860068
vt 0.014403 0.860103
vt 0.014388 0.860104
vt 0.014408 0.860081
vt 0.014424 0.860080
vt 0.014415 0.860103
vt 0.014425 0.860066
vt 0.014409 0.860067
vt 0.014430 0.859880
vt 0.014422 0.859865
vt 0.013589 0.860220
vt 0.110182 0.858730
vt 0.014371 0.860039
vt 0.014385 0.860038
vt 0.014387 0.860052
vt 0.014399 0.860037
vt 0.014405 0.860051
vt 0.109875 0.858807
vt 0.109857 0.858804
vt 0.109896 0.858809
vt 0.109853 0.858809
vt 0.110475 0.857995
vt 0.109773 0.858762
vt 0.110333 0.857844
vt 0.110490 0.858555
vt 0.110488 0.858546
vt 0.110523 0.858446
vt 0.110537 0.858441
vt 0.110540 0.858447
vt 0.109905 0.858445
vt 0.109911 0.858426
vt 0.109906 0.858445
vt 0.109911 0.858462
vt 0.109905 0.858469
vt 0.109905 0.858419
vt 0.110102 0.858812
vt 0.109877 0.858757
vt 0.109853 0.858761
vt 0.109903 0.858761
vt 0.110044 0.858762
vt 0.110063 0.858758
vt 0.110066 0.858766
vt 0.110021 0.858766
vt 0.110352 0.857918
vt 0.109904 0.858538
vt 0.109900 0.858553
vt 0.109903 0.858538
vt 0.109900 0.858520
vt 0.109905 0.858514
vt 0.109905 0.858560
vt 0.110529 0.858685
vt 0.079129 0.859862
vt 0.079138 0.859881
vt 0.079129 0.859880
vt 0.079121 0.859848
vt 0.079138 0.859859
vt 0.079110 0.859838
vt 0.079129 0.859842
vt 0.079114 0.859831
vt 0.079173 0.859833
vt 0.079169 0.859825
vt 0.079184 0.859819
vt 0.079157 0.859838
vt 0.079164 0.859843
vt 0.079151 0.859855
vt 0.079051 0.859865
vt 0.079057 0.859883
vt 0.079051 0.859885
vt 0.079063 0.859852
vt 0.079058 0.859867
vt 0.079063 0.859896
vt 0.079057 0.859902
vt 0.079083 0.859912
vt 0.079098 0.859920
vt 0.079082 0.859920
vt 0.079097 0.859912
vt 0.079072 0.859907
vt 0.079115 0.859914
vt 0.079233 0.859881
vt 0.079241 0.859861
vt 0.079241 0.859884
vt 0.079230 0.859901
vt 0.079224 0.859895
vt 0.079233 0.859862
vt 0.079227 0.859844
vt 0.079234 0.859839
vt 0.079218 0.859826
vt 0.079057 0.859847
vt 0.079073 0.859841
vt 0.079099 0.859825
vt 0.079085 0.859834
vt 0.079084 0.859826
vt 0.079097 0.859834
vt 0.079069 0.859833
vt 0.079212 0.859905
vt 0.079215 0.859912
vt 0.079198 0.859909
vt 0.079173 0.859902
vt 0.079185 0.859909
vt 0.079169 0.859909
vt 0.079199 0.859918
vt 0.079183 0.859917
vt 0.079157 0.859894
vt 0.079151 0.859875
vt 0.079163 0.859890
vt 0.079158 0.859874
vt 0.079783 0.859186
vt 0.079766 0.859170
vt 0.079782 0.859170
vt 0.079782 0.859155
vt 0.079766 0.859187
vt 0.079766 0.859155
vt 0.079783 0.859141
vt 0.079403 0.859973
vt 0.079419 0.859987
vt 0.079403 0.859987
vt 0.079402 0.860004
vt 0.079419 0.859972
vt 0.079419 0.860004
vt 0.079402 0.860021
vt 0.079780 0.859800
vt 0.079763 0.859799
vt 0.079780 0.859783
vt 0.079763 0.859783
vt 0.079780 0.859764
vt 0.079419 0.859961
vt 0.079402 0.859961
vt 0.079419 0.860038
vt 0.079402 0.860035
vt 0.079419 0.860022
vt 0.079784 0.859519
vt 0.079768 0.859499
vt 0.079785 0.859497
vt 0.079768 0.859541
vt 0.079768 0.859519
vt 0.079785 0.859542
vt 0.079768 0.859558
vt 0.079766 0.859140
vt 0.079780 0.859744
vt 0.079763 0.859745
vt 0.079763 0.859730
vt 0.079780 0.859729
vt 0.079763 0.859764
vt 0.079785 0.859559
vt 0.079766 0.859202
vt 0.079783 0.859201
vt 0.079130 0.859902
vt 0.079111 0.859907
vt 0.079123 0.859897
vt 0.079158 0.859857
vt 0.079068 0.859914
vt 0.079214 0.859833
vt 0.079200 0.859820
vt 0.079199 0.859828
vt 0.079185 0.859828
vt 0.014189 0.859738
vt 0.014165 0.859755
vt 0.013630 0.860095
vt 0.013644 0.860095
vt 0.013654 0.860096
vt 0.014473 0.859698
vt 0.014455 0.859698
vt 0.014463 0.859678
vt 0.014453 0.859679
vt 0.014440 0.859711
vt 0.014440 0.859698
vt 0.014456 0.859711
vt 0.014428 0.859711
vt 0.014427 0.859698
vt 0.014471 0.859711
vt 0.014057 0.859747
vt 0.014482 0.859981
vt 0.014495 0.859977
vt 0.014482 0.859996
vt 0.014495 0.859998
vt 0.014057 0.859914
vt 0.014057 0.859879
vt 0.014056 0.859941
vt 0.014350 0.860121
vt 0.014359 0.860133
vt 0.014344 0.860134
vt 0.014362 0.860120
vt 0.014343 0.860152
vt 0.014374 0.860132
vt 0.013598 0.860183
vt 0.013609 0.860170
vt 0.013612 0.860183
vt 0.013593 0.860170
vt 0.014404 0.860443
vt 0.014414 0.860424
vt 0.014414 0.860443
vt 0.014404 0.860427
vt 0.014391 0.860131
vt 0.014403 0.860118
vt 0.014408 0.860131
vt 0.014389 0.860119
vt 0.014069 0.860323
vt 0.014077 0.860336
vt 0.014061 0.860335
vt 0.014081 0.860324
vt 0.014058 0.860352
vt 0.014093 0.860337
vt 0.014439 0.859786
vt 0.014428 0.859799
vt 0.014422 0.859786
vt 0.014442 0.859798
vt 0.013648 0.860170
vt 0.013649 0.860153
vt 0.013656 0.860183
vt 0.013644 0.860183
vt 0.013663 0.860171
vt 0.013664 0.860153
vt 0.014109 0.860339
vt 0.014122 0.860328
vt 0.014126 0.860341
vt 0.014108 0.860326
vt 0.014095 0.860325
vt 0.013628 0.860183
vt 0.013629 0.860170
vt 0.014375 0.860120
vt 0.014460 0.859798
vt 0.014461 0.859786
vt 0.110448 0.857952
vt 0.110431 0.857967
vt 0.110431 0.857953
vt 0.110432 0.857940
vt 0.110453 0.857940
vt 0.012117 0.828102
vt 0.012101 0.828091
vt 0.012117 0.828091
vt 0.012101 0.828103
vt 0.012117 0.828113
vt 0.012101 0.828115
vt 0.012101 0.828079
vt 0.012117 0.828080
vt 0.012117 0.828068
vt 0.012101 0.828066
vt 0.011596 0.828430
vt 0.011693 0.828056
vt 0.011693 0.828040
vt 0.011697 0.828060
vt 0.011160 0.827891
vt 0.011158 0.827872
vt 0.011163 0.827869
vt 0.011156 0.827888
vt 0.011601 0.828430
vt 0.011603 0.828442
vt 0.011608 0.828443
vt 0.110412 0.857968
vt 0.110398 0.857953
vt 0.110412 0.857953
vt 0.110398 0.857968
vt 0.110385 0.858257
vt 0.110385 0.858272
vt 0.110373 0.858258
vt 0.110080 0.858466
vt 0.110094 0.858467
vt 0.110079 0.858481
vt 0.110093 0.858482
vt 0.110332 0.858275
vt 0.110320 0.858261
vt 0.110321 0.858275
vt 0.109568 0.858352
vt 0.109569 0.858338
vt 0.110449 0.857967
vt 0.013974 0.860607
vt 0.014000 0.860625
vt 0.013972 0.860626
vt 0.014005 0.860590
vt 0.014004 0.860610
vt 0.013954 0.860562
vt 0.013974 0.860563
vt 0.013955 0.860585
vt 0.013972 0.860534
vt 0.013952 0.860534
vt 0.014006 0.860540
vt 0.014006 0.860566
vt 0.013974 0.860587
vt 0.013955 0.860606
vt 0.013954 0.860625
vt 0.012132 0.827703
vt 0.012118 0.827690
vt 0.012132 0.827691
vt 0.012117 0.827703
vt 0.012072 0.828277
vt 0.012085 0.828306
vt 0.012081 0.828302
vt 0.012069 0.828304
vt 0.012071 0.828301
vt 0.014557 0.860004
vt 0.110483 0.858682
vt 0.110482 0.858656
vt 0.110493 0.858683
vt 0.110473 0.858656
vt 0.110482 0.858634
vt 0.110473 0.858634
vt 0.110478 0.858615
vt 0.110488 0.858615
vt 0.110484 0.858598
vt 0.110494 0.858596
vt 0.012057 0.828276
vt 0.014560 0.859917
vt 0.011502 0.828358
vt 0.011513 0.828336
vt 0.011514 0.828359
vt 0.011501 0.828335
vt 0.011511 0.828307
vt 0.011502 0.828378
vt 0.011513 0.828379
vt 0.011502 0.828397
vt 0.011513 0.828398
vt 0.011499 0.828307
vt 0.011717 0.827576
vt 0.011706 0.827589
vt 0.011703 0.827578
vt 0.011719 0.827587
vt 0.014197 0.859750
vt 0.013659 0.860133
vt 0.014423 0.860130
vt 0.014420 0.860051
vt 0.014481 0.859711
vt 0.014487 0.859697
vt 0.014358 0.860228
vt 0.013932 0.860420
vt 0.013940 0.860435
vt 0.013929 0.860434
vt 0.013940 0.860412
vt 0.013616 0.860095
vt 0.140136 0.861273
vt 0.140101 0.861287
vt 0.140098 0.861283
vt 0.140070 0.861311
vt 0.140135 0.861268
vt 0.140174 0.861268
vt 0.140173 0.861273
vt 0.140174 0.861466
vt 0.140208 0.861447
vt 0.140211 0.861451
vt 0.140173 0.861461
vt 0.140235 0.861420
vt 0.140239 0.861423
vt 0.140135 0.861466
vt 0.140136 0.861461
vt 0.140075 0.861314
vt 0.140055 0.861347
vt 0.140249 0.861386
vt 0.140254 0.861387
vt 0.140060 0.861348
vt 0.140249 0.861348
vt 0.140254 0.861347
vt 0.140055 0.861387
vt 0.140060 0.861386
vt 0.140075 0.861420
vt 0.140070 0.861423
vt 0.140235 0.861314
vt 0.140239 0.861311
vt 0.140101 0.861447
vt 0.140098 0.861451
vt 0.140208 0.861287
vt 0.140211 0.861283
vt 0.139754 0.861766
vt 0.139759 0.861804
vt 0.139753 0.861804
vt 0.139760 0.861841
vt 0.139753 0.861843
vt 0.139760 0.861768
vt 0.139778 0.861804
vt 0.140667 0.861608
vt 0.140655 0.861647
vt 0.140655 0.861608
vt 0.140667 0.861647
vt 0.140667 0.861685
vt 0.140655 0.861685
vt 0.140667 0.861575
vt 0.140655 0.861575
vt 0.140521 0.861198
vt 0.140509 0.861160
vt 0.140521 0.861160
vt 0.140510 0.861228
vt 0.140509 0.861198
vt 0.140522 0.861228
vt 0.140521 0.861121
vt 0.140510 0.861085
vt 0.140522 0.861085
vt 0.140509 0.861121
vt 0.139983 0.861884
vt 0.139995 0.861850
vt 0.139995 0.861883
vt 0.139983 0.861851
vt 0.014563 0.859755
vt 0.014562 0.859717
vt 0.014570 0.859755
vt 0.014555 0.859717
vt 0.014563 0.859678
vt 0.014570 0.859678
vt 0.140392 0.861885
vt 0.140380 0.861851
vt 0.140392 0.861852
vt 0.140380 0.861884
vt 0.140436 0.861761
vt 0.140423 0.861721
vt 0.140435 0.861721
vt 0.140424 0.861797
vt 0.140424 0.861761
vt 0.140436 0.861797
vt 0.140436 0.861684
vt 0.140424 0.861684
vt 0.140424 0.861655
vt 0.140436 0.861655
vt 0.140667 0.861718
vt 0.140655 0.861718
vt 0.140533 0.861190
vt 0.140522 0.861154
vt 0.140533 0.861154
vt 0.140533 0.861117
vt 0.140522 0.861190
vt 0.140533 0.861221
vt 0.140522 0.861221
vt 0.140669 0.860936
vt 0.140659 0.860908
vt 0.140670 0.860908
vt 0.140658 0.860936
vt 0.140669 0.860971
vt 0.140658 0.860971
vt 0.140669 0.861008
vt 0.140658 0.861009
vt 0.140659 0.861043
vt 0.140670 0.861043
vt 0.140642 0.861679
vt 0.140655 0.861711
vt 0.140644 0.861711
vt 0.140654 0.861679
vt 0.140642 0.861643
vt 0.140653 0.861643
vt 0.140654 0.861606
vt 0.140642 0.861606
vt 0.140655 0.861575
vt 0.140644 0.861575
vt 0.140673 0.861126
vt 0.140661 0.861164
vt 0.140661 0.861126
vt 0.140662 0.861093
vt 0.140673 0.861093
vt 0.140673 0.861164
vt 0.140661 0.861199
vt 0.140673 0.861199
vt 0.140662 0.861228
vt 0.140673 0.861228
vt 0.140402 0.861481
vt 0.140365 0.861478
vt 0.140367 0.861467
vt 0.140395 0.861491
vt 0.140332 0.861478
vt 0.140329 0.861467
vt 0.140428 0.861508
vt 0.140419 0.861514
vt 0.140533 0.861085
vt 0.140522 0.861117
vt 0.140522 0.861085
vt 0.014340 0.859852
vt 0.014333 0.859840
vt 0.014340 0.859840
vt 0.014333 0.859852
vt 0.013927 0.860479
vt 0.013939 0.860518
vt 0.013927 0.860518
vt 0.013939 0.860440
vt 0.013939 0.860479
vt 0.013927 0.860440
vt 0.014325 0.859852
vt 0.014325 0.859840
vt 0.014015 0.860242
vt 0.013979 0.860227
vt 0.013983 0.860221
vt 0.014020 0.860236
vt 0.013951 0.860199
vt 0.013955 0.860193
vt 0.140300 0.861288
vt 0.140289 0.861325
vt 0.140274 0.861314
vt 0.140334 0.861268
vt 0.140335 0.861273
vt 0.140310 0.861304
vt 0.140300 0.861358
vt 0.140278 0.861353
vt 0.140260 0.861349
vt 0.140297 0.861283
vt 0.140338 0.861293
vt 0.140308 0.861339
vt 0.140254 0.861347
vt 0.140260 0.861386
vt 0.140269 0.861311
vt 0.140278 0.861383
vt 0.140289 0.861410
vt 0.140274 0.861420
vt 0.140406 0.861288
vt 0.140417 0.861325
vt 0.140396 0.861304
vt 0.140433 0.861314
vt 0.140373 0.861268
vt 0.140410 0.861283
vt 0.140372 0.861273
vt 0.140438 0.861311
vt 0.140433 0.861421
vt 0.140406 0.861447
vt 0.140396 0.861432
vt 0.140447 0.861386
vt 0.140453 0.861387
vt 0.140417 0.861411
vt 0.140453 0.861347
vt 0.140438 0.861424
vt 0.140410 0.861452
vt 0.140335 0.861461
vt 0.140297 0.861451
vt 0.140300 0.861447
vt 0.140334 0.861467
vt 0.140269 0.861423
vt 0.140338 0.861443
vt 0.140447 0.861349
vt 0.140428 0.861353
vt 0.140310 0.861432
vt 0.140428 0.861383
vt 0.139778 0.861834
vt 0.140504 0.861122
vt 0.140503 0.861160
vt 0.140368 0.861293
vt 0.046768 0.858438
vt 0.046909 0.858438
vt 0.046755 0.858468
vt 0.046885 0.858415
vt 0.046755 0.858501
vt 0.046921 0.858501
vt 0.046791 0.858555
vt 0.046768 0.858532
vt 0.046909 0.858532
vt 0.046885 0.858555
vt 0.046921 0.858469
vt 0.046791 0.858414
vt 0.046855 0.858402
vt 0.046822 0.858402
vt 0.046822 0.858568
vt 0.046855 0.858568
vt 0.140365 0.861644
vt 0.140402 0.861641
vt 0.140367 0.861655
vt 0.140329 0.861655
vt 0.140332 0.861644
vt 0.140295 0.861641
vt 0.140301 0.861631
vt 0.140301 0.861490
vt 0.140295 0.861481
vt 0.140395 0.861631
vt 0.140268 0.861507
vt 0.140428 0.861614
vt 0.140419 0.861608
vt 0.140431 0.861577
vt 0.140442 0.861580
vt 0.140278 0.861514
vt 0.140254 0.861542
vt 0.140431 0.861545
vt 0.140442 0.861542
vt 0.140254 0.861580
vt 0.140278 0.861608
vt 0.140268 0.861614
vt 0.140265 0.861544
vt 0.140265 0.861577
vt 0.140405 0.861358
vt 0.140397 0.861339
vt 0.140383 0.861324
vt 0.139778 0.861775
vt 0.140323 0.861324
vt 0.140363 0.861316
vt 0.140363 0.861421
vt 0.140368 0.861443
vt 0.140342 0.861421
vt 0.140323 0.861413
vt 0.140405 0.861379
vt 0.140308 0.861398
vt 0.140397 0.861398
vt 0.140300 0.861379
vt 0.140383 0.861413
vt 0.140342 0.861316
vt 0.170529 0.859995
vt 0.170533 0.859967
vt 0.170543 0.859991
vt 0.170545 0.860018
vt 0.170531 0.860019
vt 0.170520 0.859973
vt 0.170513 0.859999
vt 0.170505 0.859981
vt 0.170515 0.859948
vt 0.170459 0.859900
vt 0.170462 0.859882
vt 0.170468 0.859885
vt 0.170453 0.859915
vt 0.170449 0.859910
vt 0.170473 0.859890
vt 0.170475 0.859896
vt 0.170476 0.859904
vt 0.170474 0.859910
vt 0.170470 0.859915
vt 0.170465 0.859918
vt 0.170447 0.859890
vt 0.170451 0.859885
vt 0.170459 0.859918
vt 0.170445 0.859897
vt 0.170446 0.859904
vt 0.170456 0.859882
vt 0.170495 0.860003
vt 0.170514 0.860018
vt 0.170496 0.860017
vt 0.170474 0.860001
vt 0.170489 0.859990
vt 0.170469 0.859996
vt 0.170492 0.859967
vt 0.170470 0.860570
vt 0.170489 0.860591
vt 0.170471 0.860594
vt 0.170456 0.860544
vt 0.170474 0.860547
vt 0.170505 0.860574
vt 0.170506 0.860588
vt 0.170488 0.860571
vt 0.170458 0.860620
vt 0.170453 0.860596
vt 0.170452 0.860569
vt 0.170507 0.860561
vt 0.170492 0.860553
vt 0.170420 0.860596
vt 0.170419 0.860570
vt 0.170435 0.860597
vt 0.170439 0.860543
vt 0.170434 0.860569
vt 0.170426 0.860621
vt 0.170504 0.859956
vt 0.170521 0.860570
vt 0.170520 0.860577
vt 0.170520 0.860584
vt 0.170441 0.860622
vt 0.201239 0.859519
vt 0.201222 0.859523
vt 0.201236 0.859512
vt 0.201228 0.859512
vt 0.201257 0.859515
vt 0.170498 0.860539
vt 0.170512 0.860551
vt 0.170523 0.860565
vt 0.170482 0.860530
vt 0.170448 0.860523
vt 0.170424 0.860545
vt 0.170480 0.859981
vt 0.170484 0.859947
vt 0.170464 0.860524
vt 0.170469 0.859975
vt 0.170476 0.859960
vt 0.170458 0.859960
vt 0.170463 0.859993
vt 0.170467 0.860000
vt 0.170462 0.860000
vt 0.170457 0.859976
vt 0.170506 0.860531
vt 0.169934 0.860678
vt 0.169938 0.860705
vt 0.169923 0.860694
vt 0.169913 0.860664
vt 0.169942 0.860662
vt 0.169949 0.860690
vt 0.169923 0.860717
vt 0.169910 0.860706
vt 0.170518 0.860545
vt 0.170457 0.859993
vt 0.169903 0.860680
vt 0.170446 0.859870
vt 0.170456 0.859865
vt 0.170454 0.860000
vt 0.170451 0.859996
vt 0.170458 0.860000
vt 0.170446 0.859981
vt 0.169922 0.860648
vt 0.169947 0.860646
vt 0.169909 0.860621
vt 0.169929 0.860634
vt 0.169949 0.860631
vt 0.169918 0.860610
vt 0.169934 0.860621
vt 0.169892 0.860694
vt 0.169872 0.860681
vt 0.169882 0.860706
vt 0.169865 0.860696
vt 0.169897 0.860716
vt 0.169880 0.860666
vt 0.169900 0.860634
vt 0.169872 0.860715
vt 0.169861 0.860708
vt 0.170459 0.859849
vt 0.170468 0.859865
vt 0.170476 0.859849
vt 0.170479 0.859870
vt 0.169890 0.860649
vt 0.169890 0.860610
vt 0.169859 0.860653
vt 0.169878 0.860622
vt 0.169849 0.860687
vt 0.170447 0.860001
vt 0.169852 0.860670
vt 0.170488 0.859880
vt 0.170064 0.860723
vt 0.170070 0.860706
vt 0.170079 0.860712
vt 0.170060 0.860720
vt 0.170058 0.860702
vt 0.170062 0.860685
vt 0.170079 0.860690
vt 0.170092 0.860699
vt 0.170485 0.859836
vt 0.170491 0.859856
vt 0.170504 0.859845
vt 0.170504 0.859870
vt 0.169867 0.860637
vt 0.169849 0.860628
vt 0.170065 0.860667
vt 0.170086 0.860673
vt 0.170041 0.860666
vt 0.201209 0.859513
vt 0.201216 0.859512
vt 0.201207 0.859520
vt 0.201208 0.859527
vt 0.170519 0.859862
vt 0.170516 0.859837
vt 0.170533 0.859856
vt 0.170511 0.859888
vt 0.170528 0.859884
vt 0.170067 0.860649
vt 0.170091 0.860656
vt 0.170043 0.860684
vt 0.170493 0.859892
vt 0.170067 0.860632
vt 0.170092 0.860639
vt 0.169860 0.860613
vt 0.170018 0.860670
vt 0.170031 0.860704
vt 0.170024 0.860688
vt 0.170044 0.860702
vt 0.170039 0.860719
vt 0.170512 0.859908
vt 0.170530 0.859908
vt 0.170040 0.860617
vt 0.170066 0.860618
vt 0.170040 0.860631
vt 0.170014 0.860622
vt 0.170040 0.860647
vt 0.170015 0.860652
vt 0.201210 0.859533
vt 0.170543 0.859881
vt 0.170545 0.859907
vt 0.170013 0.860636
vt 0.200806 0.860214
vt 0.200815 0.860230
vt 0.200808 0.860229
vt 0.200820 0.860214
vt 0.200821 0.860231
vt 0.169994 0.860662
vt 0.170494 0.859906
vt 0.170034 0.860722
vt 0.170020 0.860710
vt 0.170524 0.859930
vt 0.170009 0.860695
vt 0.170000 0.860679
vt 0.170507 0.859926
vt 0.170491 0.859919
vt 0.201217 0.859534
vt 0.170538 0.859932
vt 0.170483 0.859929
vt 0.170497 0.859940
vt 0.170511 0.859947
vt 0.170000 0.860705
vt 0.169745 0.860681
vt 0.169754 0.860655
vt 0.169762 0.860674
vt 0.169776 0.860663
vt 0.169737 0.860664
vt 0.169742 0.860633
vt 0.169769 0.860645
vt 0.169757 0.860623
vt 0.169726 0.860642
vt 0.169720 0.860669
vt 0.169710 0.860650
vt 0.169728 0.860609
vt 0.170014 0.860717
vt 0.170482 0.859947
vt 0.170473 0.859934
vt 0.169781 0.860633
vt 0.169743 0.860600
vt 0.169712 0.860619
vt 0.169703 0.860672
vt 0.169695 0.860656
vt 0.169697 0.860629
vt 0.170459 0.860029
vt 0.170449 0.860040
vt 0.170453 0.860027
vt 0.170460 0.860023
vt 0.170464 0.860023
vt 0.170455 0.860022
vt 0.170449 0.860022
vt 0.169770 0.860614
vt 0.169758 0.860593
vt 0.170461 0.860045
vt 0.170466 0.860029
vt 0.169685 0.860610
vt 0.169698 0.860598
vt 0.169685 0.860639
vt 0.169675 0.860624
vt 0.170468 0.860022
vt 0.170473 0.860045
vt 0.169761 0.860573
vt 0.169771 0.860588
vt 0.169781 0.860605
vt 0.169730 0.860579
vt 0.169714 0.860587
vt 0.169682 0.860660
vt 0.169675 0.860648
vt 0.170461 0.859934
vt 0.169746 0.860574
vt 0.169736 0.860560
vt 0.169687 0.860583
vt 0.169702 0.860571
vt 0.169718 0.860564
vt 0.170466 0.859947
vt 0.170450 0.859929
vt 0.170471 0.860026
vt 0.170492 0.860030
vt 0.170484 0.860040
vt 0.170475 0.860021
vt 0.169675 0.860597
vt 0.170497 0.860050
vt 0.170482 0.860058
vt 0.170509 0.860036
vt 0.170510 0.860058
vt 0.170513 0.860610
vt 0.170520 0.860615
vt 0.170500 0.860623
vt 0.170493 0.860609
vt 0.170509 0.860600
vt 0.170509 0.860630
vt 0.170495 0.860641
vt 0.170484 0.860633
vt 0.170524 0.860041
vt 0.170468 0.860639
vt 0.170476 0.860616
vt 0.170451 0.860641
vt 0.170538 0.860043
vt 0.170435 0.860640
vt 0.170521 0.860590
vt 0.170524 0.860595
vt 0.201239 0.859526
vt 0.201257 0.859528
vt 0.201237 0.859533
vt 0.201225 0.859534
vt 0.201221 0.859535
vt 0.200801 0.860231
vt 0.201230 0.859534
vt 0.201220 0.859512
vt 0.201224 0.859512
vt 0.170550 0.859795
vt 0.170529 0.859778
vt 0.170543 0.859770
vt 0.170535 0.859801
vt 0.170547 0.859819
vt 0.170533 0.859822
vt 0.170513 0.859786
vt 0.169671 0.860600
vt 0.169660 0.860609
vt 0.169657 0.860602
vt 0.169665 0.860614
vt 0.169656 0.860596
vt 0.169657 0.860590
vt 0.169641 0.860606
vt 0.170496 0.859794
vt 0.170518 0.859804
vt 0.170500 0.859807
vt 0.170482 0.859807
vt 0.170516 0.859822
vt 0.170499 0.859819
vt 0.170481 0.859814
vt 0.169606 0.860616
vt 0.169585 0.860597
vt 0.169602 0.860594
vt 0.169616 0.860638
vt 0.169601 0.860647
vt 0.169624 0.860610
vt 0.169647 0.860618
vt 0.169632 0.860628
vt 0.169631 0.860656
vt 0.169617 0.860667
vt 0.169655 0.860629
vt 0.169644 0.860643
vt 0.169575 0.860660
vt 0.169604 0.860675
vt 0.169591 0.860680
vt 0.169564 0.860635
vt 0.169575 0.860629
vt 0.169587 0.860654
vt 0.169589 0.860622
vt 0.169571 0.860603
vt 0.201241 0.859312
vt 0.201243 0.859319
vt 0.201226 0.859318
vt 0.201238 0.859323
vt 0.201258 0.859305
vt 0.169658 0.860652
vt 0.169670 0.860618
vt 0.169665 0.860635
vt 0.169648 0.860668
vt 0.169636 0.860680
vt 0.170493 0.859829
vt 0.170478 0.859819
vt 0.170508 0.859836
vt 0.170484 0.859835
vt 0.170473 0.859822
vt 0.170476 0.859811
vt 0.169665 0.860671
vt 0.169671 0.860655
vt 0.170485 0.860158
vt 0.170465 0.860181
vt 0.170464 0.860163
vt 0.170486 0.860177
vt 0.170470 0.860199
vt 0.170512 0.860157
vt 0.170512 0.860175
vt 0.169675 0.860619
vt 0.169675 0.860637
vt 0.170487 0.860141
vt 0.170467 0.860145
vt 0.170513 0.860140
vt 0.170489 0.860195
vt 0.170479 0.860215
vt 0.170512 0.860194
vt 0.170494 0.860212
vt 0.170513 0.860211
vt 0.170473 0.859814
vt 0.170470 0.859816
vt 0.170411 0.860646
vt 0.170409 0.860627
vt 0.170415 0.860628
vt 0.170410 0.860664
vt 0.170404 0.860663
vt 0.170400 0.860660
vt 0.170415 0.860662
vt 0.170397 0.860654
vt 0.170419 0.860658
vt 0.170396 0.860647
vt 0.170397 0.860640
vt 0.170399 0.860634
vt 0.170404 0.860629
vt 0.170419 0.860632
vt 0.170472 0.859836
vt 0.170467 0.859822
vt 0.170466 0.859818
vt 0.170491 0.860127
vt 0.170514 0.860125
vt 0.170538 0.860127
vt 0.170539 0.860141
vt 0.170536 0.860195
vt 0.170532 0.860212
vt 0.170539 0.860158
vt 0.170538 0.860177
vt 0.170500 0.860227
vt 0.170514 0.860226
vt 0.170528 0.860227
vt 0.170397 0.860594
vt 0.170394 0.860613
vt 0.170382 0.860599
vt 0.170404 0.860610
vt 0.170386 0.860622
vt 0.170387 0.860582
vt 0.170370 0.860612
vt 0.170562 0.860181
vt 0.170563 0.860145
vt 0.170564 0.860163
vt 0.170549 0.860215
vt 0.170461 0.859820
vt 0.170557 0.860199
vt 0.170369 0.860588
vt 0.170354 0.860603
vt 0.170539 0.860304
vt 0.170535 0.860291
vt 0.170552 0.860293
vt 0.170518 0.860295
vt 0.170556 0.860297
vt 0.170545 0.860312
vt 0.170523 0.860313
vt 0.170380 0.860634
vt 0.170362 0.860629
vt 0.170356 0.860581
vt 0.170345 0.860624
vt 0.170532 0.860325
vt 0.170339 0.860598
vt 0.170328 0.860621
vt 0.170314 0.860619
vt 0.170326 0.860595
vt 0.170498 0.860274
vt 0.170517 0.860276
vt 0.170506 0.860320
vt 0.170500 0.860298
vt 0.170489 0.860324
vt 0.170482 0.860300
vt 0.170378 0.860648
vt 0.201223 0.859332
vt 0.201228 0.859329
vt 0.201217 0.859328
vt 0.201213 0.859322
vt 0.170360 0.860648
vt 0.170341 0.860648
vt 0.170325 0.860648
vt 0.170311 0.860647
vt 0.170473 0.860325
vt 0.170465 0.860301
vt 0.170535 0.860277
vt 0.170480 0.860274
vt 0.170503 0.860251
vt 0.170521 0.860257
vt 0.170537 0.860264
vt 0.170552 0.860272
vt 0.170363 0.860667
vt 0.170380 0.860661
vt 0.170345 0.860671
vt 0.170329 0.860673
vt 0.170315 0.860673
vt 0.170485 0.860248
vt 0.201211 0.859315
vt 0.170464 0.860273
vt 0.170469 0.860246
vt 0.201296 0.859789
vt 0.201312 0.859798
vt 0.201297 0.859803
vt 0.201312 0.859791
vt 0.201314 0.859804
vt 0.170495 0.860227
vt 0.170512 0.860233
vt 0.170542 0.860253
vt 0.170554 0.860267
vt 0.170341 0.860694
vt 0.170356 0.860690
vt 0.170528 0.860242
vt 0.170371 0.860683
vt 0.170386 0.860672
vt 0.201216 0.859311
vt 0.170395 0.860679
vt 0.170384 0.860692
vt 0.170558 0.860263
vt 0.170538 0.860232
vt 0.170550 0.860247
vt 0.170504 0.860410
vt 0.170503 0.860437
vt 0.170490 0.860424
vt 0.170518 0.860422
vt 0.170528 0.860437
vt 0.170484 0.860455
vt 0.170471 0.860441
vt 0.170514 0.860451
vt 0.170496 0.860469
vt 0.170464 0.860474
vt 0.170452 0.860460
vt 0.170475 0.860413
vt 0.170398 0.860694
vt 0.170405 0.860681
vt 0.170523 0.860466
vt 0.170461 0.860406
vt 0.170459 0.860429
vt 0.170447 0.860419
vt 0.170441 0.860445
vt 0.170433 0.860432
vt 0.170453 0.859792
vt 0.170457 0.859797
vt 0.170450 0.859797
vt 0.170460 0.859795
vt 0.170454 0.859799
vt 0.170450 0.859803
vt 0.170507 0.860482
vt 0.170528 0.860481
vt 0.170515 0.860493
vt 0.170433 0.860475
vt 0.170425 0.860460
vt 0.170419 0.860444
vt 0.170455 0.859770
vt 0.170458 0.859788
vt 0.170445 0.859776
vt 0.170464 0.859788
vt 0.170464 0.859793
vt 0.170489 0.860498
vt 0.170487 0.860518
vt 0.170473 0.860512
vt 0.170501 0.860507
vt 0.170501 0.860520
vt 0.170445 0.860490
vt 0.170458 0.860503
vt 0.170476 0.860487
vt 0.170438 0.860412
vt 0.170427 0.860421
vt 0.170460 0.860523
vt 0.170444 0.860514
vt 0.170430 0.860502
vt 0.170419 0.860487
vt 0.170416 0.860677
vt 0.170466 0.859770
vt 0.170470 0.859790
vt 0.170478 0.859773
vt 0.170454 0.859753
vt 0.170471 0.859752
vt 0.170510 0.860512
vt 0.170489 0.859782
vt 0.170488 0.859757
vt 0.170477 0.859736
vt 0.170502 0.859769
vt 0.169623 0.860576
vt 0.169646 0.860573
vt 0.169641 0.860581
vt 0.169614 0.860560
vt 0.169630 0.860565
vt 0.169620 0.860592
vt 0.170498 0.859743
vt 0.170516 0.859758
vt 0.170485 0.859724
vt 0.169639 0.860593
vt 0.169660 0.860586
vt 0.170508 0.859731
vt 0.170539 0.859740
vt 0.170528 0.859748
vt 0.169605 0.860574
vt 0.169588 0.860576
vt 0.169574 0.860581
vt 0.170554 0.859763
vt 0.170518 0.859723
vt 0.201237 0.859306
vt 0.201250 0.859294
vt 0.201232 0.859302
vt 0.201222 0.859307
vt 0.201219 0.859308
vt 0.201313 0.859784
vt 0.201226 0.859305
vt 0.201232 0.859328
vt 0.201235 0.859326
vt 0.014952 0.831047
vt 0.015013 0.830972
vt 0.015012 0.831048
vt 0.015008 0.831120
vt 0.014948 0.831119
vt 0.014892 0.830970
vt 0.014952 0.830971
vt 0.015054 0.831059
vt 0.015040 0.831109
vt 0.014890 0.830921
vt 0.014950 0.830922
vt 0.015010 0.830923
vt 0.015054 0.830985
vt 0.015051 0.830931
vt 0.014892 0.831046
vt 0.014888 0.831118
vt 0.014412 0.830520
vt 0.014392 0.830627
vt 0.014341 0.830610
vt 0.014507 0.830426
vt 0.014457 0.830548
vt 0.014542 0.830464
vt 0.014500 0.830577
vt 0.014575 0.830502
vt 0.014419 0.830697
vt 0.014367 0.830694
vt 0.014442 0.830645
vt 0.015125 0.830828
vt 0.015084 0.830843
vt 0.015076 0.830828
vt 0.015165 0.830843
vt 0.015125 0.830843
vt 0.015059 0.830859
vt 0.015054 0.830829
vt 0.015162 0.830870
vt 0.015125 0.830870
vt 0.015087 0.830870
vt 0.015029 0.830877
vt 0.014994 0.830879
vt 0.015016 0.830860
vt 0.014987 0.830865
vt 0.015004 0.830894
vt 0.015044 0.830895
vt 0.014946 0.830893
vt 0.014946 0.830878
vt 0.014889 0.830893
vt 0.014897 0.830877
vt 0.015125 0.831005
vt 0.015087 0.831108
vt 0.015087 0.831005
vt 0.015087 0.830920
vt 0.015125 0.830920
vt 0.015125 0.831108
vt 0.015059 0.831002
vt 0.015162 0.831005
vt 0.015059 0.831109
vt 0.015059 0.830913
vt 0.014909 0.830690
vt 0.014950 0.830577
vt 0.014946 0.830690
vt 0.014906 0.830825
vt 0.014871 0.830690
vt 0.014943 0.830825
vt 0.014868 0.830825
vt 0.014842 0.830828
vt 0.014912 0.830577
vt 0.014844 0.830698
vt 0.014875 0.830577
vt 0.014848 0.830588
vt 0.014853 0.830522
vt 0.014880 0.830507
vt 0.014918 0.830507
vt 0.014956 0.830507
vt 0.014767 0.830862
vt 0.014806 0.830976
vt 0.014722 0.830890
vt 0.014841 0.830938
vt 0.014772 0.831013
vt 0.014710 0.830793
vt 0.014679 0.830917
vt 0.014658 0.830810
vt 0.014608 0.830826
vt 0.014687 0.830740
vt 0.014689 0.830671
vt 0.014633 0.830640
vt 0.014662 0.830593
vt 0.014575 0.830646
vt 0.014580 0.830607
vt 0.014678 0.830685
vt 0.014626 0.830666
vt 0.014730 0.830654
vt 0.014598 0.830530
vt 0.014709 0.830539
vt 0.014781 0.830621
vt 0.014714 0.830426
vt 0.014768 0.830495
vt 0.014825 0.830562
vt 0.014640 0.830456
vt 0.014926 0.830446
vt 0.014964 0.830468
vt 0.014923 0.830468
vt 0.014883 0.830468
vt 0.014878 0.830446
vt 0.014841 0.830464
vt 0.014853 0.830485
vt 0.014299 0.831226
vt 0.014351 0.831264
vt 0.014315 0.831253
vt 0.014336 0.831175
vt 0.014342 0.831236
vt 0.014399 0.831236
vt 0.014400 0.831264
vt 0.014397 0.831175
vt 0.014457 0.831236
vt 0.014449 0.831264
vt 0.014629 0.830693
vt 0.014579 0.830680
vt 0.014682 0.830704
vt 0.014582 0.830743
vt 0.014310 0.830755
vt 0.014363 0.830744
vt 0.014362 0.830771
vt 0.014314 0.830692
vt 0.014412 0.830753
vt 0.014309 0.830789
vt 0.014372 0.830797
vt 0.014315 0.830829
vt 0.014414 0.830733
vt 0.014426 0.830766
vt 0.014402 0.830845
vt 0.014467 0.830785
vt 0.014334 0.830906
vt 0.014448 0.830899
vt 0.014375 0.830981
vt 0.014449 0.831012
vt 0.014562 0.830878
vt 0.014506 0.830945
vt 0.014518 0.830818
vt 0.014519 0.831238
vt 0.014560 0.831183
vt 0.014552 0.831240
vt 0.014545 0.831297
vt 0.014511 0.831298
vt 0.014534 0.831348
vt 0.014560 0.831343
vt 0.014455 0.831096
vt 0.014457 0.831175
vt 0.014395 0.831096
vt 0.014292 0.831167
vt 0.014334 0.831096
vt 0.014291 0.831091
vt 0.014335 0.831015
vt 0.014908 0.831226
vt 0.014908 0.831165
vt 0.014972 0.831165
vt 0.014972 0.831226
vt 0.014870 0.831120
vt 0.014913 0.831132
vt 0.014969 0.831120
vt 0.015019 0.831132
vt 0.015030 0.831165
vt 0.015030 0.831226
vt 0.014908 0.831287
vt 0.015030 0.831287
vt 0.014972 0.831287
vt 0.014396 0.831015
vt 0.014291 0.831012
vt 0.014841 0.831165
vt 0.014841 0.831226
vt 0.014841 0.831287
vt 0.014841 0.830512
vt 0.014773 0.830430
vt 0.014819 0.830464
vt 0.014554 0.830976
vt 0.014506 0.831009
vt 0.014575 0.830929
vt 0.014634 0.830742
vt 0.014294 0.830692
vt 0.014291 0.830760
vt 0.015191 0.830859
vt 0.015191 0.830913
vt 0.015162 0.830920
vt 0.015191 0.831002
vt 0.015174 0.830828
vt 0.014907 0.830863
vt 0.014883 0.830828
vt 0.014912 0.830838
vt 0.014875 0.830858
vt 0.014858 0.830874
vt 0.014985 0.830522
vt 0.014979 0.830588
vt 0.014975 0.830446
vt 0.015012 0.830464
vt 0.014995 0.830485
vt 0.014502 0.831091
vt 0.014456 0.831015
vt 0.014502 0.831012
vt 0.014503 0.831167
vt 0.014913 0.831320
vt 0.014870 0.831332
vt 0.014969 0.831332
vt 0.015019 0.831320
vt 0.014500 0.831226
vt 0.014841 0.830928
vt 0.014844 0.830892
vt 0.014844 0.830982
vt 0.014527 0.831178
vt 0.014844 0.831056
vt 0.015031 0.830447
vt 0.014987 0.830426
vt 0.014973 0.830828
vt 0.014976 0.830698
vt 0.015162 0.831108
vt 0.015191 0.831109
vt 0.014853 0.831107
vt 0.045519 0.827595
vt 0.045485 0.827635
vt 0.045491 0.827595
vt 0.045514 0.827635
vt 0.045547 0.827596
vt 0.045542 0.827636
vt 0.045511 0.827717
vt 0.045539 0.827718
vt 0.045482 0.827716
vt 0.045426 0.827633
vt 0.045482 0.827668
vt 0.045463 0.827679
vt 0.045431 0.827604
vt 0.045465 0.827744
vt 0.045380 0.827629
vt 0.045368 0.827595
vt 0.045411 0.827715
vt 0.045356 0.827685
vt 0.045888 0.827040
vt 0.045843 0.827046
vt 0.045837 0.827021
vt 0.045861 0.827125
vt 0.045808 0.827094
vt 0.045899 0.827008
vt 0.045564 0.827657
vt 0.045564 0.827773
vt 0.045541 0.827790
vt 0.045557 0.827716
vt 0.078598 0.826385
vt 0.078606 0.826340
vt 0.078625 0.826391
vt 0.078560 0.826322
vt 0.078652 0.826357
vt 0.078652 0.826417
vt 0.078632 0.826410
vt 0.078655 0.826398
vt 0.078661 0.826413
vt 0.078666 0.826430
vt 0.078667 0.826402
vt 0.078671 0.826420
vt 0.079031 0.825813
vt 0.079031 0.825771
vt 0.079060 0.825804
vt 0.079035 0.825834
vt 0.079025 0.825830
vt 0.079076 0.825750
vt 0.079087 0.825798
vt 0.079121 0.825730
vt 0.079054 0.825826
vt 0.079022 0.825850
vt 0.079017 0.825839
vt 0.045513 0.827789
vt 0.045543 0.827846
vt 0.045517 0.827847
vt 0.045491 0.827845
vt 0.045485 0.827789
vt 0.045813 0.827245
vt 0.045792 0.827171
vt 0.045828 0.827236
vt 0.045809 0.827158
vt 0.045873 0.827215
vt 0.045482 0.827752
vt 0.045403 0.827805
vt 0.045449 0.827822
vt 0.045465 0.827827
vt 0.045915 0.827094
vt 0.045934 0.827191
vt 0.045918 0.827195
vt 0.045934 0.827085
vt 0.045265 0.827595
vt 0.045293 0.827677
vt 0.045265 0.827677
vt 0.045265 0.827761
vt 0.045293 0.827594
vt 0.045318 0.827760
vt 0.045292 0.827760
vt 0.045322 0.827594
vt 0.045322 0.827677
vt 0.045337 0.827674
vt 0.045342 0.827780
vt 0.045357 0.827786
vt 0.079065 0.826249
vt 0.079077 0.826232
vt 0.079079 0.826254
vt 0.079065 0.826227
vt 0.079050 0.826254
vt 0.079052 0.826232
vt 0.079044 0.826318
vt 0.079039 0.826272
vt 0.079065 0.826316
vt 0.079039 0.826253
vt 0.079029 0.826315
vt 0.078538 0.826142
vt 0.078540 0.826156
vt 0.078530 0.826143
vt 0.078532 0.826158
vt 0.079091 0.826253
vt 0.079090 0.826272
vt 0.079100 0.826315
vt 0.079085 0.826318
vt 0.078540 0.826131
vt 0.078532 0.826129
vt 0.078721 0.826418
vt 0.078736 0.826433
vt 0.078721 0.826438
vt 0.078720 0.826382
vt 0.078742 0.826416
vt 0.078701 0.826415
vt 0.078707 0.826432
vt 0.078746 0.826382
vt 0.078758 0.826405
vt 0.078767 0.826368
vt 0.078748 0.826422
vt 0.078668 0.826362
vt 0.078694 0.826380
vt 0.079091 0.826401
vt 0.079111 0.826387
vt 0.079065 0.826400
vt 0.079038 0.826401
vt 0.079019 0.826387
s 1
f 1/1/1 2/2/2 3/3/3
f 2/2/2 4/4/4 5/5/5
f 2/2/2 1/1/1 6/6/6
f 3/3/3 7/7/7 1/1/1
f 3/3/3 5/5/5 8/8/8
f 6/6/6 9/9/9 2/2/2
f 10/10/10 11/11/11 12/12/12
f 11/11/11 10/10/10 13/13/13
f 11/11/11 14/14/14 12/12/12
f 13/13/13 15/15/15 16/16/16
f 13/13/13 16/16/16 17/17/17
f 13/13/13 17/17/17 18/18/18
f 19/19/19 20/20/20 21/21/21
f 19/19/19 22/22/22 23/23/23
f 22/22/22 19/19/19 24/24/24
f 23/23/23 22/22/22 25/25/25
f 25/25/25 26/26/26 27/27/27
f 28/28/28 29/29/29 30/30/30
f 28/28/28 31/31/31 18/18/18
f 31/31/31 32/32/32 33/33/33
f 31/31/31 28/28/28 32/32/32
f 18/18/18 34/34/34 28/28/28
f 32/32/32 28/28/28 30/30/30
f 35/35/35 36/36/36 37/37/37
f 35/35/35 38/38/38 39/39/39
f 35/35/35 37/37/37 40/40/40
f 36/36/36 35/35/35 41/41/41
f 37/37/37 42/42/42 40/40/40
f 41/41/41 39/39/39 43/43/43
f 44/44/44 45/45/45 46/46/46
f 45/45/45 44/44/44 47/47/47
f 45/45/45 48/48/48 46/46/46
f 47/47/49 49/49/50 50/50/51
f 47/47/49 50/50/51 51/45/52
f 38/38/38 52/51/53 53/52/54
f 38/38/38 35/35/35 40/40/40
f 39/39/39 38/38/38 54/53/55
f 39/39/39 41/41/41 35/35/35
f 40/40/40 55/54/56 52/51/53
f 40/40/40 42/42/42 55/54/56
f 56/55/57 43/43/43 39/39/39
f 56/55/57 39/39/39 54/53/55
f 54/53/55 53/52/54 57/56/58
f 54/53/55 38/38/38 53/52/54
f 58/57/59 59/58/60 60/59/61
f 58/57/59 61/60/62 59/58/60
f 58/57/59 62/61/63 63/62/64
f 60/59/61 64/63/65 62/61/63
f 65/64/66 60/59/61 59/58/60
f 65/64/66 66/65/67 60/59/61
f 65/64/66 67/66/68 68/67/69
f 69/68/70 70/69/71 71/70/72
f 69/68/70 72/71/73 73/72/74
f 69/68/70 74/73/75 70/69/71
f 69/68/70 75/74/76 76/75/77
f 72/71/73 69/68/70 71/70/72
f 72/71/73 77/76/78 78/77/79
f 72/71/73 79/78/80 80/79/81
f 73/72/74 81/80/82 75/74/76
f 73/72/74 72/71/73 80/79/81
f 71/70/72 70/69/71 77/76/78
f 78/77/79 82/81/83 83/82/84
f 78/77/79 79/78/80 72/71/73
f 79/78/80 84/83/85 80/79/81
f 79/78/80 78/77/79 85/84/86
f 86/85/87 87/86/88 88/87/89
f 86/85/87 89/88/90 90/89/91
f 89/88/90 86/85/87 88/87/89
f 90/89/91 91/90/92 86/85/87
f 92/91/93 93/92/94 94/93/95
f 92/91/93 95/94/96 96/95/97
f 93/92/94 97/96/98 98/97/99
f 94/93/95 99/98/100 95/94/96
f 100/99/101 94/93/95 93/92/94
f 100/99/101 101/100/102 94/93/95
f 100/99/101 98/97/99 102/101/103
f 100/99/101 102/101/103 103/102/104
f 101/100/102 104/103/105 99/98/100
f 101/100/102 100/99/101 103/102/104
f 91/90/92 90/89/91 105/104/106
f 91/90/92 106/105/107 86/85/87
f 105/104/106 107/106/108 91/90/92
f 108/107/109 109/108/110 110/109/111
f 108/107/109 111/110/112 109/108/110
f 108/107/109 112/111/113 113/112/114
f 112/111/113 108/107/109 114/113/115
f 112/111/113 115/114/116 116/115/117
f 113/112/114 111/110/112 108/107/109
f 113/112/114 116/115/117 117/116/118
f 114/113/115 118/117/119 112/111/113
f 114/113/115 110/109/111 119/118/120
f 118/117/119 114/113/115 120/119/121
f 120/119/121 114/113/115 119/118/120
f 120/119/121 119/118/120 121/120/122
f 122/121/123 115/114/116 123/122/124
f 115/114/116 112/111/113 118/117/119
f 115/114/116 122/121/123 116/115/117
f 123/122/124 124/123/125 122/121/123
f 116/115/117 113/112/114 112/111/113
f 77/76/78 72/71/73 71/70/72
f 63/62/64 125/124/126 58/57/59
f 125/124/126 126/125/127 127/126/128
f 125/124/126 63/62/64 128/127/129
f 128/127/129 129/128/130 126/125/127
f 128/127/129 126/125/127 125/124/126
f 126/125/127 129/128/130 130/129/131
f 126/125/127 130/129/131 131/130/132
f 127/126/128 61/60/62 125/124/126
f 127/126/128 132/131/133 133/132/134
f 61/60/62 134/133/135 135/134/136
f 61/60/62 136/135/137 59/58/60
f 61/60/62 127/126/128 137/136/138
f 61/60/62 58/57/59 125/124/126
f 138/137/139 139/138/140 140/139/141
f 138/137/139 141/140/142 142/141/143
f 138/137/139 140/139/141 143/142/144
f 141/140/142 138/137/139 144/143/145
f 142/141/143 145/144/146 138/137/139
f 139/138/140 146/145/147 147/146/148
f 139/138/140 138/137/139 145/144/146
f 139/138/140 148/147/149 140/139/141
f 145/144/146 149/148/150 146/145/147
f 145/144/146 146/145/147 139/138/140
f 148/147/149 98/97/99 150/149/151
f 148/147/149 147/146/148 102/101/103
f 148/147/149 139/138/140 147/146/148
f 151/150/152 152/151/153 153/152/154
f 151/150/152 154/153/155 155/154/156
f 154/153/155 151/150/152 156/155/157
f 155/154/156 157/156/158 152/151/153
f 137/136/138 133/132/134 158/157/159
f 137/136/138 127/126/128 133/132/134
f 159/158/160 160/159/161 9/9/9
f 160/159/161 159/158/160 161/160/162
f 160/159/161 68/67/69 162/161/163
f 9/9/9 6/6/6 159/158/160
f 9/9/9 160/159/161 162/161/163
f 161/160/162 66/65/67 160/159/161
f 163/162/164 164/163/165 165/164/166
f 163/162/164 8/8/8 166/165/167
f 8/8/8 167/166/168 3/3/3
f 8/8/8 163/162/164 168/167/169
f 166/165/167 5/5/5 169/168/170
f 166/165/167 8/8/8 5/5/5
f 166/165/167 170/169/171 163/162/164
f 171/170/172 172/171/173 173/172/174
f 172/171/173 171/170/172 174/173/175
f 173/172/174 172/171/173 175/174/176
f 175/174/176 176/175/177 177/176/178
f 149/148/150 178/177/179 179/178/180
f 149/148/150 180/179/181 146/145/147
f 178/177/179 145/144/146 142/141/143
f 178/177/179 149/148/150 145/144/146
f 178/177/179 181/180/182 182/181/183
f 179/178/180 183/182/184 149/148/150
f 179/178/180 184/183/185 183/182/184
f 179/178/180 182/181/183 30/30/30
f 30/30/30 182/181/183 32/32/32
f 30/30/30 184/183/185 179/178/180
f 30/30/30 29/29/29 184/183/185
f 182/181/183 185/184/186 32/32/32
f 182/181/183 179/178/180 178/177/179
f 26/26/26 171/170/172 27/27/27
f 26/26/26 186/185/187 171/170/172
f 26/26/26 187/186/188 186/185/187
f 26/26/26 25/25/25 22/22/22
f 27/27/27 171/170/172 173/172/174
f 14/14/14 11/11/11 188/187/189
f 189/188/190 20/20/20 190/189/191
f 20/20/20 19/19/19 190/189/191
f 20/20/20 189/188/190 191/190/192
f 20/20/20 192/191/193 21/21/21
f 190/189/191 19/19/19 23/23/23
f 191/190/192 193/192/194 192/191/193
f 33/33/33 32/32/32 185/184/186
f 185/184/186 182/181/183 181/180/182
f 194/193/195 195/194/196 196/195/197
f 194/193/195 196/195/197 197/196/198
f 195/194/196 194/193/195 198/197/199
f 195/194/196 199/198/200 196/195/197
f 196/195/197 109/108/110 111/110/112
f 199/198/200 200/199/201 196/195/197
f 98/97/99 100/99/101 93/92/94
f 98/97/99 201/200/202 150/149/151
f 98/97/99 148/147/149 102/101/103
f 102/101/103 202/201/203 103/102/104
f 102/101/103 147/146/148 202/201/203
f 202/201/203 203/202/204 103/102/104
f 202/201/203 204/203/205 203/202/204
f 146/145/147 204/203/205 147/146/148
f 204/203/205 180/179/181 205/204/206
f 204/203/205 202/201/203 147/146/148
f 176/175/177 206/205/207 177/176/178
f 176/175/177 175/174/176 172/171/173
f 176/175/177 207/206/208 208/207/209
f 177/176/178 206/205/207 209/208/210
f 206/205/207 210/209/211 209/208/210
f 206/205/207 211/210/212 107/106/108
f 206/205/207 176/175/177 208/207/209
f 212/211/213 213/212/214 214/213/215
f 212/211/213 215/214/216 216/215/217
f 215/214/216 217/216/218 218/217/219
f 216/215/217 219/218/220 212/211/213
f 220/219/221 221/220/222 222/221/223
f 221/220/222 220/219/221 119/118/120
f 221/220/222 223/222/224 222/221/223
f 223/222/224 224/223/225 222/221/223
f 121/120/122 119/118/120 220/219/221
f 110/109/111 114/113/115 108/107/109
f 225/224/226 153/152/154 226/225/227
f 225/224/226 227/226/228 228/227/229
f 227/226/228 225/224/226 226/225/227
f 227/226/228 229/228/230 230/229/231
f 226/225/227 152/151/153 157/156/158
f 226/225/227 157/156/158 229/228/230
f 129/128/130 128/127/129 231/230/232
f 224/223/225 223/222/224 232/231/233
f 233/232/234 234/233/235 235/234/236
f 233/232/234 236/235/237 237/236/238
f 234/233/235 233/232/234 237/236/238
f 200/199/201 199/198/200 238/237/239
f 181/180/182 178/177/179 142/141/143
f 239/238/240 240/239/241 241/240/242
f 240/239/241 239/238/240 242/241/243
f 240/239/241 243/242/244 244/243/245
f 242/241/243 245/244/246 246/245/247
f 4/4/4 169/168/170 5/5/5
f 4/4/4 2/2/2 9/9/9
f 4/4/4 9/9/9 162/161/163
f 4/4/4 162/161/163 247/246/248
f 5/5/5 3/3/3 2/2/2
f 66/65/67 65/64/66 68/67/69
f 66/65/67 161/160/162 64/63/65
f 64/63/65 60/59/61 66/65/67
f 62/61/63 58/57/59 60/59/61
f 111/110/112 113/112/114 197/196/198
f 109/108/110 196/195/197 200/199/201
f 248/247/249 249/248/250 250/249/251
f 248/247/249 251/250/252 252/251/253
f 251/250/252 248/247/249 250/249/251
f 252/251/253 214/213/215 213/212/214
f 143/142/144 144/143/145 138/137/139
f 197/196/198 196/195/197 111/110/112
f 197/196/198 117/116/118 253/252/254
f 246/245/247 254/253/255 255/254/256
f 254/253/255 246/245/247 245/244/246
f 245/244/246 242/241/243 239/238/240
f 218/217/219 216/215/217 215/214/216
f 218/217/219 256/255/257 257/256/258
f 152/151/153 151/150/152 155/154/156
f 153/152/154 152/151/153 226/225/227
f 258/257/259 259/258/260 260/259/261
f 258/257/259 261/260/262 262/261/263
f 258/257/259 263/262/264 264/263/265
f 263/262/264 258/257/259 260/259/261
f 264/263/265 263/262/264 265/264/266
f 266/265/267 267/266/268 268/267/269
f 266/265/267 269/268/270 270/269/271
f 267/266/268 266/265/267 270/269/271
f 267/266/268 81/80/82 268/267/269
f 270/269/271 271/270/272 267/266/268
f 269/268/270 272/271/273 270/269/271
f 269/268/270 266/265/267 273/272/274
f 261/260/262 258/257/259 264/263/265
f 274/273/275 193/192/194 275/274/276
f 274/273/275 276/275/277 277/276/278
f 276/275/277 274/273/275 275/274/276
f 276/275/277 191/190/192 189/188/190
f 275/274/276 191/190/192 276/275/277
f 278/277/279 279/278/280 280/279/281
f 278/277/279 281/280/282 282/281/283
f 278/277/279 280/279/281 283/282/284
f 279/278/280 284/283/285 280/279/281
f 279/278/280 285/284/286 284/283/285
f 279/278/280 278/277/279 282/281/283
f 284/283/285 285/284/286 15/15/15
f 284/283/285 15/15/15 10/10/10
f 282/281/283 286/285/287 279/278/280
f 286/285/287 287/286/288 279/278/280
f 288/287/289 289/288/290 287/286/288
f 289/288/290 290/289/291 291/290/292
f 289/288/290 288/287/289 292/291/293
f 287/286/288 286/285/287 288/287/289
f 283/282/284 280/279/281 293/292/294
f 294/293/295 295/294/296 296/295/297
f 294/293/295 297/296/298 295/294/296
f 295/294/296 298/297/299 296/295/297
f 298/297/299 299/298/300 296/295/297
f 297/296/298 294/293/295 300/299/301
f 300/299/301 294/293/295 301/300/302
f 300/299/301 301/300/302 302/301/303
f 281/280/282 278/277/279 283/282/284
f 303/302/304 304/303/305 7/7/7
f 303/302/304 167/166/168 305/304/306
f 167/166/168 168/167/169 305/304/306
f 167/166/168 303/302/304 7/7/7
f 167/166/168 8/8/8 168/167/169
f 305/304/306 306/305/307 303/302/304
f 7/7/7 3/3/3 167/166/168
f 68/67/69 160/159/161 66/65/67
f 68/67/69 307/306/308 162/161/163
f 308/307/309 309/308/310 305/304/306
f 308/307/309 305/304/306 168/167/169
f 308/307/309 310/309/311 311/310/312
f 306/305/307 312/311/313 313/312/314
f 306/305/307 305/304/306 309/308/310
f 309/308/310 308/307/309 311/310/312
f 314/313/315 302/301/303 301/300/302
f 314/313/315 301/300/302 315/314/316
f 315/314/316 316/315/317 314/313/315
f 304/303/305 303/302/304 313/312/314
f 313/312/314 303/302/304 306/305/307
f 316/315/317 315/314/316 317/316/318
f 43/43/43 56/55/57 318/317/319
f 319/318/320 320/319/321 321/320/322
f 319/318/320 322/321/323 323/322/324
f 320/319/321 319/318/320 323/322/324
f 324/323/325 325/324/326 326/325/327
f 324/323/325 326/325/327 327/326/328
f 327/326/328 328/327/329 329/328/330
f 330/329/331 331/330/332 93/92/94
f 330/329/331 93/92/94 332/331/333
f 331/330/332 97/96/98 93/92/94
f 333/332/334 334/333/335 335/334/336
f 334/333/335 333/332/334 336/335/337
f 336/335/337 337/336/338 334/333/335
f 57/56/58 338/337/339 339/338/340
f 52/51/53 55/54/56 340/339/341
f 52/51/53 338/337/339 53/52/54
f 52/51/53 38/38/38 40/40/40
f 338/337/339 57/56/58 53/52/54
f 338/337/339 52/51/53 340/339/341
f 340/339/341 341/340/342 338/337/339
f 339/338/340 341/340/342 342/341/343
f 343/342/344 344/343/345 345/344/346
f 343/342/344 346/345/347 347/346/348
f 346/345/347 343/342/344 348/347/349
f 347/346/348 349/348/350 343/342/344
f 348/347/349 345/344/346 350/349/351
f 348/347/349 351/350/352 352/351/353
f 348/347/349 353/352/354 346/345/347
f 354/353/355 355/354/356 356/355/357
f 356/355/357 349/348/350 354/353/355
f 349/348/350 347/346/348 354/353/355
f 349/348/350 344/343/345 343/342/344
f 349/348/350 357/356/358 344/343/345
f 358/357/359 359/358/360 360/359/361
f 359/358/360 358/357/359 361/360/362
f 359/358/360 362/361/363 363/362/364
f 359/358/360 364/363/365 365/364/366
f 360/359/361 359/358/360 363/362/364
f 360/359/361 366/365/367 367/366/368
f 360/359/361 368/367/369 358/357/359
f 49/49/50 369/368/370 50/50/51
f 369/368/370 49/49/50 370/369/371
f 369/368/370 371/370/372 50/50/51
f 50/50/51 371/370/372 372/371/373
f 370/369/371 373/372/374 369/368/370
f 371/370/372 369/368/370 374/373/375
f 371/370/372 375/374/376 376/375/377
f 374/373/375 369/368/370 373/372/374
f 51/45/52 50/50/51 372/371/373
f 372/371/373 376/375/377 377/376/378
f 353/352/354 348/347/349 352/351/353
f 351/350/352 348/347/349 350/349/351
f 351/350/352 378/377/379 379/378/380
f 350/349/351 380/379/381 381/380/382
f 382/381/383 383/382/384 384/383/385
f 382/381/383 385/384/386 383/382/384
f 384/383/385 383/382/384 386/385/387
f 387/386/388 388/387/389 389/388/390
f 388/387/389 387/386/388 390/389/391
f 131/130/132 132/131/133 126/125/127
f 229/228/230 227/226/228 226/225/227
f 391/390/392 389/388/390 392/391/393
f 391/390/392 387/386/388 389/388/390
f 392/391/393 393/392/394 391/390/392
f 393/392/394 394/393/395 395/394/396
f 393/392/394 392/391/393 396/395/397
f 132/131/133 127/126/128 126/125/127
f 132/131/133 397/396/398 398/397/399
f 132/131/133 131/130/132 399/398/400
f 397/396/398 132/131/133 399/398/400
f 398/397/399 133/132/134 132/131/133
f 48/48/48 45/45/45 400/371/401
f 357/356/358 349/348/350 356/355/357
f 344/343/345 401/399/402 402/400/403
f 341/340/342 339/338/340 338/337/339
f 341/340/342 340/339/341 403/401/404
f 341/340/342 404/402/405 342/341/343
f 345/344/346 348/347/349 343/342/344
f 345/344/346 344/343/345 402/400/403
f 405/403/406 373/372/374 370/369/371
f 373/372/374 406/404/407 374/373/375
f 407/405/408 385/384/386 408/406/409
f 385/384/386 407/405/408 409/407/410
f 385/384/386 382/381/383 408/406/409
f 157/156/158 155/154/156 410/408/411
f 364/363/365 359/358/360 361/360/362
f 365/364/366 362/361/363 359/358/360
f 362/361/363 411/409/412 363/362/364
f 362/361/363 412/410/413 413/411/414
f 362/361/363 365/364/366 412/410/413
f 363/362/364 414/412/415 415/413/416
f 376/375/377 416/414/417 417/415/418
f 376/375/377 372/371/373 371/370/372
f 377/376/378 376/375/377 417/415/418
f 415/413/416 414/412/415 418/416/419
f 415/413/416 366/365/367 363/362/364
f 366/365/367 360/359/361 363/362/364
f 366/365/367 415/413/416 419/417/420
f 419/417/420 420/418/421 366/365/367
f 419/417/420 421/419/422 422/420/423
f 378/377/379 381/380/382 423/421/424
f 378/377/379 351/350/352 350/349/351
f 55/54/56 424/422/425 340/339/341
f 424/422/425 425/423/426 403/401/404
f 413/411/414 412/410/413 426/424/427
f 413/411/414 426/424/427 427/425/428
f 427/425/428 411/409/412 413/411/414
f 411/409/412 362/361/363 413/411/414
f 411/409/412 428/426/429 414/412/415
f 380/379/381 429/427/430 381/380/382
f 380/379/381 350/349/351 345/344/346
f 381/380/382 378/377/379 350/349/351
f 428/426/429 418/416/419 414/412/415
f 428/426/429 411/409/412 427/425/428
f 414/412/415 363/362/364 411/409/412
f 403/401/404 340/339/341 424/422/425
f 403/401/404 430/428/431 341/340/342
f 425/423/426 431/429/432 403/401/404
f 423/421/424 429/427/430 432/430/433
f 401/399/402 344/343/345 433/356/434
f 401/399/402 434/431/435 402/400/403
f 433/356/434 435/432/436 401/399/402
f 402/400/403 380/379/381 345/344/346
f 402/400/403 436/433/437 380/379/381
f 375/374/376 371/370/372 437/373/438
f 375/374/439 438/434/440 439/435/441
f 420/418/421 419/417/420 440/436/442
f 435/432/436 433/356/434 441/437/443
f 435/432/436 442/438/444 401/399/402
f 442/438/444 443/439/445 444/440/446
f 442/438/444 445/441/447 443/439/445
f 442/438/444 435/432/436 446/442/448
f 447/443/449 448/444/450 449/445/451
f 449/445/451 448/444/450 450/446/452
f 449/445/451 451/447/453 447/443/449
f 452/448/454 453/449/455 454/450/456
f 452/448/454 454/450/456 455/451/457
f 456/452/458 457/453/459 455/451/457
f 456/452/458 455/451/457 454/450/456
f 434/431/435 442/438/444 444/440/446
f 434/431/435 401/399/402 442/438/444
f 434/431/435 444/440/446 458/454/460
f 459/455/461 460/456/462 461/457/463
f 459/455/461 461/457/463 462/458/464
f 462/458/464 461/457/463 463/459/465
f 463/459/465 464/460/466 462/458/464
f 465/461/467 466/462/468 457/453/459
f 466/462/468 465/461/467 460/456/462
f 457/453/459 456/452/458 465/461/467
f 460/456/462 459/455/461 466/462/468
f 431/429/432 467/463/469 430/428/431
f 431/429/432 468/464/470 469/465/471
f 431/429/432 425/423/426 470/466/472
f 429/427/430 423/421/424 381/380/382
f 429/427/430 471/467/473 432/430/433
f 429/427/430 380/379/381 436/433/437
f 429/427/430 436/433/437 472/468/474
f 473/469/475 474/470/476 475/471/477
f 473/469/475 476/472/478 477/473/479
f 474/470/476 478/474/480 479/475/481
f 474/470/476 473/469/475 477/473/479
f 475/471/477 480/476/482 473/469/475
f 475/471/477 481/477/483 482/478/484
f 475/471/477 479/475/481 483/479/485
f 477/473/479 484/480/486 474/470/476
f 477/473/479 485/481/487 486/482/488
f 487/483/489 488/484/490 489/485/491
f 488/484/490 490/486/492 491/487/493
f 488/484/490 487/483/489 492/488/494
f 489/485/491 493/489/495 487/483/489
f 494/490/496 495/491/497 496/492/498
f 494/490/496 497/493/499 498/494/500
f 497/493/499 494/490/496 496/492/498
f 498/494/500 499/495/501 500/496/502
f 501/497/503 502/498/504 503/499/505
f 502/498/504 501/497/503 504/500/506
f 504/500/506 505/501/507 506/502/508
f 507/503/509 479/475/481 478/474/480
f 479/475/481 507/503/509 508/504/510
f 479/475/481 475/471/477 474/470/476
f 478/474/480 474/470/476 484/480/486
f 478/474/480 509/505/511 507/503/509
f 510/506/512 511/507/513 512/508/514
f 511/507/513 513/509/515 514/510/516
f 512/508/514 511/507/513 515/511/517
f 515/511/517 511/507/513 514/510/516
f 516/512/518 480/476/482 517/513/519
f 516/512/518 518/514/520 476/472/478
f 480/476/482 475/471/477 482/478/484
f 480/476/482 516/512/518 473/469/475
f 519/515/521 520/516/522 521/517/523
f 520/516/522 522/518/524 523/519/525
f 520/516/522 519/515/521 524/520/526
f 524/520/526 525/521/527 526/522/528
f 524/520/526 527/523/529 525/521/527
f 524/520/526 526/522/528 522/518/524
f 513/509/515 528/524/530 514/510/516
f 529/415/531 530/525/532 531/526/533
f 529/415/531 532/414/534 530/525/532
f 531/526/533 533/527/535 529/415/531
f 534/528/536 535/529/537 536/530/538
f 534/528/536 537/531/539 538/532/540
f 534/528/536 539/511/541 540/533/542
f 535/529/537 534/528/536 540/533/542
f 536/530/538 541/534/543 542/535/544
f 540/533/542 543/536/545 535/529/537
f 544/537/546 545/538/547 546/539/548
f 544/537/546 547/540/549 548/541/550
f 544/537/546 549/542/551 550/543/552
f 547/540/549 544/537/546 550/543/552
f 548/541/550 551/544/553 545/538/547
f 552/545/554 553/546/555 554/547/556
f 552/545/554 554/547/556 555/548/557
f 553/546/555 556/549/558 554/547/556
f 553/546/555 557/550/559 556/549/558
f 555/548/557 558/551/560 552/545/554
s 0
f 559/552/561 560/553/561 561/554/561
f 560/553/561 562/555/561 561/554/561
f 560/553/561 563/556/561 564/557/561
f 560/553/561 559/552/561 565/558/561
f 565/558/561 563/556/561 560/553/561
s 1
f 566/559/562 567/560/563 568/561/564
f 567/560/563 566/559/562 569/562/565
f 568/561/564 570/563/566 571/564/567
f 569/562/565 572/565/568 567/560/563
s 0
f 573/566/569 574/567/569 575/568/569
f 573/566/570 576/569/570 574/567/570
f 573/566/571 577/570/571 578/571/571
f 574/567/572 579/572/572 575/568/572
f 574/567/573 580/573/573 579/572/573
f 576/569/574 573/566/574 581/574/574
f 576/569/575 582/575/575 574/567/575
f 581/574/576 578/571/576 583/576/576
f 581/574/577 573/566/577 578/571/577
f 582/575/578 584/577/578 580/573/578
f 582/575/579 580/573/579 574/567/579
f 582/575/580 576/569/580 585/578/580
f 585/578/581 586/579/581 587/580/581
f 585/578/582 587/580/582 582/575/582
s 1
f 588/549/583 589/581/584 590/582/585
f 588/549/583 591/583/586 592/547/587
f 589/581/584 593/584/588 594/585/589
f 590/582/585 589/581/584 594/585/589
f 595/554/590 596/586/591 597/552/591
f 595/554/590 598/555/592 599/587/593
f 596/586/591 595/554/590 600/588/594
s 0
f 578/571/595 601/589/595 583/576/595
f 583/576/596 602/590/596 581/574/596
f 583/576/597 603/591/597 604/592/597
f 577/570/598 601/589/598 578/571/598
f 577/570/599 573/566/599 575/568/599
f 605/593/561 606/594/561 607/595/561
f 605/593/561 608/596/561 606/594/561
f 606/594/561 609/597/561 610/598/561
f 606/594/561 611/599/561 612/600/561
f 607/595/561 606/594/561 612/600/561
f 612/600/561 613/601/561 614/602/561
f 612/600/561 615/603/561 607/595/561
s 1
f 616/604/600 617/605/601 618/606/602
f 616/604/600 619/607/603 620/608/604
f 619/607/603 525/521/527 621/609/605
f 619/607/603 616/604/600 622/610/606
f 622/610/606 526/522/528 619/607/603
f 622/610/606 618/606/602 623/611/607
f 493/489/495 489/485/491 624/612/608
f 625/613/609 518/514/520 516/512/518
f 518/514/520 626/614/610 476/472/478
f 518/514/520 627/615/611 626/614/610
f 476/472/478 473/469/475 516/512/518
f 476/472/478 626/614/610 485/481/487
f 484/480/486 628/616/612 478/474/480
f 484/480/486 477/473/479 486/482/488
f 557/550/559 629/581/613 556/549/558
f 557/550/559 630/617/614 629/581/613
f 629/581/613 631/618/615 632/619/616
f 628/616/612 484/480/486 633/620/617
f 495/491/497 494/490/496 634/621/618
f 634/621/618 522/518/524 526/522/528
f 634/621/618 623/611/607 495/491/497
f 635/560/619 636/622/620 637/561/621
f 635/560/619 638/623/622 639/624/623
f 638/623/622 640/625/624 641/626/625
f 641/626/625 639/624/623 638/623/622
f 623/611/607 634/621/618 622/610/606
f 526/522/528 622/610/606 634/621/618
f 522/518/524 634/621/618 494/490/496
f 522/518/524 520/516/522 524/520/526
f 525/521/527 619/607/603 526/522/528
f 485/481/487 642/627/626 486/482/488
f 485/481/487 477/473/479 476/472/478
f 486/482/488 633/620/617 484/480/486
f 486/482/488 642/627/626 633/620/617
f 626/614/610 643/628/627 644/629/628
f 626/614/610 645/630/629 485/481/487
f 642/627/626 485/481/487 645/630/629
f 645/630/629 626/614/610 644/629/628
f 627/615/611 518/514/520 646/631/630
f 647/632/631 648/633/632 649/634/633
f 647/632/631 641/626/625 640/625/624
f 523/519/525 494/490/496 498/494/500
f 523/519/525 522/518/524 494/490/496
f 528/524/530 513/509/515 650/635/634
f 528/524/530 651/636/635 652/637/636
f 651/636/635 528/524/530 650/635/634
f 549/542/551 653/638/637 654/639/638
f 549/542/551 544/537/546 653/638/637
f 549/542/551 655/640/639 656/641/640
f 655/640/639 549/542/551 654/639/638
f 655/640/639 654/639/638 657/642/641
f 654/639/638 658/643/642 657/642/641
f 659/644/643 660/645/644 661/646/645
f 659/644/643 662/647/646 660/645/644
f 659/644/643 663/648/647 664/649/648
f 662/647/646 659/644/643 665/650/649
f 660/645/644 666/651/650 667/652/651
f 665/650/649 664/649/648 668/653/652
f 669/654/653 670/655/654 671/656/655
f 670/655/654 669/654/653 672/657/656
f 671/656/655 673/563/657 674/658/658
f 672/657/656 675/659/659 676/660/660
f 677/661/661 678/662/662 679/663/663
f 678/662/662 677/661/661 680/664/664
f 680/664/664 681/665/665 678/662/662
f 664/649/648 682/666/666 668/653/652
f 664/649/648 665/650/649 659/644/643
f 682/666/666 664/649/648 683/667/667
f 636/622/620 635/560/619 639/624/623
f 637/561/621 674/658/658 673/563/657
f 666/651/650 660/645/644 662/647/646
f 667/652/651 658/643/642 654/639/638
f 667/652/651 684/668/668 660/645/644
f 631/618/615 629/581/613 630/617/614
f 632/619/616 685/669/669 686/670/670
f 599/587/593 600/588/594 595/554/590
f 687/572/671 688/671/672 689/568/673
f 687/572/671 690/672/674 691/673/675
f 688/671/672 687/572/671 691/673/675
f 688/671/672 692/674/676 689/568/673
f 689/568/673 692/674/676 693/570/677
f 694/675/678 695/676/615 696/677/679
f 695/676/615 694/675/678 697/678/680
f 696/677/679 698/679/614 699/680/681
f 700/681/682 701/682/683 702/683/684
f 701/682/683 700/681/682 703/684/685
f 702/683/684 704/685/686 700/681/682
f 703/684/685 705/686/687 701/682/683
f 690/672/674 687/572/671 706/573/688
f 706/573/688 707/687/689 690/672/674
f 704/685/686 702/683/684 708/688/690
s 0
f 608/596/561 564/557/561 609/597/561
f 564/557/691 709/689/691 710/690/691
f 564/557/561 608/596/561 560/553/561
f 609/597/692 710/690/692 711/691/692
f 609/597/561 606/594/561 608/596/561
s 1
f 712/692/693 713/595/694 714/603/588
f 713/595/694 712/692/693 715/693/695
f 715/693/695 716/593/696 713/595/694
s 0
f 586/579/697 717/694/697 718/695/697
f 586/579/698 719/696/698 717/694/698
f 586/579/699 720/697/699 587/580/699
f 720/697/700 721/698/700 587/580/700
f 720/697/701 586/579/701 718/695/701
f 584/577/702 587/580/702 721/698/702
f 584/577/703 582/575/703 587/580/703
f 610/598/704 711/691/704 722/699/704
f 610/598/561 723/700/561 611/599/561
f 723/700/561 610/598/561 722/699/561
f 723/700/705 604/592/705 724/701/705
f 611/599/561 606/594/561 610/598/561
f 611/599/706 724/701/706 613/601/706
f 722/699/707 602/590/707 723/700/707
f 722/699/708 719/696/708 725/702/708
s 1
f 467/463/469 726/703/709 430/428/431
f 467/463/469 431/429/432 469/465/471
f 430/428/431 403/401/404 431/429/432
f 727/704/710 728/705/711 453/449/455
f 728/705/711 727/704/710 729/706/712
f 453/449/455 728/705/711 454/450/456
f 729/706/712 727/704/710 730/707/713
f 404/402/405 341/340/342 430/428/431
f 404/402/405 430/428/431 726/703/709
f 416/414/417 376/375/377 375/374/376
f 417/415/418 533/527/714 377/376/378
f 464/460/466 463/459/465 731/708/715
f 464/460/466 731/708/715 732/709/716
f 732/709/716 733/710/717 464/460/466
f 733/710/717 734/711/718 735/712/719
f 533/527/535 531/526/533 736/713/720
s 0
f 711/691/721 610/598/721 609/597/721
f 711/691/722 717/694/722 719/696/722
f 711/691/723 710/690/723 717/694/723
s 1
f 421/419/422 419/417/420 415/413/416
f 421/419/422 737/714/724 738/715/725
f 422/420/423 738/715/725 739/716/726
f 740/717/727 735/712/719 741/718/728
f 741/718/728 735/712/719 734/711/718
f 734/711/718 733/710/717 732/709/716
f 439/435/441 742/414/729 375/374/439
f 742/414/729 743/719/730 744/525/731
f 418/416/419 421/419/422 415/413/416
f 418/416/419 428/426/429 745/720/732
f 418/416/419 746/721/733 737/714/724
f 747/722/734 450/446/452 748/723/735
f 748/723/735 749/724/736 747/722/734
f 748/723/735 450/446/452 448/444/450
f 749/724/736 748/723/735 750/725/737
f 749/724/736 751/726/738 752/727/739
f 593/584/588 589/581/584 753/619/740
f 754/655/741 755/657/742 756/728/743
f 754/655/741 756/728/743 757/729/744
f 757/729/744 570/563/566 754/655/741
f 570/563/566 757/729/744 571/564/567
f 571/564/567 566/559/562 568/561/564
f 692/674/676 758/730/745 693/570/677
f 759/731/746 760/732/747 761/733/748
f 759/731/746 762/734/749 763/735/750
f 762/734/749 759/731/746 761/733/748
f 527/523/529 524/520/526 519/515/521
f 764/736/751 765/737/752 451/447/453
f 765/737/752 764/736/751 766/738/753
f 765/737/752 767/739/754 768/740/755
f 451/447/453 449/445/451 764/736/751
f 769/589/756 693/570/677 758/730/745
f 770/741/757 655/640/639 771/742/758
f 770/741/757 772/743/633 773/744/759
f 772/743/633 770/741/757 771/742/758
f 684/668/668 661/646/645 660/645/644
f 684/668/668 774/745/760 661/646/645
f 684/668/668 667/652/651 653/638/637
f 653/638/637 667/652/651 654/639/638
f 653/638/637 546/539/548 684/668/668
f 546/539/548 775/746/761 774/745/760
f 546/539/548 653/638/637 544/537/546
f 663/648/647 776/747/762 777/748/763
f 663/648/647 659/644/643 661/646/645
f 663/648/647 777/748/763 664/649/648
f 661/646/645 778/749/764 663/648/647
f 774/745/760 779/750/765 778/749/764
f 774/745/760 684/668/668 546/539/548
f 778/749/764 780/751/766 776/747/762
f 778/749/764 661/646/645 774/745/760
f 543/536/545 680/664/664 781/752/767
f 543/536/545 540/533/542 782/753/768
f 543/536/545 782/753/768 680/664/664
f 543/536/545 541/534/543 535/529/537
f 781/752/767 680/664/664 677/661/661
f 777/748/763 683/667/667 664/649/648
f 776/747/762 663/648/647 778/749/764
f 541/534/543 536/530/538 535/529/537
f 541/534/543 543/536/545 781/752/767
f 783/524/769 784/754/770 782/753/768
f 784/754/770 785/755/771 681/665/665
f 784/754/770 680/664/664 782/753/768
f 784/754/770 783/524/769 786/637/772
f 782/753/768 787/510/773 783/524/769
f 787/510/773 782/753/768 540/533/542
f 133/132/134 398/397/399 788/756/774
f 789/757/775 790/758/776 791/759/777
f 790/758/776 789/757/775 792/760/778
f 792/760/778 793/761/779 790/758/776
f 539/511/541 787/510/773 540/533/542
f 539/511/541 538/532/540 794/508/780
f 795/762/781 482/478/484 481/477/483
f 796/763/782 797/764/783 798/765/784
f 797/764/783 796/763/782 799/523/785
f 799/523/785 800/766/786 797/764/783
f 779/750/765 801/767/787 780/751/766
f 779/750/765 780/751/766 778/749/764
f 779/750/765 774/745/760 775/746/761
f 775/746/761 802/768/788 779/750/765
f 775/746/761 546/539/548 545/538/547
f 803/769/789 804/770/790 805/771/791
f 804/770/790 789/757/775 806/772/792
f 805/771/791 804/770/790 806/772/792
f 805/771/791 807/773/793 803/769/789
f 806/772/792 789/757/775 791/759/777
f 760/732/747 808/774/794 761/733/748
f 808/774/794 809/775/795 810/776/796
f 809/775/795 808/774/794 760/732/747
f 545/538/547 544/537/546 548/541/550
f 545/538/547 811/777/797 775/746/761
f 780/751/766 812/778/798 813/779/799
f 814/780/800 815/781/801 740/717/727
f 814/780/800 740/717/727 741/718/728
f 815/781/801 814/780/800 816/782/802
f 751/726/738 793/761/779 752/727/739
f 751/726/738 749/724/736 750/725/737
f 793/761/779 817/783/803 752/727/739
f 793/761/779 792/760/778 817/783/803
s 0
f 613/601/804 818/784/804 819/785/804
f 613/601/561 612/600/561 611/599/561
f 818/784/805 604/592/805 603/591/805
f 818/784/806 613/601/806 724/701/806
f 819/785/561 614/602/561 613/601/561
f 724/701/807 604/592/807 818/784/807
f 724/701/808 611/599/808 723/700/808
s 1
f 767/739/754 807/773/793 768/740/755
f 767/739/754 765/737/752 766/738/753
f 807/773/793 767/739/754 820/786/809
f 820/786/809 803/769/789 807/773/793
s 0
f 719/696/810 585/578/810 725/702/810
f 719/696/811 722/699/811 711/691/811
f 719/696/812 586/579/812 585/578/812
f 725/702/813 585/578/813 576/569/813
f 725/702/814 576/569/814 581/574/814
f 602/590/815 583/576/815 604/592/815
f 602/590/816 725/702/816 581/574/816
f 602/590/817 722/699/817 725/702/817
s 1
f 821/787/818 822/788/819 823/789/593
f 822/788/819 821/787/818 824/790/820
f 591/583/586 588/549/583 590/582/585
s 0
f 563/556/821 709/689/821 564/557/821
f 710/690/822 825/791/822 717/694/822
f 710/690/823 609/597/823 564/557/823
f 562/555/561 608/596/561 605/593/561
f 562/555/561 560/553/561 608/596/561
s 1
f 509/505/511 478/474/480 628/616/612
f 826/548/824 827/792/825 828/793/826
f 826/548/824 592/547/587 829/794/827
f 829/794/827 592/547/587 591/583/586
s 0
f 615/603/561 612/600/561 614/602/561
f 614/602/561 830/795/561 615/603/561
f 614/602/561 819/785/561 831/796/561
s 1
f 832/625/828 833/797/829 834/633/829
f 833/797/829 832/625/828 835/798/830
f 835/798/830 836/623/831 572/565/568
f 827/792/825 837/799/832 828/793/826
f 827/792/825 826/548/824 829/794/827
f 716/593/696 715/693/695 838/800/833
s 0
f 825/791/834 710/690/834 709/689/834
f 825/791/835 718/695/835 717/694/835
f 604/592/836 723/700/836 602/590/836
f 603/591/837 583/576/837 601/589/837
s 1
f 643/628/627 626/614/610 627/615/611
f 839/801/687 840/802/838 841/803/839
f 840/802/838 842/804/840 843/805/841
f 841/803/839 840/802/838 844/789/842
f 844/789/842 845/806/843 841/803/839
f 210/209/211 206/205/207 107/106/108
f 107/106/108 105/104/106 210/209/211
f 107/106/108 846/807/844 91/90/92
f 203/202/204 205/204/206 104/103/105
f 203/202/204 101/100/102 103/102/104
f 847/808/845 705/686/687 848/809/846
f 705/686/687 847/808/845 849/810/840
f 705/686/687 703/684/685 848/809/846
f 850/502/847 828/793/826 837/799/832
f 836/623/831 835/798/830 832/625/828
f 836/623/831 567/560/563 572/565/568
s 0
f 830/795/561 614/602/561 831/796/561
s 1
f 707/687/689 706/573/688 851/577/848
f 851/577/848 852/811/849 707/687/689
f 852/811/849 851/577/848 853/698/850
f 854/812/851 855/813/852 322/321/323
f 854/812/851 856/814/853 857/815/854
f 855/813/852 854/812/851 857/815/854
f 322/321/323 855/813/852 323/322/324
f 337/336/338 336/335/337 858/816/855
f 859/80/856 80/79/81 860/817/857
f 860/817/857 80/79/81 84/83/85
f 84/83/85 79/78/80 861/818/858
f 81/80/82 73/72/74 80/79/81
f 81/80/82 267/266/268 75/74/76
f 75/74/76 271/270/272 76/75/77
f 75/74/76 69/68/70 73/72/74
f 76/75/77 271/270/272 862/819/859
f 76/75/77 862/819/859 863/820/860
f 76/75/77 864/821/861 69/68/70
f 271/270/272 75/74/76 267/266/268
f 368/367/369 360/359/361 367/366/368
f 436/433/437 434/431/435 458/454/460
f 436/433/437 458/454/460 472/468/474
f 436/433/437 402/400/403 434/431/435
f 471/467/473 429/427/430 472/468/474
f 865/822/862 398/397/399 866/823/863
f 866/823/863 398/397/399 397/396/398
f 394/393/395 393/392/394 396/395/397
f 856/814/853 867/824/864 857/815/854
f 201/200/202 98/97/99 97/96/98
f 328/327/329 327/326/328 326/325/327
f 328/327/329 868/825/865 329/328/330
f 869/826/866 329/328/330 868/825/865
f 538/532/540 539/511/541 534/528/536
f 551/544/553 548/541/550 870/827/867
f 801/767/787 779/750/765 802/768/788
f 802/768/788 775/746/761 811/777/797
f 730/707/713 816/782/802 729/706/712
f 816/782/802 730/707/713 815/781/801
f 811/777/797 545/538/547 551/544/553
f 812/778/798 780/751/766 801/767/787
f 871/515/868 872/828/869 800/766/786
f 872/828/869 871/515/868 521/517/870
f 800/766/786 799/523/785 871/515/868
f 537/531/539 534/528/536 536/530/538
f 873/829/871 874/830/872 875/831/873
f 873/829/871 876/832/874 874/830/872
f 877/833/875 873/829/871 875/831/873
f 877/833/875 878/834/876 879/835/877
f 877/833/875 875/831/873 880/836/878
f 881/837/879 882/838/880 883/839/881
f 881/837/879 884/840/882 882/838/880
f 885/841/883 883/839/881 886/842/884
f 885/841/883 887/843/885 888/844/886
f 885/841/883 881/837/879 883/839/881
f 889/845/887 890/846/888 891/847/889
f 889/845/887 892/848/890 890/846/888
f 893/849/891 891/847/889 894/850/892
f 893/849/891 889/845/887 891/847/889
f 895/851/893 896/852/894 897/853/895
f 895/851/893 898/854/896 899/855/897
f 895/851/893 899/855/897 900/856/898
f 896/852/894 895/851/893 900/856/898
f 897/853/895 901/857/899 902/858/900
f 901/857/899 897/853/895 896/852/894
f 878/834/876 877/833/875 880/836/878
f 879/835/877 903/859/901 904/860/902
f 903/859/901 879/835/877 878/834/876
f 904/860/902 905/861/903 906/862/904
f 905/861/903 904/860/902 903/859/901
f 887/843/885 885/841/883 886/842/884
f 907/848/905 908/863/906 909/864/907
f 909/864/907 910/846/908 907/848/905
f 842/804/840 840/802/838 839/801/687
f 648/633/632 647/632/631 640/625/624
f 911/865/690 912/788/909 913/866/910
f 912/788/909 911/865/690 845/806/843
f 845/806/843 844/789/842 912/788/909
f 685/669/669 632/619/616 631/618/615
f 698/679/614 696/677/679 695/676/615
f 699/680/681 617/605/601 914/867/911
f 674/658/658 637/561/621 636/622/620
f 673/563/657 671/656/655 670/655/654
f 658/643/642 667/652/651 666/651/650
f 675/659/659 672/657/656 669/654/653
f 490/486/492 488/484/490 492/488/494
f 657/642/641 771/742/758 655/640/639
f 558/551/560 555/548/557 915/793/912
f 558/551/560 506/502/508 505/501/507
f 506/502/508 558/551/560 915/793/912
f 505/501/507 504/500/506 501/497/503
f 617/605/601 699/680/681 698/679/614
f 617/605/601 616/604/600 914/867/911
f 618/606/602 622/610/606 616/604/600
f 785/755/771 784/754/770 786/637/772
f 681/665/665 680/664/664 784/754/770
f 499/495/501 498/494/500 497/493/499
f 445/441/447 442/438/444 446/442/448
f 738/715/725 422/420/423 421/419/422
f 468/464/470 431/429/432 470/466/472
f 743/719/730 742/414/729 439/435/441
f 746/721/733 418/416/419 745/720/732
f 737/714/724 421/419/422 418/416/419
f 916/868/913 917/869/914 918/870/915
f 917/869/914 916/868/913 919/871/916
f 917/869/914 920/872/917 918/870/915
f 917/869/914 921/873/918 922/874/919
f 920/872/917 917/869/914 923/875/920
f 919/871/916 924/876/921 917/869/914
f 921/873/918 917/869/914 924/876/921
f 922/874/919 923/875/920 917/869/914
f 925/877/922 926/878/923 927/879/924
f 925/877/922 928/880/925 929/881/926
f 926/878/923 925/877/922 929/881/926
f 926/878/923 929/881/926 930/882/927
f 929/881/926 931/883/928 932/884/929
f 933/885/930 934/886/931 935/887/932
f 934/886/931 933/885/930 936/888/933
f 934/886/931 937/889/934 935/887/932
f 934/886/931 938/890/935 939/891/936
f 936/888/933 940/892/937 938/890/935
f 936/888/933 938/890/935 934/886/931
f 937/889/934 934/886/931 939/891/936
f 939/891/936 941/893/938 937/889/934
f 942/894/939 943/895/940 944/896/941
f 942/894/939 928/880/925 925/877/922
f 942/894/939 925/877/922 945/897/942
f 945/897/942 925/877/922 927/879/924
f 946/898/943 947/899/944 948/900/945
f 946/898/943 949/901/946 950/902/947
f 949/901/946 951/903/948 950/902/947
f 949/901/946 946/898/943 952/904/949
f 953/905/950 954/906/951 955/907/952
f 953/905/950 955/907/952 956/908/953
f 954/906/951 957/909/954 955/907/952
f 955/907/952 958/910/955 959/911/956
f 956/908/953 959/911/956 960/912/957
f 961/913/958 962/914/959 963/915/960
f 962/914/959 961/913/958 964/916/961
f 962/914/959 964/916/961 965/917/962
f 963/915/960 966/918/963 967/919/964
f 964/916/961 968/920/965 965/917/962
f 969/913/966 970/921/967 971/916/968
f 970/921/967 969/913/966 972/922/969
f 971/916/968 970/921/967 973/923/970
f 974/920/970 971/916/968 973/923/970
f 975/924/971 940/892/937 976/925/972
f 975/924/971 977/926/973 978/927/974
f 975/924/971 978/927/974 938/890/935
f 977/926/973 979/928/975 980/929/976
f 977/926/973 975/924/971 979/928/975
f 978/927/974 981/930/977 982/931/978
f 976/925/972 979/928/975 975/924/971
f 976/925/972 983/932/979 979/928/975
f 983/932/979 984/933/980 985/934/981
f 983/932/979 986/935/982 979/928/975
f 986/935/982 980/929/976 979/928/975
f 986/935/982 983/932/979 987/936/983
f 987/936/983 985/934/981 988/937/984
f 980/929/976 986/935/982 989/938/985
f 990/939/986 991/940/987 992/941/988
f 990/939/986 992/941/988 993/942/989
f 993/942/989 994/943/990 995/944/991
f 991/940/987 996/945/992 992/941/988
f 996/945/992 991/940/987 997/946/993
f 996/945/992 998/947/994 992/941/988
f 999/943/995 1000/948/996 1001/949/997
f 999/943/995 992/941/988 998/947/994
f 994/943/990 993/942/989 992/941/988
f 995/944/991 1002/949/998 1003/950/999
f 1004/951/1000 1005/952/977 1006/953/1001
f 1005/952/977 1004/951/1000 1007/954/1002
f 1006/953/1001 1008/955/1003 1009/956/1004
f 1006/953/1001 1010/957/1005 1004/951/1000
f 1006/953/1001 1011/958/1006 1012/959/1007
f 1007/954/1002 1013/960/1008 1014/961/1009
f 981/930/977 978/927/974 977/926/973
f 982/931/978 1015/962/1010 978/927/974
f 1016/963/1011 1005/952/977 1017/964/973
f 1008/955/1003 1005/952/977 1016/963/1011
f 1008/955/1003 1018/965/1012 1019/966/1013
f 1008/955/1003 1006/953/1001 1005/952/977
f 1020/967/1014 1021/968/1015 1022/969/1016
f 1020/967/1014 1023/970/1017 1024/971/1018
f 1020/967/1014 1025/972/1019 1026/973/1020
f 1023/970/1017 1020/967/1014 1027/974/1021
f 1023/970/1017 1028/975/1022 1029/976/1023
f 1024/971/1018 1029/976/1023 1030/977/1024
f 1027/974/1021 1031/978/1025 1032/979/1026
f 1029/976/1023 1024/971/1018 1023/970/1017
f 1030/977/1024 1021/968/1015 1024/971/1018
f 1021/968/1015 1030/977/1024 1033/980/1027
f 1021/968/1015 1020/967/1014 1024/971/1018
f 1021/968/1015 1034/981/1028 1022/969/1016
f 1021/968/1015 1035/982/1029 1036/983/1030
f 984/933/980 983/932/979 976/925/972
f 984/933/980 976/925/972 1037/984/1031
f 985/934/981 987/936/983 983/932/979
f 1038/985/1032 1039/986/1033 1040/987/1034
f 1038/985/1032 1041/988/1035 1042/989/1036
f 1038/985/1032 1043/990/1037 1041/988/1035
f 1039/986/1033 1038/985/1032 1044/991/1038
f 1040/987/1034 1043/990/1037 1038/985/1032
f 1044/991/1038 1042/989/1036 1026/973/1020
f 1044/991/1038 1045/992/1039 1039/986/1033
f 1044/991/1038 1025/972/1019 1046/993/1040
f 1045/992/1039 1044/991/1038 1046/993/1040
f 1046/993/1040 1047/994/1041 1045/992/1039
f 988/937/984 1048/995/1042 987/936/983
f 1042/989/1036 1027/974/1021 1026/973/1020
f 1042/989/1036 1044/991/1038 1038/985/1032
f 1042/989/1036 1031/978/1025 1027/974/1021
f 1026/973/1020 1027/974/1021 1020/967/1014
f 1025/972/1019 1020/967/1014 1022/969/1016
f 1025/972/1019 1049/996/1043 1050/997/1044
f 1025/972/1019 1051/998/1045 1046/993/1040
f 1025/972/1019 1044/991/1038 1026/973/1020
f 1052/999/1046 1053/1000/1047 1054/1001/1048
f 1053/1000/1047 1052/999/1046 1055/1002/1049
f 1054/1001/1048 1056/1003/1050 1057/1004/1051
f 1058/1005/1052 1059/1006/1053 1060/1007/1054
f 1058/1005/1052 1061/1008/1055 1059/1006/1053
f 1058/1005/1052 1062/1009/1056 1063/1010/1057
f 1062/1009/1056 1011/958/1006 1064/1011/1058
f 1062/1009/1056 1058/1005/1052 1060/1007/1054
f 1060/1007/1054 1012/959/1007 1062/1009/1056
f 1065/1012/1058 1053/1000/1047 1066/1013/1059
f 1065/1012/1058 1056/1003/1050 1053/1000/1047
f 1056/1003/1050 1054/1001/1048 1053/1000/1047
f 1067/1014/1060 1068/1015/1061 1069/1016/1062
f 1068/1015/1061 1070/1017/1063 1069/1016/1062
f 1068/1015/1061 1067/1014/1060 1071/1018/1064
f 1071/1018/1064 1072/1019/1065 1073/1020/1066
f 1074/1018/1067 1075/1020/1068 1076/1021/1069
f 1074/1018/1067 1077/1022/1070 1078/1015/1071
f 1077/1022/1070 1074/1018/1067 1076/1021/1069
f 1078/1015/1071 1077/1022/1070 1079/1023/1072
f 1079/1023/1072 1080/1024/1072 1078/1015/1071
f 1070/1017/1063 1068/1015/1061 1081/1024/1063
f 1082/1025/1073 1083/1026/1074 1084/1027/1075
f 1083/1026/1074 1082/1025/1073 1085/1028/1076
f 1083/1026/1074 1086/1029/1077 1084/1027/1075
f 1083/1026/1074 1087/1030/1078 1086/1029/1077
f 1084/1027/1075 1088/1031/1079 1089/1032/1080
f 1084/1027/1075 1086/1029/1077 1090/1033/1081
f 1084/1027/1075 1090/1033/1081 1091/1034/1082
f 1085/1028/1076 1092/1035/1083 1093/1036/1084
f 1085/1028/1076 1093/1036/1084 1083/1026/1074
f 1088/1031/1079 1084/1027/1075 1091/1034/1082
f 1089/1032/1080 1082/1025/1073 1084/1027/1075
f 1094/1037/1085 1095/1038/1086 1096/1039/1087
f 1094/1037/1085 1097/1040/1088 1095/1038/1086
f 1095/1038/1086 1097/1040/1088 928/880/925
f 1098/1041/1089 1096/1039/1087 1095/1038/1086
f 1098/1041/1089 1099/1042/1090 1100/1043/1091
f 1101/1044/1092 1102/1045/1093 1103/1046/1094
f 1102/1045/1093 1104/1047/1095 1105/1048/1096
f 1102/1045/1093 1105/1048/1096 958/910/955
f 1102/1045/1093 1101/1044/1092 1104/1047/1095
f 1103/1046/1094 1102/1045/1093 957/909/954
f 1104/1047/1095 1106/1049/1097 1105/1048/1096
f 1097/1040/1088 1094/1037/1085 1107/1050/1098
f 1097/1040/1088 1108/1051/1099 1109/1052/1100
f 1110/1053/1101 1111/1054/1102 1059/1006/1053
f 1110/1053/1101 1112/1055/1103 1113/1056/1104
f 1112/1055/1103 1114/1057/1105 1113/1056/1104
f 1113/1056/1104 1115/1058/1106 1111/1054/1102
f 1114/1057/1105 1116/1059/1107 1113/1056/1104
f 1117/1060/1108 1118/1061/1109 1119/1062/1110
f 1117/1060/1108 1120/1063/1101 1121/1064/1111
f 1120/1063/1101 1117/1060/1108 1122/1065/1103
f 1121/1064/1111 1123/1066/1112 1124/1067/1113
f 1121/1064/1111 1125/1068/1114 1118/1061/1109
f 1109/1052/1100 928/880/925 1097/1040/1088
f 1109/1052/1100 1126/1069/1115 1127/1070/1116
f 1109/1052/1100 1108/1051/1099 1126/1069/1115
f 1127/1070/1116 931/883/928 1109/1052/1100
f 1108/1051/1099 1097/1040/1088 1107/1050/1098
f 1128/1071/1117 1129/1072/1118 1130/1073/1119
f 1128/1071/1117 1131/1074/1120 1132/1075/1121
f 1131/1074/1120 1128/1071/1117 1133/1076/1122
f 1132/1075/1121 1134/1077/1123 1128/1071/1117
f 941/893/938 939/891/936 1135/1078/1124
f 1135/1078/1124 1015/962/1010 1136/1079/1125
f 1137/1080/1126 1115/1058/1106 1116/1059/1107
f 1137/1080/1126 1138/1081/1127 1139/1082/1128
f 1137/1080/1126 1140/1083/1129 1138/1081/1127
f 1140/1083/1129 1116/1059/1107 1141/1084/1130
f 1139/1082/1128 1013/960/1008 1137/1080/1126
f 1142/1085/1131 1143/1086/1132 1144/1087/1133
f 1142/1085/1131 1145/1088/1134 1146/1089/1135
f 1143/1086/1132 1142/1085/1131 1147/1090/1136
f 1147/1090/1136 1148/1091/1137 1149/1092/1138
f 1147/1090/1136 1149/1092/1138 1143/1086/1132
f 1147/1090/1136 1150/1093/1139 1151/1094/1140
f 1152/1095/1141 1150/1093/1139 1153/1096/1142
f 1152/1095/1141 1154/1097/1143 1155/1098/1144
f 1152/1095/1141 1155/1098/1144 1156/1099/1145
f 1154/1097/1143 1153/1096/1142 1157/1100/1146
f 1156/1099/1145 1151/1094/1140 1152/1095/1141
f 1115/1058/1106 1113/1056/1104 1116/1059/1107
f 1115/1058/1106 1137/1080/1126 1013/960/1008
f 1115/1058/1106 1013/960/1008 1004/951/1000
f 1111/1054/1102 1010/957/1005 1060/1007/1054
f 1111/1054/1102 1110/1053/1101 1113/1056/1104
f 1116/1059/1107 1114/1057/1105 1141/1084/1130
f 1116/1059/1107 1140/1083/1129 1137/1080/1126
f 1013/960/1008 1139/1082/1128 1014/961/1009
f 1013/960/1008 1007/954/1002 1004/951/1000
f 1010/957/1005 1115/1058/1106 1004/951/1000
f 1010/957/1005 1111/1054/1102 1115/1058/1106
f 1010/957/1005 1006/953/1001 1012/959/1007
f 1123/1066/1112 1121/1064/1111 1120/1063/1101
f 1124/1067/1113 1158/1101/1147 1121/1064/1111
f 1059/1006/1053 1111/1054/1102 1060/1007/1054
f 1061/1008/1055 1058/1005/1052 1159/1102/1148
f 1061/1008/1055 1160/1103/1149 1161/1104/1150
f 1162/1105/1151 1041/988/1035 1043/990/1037
f 1041/988/1035 1162/1105/1151 1163/1106/1152
f 1041/988/1035 1164/1107/1153 1031/978/1025
f 1043/990/1037 1040/987/1034 1165/1108/1154
f 1163/1106/1152 1166/1109/1155 1167/1110/1156
f 1163/1106/1152 1168/1111/1157 1164/1107/1153
f 1163/1106/1152 1164/1107/1153 1041/988/1035
f 1164/1107/1153 1169/1112/1158 1170/1113/1159
f 1164/1107/1153 1168/1111/1157 1169/1112/1158
f 1031/978/1025 1170/1113/1159 1032/979/1026
f 1031/978/1025 1042/989/1036 1041/988/1035
f 1171/1114/1160 936/888/933 1172/1115/1161
f 1171/1114/1160 1172/1115/1161 1173/1116/1151
f 1171/1114/1160 1174/1117/1162 1037/984/1031
f 1171/1114/1160 940/892/937 936/888/933
f 940/892/937 975/924/971 938/890/935
f 940/892/937 1171/1114/1160 1037/984/1031
f 1037/984/1031 976/925/972 940/892/937
f 1174/1117/1162 1171/1114/1160 1173/1116/1151
f 1170/1113/1159 1031/978/1025 1164/1107/1153
f 1170/1113/1159 1175/1118/1163 1176/1119/1164
f 1032/979/1026 1170/1113/1159 1176/1119/1164
f 1032/979/1026 1023/970/1017 1027/974/1021
f 1032/979/1026 1176/1119/1164 1028/975/1022
f 1028/975/1022 1177/1120/1165 1029/976/1023
f 1028/975/1022 1178/1121/1166 1179/1122/1167
f 1028/975/1022 1023/970/1017 1032/979/1026
f 1015/962/1010 982/931/978 1136/1079/1125
f 1015/962/1010 1135/1078/1124 939/891/936
f 938/890/935 1015/962/1010 939/891/936
f 938/890/935 978/927/974 1015/962/1010
f 1180/1123/1168 1181/1124/1169 1182/1125/1170
f 1180/1123/1168 1183/1126/1171 1184/1127/1172
f 1180/1123/1168 1185/1128/1173 1183/1126/1171
f 1185/1128/1173 1186/1129/1174 1187/1130/1175
f 1185/1128/1173 1180/1123/1168 1186/1129/1174
f 1186/1129/1174 1188/1131/1176 1189/1132/1177
f 1186/1129/1174 1180/1123/1168 1182/1125/1170
f 1190/1133/1178 1186/1129/1174 1182/1125/1170
f 1188/1131/1176 1191/1134/1179 1192/1135/1180
f 1188/1131/1176 1192/1135/1180 1189/1132/1177
f 1188/1131/1176 1186/1129/1174 1190/1133/1178
f 1189/1132/1177 1187/1130/1175 1186/1129/1174
f 1189/1132/1177 1193/1136/1181 1187/1130/1175
f 1187/1130/1175 1194/1137/1182 1195/1128/1183
f 1196/1138/1184 1197/1139/1185 1198/1140/1186
f 1197/1139/1185 1196/1138/1184 1199/1141/1187
f 1197/1139/1185 1160/1103/1149 1200/1142/1188
f 1198/1140/1186 1201/1143/1189 1196/1138/1184
f 1198/1140/1186 1197/1139/1185 1200/1142/1188
f 1199/1141/1187 1161/1104/1150 1197/1139/1185
f 1202/1144/1190 1198/1140/1186 1200/1142/1188
f 1202/1144/1190 1203/1145/1191 1198/1140/1186
f 1203/1145/1191 1202/1144/1190 1204/1146/1192
f 1204/1146/1192 1205/1147/1193 1206/1148/1194
f 1201/1143/1189 1198/1140/1186 1207/1145/1195
f 1207/1145/1195 1208/1149/1196 1201/1143/1189
f 1209/1150/1197 1210/1151/1198 1211/1152/1199
f 1210/1151/1198 1212/1153/1200 1213/1154/1201
f 1210/1151/1198 1209/1150/1197 1214/1155/1202
f 1211/1152/1199 1210/1151/1198 1215/1156/1203
f 1214/1155/1202 1216/1157/1204 1217/1158/1205
f 1214/1155/1202 1212/1153/1200 1210/1151/1198
f 1212/1153/1200 1214/1155/1202 1218/1159/1206
f 1218/1159/1206 1214/1155/1202 1217/1158/1205
f 1219/1160/1207 1210/1151/1198 1213/1154/1201
f 1219/1160/1207 1220/1161/1208 1215/1156/1203
f 1219/1160/1207 1221/1162/1209 1222/1163/1210
f 1215/1156/1203 1210/1151/1198 1219/1160/1207
f 1223/1164/1211 1224/1165/1212 1225/1166/1213
f 1223/1164/1211 1226/1167/1214 1227/1168/1215
f 1223/1164/1211 1228/1169/1216 1226/1167/1214
f 1228/1169/1216 1229/1170/1217 1230/1171/1218
f 1228/1169/1216 1223/1164/1211 1229/1170/1217
f 1231/1172/1219 1229/1170/1217 1225/1166/1213
f 1231/1172/1219 1232/1173/1220 1229/1170/1217
f 1225/1166/1213 1229/1170/1217 1223/1164/1211
f 1232/1173/1220 1233/1174/1221 1230/1171/1218
f 1232/1173/1220 1231/1172/1219 1234/1175/1222
f 1232/1173/1220 1230/1171/1218 1229/1170/1217
f 1234/1175/1222 1184/1127/1172 1232/1173/1220
f 1235/1176/1180 1236/1177/1223 1237/1178/1224
f 1235/1176/1180 1238/1179/1225 1239/1180/1226
f 1238/1179/1225 1235/1176/1180 1240/1181/1227
f 1239/1180/1226 1241/1182/1228 1236/1177/1223
f 1239/1180/1226 1236/1177/1223 1235/1176/1180
f 1237/1178/1224 1236/1177/1223 1242/1183/1229
f 1193/1136/1181 1189/1132/1177 1192/1135/1180
f 1243/1184/1230 1244/1185/1231 1245/1186/1232
f 1243/1184/1230 1246/1187/1233 1247/1188/1234
f 1246/1187/1233 1248/1189/1235 1249/1190/1236
f 1246/1187/1233 1243/1184/1230 1248/1189/1235
f 1250/1191/1237 1251/1184/1238 1252/1192/1239
f 1251/1184/1238 1250/1191/1237 1253/1189/1240
f 1252/1192/1239 1254/1186/1241 1255/1193/1242
f 1253/1189/1240 1256/1194/1243 1257/1195/1243
f 1253/1189/1240 1250/1191/1237 1256/1194/1243
f 1249/1190/1236 1248/1189/1235 1258/1195/1244
f 1259/1196/1245 1260/1197/1246 1261/1198/1247
f 1259/1196/1245 1261/1198/1247 1262/1148/1248
f 1260/1197/1246 1259/1196/1245 1263/1199/1249
f 1264/1200/1183 1265/1196/1250 1266/1201/1251
f 1265/1196/1250 1264/1200/1183 1263/1199/1252
f 1265/1196/1250 1205/1147/1193 1266/1201/1251
f 1194/1137/1182 1187/1130/1175 1193/1136/1181
f 1267/1202/1253 1242/1183/1229 1236/1177/1223
f 1268/1203/1254 1222/1163/1210 1269/1204/1255
f 1268/1203/1254 1220/1161/1208 1222/1163/1210
f 1268/1203/1254 1270/1205/1256 1271/1206/1257
f 1270/1205/1256 1268/1203/1254 1269/1204/1255
f 1269/1204/1255 1221/1162/1209 1272/1207/1258
f 1273/1208/1258 1241/1182/1228 1274/1209/1259
f 1241/1182/1228 1275/1179/1260 1276/1210/1261
f 1241/1182/1228 1267/1202/1253 1236/1177/1223
f 1241/1182/1228 1273/1208/1258 1267/1202/1253
f 1275/1179/1260 1241/1182/1228 1239/1180/1226
f 1277/1211/1262 1278/1212/1263 1279/1213/1264
f 1278/1212/1263 1277/1211/1262 1280/1214/1265
f 1278/1212/1263 1281/1215/1266 1279/1213/1264
f 1281/1215/1266 1278/1212/1263 1282/1216/1267
f 1280/1214/1265 1283/1217/1268 1278/1212/1263
f 1283/1217/1268 1284/1218/1269 1278/1212/1263
f 1284/1218/1269 1282/1216/1267 1278/1212/1263
f 1284/1218/1269 1283/1217/1268 1285/1219/1270
f 1286/1220/1271 1287/1221/1272 1288/1222/1273
f 1286/1220/1271 1289/1223/1274 1290/1224/1275
f 1286/1220/1271 1291/1225/1276 1287/1221/1272
f 1287/1221/1272 1292/1226/1277 1288/1222/1273
f 1287/1221/1272 1291/1225/1276 1293/1227/1278
f 1287/1221/1272 1293/1227/1278 1294/1228/1279
f 1292/1226/1277 1287/1221/1272 1295/1229/1280
f 1291/1225/1276 1286/1220/1271 1296/1230/1281
f 1296/1230/1281 1290/1224/1275 1297/1231/1282
f 1295/1229/1280 1287/1221/1272 1294/1228/1279
f 1298/1232/1283 1299/1233/1284 1300/1234/1285
f 1299/1233/1284 1298/1232/1283 1301/1235/1286
f 1300/1234/1285 1302/1236/1287 1303/1237/1288
f 1301/1235/1286 1304/1238/1289 1299/1233/1284
f 1301/1235/1286 1305/1239/1290 1304/1238/1289
f 1306/1233/1291 1307/1238/1292 1308/1240/1291
f 1306/1233/1291 1309/1241/1293 1310/1234/1294
f 1309/1241/1293 1306/1233/1291 1308/1240/1291
f 1310/1234/1294 1309/1241/1293 1311/1242/1295
f 1312/1236/1296 1310/1234/1294 1311/1242/1295
f 1303/1237/1288 1298/1232/1283 1300/1234/1285
f 1313/1243/1297 1314/1244/1298 1315/1245/1299
f 1314/1244/1298 1313/1243/1297 1316/1246/1300
f 1316/1246/1300 1317/1247/1301 1318/1248/1302
f 1316/1246/1300 1318/1248/1302 1314/1244/1298
f 1319/1244/1303 1320/1248/1304 1321/1249/1305
f 1319/1244/1303 1322/1250/1306 1315/1245/1307
f 1322/1250/1306 1319/1244/1303 1321/1249/1305
f 1323/1251/1306 1324/1252/1308 1325/1253/1309
f 1324/1252/1308 1323/1251/1306 1326/1254/1310
f 1325/1253/1309 1324/1252/1308 1327/1255/1311
f 1326/1254/1310 1328/1256/1312 1324/1252/1308
f 1329/1257/1297 1325/1253/1309 1327/1255/1311
f 1327/1255/1311 1324/1252/1308 1330/1256/1313
f 1331/1258/1314 1332/1256/1314 1333/1259/1315
f 1332/1256/1314 1334/1260/1316 1333/1259/1315
f 1330/1256/1313 1335/1258/1317 1327/1255/1311
f 1328/1256/1312 1326/1254/1310 1336/1261/1318
f 1336/1261/1079 1337/1262/1319 1338/1256/1320
f 1338/1256/1320 1337/1262/1319 1339/1260/1321
f 1340/1263/1322 1341/1264/1323 1342/1265/1324
f 1341/1264/1323 1340/1263/1322 1343/1266/1325
f 1342/1265/1326 1344/1267/1327 1345/1268/918
f 1343/1266/1325 1346/1269/1328 1341/1264/1323
f 1347/1264/1329 1346/1269/1328 1348/1270/1330
f 1347/1264/1329 1344/1267/1327 1342/1265/1326
f 1344/1267/1327 1347/1264/1329 1348/1270/1330
f 1345/1268/918 1349/1271/921 1342/1265/1326
f 1350/1272/1331 1351/1273/1324 919/871/916
f 1351/1273/1324 924/876/921 919/871/916
f 1352/1274/1332 1353/1275/1333 1354/1276/1334
f 1352/1274/1332 1355/1277/1335 1356/1278/1336
f 1352/1274/1332 1357/1279/1337 1355/1277/1335
f 1355/1277/1335 1358/1280/1338 1356/1278/1336
f 1358/1280/1338 1355/1277/1335 1359/1281/1339
f 1357/1279/1337 1352/1274/1332 1360/1282/1340
f 1360/1282/1340 1354/1276/1334 1361/1283/1341
f 1362/871/1342 1363/868/1343 1364/1284/1344
f 1364/1284/1344 1365/1272/1345 1362/871/1342
f 1359/1281/1339 1355/1277/1335 1366/1285/1346
f 1367/1286/1347 1368/1287/1348 1369/1288/1349
f 1368/1287/1348 1367/1286/1347 1370/1289/1350
f 1369/1288/1349 1371/1290/1351 1372/1291/1352
f 1370/1289/1350 1373/1292/1353 1374/1293/1354
f 1370/1289/1350 1374/1293/1354 1368/1287/1348
f 1375/1287/1355 1376/1294/1356 1377/1295/1357
f 1375/1287/1355 1377/1295/1357 1378/1288/1358
f 1378/1288/1358 1377/1295/1357 1379/1296/1359
f 1379/1296/1359 1380/1290/1360 1378/1288/1358
f 1380/1290/1360 1379/1296/1359 1381/1297/1360
f 1372/1291/1352 1367/1286/1347 1369/1288/1349
f 1012/959/1007 1060/1007/1054 1010/957/1005
f 1011/958/1006 1006/953/1001 1009/956/1004
f 1011/958/1006 1062/1009/1056 1012/959/1007
f 1011/958/1006 1382/1298/1361 1383/1299/1362
f 1011/958/1006 1384/1300/1363 1064/1011/1058
f 1385/1301/1364 1386/1302/1365 1387/1303/1366
f 1386/1302/1365 1385/1301/1364 1388/1304/1367
f 1386/1302/1365 1389/1305/1368 1390/1306/1369
f 1386/1302/1365 1390/1306/1369 1387/1303/1366
f 1387/1303/1366 1390/1306/1369 1391/1307/1370
f 1388/1304/1367 1392/1308/1371 1386/1302/1365
f 1388/1304/1367 1393/1309/1372 1392/1308/1371
f 1394/1216/1373 1395/1218/1374 1396/1310/1366
f 1396/1310/1366 1397/1219/1375 1398/1311/1376
f 1396/1310/1366 1399/1312/1370 1394/1216/1373
f 1397/1219/1375 1396/1310/1366 1395/1218/1374
f 1400/1313/1377 1401/1314/1378 1402/1315/1379
f 1400/1313/1377 1403/1316/1380 1404/1317/1381
f 1400/1313/1377 1402/1315/1379 1405/1318/1382
f 1400/1313/1377 1406/1319/1383 1407/1320/1384
f 1402/1315/1379 1408/1321/1385 1409/1322/1386
f 1402/1315/1379 1410/1323/1387 1405/1318/1382
f 1410/1323/1387 1402/1315/1379 1411/1324/1388
f 1401/1314/1378 1400/1313/1377 1407/1320/1384
f 1401/1314/1378 1412/1325/1389 1413/1326/1390
f 1407/1320/1384 1406/1319/1383 1414/1327/1391
f 1408/1321/1385 1413/1326/1390 1415/1328/1268
f 1408/1321/1385 1402/1315/1379 1401/1314/1378
f 1409/1322/1386 1411/1324/1388 1402/1315/1379
f 1412/1325/1389 1401/1314/1378 1407/1320/1384
f 1413/1326/1390 1408/1321/1385 1401/1314/1378
f 1416/1329/1392 1417/1330/1393 1418/1331/1389
f 1417/1330/1393 1416/1329/1392 1419/1332/1394
f 1417/1330/1393 1419/1332/1394 1420/1333/1270
f 1418/1331/1389 1421/1334/1395 1416/1329/1392
f 1422/1335/1268 1417/1330/1393 1420/1333/1270
f 1220/1161/1208 1219/1160/1207 1222/1163/1210
f 1221/1162/1209 1269/1204/1255 1222/1163/1210
f 1221/1162/1209 1219/1160/1207 1213/1154/1201
f 1208/1149/1196 1207/1145/1195 1262/1148/1248
f 1262/1148/1248 1261/1198/1247 1208/1149/1196
f 1205/1147/1193 1265/1196/1250 1206/1148/1194
f 1206/1148/1194 1203/1145/1191 1204/1146/1192
f 1423/1336/1396 1245/1186/1232 1424/1337/1397
f 1423/1336/1396 1425/1338/1398 1426/1339/1399
f 1245/1186/1232 1244/1185/1231 1424/1337/1397
f 1244/1185/1231 1243/1184/1230 1247/1188/1234
f 1255/1193/1242 1427/1336/1400 1428/1340/1401
f 1427/1336/1400 1255/1193/1242 1254/1186/1241
f 1428/1340/1401 1429/1339/1402 1430/1341/1403
f 1254/1186/1241 1252/1192/1239 1251/1184/1238
f 1233/1174/1221 1232/1173/1220 1184/1127/1172
f 1184/1127/1172 1183/1126/1171 1233/1174/1221
f 1181/1124/1169 1184/1127/1172 1234/1175/1222
f 1181/1124/1169 1180/1123/1168 1184/1127/1172
f 1431/1342/1404 1374/1293/1354 1373/1292/1353
f 1374/1293/1354 1431/1342/1404 1432/1343/1405
f 1432/1343/1405 1003/950/999 1002/949/998
f 1433/1343/1406 1000/948/996 1434/1344/1407
f 1433/1343/1406 1434/1344/1407 1435/1293/1408
f 1435/1293/1408 1434/1344/1407 1376/1294/1356
f 1376/1294/1356 1375/1287/1355 1435/1293/1408
f 1436/1345/1409 1354/1276/1334 1437/1346/1410
f 1436/1345/1409 1361/1283/1341 1354/1276/1334
f 1436/1345/1409 1438/1347/1411 1439/1348/1412
f 1354/1276/1334 1353/1275/1333 1437/1346/1410
f 1354/1276/1334 1360/1282/1340 1352/1274/1332
f 1353/1275/1333 1352/1274/1332 1356/1278/1336
f 1361/1283/1341 1436/1345/1409 1440/1349/1413
f 1440/1349/1413 1439/1348/1412 1441/1350/1414
f 1442/1351/1415 1443/1352/1416 1346/1269/1328
f 1443/1352/1416 1442/1351/1415 1444/1353/1417
f 1443/1352/1416 1445/1354/1418 1346/1269/1328
f 1346/1269/1328 1445/1354/1418 1348/1270/1330
f 1346/1269/1328 1343/1266/1325 1442/1351/1415
f 1444/1353/1417 1036/983/1030 1443/1352/1416
f 1445/1354/1418 1443/1352/1416 1446/1355/1419
f 1446/1355/1419 1443/1352/1416 1036/983/1030
f 1447/1356/1420 966/918/963 1448/1357/1421
f 966/918/963 1447/1356/1420 967/919/964
f 967/919/964 961/913/958 963/915/960
f 1449/1356/1422 1450/1358/1423 1451/919/1424
f 1450/1358/1423 1449/1356/1422 1452/1359/1425
f 1450/1358/1423 972/922/969 1451/919/1424
f 1451/919/1424 972/922/969 969/913/966
f 1317/1247/1301 1453/1360/1426 1318/1248/1302
f 1453/1360/1426 1317/1247/1301 1454/1361/1427
f 1454/1361/1427 1050/997/1044 1453/1360/1426
f 1454/1361/1427 1051/998/1045 1050/997/1044
f 1455/1360/1428 1050/997/1044 1456/1362/1429
f 1455/1360/1428 1457/1363/1430 1320/1248/1304
f 1457/1363/1430 1455/1360/1428 1456/1362/1429
f 1320/1248/1304 1457/1363/1430 1321/1249/1305
f 1305/1239/1290 1458/1364/1431 1304/1238/1289
f 1458/1364/1431 1305/1239/1290 1459/1365/1432
f 1459/1365/1432 1460/1299/1433 1458/1364/1431
f 1459/1365/1432 1461/1300/1434 1460/1299/1433
f 1462/1364/1435 1463/1366/1436 1307/1238/1292
f 1462/1364/1435 1383/1299/1362 1464/1367/1437
f 1463/1366/1436 1462/1364/1435 1464/1367/1437
f 1463/1366/1436 1308/1240/1291 1307/1238/1292
f 1465/1368/1438 1290/1224/1275 1466/1369/1439
f 1465/1368/1438 1297/1231/1282 1290/1224/1275
f 1465/1368/1438 1467/1370/1440 1468/1371/1441
f 1290/1224/1275 1296/1230/1281 1286/1220/1271
f 1290/1224/1275 1289/1223/1274 1466/1369/1439
f 1289/1223/1274 1286/1220/1271 1288/1222/1273
f 1297/1231/1282 1465/1368/1438 1469/1372/1442
f 1469/1372/1442 1468/1371/1441 1470/1373/1443
f 1092/1035/1083 1471/1374/1444 1093/1036/1084
f 1471/1374/1444 1472/1375/1445 1473/1376/1446
f 1471/1374/1444 1473/1376/1446 1093/1036/1084
f 1471/1374/1444 1092/1035/1083 1474/1377/1447
f 1093/1036/1084 1473/1376/1446 1087/1030/1078
f 1474/1377/1447 1475/1378/1448 1471/1374/1444
f 1474/1377/1447 1476/1379/1449 1475/1378/1448
f 1087/1030/1078 1083/1026/1074 1093/1036/1084
f 1406/1319/1383 1477/1380/1450 1414/1327/1391
f 1406/1319/1383 1400/1313/1377 1404/1317/1381
f 1477/1380/1450 1406/1319/1383 1478/1381/1451
f 1414/1327/1391 1412/1325/1389 1407/1320/1384
f 1478/1381/1451 1479/1382/1041 1477/1380/1450
f 1478/1381/1451 1406/1319/1383 1404/1317/1381
f 1480/1383/1452 1481/1384/1453 1482/1385/1454
f 1481/1384/1453 1480/1383/1452 1421/1334/1395
f 1482/1385/1454 1483/1386/1455 1480/1383/1452
f 1421/1334/1395 1418/1331/1389 1481/1384/1453
f 1403/1316/1380 1400/1313/1377 1405/1318/1382
f 1403/1316/1380 1484/1387/1456 1404/1317/1381
f 1404/1317/1381 1485/1388/1457 1478/1381/1451
f 1485/1388/1457 1486/1389/1458 989/938/985
f 1485/1388/1457 1048/995/1042 1478/1381/1451
f 1485/1388/1457 1404/1317/1381 1484/1387/1456
f 1487/1390/1459 1393/1309/1372 1488/1391/1460
f 1487/1390/1459 1489/1392/1461 1392/1308/1371
f 1393/1309/1372 1487/1390/1459 1392/1308/1371
f 1392/1308/1371 1489/1392/1461 1389/1305/1368
f 1489/1392/1461 1487/1390/1459 1490/1393/1462
f 1389/1305/1368 1386/1302/1365 1392/1308/1371
f 1072/1019/1065 1071/1018/1064 1067/1014/1060
f 1072/1019/1065 1491/1394/1463 1073/1020/1066
f 1073/1020/1066 1491/1394/1463 1492/1395/1464
f 1492/1395/1464 1493/1396/1465 1494/966/1465
f 1495/1395/1466 1496/1397/1467 1075/1020/1068
f 1496/1397/1467 1495/1395/1466 1497/1398/1468
f 1075/1020/1068 1496/1397/1467 1076/1021/1069
f 1497/1398/1468 1495/1395/1466 1019/966/1013
f 1498/1399/1469 1426/1339/1399 1425/1338/1398
f 1498/1399/1469 1499/1400/1470 1426/1339/1399
f 1499/1400/1470 1500/1120/1471 1501/1122/1471
f 1425/1338/1398 1423/1336/1396 1424/1337/1397
f 1430/1341/1403 1502/1400/1472 1503/1401/1473
f 1502/1400/1472 1430/1341/1403 1429/1339/1402
f 1429/1339/1402 1428/1340/1401 1427/1336/1400
f 1504/1402/1474 1505/1403/1475 1506/1404/1476
f 1504/1402/1474 1507/1405/1477 1505/1403/1475
f 1506/1404/1476 1508/1406/1478 1504/1402/1474
f 1508/1406/1478 1506/1404/1476 1509/1407/1479
f 1510/1408/1480 1511/1409/1481 1512/1410/1482
f 1513/1411/1483 1512/1410/1482 1511/1409/1481
f 1514/1412/1484 1515/1413/1485 1516/1414/1486
f 1514/1412/1484 1517/1415/1487 1515/1413/1485
f 1518/1416/1488 1519/1417/1489 1520/1418/1490
f 1518/1416/1488 1521/1419/1491 1519/1417/1489
f 1522/1420/1492 1523/1421/1493 1524/1422/1494
f 1523/1421/1493 1522/1420/1492 1525/1423/1495
f 1526/1424/1496 1527/1425/1497 1528/1426/1498
f 1526/1424/1496 1528/1426/1498 1529/1427/1499
f 1527/1425/1497 1526/1424/1496 1530/1428/1500
f 1531/1429/1501 1532/1430/1502 1533/1431/1503
f 1534/312/1504 1529/1427/1499 1535/303/1505
f 1529/1427/1499 1534/312/1504 1536/1432/1506
f 1535/303/1505 1529/1427/1499 1528/1426/1498
f 1537/1433/1507 1538/1405/1508 1539/1434/1509
f 1538/1405/1508 1540/1413/1510 1539/1434/1509
f 1539/1434/1509 1540/1413/1510 1541/1435/1511
f 1542/1436/1512 1538/1405/1508 1537/1433/1507
f 1542/1436/1512 1543/1403/1513 1538/1405/1508
f 1543/1403/1513 1544/1437/1514 1545/1404/1515
f 1546/1438/1516 1547/1419/1517 1548/1439/1518
f 1547/1419/1517 1549/1431/1519 1548/1439/1518
f 1548/1439/1518 1549/1431/1519 1550/1440/1520
f 1551/1441/1521 1552/1419/1522 1546/1438/1523
f 1551/1441/1521 1553/1417/1524 1552/1419/1522
f 1553/1417/1524 1554/1442/1525 1555/1418/1526
f 1556/1443/1527 1118/1061/1109 1557/1444/1528
f 1118/1061/1109 1117/1060/1108 1121/1064/1111
f 1118/1061/1109 1556/1443/1527 1119/1062/1110
f 1557/1444/1528 1125/1068/1114 1558/1445/1529
f 1130/1073/1119 1133/1076/1122 1128/1071/1117
f 1130/1073/1119 1559/1446/1530 1560/1447/1531
f 1130/1073/1119 1560/1447/1531 1133/1076/1122
f 1561/1448/1532 1562/1449/1533 1563/1450/1534
f 1562/1449/1533 1129/1072/1118 1564/1451/1535
f 1562/1449/1533 1565/1452/1536 1563/1450/1534
f 1562/1449/1533 1561/1448/1532 1566/1453/1537
f 1566/1453/1537 1129/1072/1118 1562/1449/1533
f 1567/1454/1538 1568/1455/1539 1569/1456/1540
f 1569/1456/1540 1570/1457/1541 1567/1454/1538
f 1569/1456/1540 1568/1455/1539 1571/1458/1542
f 1571/1458/1542 1572/1459/1543 1569/1456/1540
f 1571/1458/1542 1573/1460/1544 1574/1461/1545
f 1570/1457/1541 1569/1456/1540 1575/1462/1546
f 1575/1462/1546 1572/1459/1543 1576/1463/1547
f 1575/1462/1546 1577/1464/1548 1570/1457/1541
f 1578/1465/1549 1579/1466/1550 1580/1467/1551
f 1578/1465/1549 1581/1468/1552 1582/1469/1553
f 1581/1468/1552 1578/1465/1549 1580/1467/1551
f 1581/1468/1552 1583/1470/1554 1582/1469/1553
f 1583/1470/1554 1581/1468/1552 1584/1471/1555
f 1584/1471/1555 1585/1472/1556 1583/1470/1554
f 1586/1473/1557 1587/1474/1558 1588/1475/1559
f 1587/1474/1558 1589/1476/1560 1590/1477/1561
f 1587/1474/1558 1591/1478/1562 1588/1475/1559
f 1587/1474/1558 1586/1473/1557 1592/1479/1563
f 1593/1480/1564 1594/1481/1565 1595/1482/1566
f 1594/1481/1565 1593/1480/1564 1596/1483/1567
f 1595/1482/1566 1597/1484/1568 1598/1485/1569
f 1596/1483/1567 1599/1486/1570 1600/1487/1571
f 1596/1483/1567 1601/1488/1572 1602/1489/1573
f 1599/1486/1570 1596/1483/1567 1593/1480/1564
f 1601/1488/1572 1596/1483/1567 1600/1487/1571
f 1602/1489/1573 1603/1490/1574 1604/1491/1575
f 1605/1492/1576 1606/1493/1577 1607/1494/1578
f 1606/1493/1577 1608/1495/1579 1607/1494/1578
f 1606/1493/1577 1605/1492/1576 1609/1496/1580
f 1609/1496/1580 1610/1497/1581 1611/1498/1582
f 1609/1496/1580 1612/1499/1583 1606/1493/1577
f 1608/1495/1579 1606/1493/1577 1613/1500/1584
f 1613/1500/1584 1612/1499/1583 1614/1501/1585
f 1613/1500/1584 1615/1502/1586 1608/1495/1579
f 1616/1503/1587 1617/1504/1588 1618/1505/1589
f 1617/1504/1588 1619/1506/1590 1618/1505/1589
f 1617/1504/1588 1620/1507/1591 1619/1506/1590
f 1618/1505/1589 1621/1508/1587 1616/1503/1587
f 1619/1506/1590 1622/1509/1592 1623/1510/1593
f 1624/1511/1594 1625/1512/1595 1626/1513/1596
f 1624/1511/1594 1627/1514/1597 1628/1515/1598
f 1624/1511/1594 1628/1515/1598 1629/1516/1599
f 1627/1514/1597 1630/1517/1600 1628/1515/1598
f 1629/1516/1599 1631/1518/1601 1632/1519/1602
f 1633/1520/1603 1634/1521/1604 1635/1522/1605
f 1634/1521/1604 1633/1520/1603 1636/1523/1606
f 1634/1521/1604 1637/1524/1544 1635/1522/1605
f 1636/1523/1606 1638/1525/1607 1634/1521/1604
f 1639/1526/1608 1629/1516/1599 1632/1519/1602
f 1640/1527/1609 1624/1511/1594 1629/1516/1599
f 1640/1527/1609 1629/1516/1599 1639/1526/1608
f 1637/1524/1544 1634/1521/1604 1641/1528/1610
f 1641/1528/1610 1642/1529/1611 1643/1530/1612
f 1573/1460/1544 1571/1458/1542 1568/1455/1539
f 1574/1461/1545 1644/1531/1613 1571/1458/1542
f 1585/1472/1556 1584/1471/1555 1645/1532/1614
f 1645/1532/1614 1646/1533/1615 1585/1472/1556
f 1646/1533/1615 1645/1532/1614 1647/1534/1616
f 1577/1464/1548 1575/1462/1546 1648/1535/1617
f 1648/1535/1617 1575/1462/1546 1576/1463/1547
f 1589/1476/1560 1587/1474/1558 1592/1479/1563
f 1590/1477/1561 1649/1536/1618 1587/1474/1558
f 1603/1490/1574 1602/1489/1573 1601/1488/1572
f 1579/1466/1550 1578/1465/1549 1650/1537/1619
f 1610/1497/1581 1609/1496/1580 1605/1492/1576
f 1610/1497/1581 1651/1538/1620 1611/1498/1582
f 1651/1538/1620 1652/1539/1621 1611/1498/1582
f 1651/1538/1620 1610/1497/1581 1653/1540/1564
f 1611/1498/1582 1654/1541/1622 1609/1496/1580
f 1655/1542/1623 1656/1543/1624 1657/1544/1625
f 1656/1543/1624 1658/1545/1626 1659/1546/1627
f 1656/1543/1624 1659/1546/1627 1657/1544/1625
f 1657/1544/1625 1660/1547/1623 1655/1542/1623
f 1661/1548/1628 1662/1549/1564 1663/1550/1581
f 1662/1549/1564 1661/1548/1628 1664/1551/1629
f 1615/1502/1586 1613/1500/1584 1665/1552/1630
f 1665/1552/1630 1613/1500/1584 1614/1501/1585
f 1666/1553/1631 1667/1554/1632 1668/1555/1633
f 1667/1554/1632 1666/1553/1631 1669/1556/1634
f 1669/1556/1634 1670/1557/1635 1667/1554/1632
f 1625/1512/1595 1624/1511/1594 1640/1527/1609
f 1671/1558/1636 1623/1510/1593 1622/1509/1592
f 1623/1510/1593 1671/1558/1636 1672/1559/1637
f 1622/1509/1592 1619/1506/1590 1620/1507/1591
f 1673/1560/1638 1674/1561/1639 1675/1562/1640
f 1674/1561/1639 1673/1560/1638 1676/1563/1641
f 1675/1562/1640 1677/1564/1642 1678/1565/1643
f 1679/1566/1644 1146/1089/1135 1680/1567/1645
f 1679/1566/1644 1681/1568/1646 1146/1089/1135
f 1146/1089/1135 1150/1093/1139 1142/1085/1131
f 1680/1567/1645 1146/1089/1135 1145/1088/1134
f 1145/1088/1134 1142/1085/1131 1144/1087/1133
f 1682/1569/1647 1683/1570/1648 1684/1571/1649
f 1683/1570/1648 1150/1093/1139 1681/1568/1646
f 1683/1570/1648 1682/1569/1647 1685/1572/1650
f 1684/1571/1649 1681/1568/1646 1686/1573/1651
f 1685/1572/1650 1153/1096/1142 1683/1570/1648
f 1687/1574/1652 1688/1575/1653 1689/1576/1654
f 1688/1575/1653 1690/1577/1655 1691/1578/1656
f 1688/1575/1653 1687/1574/1652 1690/1577/1655
f 1690/1577/1655 1692/1579/1657 1691/1578/1656
f 951/903/948 949/901/946 1693/1580/1658
f 1693/1580/1658 1694/1581/1659 951/903/948
f 1695/1582/1660 958/910/955 1105/1048/1096
f 1695/1582/1660 1696/1583/1661 1697/1584/1662
f 1696/1583/1661 1698/1585/1663 1697/1584/1662
f 1696/1583/1661 1695/1582/1660 1699/1586/1664
f 1697/1584/1662 1700/1587/1665 1695/1582/1660
f 1697/1584/1662 1698/1585/1663 1701/1588/1666
f 1699/1586/1664 1105/1048/1096 1106/1049/1097
f 1565/1452/1536 1562/1449/1533 1564/1451/1535
f 1175/1118/1163 1170/1113/1159 1169/1112/1158
f 1168/1111/1157 1163/1106/1152 1167/1110/1156
f 943/895/940 942/894/939 945/897/942
f 944/896/941 1099/1042/1090 942/894/939
f 1698/1585/1663 1696/1583/1661 1702/1589/1667
f 1703/1590/1668 1173/1116/1151 1172/1115/1161
f 1172/1115/1161 936/888/933 933/885/930
f 1105/1048/1096 1699/1586/1664 1695/1582/1660
f 1166/1109/1155 1163/1106/1152 1162/1105/1151
f 959/911/956 956/908/953 955/907/952
f 959/911/956 1704/1591/1669 960/912/957
f 959/911/956 958/910/955 1705/1592/1670
f 1704/1591/1669 959/911/956 1705/1592/1670
f 1705/1592/1670 1706/1593/1671 1704/1591/1669
f 1705/1592/1670 1707/1594/1672 1706/1593/1671
f 1705/1592/1670 1700/1587/1665 1707/1594/1672
f 1153/1096/1142 1685/1572/1650 1157/1100/1146
f 1153/1096/1142 1154/1097/1143 1152/1095/1141
f 1559/1446/1530 1130/1073/1119 1708/1595/1673
f 1708/1595/1673 1130/1073/1119 1129/1072/1118
f 1177/1120/1165 1028/975/1022 1179/1122/1167
f 1179/1122/1167 1178/1121/1166 1503/1401/1473
f 1179/1122/1167 1503/1401/1473 1502/1400/1472
f 1178/1121/1166 1028/975/1022 1176/1119/1164
f 1500/1120/1471 1499/1400/1470 1498/1399/1469
f 1709/1596/1674 1710/1165/1675 1227/1168/1215
f 1709/1596/1674 1711/1597/1676 1712/1598/1677
f 1711/1597/1676 1227/1168/1215 1226/1167/1214
f 1711/1597/1676 1709/1596/1674 1227/1168/1215
f 1710/1165/1675 1709/1596/1674 1713/1599/1675
f 1224/1165/1212 1223/1164/1211 1714/1168/1212
f 1125/1068/1114 1557/1444/1528 1118/1061/1109
f 1125/1068/1114 1121/1064/1111 1715/1101/1678
f 1217/1158/1205 1716/1600/1678 1218/1159/1206
f 1216/1157/1204 1214/1155/1202 1209/1150/1197
f 1158/1101/1147 1124/1067/1113 1717/1601/1150
f 1160/1103/1149 1197/1139/1185 1161/1104/1150
f 1160/1103/1149 1061/1008/1055 1159/1102/1148
f 1161/1104/1150 1199/1141/1187 1718/1602/1679
f 1719/1603/1680 1720/1604/1681 1721/1605/1682
f 1719/1603/1680 1722/1606/1683 1723/1607/1684
f 1720/1604/1681 1719/1603/1680 1723/1607/1684
f 1720/1604/1681 1723/1607/1684 1448/1357/1421
f 1723/1607/1684 1447/1356/1420 1448/1357/1421
f 1722/1606/1683 1719/1603/1680 1724/1608/1058
f 1725/1607/1685 1452/1359/1425 1449/1356/1422
f 1725/1607/1685 1726/1606/1685 1452/1359/1425
f 1034/981/1028 1021/968/1015 1036/983/1030
f 1036/983/1030 1444/1353/1417 1034/981/1028
f 1036/983/1030 1035/982/1029 1446/1355/1419
f 1035/982/1029 1021/968/1015 1033/980/1027
f 1727/1609/1686 1728/1610/1687 1729/1611/1688
f 1727/1609/1686 1730/1612/1689 1731/1613/1412
f 1728/1610/1687 1727/1609/1686 1731/1613/1412
f 1730/1612/1689 1727/1609/1686 1732/1614/1690
f 1439/1348/1412 1440/1349/1413 1436/1345/1409
f 1438/1347/1411 1436/1345/1409 1437/1346/1410
f 1002/949/998 995/944/991 994/943/990
f 1003/950/999 1432/1343/1405 1431/1342/1404
f 1000/948/996 999/943/995 998/947/994
f 1000/948/996 1433/1343/1406 1001/949/997
f 1476/1379/1449 1733/1615/1691 1475/1378/1448
f 1733/1615/1691 1476/1379/1449 1734/1616/1692
f 1733/1615/1691 1472/1375/1445 1475/1378/1448
f 1472/1375/1445 1733/1615/1691 1735/1617/1693
f 1472/1375/1445 1471/1374/1444 1475/1378/1448
f 1736/1618/1694 1467/1370/1440 1737/1619/1695
f 1736/1618/1694 1470/1373/1443 1468/1371/1441
f 1467/1370/1440 1736/1618/1694 1468/1371/1441
f 1467/1370/1440 1465/1368/1438 1466/1369/1439
f 1468/1371/1441 1469/1372/1442 1465/1368/1438
f 1470/1373/1443 1736/1618/1694 1738/1620/1696
f 1384/1300/1363 1011/958/1006 1383/1299/1362
f 1383/1299/1362 1382/1298/1361 1464/1367/1437
f 1382/1298/1361 1011/958/1006 1009/956/1004
f 1051/998/1045 1025/972/1019 1050/997/1044
f 1050/997/1044 1049/996/1043 1456/1362/1429
f 1049/996/1043 1025/972/1019 1022/969/1016
f 1019/966/1013 1739/1396/1697 1009/956/1004
f 1019/966/1013 1009/956/1004 1008/955/1003
f 1019/966/1013 1018/965/1012 1497/1398/1468
f 1018/965/1012 1008/955/1003 1016/963/1011
f 1493/1396/1465 1492/1395/1464 1491/1394/1463
f 1740/1621/1698 1741/1622/1699 1742/1623/1700
f 1741/1622/1699 1740/1621/1698 1743/1624/1701
f 1741/1622/1699 1744/1625/1702 1742/1623/1700
f 1744/1625/1702 1741/1622/1699 1745/1626/1703
f 1490/1393/1462 1746/1627/1704 1489/1392/1461
f 1490/1393/1462 1487/1390/1459 1488/1391/1460
f 1747/1628/1705 1490/1393/1462 1488/1391/1460
f 989/938/985 986/935/982 987/936/983
f 989/938/985 1486/1389/1458 980/929/976
f 1486/1389/1458 1485/1388/1457 1484/1387/1456
f 1048/995/1042 988/937/984 1479/1382/1041
f 1048/995/1042 1485/1388/1457 989/938/985
f 1048/995/1042 989/938/985 987/936/983
f 1479/1382/1041 1478/1381/1451 1048/995/1042
f 1047/994/1041 1046/993/1040 1483/1386/1455
f 1483/1386/1455 1482/1385/1454 1047/994/1041
f 1748/1629/1706 1749/1630/1707 1750/1631/1708
f 1749/1630/1707 1748/1629/1706 1751/1632/1709
f 1750/1631/1708 1752/1633/1710 1753/1634/1711
f 1750/1631/1708 1753/1634/1711 1748/1629/1706
f 1751/1632/1709 1754/1635/1712 1749/1630/1707
f 1755/1636/1713 1756/1637/1714 1757/1638/1715
f 1756/1637/1714 1755/1636/1713 1758/1639/1716
f 1756/1637/1714 1759/1640/1717 1757/1638/1715
f 1758/1639/1716 1760/1641/1718 1761/1642/1719
f 1762/1643/1720 1763/1644/1721 1764/1645/1722
f 1762/1643/1720 1764/1645/1722 1765/1646/1723
f 1762/1643/1720 1766/1647/1724 1767/1648/1725
f 1763/1644/1721 1768/1649/1726 1769/1650/1727
f 1763/1644/1721 1769/1650/1727 1764/1645/1722
f 1770/1651/1728 1771/1652/1729 1772/1653/1730
f 1771/1652/1729 1770/1651/1728 1773/1654/1731
f 1772/1653/1730 1774/1655/1732 1775/1656/1733
f 1773/1654/1731 1776/1657/1734 1777/1658/1735
f 1778/1659/1736 1779/1660/1737 1780/1661/1738
f 1778/1659/1736 1781/1662/1739 1782/1663/1740
f 1778/1659/1736 1780/1661/1738 1783/1664/1741
f 1781/1662/1739 1784/1665/1742 1782/1663/1740
f 1781/1662/1739 1785/1666/1743 1784/1665/1742
f 1781/1662/1739 1778/1659/1736 1783/1664/1741
f 1784/1665/1742 1786/1667/1744 1787/1668/1745
f 1766/1647/1724 1762/1643/1720 1765/1646/1723
f 1767/1648/1725 1788/1669/1746 1789/1670/1747
f 1790/1671/1748 1791/1672/1749 1792/1673/1750
f 1790/1671/1748 1792/1673/1750 1793/1674/1751
f 1792/1673/1750 1789/1670/1747 1788/1669/1746
f 1780/1661/1738 1794/1675/1752 1795/1676/1753
f 1794/1675/1752 1780/1661/1738 1779/1660/1737
f 1795/1676/1753 1796/1677/1754 1797/1678/1755
f 1798/1679/1756 1793/1674/1751 1754/1635/1712
f 1798/1679/1756 1790/1671/1748 1793/1674/1751
f 1754/1635/1712 1751/1632/1709 1798/1679/1756
f 1799/1680/1757 1800/1681/1758 1801/1682/1759
f 1800/1681/1758 1797/1678/1755 1796/1677/1754
f 1800/1681/1758 1799/1680/1757 1802/1683/1760
f 1801/1682/1759 1803/1684/1761 1804/1685/1762
f 1801/1682/1759 1804/1685/1762 1799/1680/1757
f 1803/1684/1761 1805/1686/1763 1806/1687/1764
f 1803/1684/1761 1806/1687/1764 1804/1685/1762
f 1768/1649/1726 1777/1658/1735 1776/1657/1734
f 1788/1669/1746 1767/1648/1725 1766/1647/1724
f 1789/1670/1747 1792/1673/1750 1791/1672/1749
f 1796/1677/1754 1795/1676/1753 1794/1675/1752
f 1797/1678/1755 1800/1681/1758 1802/1683/1760
f 1807/1688/1765 1808/1689/1766 1809/1690/1767
f 1808/1689/1766 1807/1688/1765 1810/1691/1768
f 1808/1689/1766 1811/1692/1769 1812/1693/1770
f 1811/1692/1769 1808/1689/1766 1810/1691/1768
f 1812/1693/1770 1813/1694/1771 1814/1695/1772
f 1812/1693/1770 1811/1692/1769 1813/1694/1771
f 1815/1696/1773 1816/1697/1774 1817/1698/1775
f 1816/1697/1774 1818/1699/1776 1819/1700/1777
f 1816/1697/1774 1815/1696/1773 1820/1701/1778
f 1818/1699/1776 1816/1697/1774 1820/1701/1778
f 1819/1700/1777 1821/1702/1779 1822/1703/1780
f 1819/1700/1777 1818/1699/1776 1821/1702/1779
f 1823/1704/1781 1824/1705/1782 1825/1706/1783
f 1825/1706/1783 1824/1705/1782 1826/1707/1784
f 1826/1707/1784 1827/1708/1785 1828/1709/1786
f 1829/1710/1781 1830/1711/1787 1817/1698/1775
f 1830/1711/1787 1815/1696/1773 1817/1698/1775
f 1821/1702/1779 1831/1712/1788 1832/1713/1789
f 1822/1703/1780 1821/1702/1779 1832/1713/1789
f 1833/1714/1790 1834/1715/1791 1835/1716/1792
f 1833/1714/1790 1836/1717/1793 1837/1718/1794
f 1834/1715/1791 1833/1714/1790 1837/1718/1794
f 1835/1716/1792 1838/1719/1795 1839/1720/1796
f 1835/1716/1792 1834/1715/1791 1838/1719/1795
f 1836/1717/1793 1833/1714/1790 1840/1721/1797
f 1841/1722/1798 1842/1723/1799 1843/1724/1800
f 1842/1723/1799 1841/1722/1798 1844/1725/1801
f 1843/1724/1800 1827/1708/1785 1841/1722/1798
f 1845/1726/1802 1846/1727/1803 1809/1690/1767
f 1846/1727/1803 1807/1688/1765 1809/1690/1767
f 1827/1708/1785 1843/1724/1800 1828/1709/1786
f 1827/1708/1785 1826/1707/1784 1824/1705/1782
f 1847/1728/1804 1775/1656/1733 1774/1655/1732
f 1775/1656/1733 1847/1728/1804 1848/1729/1805
f 1774/1655/1732 1772/1653/1730 1771/1652/1729
f 1848/1729/1805 1753/1634/1711 1752/1633/1710
f 1760/1641/1718 1758/1639/1716 1755/1636/1713
f 1761/1642/1719 1806/1687/1764 1805/1686/1763
f 1776/1657/1734 1773/1654/1731 1770/1651/1728
f 1776/1657/1734 1769/1650/1727 1768/1649/1726
f 1753/1634/1711 1848/1729/1805 1847/1728/1804
f 1786/1667/1744 1784/1665/1742 1785/1666/1743
f 1786/1667/1744 1849/1730/1806 1850/1731/1807
f 1850/1731/1807 1787/1668/1745 1786/1667/1744
f 1851/1732/1808 1849/1730/1806 1759/1640/1717
f 1851/1732/1808 1850/1731/1807 1849/1730/1806
f 1759/1640/1717 1756/1637/1714 1851/1732/1808
f 1806/1687/1764 1761/1642/1719 1760/1641/1718
f 1852/1733/1809 198/197/199 194/193/195
f 1852/1733/1809 1853/1734/1810 198/197/199
f 1852/1733/1809 194/193/195 253/252/254
f 1853/1734/1810 1852/1733/1809 299/298/300
f 299/298/300 298/297/299 1853/1734/1810
f 1507/1405/1477 1504/1402/1474 1516/1414/1486
f 1507/1405/1477 1516/1414/1486 1515/1413/1485
f 1521/1419/1491 1854/1735/1811 1533/1431/1503
f 1521/1419/1491 1518/1416/1488 1854/1735/1811
f 1854/1735/1811 1531/1429/1501 1533/1431/1503
f 1855/1736/1812 1856/1424/1813 1857/1427/1814
f 1856/1424/1813 1858/1737/1815 1859/1428/1816
f 1856/1424/1813 1855/1736/1812 1860/1738/1817
f 1857/1427/1814 1861/1739/1818 1855/1736/1812
f 124/123/125 123/122/124 1862/1740/1819
f 1863/1741/1820 1864/1742/1821 1865/1743/1822
f 1864/1742/1821 1866/1744/1823 1865/1743/1822
f 1865/1743/1822 1867/1745/1824 1868/1746/1825
f 1869/1747/1826 1870/1748/1827 1871/1749/1828
f 1869/1747/1826 1872/1750/1829 1870/1748/1827
f 1870/1748/1827 1873/1751/1830 1874/1752/1831
f 1875/1743/1832 1876/1753/1833 1877/1754/1834
f 1876/1753/1833 1875/1743/1832 1878/1746/1835
f 1876/1753/1833 1878/1746/1835 1879/1755/1836
f 1878/1746/1835 1880/1756/1837 1879/1755/1836
f 285/284/286 279/278/280 287/286/288
f 15/15/15 13/13/13 10/10/10
f 1873/1751/1830 1870/1748/1827 1872/1750/1829
f 1881/1757/1838 1882/1758/1839 1883/1759/1840
f 1881/1757/1838 1883/1759/1840 1884/1760/1841
f 82/81/83 1885/1761/1842 1886/1762/1843
f 82/81/83 78/77/79 77/76/78
f 104/103/105 101/100/102 203/202/204
f 99/98/100 94/93/95 101/100/102
f 205/204/206 203/202/204 204/203/205
f 272/271/273 269/268/270 1887/1763/1844
f 272/271/273 271/270/272 270/269/271
f 180/179/181 149/148/150 183/182/184
f 180/179/181 204/203/205 146/145/147
f 29/29/29 28/28/28 34/34/34
f 34/34/34 18/18/18 17/17/17
f 95/94/96 92/91/93 94/93/95
f 1888/1764/1845 1889/1765/1846 1890/1766/1847
f 1889/1765/1846 1888/1764/1845 1891/1767/1848
f 1889/1765/1846 1612/1499/1583 1892/1768/1849
f 1890/1766/1847 1889/1765/1846 1892/1768/1849
f 1890/1766/1847 1892/1768/1849 1893/1769/1850
f 1891/1767/1848 1614/1501/1585 1889/1765/1846
f 1894/1770/1851 1895/1771/1852 1896/1772/1853
f 1895/1771/1852 1894/1770/1851 1897/1773/1854
f 1896/1772/1853 1895/1771/1852 1670/1557/1635
f 1898/1774/1855 1899/1775/1856 1900/1776/1857
f 1899/1775/1856 1898/1774/1855 1901/1777/1858
f 1902/1778/1859 1903/1779/1860 1904/1780/1861
f 1903/1779/1860 1902/1778/1859 1905/1781/1862
f 1905/1781/1862 1654/1541/1622 1906/1782/1863
f 1905/1781/1862 1652/1539/1621 1907/1783/1864
f 1908/1784/1865 1909/1785/1866 1910/1786/1867
f 1909/1785/1866 1908/1784/1865 1911/1787/1868
f 1909/1785/1866 1572/1459/1543 1912/1788/1869
f 1910/1786/1867 1909/1785/1866 1912/1788/1869
f 1910/1786/1867 1912/1788/1869 1913/1789/1870
f 1911/1787/1868 1576/1463/1547 1909/1785/1866
f 1914/1790/1871 1915/1791/1872 1916/1792/1873
f 1915/1791/1872 1914/1790/1871 1917/1793/1874
f 1917/1793/1874 1649/1536/1618 1918/1794/1875
f 1919/1795/1876 1920/1796/1877 1921/1797/1878
f 1919/1795/1876 1638/1525/1607 1922/1798/1879
f 1920/1796/1877 1919/1795/1876 1923/1799/1880
f 1921/1797/1878 1642/1529/1611 1919/1795/1876
f 1924/1800/1881 1925/1801/1882 1926/1802/1883
f 1925/1801/1882 1924/1800/1881 1927/1803/1884
f 1927/1803/1884 1644/1531/1613 1928/1804/1885
f 947/899/944 946/898/943 950/902/947
f 948/900/945 1630/1517/1600 1929/1805/1886
f 1930/1806/1887 1923/1799/1880 1922/1798/1879
f 1922/1798/1879 1923/1799/1880 1919/1795/1876
f 1893/1769/1850 1892/1768/1849 1904/1780/1861
f 1892/1768/1849 1902/1778/1859 1904/1780/1861
f 1892/1768/1849 1612/1499/1583 1902/1778/1859
f 1931/1807/1888 1932/1808/1889 1916/1792/1873
f 1932/1808/1889 1914/1790/1871 1916/1792/1873
f 1932/1808/1889 1591/1478/1562 1914/1790/1871
f 1933/1809/1890 1934/1810/1891 1935/1811/1892
f 1933/1809/1890 1936/1812/1893 1937/1813/1894
f 1933/1809/1890 1937/1813/1894 1934/1810/1891
f 1936/1812/1893 1597/1484/1568 1937/1813/1894
f 1913/1789/1870 1912/1788/1869 1926/1802/1883
f 1912/1788/1869 1924/1800/1881 1926/1802/1883
f 1912/1788/1869 1572/1459/1543 1924/1800/1881
f 1938/1814/1895 1939/1815/1896 1940/1816/1897
f 1939/1815/1896 1941/1817/1898 1942/1818/1899
f 1939/1815/1896 1938/1814/1895 1943/1819/1900
f 1940/1816/1897 1944/1820/1901 1938/1814/1895
f 1941/1817/1898 1939/1815/1896 1943/1819/1900
f 1942/1818/1899 1945/1821/1902 1946/1822/1903
f 1945/1821/1902 1942/1818/1899 1941/1817/1898
f 1944/1820/1901 1940/1816/1897 1947/1823/1904
f 1659/1546/1627 1948/1824/1905 1949/1825/1906
f 1950/1826/1581 1951/1827/1907 1952/1828/1908
f 1951/1827/1907 1950/1826/1581 1953/1829/1909
f 1954/1830/1910 1955/1831/1911 1956/1832/1912
f 1954/1830/1910 1957/1833/1913 1955/1831/1911
f 1958/1834/1914 1949/1825/1906 1948/1824/1905
f 1949/1825/1906 1958/1834/1914 1959/1835/1914
f 1948/1824/1905 1659/1546/1627 1658/1545/1626
f 1960/1836/1915 1961/1837/1916 1962/1838/1917
f 1960/1836/1915 1962/1838/1917 1963/1839/1918
f 932/884/929 930/882/927 929/881/926
f 1148/1091/1137 1151/1094/1140 1964/1840/1919
f 1694/1581/1659 1693/1580/1658 1965/1841/1920
f 1966/1842/1921 1967/1843/1922 1968/1844/1923
f 1966/1842/1921 1969/1845/1924 1967/1843/1922
f 1677/1564/1642 1970/1846/1925 1971/1847/1926
f 1677/1564/1642 1675/1562/1640 1674/1561/1639
f 1678/1565/1643 1677/1564/1642 1971/1847/1926
f 1972/1848/1927 1973/1849/1928 1974/1850/1929
f 1973/1849/1928 1975/1851/1930 1974/1850/1929
f 1707/1594/1672 1701/1588/1666 1976/1852/1931
f 1977/1853/1932 1978/1854/1933 1676/1563/1641
f 1977/1853/1932 1676/1563/1641 1673/1560/1638
f 1979/1855/1934 1980/1856/1935 1978/1854/1933
f 1979/1855/1934 1978/1854/1933 1977/1853/1932
f 1981/1857/1936 952/904/949 1982/1858/1937
f 1982/1858/1937 952/904/949 946/898/943
f 1935/1811/1892 1961/1837/1916 1960/1836/1915
f 1935/1811/1892 1934/1810/1891 1961/1837/1916
f 1983/1859/1938 1933/1809/1890 1935/1811/1892
f 1691/1578/1656 1692/1579/1657 1972/1848/1927
f 1692/1579/1657 1973/1849/1928 1972/1848/1927
f 1984/1860/1939 1985/1861/1940 1986/1862/1941
f 1984/1860/1939 1987/1863/1942 1988/1864/1943
f 1984/1860/1939 1989/1865/1944 1987/1863/1942
f 1990/1866/1945 1991/1867/1946 1992/1868/1947
f 1990/1866/1945 1993/1869/1948 1994/1870/1949
f 1991/1867/1946 1990/1866/1945 1994/1870/1949
f 1994/1870/1949 1995/1871/1950 1991/1867/1946
f 1995/1871/1950 1994/1870/1949 1996/1872/1951
f 1996/1872/1951 1986/1862/1941 1985/1861/1940
f 1997/1873/1952 1998/1874/1953 1984/1860/1939
f 1997/1873/1952 1986/1862/1941 1993/1869/1948
f 1998/1874/1953 1989/1865/1944 1984/1860/1939
f 1986/1862/1941 1997/1873/1952 1984/1860/1939
f 1986/1862/1941 1996/1872/1951 1994/1870/1949
f 1993/1869/1948 1986/1862/1941 1994/1870/1949
f 1985/1861/1940 1984/1860/1939 1988/1864/1943
f 1999/1875/1954 2000/1876/1955 2001/1877/1956
f 2000/1876/1955 1999/1875/1954 2002/1878/1957
f 2003/1879/1958 257/256/258 256/255/257
f 256/255/257 218/217/219 217/216/218
f 2004/1880/1959 257/256/258 2003/1879/1958
f 244/243/245 241/240/242 240/239/241
f 2005/1881/1960 2006/1882/1961 2007/1883/1962
f 2006/1882/1961 2005/1881/1960 2008/1884/1963
f 2007/1883/1962 2009/1885/1964 2010/1886/1965
f 2009/1885/1964 2007/1883/1962 2006/1882/1961
f 2009/1885/1964 2011/1887/1966 2012/1888/1967
f 2013/1889/1968 2012/1888/1967 2011/1887/1966
f 2012/1888/1967 2010/1886/1965 2009/1885/1964
f 2011/1887/1966 2014/1890/1969 2013/1889/1968
f 2015/1891/1970 2004/1880/1959 2003/1879/1958
f 2015/1891/1970 2003/1879/1958 2016/1892/1971
f 2017/1893/1972 2015/1891/1970 2016/1892/1971
f 2017/1893/1972 2016/1892/1971 249/248/250
f 249/248/250 248/247/249 2017/1893/1972
f 213/212/214 212/211/213 219/218/220
f 214/213/215 252/251/253 251/250/252
f 236/235/237 233/232/234 2018/1894/1973
f 2019/1895/1974 2020/1896/1975 2021/1897/1976
f 2019/1895/1974 2022/1898/1977 2023/1899/1978
f 2024/1900/1979 2023/1899/1978 2022/1898/1977
f 2024/1900/1979 2025/1901/1980 2026/1902/1981
f 2020/1896/1975 2019/1895/1974 2023/1899/1978
f 2020/1896/1975 2027/1903/1982 2021/1897/1976
f 2027/1903/1982 2028/1904/1983 2021/1897/1976
f 2025/1901/1980 2024/1900/1979 2022/1898/1977
f 2029/1905/1984 2030/1906/1985 2031/1907/1986
f 2030/1906/1985 2029/1905/1984 2032/1908/1987
f 117/116/118 197/196/198 113/112/114
f 253/252/254 194/193/195 197/196/198
f 2033/1909/1988 2034/1910/1989 2035/1911/1990
f 2033/1909/1988 2036/1912/1991 2034/1910/1989
f 2036/1912/1991 2037/1913/1992 2034/1910/1989
f 2038/1914/1993 2034/1910/1989 2037/1913/1992
f 1572/1459/1543 1575/1462/1546 1569/1456/1540
f 1572/1459/1543 1644/1531/1613 1924/1800/1881
f 1572/1459/1543 1571/1458/1542 1644/1531/1613
f 1572/1459/1543 1909/1785/1866 1576/1463/1547
f 1576/1463/1547 1911/1787/1868 2039/1915/1994
f 1644/1531/1613 1574/1461/1545 1928/1804/1885
f 1644/1531/1613 1927/1803/1884 1924/1800/1881
f 1597/1484/1568 1936/1812/1893 1598/1485/1569
f 1597/1484/1568 1595/1482/1566 1594/1481/1565
f 1591/1478/1562 1587/1474/1558 1649/1536/1618
f 1591/1478/1562 1649/1536/1618 1914/1790/1871
f 1649/1536/1618 1590/1477/1561 1918/1794/1875
f 1649/1536/1618 1917/1793/1874 1914/1790/1871
f 1612/1499/1583 1609/1496/1580 1654/1541/1622
f 1612/1499/1583 1654/1541/1622 1902/1778/1859
f 1612/1499/1583 1613/1500/1584 1606/1493/1577
f 1612/1499/1583 1889/1765/1846 1614/1501/1585
f 1614/1501/1585 1891/1767/1848 2040/1916/1995
f 1654/1541/1622 1905/1781/1862 1902/1778/1859
f 1654/1541/1622 1611/1498/1582 1906/1782/1863
f 1638/1525/1607 1642/1529/1611 1634/1521/1604
f 1638/1525/1607 1919/1795/1876 1642/1529/1611
f 1642/1529/1611 1921/1797/1878 1643/1530/1612
f 1642/1529/1611 1641/1528/1610 1634/1521/1604
f 1630/1517/1600 1627/1514/1597 1929/1805/1886
f 1630/1517/1600 948/900/945 947/899/944
f 2039/1915/1994 1648/1535/1617 1576/1463/1547
f 1906/1782/1863 1611/1498/1582 1652/1539/1621
f 1652/1539/1621 1905/1781/1862 1906/1782/1863
f 2041/1917/1996 1896/1772/1853 1670/1557/1635
f 1670/1557/1635 1669/1556/1634 2041/1917/1996
f 2040/1916/1995 1665/1552/1630 1614/1501/1585
f 1099/1042/1090 1098/1041/1089 1095/1038/1086
f 1099/1042/1090 1095/1038/1086 928/880/925
f 1099/1042/1090 944/896/941 1100/1043/1091
f 928/880/925 942/894/939 1099/1042/1090
f 928/880/925 1109/1052/1100 931/883/928
f 928/880/925 931/883/928 929/881/926
f 931/883/928 2042/1918/1997 932/884/929
f 931/883/928 1127/1070/1116 2042/1918/1997
f 1681/1568/1646 1684/1571/1649 1683/1570/1648
f 1681/1568/1646 1679/1566/1644 1686/1573/1651
f 1134/1077/1123 2043/1919/1998 1564/1451/1535
f 1134/1077/1123 1132/1075/1121 2044/1920/1999
f 2043/1919/1998 1134/1077/1123 2044/1920/1999
f 1151/1094/1140 1148/1091/1137 1147/1090/1136
f 1151/1094/1140 1156/1099/1145 1964/1840/1919
f 1150/1093/1139 1147/1090/1136 1142/1085/1131
f 1150/1093/1139 1152/1095/1141 1151/1094/1140
f 1150/1093/1139 1146/1089/1135 1681/1568/1646
f 1150/1093/1139 1683/1570/1648 1153/1096/1142
f 957/909/954 954/906/951 2045/1921/2000
f 957/909/954 1102/1045/1093 958/910/955
f 958/910/955 955/907/952 957/909/954
f 958/910/955 1695/1582/1660 1700/1587/1665
f 958/910/955 1700/1587/1665 1705/1592/1670
f 1700/1587/1665 2046/1922/2001 1707/1594/1672
f 1700/1587/1665 1697/1584/1662 2046/1922/2001
f 2045/1921/2000 1103/1046/1094 957/909/954
f 2046/1922/2001 1697/1584/1662 1701/1588/1666
f 1701/1588/1666 1707/1594/1672 2046/1922/2001
f 1129/1072/1118 1128/1071/1117 1134/1077/1123
f 1129/1072/1118 1134/1077/1123 1564/1451/1535
f 1129/1072/1118 1566/1453/1537 2047/1923/2002
f 1129/1072/1118 2047/1923/2002 1708/1595/1673
f 2048/1924/2003 2049/1741/2004 2050/1925/2005
f 2049/1741/2004 2048/1924/2003 2051/1926/2006
f 2049/1741/2004 1875/1743/1832 1877/1754/1834
f 2050/1925/2005 2049/1741/2004 1877/1754/1834
f 2052/1415/2007 1541/1435/1511 1540/1413/1510
f 1867/1745/1824 1865/1743/1822 1866/1744/1823
f 1554/1442/1525 1553/1417/1524 1551/1441/1521
f 1858/1737/1815 1856/1424/1813 1860/1738/1817
f 1544/1437/1514 1543/1403/1513 1542/1436/1512
f 2053/1430/2008 1550/1440/1520 1549/1431/1519
f 2054/1927/2009 2055/1928/2010 2056/1929/2011
f 2056/1929/2011 2057/1930/2012 2054/1927/2009
f 1861/1739/1818 1857/1427/1814 2058/1432/2013
f 2059/1931/2014 166/165/167 169/168/170
f 2059/1931/2014 169/168/170 2060/1932/2015
f 169/168/170 4/4/4 247/246/248
f 2060/1932/2015 247/246/248 2061/1933/2016
f 2062/1934/2017 2063/1935/2018 2064/1936/2019
f 2063/1935/2018 2065/1937/2020 2066/1938/2021
f 2063/1935/2018 2067/1939/2022 2065/1937/2020
f 2063/1935/2018 2062/1934/2017 2068/1940/2023
f 2064/1936/2019 2066/1938/2021 2069/1941/2024
f 2064/1936/2019 2063/1935/2018 2066/1938/2021
f 2068/1940/2023 2070/1942/2025 2071/1943/2026
f 2068/1940/2023 2072/1944/2027 2067/1939/2022
f 24/24/24 187/186/188 22/22/22
f 187/186/188 26/26/26 22/22/22
f 2066/1938/2021 2073/1945/2028 2074/1946/2029
f 2066/1938/2021 2075/1947/2030 2069/1941/2024
f 2075/1947/2030 2076/1948/2031 2077/1949/2032
f 2075/1947/2030 2066/1938/2021 2074/1946/2029
f 2069/1941/2024 2075/1947/2030 2077/1949/2032
f 2069/1941/2024 2078/1950/2033 2064/1936/2019
f 2074/1946/2029 2079/1951/2034 2075/1947/2030
f 2080/1952/2035 2081/1953/2036 2082/1954/2037
f 2080/1952/2035 2083/1955/2038 2084/1956/2039
f 2080/1952/2035 2085/1957/2040 2083/1955/2038
f 2081/1953/2036 2080/1952/2035 2084/1956/2039
f 2082/1954/2037 2086/1958/2041 2080/1952/2035
f 2084/1956/2039 2083/1955/2038 2087/1959/2042
f 2088/1960/2043 2089/1961/2044 2090/1962/2045
f 2089/1961/2044 2091/1963/2046 2092/1964/2047
f 2089/1961/2044 2088/1960/2043 2093/1965/2048
f 2085/1957/2040 2080/1952/2035 2086/1958/2041
f 2085/1957/2040 2094/1966/2049 2083/1955/2038
f 2086/1958/2041 2082/1954/2037 2095/1967/2050
f 2086/1958/2041 2096/1968/2051 2085/1957/2040
f 2097/1969/2052 2096/1968/2051 2086/1958/2041
f 2097/1969/2052 2095/1967/2050 2098/1970/2053
f 2096/1968/2051 2099/1971/2054 2085/1957/2040
f 2100/1972/2055 65/64/66 59/58/60
f 2100/1972/2055 2101/1973/2056 67/66/68
f 2100/1972/2055 59/58/60 136/135/137
f 136/135/137 61/60/62 135/134/136
f 136/135/137 2102/1974/2057 2100/1972/2055
f 74/73/75 2103/1975/2058 2104/1976/2059
f 70/69/71 1885/1761/1842 77/76/78
f 70/69/71 2104/1976/2059 2105/1977/2060
f 2105/1977/2060 1885/1761/1842 70/69/71
f 2105/1977/2060 2106/1978/2061 2107/1979/2062
f 1885/1761/1842 82/81/83 77/76/78
f 1885/1761/1842 2105/1977/2060 2108/1980/2063
f 2104/1976/2059 70/69/71 74/73/75
f 87/86/88 86/85/87 106/105/107
f 2109/1981/2064 2110/1982/2065 2111/1983/2066
f 2109/1981/2064 2112/1984/2067 2110/1982/2065
f 2112/1984/2067 2113/1985/2068 2110/1982/2065
f 2112/1984/2067 2114/1986/2069 2115/1987/2070
f 2110/1982/2065 2116/1988/2071 2117/1989/2072
f 2111/1983/2066 2118/1990/2073 2109/1981/2064
f 2114/1986/2069 2119/1991/2074 2120/1992/2075
f 2114/1986/2069 2112/1984/2067 2109/1981/2064
f 2115/1987/2070 2120/1992/2075 2121/1993/2076
f 2115/1987/2070 2122/1994/2077 2112/1984/2067
f 846/807/844 106/105/107 91/90/92
f 846/807/844 107/106/108 211/210/212
f 2123/1995/2078 2124/1996/2079 2125/1997/2080
f 2123/1995/2078 2126/1998/2081 2127/1999/2082
f 2124/1996/2079 2128/2000/2083 2125/1997/2080
f 2124/1996/2079 2129/2001/2084 2130/2002/2085
f 2125/1997/2080 2131/2003/2086 2126/1998/2081
f 2128/2000/2083 2132/2004/2087 2125/1997/2080
f 2128/2000/2083 2130/2002/2085 2133/2005/2088
f 2130/2002/2085 2128/2000/2083 2124/1996/2079
f 2133/2005/2088 2134/2006/2089 2128/2000/2083
f 2129/2001/2084 2124/1996/2079 2135/2007/2090
f 2129/2001/2084 2136/2008/2091 2137/2009/2092
f 2136/2008/2091 2129/2001/2084 2135/2007/2090
f 2137/2009/2092 2138/2010/2093 2139/2011/2094
f 2135/2007/2090 2124/1996/2079 2123/1995/2078
f 2140/2012/2095 135/134/136 2141/2013/2096
f 2140/2012/2095 136/135/137 135/134/136
f 135/134/136 134/133/135 2142/2014/2097
f 2141/2013/2096 2143/2015/2098 2144/2016/2099
f 2141/2013/2096 135/134/136 2142/2014/2097
f 2142/2014/2097 2145/2017/2100 2146/2018/2101
f 2142/2014/2097 2146/2018/2101 2143/2015/2098
f 134/133/135 2147/2019/2102 2142/2014/2097
f 134/133/135 61/60/62 137/136/138
f 134/133/135 137/136/138 2148/2020/2103
f 2149/2021/2104 2150/2022/2105 2151/2023/2106
f 2150/2022/2105 2149/2021/2104 2152/2024/2107
f 2150/2022/2105 2153/2025/2108 2154/2026/2109
f 2151/2023/2106 2155/2027/2110 2156/2028/2111
f 2151/2023/2106 2150/2022/2105 2154/2026/2109
f 2152/2024/2107 2157/2029/2112 2150/2022/2105
f 2153/2025/2108 2150/2022/2105 2158/2030/2113
f 2153/2025/2108 2159/2031/2114 2160/2032/2115
f 2154/2026/2109 2161/2033/2116 2162/2034/2117
f 2158/2030/2113 2150/2022/2105 2157/2029/2112
f 2159/2031/2114 2122/1994/2077 2160/2032/2115
f 2159/2031/2114 2113/1985/2068 2122/1994/2077
f 2159/2031/2114 2153/2025/2108 2158/2030/2113
f 2160/2032/2115 2161/2033/2116 2153/2025/2108
f 2163/2035/2118 2164/2036/2119 2165/2037/2120
f 2163/2035/2118 2166/2038/2121 2167/2039/2122
f 2164/2036/2119 2163/2035/2118 2167/2039/2122
f 2167/2039/2122 2166/2038/2121 2168/2040/2123
f 2167/2039/2122 2168/2040/2123 2169/2041/2124
f 2061/1933/2016 307/306/308 2170/2042/2125
f 307/306/308 68/67/69 67/66/68
f 307/306/308 2061/1933/2016 247/246/248
f 2170/2042/2125 307/306/308 67/66/68
f 247/246/248 2060/1932/2015 169/168/170
f 247/246/248 162/161/163 307/306/308
f 864/821/861 76/75/77 863/820/860
f 864/821/861 74/73/75 69/68/70
f 174/173/175 207/206/208 172/171/173
f 207/206/208 176/175/177 172/171/173
f 2155/2027/2110 2162/2034/2117 2171/2043/2126
f 2155/2027/2110 2151/2023/2106 2154/2026/2109
f 2162/2034/2117 2155/2027/2110 2154/2026/2109
f 2162/2034/2117 2172/2044/2127 2173/2045/2128
f 2162/2034/2117 2173/2045/2128 2171/2043/2126
f 2171/2043/2126 2174/2046/2129 2155/2027/2110
f 2171/2043/2126 2175/2047/2130 2079/1951/2034
f 2079/1951/2034 2074/1946/2029 2174/2046/2129
f 2174/2046/2129 2176/2048/2131 2156/2028/2111
f 2174/2046/2129 2171/2043/2126 2079/1951/2034
f 2174/2046/2129 2156/2028/2111 2155/2027/2110
f 186/185/187 174/173/175 171/170/172
f 2067/1939/2022 2063/1935/2018 2068/1940/2023
f 192/191/193 20/20/20 191/190/192
f 21/21/21 24/24/24 19/19/19
f 2073/1945/2028 2176/2048/2131 2074/1946/2029
f 2073/1945/2028 2066/1938/2021 2065/1937/2020
f 2176/2048/2131 2174/2046/2129 2074/1946/2029
f 2177/2049/2132 2178/2050/2133 2179/2051/2134
f 2177/2049/2132 2127/1999/2082 2178/2050/2133
f 2179/2051/2134 2178/2050/2133 2180/2052/2135
f 2180/2052/2135 2181/2053/2136 2182/2054/2137
f 2113/1985/2068 2159/2031/2114 2183/2055/2138
f 2113/1985/2068 2112/1984/2067 2122/1994/2077
f 2113/1985/2068 2184/2056/2139 2116/1988/2071
f 2122/1994/2077 2121/1993/2076 2160/2032/2115
f 2122/1994/2077 2115/1987/2070 2121/1993/2076
f 2121/1993/2076 2185/2057/2140 2160/2032/2115
f 2161/2033/2116 2154/2026/2109 2153/2025/2108
f 2161/2033/2116 2160/2032/2115 2185/2057/2140
f 2185/2057/2140 2121/1993/2076 2120/1992/2075
f 2185/2057/2140 2172/2044/2127 2161/2033/2116
f 208/207/209 2186/2058/2141 206/205/207
f 2186/2058/2141 211/210/212 206/205/207
f 2187/2059/2142 2188/2060/2143 2189/2061/2144
f 2188/2060/2143 2190/2062/2145 2191/2063/2146
f 2189/2061/2144 2192/2064/2147 2187/2059/2142
f 2191/2063/2146 2189/2061/2144 2188/2060/2143
f 2193/2065/2148 2194/2066/2149 2195/2067/2150
f 2195/2067/2150 2194/2066/2149 2196/2068/2151
f 2196/2068/2151 2197/2069/2152 2198/2070/2153
f 2134/2006/2089 2199/2071/2154 2193/2065/2148
f 2134/2006/2089 2133/2005/2088 2199/2071/2154
f 2134/2006/2089 2193/2065/2148 2195/2067/2150
f 2132/2004/2087 2128/2000/2083 2134/2006/2089
f 2200/2072/2155 2201/2073/2156 2202/2074/2157
f 2200/2072/2155 2203/2075/2158 2201/2073/2156
f 2203/2075/2158 2204/2076/2159 2201/2073/2156
f 2203/2075/2158 2200/2072/2155 2205/2077/2160
f 2201/2073/2156 2168/2040/2123 2166/2038/2121
f 2143/2015/2098 2141/2013/2096 2142/2014/2097
f 2197/2069/2152 2196/2068/2151 2194/2066/2149
f 2206/2078/2161 2207/2079/2162 2208/2080/2163
f 2206/2078/2161 2209/2081/2164 2207/2079/2162
f 2209/2081/2164 2206/2078/2161 2210/2082/2165
f 2181/2053/2136 2180/2052/2135 2178/2050/2133
f 2211/2083/2166 2212/2084/2167 2213/2085/2168
f 2212/2084/2167 2211/2083/2166 2214/2086/2169
f 2213/2085/2168 2215/2087/2170 2211/2083/2166
f 2214/2086/2169 2216/2088/2171 2212/2084/2167
f 67/66/68 2101/1973/2056 2170/2042/2125
f 67/66/68 65/64/66 2100/1972/2055
f 2101/1973/2056 2100/1972/2055 2102/1974/2057
f 2102/1974/2057 136/135/137 2140/2012/2095
f 2131/2003/2086 2125/1997/2080 2132/2004/2087
f 2131/2003/2086 2181/2053/2136 2178/2050/2133
f 2126/1998/2081 2123/1995/2078 2125/1997/2080
f 2126/1998/2081 2131/2003/2086 2178/2050/2133
f 2217/2089/2172 2218/2090/2173 2219/2091/2174
f 2218/2090/2173 2217/2089/2172 2220/2092/2175
f 2218/2090/2173 2220/2092/2175 2221/2093/2176
f 2219/2091/2174 2222/2094/2177 2217/2089/2172
f 2127/1999/2082 2223/2095/2178 2123/1995/2078
f 2127/1999/2082 2126/1998/2081 2178/2050/2133
f 2224/2096/2179 2225/2097/2180 2226/2098/2181
f 2225/2097/2180 2224/2096/2179 2215/2087/2170
f 2215/2087/2170 2213/2085/2168 2225/2097/2180
f 2227/2099/2182 2187/2059/2142 2192/2064/2147
f 2192/2064/2147 2228/2100/2183 2227/2099/2182
f 2166/2038/2121 2163/2035/2118 2202/2074/2157
f 2202/2074/2157 2201/2073/2156 2166/2038/2121
f 260/259/261 2229/2101/2184 263/262/264
f 2230/2102/2185 2231/2103/2186 2232/2104/2187
f 2230/2102/2185 2233/2105/2188 2234/2106/2189
f 2231/2103/2186 2230/2102/2185 2235/2107/2190
f 2231/2103/2186 2103/1975/2058 864/821/861
f 2232/2104/2187 2231/2103/2186 863/820/860
f 2233/2105/2188 2230/2102/2185 2232/2104/2187
f 2233/2105/2188 2236/2108/2191 2237/2109/2192
f 259/258/260 258/257/259 262/261/263
f 193/192/194 191/190/192 275/274/276
f 193/192/194 274/273/275 2238/2110/2193
f 2071/1943/2026 2239/2111/2194 2240/2112/2195
f 2239/2111/2194 2070/1942/2025 2241/2113/2196
f 2239/2111/2194 2071/1943/2026 2070/1942/2025
f 2239/2111/2194 2242/2114/2197 2240/2112/2195
f 2240/2112/2195 2243/2115/2198 2071/1943/2026
f 2240/2112/2195 2244/2116/2199 2243/2115/2198
f 2070/1942/2025 2068/1940/2023 2062/1934/2017
f 2070/1942/2025 2245/2117/2200 2241/2113/2196
f 2242/2114/2197 2239/2111/2194 2246/2118/2201
f 2246/2118/2201 291/290/292 290/289/291
f 290/289/291 289/288/290 292/291/293
f 291/290/292 2246/2118/2201 2239/2111/2194
f 291/290/292 2239/2111/2194 2241/2113/2196
f 2243/2115/2198 2072/1944/2027 2071/1943/2026
f 2072/1944/2027 2068/1940/2023 2071/1943/2026
f 2247/2119/2202 2248/2120/2203 2249/2121/2204
f 2249/2121/2204 2250/2122/2205 2251/2123/2206
f 2252/2124/2207 2248/2120/2203 2247/2119/2202
f 2252/2124/2207 2253/2125/2208 2254/2126/2209
f 2250/2122/2205 2249/2121/2204 2248/2120/2203
f 2251/2123/2206 2255/2127/2210 2256/2128/2211
f 2244/2116/2199 2240/2112/2195 2242/2114/2197
f 164/163/165 163/162/164 170/169/171
f 164/163/165 2257/2129/2212 2258/2130/2213
f 165/164/166 308/307/309 168/167/169
f 165/164/166 168/167/169 163/162/164
f 165/164/166 164/163/165 2259/2131/2214
f 170/169/171 166/165/167 2059/1931/2014
f 2259/2131/2214 2258/2130/2213 2260/2132/2215
f 2259/2131/2214 310/309/311 165/164/166
f 310/309/311 308/307/309 165/164/166
f 2261/2133/2216 2256/2128/2211 2255/2127/2210
f 2256/2128/2211 2249/2121/2204 2251/2123/2206
f 2256/2128/2211 2261/2133/2216 2262/2134/2217
f 2262/2134/2217 2263/2135/2218 2264/2136/2219
f 2257/2129/2212 164/163/165 170/169/171
f 2258/2130/2213 2259/2131/2214 164/163/165
f 2263/2135/2218 2262/2134/2217 2261/2133/2216
f 2095/1967/2050 2097/1969/2052 2086/1958/2041
f 2265/2137/2220 2266/2138/2221 2267/2139/2222
f 2265/2137/2220 2268/2140/2223 2266/2138/2221
f 2268/2140/2223 2265/2137/2220 2269/2141/2224
f 2270/2142/2225 2271/2143/2226 2272/2144/2227
f 2270/2142/2225 2272/2144/2227 2273/2145/2228
f 2273/2145/2228 2272/2144/2227 2274/2146/2229
f 2275/2147/2230 2110/1982/2065 2276/2148/2231
f 2276/2148/2231 2110/1982/2065 2117/1989/2072
f 2277/2149/2232 2278/2150/2233 2279/2151/2234
f 2277/2149/2232 2280/2152/2235 2281/2153/2236
f 2280/2152/2235 2277/2149/2232 2279/2151/2234
f 2099/1971/2054 2096/1968/2051 2282/2154/2237
f 2282/2154/2237 2283/2155/2238 2099/1971/2054
f 2094/1966/2049 2284/2156/2239 2285/2157/2240
f 2094/1966/2049 2085/1957/2040 2099/1971/2054
f 2094/1966/2049 2283/2155/2238 2284/2156/2239
f 2283/2155/2238 2094/1966/2049 2099/1971/2054
f 2283/2155/2238 2282/2154/2237 2286/2158/2241
f 2284/2156/2239 2287/2159/2242 2288/2160/2243
f 2286/2158/2241 2287/2159/2242 2283/2155/2238
f 2289/2161/2244 2290/2162/2245 2291/2163/2246
f 2290/2162/2245 2292/2164/2247 2293/2165/2248
f 2290/2162/2245 2289/2161/2244 2294/2166/2249
f 2291/2163/2246 2295/2167/2250 2296/2168/2251
f 2294/2166/2249 2297/2169/2252 2298/2170/2253
f 2294/2166/2249 2292/2164/2247 2290/2162/2245
f 2294/2166/2249 2299/2171/2254 2300/2172/2255
f 2296/2168/2251 2301/2173/2256 2302/2174/2257
f 2301/2173/2256 2296/2168/2251 2295/2167/2250
f 2295/2167/2250 2290/2162/2245 2293/2165/2248
f 2295/2167/2250 2303/2175/2258 2301/2173/2256
f 2295/2167/2250 2291/2163/2246 2290/2162/2245
f 2304/2176/2259 2305/2177/2260 2306/2178/2261
f 2305/2177/2260 2304/2176/2259 2307/2179/2262
f 2305/2177/2260 2308/2180/2263 2309/2181/2264
f 2307/2179/2262 2310/2182/2265 2311/2183/2266
f 2307/2179/2262 2312/2184/2267 2308/2180/2263
f 2307/2179/2262 2308/2180/2263 2305/2177/2260
f 2313/2185/2268 2090/1962/2269 2314/2186/2270
f 2313/2185/2268 2315/2187/2271 2316/2188/2272
f 2315/2187/2271 2317/2189/2273 2318/2190/2274
f 2315/2187/2271 2318/2190/2274 2319/2191/2275
f 2315/2187/2271 2313/2185/2268 2314/2186/2270
f 2316/2188/2272 2315/2187/2271 2319/2191/2275
f 2314/2186/2270 2320/1964/2276 2317/2189/2273
f 2317/2189/2273 2315/2187/2271 2314/2186/2270
f 2317/2189/2273 2321/2192/2277 2322/2190/2278
f 2320/1964/2276 2323/2193/2279 2317/2189/2273
f 2320/1964/2276 2314/2186/2270 2324/1961/2280
f 2324/1961/2280 2314/2186/2270 2090/1962/2269
f 2297/2169/2252 2294/2166/2249 2289/2161/2244
f 2299/2171/2254 2294/2166/2249 2298/2170/2253
f 2299/2171/2254 2325/2194/2281 2300/2172/2255
f 2300/2172/2255 2326/2195/2282 2292/2164/2247
f 2087/1959/2042 2083/1955/2038 2285/2157/2240
f 2327/2196/2283 2328/2197/2284 2329/2198/2285
f 2327/2196/2283 2330/2199/2286 2331/2200/2287
f 2330/2199/2286 2332/2201/2288 2331/2200/2287
f 2333/2202/2289 2334/2203/2290 2335/2204/2291
f 2333/2202/2289 2336/2205/2292 2337/2206/2293
f 2334/2203/2290 2333/2202/2289 2337/2206/2293
f 2145/2017/2100 2147/2019/2102 2338/2207/2294
f 2204/2076/2159 2203/2075/2158 2339/2208/2295
f 2340/2209/2296 2337/2206/2293 2336/2205/2292
f 2340/2209/2296 2341/2210/2297 2342/2211/2298
f 2341/2210/2297 2340/2209/2296 2336/2205/2292
f 2341/2210/2297 2343/2212/2299 2342/2211/2298
f 2344/2213/2300 2147/2019/2102 2345/2214/2301
f 2147/2019/2102 2344/2213/2300 2338/2207/2294
f 2147/2019/2102 2145/2017/2100 2142/2014/2097
f 2147/2019/2102 134/133/135 2148/2020/2103
f 2345/2214/2301 2147/2019/2102 2148/2020/2103
f 2091/1963/2046 2089/1961/2044 2093/1965/2048
f 2303/2175/2258 2295/2167/2250 2293/2165/2248
f 2293/2165/2248 2346/2215/2302 2347/2175/2303
f 2287/2159/2242 2286/2158/2241 2348/2216/2304
f 2287/2159/2242 2349/2217/2305 2350/2218/2306
f 2287/2159/2242 2284/2156/2239 2283/2155/2238
f 2292/2164/2247 2351/2219/2307 2293/2165/2248
f 2292/2164/2247 2294/2166/2249 2300/2172/2255
f 2352/2220/2308 2316/2188/2272 2319/2191/2275
f 2319/2191/2275 2318/2190/2274 2353/2221/2309
f 2354/2222/2310 2328/2197/2284 2355/2223/2311
f 2328/2197/2284 2354/2222/2310 2329/2198/2285
f 2328/2197/2284 2327/2196/2283 2331/2200/2287
f 2168/2040/2123 2201/2073/2156 2204/2076/2159
f 2356/2224/2312 2305/2177/2260 2357/2225/2313
f 2356/2224/2312 2306/2178/2261 2305/2177/2260
f 2357/2225/2313 2309/2181/2264 2358/2226/2314
f 2309/2181/2264 2357/2225/2313 2305/2177/2260
f 2309/2181/2264 2359/2227/2315 2360/2228/2316
f 2358/2226/2314 2360/2228/2316 2361/2229/2317
f 2358/2226/2314 2309/2181/2264 2360/2228/2316
f 2308/2180/2263 2362/2230/2318 2359/2227/2315
f 2323/2193/2279 2320/1964/2276 2363/2231/2319
f 2323/2193/2279 2364/2232/2320 2321/2192/2277
f 2363/2231/2319 2365/2233/2321 2323/2193/2279
f 2312/2184/2267 2366/2234/2322 2308/2180/2263
f 2312/2184/2267 2307/2179/2262 2311/2183/2266
f 2366/2234/2322 2367/2235/2323 2362/2230/2318
f 2366/2234/2322 2312/2184/2267 2368/2236/2324
f 2368/2236/2324 2369/2237/2325 2366/2234/2322
f 2368/2236/2324 2370/2238/2326 2371/2239/2327
f 2325/2194/2281 2372/2240/2328 2300/2172/2255
f 2325/2194/2281 2299/2171/2254 2373/2241/2329
f 2285/2157/2240 2083/1955/2038 2094/1966/2049
f 2285/2157/2240 2284/2156/2239 2374/2242/2330
f 2374/2242/2330 2288/2160/2243 2375/2243/2331
f 2361/2229/2317 2360/2228/2316 2376/2244/2332
f 2359/2227/2315 2309/2181/2264 2308/2180/2263
f 2359/2227/2315 2376/2244/2332 2360/2228/2316
f 2359/2227/2315 2377/2245/2333 2376/2244/2332
f 2326/2195/2282 2300/2172/2255 2372/2240/2328
f 2326/2195/2282 2378/2246/2334 2379/2247/2335
f 2372/2240/2328 2325/2194/2281 2380/2248/2336
f 2377/2245/2333 2362/2230/2318 2367/2235/2323
f 2377/2245/2333 2367/2235/2323 2381/2249/2337
f 2377/2245/2333 2359/2227/2315 2362/2230/2318
f 2362/2230/2318 2308/2180/2263 2366/2234/2322
f 2288/2160/2243 2350/2218/2306 2382/2250/2338
f 2288/2160/2243 2287/2159/2242 2350/2218/2306
f 2288/2160/2243 2374/2242/2330 2284/2156/2239
f 2375/2243/2331 2382/2250/2338 2383/2251/2339
f 2380/2248/2336 2378/2246/2334 2372/2240/2328
f 2346/2215/2302 2293/2165/2248 2351/2219/2307
f 2346/2215/2302 2384/2252/2340 2385/2253/2341
f 2347/2175/2303 2386/2254/2342 2387/2255/2343
f 2351/2219/2307 2292/2164/2247 2326/2195/2282
f 2351/2219/2307 2326/2195/2282 2379/2247/2335
f 2321/2192/2277 2317/2189/2273 2323/2193/2279
f 2321/2192/2344 2388/2256/2345 2389/2257/2346
f 2370/2238/2326 2368/2236/2324 2312/2184/2267
f 2386/2254/2342 2347/2175/2303 2346/2215/2302
f 2386/2254/2342 2346/2215/2302 2385/2253/2341
f 2385/2253/2341 2390/2258/2347 2386/2254/2342
f 2385/2253/2341 2391/2259/2348 2390/2258/2347
f 2385/2253/2341 2392/2260/2349 2393/2261/2350
f 2394/2262/2351 2395/2263/2352 2396/2264/2353
f 2394/2262/2351 2397/2265/2354 2398/2266/2355
f 2394/2262/2351 2396/2264/2353 2399/2267/2356
f 2395/2263/2352 2400/2268/2357 2401/2269/2358
f 2395/2263/2352 2401/2269/2358 2396/2264/2353
f 2402/2270/2359 2403/2271/2360 2404/2272/2361
f 2403/2271/2360 2402/2270/2359 2405/2273/2362
f 2404/2272/2361 2406/2274/2363 2407/2275/2364
f 2405/2273/2362 2402/2270/2359 2408/2276/2365
f 2384/2252/2340 2346/2215/2302 2351/2219/2307
f 2384/2252/2340 2409/2277/2366 2392/2260/2349
f 2410/2278/2367 2411/2279/2368 2412/2280/2369
f 2410/2278/2367 2413/2281/2370 2414/2282/2371
f 2413/2281/2370 2415/2283/2372 2414/2282/2371
f 2415/2283/2372 2416/2284/2373 2417/2285/2374
f 2407/2275/2364 2412/2280/2369 2411/2279/2368
f 2412/2280/2369 2407/2275/2364 2406/2274/2363
f 2411/2279/2368 2410/2278/2367 2414/2282/2371
f 2406/2274/2363 2404/2272/2361 2403/2271/2360
f 2382/2250/2338 2418/2286/2375 2419/2287/2376
f 2382/2250/2338 2375/2243/2331 2288/2160/2243
f 2382/2250/2338 2420/2288/2377 2383/2251/2339
f 2378/2246/2334 2421/2289/2378 2422/2290/2379
f 2378/2246/2334 2422/2290/2379 2379/2247/2335
f 2378/2246/2334 2380/2248/2336 2423/2291/2380
f 2378/2246/2334 2326/2195/2282 2372/2240/2328
f 2424/2292/2381 2425/2293/2382 2426/2294/2383
f 2424/2292/2381 2426/2294/2383 2427/2295/2384
f 2424/2292/2381 2428/2296/2385 2429/2297/2386
f 2425/2293/2382 2430/2298/2387 2431/2299/2388
f 2425/2293/2382 2432/2300/2389 2426/2294/2383
f 2426/2294/2383 2433/2301/2390 2434/2302/2391
f 2427/2295/2384 2434/2302/2391 2435/2303/2392
f 2427/2295/2384 2436/2304/2393 2428/2296/2385
f 2437/2305/2394 2438/2306/2395 2439/2307/2396
f 2437/2305/2394 2440/2308/2397 2438/2306/2395
f 2437/2305/2394 2441/2309/2398 2442/2310/2399
f 2441/2309/2398 2437/2305/2394 2439/2307/2396
f 2442/2310/2399 2443/2311/2400 2444/2312/2401
f 2445/2313/2402 2446/2314/2403 2447/2315/2404
f 2445/2313/2402 2448/2316/2405 2446/2314/2403
f 2445/2313/2402 2449/2317/2406 2448/2316/2405
f 2446/2314/2403 2448/2316/2405 2450/2318/2407
f 2446/2314/2403 2451/2319/2408 2452/2320/2409
f 2453/2321/2410 2454/2322/2411 2455/2323/2412
f 2454/2322/2411 2453/2321/2410 2456/2324/2413
f 2432/2300/2389 2457/2325/2414 2433/2301/2390
f 2432/2300/2389 2425/2293/2382 2458/2326/2415
f 2457/2325/2414 2432/2300/2389 2459/2327/2416
f 2433/2301/2390 2426/2294/2383 2432/2300/2389
f 2433/2301/2390 2460/2328/2417 2461/2329/2418
f 2462/2330/2419 2463/2331/2420 2464/2332/2421
f 2462/2330/2419 2465/2333/2422 2466/2334/2423
f 2466/2334/2423 2467/2335/2424 2462/2330/2419
f 2467/2335/2424 2463/2331/2420 2462/2330/2419
f 2429/2297/2386 2428/2296/2385 2468/2336/2425
f 2429/2297/2386 2430/2298/2387 2424/2292/2381
f 2430/2298/2387 2429/2297/2386 2469/2337/2426
f 2430/2298/2387 2425/2293/2382 2424/2292/2381
f 2470/2338/2427 2471/2339/2428 2472/2340/2429
f 2470/2338/2427 2473/2341/2430 2474/2342/2431
f 2471/2339/2428 2470/2338/2427 2474/2342/2431
f 2474/2342/2431 2475/2343/2432 2476/2344/2433
f 2464/2332/2421 2477/2345/2434 2478/2346/2435
f 2479/2233/2436 2480/2347/2437 2481/2232/2438
f 2480/2347/2437 2479/2233/2436 2482/2348/2439
f 2482/2348/2439 2483/2349/2440 2484/2350/2441
f 2485/2351/2442 2486/2352/2443 2487/2353/2444
f 2485/2351/2442 2488/2354/2445 2489/2335/2446
f 2485/2351/2442 2487/2353/2444 2490/2355/2447
f 2487/2353/2444 2491/2356/2448 2490/2355/2447
f 2490/2355/2447 2488/2354/2445 2485/2351/2442
f 2488/2354/2445 2492/2357/2449 2493/2358/2450
f 2494/2359/2451 2495/2360/2452 2496/2361/2453
f 2495/2360/2452 2497/2362/2454 2498/2363/2455
f 2495/2360/2452 2494/2359/2451 2499/2364/2456
f 2495/2360/2452 2500/2365/2457 2496/2361/2453
f 2496/2361/2453 2500/2365/2457 2501/2366/2458
f 2502/2367/2459 2503/2368/2460 2504/2369/2461
f 2502/2367/2459 2505/2370/2462 2506/2371/2463
f 2503/2368/2460 2507/2372/2464 2508/2373/2465
f 2508/2373/2465 2504/2369/2461 2503/2368/2460
s 0
f 2509/2374/2466 2510/2375/2466 2511/2376/2466
f 2510/2375/2466 2509/2374/2466 2512/2377/2466
f 2510/2375/2466 2513/2378/2466 2511/2376/2466
f 2510/2375/2466 2514/2379/2466 2513/2378/2466
f 2510/2375/2466 2515/2380/2466 2516/2381/2466
s 1
f 2517/2382/2467 2518/2383/2468 2519/2384/2469
f 2517/2382/2467 2520/2385/2470 2521/2386/2471
f 2517/2382/2467 2522/2387/2472 2520/2385/2470
f 2518/2383/2468 2517/2382/2467 2521/2386/2471
f 2519/2384/2469 2523/2388/2473 2524/2389/2474
s 0
f 2525/2390/2475 2526/2391/2475 2527/2392/2475
f 2525/2390/2476 2528/2393/2476 2526/2391/2476
f 2525/2390/2477 2529/2394/2477 2530/2395/2477
f 2527/2392/2478 2531/2396/2478 2532/2397/2478
f 2527/2392/2479 2526/2391/2479 2531/2396/2479
f 2529/2394/2480 2525/2390/2480 2527/2392/2480
f 2529/2394/2481 2533/2398/2481 2534/2399/2481
f 2530/2395/2482 2535/2400/2482 2536/2401/2482
f 2530/2395/2483 2536/2401/2483 2525/2390/2483
f 2530/2395/2484 2537/2402/2484 2538/2403/2484
f 2533/2398/2485 2539/2404/2485 2540/2405/2485
f 2533/2398/2486 2527/2392/2486 2532/2397/2486
f 2533/2398/2487 2529/2394/2487 2527/2392/2487
f 2534/2399/2488 2533/2398/2488 2540/2405/2488
f 2534/2399/2489 2540/2405/2489 2541/2406/2489
s 1
f 2542/2407/2490 2543/2408/2491 2544/2409/2492
f 2542/2407/2490 2545/2372/2493 2546/2410/2494
f 2542/2407/2490 2546/2410/2494 2547/2411/2495
f 2545/2372/2493 2548/2368/2496 2549/2412/2497
f 2550/2374/2498 2551/2413/2498 2552/2377/2499
f 2551/2413/2498 2553/2414/2500 2552/2377/2499
f 2552/2377/2499 2554/2415/2501 2555/2380/2502
s 0
f 2535/2400/2503 2556/2416/2503 2557/2417/2503
f 2535/2400/2504 2538/2403/2504 2558/2418/2504
f 2528/2393/2505 2525/2390/2505 2536/2401/2505
f 2557/2417/2506 2528/2393/2506 2536/2401/2506
f 2557/2417/2507 2536/2401/2507 2535/2400/2507
f 2559/2419/2466 2560/2420/2466 2561/2421/2466
f 2559/2419/2466 2562/2422/2466 2516/2381/2466
f 2560/2420/2466 2516/2381/2466 2515/2380/2466
f 2561/2421/2466 2563/2423/2466 2559/2419/2466
f 2563/2423/2466 2564/2424/2466 2559/2419/2466
f 2563/2423/2466 2565/2425/2466 2564/2424/2466
f 2563/2423/2466 2566/2426/2466 2567/2427/2466
s 1
f 2568/2428/2508 2569/2429/2509 2570/2430/2510
f 2568/2428/2508 2475/2343/2432 2571/2431/2511
f 2568/2428/2508 2571/2431/2511 2572/2432/2512
f 2569/2429/2509 2568/2428/2508 2572/2432/2512
f 2569/2429/2509 2572/2432/2512 2573/2433/2513
f 2569/2429/2509 2573/2433/2513 2574/2434/2514
f 2572/2432/2512 2575/2435/2515 2573/2433/2513
f 2443/2311/2400 2442/2310/2399 2441/2309/2398
f 2468/2336/2425 2576/2436/2516 2577/2437/2517
f 2468/2336/2425 2578/2438/2518 2429/2297/2386
f 2428/2296/2385 2436/2304/2393 2579/2439/2519
f 2428/2296/2385 2424/2292/2381 2427/2295/2384
f 2434/2302/2391 2461/2329/2418 2580/2440/2520
f 2434/2302/2391 2427/2295/2384 2426/2294/2383
f 2434/2302/2391 2580/2440/2520 2435/2303/2392
f 2507/2372/2464 2581/2407/2521 2582/2441/2522
f 2582/2441/2522 2508/2373/2465 2507/2372/2464
f 2581/2407/2521 2583/2442/2523 2584/2443/2524
f 2584/2443/2524 2582/2441/2522 2581/2407/2521
f 2461/2329/2418 2434/2302/2391 2433/2301/2390
f 2451/2319/2408 2446/2314/2403 2450/2318/2407
f 2452/2320/2409 2575/2435/2515 2572/2432/2512
f 2452/2320/2409 2473/2341/2430 2446/2314/2403
f 2452/2320/2409 2572/2432/2512 2571/2431/2511
f 2585/2444/2525 2586/2387/2526 2587/2382/2527
f 2585/2444/2525 2588/2445/2528 2586/2387/2526
f 2588/2445/2528 2589/2446/2529 2586/2387/2526
f 2588/2445/2528 2590/2447/2530 2589/2446/2529
f 2587/2382/2527 2591/2448/2531 2585/2444/2525
f 2575/2435/2515 2452/2320/2409 2451/2319/2408
f 2571/2431/2511 2474/2342/2431 2473/2341/2430
f 2473/2341/2430 2447/2315/2404 2446/2314/2403
f 2473/2341/2430 2470/2338/2427 2447/2315/2404
f 2473/2341/2430 2452/2320/2409 2571/2431/2511
f 2475/2343/2432 2568/2428/2508 2592/2449/2532
f 2475/2343/2432 2474/2342/2431 2571/2431/2511
f 2436/2304/2393 2593/2450/2533 2579/2439/2519
f 2436/2304/2393 2594/2451/2534 2593/2450/2533
f 2436/2304/2393 2427/2295/2384 2435/2303/2392
f 2579/2439/2519 2593/2450/2533 2595/2452/2535
f 2579/2439/2519 2596/2453/2536 2576/2436/2516
f 2579/2439/2519 2468/2336/2425 2428/2296/2385
f 2594/2451/2534 2436/2304/2393 2435/2303/2392
f 2594/2451/2534 2435/2303/2392 2580/2440/2520
f 2576/2436/2516 2468/2336/2425 2579/2439/2519
f 2590/2447/2530 2597/2454/2537 2589/2446/2529
f 2477/2345/2434 2464/2332/2421 2463/2331/2420
f 2477/2345/2434 2598/2455/2538 2478/2346/2435
f 2598/2455/2538 2477/2345/2434 2599/2456/2539
f 2600/2457/2540 2601/2458/2541 2602/2459/2542
f 2600/2457/2540 2497/2362/2454 2603/2460/2543
f 2497/2362/2454 2600/2457/2540 2604/2461/2544
f 2497/2362/2454 2495/2360/2452 2499/2364/2456
f 2604/2461/2544 2602/2459/2542 2605/2462/2545
f 2604/2461/2544 2498/2363/2455 2497/2362/2454
f 2606/2463/2546 2607/2464/2547 2608/2465/2548
f 2606/2463/2546 2608/2465/2548 2609/2466/2549
f 2609/2466/2549 2610/2467/2550 2611/2468/2551
f 2609/2466/2549 2608/2465/2548 2612/2469/2552
f 2612/2469/2552 2613/2470/2553 2609/2466/2549
f 2614/2471/2554 2615/2472/2555 2616/2473/2556
f 2615/2472/2555 2614/2471/2554 2617/2474/2557
f 2617/2474/2557 2618/2475/2558 2619/2389/2559
f 2617/2474/2557 2619/2389/2559 2615/2472/2555
f 2620/2476/2560 2621/2477/2561 2622/2478/2562
f 2621/2477/2561 2620/2476/2560 2623/2479/2563
f 2622/2478/2562 2493/2358/2450 2492/2357/2449
f 2622/2478/2562 2624/2480/2564 2625/2481/2565
f 2613/2470/2553 2612/2469/2552 2626/2482/2566
f 2613/2470/2553 2627/2483/2567 2628/2484/2568
f 2613/2470/2553 2629/2485/2569 2610/2467/2550
f 2627/2483/2567 2613/2470/2553 2626/2482/2566
f 2591/2448/2531 2587/2382/2527 2630/2384/2570
f 2631/2486/2571 2605/2462/2545 2607/2464/2547
f 2631/2486/2571 2632/2487/2572 2498/2363/2455
f 2631/2486/2571 2607/2464/2547 2606/2463/2546
f 2583/2442/2523 2581/2407/2521 2633/2409/2573
f 2633/2409/2573 2634/2488/2574 2635/2489/2575
f 2554/2415/2501 2552/2377/2499 2553/2414/2500
f 2636/2396/2576 2637/2490/2577 2638/2397/2578
f 2636/2396/2576 2639/2491/2579 2640/2492/2580
f 2639/2491/2579 2636/2396/2576 2641/2391/2581
f 2641/2391/2581 2642/2393/2582 2643/2493/2583
f 2644/2494/2584 2645/2495/2523 2646/2496/2585
f 2644/2494/2584 2647/2497/2524 2645/2495/2523
f 2645/2495/2523 2648/2498/2586 2646/2496/2585
f 2649/2499/2587 2650/2500/2588 2651/2501/2589
f 2650/2500/2588 2649/2499/2587 2652/2502/2590
f 2651/2501/2589 2650/2500/2588 2653/2503/2591
f 2652/2502/2590 2654/2504/2585 2655/2505/2592
f 2637/2490/2577 2636/2396/2576 2640/2492/2580
f 2638/2397/2578 2656/2506/2593 2657/2404/2594
f 2654/2504/2585 2652/2502/2590 2649/2499/2587
s 0
f 2516/2381/2466 2514/2379/2466 2510/2375/2466
f 2516/2381/2466 2560/2420/2466 2559/2419/2466
f 2514/2379/2595 2658/2507/2595 2659/2508/2595
f 2514/2379/2596 2659/2508/2596 2513/2378/2596
f 2514/2379/2466 2516/2381/2466 2562/2422/2466
f 2562/2422/2597 2658/2507/2597 2514/2379/2597
f 2562/2422/2466 2559/2419/2466 2660/2509/2466
s 1
f 2661/2426/2598 2662/2421/2599 2663/2510/2600
f 2662/2421/2599 2664/2511/2601 2663/2510/2600
f 2664/2511/2601 2665/2420/2602 2666/2512/2603
s 0
f 2540/2405/2604 2539/2404/2604 2667/2513/2604
f 2541/2406/2605 2668/2514/2605 2534/2399/2605
f 2541/2406/2606 2669/2515/2606 2670/2516/2606
f 2669/2515/2607 2541/2406/2607 2540/2405/2607
f 2669/2515/2608 2540/2405/2608 2667/2513/2608
f 2539/2404/2609 2533/2398/2609 2532/2397/2609
f 2564/2424/2466 2660/2509/2466 2559/2419/2466
f 2564/2424/2610 2671/2517/2610 2672/2518/2610
f 2564/2424/2466 2672/2518/2466 2660/2509/2466
f 2672/2518/2611 2558/2418/2611 2538/2403/2611
f 2672/2518/2612 2671/2517/2612 2558/2418/2612
f 2660/2509/2613 2673/2519/2613 2562/2422/2613
f 2660/2509/2466 2672/2518/2466 2674/2520/2466
f 2674/2520/2614 2538/2403/2614 2537/2402/2614
f 2674/2520/2615 2668/2514/2615 2673/2519/2615
s 1
f 2418/2286/2375 2382/2250/2338 2350/2218/2306
f 2350/2218/2306 2675/2521/2616 2418/2286/2375
f 2350/2218/2306 2349/2217/2305 2675/2521/2616
f 2676/2522/2617 2677/2523/2618 2678/2524/2619
f 2677/2523/2618 2676/2522/2617 2408/2276/2365
f 2678/2524/2619 2679/2525/2620 2676/2522/2617
f 2408/2276/2365 2402/2270/2359 2677/2523/2618
f 2349/2217/2305 2287/2159/2242 2348/2216/2304
f 2364/2232/2320 2323/2193/2279 2365/2233/2321
f 2365/2233/2321 2363/2231/2319 2483/2349/2621
f 2416/2284/2373 2415/2283/2372 2413/2281/2370
f 2416/2284/2373 2680/2526/2622 2417/2285/2374
f 2416/2284/2373 2681/2527/2623 2680/2526/2622
f 2681/2527/2623 2682/2528/2624 2680/2526/2622
f 2483/2349/2440 2482/2348/2439 2479/2233/2436
s 0
f 2673/2519/2625 2683/2529/2625 2658/2507/2625
f 2673/2519/2626 2660/2509/2626 2674/2520/2626
s 1
f 2369/2237/2325 2684/2530/2627 2367/2235/2323
f 2369/2237/2325 2368/2236/2324 2685/2531/2628
f 2685/2531/2628 2686/2532/2629 2369/2237/2325
f 2687/2533/2630 2688/2534/2631 2689/2535/2632
f 2688/2534/2631 2682/2528/2624 2689/2535/2632
f 2688/2534/2631 2687/2533/2630 2690/2536/2633
f 2682/2528/2624 2681/2527/2623 2689/2535/2632
f 2388/2256/2345 2321/2192/2344 2691/2232/2634
f 2691/2232/2634 2692/2537/2635 2388/2256/2345
f 2367/2235/2323 2693/2538/2636 2381/2249/2337
f 2367/2235/2323 2366/2234/2322 2369/2237/2325
f 2401/2269/2358 2694/2539/2637 2695/2540/2638
f 2694/2539/2637 2696/2541/2639 2695/2540/2638
f 2694/2539/2637 2401/2269/2358 2400/2268/2357
f 2543/2408/2491 2542/2407/2490 2547/2411/2495
f 2697/2473/2640 2698/2472/2641 2699/2542/2642
f 2699/2542/2642 2698/2472/2641 2700/2543/2643
f 2700/2543/2643 2524/2389/2474 2523/2388/2473
f 2524/2389/2474 2700/2543/2643 2698/2472/2641
f 2523/2388/2473 2519/2384/2469 2518/2383/2468
f 2643/2493/2583 2639/2491/2579 2641/2391/2581
f 2701/2544/2644 2702/2545/2645 2703/2546/2646
f 2702/2545/2645 2704/2547/2647 2705/2548/2648
f 2702/2545/2645 2701/2544/2644 2704/2547/2647
f 2476/2344/2433 2471/2339/2428 2474/2342/2431
f 2398/2266/2355 2706/2549/2649 2707/2550/2650
f 2706/2549/2649 2708/2551/2651 2707/2550/2650
f 2706/2549/2649 2398/2266/2355 2397/2265/2354
f 2397/2265/2354 2394/2262/2351 2399/2267/2356
f 2709/2552/2652 2710/2553/2653 2711/2554/2654
f 2709/2552/2652 2712/2323/2655 2710/2553/2653
f 2713/2555/2656 2714/2556/2657 2601/2458/2541
f 2714/2556/2657 2713/2555/2656 2715/2557/2658
f 2601/2458/2541 2600/2457/2540 2713/2555/2656
f 2632/2487/2572 2716/2558/2659 2717/2559/2660
f 2632/2487/2572 2631/2486/2571 2606/2463/2546
f 2498/2363/2455 2604/2461/2544 2631/2486/2571
f 2717/2559/2660 2716/2558/2659 2718/2560/2661
f 2717/2559/2660 2498/2363/2455 2632/2487/2572
f 2717/2559/2660 2495/2360/2452 2498/2363/2455
f 2610/2467/2550 2609/2466/2549 2613/2470/2553
f 2610/2467/2550 2719/2561/2662 2720/2562/2663
f 2611/2468/2551 2632/2487/2572 2606/2463/2546
f 2611/2468/2551 2606/2463/2546 2609/2466/2549
f 2716/2558/2659 2721/2563/2664 2718/2560/2661
f 2716/2558/2659 2632/2487/2572 2611/2468/2551
f 2720/2562/2663 2719/2561/2662 2722/2564/2665
f 2720/2562/2663 2611/2468/2551 2610/2467/2550
f 2720/2562/2663 2716/2558/2659 2611/2468/2551
f 2492/2357/2449 2491/2356/2448 2723/2565/2666
f 2492/2357/2449 2488/2354/2445 2490/2355/2447
f 2492/2357/2449 2723/2565/2666 2622/2478/2562
f 2723/2565/2666 2620/2476/2560 2622/2478/2562
f 2629/2485/2569 2613/2470/2553 2628/2484/2568
f 2719/2561/2662 2610/2467/2550 2629/2485/2569
f 2491/2356/2448 2487/2353/2444 2724/2566/2667
f 2491/2356/2448 2492/2357/2449 2490/2355/2447
f 2625/2481/2565 2725/2345/2668 2493/2358/2450
f 2625/2481/2565 2726/2567/2669 2727/2456/2670
f 2725/2345/2668 2625/2481/2565 2727/2456/2670
f 2493/2358/2450 2622/2478/2562 2625/2481/2565
f 2728/2331/2671 2488/2354/2445 2493/2358/2450
f 2728/2331/2671 2493/2358/2450 2725/2345/2668
f 2148/2020/2103 137/136/138 158/157/159
f 2148/2020/2103 2729/2568/2672 2345/2214/2301
f 2730/2569/2673 2731/2570/2674 2732/2571/2675
f 2730/2569/2673 2733/2572/2676 2734/2573/2677
f 2733/2572/2676 2730/2569/2673 2735/2574/2678
f 2733/2572/2676 2736/2575/2679 2734/2573/2677
f 2489/2335/2446 2737/2576/2680 2485/2351/2442
f 2489/2335/2446 2488/2354/2445 2728/2331/2671
f 2738/2577/2681 2431/2299/2388 2739/2578/2682
f 2738/2577/2681 2425/2293/2382 2431/2299/2388
f 2740/2579/2683 2741/2580/2684 2742/2581/2685
f 2741/2580/2684 2740/2579/2683 2743/2344/2686
f 2743/2344/2686 2744/2582/2687 2745/2339/2688
f 2721/2563/2664 2716/2558/2659 2720/2562/2663
f 2721/2563/2664 2720/2562/2663 2722/2564/2665
f 2721/2563/2664 2722/2564/2665 2746/2583/2689
f 2718/2560/2661 2721/2563/2664 2747/2584/2690
f 2718/2560/2661 2500/2365/2457 2717/2559/2660
f 2731/2570/2674 2748/2585/2691 2749/2586/2692
f 2748/2585/2691 2750/2587/2693 2749/2586/2692
f 2749/2586/2692 2732/2571/2675 2731/2570/2674
f 2732/2571/2675 2735/2574/2678 2730/2569/2673
f 2705/2548/2648 2704/2547/2647 2751/2588/2694
f 2751/2588/2694 2752/2589/2695 2705/2548/2648
f 2752/2589/2695 2751/2588/2694 2753/2590/2696
f 2500/2365/2457 2495/2360/2452 2717/2559/2660
f 2500/2365/2457 2718/2560/2661 2754/2591/2697
f 2722/2564/2665 2755/2592/2698 2746/2583/2689
f 2690/2536/2633 2756/2593/2699 2757/2594/2700
f 2756/2593/2699 2690/2536/2633 2687/2533/2630
f 2758/2595/2701 2736/2575/2679 2696/2541/2639
f 2736/2575/2679 2758/2595/2701 2759/2596/2702
f 2696/2541/2639 2694/2539/2637 2758/2595/2701
f 2759/2596/2702 2734/2573/2677 2736/2575/2679
s 0
f 2760/2597/2703 2761/2598/2703 2565/2425/2703
f 2760/2597/2466 2565/2425/2466 2567/2427/2466
f 2761/2598/2704 2671/2517/2704 2565/2425/2704
f 2761/2598/2705 2558/2418/2705 2671/2517/2705
f 2565/2425/2466 2563/2423/2466 2567/2427/2466
f 2671/2517/2706 2564/2424/2706 2565/2425/2706
s 1
f 2708/2551/2651 2750/2587/2693 2762/2599/2707
f 2708/2551/2651 2706/2549/2649 2763/2600/2708
f 2750/2587/2693 2708/2551/2651 2763/2600/2708
f 2750/2587/2693 2748/2585/2691 2762/2599/2707
s 0
f 2668/2514/2709 2541/2406/2709 2683/2529/2709
f 2668/2514/2710 2674/2520/2710 2537/2402/2710
f 2668/2514/2711 2537/2402/2711 2534/2399/2711
f 2537/2402/2712 2529/2394/2712 2534/2399/2712
f 2537/2402/2713 2530/2395/2713 2529/2394/2713
f 2538/2403/2714 2535/2400/2714 2530/2395/2714
f 2538/2403/2715 2674/2520/2715 2672/2518/2715
s 1
f 2764/2601/2716 2765/2602/2717 2766/2603/2501
f 2765/2602/2717 2764/2601/2716 2767/2604/2718
f 2548/2368/2496 2768/2605/2719 2549/2412/2497
f 2548/2368/2496 2769/2367/2720 2768/2605/2719
f 2549/2412/2497 2546/2410/2494 2545/2372/2493
s 0
f 2658/2507/2721 2770/2606/2721 2659/2508/2721
f 2658/2507/2722 2562/2422/2722 2673/2519/2722
f 2515/2380/2466 2510/2375/2466 2512/2377/2466
s 1
f 2460/2328/2417 2433/2301/2390 2457/2325/2414
f 2769/2367/2720 2771/2607/2723 2768/2605/2719
s 0
f 2566/2426/2466 2563/2423/2466 2561/2421/2466
f 2567/2427/2466 2772/2608/2466 2773/2609/2466
s 1
f 2774/2610/2724 2775/2446/2725 2776/2454/2724
f 2775/2446/2725 2774/2610/2724 2777/2611/2726
f 2777/2611/2726 2522/2387/2472 2775/2446/2725
s 0
f 2773/2609/2466 2760/2597/2466 2567/2427/2466
s 1
f 2771/2607/2723 2769/2367/2720 2778/2371/2727
f 2778/2371/2727 2711/2554/2654 2771/2607/2723
f 2778/2371/2727 2709/2552/2652 2711/2554/2654
f 2665/2420/2602 2664/2511/2601 2662/2421/2599
s 0
f 2683/2529/2728 2673/2519/2728 2668/2514/2728
f 2683/2529/2729 2670/2516/2729 2770/2606/2729
f 2683/2529/2730 2541/2406/2730 2670/2516/2730
f 2770/2606/2731 2658/2507/2731 2683/2529/2731
f 2558/2418/2732 2761/2598/2732 2556/2416/2732
f 2556/2416/2733 2535/2400/2733 2558/2418/2733
s 1
f 2596/2453/2536 2579/2439/2519 2595/2452/2535
f 2779/2612/2591 2780/2613/2588 2781/2614/2734
f 2780/2613/2588 2782/2603/2735 2781/2614/2734
f 2782/2603/2735 2783/2615/2590 2784/2601/2736
f 2120/1992/2075 2115/1987/2070 2114/1986/2069
f 2785/2616/2737 2653/2503/2591 2786/2617/2738
f 2653/2503/2591 2785/2616/2737 2651/2501/2589
f 2653/2503/2591 2787/2618/2739 2786/2617/2738
f 2522/2387/2472 2777/2611/2726 2520/2385/2470
s 0
f 2772/2608/2466 2567/2427/2466 2566/2426/2466
s 1
f 2656/2506/2593 2638/2397/2578 2637/2490/2577
f 2657/2404/2594 2788/2619/2740 2789/2513/2741
f 2788/2619/2740 2657/2404/2594 2656/2506/2593
f 2790/2620/2742 2791/2621/2743 2792/2622/2744
f 2791/2621/2743 2790/2620/2742 2267/2139/2222
f 2792/2622/2744 2793/2623/2745 2790/2620/2742
f 2267/2139/2222 2266/2138/2221 2791/2621/2743
f 2278/2150/2233 2794/2624/2746 2279/2151/2234
f 2795/2625/2747 2104/1976/2059 2796/1975/2748
f 2795/2625/2747 2106/1978/2061 2104/1976/2059
f 2106/1978/2061 2105/1977/2060 2104/1976/2059
f 2103/1975/2058 2231/2103/2186 2235/2107/2190
f 2103/1975/2058 74/73/75 864/821/861
f 863/820/860 2231/2103/2186 864/821/861
f 2310/2182/2265 2307/2179/2262 2304/2176/2259
f 2379/2247/2335 2384/2252/2340 2351/2219/2307
f 2379/2247/2335 2422/2290/2379 2409/2277/2366
f 2421/2289/2378 2378/2246/2334 2423/2291/2380
f 2797/2626/2749 2798/2627/2750 2345/2214/2301
f 2798/2627/2750 2344/2213/2300 2345/2214/2301
f 2343/2212/2299 2341/2210/2297 2799/2628/2751
f 2793/2623/2745 2792/2622/2744 2800/2629/2752
f 2184/2056/2139 2113/1985/2068 2183/2055/2138
f 2116/1988/2071 2110/1982/2065 2113/1985/2068
f 2271/2143/2226 2270/2142/2225 2801/2630/2753
f 2801/2630/2753 2802/2631/2754 2803/2632/2755
f 2801/2630/2753 2803/2632/2755 2271/2143/2226
f 2737/2576/2680 2489/2335/2446 2804/2334/2756
f 2805/2633/2757 2496/2361/2453 2501/2366/2458
f 2501/2366/2458 2500/2365/2457 2754/2591/2697
f 2747/2584/2690 2721/2563/2664 2746/2583/2689
f 2757/2594/2700 2756/2593/2699 2679/2525/2620
f 2757/2594/2700 2679/2525/2620 2678/2524/2619
f 2754/2591/2697 2718/2560/2661 2747/2584/2690
f 2755/2592/2698 2722/2564/2665 2806/2634/2758
f 2807/2635/2759 2745/2339/2688 2744/2582/2687
f 2745/2339/2688 2807/2635/2759 2472/2340/2760
f 2744/2582/2687 2743/2344/2686 2740/2579/2683
f 2486/2352/2443 2485/2351/2442 2737/2576/2680
f 2808/2636/2761 2809/2637/2762 2810/2638/2763
f 2809/2637/2762 2808/2636/2761 2811/2639/2764
f 2811/2639/2764 2812/2640/2765 2813/2641/2766
f 2812/2640/2765 2814/2642/2767 2813/2641/2766
f 2812/2640/2765 2811/2639/2764 2808/2636/2761
f 2815/2643/2768 2816/2644/2769 2817/2645/2770
f 2816/2644/2769 2815/2643/2768 2818/2646/2771
f 2818/2646/2771 2819/2647/2772 2820/2648/2773
f 2819/2647/2772 2821/2649/2774 2820/2648/2773
f 2819/2647/2772 2818/2646/2771 2815/2643/2768
f 2822/2650/2775 2823/2651/2776 2824/2652/2777
f 2823/2651/2776 2822/2650/2775 2825/2653/2778
f 2825/2653/2778 2826/2654/2779 2827/2655/2780
f 2826/2654/2779 2825/2653/2778 2822/2650/2775
f 2828/2656/2781 2829/2657/2782 2830/2658/2783
f 2828/2656/2781 2831/2659/2784 2832/2660/2785
f 2831/2659/2784 2828/2656/2781 2833/2661/2786
f 2833/2661/2786 2834/2662/2787 2831/2659/2784
f 2834/2662/2787 2833/2661/2786 2835/2663/2788
f 2814/2642/2767 2812/2640/2765 2836/2664/2789
f 2836/2664/2789 2837/2665/2790 2814/2642/2767
f 2837/2665/2790 2836/2664/2789 2838/2666/2791
f 2838/2666/2791 2839/2667/2792 2837/2665/2790
f 2839/2667/2792 2838/2666/2791 2840/2668/2793
f 2829/2657/2782 2828/2656/2781 2832/2660/2785
f 2821/2649/2774 2819/2647/2772 2841/2669/2794
f 2842/2652/2795 2843/2670/2796 2844/2671/2797
f 2843/2670/2796 2842/2652/2795 2845/2651/2798
f 2846/2672/2739 2781/2614/2734 2847/2673/2799
f 2846/2672/2739 2779/2612/2591 2781/2614/2734
f 2597/2454/2537 2590/2447/2530 2848/2674/2657
f 2849/2675/2592 2784/2601/2736 2783/2615/2590
f 2784/2601/2736 2849/2675/2592 2850/2676/2800
f 2783/2615/2590 2782/2603/2735 2780/2613/2588
f 2635/2489/2575 2583/2442/2523 2633/2409/2573
f 2647/2497/2524 2644/2494/2584 2851/2677/2801
f 2851/2677/2801 2574/2434/2514 2647/2497/2524
f 2618/2475/2558 2630/2384/2570 2619/2389/2559
f 2618/2475/2558 2591/2448/2531 2630/2384/2570
f 2605/2462/2545 2631/2486/2571 2604/2461/2544
f 2852/2678/2802 2614/2471/2554 2616/2473/2556
f 2852/2678/2802 2616/2473/2556 2853/2679/2803
f 2602/2459/2542 2604/2461/2544 2600/2457/2540
f 2505/2370/2462 2854/2552/2804 2506/2371/2463
f 2505/2370/2462 2855/2680/2805 2854/2552/2804
f 2505/2370/2462 2502/2367/2459 2504/2369/2461
f 2855/2680/2805 2455/2323/2412 2854/2552/2804
f 2855/2680/2805 2453/2321/2410 2455/2323/2412
f 2574/2434/2514 2851/2677/2801 2856/2681/2806
f 2856/2681/2806 2569/2429/2509 2574/2434/2514
f 2726/2567/2669 2625/2481/2565 2624/2480/2564
f 2624/2480/2564 2622/2478/2562 2621/2477/2561
f 2449/2317/2406 2445/2313/2402 2857/2682/2807
f 2391/2259/2348 2385/2253/2341 2393/2261/2350
f 2686/2532/2629 2685/2531/2628 2858/2683/2808
f 2420/2288/2377 2382/2250/2338 2419/2287/2376
f 2409/2277/2366 2384/2252/2340 2379/2247/2335
f 2392/2260/2349 2385/2253/2341 2384/2252/2340
f 2692/2537/2635 2691/2232/2634 2859/2347/2809
f 2693/2538/2636 2367/2235/2323 2684/2530/2627
f 2684/2530/2627 2369/2237/2325 2686/2532/2629
f 2860/2684/2810 2861/2685/2811 2862/2686/2812
f 2862/2686/2812 2863/2687/2813 2864/2688/2814
f 2862/2686/2812 2865/2689/2815 2866/2690/2816
f 2862/2686/2812 2861/2685/2811 2863/2687/2813
f 2862/2686/2812 2867/2691/2817 2860/2684/2810
f 2867/2691/2817 2868/2692/2818 2869/2693/2819
f 2867/2691/2817 2862/2686/2812 2870/2694/2820
f 2866/2690/2816 2870/2694/2820 2862/2686/2812
f 2865/2689/2815 2862/2686/2812 2864/2688/2814
f 2871/2695/2821 2872/2696/2822 2873/2697/2823
f 2871/2695/2821 2873/2697/2823 2874/2698/2824
f 2872/2696/2822 2871/2695/2821 2875/2699/2825
f 2873/2697/2823 2876/2700/2826 2877/2701/2827
f 2873/2697/2823 2878/2702/2828 2876/2700/2826
f 2873/2697/2823 2872/2696/2822 2878/2702/2828
f 2879/2703/2829 2880/2704/2830 2881/2705/2831
f 2880/2704/2830 2879/2703/2829 2882/2706/2832
f 2880/2704/2830 2883/2707/2833 2884/2708/2834
f 2880/2704/2830 2884/2708/2834 2885/2709/2835
f 2881/2705/2831 2885/2709/2835 2886/2710/2836
f 2883/2707/2833 2880/2704/2830 2882/2706/2832
f 2884/2708/2834 2887/2711/2837 2888/2712/2838
f 2884/2708/2834 2883/2707/2833 2887/2711/2837
f 2889/2713/2839 2890/2714/2840 2891/2715/2841
f 2889/2713/2839 2891/2715/2841 2871/2695/2821
f 2889/2713/2839 2874/2698/2824 2892/2716/2842
f 2891/2715/2841 2875/2699/2825 2871/2695/2821
f 2893/2717/2843 2894/2718/2844 2895/2719/2845
f 2893/2717/2843 2896/2720/2846 2894/2718/2844
f 2893/2717/2843 2897/2721/2847 2898/2722/2848
f 2897/2721/2847 2895/2719/2845 2899/2723/2849
f 2897/2721/2847 2899/2723/2849 2900/2724/2850
f 2897/2721/2847 2893/2717/2843 2895/2719/2845
f 2901/2725/2851 2902/2726/2852 2903/2727/2853
f 2901/2725/2851 2903/2727/2853 2904/2728/2854
f 2903/2727/2853 2905/2729/2855 2906/2730/2856
f 2907/2731/2857 2904/2728/2854 2903/2727/2853
f 2907/2731/2857 2906/2730/2856 2908/2732/2858
f 2909/2733/2859 2910/2734/2860 2911/2735/2861
f 2910/2734/2860 2909/2733/2859 2912/2736/2862
f 2911/2735/2861 2913/2737/2863 2914/2738/2864
f 2912/2736/2862 2915/2739/2865 2916/2740/2865
f 2917/2734/2866 2918/2741/2867 2919/2742/2868
f 2918/2741/2867 2917/2734/2866 2920/2736/2869
f 2918/2741/2867 2920/2736/2869 2921/2743/2870
f 2922/2740/2870 2921/2743/2870 2920/2736/2869
f 2915/2739/2865 2912/2736/2862 2909/2733/2859
f 2923/2744/2871 2886/2710/2836 2885/2709/2835
f 2923/2744/2871 2885/2709/2835 2924/2745/2872
f 2923/2744/2871 2925/2746/2873 2926/2747/2874
f 2925/2746/2873 2923/2744/2871 2924/2745/2872
f 2926/2747/2874 2927/2748/2875 2928/2749/2876
f 2926/2747/2874 2925/2746/2873 2927/2748/2875
f 2926/2747/2874 2929/2750/2877 2923/2744/2871
f 2924/2745/2872 2930/2751/2878 2931/2752/2879
f 2924/2745/2872 2931/2752/2879 2925/2746/2873
f 2929/2750/2877 2926/2747/2874 2932/2753/2880
f 2932/2753/2880 2933/2754/2881 2929/2750/2877
f 2932/2753/2880 2928/2749/2876 2934/2755/2882
f 2928/2749/2876 2932/2753/2880 2926/2747/2874
f 2934/2755/2882 2935/2756/2883 2936/2757/2884
f 2934/2755/2882 2937/2758/2885 2938/2759/2886
f 2927/2748/2875 2937/2758/2885 2928/2749/2876
f 2939/2760/2887 2940/2761/2888 2941/2762/2889
f 2939/2760/2887 2941/2762/2889 2942/2763/2890
f 2941/2762/2889 2943/2764/2891 2944/2765/2892
f 2942/2763/2890 2945/2766/2893 2946/2767/2894
f 2940/2761/2888 2947/2764/2895 2941/2762/2889
f 2945/2766/2893 2942/2763/2890 2941/2762/2889
f 2945/2766/2893 2941/2762/2889 2944/2765/2892
f 2943/2764/2891 2948/2768/2896 2944/2765/2892
f 2947/2764/2895 2940/2761/2888 2949/2769/2897
f 2949/2769/2897 2950/2770/2898 2947/2764/2895
f 2949/2769/2897 2951/2771/2899 2950/2770/2898
f 2952/2772/2900 2953/2773/2901 2954/2774/2879
f 2952/2772/2900 2954/2774/2879 2955/2775/2902
f 2953/2773/2901 2956/2776/2903 2957/2777/2904
f 2953/2773/2901 2958/2778/2905 2959/2779/2906
f 2953/2773/2901 2960/2780/2907 2954/2774/2879
f 2954/2774/2879 2960/2780/2907 2961/2781/2908
f 2955/2775/2902 2962/2782/2909 2952/2772/2900
f 2930/2751/2878 2963/2783/2910 2964/2784/2911
f 2965/2785/2873 2954/2774/2879 2961/2781/2908
f 2960/2780/2907 2953/2773/2901 2959/2779/2906
f 2960/2780/2907 2966/2786/2912 2961/2781/2908
f 2960/2780/2907 2959/2779/2906 2967/2787/2913
f 2968/2788/2914 2969/2789/2915 2970/2790/2916
f 2968/2788/2914 2971/2791/2917 2972/2792/2918
f 2968/2788/2914 2973/2793/2919 2974/2794/2920
f 2973/2793/2919 2975/2795/2921 2976/2796/2922
f 2973/2793/2919 2972/2792/2918 2977/2797/2887
f 2973/2793/2919 2968/2788/2914 2972/2792/2918
f 2974/2794/2920 2976/2796/2922 2978/2798/2923
f 2972/2792/2918 2979/2799/2924 2977/2797/2887
f 2979/2799/2924 2971/2791/2917 2980/2800/2925
f 2971/2791/2917 2968/2788/2914 2970/2790/2916
f 2971/2791/2917 2981/2801/2926 2982/2802/2927
f 2971/2791/2917 2979/2799/2924 2972/2792/2918
f 2971/2791/2917 2983/2803/2928 2980/2800/2925
f 2933/2754/2881 2984/2804/2929 2929/2750/2877
f 2933/2754/2881 2932/2753/2880 2936/2757/2884
f 2936/2757/2884 2932/2753/2880 2934/2755/2882
f 2985/2805/2930 2986/2806/2931 2987/2807/2932
f 2985/2805/2930 2988/2808/2933 2989/2809/2934
f 2988/2808/2933 2990/2810/2935 2989/2809/2934
f 2989/2809/2934 2991/2811/2936 2986/2806/2931
f 2990/2810/2935 2969/2789/2915 2992/2812/2937
f 2990/2810/2935 2993/2813/2938 2994/2814/2939
f 2990/2810/2935 2995/2815/2940 2989/2809/2934
f 2993/2813/2938 2990/2810/2935 2988/2808/2933
f 2994/2814/2939 2996/2816/2941 2997/2817/2942
f 2994/2814/2939 2993/2813/2938 2996/2816/2941
f 2935/2756/2883 2938/2759/2886 2998/2818/2941
f 2995/2815/2940 2992/2812/2937 2974/2794/2920
f 2995/2815/2940 2978/2798/2923 2991/2811/2936
f 2995/2815/2940 2990/2810/2935 2992/2812/2937
f 2992/2812/2937 2968/2788/2914 2974/2794/2920
f 2969/2789/2915 2999/2819/2943 2970/2790/2916
f 2969/2789/2915 3000/2820/2944 3001/2821/2945
f 2969/2789/2915 2990/2810/2935 2994/2814/2939
f 2969/2789/2915 2968/2788/2914 2992/2812/2937
f 3002/2822/2946 3003/2823/2947 3004/2824/2948
f 3003/2823/2947 3005/2825/2949 3004/2824/2948
f 3004/2824/2948 3006/2826/2950 3002/2822/2946
f 3007/2827/2951 3008/2828/2952 3009/2829/2953
f 3008/2828/2952 3010/2830/2954 3011/2831/2955
f 3008/2828/2952 3007/2827/2951 3010/2830/2954
f 3008/2828/2952 3012/2832/2956 3013/2833/2957
f 3010/2830/2954 2957/2777/2904 2956/2776/2903
f 3010/2830/2954 3007/2827/2951 2957/2777/2904
f 3014/2834/2958 3004/2824/2948 3005/2825/2949
f 3014/2834/2958 3015/2835/2951 3004/2824/2948
f 3005/2825/2949 3003/2823/2947 3016/2836/2959
f 3015/2835/2951 3017/2837/2960 3018/2838/2904
f 3019/2839/2961 3020/2840/2962 3021/2841/2963
f 3021/2841/2963 3022/2842/2964 3023/2843/2965
f 3021/2841/2963 3024/2844/2966 3019/2839/2961
f 3021/2841/2963 3020/2840/2962 3022/2842/2964
f 3024/2844/2966 3025/2845/2967 3019/2839/2961
f 3026/2846/2968 3027/2844/2969 3028/2841/2970
f 3027/2844/2969 3026/2846/2968 3029/2847/2971
f 3028/2841/2970 3030/2848/2972 3026/2846/2968
f 3029/2847/2971 3031/2849/2973 3027/2844/2969
f 3030/2848/2972 3028/2841/2970 3032/2843/2974
f 3033/2850/2975 3034/2851/2976 3035/2852/2977
f 3034/2851/2976 3036/2853/2978 3037/2854/2979
f 3034/2851/2976 3038/2855/2980 3039/2856/2981
f 3034/2851/2976 3033/2850/2975 3036/2853/2978
f 3035/2852/2977 3039/2856/2981 3040/2857/2982
f 3036/2853/2978 3041/2858/2983 3037/2854/2979
f 3036/2853/2978 3033/2850/2975 3042/2859/2984
f 3036/2853/2978 3042/2859/2984 3043/2860/2985
f 3041/2858/2983 3036/2853/2978 3044/2861/2986
f 3044/2861/2986 3036/2853/2978 3043/2860/2985
f 3045/2862/2987 3046/2863/2988 3047/2864/2989
f 3045/2862/2987 3047/2864/2989 3048/2865/2990
f 3046/2863/2988 2892/2716/2842 3047/2864/2989
f 3046/2863/2988 3049/2866/2991 2892/2716/2842
f 3047/2864/2989 2874/2698/2824 3050/2867/2992
f 3048/2865/2990 3050/2867/2992 3051/2868/2993
f 3052/2869/2994 3053/2870/2995 3054/2871/2996
f 3053/2870/2995 3055/2872/2997 3054/2871/2996
f 3053/2870/2995 3052/2869/2994 3056/2873/2998
f 3053/2870/2995 2905/2729/2855 3055/2872/2997
f 3054/2871/2996 3055/2872/2997 3057/2874/2999
f 3056/2873/2998 2906/2730/2856 3053/2870/2995
f 3050/2867/2992 3058/2875/3000 3051/2868/2993
f 3050/2867/2992 3048/2865/2990 3047/2864/2989
f 3059/2876/3001 3060/2877/3002 3061/2878/3003
f 3059/2876/3001 3061/2878/3003 3062/2879/3004
f 3061/2878/3003 3063/2880/3005 3064/2881/3006
f 3061/2878/3003 3060/2877/3002 3063/2880/3005
f 3062/2879/3004 3061/2878/3003 3065/2882/3007
f 3065/2882/3007 3064/2881/3006 3066/2883/3008
f 3067/2884/3009 3068/2885/3010 3069/2886/3011
f 3067/2884/3009 3070/2887/3001 3071/2888/3012
f 3070/2887/3001 3067/2884/3009 3069/2886/3011
f 3069/2886/3011 3072/2889/3013 3073/2890/3014
f 3069/2886/3011 3068/2885/3010 3072/2889/3013
f 3069/2886/3011 3074/2891/3015 3075/2892/3016
f 3069/2886/3011 3075/2892/3016 3070/2887/3001
f 3076/2893/3017 2874/2698/2824 2877/2701/2827
f 3076/2893/3017 3077/2894/3018 3078/2895/3019
f 3076/2893/3017 3078/2895/3019 3058/2875/3000
f 3058/2875/3000 3050/2867/2992 3076/2893/3017
f 3077/2894/3018 2877/2701/2827 3079/2896/3020
f 3080/2897/3021 3081/2898/3022 3082/2899/3023
f 3080/2897/3021 3083/2900/3024 3084/2901/3025
f 3083/2900/3024 3080/2897/3021 3085/2902/3026
f 3084/2901/3025 3086/2903/3027 3080/2897/3021
f 3085/2902/3026 3082/2899/3023 3087/2904/3028
f 2888/2712/2838 2963/2783/2910 2884/2708/2834
f 3088/2905/3029 3089/2906/3030 3090/2907/3031
f 3089/2906/3030 3088/2905/3029 3091/2908/3032
f 3090/2907/3031 3064/2881/3006 3088/2905/3029
f 3091/2908/3032 2962/2782/2909 3092/2909/3033
f 3093/2910/3034 3094/2911/3035 3095/2912/3036
f 3093/2910/3034 3096/2913/3037 3097/2914/3038
f 3094/2911/3035 3093/2910/3034 3097/2914/3038
f 3095/2912/3036 3098/2915/3039 3099/2916/3040
f 3095/2912/3036 3094/2911/3035 3098/2915/3039
f 3100/2917/3041 3101/2918/3042 3102/2919/3043
f 3100/2917/3041 3103/2920/3044 3104/2921/3045
f 3104/2921/3045 3105/2922/3046 3101/2918/3042
f 3106/2923/3047 3104/2921/3045 3103/2920/3044
f 3106/2923/3047 3107/2924/3048 3104/2921/3045
f 3060/2877/3002 2956/2776/2903 3063/2880/3005
f 3060/2877/3002 3059/2876/3001 3011/2831/2955
f 3063/2880/3005 2952/2772/2900 2962/2782/2909
f 3064/2881/3006 3065/2882/3007 3061/2878/3003
f 3064/2881/3006 3090/2907/3031 3066/2883/3008
f 3064/2881/3006 3063/2880/3005 3088/2905/3029
f 2962/2782/2909 3088/2905/3029 3063/2880/3005
f 2962/2782/2909 3091/2908/3032 3088/2905/3029
f 2962/2782/2909 2955/2775/2902 3092/2909/3033
f 2956/2776/2903 2952/2772/2900 3063/2880/3005
f 2956/2776/2903 2953/2773/2901 2952/2772/2900
f 2956/2776/2903 3060/2877/3002 3010/2830/2954
f 3074/2891/3015 3108/2890/3049 3109/2925/3050
f 3011/2831/2955 3010/2830/2954 3060/2877/3002
f 3012/2832/2956 3110/2926/3051 3013/2833/2957
f 3012/2832/2956 3008/2828/2952 3011/2831/2955
f 3111/2927/3052 2986/2806/2931 2991/2811/2936
f 3111/2927/3052 2991/2811/2936 3112/2928/3053
f 2986/2806/2931 2985/2805/2930 2989/2809/2934
f 2991/2811/2936 2978/2798/2923 3113/2929/3054
f 2991/2811/2936 2989/2809/2934 2995/2815/2940
f 3112/2928/3053 3114/2930/3055 3115/2931/3056
f 3112/2928/3053 3116/2932/3057 3111/2927/3052
f 3112/2928/3053 2991/2811/2936 3113/2929/3054
f 3113/2929/3054 3117/2933/3058 3114/2930/3055
f 2978/2798/2923 2995/2815/2940 2974/2794/2920
f 2978/2798/2923 3118/2934/3059 3113/2929/3054
f 3119/2935/3060 3120/2936/3061 3121/2937/3052
f 3119/2935/3060 2886/2710/2836 2984/2804/2929
f 3119/2935/3060 3122/2938/3062 2881/2705/2831
f 2886/2710/2836 3119/2935/3060 2881/2705/2831
f 2886/2710/2836 2923/2744/2871 2929/2750/2877
f 2984/2804/2929 2886/2710/2836 2929/2750/2877
f 3120/2936/3061 3119/2935/3060 2984/2804/2929
f 3118/2934/3059 2976/2796/2922 3123/2939/3063
f 3118/2934/3059 3124/2940/3064 3117/2933/3058
f 3118/2934/3059 2978/2798/2923 2976/2796/2922
f 2976/2796/2922 2974/2794/2920 2973/2793/2919
f 2975/2795/2921 3125/2941/3065 3126/2942/3066
f 2975/2795/2921 3127/2943/3067 3123/2939/3063
f 2975/2795/2921 2973/2793/2919 2977/2797/2887
f 2975/2795/2921 3123/2939/3063 2976/2796/2922
f 2963/2783/2910 2930/2751/2878 2924/2745/2872
f 2963/2783/2910 2888/2712/2838 2964/2784/2911
f 2885/2709/2835 2884/2708/2834 2963/2783/2910
f 2885/2709/2835 2881/2705/2831 2880/2704/2830
f 2885/2709/2835 2963/2783/2910 2924/2745/2872
f 3128/2944/3068 3129/2945/3069 3130/2946/3070
f 3128/2944/3068 3131/2947/3071 3129/2945/3069
f 3128/2944/3068 3132/2948/3072 3133/2949/3073
f 3132/2948/3072 3128/2944/3068 3130/2946/3070
f 3133/2949/3073 3132/2948/3072 3134/2950/3074
f 3133/2949/3073 3135/2951/3075 3128/2944/3068
f 3133/2949/3073 3136/2952/3076 3137/2953/3077
f 3135/2951/3075 3133/2949/3073 3137/2953/3077
f 3136/2952/3076 3133/2949/3073 3138/2954/3078
f 3136/2952/3076 3139/2955/3079 3140/2956/3080
f 3138/2954/3078 3133/2949/3073 3134/2950/3074
f 3138/2954/3078 3141/2957/3081 3139/2955/3079
f 3142/2958/3082 3110/2926/3051 3143/2959/3083
f 3142/2958/3082 3144/2960/3084 3145/2961/3085
f 3144/2960/3084 3142/2958/3082 3146/2962/3086
f 3145/2961/3085 3147/2963/3087 3142/2958/3082
f 3145/2961/3085 3144/2960/3084 3148/2964/3088
f 3146/2962/3086 3142/2958/3082 3143/2959/3083
f 3147/2963/3087 3145/2961/3085 3149/2965/3089
f 3149/2965/3089 3150/2966/3090 3151/2967/3091
f 3150/2966/3090 3149/2965/3089 3145/2961/3085
f 3151/2967/3091 3152/2968/3092 3153/2969/3093
f 3154/2966/3094 3145/2961/3085 3148/2964/3088
f 3154/2966/3094 3155/2970/3095 3156/2968/3096
f 3157/2971/3097 3158/2972/3098 3159/2973/3099
f 3157/2971/3097 3160/2974/3100 3158/2972/3098
f 3158/2972/3098 3161/2975/3101 3162/2976/3102
f 3158/2972/3098 3163/2977/3103 3164/2978/3104
f 3159/2973/3099 3165/2979/3105 3157/2971/3097
f 3159/2973/3099 3166/2980/3106 3167/2981/3107
f 3159/2973/3099 3164/2978/3104 3166/2980/3106
f 3164/2978/3104 3159/2973/3099 3158/2972/3098
f 3162/2976/3102 3163/2977/3103 3158/2972/3098
f 3162/2976/3102 3168/2982/3108 3163/2977/3103
f 3162/2976/3102 3169/2983/3109 3170/2984/3110
f 3161/2975/3101 3158/2972/3098 3160/2974/3100
f 3171/2985/3111 3172/2986/3112 3173/2987/3112
f 3171/2985/3111 3174/2988/3113 3175/2989/3114
f 3174/2988/3113 3171/2985/3111 3176/2990/3115
f 3175/2989/3114 3174/2988/3113 3177/2991/3116
f 3175/2989/3114 3177/2991/3116 3178/2992/3117
f 3176/2990/3115 3171/2985/3111 3179/2987/3118
f 3180/2993/3119 3175/2989/3114 3181/2994/3120
f 3180/2993/3119 3171/2985/3111 3175/2989/3114
f 3181/2994/3120 3178/2992/3117 3182/2995/3121
f 3178/2992/3117 3183/2996/3122 3129/2945/3069
f 3178/2992/3117 3181/2994/3120 3175/2989/3114
f 3182/2995/3121 3129/2945/3069 3131/2947/3071
f 3184/2997/3123 3185/2998/3124 3186/2999/3125
f 3184/2997/3123 3187/3000/3126 3188/3001/3127
f 3187/3000/3126 3184/2997/3123 3189/3002/3128
f 3189/3002/3128 3186/2999/3125 3190/3003/3129
f 3189/3002/3128 3184/2997/3123 3186/2999/3125
f 3185/2998/3124 3191/3004/3130 3186/2999/3125
f 3141/2957/3081 3138/2954/3078 3134/2950/3074
f 3139/2955/3079 3136/2952/3076 3138/2954/3078
f 3192/3005/3131 3193/3006/3132 3194/3007/3133
f 3192/3005/3131 3195/3008/3134 3196/3009/3135
f 3193/3006/3132 3192/3005/3131 3196/3009/3135
f 3194/3007/3133 3193/3006/3132 3197/3010/3136
f 3198/3011/3137 3199/3005/3138 3200/3007/3139
f 3199/3005/3138 3198/3011/3137 3201/3012/3140
f 3200/3007/3139 3202/3013/3141 3203/3014/3142
f 3201/3012/3140 3204/3015/3143 3205/3016/3144
f 3201/3012/3140 3205/3016/3144 3199/3005/3138
f 3203/3014/3142 3198/3011/3137 3200/3007/3139
f 3197/3010/3136 3206/3013/3145 3194/3007/3133
f 3207/3017/3146 3156/2968/3096 3208/3018/3147
f 3207/3017/3146 3209/3019/3148 3210/3020/3130
f 3209/3019/3148 3207/3017/3146 3208/3018/3147
f 3211/3021/3149 3212/3017/3150 3210/3020/3151
f 3212/3017/3150 3153/2969/3093 3152/2968/3092
f 3212/3017/3150 3211/3021/3149 3213/3022/3152
f 3214/2948/3149 3215/3023/3151 3134/2950/3074
f 3215/3023/3151 3141/2957/3081 3134/2950/3074
f 3191/3004/3130 3216/3024/3153 3186/2999/3125
f 3216/3024/3153 3190/3003/3129 3186/2999/3125
f 3217/3025/3154 3218/3026/3155 3219/3027/3156
f 3218/3026/3155 3220/3028/3157 3219/3027/3156
f 3219/3027/3156 3170/2984/3110 3169/2983/3109
f 3220/3028/3157 3168/2982/3108 3170/2984/3110
f 3221/3029/3158 3222/3030/3159 3190/3003/3129
f 3221/3029/3158 3190/3003/3129 3216/3024/3153
f 3190/3003/3129 3223/3000/3160 3189/3002/3128
f 3223/3000/3160 3190/3003/3129 3224/3031/3161
f 3225/3032/3162 3226/3033/3163 3227/3034/3164
f 3226/3033/3163 3225/3032/3162 3228/3035/3165
f 3226/3033/3163 3229/3036/3166 3227/3034/3164
f 3226/3033/3163 3228/3035/3165 3230/3037/3167
f 3229/3036/3166 3226/3033/3163 3231/3038/3168
f 3231/3038/3168 3232/3039/3169 3233/3040/3170
f 3232/3039/3169 3226/3033/3163 3230/3037/3167
f 3232/3039/3169 3231/3038/3168 3226/3033/3163
f 3234/3041/3171 3235/3042/3172 3236/3043/3173
f 3234/3041/3171 3237/3044/3174 3238/3045/3175
f 3234/3041/3171 3239/3046/3176 3235/3042/3172
f 3236/3043/3173 3235/3042/3172 3240/3047/3177
f 3236/3043/3173 3241/3048/3178 3242/3049/3179
f 3236/3043/3173 3240/3047/3177 3243/3050/3180
f 3237/3044/3174 3234/3041/3171 3236/3043/3173
f 3238/3045/3175 3244/3051/3181 3245/3052/3182
f 3238/3045/3175 3245/3052/3182 3234/3041/3171
f 3242/3049/3179 3237/3044/3174 3236/3043/3173
f 3241/3048/3178 3236/3043/3173 3243/3050/3180
f 3246/3053/3183 3247/3054/3184 3248/3055/3185
f 3247/3054/3184 3246/3053/3183 3249/3056/3186
f 3248/3055/3185 3250/3057/3187 3251/3058/3188
f 3249/3056/3186 3252/3059/3189 3253/3060/3190
f 3254/3054/3191 3255/3061/3192 3256/3062/3193
f 3255/3061/3192 3254/3054/3191 3257/3056/3194
f 3255/3061/3192 3257/3056/3194 3258/3063/3195
f 3259/3060/3196 3258/3063/3195 3257/3056/3194
f 3252/3059/3189 3249/3056/3186 3246/3053/3183
f 3260/3064/3197 3261/3065/3198 3262/3066/3199
f 3261/3065/3198 3260/3064/3197 3263/3067/3200
f 3262/3066/3199 3264/3068/3201 3265/3069/3202
f 3266/3065/3203 3267/3070/3204 3268/3071/3205
f 3267/3070/3204 3266/3065/3203 3263/3067/3206
f 3268/3071/3205 3269/3068/3207 3266/3065/3203
f 3270/3072/3204 3271/3073/3208 3272/3074/3209
f 3271/3073/3208 3270/3072/3204 3273/3075/3210
f 3272/3074/3209 3271/3073/3208 3274/3076/3211
f 3273/3075/3210 3275/3077/3212 3271/3073/3208
f 3275/3077/3212 3273/3075/3210 3276/3078/3197
f 3275/3077/3212 3277/3076/3213 3271/3073/3208
f 3278/3079/3214 3279/3080/3215 3280/3076/3216
f 3280/3076/3216 3279/3080/3215 3281/3081/3217
f 3277/3076/3213 3275/3077/3212 3282/3079/3178
f 3274/3076/3211 3283/3082/3218 3272/3074/3209
f 3283/3082/2985 3284/3076/3219 3285/3083/3220
f 3284/3076/3219 3286/3081/3221 3285/3083/3220
f 3287/3084/3222 3288/3085/3223 3289/3086/3224
f 3288/3085/3223 3287/3084/3222 3290/3087/2818
f 3289/3086/3224 3291/3088/3225 3292/3089/3226
f 3290/3087/2818 3293/3090/2816 3294/3091/3227
f 3294/3091/3227 3295/3085/3228 3290/3087/2818
f 3295/3085/3228 3294/3091/3227 3296/3092/3229
f 3296/3092/3229 3291/3088/3225 3295/3085/3228
f 3293/3090/2816 3290/3087/2818 3297/3093/3230
f 2868/2692/2818 2867/2691/2817 2870/2694/2820
f 3298/3094/3231 3299/3095/3232 3300/3096/3233
f 3298/3094/3231 3301/3097/3234 3302/3098/3235
f 3298/3094/3231 3300/3096/3233 3303/3099/3236
f 3303/3099/3236 3300/3096/3233 3304/3100/3237
f 3303/3099/3236 3304/3100/3237 3305/3101/3238
f 3301/3097/3234 3298/3094/3231 3303/3099/3236
f 3302/3098/3235 3306/3102/3239 3298/3094/3231
f 3302/3098/3235 3307/3103/3240 3306/3102/3239
f 3308/2691/3241 3309/3104/3242 3310/2684/3243
f 3309/3104/3242 3308/2691/3241 3311/2693/3244
f 3305/3101/3238 3312/3105/3245 3303/3099/3236
f 3313/3106/3246 3314/3107/3247 3315/3108/3248
f 3314/3107/3247 3313/3106/3246 3316/3109/3249
f 3315/3108/3248 3317/3110/3250 3318/3111/3251
f 3316/3109/3249 3313/3106/3246 3319/3112/3252
f 3316/3109/3249 3319/3112/3252 3320/3113/3253
f 3321/3107/3254 3322/3114/3255 3323/3110/3256
f 3321/3107/3254 3324/3109/3257 3325/3115/3258
f 3324/3109/3257 3326/3116/3259 3325/3115/3258
f 3326/3116/3259 3327/3113/3260 3328/3117/3260
f 3327/3113/3260 3326/3116/3259 3324/3109/3257
f 2958/2778/2905 3329/3118/3261 3330/3119/3262
f 2958/2778/2905 3331/3120/3263 2959/2779/2906
f 2958/2778/2905 2953/2773/2901 2957/2777/2904
f 3017/2837/2960 3015/2835/2951 3014/2834/2958
f 3332/3121/3264 3333/3122/3265 3334/3123/3266
f 3333/3122/3265 3335/3124/3267 3336/3125/3268
f 3333/3122/3265 3337/3126/3269 3338/3127/3270
f 3333/3122/3265 3332/3121/3264 3337/3126/3269
f 3334/3123/3266 3336/3125/3268 3339/3128/3271
f 3337/3126/3269 3340/3129/3272 3338/3127/3270
f 3341/3037/3273 3342/3130/3269 3343/3039/3274
f 3342/3130/3269 3344/3131/3275 3345/3040/3276
f 3346/1312/3272 3342/3130/3269 3341/3037/3273
f 3345/3040/3276 3343/3039/3274 3342/3130/3269
f 3347/3132/3277 3348/3133/3278 3349/3134/3279
f 3347/3132/3277 3350/3135/3280 3351/3136/3281
f 3347/3132/3277 3349/3134/3279 3352/3137/3282
f 3347/3132/3277 3353/3138/3283 3354/3139/3284
f 3352/3137/3282 3349/3134/3279 3355/3140/3285
f 3352/3137/3282 3355/3140/3285 3356/3141/3162
f 3350/3135/3280 3357/3142/3286 3351/3136/3281
f 3350/3135/3280 3347/3132/3277 3352/3137/3282
f 3358/3143/3287 3359/3144/3288 3350/3135/3280
f 3358/3143/3287 3350/3135/3280 3352/3137/3282
f 3358/3143/3287 3352/3137/3282 3360/3145/3289
f 3360/3145/3289 3352/3137/3282 3356/3141/3162
f 3357/3142/3286 3350/3135/3280 3359/3144/3288
f 3359/3144/3288 3358/3143/3287 3361/3146/3290
f 3362/3147/3286 3363/3148/3291 3364/3149/3292
f 3362/3147/3286 3365/3150/3293 3366/3151/3294
f 3365/3150/3293 3367/3152/3295 3366/3151/3294
f 3367/3152/3295 3365/3150/3293 3368/3153/3170
f 3369/3154/3168 3368/3153/3170 3365/3150/3293
f 3169/2983/3109 3162/2976/3102 3161/2975/3101
f 3170/2984/3110 3219/3027/3156 3220/3028/3157
f 3168/2982/3108 3162/2976/3102 3170/2984/3110
f 3168/2982/3108 3220/3028/3157 3370/3155/3158
f 3155/2970/3095 3154/2966/3094 3148/2964/3088
f 3156/2968/3096 3155/2970/3095 3208/3018/3147
f 3152/2968/3092 3151/2967/3091 3150/2966/3090
f 3153/2969/3093 3212/3017/3150 3213/3022/3152
f 3371/3156/3296 3372/3157/3297 3373/3158/3298
f 3371/3156/3296 3373/3158/3298 3374/3016/3299
f 3374/3016/3299 3373/3158/3298 3195/3008/3134
f 3195/3008/3134 3192/3005/3131 3374/3016/3299
f 3204/3015/3143 3375/3156/3300 3205/3016/3144
f 3375/3156/3300 3204/3015/3143 3376/3159/3301
f 3183/2996/3122 3178/2992/3117 3177/2991/3116
f 3129/2945/3069 3182/2995/3121 3178/2992/3117
f 3129/2945/3069 3183/2996/3122 3130/2946/3070
f 3131/2947/3071 3128/2944/3068 3135/2951/3075
f 3377/3160/3302 3318/3111/3251 3317/3110/3250
f 3377/3160/3302 3317/3110/3250 3378/3161/3303
f 3317/3110/3250 3315/3108/3248 3314/3107/3247
f 3378/3161/3303 2951/2771/2899 3377/3160/3302
f 3379/3161/3304 3323/3110/3256 3380/3162/3305
f 3379/3161/3304 2948/2768/2896 3381/2770/3306
f 3323/3110/3256 3322/3114/3255 3380/3162/3305
f 3322/3114/3255 3321/3107/3254 3325/3115/3258
f 3382/3163/3307 3383/3164/3308 3306/3102/3239
f 3382/3163/3307 3307/3103/3240 3384/3165/3309
f 3382/3163/3307 3385/3166/3310 3383/3164/3308
f 3306/3102/3239 3383/3164/3308 3299/3095/3232
f 3299/3095/3232 3298/3094/3231 3306/3102/3239
f 3307/3103/3240 3382/3163/3307 3306/3102/3239
f 3384/3165/3309 3386/3167/3311 3382/3163/3307
f 3292/3089/3226 3387/3168/3312 3388/3169/3313
f 3387/3168/3312 3292/3089/3226 3291/3088/3225
f 3387/3168/3312 3389/3170/3314 3390/3171/3315
f 3388/3169/3313 2982/2802/2927 2981/2801/2926
f 3291/3088/3225 3296/3092/3229 3389/3170/3314
f 3291/3088/3225 3289/3086/3224 3288/3085/3223
f 3389/3170/3314 3387/3168/3312 3291/3088/3225
f 3390/3171/3315 2982/2802/2927 3387/3168/3312
f 2914/2738/2864 3391/3172/3316 3392/3173/3317
f 3391/3172/3316 2914/2738/2864 2913/2737/2863
f 3392/3173/3317 3393/3174/3318 3394/3175/2896
f 2913/2737/2863 2911/2735/2861 2910/2734/2860
f 3395/3172/3319 3396/3176/3320 3397/3174/3321
f 3395/3172/3319 3398/3177/3322 3396/3176/3320
f 3398/3177/3322 3395/3172/3319 3399/2737/3323
f 3399/2737/3323 2917/2734/2866 2919/2742/2868
f 3399/2737/3323 2919/2742/2868 3398/3177/3322
f 3265/3069/3202 3400/3178/3324 3401/3179/3325
f 3400/3178/3324 3265/3069/3202 3264/3068/3201
f 3401/3179/3325 3001/2821/2945 3000/2820/2944
f 3264/3068/3201 3262/3066/3199 3261/3065/3198
f 3402/3178/3326 3403/3180/3327 3404/3181/3328
f 3403/3180/3327 3402/3178/3326 3269/3068/3207
f 3404/3181/3328 3001/2821/2945 3402/3178/3326
f 3269/3068/3207 3268/3071/3205 3403/3180/3327
f 3251/3058/3188 3405/3182/3329 3406/3183/3330
f 3405/3182/3329 3251/3058/3188 3250/3057/3187
f 3406/3183/3330 3407/3119/3331 3408/3118/3332
f 3250/3057/3187 3248/3055/3185 3247/3054/3184
f 3409/3182/3333 3410/3184/3334 3411/3185/3335
f 3409/3182/3333 3411/3185/3335 3330/3119/3262
f 3410/3184/3334 3409/3182/3333 3412/3057/3336
f 3412/3057/3336 3254/3054/3191 3256/3062/3193
f 3412/3057/3336 3256/3062/3193 3410/3184/3334
f 3413/3186/3337 3414/3187/3338 3415/3188/3339
f 3413/3186/3337 3244/3051/3181 3416/3189/3340
f 3413/3186/3337 3415/3188/3339 3245/3052/3182
f 3245/3052/3182 3415/3188/3339 3239/3046/3176
f 3239/3046/3176 3234/3041/3171 3245/3052/3182
f 3244/3051/3181 3413/3186/3337 3245/3052/3182
f 3416/3189/3340 3417/3190/3341 3413/3186/3337
f 3040/2857/2982 3418/3191/3342 3419/3192/3343
f 3418/3191/3342 3040/2857/2982 3039/2856/2981
f 3418/3191/3342 3420/3193/3344 3421/3194/3345
f 3418/3191/3342 3039/2856/2981 3422/3195/3346
f 3419/3192/3343 3421/3194/3345 3423/3196/3347
f 3039/2856/2981 3038/2855/2980 3422/3195/3346
f 3039/2856/2981 3035/2852/2977 3034/2851/2976
f 3038/2855/2980 3034/2851/2976 3037/2854/2979
f 3424/3197/3348 3353/3138/3283 3425/3198/3349
f 3353/3138/3283 3347/3132/3277 3351/3136/3281
f 3353/3138/3283 3424/3197/3348 3426/3199/3350
f 3353/3138/3283 3351/3136/3281 3425/3198/3349
f 3425/3198/3349 3351/3136/3281 3357/3142/3286
f 3426/3199/3350 3424/3197/3348 2998/2818/2941
f 3426/3199/3350 3354/3139/3284 3353/3138/3283
f 3427/3200/3351 2997/2817/2942 2996/2816/2941
f 3427/3200/3351 3364/3149/3292 3428/3201/3352
f 3364/3149/3292 3363/3148/3291 3428/3201/3352
f 3363/3148/3291 3362/3147/3286 3366/3151/3294
f 3354/3139/3284 3426/3199/3350 3429/3202/3353
f 3354/3139/3284 3429/3202/3353 3430/3203/3354
f 3354/3139/3284 3430/3203/3354 3348/3133/3278
f 3429/3202/3353 2938/2759/2886 2937/2758/2885
f 3429/3202/3353 3431/3204/3355 3430/3203/3354
f 3348/3133/3278 3347/3132/3277 3354/3139/3284
f 3339/3128/3271 3432/3205/3356 3433/3206/3357
f 3432/3205/3356 3339/3128/3271 3336/3125/3268
f 3432/3205/3356 3336/3125/3268 3434/3207/3358
f 3433/3206/3357 3435/3208/3359 3436/3209/3360
f 3336/3125/3268 3335/3124/3267 3434/3207/3358
f 3336/3125/3268 3334/3123/3266 3333/3122/3265
f 3434/3207/3358 3435/3208/3359 3432/3205/3356
f 3335/3124/3267 3333/3122/3265 3338/3127/3270
f 3437/3210/3361 3025/2845/2967 3438/2849/3362
f 3025/2845/2967 3024/2844/2966 3438/2849/3362
f 3438/2849/3362 3439/3211/3363 3437/3210/3361
f 3439/3211/3363 3440/3212/3364 3437/3210/3361
f 3441/3213/3365 3442/3211/3366 3031/2849/2973
f 3442/3211/3366 3441/3213/3365 3443/3214/3367
f 3031/2849/2973 3029/2847/2971 3441/3213/3365
f 3443/3214/3367 2967/2787/2913 3442/3211/3366
f 3444/3215/3368 3445/3216/3369 3446/3217/3370
f 3445/3216/3369 3444/3215/3368 3372/3157/3297
f 3446/3217/3370 3447/2941/3371 3444/3215/3368
f 3372/3157/3297 3371/3156/3296 3445/3216/3369
f 3448/3217/3372 3449/3218/3373 3450/3219/3374
f 3448/3217/3372 3450/3219/3374 3126/2942/3066
f 3449/3218/3373 3448/3217/3372 3451/3216/3375
f 3449/3218/3373 3451/3216/3375 3376/3159/3301
f 3451/3216/3375 3375/3156/3300 3376/3159/3301
f 3452/3220/3376 3453/3221/3377 3454/3222/3378
f 3452/3220/3376 3455/3223/3379 3456/3224/3380
f 3453/3221/3377 3457/3225/3381 3458/3226/3382
f 3457/3225/3381 3453/3221/3377 3452/3220/3376
f 3459/3227/3383 3460/3228/3384 3461/3229/3385
f 3459/3227/3383 3461/3229/3385 3462/3230/3386
f 3463/3231/3387 3464/3232/3388 3465/3233/3389
f 3466/3234/3390 3467/3235/3391 3468/3236/3392
f 3466/3234/3390 3469/3237/3393 3470/3238/3394
f 3471/3239/3395 3472/3240/3396 3473/3241/3397
f 3472/3240/3396 3474/3242/3398 3473/3241/3397
f 3472/3240/3396 3471/3239/3395 3475/3243/3399
f 3476/3244/3400 3477/3245/3401 3478/3246/3402
f 3476/3244/3400 3478/3246/3402 3479/3247/3403
f 3480/3248/3404 3470/3238/3394 3481/3249/3405
f 3480/3248/3404 3481/3249/3405 3482/3250/3406
f 3483/2130/3407 3484/3251/3408 3485/3252/3409
f 3484/3251/3408 3486/2129/3410 3477/3245/3401
f 3484/3251/3408 3477/3245/3401 3476/3244/3400
f 3484/3251/3408 3483/2130/3407 3486/2129/3410
f 3487/3253/3411 3488/3254/3412 3489/3223/3413
f 3489/3223/3413 3490/3255/3414 3487/3253/3411
f 3489/3223/3413 3488/3254/3412 3491/3232/3415
f 3491/3232/3415 3492/3256/3416 3493/3233/3417
f 3491/3232/3415 3488/3254/3412 3492/3256/3416
f 3490/3255/3414 3489/3223/3413 3494/3222/3418
f 3494/3222/3418 3495/3257/3419 3490/3255/3414
f 3496/3258/3420 3497/3237/3421 3498/3259/3422
f 3497/3237/3421 3496/3258/3420 3499/3249/3423
f 3499/3249/3423 3496/3258/3420 3500/3260/3424
f 3501/3261/3425 3502/3237/3426 3503/3236/3427
f 3502/3237/3426 3501/3261/3425 3498/3259/3428
f 3503/3236/3427 3504/3262/3429 3501/3261/3425
f 3505/3263/3430 3068/2885/3010 3506/3264/3431
f 3068/2885/3010 3067/2884/3009 3506/3264/3431
f 3068/2885/3010 3505/3263/3430 3507/3265/3432
f 3086/2903/3027 3084/2901/3025 3508/3266/3433
f 3086/2903/3027 3509/3267/3434 3510/3268/3435
f 3511/3269/3436 3512/3270/3437 3513/3271/3438
f 3512/3270/3437 3514/3272/3439 3515/3273/3440
f 3512/3270/3437 3511/3269/3436 3516/3274/3441
f 3512/3270/3437 3515/3273/3440 3081/2898/3022
f 3513/3271/3438 3081/2898/3022 3517/3275/3442
f 3518/3276/3443 3519/3277/3444 3520/3278/3445
f 3519/3277/3444 3521/3279/3446 3520/3278/3445
f 3521/3279/3446 3522/3280/3447 3520/3278/3445
f 3521/3279/3446 3523/3281/3448 3524/3282/3449
f 3525/3283/3450 3526/3284/3451 3519/3277/3444
f 3525/3283/3450 3519/3277/3444 3518/3276/3443
f 3526/3284/3451 3527/3285/3452 3528/3286/3453
f 3526/3284/3451 3529/3287/3454 3523/3281/3448
f 3526/3284/3451 3523/3281/3448 3519/3277/3444
f 3530/3288/3455 3531/3289/3456 3532/3290/3457
f 3530/3288/3455 3533/3291/3458 3534/3292/3459
f 3531/3289/3456 3535/3293/3460 3536/3294/3461
f 3531/3289/3456 3530/3288/3455 3537/3295/3462
f 3535/3293/3460 3531/3289/3456 3537/3295/3462
f 3536/3294/3461 3538/3296/3463 3539/3297/3464
f 3536/3294/3461 3535/3293/3460 3538/3296/3463
f 3540/3298/3465 3541/3299/3466 3542/3300/3467
f 3541/3299/3466 3540/3298/3465 3543/3301/3468
f 3541/3299/3466 3544/3302/3469 3542/3300/3467
f 3541/3299/3466 3545/3303/3470 3546/3304/3471
f 3547/3305/3472 3548/3306/3473 3549/3307/3474
f 3547/3305/3472 3549/3307/3474 3550/3308/3475
f 3548/3306/3473 3551/3309/3476 3549/3307/3474
f 3548/3306/3473 3552/3310/3477 3551/3309/3476
f 3550/3308/3475 3553/3311/3478 3554/3312/3479
f 3555/3313/3480 3547/3305/3472 3550/3308/3475
f 3555/3313/3480 3550/3308/3475 3556/3314/3481
f 3556/3314/3481 3550/3308/3475 3554/3312/3479
f 3553/3311/3478 3557/3315/3482 3554/3312/3479
f 3558/3316/3483 3559/3317/3484 3560/3318/3485
f 3559/3317/3484 3561/3319/3486 3560/3318/3485
f 3561/3319/3486 3562/3320/3487 3563/3321/3488
f 3561/3319/3486 3564/3322/3489 3560/3318/3485
f 3565/3323/3490 3559/3317/3484 3558/3316/3483
f 3565/3323/3490 3566/3324/3491 3559/3317/3484
f 3566/3324/3491 3567/3325/3492 3568/3326/3493
f 3566/3324/3491 3569/3327/3494 3562/3320/3487
f 3566/3324/3491 3562/3320/3487 3559/3317/3484
f 3570/3328/3495 3571/3329/3496 3572/3330/3497
f 3572/3330/3497 3573/3331/3498 3574/3332/3499
f 3575/3333/3495 3571/3329/3496 3570/3328/3495
f 3573/3331/3498 3572/3330/3497 3571/3329/3496
f 3573/3331/3498 3576/3334/3500 3574/3332/3499
f 3577/3335/3501 3578/3336/3502 3579/3337/3503
f 3577/3335/3501 3580/3338/3504 3581/3339/3505
f 3580/3338/3504 3577/3335/3501 3582/3340/3506
f 3581/3339/3505 3583/3341/3507 3584/3342/3508
f 3582/3340/3506 3579/3337/3503 3585/3343/3509
f 3582/3340/3506 3586/3344/3510 3587/3345/3511
f 3588/3346/3512 3589/3347/3513 3590/3348/3514
f 3589/3347/3513 3588/3346/3512 3591/3349/3515
f 3589/3347/3513 3592/3350/3516 3590/3348/3514
f 3586/3344/3510 3582/3340/3506 3585/3343/3509
f 3579/3337/3503 3582/3340/3506 3577/3335/3501
f 3593/3351/3517 3522/3280/3447 3594/3352/3518
f 3522/3280/3447 3593/3351/3517 3595/3353/3519
f 3522/3280/3447 3521/3279/3446 3594/3352/3518
f 3594/3352/3518 3524/3282/3449 3596/3354/3520
f 3539/3297/3464 3597/3355/3521 3598/3356/3522
f 3597/3355/3521 3539/3297/3464 3538/3296/3463
f 3527/3285/3452 3526/3284/3451 3525/3283/3450
f 3528/3286/3453 3529/3287/3454 3526/3284/3451
f 3544/3302/3469 3541/3299/3466 3599/3357/3523
f 3599/3357/3523 3546/3304/3471 3600/3358/3524
f 3557/3315/3482 3553/3311/3478 3601/3359/3525
f 3533/3291/3458 3530/3288/3455 3532/3290/3457
f 3564/3322/3489 3602/3360/3526 3603/3361/3527
f 3564/3322/3489 3561/3319/3486 3604/3362/3528
f 3602/3360/3526 3564/3322/3489 3604/3362/3528
f 3604/3362/3528 3563/3321/3488 3605/3363/3529
f 3604/3362/3528 3605/3363/3529 3606/3364/3530
f 3604/3362/3528 3606/3364/3530 3602/3360/3526
f 3607/3365/3531 3608/3366/3532 3609/3367/3533
f 3609/3367/3533 3610/3368/3534 3611/3369/3535
f 3612/3370/3531 3608/3366/3532 3607/3365/3531
f 3613/3371/3536 3614/3372/3537 3615/3373/3538
f 3614/3372/3537 3613/3371/3536 3616/3374/3489
f 3567/3325/3492 3566/3324/3491 3565/3323/3490
f 3568/3326/3493 3569/3327/3494 3566/3324/3491
f 3617/3375/3539 3618/3376/3540 3619/3377/3541
f 3618/3376/3540 3617/3375/3539 3620/3378/3542
f 3619/3377/3541 3621/3379/3543 3622/3380/3544
f 3578/3336/3502 3577/3335/3501 3623/3381/3545
f 3624/3382/3546 3625/3383/3547 3576/3334/3500
f 3625/3383/3547 3624/3382/3546 3626/3384/3548
f 3576/3334/3500 3573/3331/3498 3624/3382/3546
f 3627/3385/3549 3628/3386/3550 3629/3387/3551
f 3628/3386/3550 3627/3385/3549 3630/3388/3552
f 3629/3387/3551 3631/3389/3553 3627/3385/3549
f 3630/3388/3552 3632/3390/3554 3628/3386/3550
f 3633/3391/3555 3634/3392/3556 3635/3393/3557
f 3633/3391/3555 3636/3394/3558 3637/3395/3559
f 3636/3394/3558 3096/2913/3037 3637/3395/3559
f 3637/3395/3559 3105/2922/3046 3634/3392/3556
f 3096/2913/3037 3093/2910/3034 3637/3395/3559
f 3638/3396/3560 3639/3397/3561 3640/3398/3562
f 3638/3396/3560 3640/3398/3562 3641/3399/3563
f 3639/3397/3561 3635/3393/3557 3634/3392/3556
f 3639/3397/3561 3634/3392/3556 3640/3398/3562
f 3640/3398/3562 3105/2922/3046 3107/2924/3048
f 3640/3398/3562 3634/3392/3556 3105/2922/3046
f 3641/3399/3563 3107/2924/3048 3642/3400/3564
f 3643/3401/3565 3644/3402/3566 3645/3403/3567
f 3644/3402/3566 3643/3401/3565 3646/3404/3568
f 3644/3402/3566 3647/3405/3569 3645/3403/3567
f 3645/3403/3567 3647/3405/3569 3648/3406/3570
f 2900/2724/2850 2899/2723/2849 3649/3407/3571
f 2900/2724/2850 3649/3407/3571 3650/3408/3572
f 3651/3409/3573 2905/2729/2855 3652/3410/3574
f 3651/3409/3573 3653/3411/3575 3654/3412/3576
f 3653/3411/3575 3651/3409/3573 3655/3413/3577
f 3653/3411/3575 3655/3413/3577 3656/3414/3578
f 3653/3411/3575 3656/3414/3578 3657/3415/3579
f 3655/3413/3577 3658/3416/3580 3656/3414/3578
f 3655/3413/3577 3652/3410/3574 3659/3417/3581
f 3514/3272/3439 3512/3270/3437 3516/3274/3441
f 3515/3273/3440 3514/3272/3439 3660/3418/3582
f 3515/3273/3440 3660/3418/3582 3661/3419/3583
f 3124/2940/3064 3118/2934/3059 3123/2939/3063
f 3117/2933/3058 3113/2929/3054 3118/2934/3059
f 3114/2930/3055 3112/2928/3053 3113/2929/3054
f 2890/2714/2840 2889/2713/2839 3662/3420/3584
f 3662/3420/3584 2892/2716/2842 3049/2866/2991
f 3122/2938/3062 3119/2935/3060 3121/2937/3052
f 3122/2938/3062 2879/2703/2829 2881/2705/2831
f 3122/2938/3062 3121/2937/3052 3663/3421/3585
f 3055/2872/2997 3651/3409/3573 3654/3412/3576
f 3057/2874/2999 3055/2872/2997 3654/3412/3576
f 3116/2932/3057 3112/2928/3053 3115/2931/3056
f 2902/2726/2852 2901/2725/2851 3664/3422/3586
f 2902/2726/2852 3665/3423/3587 3666/3424/3588
f 3665/3423/3587 2902/2726/2852 3664/3422/3586
f 3666/3424/3588 3667/3425/3589 3668/3426/3590
f 3666/3424/3588 2905/2729/2855 2902/2726/2852
f 3666/3424/3588 3665/3423/3587 3667/3425/3589
f 3666/3424/3588 3668/3426/3590 3652/3410/3574
f 3107/2924/3048 3641/3399/3563 3640/3398/3562
f 3107/2924/3048 3106/2923/3047 3642/3400/3564
f 3509/3267/3434 3086/2903/3027 3508/3266/3433
f 3510/3268/3435 3081/2898/3022 3086/2903/3027
f 3125/2941/3065 2975/2795/2921 2977/2797/2887
f 3127/2943/3067 2975/2795/2921 3126/2942/3066
f 3127/2943/3067 3126/2942/3066 3450/3219/3374
f 3447/2941/3371 3446/3217/3370 3669/2942/3371
f 3670/3427/3591 3671/3428/3592 3179/2987/3118
f 3670/3427/3591 3672/2986/3593 3673/3429/3594
f 3671/3428/3592 3670/3427/3591 3674/3430/3595
f 3179/2987/3118 3671/3428/3592 3176/2990/3115
f 3672/2986/3593 3670/3427/3591 3179/2987/3118
f 3172/2986/3112 3171/2985/3111 3180/2993/3119
f 3675/3431/3596 3072/2889/3013 3507/3265/3432
f 3072/2889/3013 3068/2885/3010 3507/3265/3432
f 3676/3432/3014 3167/2981/3107 3166/2980/3106
f 3165/2979/3105 3159/2973/3099 3167/2981/3107
f 3108/2890/3049 3074/2891/3015 3069/2886/3011
f 3110/2926/3051 3012/2832/2956 3143/2959/3083
f 3110/2926/3051 3142/2958/3082 3147/2963/3087
f 3143/2959/3083 3677/3433/3049 3146/2962/3086
f 2948/2768/2896 2943/2764/2891 3381/2770/3306
f 2948/2768/2896 3379/3161/3304 3380/3162/3305
f 2948/2768/2896 3678/3434/3597 2944/2765/2892
f 3678/3434/3597 2948/2768/2896 3679/3435/3318
f 3680/3436/2949 3681/3437/3598 3682/3438/3599
f 3681/3437/3598 3680/3436/2949 3393/3174/3318
f 3393/3174/3318 3392/3173/3317 3391/3172/3316
f 3397/3174/3321 3396/3176/3320 3683/3437/3321
f 2981/2801/2926 2971/2791/2917 2970/2790/2916
f 2982/2802/2927 3388/3169/3313 3387/3168/3312
f 2982/2802/2927 3390/3171/3315 2983/2803/2928
f 2983/2803/2928 2971/2791/2917 2982/2802/2927
f 3684/3439/3600 3685/3440/3601 3686/3441/3311
f 3684/3439/3600 3687/3442/3602 3688/3443/3603
f 3685/3440/3601 3684/3439/3600 3689/3444/3604
f 3687/3442/3602 3684/3439/3600 3686/3441/3311
f 3690/3445/3605 3386/3167/3311 3384/3165/3309
f 3385/3166/3310 3382/3163/3307 3386/3167/3311
f 2951/2771/2899 3378/3161/3303 2950/2770/2898
f 3423/3196/3347 3691/3446/3606 3692/3447/3607
f 3691/3446/3606 3420/3193/3344 3693/3448/3608
f 3691/3446/3606 3423/3196/3347 3421/3194/3345
f 3421/3194/3345 3419/3192/3343 3418/3191/3342
f 3420/3193/3344 3418/3191/3342 3422/3195/3346
f 3420/3193/3344 3691/3446/3606 3421/3194/3345
f 3694/3449/3609 3695/3450/3610 3696/3451/3611
f 3694/3449/3609 3414/3187/3338 3417/3190/3341
f 3414/3187/3338 3413/3186/3337 3417/3190/3341
f 3414/3187/3338 3694/3449/3609 3697/3452/3612
f 3695/3450/3610 3417/3190/3341 3416/3189/3340
f 3695/3450/3610 3694/3449/3609 3417/3190/3341
f 3329/3118/3261 2958/2778/2905 3698/3453/2958
f 3330/3119/3262 3411/3185/3335 3331/3120/3263
f 3331/3120/3263 2958/2778/2905 3330/3119/3262
f 3407/3119/3331 3406/3183/3330 3405/3182/3329
f 3000/2820/2944 2969/2789/2915 2994/2814/2939
f 3001/2821/2945 3401/3179/3325 3400/3178/3324
f 3001/2821/2945 3404/3181/3328 2999/2819/2943
f 2999/2819/2943 2969/2789/2915 3001/2821/2945
f 2967/2787/2913 3443/3214/3367 2966/2786/2912
f 2967/2787/2913 2959/2779/2906 3699/3212/3613
f 2966/2786/2912 2960/2780/2907 2967/2787/2913
f 3440/3212/3364 3439/3211/3363 3700/2787/3614
f 3701/3454/3615 3702/3455/3616 3703/3456/3617
f 3701/3454/3615 3704/3457/3618 3705/3458/3619
f 3702/3455/3616 3701/3454/3615 3706/3459/3620
f 3704/3457/3618 3701/3454/3615 3703/3456/3617
f 3435/3208/3359 3434/3207/3358 3707/3460/3621
f 3435/3208/3359 3433/3206/3357 3432/3205/3356
f 2937/2758/2885 2934/2755/2882 2928/2749/2876
f 2937/2758/2885 2927/2748/2875 3431/3204/3355
f 3431/3204/3355 3429/3202/3353 2937/2758/2885
f 2938/2759/2886 3429/3202/3353 3426/3199/3350
f 2938/2759/2886 2935/2756/2883 2934/2755/2882
f 2998/2818/2941 2938/2759/2886 3426/3199/3350
f 2997/2817/2942 3427/3200/3351 3428/3201/3352
f 3708/3461/3622 3709/3462/3623 3710/3463/3624
f 3708/3461/3622 3711/3464/3625 3712/3465/3626
f 3711/3464/3625 3713/3466/3627 3714/3467/3628
f 3711/3464/3625 3714/3467/3628 3712/3465/3626
f 3712/3465/3626 3709/3462/3623 3708/3461/3622
f 3714/3467/3628 3713/3466/3627 3715/3468/3629
f 3716/3469/3630 3717/3470/3631 3718/3471/3632
f 3716/3469/3630 3719/3472/3633 3717/3470/3631
f 3719/3472/3633 3716/3469/3630 3720/3473/3634
f 3720/3473/3634 3721/3474/3635 3719/3472/3633
f 3722/3475/3636 3723/3476/3637 3724/3477/3638
f 3722/3475/3636 3725/3478/3639 3726/3479/3640
f 3723/3476/3637 3722/3475/3636 3726/3479/3640
f 3724/3477/3638 3727/3480/3641 3728/3481/3642
f 3729/3482/3643 3730/3483/3644 3731/3484/3645
f 3730/3483/3644 3729/3482/3643 3732/3485/3646
f 3731/3484/3645 3733/3486/3647 3729/3482/3643
f 3732/3485/3646 3734/3487/3648 3730/3483/3644
f 3735/3488/3649 3736/3489/3650 3737/3490/3651
f 3735/3488/3649 3738/3491/3652 3739/3492/3653
f 3736/3489/3650 3735/3488/3649 3740/3493/3654
f 3736/3489/3650 3741/3494/3655 3742/3495/3656
f 3737/3490/3651 3738/3491/3652 3735/3488/3649
f 3741/3494/3655 3743/3496/3657 3742/3495/3656
f 3741/3494/3655 3736/3489/3650 3740/3493/3654
f 3725/3478/3639 3722/3475/3636 3744/3497/3658
f 3744/3497/3658 3745/3498/3659 3725/3478/3639
f 3746/3499/3660 3747/3500/3661 3748/3501/3662
f 3747/3500/3661 3746/3499/3660 3749/3502/3663
f 3747/3500/3661 3750/3503/3664 3748/3501/3662
f 3749/3502/3663 3715/3468/3629 3713/3466/3627
f 3738/3491/3652 3751/3504/3665 3739/3492/3653
f 3751/3504/3665 3738/3491/3652 3752/3505/3666
f 3752/3505/3666 3753/3506/3667 3751/3504/3665
f 3715/3468/3629 3749/3502/3663 3746/3499/3660
f 3754/3507/3668 3755/3508/3669 3756/3509/3670
f 3755/3508/3669 3757/3510/3671 3758/3511/3672
f 3755/3508/3669 3758/3511/3672 3756/3509/3670
f 3756/3509/3670 3759/3512/3673 3754/3507/3668
f 3759/3512/3673 3760/3513/3674 3761/3514/3675
f 3761/3514/3675 3754/3507/3668 3759/3512/3673
f 3761/3514/3675 3760/3513/3674 3762/3515/3676
f 3727/3480/3641 3724/3477/3638 3723/3476/3637
f 3745/3498/3659 3744/3497/3658 3750/3503/3664
f 3750/3503/3664 3747/3500/3661 3745/3498/3659
f 3753/3506/3667 3752/3505/3666 3757/3510/3671
f 3757/3510/3671 3755/3508/3669 3753/3506/3667
f 3763/3516/3677 3764/3517/3678 3765/3518/3679
f 3764/3517/3678 3766/3519/3680 3765/3518/3679
f 3764/3517/3678 3763/3516/3677 3767/3520/3681
f 3766/3519/3680 3764/3517/3678 3768/3521/3682
f 3768/3521/3682 3769/3522/3683 3766/3519/3680
f 3770/3523/3684 3771/3524/3685 3772/3525/3686
f 3771/3524/3685 3773/3526/3687 3772/3525/3686
f 3771/3524/3685 3770/3523/3684 3774/3527/3688
f 3773/3526/3687 3771/3524/3685 3775/3528/3689
f 3775/3528/3689 3776/3529/3690 3773/3526/3687
f 3777/3530/3691 3778/3531/3692 3779/3532/3693
f 3778/3531/3692 3780/3533/3694 3779/3532/3693
f 3780/3533/3694 3781/3534/3695 3779/3532/3693
f 3782/3535/3691 3774/3527/3688 3783/3536/3696
f 3783/3536/3696 3774/3527/3688 3770/3523/3684
f 3776/3529/3690 3784/3537/3697 3785/3538/3698
f 3776/3529/3690 3775/3528/3689 3786/3539/3699
f 3786/3539/3699 3784/3537/3697 3776/3529/3690
f 3787/3540/3700 3788/3541/3701 3789/3542/3702
f 3787/3540/3700 3790/3543/3703 3791/3544/3704
f 3790/3543/3703 3787/3540/3700 3792/3545/3705
f 3792/3545/3705 3793/3546/3706 3790/3543/3703
f 3788/3541/3701 3787/3540/3700 3791/3544/3704
f 3769/3522/3683 3768/3521/3682 3794/3547/3707
f 3795/3548/3708 3796/3549/3709 3797/3550/3710
f 3795/3548/3708 3797/3550/3710 3798/3551/3711
f 3796/3549/3709 3781/3534/3695 3799/3552/3712
f 3793/3546/3706 3792/3545/3705 3800/3553/3713
f 3801/3554/3714 3767/3520/3681 3802/3555/3715
f 3802/3555/3715 3767/3520/3681 3763/3516/3677
f 3781/3534/3695 3780/3533/3694 3799/3552/3712
f 3781/3534/3695 3796/3549/3709 3795/3548/3708
f 3803/3556/3716 3804/3557/3717 3805/3558/3718
f 3804/3557/3717 3803/3556/3716 3734/3487/3648
f 3805/3558/3718 3709/3462/3623 3803/3556/3716
f 3734/3487/3648 3732/3485/3646 3804/3557/3717
f 3721/3474/3635 3720/3473/3634 3806/3559/3719
f 3806/3559/3719 3760/3513/3674 3721/3474/3635
f 3733/3486/3647 3731/3484/3645 3807/3560/3720
f 3733/3486/3647 3728/3481/3642 3727/3480/3641
f 3807/3560/3720 3728/3481/3642 3733/3486/3647
f 3709/3462/3623 3805/3558/3718 3710/3463/3624
f 3743/3496/3657 3741/3494/3655 3808/3561/3721
f 3809/3562/3722 3743/3496/3657 3810/3563/3723
f 3810/3563/3723 3743/3496/3657 3808/3561/3721
f 3718/3471/3632 3809/3562/3722 3811/3564/3724
f 3811/3564/3724 3716/3469/3630 3718/3471/3632
f 3811/3564/3724 3809/3562/3722 3810/3563/3723
f 3760/3513/3674 3806/3559/3719 3762/3515/3676
f 3812/3565/3725 2254/2126/2209 2253/2125/2208
f 2254/2126/2209 3812/3565/3725 3813/3566/3726
f 2253/2125/2208 2252/2124/2207 2247/2119/2202
f 3813/3566/3726 3812/3565/3725 2177/2049/2132
f 3813/3566/3726 2177/2049/2132 2179/2051/2134
f 3455/3223/3379 3452/3220/3376 3454/3222/3378
f 3456/3224/3380 3455/3223/3379 3464/3232/3388
f 3456/3224/3380 3464/3232/3388 3463/3231/3387
f 3469/3237/3393 3481/3249/3405 3470/3238/3394
f 3469/3237/3393 3466/3234/3390 3468/3236/3392
f 3814/3567/3727 3815/3244/3728 3816/3568/3729
f 3815/3244/3728 3817/3569/3730 3816/3568/3729
f 3815/3244/3728 3814/3567/3727 3818/3251/3731
f 2138/2010/2093 2137/2009/2092 2136/2008/2091
f 3819/3570/3732 3820/3571/3733 3821/3572/3734
f 3821/3572/3734 3820/3571/3733 3822/3573/3735
f 3823/3571/3736 3824/3574/3737 3825/3575/3738
f 3824/3574/3737 3823/3571/3736 3826/3576/3739
f 3824/3574/3737 3827/3577/3740 3825/3575/3738
f 3825/3575/3738 3827/3577/3740 3828/3578/3741
f 3826/3576/3739 3829/3570/3742 3830/3579/3743
f 2245/2117/2200 2064/1936/2019 3831/3580/3744
f 2245/2117/2200 2062/1934/2017 2064/1936/2019
f 2245/2117/2200 2070/1942/2025 2062/1934/2017
f 3832/3581/3745 3833/3582/3746 3834/3583/3747
f 3835/3584/3748 3834/3583/3747 3833/3582/3746
f 2119/1991/2074 2114/1986/2069 3836/3585/3749
f 3836/3585/3749 2114/1986/2069 2109/1981/2064
f 3836/3585/3749 2109/1981/2064 2118/1990/2073
f 3837/3586/3750 2120/1992/2075 2119/1991/2074
f 3837/3586/3750 2185/2057/2140 2120/1992/2075
f 2236/2108/2191 2232/2104/2187 863/820/860
f 2236/2108/2191 2233/2105/2188 2232/2104/2187
f 2172/2044/2127 2162/2034/2117 2161/2033/2116
f 2172/2044/2127 2185/2057/2140 3837/3586/3750
f 3831/3580/3744 2064/1936/2019 2078/1950/2033
f 2076/1948/2031 2079/1951/2034 2175/2047/2130
f 2076/1948/2031 2075/1947/2030 2079/1951/2034
f 2175/2047/2130 2171/2043/2126 2173/2045/2128
f 2118/1990/2073 2111/1983/2066 3838/3587/3751
f 2078/1950/2033 2069/1941/2024 2077/1949/2032
f 3839/3588/3752 3840/3589/3753 3841/3590/3754
f 3840/3589/3753 3839/3588/3752 3842/3591/3755
f 3840/3589/3753 3562/3320/3487 3569/3327/3494
f 3841/3590/3754 3569/3327/3494 3843/3592/3756
f 3842/3591/3755 3844/3593/3757 3840/3589/3753
f 3845/3594/3758 3846/3595/3759 3847/3596/3760
f 3846/3595/3759 3845/3594/3758 3848/3597/3761
f 3848/3597/3761 3621/3379/3543 3846/3595/3759
f 3849/3598/3762 3850/3599/3763 3851/3600/3764
f 3850/3599/3763 3849/3598/3762 3852/3601/3765
f 3853/3602/3766 3854/3603/3767 3855/3604/3768
f 3854/3603/3767 3853/3602/3766 3856/3605/3769
f 3855/3604/3768 3606/3364/3530 3605/3363/3529
f 3857/3606/3770 3858/3607/3771 3859/3608/3772
f 3858/3607/3771 3523/3281/3448 3529/3287/3454
f 3858/3607/3771 3857/3606/3770 3860/3609/3773
f 3859/3608/3772 3529/3287/3454 3861/3610/3774
f 3860/3609/3773 3862/3611/3775 3858/3607/3771
f 3863/3612/3776 3864/3613/3777 3865/3614/3778
f 3864/3613/3777 3863/3612/3776 3866/3615/3779
f 3867/3616/3780 3592/3350/3516 3868/3617/3781
f 3867/3616/3780 3869/3618/3782 3870/3619/3783
f 3869/3618/3782 3867/3616/3780 3871/3620/3784
f 3871/3620/3784 3868/3617/3781 3872/3621/3785
f 3873/3622/3786 3523/3281/3448 3862/3611/3775
f 3873/3622/3786 3874/3623/3787 3875/3624/3788
f 3874/3623/3787 3873/3622/3786 3876/3625/3789
f 3876/3625/3789 3862/3611/3775 3877/3626/3790
f 2896/2720/2846 3583/3341/3507 2894/2718/2844
f 2896/2720/2846 3584/3342/3508 3583/3341/3507
f 3878/3627/3791 3879/3628/3792 3870/3619/3783
f 3879/3628/3792 3867/3616/3780 3870/3619/3783
f 3880/3629/3793 3856/3605/3769 3844/3593/3757
f 3844/3593/3757 3853/3602/3766 3562/3320/3487
f 3844/3593/3757 3842/3591/3755 3880/3629/3793
f 3844/3593/3757 3856/3605/3769 3853/3602/3766
f 3881/3630/3794 3866/3615/3779 3882/3631/3795
f 3882/3631/3795 3866/3615/3779 3863/3612/3776
f 3882/3631/3795 3863/3612/3776 3545/3303/3470
f 3883/3632/3796 3884/3633/3797 3885/3634/3798
f 3883/3632/3796 3886/3635/3799 3887/3636/3800
f 3886/3635/3799 3883/3632/3796 3885/3634/3798
f 3887/3636/3800 3551/3309/3476 3552/3310/3477
f 3862/3611/3775 3876/3625/3789 3873/3622/3786
f 3862/3611/3775 3860/3609/3773 3877/3626/3790
f 3888/3637/3801 3889/3638/3802 3890/3639/3803
f 3888/3637/3801 3891/3640/3804 3889/3638/3802
f 3891/3640/3804 3892/3641/3805 3893/3642/3806
f 3889/3638/3802 3894/3643/3807 3895/3644/3808
f 3890/3639/3803 3889/3638/3802 3895/3644/3808
f 3894/3643/3807 3896/3645/3809 3895/3644/3808
f 3896/3645/3809 3894/3643/3807 3897/3646/3810
f 3892/3641/3805 3891/3640/3804 3888/3637/3801
f 3610/3368/3534 3609/3367/3533 3608/3366/3532
f 3610/3368/3534 3898/3647/3811 3611/3369/3535
f 3899/1826/3489 3900/3648/3812 3901/3649/3813
f 3900/3648/3812 3899/1826/3489 3902/3650/3814
f 3903/3651/3815 3904/3652/3816 3905/3653/3817
f 3904/3652/3816 3903/3651/3815 3906/3654/3818
f 3907/3655/3819 3908/3656/3820 3898/3647/3811
f 3908/3656/3820 3907/3655/3819 3909/3657/3820
f 3898/3647/3811 3610/3368/3534 3907/3655/3819
f 3910/3658/3821 3911/3659/3822 3912/3660/3823
f 3911/3659/3822 3910/3658/3821 3913/3661/3824
f 3912/3660/3823 3884/3633/3797 3910/3658/3821
f 3632/3390/3554 3914/3662/3825 3915/3663/3826
f 3632/3390/3554 3630/3388/3552 3916/3664/3827
f 3916/3664/3827 3914/3662/3825 3632/3390/3554
f 3917/3665/3828 3918/3666/3829 3919/3667/3830
f 3919/3667/3830 3918/3666/3829 3920/3668/3831
f 3668/3426/3590 3658/3416/3580 3659/3417/3581
f 3631/3389/3553 3629/3387/3551 3921/3669/3832
f 3921/3669/3832 3922/3670/3833 3631/3389/3553
f 3922/3670/3833 3921/3669/3832 3923/3671/3834
f 3924/3672/3835 3925/3673/3836 2898/2722/2848
f 3925/3673/3836 2893/2717/2843 2898/2722/2848
f 3884/3633/3797 3912/3660/3823 3885/3634/3798
f 3926/3674/3837 3884/3633/3797 3883/3632/3796
f 3647/3405/3569 3917/3665/3828 3648/3406/3570
f 3648/3406/3570 3917/3665/3828 3919/3667/3830
f 3927/3675/3838 3928/3676/3839 3929/3677/3840
f 3927/3675/3838 3930/3678/3841 3931/3679/3842
f 3928/3676/3839 3927/3675/3838 3931/3679/3842
f 3932/3680/3843 3933/3681/3844 3934/3682/3845
f 3932/3680/3843 3935/3683/3846 3933/3681/3844
f 3935/3683/3846 3932/3680/3843 3936/3684/3847
f 3933/3681/3844 3937/3685/3848 3938/3686/3849
f 3933/3681/3844 3935/3683/3846 3937/3685/3848
f 3938/3686/3849 3939/3687/3850 3933/3681/3844
f 3940/3688/3851 3939/3687/3850 3927/3675/3838
f 3940/3688/3851 3927/3675/3838 3941/3689/3852
f 3941/3689/3852 3927/3675/3838 3929/3677/3840
f 3939/3687/3850 3940/3688/3851 3934/3682/3845
f 3939/3687/3850 3930/3678/3841 3927/3675/3838
f 3939/3687/3850 3938/3686/3849 3930/3678/3841
f 3934/3682/3845 3933/3681/3844 3939/3687/3850
f 3942/3690/3853 3943/3691/3854 3944/3692/3855
f 3942/3690/3853 3945/3693/3856 3943/3691/3854
f 3946/3694/3857 3947/3695/3858 3948/3696/3859
f 3947/3695/3858 3949/3697/3860 3948/3696/3859
f 3948/3696/3859 3949/3697/3860 3950/3698/3861
f 3948/3696/3859 2228/2100/2183 3946/3694/3857
f 2228/2100/2183 2192/2064/2147 3946/3694/3857
f 3951/3699/3862 2212/2084/2167 2216/2088/2171
f 3952/3700/3863 3953/3701/3864 3954/3702/3865
f 3953/3701/3864 3952/3700/3863 3955/3703/3866
f 3955/3703/3866 3956/3704/3867 3953/3701/3864
f 3956/3704/3867 3955/3703/3866 3957/3705/3868
f 3956/3704/3867 3958/3706/3869 3959/3707/3870
f 3958/3706/3869 3956/3704/3867 3957/3705/3868
f 3958/3706/3869 3960/3708/3871 3959/3707/3870
f 3959/3707/3870 3960/3708/3871 3961/3709/3872
f 3949/3697/3860 3962/3710/3873 3950/3698/3861
f 3950/3698/3861 3962/3710/3873 2221/2093/2176
f 3962/3710/3873 2218/2090/2173 2221/2093/2176
f 2190/2062/2145 2188/2060/2143 2222/2094/2177
f 2222/2094/2177 2219/2091/2174 2190/2062/2145
f 3963/3711/3874 2206/2078/2161 2208/2080/2163
f 3964/3712/3875 3965/3713/3876 3966/3714/3877
f 3964/3712/3875 3967/3715/3878 3965/3713/3876
f 3967/3715/3878 3968/3716/3879 3965/3713/3876
f 3966/3714/3877 3969/3717/3880 3964/3712/3875
f 3969/3717/3880 3966/3714/3877 3970/3718/3881
f 3969/3717/3880 3970/3718/3881 3971/3719/3882
f 3971/3719/3882 3970/3718/3881 3972/3720/3883
f 3968/3716/3879 3967/3715/3878 3973/3721/3884
f 3974/3722/3885 3975/3723/3886 3976/3724/3887
f 3975/3723/3886 3974/3722/3885 3977/3725/3888
f 2223/2095/2178 2135/2007/2090 2123/1995/2078
f 2223/2095/2178 2127/1999/2082 3978/3726/3889
f 3978/3726/3889 2177/2049/2132 3812/3565/3725
f 3978/3726/3889 2127/1999/2082 2177/2049/2132
f 3523/3281/3448 3858/3607/3771 3862/3611/3775
f 3523/3281/3448 3873/3622/3786 3524/3282/3449
f 3523/3281/3448 3521/3279/3446 3519/3277/3444
f 3529/3287/3454 3859/3608/3772 3858/3607/3771
f 3524/3282/3449 3873/3622/3786 3875/3624/3788
f 3524/3282/3449 3875/3624/3788 3596/3354/3520
f 3524/3282/3449 3594/3352/3518 3521/3279/3446
f 3551/3309/3476 3887/3636/3800 3886/3635/3799
f 3545/3303/3470 3863/3612/3776 3546/3304/3471
f 3545/3303/3470 3541/3299/3466 3543/3301/3468
f 3546/3304/3471 3863/3612/3776 3865/3614/3778
f 3546/3304/3471 3865/3614/3778 3600/3358/3524
f 3546/3304/3471 3599/3357/3523 3541/3299/3466
f 3562/3320/3487 3853/3602/3766 3563/3321/3488
f 3562/3320/3487 3561/3319/3486 3559/3317/3484
f 3562/3320/3487 3840/3589/3753 3844/3593/3757
f 3569/3327/3494 3841/3590/3754 3840/3589/3753
f 3563/3321/3488 3853/3602/3766 3855/3604/3768
f 3563/3321/3488 3855/3604/3768 3605/3363/3529
f 3563/3321/3488 3604/3362/3528 3561/3319/3486
f 3592/3350/3516 3589/3347/3513 3868/3617/3781
f 3592/3350/3516 3867/3616/3780 3879/3628/3792
f 3868/3617/3781 3979/3727/3890 3872/3621/3785
f 3868/3617/3781 3871/3620/3784 3867/3616/3780
f 3868/3617/3781 3589/3347/3513 3979/3727/3890
f 3583/3341/3507 3581/3339/3505 3580/3338/3504
f 3861/3610/3774 3529/3287/3454 3528/3286/3453
f 3606/3364/3530 3855/3604/3768 3980/3728/3891
f 3622/3380/3544 3621/3379/3543 3848/3597/3761
f 3621/3379/3543 3619/3377/3541 3618/3376/3540
f 3843/3592/3756 3569/3327/3494 3568/3326/3493
f 2892/2716/2842 3662/3420/3584 2889/2713/2839
f 2892/2716/2842 2874/2698/2824 3047/2864/2989
f 2874/2698/2824 2889/2713/2839 2871/2695/2821
f 2874/2698/2824 3076/2893/3017 3050/2867/2992
f 2874/2698/2824 2873/2697/2823 2877/2701/2827
f 2877/2701/2827 2876/2700/2826 3079/2896/3020
f 2877/2701/2827 3077/2894/3018 3076/2893/3017
f 3634/3392/3556 3633/3391/3555 3637/3395/3559
f 3082/2899/3023 3085/2902/3026 3080/2897/3021
f 3082/2899/3023 3661/3419/3583 3087/2904/3028
f 3082/2899/3023 3515/3273/3440 3661/3419/3583
f 3101/2918/3042 3095/2912/3036 3099/2916/3040
f 3101/2918/3042 3099/2916/3040 3102/2919/3043
f 3101/2918/3042 3100/2917/3041 3104/2921/3045
f 3105/2922/3046 3093/2910/3034 3095/2912/3036
f 3105/2922/3046 3095/2912/3036 3101/2918/3042
f 3105/2922/3046 3104/2921/3045 3107/2924/3048
f 3105/2922/3046 3637/3395/3559 3093/2910/3034
f 2906/2730/2856 2905/2729/2855 3053/2870/2995
f 2906/2730/2856 2907/2731/2857 2903/2727/2853
f 2905/2729/2855 3666/3424/3588 3652/3410/3574
f 2905/2729/2855 3651/3409/3573 3055/2872/2997
f 2905/2729/2855 2903/2727/2853 2902/2726/2852
f 3652/3410/3574 3668/3426/3590 3659/3417/3581
f 3652/3410/3574 3655/3413/3577 3651/3409/3573
f 2908/2732/2858 2906/2730/2856 3056/2873/2998
f 3659/3417/3581 3658/3416/3580 3655/3413/3577
f 3658/3416/3580 3668/3426/3590 3981/3729/3892
f 3517/3275/3442 3081/2898/3022 3510/3268/3435
f 3081/2898/3022 3515/3273/3440 3082/2899/3023
f 3081/2898/3022 3080/2897/3021 3086/2903/3027
f 3081/2898/3022 3513/3271/3438 3512/3270/3437
f 3982/3730/3893 3829/3570/3742 3983/3731/3894
f 3829/3570/3742 3826/3576/3739 3823/3571/3736
f 3829/3570/3742 3982/3730/3893 3830/3579/3743
f 3474/3242/3398 3472/3240/3396 3984/3732/3895
f 3504/3262/3429 3503/3236/3427 3985/3235/3896
f 3817/3569/3730 3815/3244/3728 3986/3247/3897
f 3495/3257/3419 3494/3222/3418 3987/3221/3898
f 3988/3250/3899 3499/3249/3423 3500/3260/3424
f 3989/3733/3900 3990/3734/3901 3991/3735/3902
f 3992/3736/3903 3990/3734/3901 3989/3733/3900
f 3993/3737/3904 3994/3252/3905 3818/3251/3731
f 3993/3737/3904 3818/3251/3731 3814/3567/3727
f 3995/3738/3906 3996/3739/3907 3997/3740/3907
f 3996/3739/3907 3998/3741/3908 3997/3740/3907
f 3997/3740/3907 3999/3742/3906 3995/3738/3906
f 3999/3742/3906 4000/3743/3909 4001/3744/3909
f 4002/3745/3910 4003/3746/3911 4004/3747/3911
f 4003/3746/3911 4002/3745/3910 4005/3748/3912
f 4004/3747/3911 4006/3749/3913 4007/3750/3913
f 4005/3748/3912 4008/3751/3914 4009/3752/3914
f 3998/3741/3908 3996/3739/3907 4010/3753/3908
f 4010/3753/3908 4011/3754/3915 3998/3741/3908
f 4006/3749/3913 4004/3747/3911 4003/3746/3911
f 4007/3750/3913 4012/3755/3916 4013/3756/3916
f 4011/3754/3915 4010/3753/3908 4014/3757/3915
f 4012/3755/3916 4007/3750/3913 4006/3749/3913
f 4013/3756/3916 4015/3758/3917 4016/3759/3917
f 4017/3760/3918 4011/3754/3915 4014/3757/3915
f 4017/3760/3918 4014/3757/3915 4018/3761/3919
f 4018/3761/3919 4019/3762/3920 4020/3763/3920
f 4015/3758/3917 4013/3756/3916 4012/3755/3916
f 4016/3759/3917 4021/3764/3921 4022/3765/3921
f 4019/3762/3920 4023/3766/3922 4024/3767/3922
f 4020/3763/3920 4017/3760/3918 4018/3761/3919
f 4021/3764/3921 4016/3759/3917 4015/3758/3917
f 4022/3765/3921 4025/3768/3923 4026/3769/3923
f 4024/3767/3922 4009/3752/3914 4008/3751/3914
f 4024/3767/3922 4020/3763/3920 4019/3762/3920
f 4025/3768/3923 4022/3765/3921 4021/3764/3921
f 4025/3768/3923 4001/3744/3909 4000/3743/3909
f 4001/3744/3909 3995/3738/3906 3999/3742/3906
f 4000/3743/3909 4026/3769/3923 4025/3768/3923
f 4009/3752/3914 4024/3767/3922 4023/3766/3922
f 4008/3751/3914 4005/3748/3912 4002/3745/3910
f 4027/3770/3924 4028/3771/3925 4029/3772/3926
f 4028/3771/3925 4030/3773/3927 4031/3774/3928
f 4028/3771/3925 4027/3770/3924 4032/3775/3929
f 4032/3775/3929 4033/3776/3930 4028/3771/3925
f 4034/3777/3931 4035/3778/3932 4036/3779/3931
f 4035/3778/3932 4034/3777/3931 4037/3780/3932
f 4035/3778/3932 4038/3781/3933 4039/3782/3933
f 4036/3779/3931 4040/3783/3934 4034/3777/3931
f 4040/3783/3934 4036/3779/3931 4041/3784/3934
f 4042/3785/3935 4043/3786/3936 4044/3787/3936
f 4042/3785/3935 4045/3788/3934 4046/3789/3935
f 4045/3788/3934 4042/3785/3935 4047/3790/3937
f 4043/3786/3936 4048/3791/3938 4044/3787/3936
f 4043/3786/3936 4042/3785/3935 4046/3789/3935
f 4048/3791/3938 4049/3792/3939 4050/3793/3939
f 4048/3791/3938 4043/3786/3936 4051/3794/3938
f 4049/3792/3939 4048/3791/3938 4051/3794/3938
f 4052/3795/3940 4053/3796/3941 4054/3797/3940
f 4053/3796/3941 4052/3795/3940 4055/3798/3939
s 0
f 4056/3799/3942 4057/3800/3942 4058/3801/3942
f 4056/3799/3942 4059/3802/3942 4057/3800/3942
f 4057/3800/3942 4060/3803/3942 4061/3804/3942
f 4060/3803/3942 4057/3800/3942 4059/3802/3942
s 1
f 4062/3805/3943 4063/3806/3944 4064/3807/3944
f 4063/3806/3944 4062/3805/3943 4065/3808/3943
f 4066/3809/3945 4067/3810/3946 4068/3811/3946
f 4066/3809/3945 4069/3812/3947 4070/3813/3945
f 4069/3812/3947 4066/3809/3945 4071/3814/3944
f 4067/3810/3946 4066/3809/3945 4070/3813/3945
f 4067/3810/3946 4072/3815/3948 4068/3811/3946
f 4072/3815/3948 4067/3810/3946 4073/3816/3948
f 4072/3815/3948 4074/3817/3949 4075/3818/3949
f 4074/3817/3949 4072/3815/3948 4073/3816/3948
f 4076/3819/3950 4039/3782/3933 4038/3781/3933
f 4039/3782/3933 4076/3819/3950 4077/3820/3949
f 4038/3781/3933 4035/3778/3932 4037/3780/3932
f 4078/3821/3933 4079/3822/3932 4080/3823/3932
f 4079/3822/3932 4081/3824/3931 4080/3823/3932
f 4079/3822/3932 4078/3821/3933 4082/3825/3933
f 4082/3825/3933 4083/3826/3950 4084/3827/3949
f 4083/3826/3950 4082/3825/3933 4078/3821/3933
f 4085/3828/3948 4086/3829/3949 4087/3830/3949
f 4086/3829/3949 4085/3828/3948 4088/3831/3948
f 4088/3831/3948 4089/3832/3946 4090/3833/3946
f 4089/3832/3946 4088/3831/3948 4085/3828/3948
f 4090/3833/3946 4091/3834/3945 4092/3835/3945
f 4091/3834/3945 4093/3836/3947 4092/3835/3945
f 4091/3834/3945 4090/3833/3946 4089/3832/3946
f 4093/3836/3947 4091/3834/3945 4094/3837/3944
f 4095/3838/3951 4096/3839/3944 4097/3840/3952
f 4096/3839/3944 4095/3838/3951 4098/3841/3951
f 4098/3841/3951 4099/3842/3953 4100/3843/3953
f 4099/3842/3953 4098/3841/3951 4095/3838/3951
f 4099/3842/3953 4101/3844/3954 4100/3843/3953
f 4101/3844/3954 4099/3842/3953 4102/3845/3954
f 4102/3845/3954 4103/3846/3941 4101/3844/3954
f 4103/3846/3941 4102/3845/3954 4104/3847/3939
f 4105/3848/3938 4106/3849/3936 4107/3850/3938
f 4105/3848/3938 4108/3851/3939 4109/3852/3939
f 4108/3851/3939 4105/3848/3938 4107/3850/3938
f 4106/3849/3936 4105/3848/3938 4110/3853/3936
f 4110/3853/3936 4111/3854/3935 4106/3849/3936
f 4111/3854/3935 4110/3853/3936 4112/3855/3935
f 4112/3855/3935 4113/3856/3934 4111/3854/3935
f 4113/3856/3934 4112/3855/3935 4114/3857/3937
s 0
f 4115/3858/3955 4116/3859/3955 4117/3860/3955
f 4116/3859/3955 4115/3858/3955 4118/3861/3955
f 4117/3860/3955 4119/3862/3955 4120/3863/3955
f 4118/3861/3955 4121/3864/3955 4122/3865/3955
s 1
f 4123/3866/3956 4124/3867/3931 4125/3868/3934
f 4124/3867/3931 4123/3866/3956 4081/3824/3931
f 4081/3824/3931 4079/3822/3932 4124/3867/3931
s 0
f 4126/3869/3946 4127/3870/3946 4128/3871/3946
f 4127/3870/3946 4126/3869/3946 4129/3872/3946
s 1
f 4130/3873/3953 4131/3874/3957 4132/3875/3957
f 4130/3873/3953 4133/3876/3958 4134/3877/3953
f 4131/3874/3957 4130/3873/3953 4134/3877/3953
f 4133/3876/3958 4130/3873/3953 4135/3878/3958
s 0
f 4136/3879/3936 4137/3880/3936 4138/3870/3936
f 4138/3870/3936 4139/3872/3936 4136/3879/3936
f 4140/3881/3955 4141/3882/3955 4142/3883/3955
f 4142/3883/3955 4143/3884/3955 4140/3881/3955
f 4142/3883/3955 4144/3885/3955 4145/3886/3955
f 4144/3885/3955 4142/3883/3955 4141/3882/3955
s 1
f 4146/3887/3959 4147/3888/3960 4148/3889/3961
f 4146/3887/3959 4149/3890/3962 4150/3891/3963
f 4147/3888/3960 4146/3887/3959 4151/3892/3964
f 4147/3888/3960 4152/3893/3965 4153/3894/3966
f 4148/3889/3961 4153/3894/3966 4154/3895/3967
f 4148/3889/3961 4155/3896/3968 4146/3887/3959
f 4151/3892/3964 4150/3891/3963 4156/3897/3969
f 4151/3892/3964 4157/3898/3970 4147/3888/3960
f 4158/3756/3971 4159/3899/3972 4154/3895/3967
f 4158/3756/3971 4154/3895/3967 4160/3900/3973
f 4154/3895/3967 4161/3901/3974 4148/3889/3961
f 4154/3895/3967 4162/3902/3975 4160/3900/3973
f 4160/3900/3973 4163/3903/3976 4164/3904/3977
f 4165/3905/3978 4166/3906/3979 4167/3907/3980
f 4165/3905/3978 4168/3908/3981 4166/3906/3979
f 4165/3905/3978 4169/3909/3982 4170/3910/3983
f 4169/3909/3982 4165/3905/3978 4171/3911/3984
f 4170/3910/3983 4168/3908/3981 4165/3905/3978
f 4170/3910/3983 4172/3912/3985 4168/3908/3981
f 4171/3911/3984 4165/3905/3978 4167/3907/3980
f 4171/3911/3984 4149/3890/3962 4169/3909/3982
f 4173/3913/3986 4174/3914/3927 4175/3915/3987
f 4173/3913/3986 4176/3916/3988 4177/3917/3989
f 4176/3916/3988 4173/3913/3986 4178/3918/3990
f 4176/3916/3988 4179/3919/3991 4177/3917/3989
f 4177/3917/3989 4180/3920/3992 4173/3913/3986
f 4180/3920/3992 4181/3921/3993 4174/3914/3927
f 4182/3922/3929 4183/3923/3994 4184/3924/3995
f 4183/3923/3994 4182/3922/3929 4185/3925/3996
f 4184/3924/3995 4186/3926/3997 4164/3904/3977
f 4184/3924/3995 4187/3927/3998 4182/3922/3929
f 4161/3901/3974 4154/3895/3967 4159/3899/3972
f 4168/3908/3981 4179/3919/3991 4188/3928/3999
f 4168/3908/3981 4189/3929/4000 4166/3906/3979
f 4174/3914/3927 4173/3913/3986 4180/3920/3992
f 4186/3926/3997 4184/3924/3995 4183/3923/3994
f 4164/3904/3977 4190/3930/4001 4184/3924/3995
f 4155/3896/3968 4148/3889/3961 4161/3901/3974
f 4179/3919/3991 4168/3908/3981 4172/3912/3985
f 4179/3919/3991 4176/3916/3988 4188/3928/3999
f 4188/3928/3999 4191/3931/4002 4189/3929/4000
f 4030/3773/3927 4028/3771/3925 4033/3776/3930
f 4030/3773/3927 4033/3776/3930 4192/3932/3987
f 4031/3774/3928 4029/3772/3926 4028/3771/3925
f 4193/3786/4003 4194/3933/4004 4195/3794/3997
f 4194/3933/4004 4193/3786/4003 4196/3934/4005
f 4149/3890/3962 4146/3887/3959 4155/3896/3968
f 4149/3890/3962 4171/3911/3984 4150/3891/3963
f 4150/3891/3963 4151/3892/3964 4146/3887/3959
f 4150/3891/3963 4197/3935/4006 4156/3897/3969
s 0
f 4198/3936/3955 4199/3937/3955 4200/3938/3955
f 4199/3937/3955 4198/3936/3955 4201/3939/3955
f 4200/3938/3955 4199/3937/3955 4202/3940/3955
f 4203/3941/3955 4204/3942/3955 4205/3943/3955
f 4204/3942/3955 4206/3944/3955 4207/3945/3955
f 4204/3942/3955 4203/3941/3955 4206/3944/3955
f 4205/3943/3955 4208/3946/3955 4203/3941/3955
f 4208/3946/3955 4205/3943/3955 4202/3940/3955
f 4208/3946/3955 4202/3940/3955 4199/3937/3955
f 4209/3947/3955 4210/3948/3955 4198/3936/3955
f 4210/3948/3955 4209/3947/3955 4211/3949/3955
f 4201/3939/3955 4198/3936/3955 4210/3948/3955
f 4207/3945/3955 4212/3950/3955 4204/3942/3955
f 4212/3950/3955 4207/3945/3955 4213/3951/3955
f 4214/3952/3955 4215/3953/3955 4216/3954/3955
f 4214/3952/3955 4217/3955/3955 4218/3956/3955
f 4217/3955/3955 4214/3952/3955 4216/3954/3955
f 4218/3956/3955 4219/3957/3955 4220/3958/3955
f 4119/3862/3955 4221/3959/3955 4222/3960/3955
f 4119/3862/3955 4117/3860/3955 4116/3859/3955
f 4215/3953/3955 4214/3952/3955 4223/3961/3955
f 4221/3959/3955 4224/3962/3955 4222/3960/3955
f 4222/3960/3955 4120/3863/3955 4119/3862/3955
f 4225/3963/3955 4223/3961/3955 4226/3964/3955
f 4225/3963/3955 4215/3953/3955 4223/3961/3955
f 4226/3964/3955 4227/3965/3955 4228/3966/3955
f 4224/3962/3955 4221/3959/3955 4229/3967/3955
f 4229/3967/3955 4230/3968/3955 4224/3962/3955
f 4227/3965/3955 4231/3969/3955 4232/3970/3955
f 4228/3966/3955 4225/3963/3955 4226/3964/3955
f 4233/3971/3955 4234/3972/3955 4235/3973/3955
f 4233/3971/3955 4236/3974/3955 4237/3975/3955
f 4234/3972/3955 4233/3971/3955 4237/3975/3955
f 4235/3973/3955 4220/3958/3955 4219/3957/3955
f 4230/3968/3955 4229/3967/3955 4236/3974/3955
f 4236/3974/3955 4233/3971/3955 4230/3968/3955
f 4232/3970/3955 4228/3966/3955 4227/3965/3955
f 4232/3970/3955 4122/3865/3955 4121/3864/3955
f 4122/3865/3955 4232/3970/3955 4231/3969/3955
f 4121/3864/3955 4118/3861/3955 4115/3858/3955
f 4220/3958/3955 4235/3973/3955 4234/3972/3955
f 4219/3957/3955 4218/3956/3955 4217/3955/3955
s 1
f 4166/3906/3979 4238/3976/4007 4239/3977/4008
f 4166/3906/3979 4239/3977/4008 4167/3907/3980
f 4167/3907/3980 4239/3977/4008 4240/3978/4009
f 4033/3776/3930 4032/3775/3929 4241/3979/3998
f 4197/3935/4006 4171/3911/3984 4167/3907/3980
f 4197/3935/4006 4167/3907/3980 4240/3978/4009
f 4197/3935/4006 4150/3891/3963 4171/3911/3984
f 4156/3897/3969 4242/3980/4010 4151/3892/3964
f 4156/3897/3969 4197/3935/4006 4243/3981/4011
f 4187/3927/3998 4244/3982/4012 4245/3983/3930
f 4187/3927/3998 4184/3924/3995 4190/3930/4001
f 4190/3930/4001 4246/3984/4013 4187/3927/3998
f 4190/3930/4001 4164/3904/3977 4163/3903/3976
f 4163/3903/3976 4160/3900/3973 4162/3902/3975
f 4163/3903/3976 4247/3985/4014 4190/3930/4001
f 4189/3929/4000 4168/3908/3981 4188/3928/3999
f 4189/3929/4000 4248/3986/4015 4238/3976/4007
f 4162/3902/3975 4154/3895/3967 4153/3894/3966
f 4162/3902/3975 4249/3987/4016 4163/3903/3976
f 4191/3931/4002 4188/3928/3999 4176/3916/3988
f 4191/3931/4002 4178/3918/3990 4250/3988/4017
f 4153/3894/3966 4148/3889/3961 4147/3888/3960
f 4153/3894/3966 4251/3989/4018 4162/3902/3975
f 4178/3918/3990 4191/3931/4002 4176/3916/3988
f 4178/3918/3990 4175/3915/3987 4252/3990/4019
f 4175/3915/3987 4178/3918/3990 4173/3913/3986
f 4175/3915/3987 4244/3982/4012 4252/3990/4019
s 0
f 4253/3981/3942 4254/3990/3942 4255/3991/3942
f 4254/3990/3942 4253/3981/3942 4256/3988/3942
f 4255/3991/3942 4257/3984/3942 4258/3980/3942
f 4256/3988/3942 4259/3977/3942 4260/3986/3942
f 4259/3977/3942 4256/3988/3942 4261/3978/3942
f 4260/3986/3942 4259/3977/3942 4262/3976/3942
f 4257/3984/3942 4263/3898/3942 4258/3980/3942
f 4257/3984/3942 4255/3991/3942 4264/3982/3942
f 4263/3898/3942 4257/3984/3942 4265/3985/3942
f 4263/3898/3942 4265/3985/3942 4266/3893/3942
f 4261/3978/3942 4256/3988/3942 4253/3981/3942
f 4264/3982/3942 4255/3991/3942 4254/3990/3942
f 4267/3987/3942 4266/3893/3942 4265/3985/3942
f 4266/3893/3942 4267/3987/3942 4268/3989/3942
s 1
f 4247/3985/4014 4163/3903/3976 4249/3987/4016
f 4249/3987/4016 4162/3902/3975 4251/3989/4018
f 4238/3976/4007 4166/3906/3979 4189/3929/4000
f 4251/3989/4018 4153/3894/3966 4152/3893/3965
f 4248/3986/4015 4189/3929/4000 4191/3931/4002
f 4152/3893/3965 4147/3888/3960 4157/3898/3970
f 4250/3988/4017 4248/3986/4015 4191/3931/4002
f 4250/3988/4017 4178/3918/3990 4252/3990/4019
f 4157/3898/3970 4151/3892/3964 4242/3980/4010
f 4242/3980/4010 4156/3897/3969 4269/3991/4020
f 4245/3983/3930 4244/3982/4012 4175/3915/3987
f 4244/3982/4012 4187/3927/3998 4246/3984/4013
f 4243/3981/4011 4269/3991/4020 4156/3897/3969
f 4243/3981/4011 4197/3935/4006 4240/3978/4009
f 4246/3984/4013 4190/3930/4001 4247/3985/4014
f 4270/3992/4021 4271/3993/4022 4272/3994/4023
f 4270/3992/4021 4273/3995/4024 4274/3996/4025
f 4271/3993/4022 4270/3992/4021 4275/3997/4026
f 4275/3997/4026 4276/3998/4027 4277/3999/4028
f 4275/3997/4026 4278/4000/4029 4271/3993/4022
f 4279/4001/4030 4280/4002/4031 4281/4003/4032
f 4279/4001/4030 4282/4004/4033 4283/4005/4034
f 4279/4001/4030 4281/4003/4032 4284/4006/4035
f 4279/4001/4030 4284/4006/4035 4285/4007/4036
f 4279/4001/4030 4285/4007/4036 4286/4008/4037
f 4279/4001/4030 4286/4008/4037 4287/4009/4038
f 4279/4001/4030 4287/4009/4038 4288/4010/4039
f 4279/4001/4030 4288/4010/4039 4289/4011/4040
f 4279/4001/4030 4290/4012/4041 4291/4013/4042
f 4279/4001/4030 4292/4014/4043 4282/4004/4033
f 4279/4001/4030 4293/4015/4044 4290/4012/4041
f 4279/4001/4030 4283/4005/4034 4294/4016/4045
f 4279/4001/4030 4289/4011/4040 4292/4014/4043
f 4279/4001/4030 4295/4017/4046 4280/4002/4031
f 4279/4001/4030 4294/4016/4045 4293/4015/4044
f 4279/4001/4030 4291/4013/4042 4295/4017/4046
f 4296/4018/4047 4297/4019/4048 4298/4020/4049
f 4296/4018/4047 4277/3999/4028 4276/3998/4027
f 4296/4018/4047 4299/4021/4050 4300/4022/4051
f 4300/4022/4051 4299/4021/4050 4301/4023/4052
f 4300/4022/4051 4302/4024/4053 4277/3999/4028
f 4303/4025/4054 4304/4026/4055 4305/4027/4056
f 4303/4025/4054 4306/4028/4057 4307/4029/4058
f 4304/4026/4055 4308/4030/4059 4309/4031/4060
f 4304/4026/4055 4303/4025/4054 4310/4032/4061
f 4305/4027/4056 4311/4033/4062 4312/4034/4063
f 4305/4027/4056 4313/4035/4064 4303/4025/4054
f 4310/4032/4061 4314/4036/4065 4308/4030/4059
f 4310/4032/4061 4307/4029/4058 4315/4037/4066
f 4316/4038/4067 4317/4039/4068 4318/4040/4069
f 4317/4039/4068 4319/4041/4070 4320/4042/4071
f 4318/4040/4069 4317/4039/4068 4320/4042/4071
f 4318/4040/4069 4321/4043/4072 4316/4038/4067
f 4318/4040/4069 4320/4042/4071 4312/4034/4063
f 4277/3999/4028 4296/4018/4047 4300/4022/4051
f 4277/3999/4028 4322/4044/4073 4275/3997/4026
f 4276/3998/4027 4275/3997/4026 4270/3992/4021
f 4276/3998/4027 4274/3996/4025 4297/4019/4048
f 4308/4030/4059 4323/4045/4074 4324/4046/4075
f 4308/4030/4059 4304/4026/4055 4310/4032/4061
f 4309/4031/4060 4324/4046/4075 4325/4047/4076
f 4312/4034/4063 4326/4048/4077 4318/4040/4069
f 4312/4034/4063 4313/4035/4064 4305/4027/4056
f 4312/4034/4063 4320/4042/4071 4313/4035/4064
f 4313/4035/4064 4320/4042/4071 4319/4041/4070
f 4324/4046/4075 4309/4031/4060 4308/4030/4059
f 4327/4049/4078 4328/4050/4079 4329/4051/4050
f 4329/4051/4050 4328/4050/4079 4330/4052/4080
f 4329/4051/4050 4331/4053/4047 4327/4049/4078
f 4314/4036/4065 4310/4032/4061 4315/4037/4066
f 4314/4036/4065 4332/4054/4081 4333/4055/4082
f 4314/4036/4065 4334/4056/4042 4323/4045/4074
f 4315/4037/4066 4307/4029/4058 4335/4057/4083
f 4306/4028/4057 4303/4025/4054 4313/4035/4064
f 4306/4028/4057 4319/4041/4070 4336/4058/4084
f 4306/4028/4057 4313/4035/4064 4319/4041/4070
f 4319/4041/4070 4317/4039/4068 4337/4059/4029
f 4322/4044/4073 4277/3999/4028 4302/4024/4053
f 4302/4024/4053 4300/4022/4051 4338/4060/4085
f 4302/4024/4053 4339/4061/4086 4322/4044/4073
f 4323/4045/4074 4308/4030/4059 4314/4036/4065
f 4307/4029/4058 4310/4032/4061 4303/4025/4054
f 4307/4029/4058 4306/4028/4057 4340/4062/4087
f 4278/4000/4029 4275/3997/4026 4322/4044/4073
f 4301/4023/4052 4338/4060/4085 4300/4022/4051
f 4301/4023/4052 4341/4063/4088 4338/4060/4085
f 4338/4060/4085 4342/4064/4089 4302/4024/4053
f 4341/4063/4088 4343/4065/4090 4342/4064/4089
f 4341/4063/4088 4301/4023/4052 4344/4066/4091
f 4344/4066/4091 4345/4067/4092 4346/4068/4093
f 4344/4066/4091 4347/4069/4094 4341/4063/4088
f 4332/4054/4081 4348/4070/4095 4333/4055/4082
f 4332/4054/4081 4315/4037/4066 4335/4057/4083
f 4332/4054/4081 4314/4036/4065 4315/4037/4066
f 4335/4057/4083 4307/4029/4058 4340/4062/4087
f 4349/4071/4096 4350/4072/4029 4351/4073/4097
f 4349/4071/4096 4352/4074/4098 4353/4075/4099
f 4350/4072/4029 4349/4071/4096 4354/4076/4100
f 4351/4073/4097 4352/4074/4098 4349/4071/4096
f 4351/4073/4097 4355/4077/4101 4356/4078/4102
f 4342/4064/4089 4338/4060/4085 4341/4063/4088
f 4333/4055/4082 4348/4070/4095 4357/4079/4103
f 4340/4062/4087 4306/4028/4057 4336/4058/4084
f 4339/4061/4086 4302/4024/4053 4342/4064/4089
f 4334/4056/4042 4314/4036/4065 4333/4055/4082
f 4345/4067/4092 4344/4066/4091 4301/4023/4052
f 4345/4067/4092 4301/4023/4052 4299/4021/4050
f 4346/4068/4093 4358/4080/4104 4344/4066/4091
f 4355/4077/4101 4351/4073/4097 4350/4072/4029
f 4356/4078/4102 4359/4081/4105 4351/4073/4097
f 4360/4082/4106 4295/4017/4046 4291/4013/4042
f 4295/4017/4046 4360/4082/4106 4361/4083/4107
f 4361/4083/4107 4280/4002/4031 4295/4017/4046
f 4358/4080/4104 4362/4084/4108 4363/4085/4109
f 4358/4080/4104 4346/4068/4093 4364/4086/4110
f 4358/4080/4104 4365/4087/4111 4347/4069/4094
f 4353/4075/4099 4366/4088/4112 4367/4089/4113
f 4366/4088/4112 4353/4075/4099 4352/4074/4098
f 4366/4088/4112 4368/4090/4114 4369/4091/4115
f 4367/4089/4113 4366/4088/4112 4369/4091/4115
f 4367/4089/4113 4369/4091/4115 4370/4092/4116
f 4369/4091/4115 4371/4093/4117 4372/4094/4095
f 4359/4081/4105 4356/4078/4102 4373/4095/4118
f 4359/4081/4105 4373/4095/4118 4374/4096/4119
f 4373/4095/4118 4375/4097/4120 4376/4098/4121
f 4373/4095/4118 4377/4099/4122 4375/4097/4120
f 4347/4069/4094 4344/4066/4091 4358/4080/4104
f 4370/4092/4116 4369/4091/4115 4372/4094/4095
f 4352/4074/4098 4351/4073/4097 4359/4081/4105
f 4352/4074/4098 4359/4081/4105 4378/4100/4123
f 4352/4074/4098 4379/4101/4124 4366/4088/4112
f 4343/4065/4090 4341/4063/4088 4347/4069/4094
f 4377/4099/4122 4373/4095/4118 4356/4078/4102
f 4375/4097/4120 4380/4102/4094 4381/4103/4125
f 4375/4097/4120 4381/4103/4125 4376/4098/4121
f 4382/4104/4126 4383/4105/4127 4361/4083/4107
f 4383/4105/4127 4382/4104/4126 4384/4106/4117
f 4384/4106/4117 4385/4107/4128 4383/4105/4127
f 4379/4101/4124 4352/4074/4098 4386/4108/4129
f 4379/4101/4124 4387/4109/4130 4368/4090/4114
f 4386/4108/4129 4378/4100/4123 4388/4110/4131
f 4386/4108/4129 4389/4111/4132 4379/4101/4124
f 4386/4108/4129 4352/4074/4098 4378/4100/4123
f 4374/4096/4119 4376/4098/4121 4390/4112/4133
f 4374/4096/4119 4373/4095/4118 4376/4098/4121
f 4280/4002/4031 4361/4083/4107 4383/4105/4127
f 4280/4002/4031 4385/4107/4128 4281/4003/4032
f 4362/4084/4108 4358/4080/4104 4364/4086/4110
f 4363/4085/4109 4362/4084/4108 4391/4113/4134
f 4368/4090/4114 4366/4088/4112 4379/4101/4124
f 4378/4100/4123 4359/4081/4105 4374/4096/4119
f 4378/4100/4123 4374/4096/4119 4392/4114/4135
f 4365/4087/4111 4358/4080/4104 4363/4085/4109
f 4371/4093/4117 4369/4091/4115 4368/4090/4114
f 4281/4003/4032 4393/4115/4136 4284/4006/4035
f 4394/4116/4109 4395/4117/4137 4396/4118/4138
f 4395/4117/4137 4397/4119/4139 4398/4120/4140
f 4395/4117/4137 4394/4116/4109 4397/4119/4139
f 4395/4117/4137 4399/4121/4141 4400/4122/4142
f 4396/4118/4138 4400/4122/4142 4401/4123/4143
f 4402/4124/4144 4403/4125/4145 4384/4106/4117
f 4403/4125/4145 4402/4124/4144 4404/4126/4146
f 4403/4125/4145 4393/4115/4136 4385/4107/4128
f 4404/4126/4146 4405/4127/4147 4403/4125/4145
f 4406/4128/4148 4386/4108/4129 4388/4110/4131
f 4388/4110/4131 4378/4100/4123 4392/4114/4135
f 4400/4122/4142 4396/4118/4138 4395/4117/4137
f 4385/4107/4128 4280/4002/4031 4383/4105/4127
f 4385/4107/4128 4384/4106/4117 4403/4125/4145
f 4389/4111/4132 4406/4128/4148 4407/4129/4149
f 4389/4111/4132 4386/4108/4129 4406/4128/4148
f 4392/4114/4135 4374/4096/4119 4390/4112/4133
f 4387/4109/4130 4379/4101/4124 4389/4111/4132
f 4408/4130/4150 4409/4131/4151 4399/4121/4141
f 4409/4131/4151 4400/4122/4142 4399/4121/4141
f 4399/4121/4141 4395/4117/4137 4398/4120/4140
f 4399/4121/4141 4410/4132/4152 4408/4130/4150
f 4393/4115/4136 4403/4125/4145 4405/4127/4147
f 4393/4115/4136 4281/4003/4032 4385/4107/4128
f 4411/4133/4134 4412/4134/4108 4328/4050/4079
f 4411/4133/4134 4328/4050/4079 4413/4135/4153
f 4413/4135/4153 4328/4050/4079 4414/4136/4154
f 4415/4137/4155 4416/4138/4156 4417/4139/4157
f 4415/4137/4155 4418/4140/4158 4405/4127/4147
f 4416/4138/4156 4415/4137/4155 4404/4126/4146
f 4417/4139/4157 4419/4141/4159 4415/4137/4155
f 4420/4142/4160 4421/4143/4161 4408/4130/4150
f 4421/4143/4161 4409/4131/4151 4408/4130/4150
f 4398/4120/4140 4422/4144/4162 4399/4121/4141
f 4405/4127/4147 4423/4145/4163 4393/4115/4136
f 4405/4127/4147 4404/4126/4146 4415/4137/4155
f 4424/4146/4164 4425/4147/4148 4420/4142/4160
f 4425/4147/4148 4421/4143/4161 4420/4142/4160
f 4426/4148/4165 4389/4111/4132 4407/4129/4149
f 4422/4144/4162 4427/4149/4166 4410/4132/4152
f 4422/4144/4162 4428/4150/4167 4429/4151/4168
f 4422/4144/4162 4398/4120/4140 4430/4152/4169
f 4430/4152/4169 4431/4153/4170 4428/4150/4167
f 4423/4145/4163 4285/4007/4036 4284/4006/4035
f 4423/4145/4163 4286/4008/4037 4285/4007/4036
f 4423/4145/4163 4284/4006/4035 4393/4115/4136
f 4423/4145/4163 4418/4140/4158 4432/4154/4171
f 4423/4145/4163 4405/4127/4147 4418/4140/4158
f 4418/4140/4158 4415/4137/4155 4419/4141/4159
f 4418/4140/4158 4419/4141/4159 4433/4155/4172
f 4434/4156/4173 4435/4157/4157 4436/4158/4174
f 4436/4158/4174 4435/4157/4157 4424/4146/4164
f 4436/4158/4174 4437/4159/4175 4434/4156/4173
f 4436/4158/4174 4424/4146/4164 4438/4160/4176
f 4410/4132/4152 4399/4121/4141 4422/4144/4162
f 4410/4132/4152 4439/4161/4177 4438/4160/4176
f 4410/4132/4152 4438/4160/4176 4420/4142/4160
f 4410/4132/4152 4420/4142/4160 4408/4130/4150
f 4414/4136/4154 4328/4050/4079 4440/4162/4178
f 4419/4141/4159 4441/4163/4179 4442/4164/4180
f 4419/4141/4159 4417/4139/4157 4441/4163/4179
f 4438/4160/4176 4424/4146/4164 4420/4142/4160
f 4438/4160/4176 4443/4165/4181 4436/4158/4174
f 4444/4166/4182 4445/4167/4153 4446/4168/4183
f 4445/4167/4153 4444/4166/4182 4447/4169/4184
f 4447/4169/4184 4448/4170/4185 4445/4167/4153
f 4439/4161/4177 4410/4132/4152 4427/4149/4166
f 4427/4149/4166 4422/4144/4162 4429/4151/4168
f 4427/4149/4166 4449/4171/4186 4439/4161/4177
f 4286/4008/4037 4423/4145/4163 4450/4172/4187
f 4428/4150/4167 4451/4173/4188 4452/4174/4189
f 4428/4150/4167 4422/4144/4162 4430/4152/4169
f 4432/4154/4171 4418/4140/4158 4433/4155/4172
f 4432/4154/4171 4450/4172/4187 4423/4145/4163
f 4432/4154/4171 4433/4155/4172 4453/4175/4190
f 4433/4155/4172 4419/4141/4159 4442/4164/4180
f 4443/4165/4181 4438/4160/4176 4439/4161/4177
f 4429/4151/4168 4452/4174/4189 4454/4176/4191
f 4429/4151/4168 4455/4177/4192 4427/4149/4166
f 4450/4172/4187 4432/4154/4171 4456/4178/4193
f 4450/4172/4187 4456/4178/4193 4457/4179/4194
f 4450/4172/4187 4287/4009/4038 4286/4008/4037
f 4437/4159/4175 4436/4158/4174 4443/4165/4181
f 4440/4162/4178 4328/4050/4079 4458/4180/4195
f 4442/4164/4180 4459/4181/4196 4433/4155/4172
f 4455/4177/4192 4429/4151/4168 4454/4176/4191
f 4287/4009/4038 4450/4172/4187 4457/4179/4194
f 4287/4009/4038 4460/4182/4197 4288/4010/4039
f 4287/4009/4038 4457/4179/4194 4460/4182/4197
f 4457/4179/4194 4461/4183/4198 4460/4182/4197
f 4453/4175/4190 4462/4184/4199 4456/4178/4193
f 4453/4175/4190 4433/4155/4172 4459/4181/4196
f 4449/4171/4186 4427/4149/4166 4455/4177/4192
f 4451/4173/4188 4428/4150/4167 4431/4153/4170
f 4452/4174/4189 4429/4151/4168 4428/4150/4167
f 4452/4174/4189 4463/4185/4200 4454/4176/4191
f 4456/4178/4193 4432/4154/4171 4453/4175/4190
f 4456/4178/4193 4461/4183/4198 4457/4179/4194
f 4456/4178/4193 4462/4184/4199 4461/4183/4198
f 4464/4186/4177 4465/4187/4201 4466/4188/4181
f 4465/4187/4201 4467/4189/4180 4466/4188/4181
f 4465/4187/4201 4464/4186/4177 4468/4190/4186
f 4468/4190/4186 4469/4191/4202 4465/4187/4201
f 4467/4189/4180 4465/4187/4201 4470/4192/4196
f 4470/4192/4196 4469/4191/4202 4471/4193/4203
f 4469/4191/4202 4468/4190/4186 4472/4194/4204
f 4469/4191/4202 4470/4192/4196 4465/4187/4201
f 4472/4194/4204 4473/4195/4205 4474/4196/4206
f 4472/4194/4204 4475/4197/4207 4469/4191/4202
f 4463/4185/4200 4452/4174/4189 4476/4198/4208
f 4461/4183/4198 4477/4199/4209 4460/4182/4197
f 4460/4182/4197 4477/4199/4209 4478/4200/4210
f 4471/4193/4203 4479/4201/4211 4470/4192/4196
f 4471/4193/4203 4475/4197/4207 4480/4202/4212
f 4474/4196/4206 4481/4203/4213 4472/4194/4204
f 4474/4196/4206 4482/4204/4214 4483/4205/4215
f 4482/4204/4214 4474/4196/4206 4473/4195/4205
f 4483/4205/4215 4484/4206/4216 4474/4196/4206
f 4473/4195/4205 4472/4194/4204 4468/4190/4186
f 4288/4010/4039 4478/4200/4210 4289/4011/4040
f 4485/4207/4217 4486/4208/4189 4487/4209/4218
f 4485/4207/4217 4488/4210/4219 4489/4211/4220
f 4485/4207/4217 4487/4209/4218 4488/4210/4219
f 4487/4209/4218 4490/4212/4195 4488/4210/4219
f 4490/4212/4195 4487/4209/4218 4491/4213/4178
f 4479/4201/4211 4471/4193/4203 4492/4214/4221
f 4492/4214/4221 4480/4202/4212 4493/4215/4222
f 4486/4208/4189 4485/4207/4217 4494/4216/4223
f 4494/4216/4223 4485/4207/4217 4495/4217/4224
f 4481/4203/4213 4496/4218/4225 4497/4219/4226
f 4481/4203/4213 4474/4196/4206 4484/4206/4216
f 4484/4206/4216 4483/4205/4215 4498/4220/4227
f 4484/4206/4216 4499/4221/4228 4496/4218/4225
f 4495/4217/4224 4489/4211/4220 4500/4222/4229
f 4495/4217/4224 4501/4223/4230 4494/4216/4223
f 4495/4217/4224 4485/4207/4217 4489/4211/4220
f 4493/4215/4222 4502/4224/4231 4503/4225/4209
f 4493/4215/4222 4504/4226/4198 4492/4214/4221
f 4504/4226/4198 4493/4215/4222 4503/4225/4209
f 4475/4197/4207 4505/4227/4232 4480/4202/4212
f 4475/4197/4207 4471/4193/4203 4469/4191/4202
f 4475/4197/4207 4472/4194/4204 4481/4203/4213
f 4475/4197/4207 4497/4219/4226 4506/4228/4233
f 4498/4220/4227 4507/4229/4223 4508/4230/4234
f 4507/4229/4223 4498/4220/4227 4483/4205/4215
f 4477/4199/4209 4509/4231/4235 4478/4200/4210
f 4478/4200/4210 4288/4010/4039 4460/4182/4197
f 4480/4202/4212 4492/4214/4221 4471/4193/4203
f 4480/4202/4212 4510/4232/4236 4493/4215/4222
f 4505/4227/4232 4511/4233/4237 4510/4232/4236
f 4505/4227/4232 4475/4197/4207 4506/4228/4233
f 4506/4228/4233 4512/4234/4238 4513/4235/4239
f 4506/4228/4233 4514/4236/4240 4505/4227/4232
f 4499/4221/4228 4484/4206/4216 4498/4220/4227
f 4496/4218/4225 4481/4203/4213 4484/4206/4216
f 4509/4231/4235 4289/4011/4040 4478/4200/4210
f 4509/4231/4235 4292/4014/4043 4289/4011/4040
f 4509/4231/4235 4477/4199/4209 4515/4237/4241
f 4292/4014/4043 4509/4231/4235 4516/4238/4242
f 4500/4222/4229 4517/4239/4243 4495/4217/4224
f 4517/4239/4243 4518/4240/4244 4519/4241/4245
f 4517/4239/4243 4519/4241/4245 4501/4223/4230
f 4517/4239/4243 4501/4223/4230 4495/4217/4224
f 4517/4239/4243 4500/4222/4229 4520/4242/4246
f 4510/4232/4236 4480/4202/4212 4505/4227/4232
f 4497/4219/4226 4521/4243/4247 4512/4234/4238
f 4497/4219/4226 4475/4197/4207 4481/4203/4213
f 4519/4241/4245 4522/4244/4228 4523/4245/4248
f 4519/4241/4245 4523/4245/4248 4501/4223/4230
f 4502/4224/4231 4493/4215/4222 4510/4232/4236
f 4522/4244/4228 4518/4240/4244 4524/4246/4249
f 4512/4234/4238 4506/4228/4233 4497/4219/4226
f 4518/4240/4244 4522/4244/4228 4519/4241/4245
f 4518/4240/4244 4517/4239/4243 4520/4242/4246
f 4518/4240/4244 4520/4242/4246 4298/4020/4049
f 4524/4246/4249 4525/4247/4250 4522/4244/4228
f 4524/4246/4249 4298/4020/4049 4297/4019/4048
f 4526/4248/4242 4527/4249/4251 4528/4250/4252
f 4526/4248/4242 4528/4250/4252 4529/4251/4253
f 4526/4248/4242 4529/4251/4253 4530/4252/4254
f 4527/4249/4251 4531/4253/4255 4528/4250/4252
f 4528/4250/4252 4532/4254/4256 4533/4255/4257
f 4514/4236/4240 4506/4228/4233 4513/4235/4239
f 4525/4247/4250 4524/4246/4249 4534/4256/4258
f 4534/4256/4258 4297/4019/4048 4274/3996/4025
f 4516/4238/4242 4282/4004/4033 4292/4014/4043
f 4511/4233/4237 4505/4227/4232 4514/4236/4240
f 4521/4243/4247 4497/4219/4226 4496/4218/4225
f 4532/4254/4256 4528/4250/4252 4531/4253/4255
f 4533/4255/4257 4529/4251/4253 4528/4250/4252
f 4535/4257/4259 4536/4258/4260 4533/4255/4257
f 4536/4258/4260 4535/4257/4259 4311/4033/4062
f 4536/4258/4260 4305/4027/4056 4529/4251/4253
f 4311/4033/4062 4537/4259/4239 4326/4048/4077
f 4311/4033/4062 4305/4027/4056 4536/4258/4260
f 4274/3996/4025 4538/4260/4261 4534/4256/4258
f 4274/3996/4025 4276/3998/4027 4270/3992/4021
f 4538/4260/4261 4274/3996/4025 4273/3995/4024
f 4273/3995/4024 4270/3992/4021 4272/3994/4023
f 4298/4020/4049 4524/4246/4249 4518/4240/4244
f 4529/4251/4253 4304/4026/4055 4530/4252/4254
f 4529/4251/4253 4305/4027/4056 4304/4026/4055
f 4529/4251/4253 4533/4255/4257 4536/4258/4260
f 4539/4261/4262 4326/4048/4077 4537/4259/4239
f 4326/4048/4077 4312/4034/4063 4311/4033/4062
f 4326/4048/4077 4539/4261/4262 4321/4043/4072
f 4537/4259/4239 4311/4033/4062 4535/4257/4259
f 4321/4043/4072 4318/4040/4069 4326/4048/4077
f 4297/4019/4048 4296/4018/4047 4276/3998/4027
f 4297/4019/4048 4534/4256/4258 4524/4246/4249
f 4530/4252/4254 4304/4026/4055 4309/4031/4060
f 4530/4252/4254 4309/4031/4060 4540/4262/4034
f 4541/4263/4263 4526/4248/4242 4530/4252/4254
f 4541/4263/4263 4530/4252/4254 4540/4262/4034
f 4540/4262/4034 4309/4031/4060 4325/4047/4076
f 4542/4264/4264 4328/4050/4079 4327/4049/4078
f 4542/4264/4264 4331/4053/4047 4543/4265/4049
f 4331/4053/4047 4542/4264/4264 4327/4049/4078
f 4543/4265/4049 4544/4266/4265 4542/4264/4264
f 4545/4267/4266 4546/4268/4219 4328/4050/4079
f 4546/4268/4219 4458/4180/4195 4328/4050/4079
f 4547/4269/4170 4444/4166/4182 4446/4168/4183
f 4544/4266/4265 4328/4050/4079 4542/4264/4264
f 4544/4266/4265 4548/4270/4267 4328/4050/4079
f 4548/4270/4267 4545/4267/4266 4328/4050/4079
f 4549/4271/4268 4550/4272/4093 4328/4050/4079
f 4550/4272/4093 4330/4052/4080 4328/4050/4079
f 4412/4134/4108 4549/4271/4268 4328/4050/4079
f 4551/4273/4269 4552/4274/4270 4553/4275/4271
f 4552/4274/4270 4551/4273/4269 4554/4276/4272
f 4554/4276/4272 4555/4277/4273 4556/4278/4274
f 4554/4276/4272 4557/4279/4275 4552/4274/4270
f 4558/4280/4276 4559/4281/4277 4560/4282/4278
f 4558/4280/4276 4561/4283/4279 4559/4281/4277
f 4558/4280/4276 4562/4284/4280 4563/4285/4281
f 4558/4280/4276 4560/4282/4278 4562/4284/4280
f 4559/4281/4277 4564/4286/4282 4560/4282/4278
f 4565/4287/4283 4566/4288/4284 4567/4289/4285
f 4565/4287/4283 4567/4289/4285 4568/4290/4286
f 4567/4289/4285 4569/4291/4287 4570/4292/4288
f 4567/4289/4285 4571/4293/4289 4568/4290/4286
f 4572/4294/4290 4573/4295/4291 4574/4296/4292
f 4572/4294/4290 4575/4297/4293 4576/4298/4294
f 4572/4294/4290 4577/4299/4295 4575/4297/4293
f 4577/4299/4295 4578/4300/4296 4579/4301/4297
f 4577/4299/4295 4579/4301/4297 4575/4297/4293
f 4575/4297/4293 4580/4302/4298 4581/4303/4299
f 4579/4301/4297 4582/4304/4300 4583/4305/4301
f 4584/4306/4302 4585/4307/4303 4586/4308/4273
f 4584/4306/4302 4587/4309/4304 4588/4310/4305
f 4588/4310/4305 4589/4311/4306 4584/4306/4302
f 4589/4311/4306 4588/4310/4305 4590/4312/4307
f 4566/4288/4284 4565/4287/4283 4557/4279/4275
f 4566/4288/4284 4556/4278/4274 4569/4291/4287
f 4557/4279/4275 4554/4276/4272 4566/4288/4284
f 4578/4300/4296 4561/4283/4279 4582/4304/4300
f 4578/4300/4296 4577/4299/4295 4564/4286/4282
f 4564/4286/4282 4559/4281/4277 4578/4300/4296
f 4590/4312/4307 4591/4313/4308 4573/4295/4291
f 4590/4312/4307 4576/4298/4294 4589/4311/4306
f 4576/4298/4294 4585/4307/4303 4589/4311/4306
f 4576/4298/4294 4590/4312/4307 4572/4294/4290
f 4592/4314/4309 4593/4315/4286 4594/4316/4310
f 4593/4315/4286 4595/4317/4311 4594/4316/4310
f 4593/4315/4286 4592/4314/4309 4596/4318/4283
f 4582/4304/4300 4597/4319/4312 4583/4305/4301
f 4582/4304/4300 4598/4320/4313 4599/4321/4314
f 4582/4304/4300 4579/4301/4297 4578/4300/4296
f 4583/4305/4301 4600/4322/4315 4580/4302/4298
f 4581/4303/4299 4585/4307/4303 4576/4298/4294
f 4581/4303/4299 4576/4298/4294 4575/4297/4293
f 4585/4307/4303 4584/4306/4302 4589/4311/4306
f 4556/4278/4274 4566/4288/4284 4554/4276/4272
f 4569/4291/4287 4567/4289/4285 4566/4288/4284
f 4561/4283/4279 4578/4300/4296 4559/4281/4277
f 4580/4302/4298 4601/4323/4316 4581/4303/4299
f 4580/4302/4298 4579/4301/4297 4583/4305/4301
f 4580/4302/4298 4575/4297/4293 4579/4301/4297
f 4555/4277/4273 4554/4276/4272 4551/4273/4269
f 4571/4293/4289 4602/4324/4317 4603/4325/4318
f 4571/4293/4289 4567/4289/4285 4570/4292/4288
f 4570/4292/4288 4604/4326/4319 4602/4324/4317
f 4602/4324/4317 4571/4293/4289 4570/4292/4288
f 4603/4325/4318 4605/4327/4320 4606/4328/4321
f 4603/4325/4318 4607/4329/4311 4571/4293/4289
f 4597/4319/4312 4582/4304/4300 4599/4321/4314
f 4597/4319/4312 4608/4330/4322 4600/4322/4315
f 4597/4319/4312 4609/4331/4323 4608/4330/4322
f 4597/4319/4312 4600/4322/4315 4583/4305/4301
f 4600/4322/4315 4601/4323/4316 4580/4302/4298
f 4610/4332/4324 4611/4333/4273 4612/4334/4325
f 4611/4333/4273 4610/4332/4324 4613/4335/4326
f 4613/4335/4326 4614/4336/4327 4611/4333/4273
f 4613/4335/4326 4615/4337/4328 4616/4338/4329
f 4604/4326/4319 4570/4292/4288 4569/4291/4287
f 4599/4321/4314 4609/4331/4323 4597/4319/4312
f 4599/4321/4314 4617/4339/4330 4618/4340/4331
f 4599/4321/4314 4618/4340/4331 4609/4331/4323
f 4619/4341/4332 4610/4332/4324 4620/4342/4333
f 4619/4341/4332 4615/4337/4328 4610/4332/4324
f 4619/4341/4332 4621/4343/4334 4615/4337/4328
f 4620/4342/4333 4610/4332/4324 4612/4334/4325
f 4622/4344/4335 4623/4345/4336 4614/4336/4327
f 4622/4344/4335 4616/4338/4329 4624/4346/4337
f 4623/4345/4336 4622/4344/4335 4625/4347/4319
f 4614/4336/4327 4613/4335/4326 4622/4344/4335
f 4625/4347/4319 4624/4346/4337 4626/4348/4338
f 4598/4320/4313 4582/4304/4300 4561/4283/4279
f 4607/4329/4311 4568/4290/4286 4571/4293/4289
f 4607/4329/4311 4603/4325/4318 4627/4349/4339
f 4627/4349/4339 4606/4328/4321 4628/4350/4340
f 4629/4351/4276 4630/4352/4341 4631/4353/4342
f 4629/4351/4276 4632/4354/4343 4633/4355/4344
f 4629/4351/4276 4633/4355/4344 4634/4356/4345
f 4629/4351/4276 4635/4357/4346 4632/4354/4343
f 4629/4351/4276 4634/4356/4345 4636/4358/4347
f 4629/4351/4276 4637/4359/4348 4635/4357/4346
f 4629/4351/4276 4636/4358/4347 4638/4360/4349
f 4629/4351/4276 4638/4360/4349 4639/4361/4350
f 4629/4351/4276 4639/4361/4350 4640/4362/4351
f 4629/4351/4276 4640/4362/4351 4641/4363/4352
f 4629/4351/4276 4641/4363/4352 4630/4352/4341
f 4629/4351/4276 4631/4353/4342 4642/4364/4353
f 4617/4339/4330 4599/4321/4314 4598/4320/4313
f 4606/4328/4321 4627/4349/4339 4603/4325/4318
f 4606/4328/4321 4643/4365/4354 4644/4366/4355
f 4606/4328/4321 4644/4366/4355 4645/4367/4356
f 4628/4350/4340 4606/4328/4321 4645/4367/4356
f 4646/4368/4357 4647/4369/4322 4621/4343/4334
f 4646/4368/4357 4621/4343/4334 4619/4341/4332
f 4621/4343/4334 4648/4370/4358 4649/4371/4359
f 4616/4338/4329 4650/4372/4360 4624/4346/4337
f 4616/4338/4329 4622/4344/4335 4613/4335/4326
f 4624/4346/4337 4651/4373/4361 4626/4348/4338
f 4624/4346/4337 4625/4347/4319 4622/4344/4335
f 4605/4327/4320 4603/4325/4318 4602/4324/4317
f 4615/4337/4328 4613/4335/4326 4610/4332/4324
f 4615/4337/4328 4649/4371/4359 4652/4374/4362
f 4615/4337/4328 4653/4375/4363 4616/4338/4329
f 4654/4376/4364 4626/4348/4338 4655/4377/4320
f 4626/4348/4338 4654/4376/4364 4625/4347/4319
f 4655/4377/4320 4626/4348/4338 4656/4378/4365
f 4651/4373/4361 4656/4378/4365 4626/4348/4338
f 4657/4379/4366 4658/4380/4367 4659/4381/4368
f 4658/4380/4367 4657/4379/4366 4660/4382/4331
f 4658/4380/4367 4641/4363/4352 4661/4383/4369
f 4659/4381/4368 4662/4384/4322 4657/4379/4366
f 4659/4381/4368 4661/4383/4369 4663/4385/4370
f 4660/4382/4331 4641/4363/4352 4658/4380/4367
f 4649/4371/4359 4615/4337/4328 4621/4343/4334
f 4652/4374/4362 4664/4386/4371 4653/4375/4363
f 4652/4374/4362 4665/4387/4372 4666/4388/4373
f 4652/4374/4362 4653/4375/4363 4615/4337/4328
f 4650/4372/4360 4651/4373/4361 4624/4346/4337
f 4650/4372/4360 4667/4389/4374 4651/4373/4361
f 4641/4363/4352 4660/4382/4331 4630/4352/4341
f 4644/4366/4355 4668/4390/4375 4645/4367/4356
f 4648/4370/4358 4621/4343/4334 4647/4369/4322
f 4653/4375/4363 4669/4391/4376 4650/4372/4360
f 4653/4375/4363 4650/4372/4360 4616/4338/4329
f 4643/4365/4354 4606/4328/4321 4605/4327/4320
f 4662/4384/4322 4659/4381/4368 4670/4392/4377
f 4670/4392/4377 4663/4385/4370 4671/4393/4378
f 4672/4394/4379 4673/4395/4380 4674/4396/4381
f 4672/4394/4379 4675/4397/4382 4673/4395/4380
f 4672/4394/4379 4676/4398/4355 4677/4399/4383
f 4676/4398/4355 4672/4394/4379 4674/4396/4381
f 4677/4399/4383 4678/4400/4384 4672/4394/4379
f 4663/4385/4370 4679/4401/4385 4680/4402/4386
f 4663/4385/4370 4670/4392/4377 4659/4381/4368
f 4671/4393/4378 4681/4403/4359 4670/4392/4377
f 4671/4393/4378 4680/4402/4386 4682/4404/4387
f 4666/4388/4373 4664/4386/4371 4652/4374/4362
f 4664/4386/4371 4669/4391/4376 4653/4375/4363
f 4678/4400/4384 4677/4399/4383 4683/4405/4388
f 4661/4383/4369 4659/4381/4368 4658/4380/4367
f 4661/4383/4369 4641/4363/4352 4640/4362/4351
f 4665/4387/4372 4652/4374/4362 4649/4371/4359
f 4669/4391/4376 4667/4389/4374 4650/4372/4360
f 4681/4403/4359 4671/4393/4378 4684/4406/4389
f 4684/4406/4389 4682/4404/4387 4685/4407/4390
f 4684/4406/4389 4686/4408/4391 4687/4409/4373
f 4675/4397/4382 4672/4394/4379 4678/4400/4384
f 4675/4397/4382 4688/4410/4392 4689/4411/4393
f 4675/4397/4382 4690/4412/4394 4691/4413/4395
f 4690/4412/4394 4675/4397/4382 4678/4400/4384
f 4691/4413/4395 4692/4414/4396 4693/4415/4397
f 4679/4401/4385 4663/4385/4370 4661/4383/4369
f 4679/4401/4385 4661/4383/4369 4640/4362/4351
f 4679/4401/4385 4640/4362/4351 4639/4361/4350
f 4639/4361/4350 4694/4416/4398 4679/4401/4385
f 4695/4417/4399 4594/4316/4310 4696/4418/4356
f 4695/4417/4399 4697/4419/4400 4594/4316/4310
f 4697/4419/4400 4698/4420/4401 4594/4316/4310
f 4682/4404/4387 4684/4406/4389 4671/4393/4378
f 4682/4404/4387 4699/4421/4402 4700/4422/4403
f 4685/4407/4390 4700/4422/4403 4701/4423/4404
f 4685/4407/4390 4702/4424/4405 4686/4408/4391
f 4692/4414/4396 4691/4413/4395 4690/4412/4394
f 4693/4415/4397 4688/4410/4392 4691/4413/4395
f 4693/4415/4397 4703/4425/4373 4704/4426/4406
f 4673/4395/4380 4689/4411/4393 4705/4427/4407
f 4680/4402/4386 4694/4416/4398 4699/4421/4402
f 4680/4402/4386 4671/4393/4378 4663/4385/4370
f 4703/4425/4373 4693/4415/4397 4692/4414/4396
f 4704/4426/4406 4706/4428/4408 4693/4415/4397
f 4686/4408/4391 4684/4406/4389 4685/4407/4390
f 4689/4411/4393 4707/4429/4409 4708/4430/4410
f 4689/4411/4393 4673/4395/4380 4675/4397/4382
f 4689/4411/4393 4709/4431/4411 4705/4427/4407
f 4705/4427/4407 4709/4431/4411 4710/4432/4412
f 4694/4416/4398 4680/4402/4386 4679/4401/4385
f 4694/4416/4398 4711/4433/4413 4699/4421/4402
f 4694/4416/4398 4639/4361/4350 4638/4360/4349
f 4694/4416/4398 4636/4358/4347 4712/4434/4414
f 4699/4421/4402 4713/4435/4415 4700/4422/4403
f 4699/4421/4402 4682/4404/4387 4680/4402/4386
f 4702/4424/4405 4714/4436/4416 4715/4437/4417
f 4702/4424/4405 4685/4407/4390 4701/4423/4404
f 4688/4410/4392 4675/4397/4382 4691/4413/4395
f 4688/4410/4392 4716/4438/4418 4707/4429/4409
f 4688/4410/4392 4693/4415/4397 4706/4428/4408
f 4698/4420/4401 4717/4439/4419 4594/4316/4310
f 4700/4422/4403 4685/4407/4390 4682/4404/4387
f 4700/4422/4403 4714/4436/4416 4701/4423/4404
f 4706/4428/4408 4704/4426/4406 4718/4440/4405
f 4706/4428/4408 4719/4441/4417 4716/4438/4418
f 4720/4442/4420 4721/4443/4400 4722/4444/4421
f 4721/4443/4400 4720/4442/4420 4723/4445/4401
f 4722/4444/4421 4721/4443/4400 4724/4446/4381
f 4716/4438/4418 4688/4410/4392 4706/4428/4408
f 4707/4429/4409 4689/4411/4393 4688/4410/4392
f 4707/4429/4409 4725/4447/4422 4726/4448/4423
f 4636/4358/4347 4694/4416/4398 4638/4360/4349
f 4709/4431/4411 4727/4449/4424 4728/4450/4425
f 4709/4431/4411 4689/4411/4393 4708/4430/4410
f 4710/4432/4412 4709/4431/4411 4728/4450/4425
f 4713/4435/4415 4729/4451/4426 4714/4436/4416
f 4713/4435/4415 4730/4452/4427 4729/4451/4426
f 4713/4435/4415 4699/4421/4402 4711/4433/4413
f 4711/4433/4413 4730/4452/4427 4713/4435/4415
f 4711/4433/4413 4694/4416/4398 4712/4434/4414
f 4719/4441/4417 4706/4428/4408 4718/4440/4405
f 4708/4430/4410 4726/4448/4423 4731/4453/4428
f 4708/4430/4410 4731/4453/4428 4727/4449/4424
f 4712/4434/4414 4732/4454/4429 4711/4433/4413
f 4712/4434/4414 4634/4356/4345 4733/4455/4430
f 4714/4436/4416 4700/4422/4403 4713/4435/4415
f 4714/4436/4416 4702/4424/4405 4701/4423/4404
f 4717/4439/4419 4734/4456/4431 4594/4316/4310
f 4726/4448/4423 4708/4430/4410 4707/4429/4409
f 4634/4356/4345 4712/4434/4414 4636/4358/4347
f 4733/4455/4430 4735/4457/4432 4736/4458/4433
f 4733/4455/4430 4732/4454/4429 4712/4434/4414
f 4733/4455/4430 4634/4356/4345 4735/4457/4432
f 4725/4447/4422 4707/4429/4409 4716/4438/4418
f 4728/4450/4425 4727/4449/4424 4737/4459/4434
f 4727/4449/4424 4738/4460/4435 4739/4461/4436
f 4727/4449/4424 4709/4431/4411 4708/4430/4410
f 4732/4454/4429 4733/4455/4430 4736/4458/4433
f 4732/4454/4429 4730/4452/4427 4711/4433/4413
f 4740/4462/4418 4741/4463/4437 4742/4464/4422
f 4741/4463/4437 4740/4462/4418 4743/4465/4438
f 4741/4463/4437 4743/4465/4438 4744/4466/4416
f 4742/4464/4422 4745/4467/4439 4746/4468/4440
f 4744/4466/4416 4747/4469/4426 4741/4463/4437
f 4745/4467/4439 4747/4469/4426 4748/4470/4441
f 4745/4467/4439 4741/4463/4437 4747/4469/4426
f 4745/4467/4439 4742/4464/4422 4741/4463/4437
f 4746/4468/4440 4749/4471/4442 4750/4472/4443
f 4746/4468/4440 4751/4473/4444 4742/4464/4422
f 4738/4460/4435 4727/4449/4424 4731/4453/4428
f 4739/4461/4436 4737/4459/4434 4727/4449/4424
f 4736/4458/4433 4735/4457/4432 4752/4474/4445
f 4735/4457/4432 4633/4355/4344 4753/4475/4446
f 4735/4457/4432 4753/4475/4446 4752/4474/4445
f 4748/4470/4441 4747/4469/4426 4754/4476/4447
f 4755/4477/4448 4756/4478/4449 4757/4479/4450
f 4756/4478/4449 4750/4472/4443 4758/4480/4451
f 4756/4478/4449 4755/4477/4448 4751/4473/4444
f 4757/4479/4450 4758/4480/4451 4759/4481/4452
f 4751/4473/4444 4746/4468/4440 4756/4478/4449
f 4633/4355/4344 4735/4457/4432 4634/4356/4345
f 4760/4482/4453 4761/4483/4454 4762/4484/4455
f 4760/4482/4453 4763/4485/4456 4761/4483/4454
f 4762/4484/4455 4761/4483/4454 4764/4486/4431
f 4764/4486/4431 4765/4487/4419 4762/4484/4455
f 4754/4476/4447 4766/4488/4457 4748/4470/4441
f 4766/4488/4457 4754/4476/4447 4767/4489/4458
f 4767/4489/4458 4768/4490/4459 4766/4488/4457
f 4750/4472/4443 4769/4491/4460 4770/4492/4461
f 4750/4472/4443 4756/4478/4449 4746/4468/4440
f 4758/4480/4451 4757/4479/4450 4756/4478/4449
f 4758/4480/4451 4770/4492/4461 4771/4493/4462
f 4772/4494/4463 4773/4495/4464 4774/4496/4465
f 4772/4494/4463 4775/4497/4466 4773/4495/4464
f 4773/4495/4464 4763/4485/4456 4760/4482/4453
f 4773/4495/4464 4776/4498/4467 4763/4485/4456
f 4774/4496/4465 4773/4495/4464 4760/4482/4453
f 4777/4499/4468 4778/4500/4469 4779/4501/4470
f 4777/4499/4468 4766/4488/4457 4768/4490/4459
f 4777/4499/4468 4768/4490/4459 4780/4502/4471
f 4780/4502/4471 4781/4503/4472 4778/4500/4469
f 4749/4471/4442 4745/4467/4439 4748/4470/4441
f 4749/4471/4442 4746/4468/4440 4745/4467/4439
f 4749/4471/4442 4782/4504/4473 4769/4491/4460
f 4749/4471/4442 4783/4505/4474 4782/4504/4473
f 4749/4471/4442 4748/4470/4441 4784/4506/4475
f 4759/4481/4452 4785/4507/4465 4757/4479/4450
f 4785/4507/4465 4759/4481/4452 4786/4508/4476
f 4753/4475/4446 4633/4355/4344 4632/4354/4343
f 4784/4506/4475 4748/4470/4441 4766/4488/4457
f 4784/4506/4475 4766/4488/4457 4777/4499/4468
f 4784/4506/4475 4779/4501/4470 4783/4505/4474
f 4783/4505/4474 4749/4471/4442 4784/4506/4475
f 4783/4505/4474 4787/4509/4477 4788/4510/4478
f 4782/4504/4473 4789/4511/4479 4790/4512/4480
f 4782/4504/4473 4788/4510/4478 4789/4511/4479
f 4771/4493/4462 4759/4481/4452 4758/4480/4451
f 4770/4492/4461 4758/4480/4451 4750/4472/4443
f 4791/4513/4481 4753/4475/4446 4632/4354/4343
f 4791/4513/4481 4632/4354/4343 4635/4357/4346
f 4776/4498/4467 4773/4495/4464 4775/4497/4466
f 4775/4497/4466 4772/4494/4463 4792/4514/4482
f 4775/4497/4466 4793/4515/4483 4776/4498/4467
f 4775/4497/4466 4794/4516/4484 4793/4515/4483
f 4779/4501/4470 4784/4506/4475 4777/4499/4468
f 4769/4491/4460 4750/4472/4443 4749/4471/4442
f 4792/4514/4482 4795/4517/4485 4796/4518/4462
f 4778/4500/4469 4777/4499/4468 4780/4502/4471
f 4795/4517/4485 4792/4514/4482 4772/4494/4463
f 4796/4518/4462 4794/4516/4484 4792/4514/4482
f 4781/4503/4472 4780/4502/4471 4797/4519/4446
f 4790/4512/4480 4769/4491/4460 4782/4504/4473
f 4794/4516/4484 4798/4520/4486 4793/4515/4483
f 4794/4516/4484 4775/4497/4466 4792/4514/4482
f 4794/4516/4484 4796/4518/4462 4799/4521/4487
f 4799/4521/4487 4796/4518/4462 4800/4522/4461
f 4799/4521/4487 4801/4523/4488 4798/4520/4486
f 4802/4524/4489 4803/4525/4490 4804/4526/4491
f 4802/4524/4489 4805/4527/4492 4806/4528/4493
f 4803/4525/4490 4802/4524/4489 4806/4528/4493
f 4804/4526/4491 4807/4529/4494 4802/4524/4489
f 4788/4510/4478 4782/4504/4473 4783/4505/4474
f 4800/4522/4461 4808/4530/4495 4799/4521/4487
f 4808/4530/4495 4809/4531/4496 4801/4523/4488
f 4808/4530/4495 4800/4522/4461 4810/4532/4460
f 4563/4285/4281 4811/4533/4497 4804/4526/4491
f 4563/4285/4281 4804/4526/4491 4812/4534/4346
f 4812/4534/4346 4804/4526/4491 4803/4525/4490
f 4787/4509/4477 4783/4505/4474 4779/4501/4470
f 4810/4532/4460 4813/4535/4498 4808/4530/4495
f 4813/4535/4498 4814/4536/4499 4815/4537/4500
f 4813/4535/4498 4815/4537/4500 4809/4531/4496
f 4805/4527/4492 4802/4524/4489 4816/4538/4501
f 4816/4538/4501 4807/4529/4494 4574/4296/4292
f 4574/4296/4292 4807/4529/4494 4572/4294/4290
f 4574/4296/4292 4817/4539/4502 4816/4538/4501
f 4817/4539/4502 4574/4296/4292 4573/4295/4291
f 4573/4295/4291 4818/4540/4479 4817/4539/4502
f 4573/4295/4291 4572/4294/4290 4590/4312/4307
f 4809/4531/4496 4815/4537/4500 4552/4274/4270
f 4809/4531/4496 4552/4274/4270 4557/4279/4275
f 4809/4531/4496 4808/4530/4495 4813/4535/4498
f 4815/4537/4500 4819/4541/4503 4553/4275/4271
f 4815/4537/4500 4553/4275/4271 4552/4274/4270
f 4562/4284/4280 4560/4282/4278 4564/4286/4282
f 4562/4284/4280 4811/4533/4497 4563/4285/4281
f 4798/4520/4486 4794/4516/4484 4799/4521/4487
f 4798/4520/4486 4801/4523/4488 4565/4287/4283
f 4807/4529/4494 4816/4538/4501 4802/4524/4489
f 4807/4529/4494 4811/4533/4497 4577/4299/4295
f 4807/4529/4494 4577/4299/4295 4572/4294/4290
f 4814/4536/4499 4813/4535/4498 4820/4542/4479
f 4801/4523/4488 4809/4531/4496 4557/4279/4275
f 4801/4523/4488 4557/4279/4275 4565/4287/4283
f 4801/4523/4488 4799/4521/4487 4808/4530/4495
f 4811/4533/4497 4564/4286/4282 4577/4299/4295
f 4811/4533/4497 4562/4284/4280 4564/4286/4282
f 4811/4533/4497 4807/4529/4494 4804/4526/4491
f 4818/4540/4479 4573/4295/4291 4591/4313/4308
f 4591/4313/4308 4590/4312/4307 4588/4310/4305
f 4821/4543/4504 4592/4314/4309 4594/4316/4310
f 4821/4543/4504 4596/4318/4283 4592/4314/4309
f 4596/4318/4283 4821/4543/4504 4822/4544/4486
f 4822/4544/4486 4821/4543/4504 4823/4545/4483
f 4819/4541/4503 4815/4537/4500 4814/4536/4499
f 4824/4546/4505 4594/4316/4310 4825/4547/4454
f 4825/4547/4454 4594/4316/4310 4734/4456/4431
f 4826/4548/4412 4723/4445/4401 4720/4442/4420
f 4823/4545/4483 4594/4316/4310 4827/4549/4467
f 4823/4545/4483 4821/4543/4504 4594/4316/4310
f 4827/4549/4467 4594/4316/4310 4824/4546/4505
f 4828/4550/4506 4594/4316/4310 4829/4551/4507
f 4829/4551/4507 4594/4316/4310 4595/4317/4311
f 4696/4418/4356 4594/4316/4310 4828/4550/4506
f 4830/4552/4508 4831/4553/4509 4832/4554/4510
f 4830/4552/4508 4833/4555/4511 4834/4556/4512
f 4830/4552/4508 4835/4557/4513 4836/4558/4514
f 4831/4553/4509 4830/4552/4508 4836/4558/4514
f 4831/4553/4509 4837/4559/4515 4832/4554/4510
f 4832/4554/4510 4837/4559/4515 4838/4560/4516
f 4836/4558/4514 4835/4557/4513 4839/4561/4517
f 4836/4558/4514 4839/4561/4517 4840/4562/4518
f 4836/4558/4514 4841/4563/4519 4831/4553/4509
f 4837/4559/4515 4831/4553/4509 4842/4564/4520
f 4842/4564/4520 4841/4563/4519 4843/4565/4521
f 4842/4564/4520 4831/4553/4509 4841/4563/4519
f 4838/4560/4516 4833/4555/4511 4832/4554/4510
f 4833/4555/4511 4830/4552/4508 4832/4554/4510
f 4834/4556/4512 4844/4566/4522 4830/4552/4508
f 4834/4556/4512 4845/4567/4523 4844/4566/4522
f 4846/4568/4524 4847/4569/4525 4848/4570/4526
f 4846/4568/4524 4849/4571/4527 4850/4572/4528
f 4850/4572/4528 4849/4571/4527 4851/4573/4529
f 4851/4573/4529 4852/4574/4530 4850/4572/4528
f 4852/4574/4530 4851/4573/4529 4853/4575/4531
f 4847/4569/4525 4854/4576/4532 4855/4577/4533
f 4847/4569/4525 4855/4577/4533 4848/4570/4526
f 4847/4569/4525 4850/4572/4528 4856/4578/4534
f 4847/4569/4525 4846/4568/4524 4850/4572/4528
f 4856/4578/4534 4850/4572/4528 4852/4574/4530
f 4857/4579/4535 4858/4580/4536 4859/4581/4537
f 4857/4579/4535 4860/4582/4538 4861/4583/4535
f 4858/4580/4536 4862/4584/4539 4863/4585/4540
f 4858/4580/4536 4857/4579/4535 4861/4583/4535
f 4861/4583/4535 4864/4586/4541 4865/4587/4542
f 4861/4583/4535 4860/4582/4538 4864/4586/4541
f 4861/4583/4535 4866/4588/4543 4858/4580/4536
f 4867/4589/4544 4868/4590/4545 4869/4591/4546
f 4868/4590/4545 4870/4592/4536 4869/4591/4546
f 4871/4593/4547 4872/4589/4548 4873/4594/4549
f 4871/4593/4547 4874/4595/4550 4875/4590/4551
f 4872/4589/4548 4871/4593/4547 4875/4590/4551
f 4875/4590/4551 4874/4595/4550 4876/4596/4552
f 4874/4595/4550 4877/4597/4553 4878/4598/4554
f 4874/4595/4550 4878/4598/4554 4876/4596/4552
f 4879/4599/4555 4880/4600/4556 4881/4601/4557
f 4879/4599/4555 4882/4602/4558 4883/4603/4559
f 4880/4600/4556 4879/4599/4555 4884/4604/4560
f 4880/4600/4556 4885/4605/4561 4881/4601/4557
f 4884/4604/4560 4879/4599/4555 4886/4606/4562
f 4885/4605/4561 4880/4600/4556 4887/4607/4563
f 4885/4605/4561 4882/4602/4558 4881/4601/4557
f 4882/4602/4558 4885/4605/4561 4888/4608/4564
f 4882/4602/4558 4879/4599/4555 4881/4601/4557
f 4882/4602/4558 4865/4587/4542 4883/4603/4559
f 4883/4603/4559 4886/4606/4562 4879/4599/4555
f 4889/4609/4565 4890/4610/4566 4891/4611/4567
f 4889/4609/4565 4892/4612/4568 4893/4613/4569
f 4889/4609/4565 4894/4614/4570 4892/4612/4568
f 4893/4613/4569 4895/4615/4571 4896/4616/4572
f 4893/4613/4569 4892/4612/4568 4895/4615/4571
f 4893/4613/4569 4897/4617/4573 4889/4609/4565
f 4896/4616/4572 4898/4618/4574 4893/4613/4569
f 4899/4619/4575 4893/4613/4569 4900/4620/4576
f 4899/4619/4575 4901/4621/4577 4902/4622/4578
f 4900/4620/4576 4893/4613/4569 4898/4618/4574
f 4897/4617/4573 4903/4623/4579 4904/4624/4580
f 4897/4617/4573 4893/4613/4569 4899/4619/4575
f 4897/4617/4573 4902/4622/4578 4903/4623/4579
f 4905/4625/4581 4906/4626/4582 4907/4627/4583
f 4906/4626/4582 4905/4625/4581 4908/4628/4584
f 4907/4627/4583 4906/4626/4582 4909/4629/4585
f 4907/4627/4583 4910/4630/4586 4905/4625/4581
f 4909/4629/4585 4911/4631/4587 4907/4627/4583
f 4911/4631/4587 4912/4632/4588 4907/4627/4583
f 4912/4632/4588 4911/4631/4587 4913/4633/4589
f 4912/4632/4588 4914/4634/4590 4910/4630/4586
f 4910/4630/4586 4907/4627/4583 4912/4632/4588
f 4915/4635/4591 4916/4636/4592 4917/4637/4593
f 4916/4636/4592 4918/4638/4594 4919/4639/4595
f 4916/4636/4592 4920/4640/4596 4921/4641/4597
f 4917/4637/4593 4922/4642/4598 4915/4635/4591
f 4917/4637/4593 4919/4639/4595 4923/4643/4599
f 4922/4642/4598 4924/4644/4600 4925/4645/4601
f 4919/4639/4595 4917/4637/4593 4916/4636/4592
f 4923/4643/4599 4924/4644/4600 4917/4637/4593
f 4924/4644/4600 4926/4646/4602 4927/4647/4603
f 4924/4644/4600 4928/4648/4604 4925/4645/4601
f 4924/4644/4600 4923/4643/4599 4929/4649/4605
f 4924/4644/4600 4922/4642/4598 4917/4637/4593
f 4930/4650/4606 4931/4651/4607 4932/4652/4608
f 4930/4650/4606 4933/4653/4609 4934/4654/4610
f 4933/4653/4609 4930/4650/4606 4932/4652/4608
f 4933/4653/4609 4935/4655/4611 4934/4654/4610
f 4932/4652/4608 4902/4622/4578 4933/4653/4609
f 4932/4652/4608 4904/4624/4580 4903/4623/4579
f 4932/4652/4608 4931/4651/4607 4904/4624/4580
f 4935/4655/4611 4933/4653/4609 4936/4656/4612
f 4937/4657/4613 4938/4658/4614 4939/4659/4615
f 4937/4657/4613 4940/4660/4616 4941/4661/4617
f 4938/4658/4614 4942/4662/4618 4943/4663/4619
f 4938/4658/4614 4937/4657/4613 4941/4661/4617
f 4941/4661/4617 4944/4664/4620 4942/4662/4618
f 4942/4662/4618 4945/4665/4621 4946/4666/4622
f 4942/4662/4618 4938/4658/4614 4941/4661/4617
f 4942/4662/4618 4946/4666/4622 4943/4663/4619
f 4947/4667/4623 4948/4668/4624 4921/4641/4597
f 4947/4667/4623 4920/4640/4596 4949/4669/4625
f 4947/4667/4623 4950/4670/4626 4948/4668/4624
f 4920/4640/4596 4947/4667/4623 4921/4641/4597
f 4920/4640/4596 4916/4636/4592 4915/4635/4591
f 4921/4641/4597 4948/4668/4624 4918/4638/4594
f 4918/4638/4594 4916/4636/4592 4921/4641/4597
f 4951/4671/4627 4952/4672/4628 4953/4673/4629
f 4952/4672/4628 4954/4674/4630 4855/4577/4533
f 4952/4672/4628 4955/4675/4631 4953/4673/4629
f 4953/4673/4629 4956/4676/4632 4951/4671/4627
f 4956/4676/4632 4957/4677/4633 4958/4678/4634
f 4955/4675/4631 4952/4672/4628 4959/4679/4635
f 4955/4675/4631 4957/4677/4633 4953/4673/4629
f 4959/4679/4635 4855/4577/4533 4854/4576/4532
f 4957/4677/4633 4956/4676/4632 4953/4673/4629
f 4957/4677/4633 4955/4675/4631 4960/4680/4636
f 4960/4680/4636 4961/4681/4637 4957/4677/4633
f 4961/4681/4637 4960/4680/4636 4962/4682/4638
f 4961/4681/4637 4958/4678/4634 4957/4677/4633
f 4961/4681/4637 4963/4683/4639 4958/4678/4634
f 4963/4683/4639 4964/4684/4640 4965/4685/4641
f 4962/4682/4638 4964/4684/4640 4961/4681/4637
f 4964/4684/4640 4966/4686/4642 4965/4685/4641
f 4964/4684/4640 4967/4687/4643 4968/4688/4644
f 4964/4684/4640 4962/4682/4638 4969/4689/4645
f 4964/4684/4640 4963/4683/4639 4961/4681/4637
f 4970/4690/4646 4971/4691/4553 4972/4692/4647
f 4970/4690/4646 4973/4693/4648 4974/4694/4519
f 4973/4693/4648 4970/4690/4646 4972/4692/4647
f 4973/4693/4648 4975/4695/4521 4974/4694/4519
f 4975/4695/4521 4973/4693/4648 4976/4696/4549
f 4841/4563/4519 4836/4558/4514 4840/4562/4518
f 4944/4664/4620 4945/4665/4621 4942/4662/4618
f 4944/4664/4620 4977/4697/4649 4978/4698/4650
f 4944/4664/4620 4940/4660/4616 4979/4699/4651
f 4944/4664/4620 4941/4661/4617 4940/4660/4616
f 4940/4660/4616 4937/4657/4613 4980/4700/4652
f 4940/4660/4616 4981/4701/4653 4979/4699/4651
f 4980/4700/4652 4981/4701/4653 4940/4660/4616
f 4981/4701/4653 4980/4700/4652 4982/4702/4654
f 4982/4702/4654 4983/4703/4655 4981/4701/4653
f 4984/4704/4656 4985/4705/4657 4986/4706/4658
f 4984/4704/4656 4986/4706/4658 4987/4707/4659
f 4985/4705/4657 4988/4708/4660 4989/4709/4661
f 4986/4706/4658 4989/4709/4661 4990/4710/4662
f 4986/4706/4658 4991/4711/4663 4992/4712/4664
f 4986/4706/4658 4992/4712/4664 4993/4713/4665
f 4987/4707/4659 4994/4714/4666 4984/4704/4656
f 4987/4707/4659 4995/4715/4667 4996/4716/4668
f 4987/4707/4659 4986/4706/4658 4993/4713/4665
f 4989/4709/4661 4986/4706/4658 4985/4705/4657
f 4990/4710/4662 4991/4711/4663 4986/4706/4658
f 4997/4699/4669 4981/4701/4653 4983/4703/4655
f 4997/4699/4669 4983/4703/4655 4998/4717/4670
f 4983/4703/4655 4982/4702/4654 4999/4718/4671
f 4998/4717/4670 4977/4697/4649 4997/4699/4669
f 4988/4708/4660 4985/4705/4657 5000/4719/4672
f 5000/4719/4672 4985/4705/4657 4984/4704/4656
f 5001/4720/4673 4994/4714/4666 5002/4721/4674
f 5001/4720/4673 5000/4719/4672 4984/4704/4656
f 4928/4648/4604 4927/4647/4603 5003/4722/4675
f 4928/4648/4604 4924/4644/4600 4927/4647/4603
f 4927/4647/4603 4926/4646/4602 5004/4723/4676
f 4927/4647/4603 5004/4723/4676 5005/4724/4677
f 4926/4646/4602 4924/4644/4600 4929/4649/4605
f 5003/4722/4675 4927/4647/4603 5005/4724/4677
f 4966/4686/4642 4964/4684/4640 4968/4688/4644
f 4968/4688/4644 5006/4725/4678 5007/4726/4679
f 4968/4688/4644 4967/4687/4643 5008/4727/4680
f 4967/4687/4643 4964/4684/4640 4969/4689/4645
f 5006/4725/4678 4968/4688/4644 5008/4727/4680
f 5007/4726/4679 4966/4686/4642 4968/4688/4644
f 4954/4674/4630 4848/4570/4526 4855/4577/4533
f 4954/4674/4630 4952/4672/4628 4951/4671/4627
f 4855/4577/4533 4959/4679/4635 4952/4672/4628
f 4854/4576/4532 4847/4569/4525 4856/4578/4534
f 4914/4634/4590 4912/4632/4588 5009/4728/4681
f 4914/4634/4590 5009/4728/4681 4949/4669/4625
f 5009/4728/4681 4912/4632/4588 4913/4633/4589
f 5009/4728/4681 4913/4633/4589 4950/4670/4626
f 5009/4728/4681 4947/4667/4623 4949/4669/4625
f 4950/4670/4626 4947/4667/4623 5009/4728/4681
f 4902/4622/4578 4897/4617/4573 4899/4619/4575
f 4902/4622/4578 4932/4652/4608 4903/4623/4579
f 4901/4621/4577 4899/4619/4575 4900/4620/4576
f 5010/4671/4682 5011/4729/4683 5012/4674/4684
f 5010/4671/4682 5013/4730/4685 5011/4729/4683
f 4865/4587/4542 4864/4586/4541 4883/4603/4559
f 4865/4587/4542 4882/4602/4558 4866/4588/4543
f 4866/4588/4543 4882/4602/4558 4888/4608/4564
f 4866/4588/4543 4861/4583/4535 4865/4587/4542
f 4862/4584/4539 4866/4588/4543 4888/4608/4564
f 4862/4584/4539 4858/4580/4536 4866/4588/4543
f 5014/4731/4686 5015/4732/4687 4864/4586/4541
f 4864/4586/4541 5016/4733/4688 4883/4603/4559
f 4864/4586/4541 5015/4732/4687 5016/4733/4688
f 5016/4733/4688 4886/4606/4562 4883/4603/4559
f 5016/4733/4688 5017/4734/4689 4886/4606/4562
f 4860/4582/4538 4857/4579/4535 5018/4735/4690
f 5019/4736/4691 5020/4737/4686 5021/4738/4541
f 5020/4737/4686 5019/4736/4691 5022/4739/4692
f 5022/4739/4692 5023/4598/4693 5024/4740/4694
f 5025/4741/4695 4890/4610/4566 4904/4624/4580
f 4890/4610/4566 4889/4609/4565 4897/4617/4573
f 4890/4610/4566 5025/4741/4695 5026/4742/4696
f 4904/4624/4580 4890/4610/4566 4897/4617/4573
f 5026/4742/4696 4891/4611/4567 4890/4610/4566
f 4931/4651/4607 4930/4650/4606 5027/4743/4697
f 4931/4651/4607 5028/4744/4698 5029/4745/4699
f 5029/4745/4699 4904/4624/4580 4931/4651/4607
f 5029/4745/4699 5025/4741/4695 4904/4624/4580
f 5030/4746/4700 5031/4747/4701 5032/4748/4702
f 5030/4746/4700 4977/4697/4649 5031/4747/4701
f 4977/4697/4649 4998/4717/4670 5031/4747/4701
f 4977/4697/4649 5033/4749/4703 4978/4698/4650
f 4977/4697/4649 4944/4664/4620 4979/4699/4651
f 4994/4714/4666 5001/4720/4673 4984/4704/4656
f 4994/4714/4666 4996/4716/4668 5034/4750/4704
f 4994/4714/4666 5035/4751/4705 5002/4721/4674
f 4994/4714/4666 4987/4707/4659 4996/4716/4668
f 5035/4751/4705 4994/4714/4666 5034/4750/4704
f 4996/4716/4668 5036/4752/4706 5034/4750/4704
f 4996/4716/4668 4995/4715/4667 5037/4753/4707
f 5036/4752/4706 4996/4716/4668 5037/4753/4707
f 4995/4715/4667 4987/4707/4659 4993/4713/4665
f 5038/4754/4708 4978/4698/4650 5033/4749/4703
f 5038/4754/4708 4945/4665/4621 4978/4698/4650
f 4945/4665/4621 4944/4664/4620 4978/4698/4650
f 5033/4749/4703 4977/4697/4649 5030/4746/4700
f 5039/4755/4709 4877/4597/4553 4839/4561/4517
f 4877/4597/4553 5039/4755/4709 5040/4756/4710
f 4877/4597/4553 5041/4740/4711 4878/4598/4554
f 4839/4561/4517 5042/4757/4712 5039/4755/4709
f 4971/4691/4553 4970/4690/4646 5043/4758/4517
f 4835/4557/4513 4830/4552/4508 4844/4566/4522
f 4835/4557/4513 5044/4759/4713 5042/4757/4712
f 5042/4757/4712 4839/4561/4517 4835/4557/4513
f 5028/4744/4698 4931/4651/4607 5027/4743/4697
f 5045/4760/4714 5027/4743/4697 5046/4761/4715
f 5045/4760/4714 5028/4744/4698 5027/4743/4697
f 5047/4762/4716 4891/4611/4567 5048/4763/4717
f 4891/4611/4567 5026/4742/4696 5048/4763/4717
f 4891/4611/4567 5047/4762/4716 4894/4614/4570
f 4894/4614/4570 4889/4609/4565 4891/4611/4567
f 5017/4734/4689 5049/4764/4718 4886/4606/4562
f 5017/4734/4689 5016/4733/4688 5015/4732/4687
f 5049/4764/4718 5017/4734/4689 5050/4765/4719
f 4886/4606/4562 5049/4764/4718 4884/4604/4560
f 5023/4598/4693 5022/4739/4692 5019/4736/4691
f 5041/4740/4711 4877/4597/4553 5040/4756/4710
f 5044/4759/4713 4835/4557/4513 4844/4566/4522
f 4844/4566/4522 5051/4766/4720 5044/4759/4713
f 5051/4766/4720 4844/4566/4522 4845/4567/4523
f 5052/4767/4721 5053/4768/4721 5054/4769/4721
f 5053/4768/4721 5052/4767/4721 5055/4770/4721
s 0
f 5055/4770/4721 5056/4771/4721 5057/4772/4721
f 5058/4770/4722 5059/4773/4722 5060/4768/4722
f 5058/4770/4722 5061/4774/4722 5059/4773/4722
f 5060/4768/4722 5059/4773/4722 5062/4775/4722
s 1
f 5063/4776/4723 5064/4777/4724 5065/4778/4725
f 5064/4777/4724 5063/4776/4723 5066/4779/4726
f 5064/4777/4724 5067/4780/4727 5065/4778/4725
f 5066/4779/4726 5068/4781/4728 5069/4782/4729
f 5068/4781/4728 5066/4779/4726 5063/4776/4723
f 5068/4781/4728 5070/4783/4730 5071/4784/4731
f 5072/4785/4732 5073/4786/4733 5074/4787/4734
f 5073/4786/4733 5075/4788/4735 5076/4789/4736
f 5074/4787/4734 5077/4790/4737 5072/4785/4732
f 5078/4791/4738 5079/4774/4739 5080/4772/4740
f 5079/4774/4739 5081/4792/4741 5082/4793/4742
f 5079/4774/4739 5078/4791/4738 5083/4794/4743
s 0
f 5061/4774/4722 5058/4770/4722 5084/4772/4722
f 5056/4771/4721 5055/4770/4721 5052/4767/4721
s 1
f 5085/4795/4744 5086/4796/4745 5087/4797/4746
f 5086/4796/4745 5085/4795/4744 5088/4798/4747
f 5087/4797/4746 5086/4796/4745 5089/4799/4748
f 5087/4797/4746 5090/4800/4749 5091/4801/4750
f 5089/4799/4748 5092/4802/4751 5087/4797/4746
f 5092/4802/4751 5090/4800/4749 5087/4797/4746
f 5090/4800/4749 5092/4802/4751 5093/4803/4752
f 5093/4803/4752 5094/4804/4753 5090/4800/4749
f 5093/4803/4752 5095/4805/4754 5096/4806/4755
f 5091/4801/4750 5085/4795/4744 5087/4797/4746
f 5097/4807/4756 5098/4808/4757 5099/4809/4758
f 5097/4807/4756 5100/4810/4759 5101/4811/4760
f 5099/4809/4758 5098/4808/4757 5102/4812/4761
f 5102/4812/4761 5103/4813/4762 5099/4809/4758
f 5103/4813/4762 5102/4812/4761 5104/4814/4763
f 5103/4813/4762 5105/4815/4764 5099/4809/4758
f 5100/4810/4759 5097/4807/4756 5099/4809/4758
f 5100/4810/4759 5099/4809/4758 5105/4815/4764
f 5100/4810/4759 5106/4816/4765 5101/4811/4760
f 5101/4811/4760 5106/4816/4765 5107/4817/4766
f 5108/4818/4767 5109/4773/4768 5110/4793/4769
f 5108/4818/4767 5111/4819/4770 5112/4820/4771
f 5108/4818/4767 5113/4775/4768 5109/4773/4768
f 5108/4818/4767 5114/4821/4772 5115/4822/4773
f 5110/4793/4769 5109/4773/4768 5116/4774/4768
f 5081/4792/4741 5079/4774/4739 5083/4794/4743
f 5117/4823/4774 5118/4824/4742 5119/4825/4775
f 5119/4825/4775 5118/4824/4742 5120/4826/4741
f 5120/4826/4741 5121/4827/4776 5122/4825/4777
f 5120/4826/4741 5076/4789/4736 5075/4788/4735
f 5111/4819/4770 5108/4818/4767 5110/4793/4769
f 5067/4780/4727 5064/4777/4724 5123/4828/4778
f 5067/4780/4727 5124/4829/4779 5070/4783/4730
f 5067/4780/4727 5070/4783/4730 5065/4778/4725
f 5123/4828/4778 5125/4830/4780 5067/4780/4727
f 5113/4775/4768 5108/4818/4767 5115/4822/4773
f 5114/4821/4772 5108/4818/4767 5112/4820/4771
f 5125/4830/4780 5123/4828/4778 5126/4831/4781
f 5127/4832/4782 5128/4833/4783 5129/4834/4784
f 5127/4832/4782 5072/4785/4732 5130/4835/4785
f 5127/4832/4782 5075/4788/4735 5072/4785/4732
f 5131/4790/4786 5130/4835/4785 5072/4785/4732
f 5132/4836/4787 5133/4837/4788 5134/4838/4789
f 5133/4837/4788 5135/4839/4790 5134/4838/4789
f 5133/4837/4788 5132/4836/4787 5136/4840/4787
f 5133/4837/4788 5137/4841/4791 5138/4842/4792
f 5133/4837/4788 5139/4843/4787 5140/4844/4793
f 5135/4839/4790 5133/4837/4788 5138/4842/4792
f 5128/4833/4783 5127/4832/4782 5130/4835/4785
f 5139/4843/4787 5133/4837/4788 5136/4840/4787
f 5141/4845/4794 5142/4782/4795 5068/4781/4728
f 5141/4845/4794 5068/4781/4728 5071/4784/4731
f 5071/4784/4731 5143/4846/4796 5141/4845/4794
f 5143/4846/4796 5071/4784/4731 5144/4847/4797
f 5137/4841/4791 5133/4837/4788 5140/4844/4793
f 5075/4788/4735 5073/4786/4733 5072/4785/4732
f 5075/4788/4735 5127/4832/4782 5145/4834/4763
f 5121/4827/4776 5120/4826/4741 5075/4788/4735
f 5121/4827/4776 5075/4788/4735 5145/4834/4763
f 5070/4783/4730 5068/4781/4728 5063/4776/4723
f 5070/4783/4730 5063/4776/4723 5065/4778/4725
f 5070/4783/4730 5146/4847/4747 5071/4784/4731
f 5124/4829/4779 5067/4780/4727 5147/4830/4798
f 5146/4847/4747 5070/4783/4730 5124/4829/4779
f 5148/4848/4799 5149/4849/4800 5150/4850/4801
f 5148/4848/4799 5151/4851/4802 5149/4849/4800
f 5148/4848/4799 5152/4852/4803 5153/4853/4804
f 5148/4848/4799 5153/4853/4804 5151/4851/4802
f 5152/4852/4803 5154/4854/4805 5155/4855/4750
f 5152/4852/4803 5156/4856/4806 5154/4854/4805
f 5152/4852/4803 5157/4857/4807 5153/4853/4804
f 5157/4857/4807 5152/4852/4803 5155/4855/4750
f 5155/4855/4750 5154/4854/4805 5158/4858/4744
f 5094/4804/4753 5093/4803/4752 5096/4806/4755
f 5159/4859/4808 5160/4860/4808 5161/4861/4808
f 5160/4860/4808 5162/4862/4808 5161/4861/4808
f 5150/4850/4801 5163/4863/4759 5164/4864/4764
f 5150/4850/4801 5156/4856/4806 5148/4848/4799
f 5163/4863/4759 5150/4850/4801 5149/4849/4800
f 5164/4864/4764 5165/4865/4809 5166/4866/4810
f 5167/4859/4811 5168/4861/4811 5169/4867/4811
f 5169/4867/4811 5168/4861/4811 5170/4868/4811
f 5171/4869/4812 5172/4870/4813 5173/4871/4814
f 5171/4869/4812 5174/4872/4815 5175/4873/4816
f 5171/4869/4812 5176/4874/4817 5174/4872/4815
f 5171/4869/4812 5177/4875/4818 5176/4874/4817
f 5175/4873/4816 5174/4872/4815 5178/4876/4770
f 5179/4877/4819 5180/4876/4820 5181/4878/4821
f 5180/4876/4820 5179/4877/4819 5182/4873/4822
f 5182/4873/4822 5179/4877/4819 5183/4879/4823
f 5184/4870/4766 5182/4873/4822 5183/4879/4823
f 5172/4870/4813 5171/4869/4812 5175/4873/4816
f 5185/4802/4824 5186/4880/4825 5095/4805/4754
f 5186/4880/4825 5185/4802/4824 5187/4799/4826
f 5095/4805/4754 5093/4803/4752 5185/4802/4824
f 5176/4874/4817 5188/4881/4827 5174/4872/4815
f 5177/4875/4818 5171/4869/4812 5173/4871/4814
f 5189/4882/4828 5166/4866/4810 5190/4883/4829
f 5166/4866/4810 5191/4884/4830 5156/4856/4806
f 5166/4866/4810 5150/4850/4801 5164/4864/4764
f 5190/4883/4829 5166/4866/4810 5165/4865/4809
f 5191/4884/4830 5166/4866/4810 5189/4882/4828
f 5191/4884/4830 5154/4854/4805 5156/4856/4806
f 5156/4856/4806 5150/4850/4801 5166/4866/4810
f 5156/4856/4806 5152/4852/4803 5148/4848/4799
f 5192/4885/4796 5154/4854/4805 5191/4884/4830
f 5154/4854/4805 5193/4886/4831 5158/4858/4744
f 5193/4886/4831 5154/4854/4805 5192/4885/4796
