# Blender 4.1.0
# www.blender.org
mtllib planet1.mtl
o Planet_7
v -0.875770 -0.107244 -0.715944
v -0.941820 -0.153040 -0.615275
v -0.945033 -0.000001 -0.630338
v -0.875770 0.034488 -0.723109
v -0.801316 -0.119399 -0.798041
v -0.801316 0.195085 -0.782986
v -0.775095 0.057151 -0.831596
v -0.910943 0.163420 -0.660752
v 0.754058 -0.166342 -0.836259
v 0.629996 -0.140140 -0.938577
v 0.719131 -0.042324 -0.881145
v 0.629996 0.045661 -0.947882
v 0.719132 -0.298098 -0.830268
v 0.599136 -0.311730 -0.918447
v 0.534738 0.048572 -1.005504
v 0.719132 0.130394 -0.872470
v -0.629995 -0.140139 -0.938577
v -0.719131 -0.213413 -0.855957
v -0.719131 -0.042322 -0.881145
v -0.629995 -0.320554 -0.893203
v -0.599135 0.063474 -0.967829
v 0.880660 0.000001 -0.719256
v 0.875771 0.174897 -0.702486
v 0.943611 0.091405 -0.627746
v 0.943611 -0.155779 -0.614943
v 0.872278 -0.211812 -0.698256
v 0.972468 -0.304257 -0.502844
v 0.880660 -0.399597 -0.598040
v 1.003808 0.052235 -0.530345
v 1.046712 0.062611 -0.433277
v 1.048226 -0.149232 -0.411344
v 1.045427 0.207272 -0.387774
v 0.997324 -0.157305 -0.518569
v 1.084397 0.156168 -0.292169
v 1.084018 0.018968 -0.331157
v 1.046712 -0.325473 -0.292775
v 1.000741 -0.378549 -0.378549
v 0.943611 -0.155779 -0.614943
v 0.943611 0.091405 -0.627746
v -0.221400 -0.164826 -1.107824
v -0.329510 -0.264890 -1.060026
v -0.329510 -0.053000 -1.091335
v -0.221400 -0.377786 -1.054381
v -0.221400 0.054465 -1.118694
v -0.434253 -0.255574 -1.023306
v -0.434253 0.155480 -1.043216
v -0.329510 0.160925 -1.080705
v 1.085504 -0.156392 -0.292589
v 1.110233 -0.169536 -0.154717
v 1.084397 -0.292169 -0.156167
v 1.110233 -0.097424 -0.207819
v 1.110233 -0.010479 -0.229281
v 1.110734 0.097835 -0.206933
v 1.125237 0.068866 -0.116323
v 1.125237 -0.033557 -0.130948
v -0.042092 -0.111853 -1.135655
v -0.040991 -0.222480 -1.118482
v -0.221400 -0.164826 -1.107824
v 0.058323 0.050714 -1.139901
v 0.102633 -0.167094 -1.124154
v -0.040992 0.222481 -1.118480
v 0.102634 0.275819 -1.102526
v 0.329510 -0.160928 -1.080705
v 0.372767 0.000000 -1.078430
v 0.434254 -0.155481 -1.043216
v 0.434254 -0.356016 -0.992838
v 0.329511 -0.368670 -1.028544
v 0.221400 0.054467 -1.118694
v 0.329511 0.160926 -1.080705
v 0.221400 -0.164826 -1.107824
v 0.042092 -0.331258 -1.092012
v 0.221400 -0.377786 -1.054381
v 0.040993 -0.436410 -1.053586
v 0.102633 -0.167094 -1.124154
v 0.221400 -0.164826 -1.107824
v 0.221400 -0.576227 -0.960419
v 0.042092 -0.537934 -1.006404
v -1.084017 -0.168210 -0.285885
v -1.046711 -0.107967 -0.424256
v -1.046711 -0.262104 -0.350645
v -1.110233 -0.154718 -0.169536
v -1.110233 -0.078060 -0.215839
v -1.084732 -0.012180 -0.331780
v -1.125236 -0.108139 -0.081114
v -1.125236 -0.019109 -0.133823
v -1.110232 0.010480 -0.229282
v -1.046711 0.062606 -0.433278
v 0.501691 -0.452349 -0.919337
v 0.434254 -0.356016 -0.992838
v 0.599136 -0.311730 -0.918447
v 0.534738 -0.148525 -0.995660
v -0.875770 -0.244858 -0.681264
v -0.808108 -0.306745 -0.740550
v -0.875770 -0.373062 -0.620404
v -0.943610 -0.324677 -0.544983
v 0.719132 -0.298098 -0.830268
v 0.754058 -0.166342 -0.836259
v 0.801316 -0.272794 -0.759414
v 0.880660 -0.399597 -0.598040
v 0.808109 -0.445324 -0.666478
v 0.872278 -0.211812 -0.698256
v 0.690150 -0.452106 -0.785480
v -0.719131 -0.376301 -0.797875
v -0.629995 -0.488650 -0.813503
v -0.328697 -0.417724 -1.008475
v -0.221399 -0.576226 -0.960420
v -0.329510 -0.562245 -0.936857
v 0.042092 -0.331258 -1.092012
v -0.102632 -0.383197 -1.069954
v 0.040993 -0.436410 -1.053586
v -0.221399 -0.576226 -0.960420
v -0.221400 -0.377786 -1.054381
v -0.434253 -0.627723 -0.847607
v -0.434253 -0.450302 -0.953783
v 0.040993 -0.633569 -0.948203
v 0.221400 -0.752522 -0.829550
v 0.042094 -0.723938 -0.882120
v 0.501691 -0.452349 -0.919337
v 0.690150 -0.452106 -0.785480
v 0.534738 -0.148525 -0.995660
v -0.747763 -0.499920 -0.698032
v -0.719131 -0.376301 -0.797875
v -0.747763 -0.499920 -0.698032
v -0.808108 -0.306745 -0.740550
v -0.719131 -0.652991 -0.593137
v -0.808108 -0.566794 -0.566791
v -0.747763 -0.499920 -0.698032
v -0.629995 -0.637967 -0.702541
v -0.943610 -0.324677 -0.544983
v -0.972466 -0.433828 -0.396512
v -0.999821 -0.275507 -0.462905
v -0.997323 -0.477916 -0.255452
v -1.046712 -0.376336 -0.223652
v -0.939446 -0.563446 -0.301168
v -0.941820 -0.153040 -0.615275
v 0.475540 -0.732987 -0.732987
v 0.434254 -0.627723 -0.847607
v 0.534739 -0.599015 -0.809060
v -0.880660 -0.508592 -0.508590
v -0.972466 -0.433828 -0.396512
v -0.808108 -0.566794 -0.566791
v -0.875770 -0.620405 -0.373061
v -0.939446 -0.563446 -0.301168
v 0.629996 -0.564582 -0.762767
v 0.728075 -0.619704 -0.619704
v 0.629996 -0.813504 -0.488649
v 0.629996 -0.702542 -0.637967
v -0.719131 -0.652991 -0.593137
v -0.629995 -0.762767 -0.564582
v 0.945033 -0.445716 -0.445717
v 0.872277 -0.564048 -0.462902
v 0.943611 -0.572734 -0.272758
v -0.434253 -0.627723 -0.847607
v -0.534738 -0.599015 -0.809060
v -0.434253 -0.450302 -0.953783
v -0.475541 -0.732986 -0.732987
v -0.400034 -0.849216 -0.649513
v -0.534737 -0.809061 -0.599014
v -0.629995 -0.637967 -0.702541
v -0.629995 -0.488650 -0.813503
v -0.534737 -0.429665 -0.910377
v 0.945033 -0.445716 -0.445717
v 0.972468 -0.304257 -0.502844
v 0.999822 -0.486250 -0.231829
v -0.329511 -0.734214 -0.809166
v -0.221399 -0.752521 -0.829550
v -0.475541 -0.732986 -0.732987
v 0.102633 -0.841868 -0.763480
v 0.221399 -0.899900 -0.666800
v 0.040991 -0.948203 -0.633569
v -1.084017 -0.264809 -0.199752
v -1.110734 -0.215504 -0.077144
v 1.048226 -0.424929 -0.104448
v 0.999822 -0.537954 -0.028101
v -0.400034 -0.849216 -0.649513
v -0.221398 -0.899900 -0.666800
v -0.329510 -0.936857 -0.562245
v -0.329510 -1.028545 -0.368668
v -0.434253 -0.953783 -0.450302
v -0.221399 -1.012695 -0.478426
v 1.125992 -0.119207 -0.053954
v 1.111622 -0.224695 -0.032871
v 0.042092 -1.006404 -0.537934
v 0.040991 -0.948203 -0.633569
v -0.042091 -0.882121 -0.723937
v 0.102633 -0.841868 -0.763480
v -0.058322 -0.770170 -0.841893
v -0.102198 -0.943877 -0.630678
v -0.221398 -0.899900 -0.666800
v -0.221399 -0.752521 -0.829550
v 0.042094 -0.723938 -0.882120
v 0.434254 -0.847607 -0.627723
v 0.534738 -0.809061 -0.599015
v 0.434253 -0.953783 -0.450302
v -0.719131 -0.756158 -0.454349
v -0.629995 -0.858255 -0.404925
v -0.629995 -0.762767 -0.564582
v -0.796524 -0.717328 -0.383419
v -0.872277 -0.698257 -0.211814
v -0.941821 -0.615276 -0.153036
v -0.801316 -0.782987 -0.195084
v 0.719131 -0.797876 -0.376300
v 0.754058 -0.708946 -0.473703
v 0.801317 -0.729882 -0.344090
v 0.875771 -0.654867 -0.308586
v 0.754058 -0.708946 -0.473703
v 0.719131 -0.797876 -0.376300
v 0.629996 -0.893204 -0.320552
v -0.719131 -0.830268 -0.298099
v -0.629995 -0.920762 -0.229706
v -0.434253 -1.023306 -0.255576
v -0.329511 -1.080705 -0.160925
v -0.183729 -1.077951 -0.326991
v 0.221400 -1.012695 -0.478425
v 0.040992 -1.053586 -0.436410
v 0.042093 -1.092012 -0.331257
v -1.084017 -0.321095 -0.083207
v -1.110233 -0.226921 0.034453
v -1.046711 -0.433278 -0.062611
v 1.084204 -0.332671 0.000001
v -0.183729 -1.077951 -0.326991
v -0.102633 -1.027533 -0.485611
v 0.042093 -1.092012 -0.331257
v -0.221399 -1.012695 -0.478426
v -0.040994 -1.118482 -0.222479
v -0.221399 -1.107824 -0.164826
v 0.042092 -1.006404 -0.537934
v 0.040992 -1.053586 -0.436410
v -1.136668 0.000000 0.000001
v -1.125236 -0.133824 0.019110
v -1.111621 -0.168564 0.152166
v -1.125236 -0.081115 0.108141
v 0.221399 -1.086573 -0.271664
v 0.102198 -1.113378 -0.221464
v 0.719132 -0.855957 -0.213413
v 0.629996 -0.947883 -0.045659
v 0.567174 -0.963113 -0.225991
v -0.676005 -0.907247 -0.131781
v -0.629995 -0.947883 0.045662
v -0.719130 -0.881146 -0.042323
v 0.941821 -0.615275 0.153039
v 0.943611 -0.633517 -0.032818
v 1.048726 -0.415593 0.126069
v 0.997324 -0.518569 0.157306
v 0.534738 -1.005505 -0.048572
v 0.534738 -0.910376 -0.429666
v 0.719132 -0.881145 -0.042323
v 0.400038 -1.059760 -0.141211
v 0.567174 -0.963113 -0.225991
v 0.534738 -1.005505 -0.048572
v 0.433328 -1.008475 -0.305917
v 0.434253 -1.053504 0.051031
v -0.534737 -1.005505 -0.048572
v -0.629995 -0.947883 0.045662
v -0.676005 -0.907247 -0.131781
v -0.534737 -0.976708 -0.243804
v -0.434253 -1.053504 -0.051028
v -0.629995 -0.920762 -0.229706
v -0.042092 -1.135655 -0.111852
v 0.183731 -1.121031 -0.110412
v 0.102198 -1.135190 0.000001
v -0.220908 -1.118778 0.000001
v 0.183731 -1.121031 -0.110412
v 0.221399 -1.118694 0.054466
v 0.102198 -1.135190 0.000001
v -0.999821 -0.533101 -0.077389
v -1.084204 -0.326279 0.064901
v -1.046711 -0.424257 0.107963
v 0.400038 -1.059760 -0.141211
v 0.434253 -1.053504 0.051031
v 0.329511 -1.091335 0.053001
v 0.183731 -1.121031 -0.110412
v 0.329512 -1.060025 -0.264891
v 0.328698 -1.070591 0.212954
v 1.124665 -0.130635 0.045658
v 1.110233 -0.207817 0.097426
v 1.136668 0.000000 0.000001
v 1.124664 -0.083257 0.110538
v -0.941821 -0.615276 -0.153036
v -0.943610 -0.633518 0.032817
v -1.000740 -0.525064 0.104442
v -0.997323 -0.477916 0.255452
v -0.945033 -0.582358 0.241218
v 0.591344 -0.969546 0.095492
v 0.534738 -0.976707 0.243804
v 0.591344 -0.969546 0.095492
v 0.629995 -0.920762 0.229707
v 0.534738 -0.976707 0.243804
v 0.768652 -0.835264 0.082267
v 0.719132 -0.855957 0.213414
v -0.801315 -0.798043 0.119394
v -0.875770 -0.702486 0.174903
v -0.880660 -0.719257 0.000001
v -0.875770 -0.654868 0.308588
v -0.945033 -0.582358 0.241218
v -0.943610 -0.633518 0.032817
v -0.808110 -0.740549 0.306745
v -0.801316 -0.806001 -0.038586
v 0.768652 -0.835264 0.082267
v 0.719132 -0.881145 -0.042323
v 0.801316 -0.806001 -0.038587
v 0.875770 -0.723110 -0.034490
v 0.880660 -0.705437 0.140321
v 0.801316 -0.782985 0.195092
v 0.719132 -0.855957 0.213414
v 0.875771 -0.654867 0.308587
v 0.801316 -0.729881 0.344094
v -0.719131 -0.872471 0.130392
v -0.629995 -0.920761 0.229708
v -0.719131 -0.830269 0.298097
v -0.534737 -0.995660 0.148525
v -0.629995 -0.920761 0.229708
v -0.434253 -1.043216 0.155483
v 1.084018 -0.298691 0.144251
v 0.939447 -0.563446 0.301169
v -0.221399 -1.107824 0.164827
v -0.329511 -1.060025 0.264891
v -0.329510 -1.091335 0.053001
v -0.221400 -1.054381 0.377788
v -0.434254 -0.992838 0.356017
v -0.434253 -1.043216 0.155483
v -0.329511 -0.987979 0.466603
v -0.220908 -1.118778 0.000001
v -0.434253 -1.053504 -0.051028
v -0.801316 -0.648727 0.479875
v -0.872277 -0.564047 0.462903
v -0.629995 -0.858255 0.404926
v -0.719131 -0.756160 0.454348
v -0.534737 -0.947553 0.339915
v -0.434254 -0.992838 0.356017
v -0.501692 -0.886871 0.513090
v -0.629995 -0.858255 0.404926
v -0.221399 -0.960420 0.576226
v -0.501692 -0.886871 0.513090
v 1.045427 -0.339887 0.278940
v -0.040993 -1.118481 0.222482
v 0.042092 -1.092013 0.331258
v -0.102633 -1.069955 0.383197
v 0.040992 -1.053587 0.436410
v 0.102634 -1.124154 0.167096
v -0.221399 -0.960420 0.576226
v -0.221400 -1.054381 0.377788
v -0.042092 -1.006404 0.537935
v 0.221400 -1.086573 0.271665
v 0.329511 -1.028544 0.368671
v 0.221399 -1.118694 0.054466
v 0.434254 -1.023306 0.255575
v 0.221399 -1.012696 0.478424
v 0.434253 -0.953783 0.450302
v -0.939446 -0.493865 0.405304
v -1.046712 -0.350647 0.262100
v -1.000740 -0.378549 0.378550
v -1.084017 -0.264813 0.199748
v -1.084732 -0.138220 0.301864
v -1.110233 -0.055009 0.222832
v -1.125236 0.019110 0.133823
v -0.040992 -0.948203 0.633569
v 0.102633 -0.974638 0.584572
v -1.048226 -0.185340 0.396389
v 0.329511 -0.936857 0.562245
v 0.221399 -0.899900 0.666800
v 0.434254 -0.847607 0.627724
v -0.629996 -0.762767 0.564583
v -0.762241 -0.628543 0.565009
v -0.719131 -0.756160 0.454348
v -0.801316 -0.648727 0.479875
v -0.808110 -0.740549 0.306745
v -0.719131 -0.830269 0.298097
v -0.801315 -0.798043 0.119394
v -0.719131 -0.872471 0.130392
v 0.875771 -0.654867 0.308587
v 0.941821 -0.615275 0.153039
v 0.939447 -0.563446 0.301169
v 0.875771 -0.582082 0.430416
v 0.943610 -0.424761 0.471170
v 0.875771 -0.486927 0.535704
v -0.434254 -0.847607 0.627724
v -0.567173 -0.722982 0.675246
v -0.629996 -0.762767 0.564583
v 0.999822 -0.431680 0.322237
v -0.329509 -0.877967 0.650382
v -0.364648 -0.737870 0.791281
v -0.434254 -0.847607 0.627724
v -0.183730 -0.870762 0.714616
v 0.681517 -0.620216 0.671300
v 0.629996 -0.762767 0.564582
v 0.719132 -0.709132 0.524729
v 0.534738 -0.809060 0.599016
v 0.475541 -0.732987 0.732987
v 0.534738 -0.910377 0.429666
v 0.629996 -0.858256 0.404925
v 0.719131 -0.797876 0.376302
v -0.762241 -0.628543 0.565009
v 0.875771 -0.373061 0.620405
v -0.364648 -0.737870 0.791281
v -0.221399 -0.752522 0.829551
v -0.329510 -0.562246 0.936857
v -0.434253 -0.627722 0.847608
v 1.000741 -0.297422 0.445129
v 1.048726 -0.204726 0.383012
v 1.084018 -0.220752 0.247575
v 1.110233 -0.154717 0.169538
v 1.110233 -0.078061 0.215840
v 1.085373 -0.064586 0.324694
v 0.042092 -0.882120 0.723938
v -0.183730 -0.870762 0.714616
v -0.102198 -0.802701 0.802701
v -0.221399 -0.752522 0.829551
v 0.329511 -0.809167 0.734214
v 0.475541 -0.732987 0.732987
v 0.221399 -0.752522 0.829551
v -0.999821 -0.231828 0.486252
v -0.945033 -0.350196 0.524108
v 0.475541 -0.732987 0.732987
v 0.434254 -0.847607 0.627724
v 0.534738 -0.809060 0.599016
v 0.434253 -0.953783 0.450302
v 0.534738 -0.910377 0.429666
v -0.042092 -0.723938 0.882121
v 0.040992 -0.806380 0.806381
v 0.102633 -0.676742 0.913052
v -0.040991 -0.633569 0.948204
v 0.329511 -0.650381 0.877968
v 0.434253 -0.627723 0.847608
v 0.220909 -0.621560 0.930230
v -0.943610 -0.155779 0.614943
v -0.999821 -0.028101 0.537955
v 0.434253 -0.627723 0.847608
v 0.534738 -0.599016 0.809061
v 0.434254 -0.450302 0.953784
v 0.690150 -0.452105 0.785482
v 0.629996 -0.564582 0.762767
v 0.534738 -0.429666 0.910377
v 0.534738 -0.599016 0.809061
v 0.681517 -0.620216 0.671300
v 0.801316 -0.648728 0.479874
v 0.796524 -0.515995 0.628744
v 0.690150 -0.452105 0.785482
v 0.808109 -0.306743 0.740551
v 0.719132 -0.298098 0.830268
v -0.629995 -0.564583 0.762767
v -0.719131 -0.454348 0.756159
v -0.719131 -0.593136 0.652992
v -0.660360 -0.383852 0.845575
v -0.567173 -0.722982 0.675246
v 0.875771 -0.373061 0.620405
v 0.875771 -0.486927 0.535704
v 0.875771 -0.582082 0.430416
v 0.945034 -0.241223 0.582356
v 0.875770 -0.244857 0.681266
v 0.943610 -0.424761 0.471170
v 0.997324 -0.157304 0.518569
v 0.875770 -0.244857 0.681266
v 0.796524 -0.079723 0.809453
v 0.939446 -0.062622 0.635809
v 0.872278 -0.071520 0.726163
v 0.945034 -0.241223 0.582356
v 1.048226 0.019542 0.437143
v 0.939446 -0.062622 0.635809
v -0.221399 -0.478427 1.012695
v -0.329510 -0.368669 1.028545
v -0.221399 -0.271667 1.086573
v -0.501690 -0.452349 0.919339
v -0.176705 -0.577797 0.968915
v 1.110734 0.033620 0.226415
v 0.042092 -0.537934 1.006405
v -0.176705 -0.577797 0.968915
v -0.040992 -0.436409 1.053587
v -0.221399 -0.478427 1.012695
v 0.042091 -0.331258 1.092013
v -0.058322 -0.272124 1.108105
v -0.221399 -0.271667 1.086573
v 0.042092 -0.537934 1.006405
v 0.220909 -0.621560 0.930230
v 0.221399 -0.478427 1.012695
v 0.102633 -0.676742 0.913052
v 0.102198 -0.434418 1.048780
v 0.221400 -0.271667 1.086573
v 0.042091 -0.331258 1.092013
v -0.880660 -0.275248 0.664507
v -0.801316 -0.344091 0.729883
v -0.801316 -0.195086 0.782987
v -0.945033 -0.350196 0.524108
v -0.875770 -0.430415 0.582082
v -0.943610 -0.155779 0.614943
v -0.875770 -0.107245 0.715944
v -0.939446 -0.493865 0.405304
v -0.762241 -0.628543 0.565009
v -0.801316 -0.479872 0.648730
v 0.660361 -0.150615 0.916326
v 0.329511 -0.160927 1.080706
v 0.434254 -0.155481 1.043217
v 0.372767 0.000001 1.078430
v 0.221400 -0.271667 1.086573
v 0.391315 -0.311107 1.025582
v 0.329511 -0.466602 0.987980
v 0.434254 -0.450302 0.953784
v -0.939447 0.062621 0.635808
v -0.998815 0.129710 0.522127
v -1.048725 0.042570 0.432203
v -0.768653 -0.082266 0.835264
v 0.660361 -0.150615 0.916326
v 0.629996 -0.320555 0.893203
v 0.719132 -0.298098 0.830268
v 0.629996 0.045663 0.947883
v 0.533775 -0.098603 1.001137
v -0.599135 -0.251068 0.936850
v -0.719131 -0.213412 0.855958
v -0.501690 -0.452349 0.919339
v -0.660360 -0.383852 0.845575
v -0.629995 -0.564583 0.762767
v -0.434253 -0.356015 0.992839
v -0.599135 -0.251068 0.936850
v -0.534738 -0.599016 0.809060
v -0.434252 -0.155482 1.043217
v -0.578021 -0.140254 0.973836
v -0.329510 -0.160926 1.080706
v -0.434253 -0.356015 0.992839
v -0.221399 -0.054467 1.118694
v 0.102198 -0.434418 1.048780
v -1.084018 0.018970 0.331158
v -1.110734 0.055584 0.222044
v 1.125237 0.007365 0.134979
v 1.124664 0.092172 0.103224
v 0.102198 -0.221464 1.113379
v 0.221399 -0.054466 1.118694
v 0.102634 -0.055426 1.135153
v -0.467843 0.036003 1.040156
v -0.434253 0.255576 1.023307
v -0.567173 0.159780 0.976284
v -0.629995 0.045662 0.947883
v 0.999822 0.028101 0.537954
v -0.329510 0.053000 1.091335
v -0.221400 0.164827 1.107825
v -0.329511 0.264891 1.060026
v -0.434253 0.255576 1.023307
v -0.434252 -0.155482 1.043217
v -1.084396 0.156168 0.292171
v 0.221399 -0.054466 1.118694
v 0.220909 0.109658 1.113378
v 0.434254 -0.155481 1.043217
v 0.534738 -0.243804 0.976708
v 0.533775 -0.098603 1.001137
v 0.391315 -0.311107 1.025582
v -0.768653 -0.082266 0.835264
v -0.719132 0.042324 0.881145
v -0.801316 0.038586 0.806001
v -0.801316 -0.195086 0.782987
v -0.719131 -0.213412 0.855958
v -0.801316 -0.344091 0.729883
v 0.329511 0.160927 1.080706
v 0.434254 0.155482 1.043217
v 0.221399 0.271666 1.086573
v 0.434254 0.356015 0.992839
v 0.329511 0.368671 1.028544
v -0.999821 0.275506 0.462905
v -1.046711 0.223651 0.376338
v -0.945034 0.241219 0.582356
v 0.534738 0.243804 0.976708
v 0.434254 0.155482 1.043217
v 0.534738 0.048575 1.005505
v 0.372767 0.000001 1.078430
v 0.719132 -0.042323 0.881145
v 0.719132 0.130393 0.872471
v 0.629995 0.229707 0.920762
v -0.534738 0.339915 0.947553
v -0.372767 0.412697 0.996339
v -0.221400 0.377787 1.054381
v 1.084018 0.109204 0.313208
v 1.111622 0.168564 0.152168
v 1.046711 0.223654 0.376338
v -0.040993 0.000000 1.140394
v 0.042091 0.111852 1.135655
v -0.102633 0.167096 1.124154
v 0.040991 0.222480 1.118482
v 0.102634 -0.055426 1.135153
v -0.221400 0.377787 1.054381
v -0.221400 0.164827 1.107825
v 0.943610 0.155780 0.614943
v 1.000741 0.204870 0.494599
v 0.999822 0.360521 0.400261
v -0.467843 0.036003 1.040156
v -0.329510 0.562245 0.936858
v -1.110233 0.154717 0.169537
v -1.045427 0.339888 0.278939
v -1.084204 0.276606 0.184823
v 0.434254 0.542868 0.904306
v 0.329511 0.562245 0.936858
v 0.163666 0.432240 1.043520
v -0.899533 0.369196 0.588742
v -0.945033 0.445718 0.445716
v 0.534738 0.429666 0.910377
v 0.434254 0.356015 0.992839
v 0.719132 0.298097 0.830269
v 0.534738 0.048575 1.005505
v 0.629995 0.404925 0.858256
v -0.629995 0.320553 0.893204
v -0.719131 0.376302 0.797875
v -0.719131 0.213413 0.855958
v -0.660360 0.489812 0.788938
v -0.719132 0.042324 0.881145
v -0.629995 0.045662 0.947883
v -0.567173 0.159780 0.976284
v 0.808108 0.156379 0.786164
v 0.719132 -0.042323 0.881145
v 0.875771 0.107245 0.715944
v 0.875770 0.244859 0.681265
v 0.872278 -0.071520 0.726163
v 0.801316 0.344091 0.729883
v -0.372767 0.412697 0.996339
v -0.629995 0.320553 0.893204
v 0.567173 0.577357 0.803318
v 0.434254 0.542868 0.904306
v -0.899533 0.369196 0.588742
v -0.872277 0.211814 0.698258
v -0.801316 0.415709 0.691602
v -0.945034 0.241219 0.582356
v -0.939447 0.062621 0.635808
v 0.719132 0.454347 0.756159
v 0.534738 0.243804 0.976708
v 0.567173 0.577357 0.803318
v 0.880660 0.399598 0.598040
v 0.801316 0.479872 0.648729
v -0.434254 0.542867 0.904306
v -0.534737 0.599015 0.809061
v -0.533775 0.474216 0.887196
v -0.629995 0.637967 0.702542
v -0.660360 0.489812 0.788938
v -0.467842 0.710043 0.760960
v 1.048226 0.374328 0.226614
v 0.998816 0.460918 0.277480
v 0.941821 0.326851 0.543280
v 1.084733 0.243217 0.225991
v 1.085504 0.330166 0.032519
v -0.058324 0.389368 1.072539
v 0.042092 0.537934 1.006405
v -0.102633 0.584571 0.974638
v 0.042092 0.331259 1.092013
v 0.163666 0.432240 1.043520
v 0.040991 0.633570 0.948203
v -0.221399 0.752522 0.829551
v -0.221399 0.576226 0.960420
v -0.042092 0.723938 0.882121
v 0.042092 0.537934 1.006405
v 0.221400 0.576225 0.960421
v 0.040991 0.633570 0.948203
v 0.163666 0.432240 1.043520
v 0.102633 0.763481 0.841867
v 0.102633 0.763481 0.841867
v -0.058322 0.841893 0.770171
v -1.046711 0.412738 0.145934
v -1.110233 0.207819 0.097424
v -1.085372 0.331056 0.000001
v -0.998815 0.397928 0.362071
v -0.999821 0.486251 0.231828
v -0.941821 0.543281 0.326849
v 0.719131 0.593136 0.652992
v 0.629996 0.637967 0.702542
v 0.534737 0.745346 0.676653
v 0.775096 0.628441 0.547614
v 0.629996 0.762767 0.564582
v 0.534738 0.863032 0.518241
v -0.629995 0.637967 0.702542
v -0.719131 0.593136 0.652991
v 0.880660 0.399598 0.598040
v 0.945033 0.445717 0.445717
v 0.875770 0.535704 0.486928
v 0.941821 0.326851 0.543280
v 0.875770 0.244859 0.681265
v 0.943610 0.155780 0.614943
v 0.875771 0.620405 0.373061
v 0.629995 0.858255 0.404926
v 0.534738 0.947553 0.339913
v -0.880660 0.598039 0.399600
v -0.941821 0.543281 0.326849
v -0.945033 0.445718 0.445716
v -0.875770 0.486926 0.535705
v -0.801316 0.542644 0.597214
v -0.808109 0.666476 0.445327
v -0.875771 0.681264 0.244858
v -0.939447 0.611375 0.185458
v 0.719132 0.756158 0.454349
v 0.775096 0.628441 0.547614
v 0.801316 0.691602 0.415709
v 0.719132 0.756158 0.454349
v 0.875770 0.535704 0.486928
v 0.875771 0.620405 0.373061
v 0.690150 0.858589 0.290179
v 0.875770 0.681264 0.244861
v 0.801316 0.759413 0.272798
v -0.534737 0.809060 0.599016
v -0.434254 0.847607 0.627723
v -0.391315 0.945182 0.505210
v -0.534737 0.910377 0.429666
v -0.629995 0.762767 0.564582
v 0.945033 0.445717 0.445717
v 0.997324 0.518569 0.157306
v 0.042092 0.882121 0.723938
v -0.040993 0.948203 0.633569
v 0.042092 1.006404 0.537935
v -0.102634 1.027533 0.485612
v -0.221399 0.899901 0.666800
v 0.042092 0.882121 0.723938
v 0.221400 0.899900 0.666800
v 0.102198 0.943877 0.630678
v 0.221399 0.752522 0.829551
v 0.221400 1.012695 0.478426
v 0.042092 1.006404 0.537935
v 1.110233 0.222832 -0.055008
v 1.084732 0.282633 -0.174198
v 1.045427 0.437577 0.043098
v 1.110233 0.226921 0.034454
v 0.040992 1.053587 0.436410
v 0.102198 0.943877 0.630678
v -0.221399 1.086572 0.271667
v -0.221399 1.012695 0.478426
v 1.125237 0.133823 0.019110
v 1.117077 0.171075 -0.099466
v 0.040992 1.053587 0.436410
v 0.221400 1.086573 0.271666
v 0.042091 1.092012 0.331258
v 0.690150 0.858589 0.290179
v 0.534738 0.995659 0.148526
v -0.629995 0.858255 0.404925
v -0.690150 0.858590 0.290178
v -0.728075 0.728694 0.486900
v -0.629995 0.938577 0.140139
v -0.719132 0.872471 0.130393
v -0.629995 0.762767 0.564582
v 0.943610 0.572735 0.272758
v 0.875770 0.681264 0.244861
v 0.941821 0.627005 0.094070
v 0.943610 0.572735 0.272758
v 0.941821 0.627005 0.094070
v -0.391315 0.945182 0.505210
v -0.434254 0.847607 0.627723
v -0.329510 0.877967 0.650381
v -0.329510 1.028545 0.368669
v -0.434253 0.992839 0.356015
v -0.221399 1.012695 0.478426
v -0.364649 1.067864 0.173904
v -0.221399 1.086572 0.271667
v -0.434253 0.992839 0.356015
v -0.534738 0.976707 0.243805
v -0.629995 0.858255 0.404925
v -0.364649 1.067864 0.173904
v -0.629995 0.938577 0.140139
v -0.690150 0.858590 0.290178
v -0.434253 1.053504 0.051027
v -0.534738 1.005504 0.048572
v -0.220909 1.113378 0.109658
v -0.329510 1.091335 -0.053000
v -0.434253 1.053504 0.051027
v 0.102198 1.113378 0.221465
v 0.221399 1.118694 0.054467
v 0.102633 1.135152 0.055428
v -1.110734 0.228622 -0.011197
v -1.048725 0.432202 -0.042564
v -1.110233 0.196463 -0.118669
v -0.939447 0.611375 0.185458
v -0.997324 0.539293 0.053114
v -0.941821 0.633309 0.030058
v -1.125992 0.111090 0.069143
v -1.124664 0.133986 -0.034619
v -1.125236 0.081115 -0.108139
v 0.719132 0.881145 0.042324
v 0.754059 0.836258 0.166342
v 0.801316 0.806001 0.038587
v 0.872278 0.726162 0.071521
v 0.880660 0.705437 -0.140319
v 0.768652 0.835265 -0.082266
v 0.629995 0.938577 0.140141
v 0.754059 0.836258 0.166342
v 0.719132 0.881145 0.042324
v 0.574449 0.984452 0.000000
v -0.719132 0.872471 0.130393
v -0.801316 0.759413 0.272797
v -0.690150 0.858590 0.290178
v -0.754058 0.852642 0.000001
v -0.801316 0.798042 0.119399
v -0.629995 0.947883 -0.045660
v -0.493348 1.023155 -0.100772
v 0.999822 0.537954 -0.028100
v 1.046712 0.424257 -0.107963
v 0.939447 0.635808 -0.062621
v -0.754058 0.852642 0.000001
v -0.629995 0.947883 -0.045660
v -0.719131 0.872471 -0.130393
v -0.629995 0.920761 -0.229706
v -0.719131 0.830269 -0.298097
v -0.434253 1.023307 -0.255574
v -0.534738 0.976707 -0.243803
v -0.629995 0.920761 -0.229706
v -0.042092 1.135655 -0.111852
v -0.221400 1.086572 -0.271666
v -0.221399 1.118694 -0.054465
v 0.102632 1.102527 -0.275818
v -0.040992 1.118482 -0.222479
v -0.040993 1.140394 0.000000
v 0.102633 1.135152 0.055428
v -0.220909 1.113378 0.109658
v -0.042092 1.135655 0.111852
v 0.183729 1.121031 -0.110411
v 0.221400 1.086572 -0.271666
v 0.102632 1.102527 -0.275818
v 0.102198 1.048779 -0.434418
v -1.000740 0.525064 -0.104442
v -0.945033 0.618227 -0.122975
v -0.939446 0.563445 -0.301169
v -0.999822 0.462904 -0.275506
v -1.046711 0.376336 -0.223652
v -1.084732 0.269098 -0.194455
v 0.534738 0.995660 -0.148525
v 0.690151 0.875105 -0.235733
v 0.534738 0.947552 -0.339914
v 0.629996 0.938577 -0.140138
v 0.768652 0.835265 -0.082266
v 0.434254 1.053504 -0.051027
v 0.574449 0.984452 0.000000
v 0.534738 0.995660 -0.148525
v 0.434253 1.043216 0.155483
v 0.534738 0.995659 0.148526
v 0.434254 1.023307 -0.255573
v 0.801316 0.782985 -0.195091
v 0.690151 0.875105 -0.235733
v 0.801316 0.729880 -0.344095
v 0.719132 0.797875 -0.376301
v 0.221400 1.086572 -0.271666
v 0.329510 1.080705 -0.160925
v 0.329511 1.028544 -0.368670
v 0.329510 1.091335 0.053001
v 0.434254 1.053504 -0.051027
v 0.183729 1.121031 -0.110411
v 0.434254 1.023307 -0.255573
v 0.400036 0.959612 -0.471358
v 0.221400 1.012694 -0.478427
v 0.534738 0.947552 -0.339914
v 0.400036 0.959612 -0.471358
v -0.567173 0.900519 -0.409542
v -0.719131 0.830269 -0.298097
v -0.808109 0.786162 -0.156378
v -0.719131 0.872471 -0.130393
v -0.801316 0.729880 -0.344094
v 0.880660 0.705437 -0.140319
v 0.939447 0.635808 -0.062621
v 0.943611 0.572736 -0.272755
v 0.872278 0.726162 0.071521
v 0.875770 0.654868 -0.308587
v 0.872277 0.564047 -0.462902
v -0.567173 0.900519 -0.409542
v -0.372767 0.996339 -0.412697
v -0.434253 0.904306 -0.542867
v -0.534738 0.809060 -0.599015
v -0.629995 0.813503 -0.488649
v -0.329511 1.060025 -0.264891
v -0.372767 0.996339 -0.412697
v -0.434253 1.023307 -0.255574
v -0.221399 1.118694 -0.054465
v -0.221400 1.086572 -0.271666
v -0.176705 1.018720 -0.484616
v -0.042092 1.092012 -0.331257
v 0.102198 1.048779 -0.434418
v -0.040993 1.053586 -0.436410
v -0.176705 1.018720 -0.484616
v 0.945033 0.445718 -0.445716
v -0.391315 0.828458 -0.679899
v -0.534738 0.676652 -0.745345
v -0.629995 0.637967 -0.702541
v -0.682973 0.704519 -0.578184
v 0.999822 0.486251 -0.231827
v 1.048726 0.335714 -0.275512
v 0.042092 1.006404 -0.537934
v -0.040991 0.948203 -0.633569
v -0.221399 0.960420 -0.576225
v -0.220908 0.864817 -0.709737
v -1.110734 0.117705 -0.196312
v 0.329511 0.877966 -0.650381
v 0.221399 0.899899 -0.666801
v 0.434254 0.847607 -0.627723
v 0.328698 0.771853 -0.771853
v 0.475540 0.732987 -0.732986
v 0.534738 0.809060 -0.599015
v 0.434254 0.847607 -0.627723
v 0.599135 0.869867 -0.429014
v 0.599135 0.869867 -0.429014
v 0.629996 0.762767 -0.564581
v 0.534738 0.809060 -0.599015
v 0.719131 0.709133 -0.524728
v -0.719131 0.756159 -0.454347
v -0.801316 0.648727 -0.479875
v -0.941821 0.469071 -0.426563
v -0.999821 0.322238 -0.431679
v -0.943610 0.324677 -0.544983
v -0.999821 0.132510 -0.522135
v -1.045614 0.245625 -0.367607
v 0.475540 0.732987 -0.732986
v 0.667149 0.652820 -0.652819
v 0.534738 0.599016 -0.809059
v 0.475540 0.732987 -0.732986
v -0.682973 0.704519 -0.578184
v -0.719131 0.593136 -0.652990
v -0.801316 0.542644 -0.597214
v -0.391315 0.828458 -0.679899
v -0.220908 0.864817 -0.709737
v -0.329511 0.734214 -0.809166
v -0.434253 0.708859 -0.781021
v -0.434253 0.904306 -0.542867
v -0.329511 0.936857 -0.562244
v -0.221399 0.960420 -0.576225
v -0.220908 0.864817 -0.709737
v 0.040993 0.806380 -0.806379
v -0.042092 0.882120 -0.723937
v 0.102634 0.913050 -0.676743
v -0.102198 0.802700 -0.802700
v 0.945033 0.445718 -0.445716
v 0.998816 0.397928 -0.362068
v 0.999822 0.275506 -0.462905
v 0.943611 0.572736 -0.272755
v 0.939447 0.301169 -0.563444
v -0.102633 0.676742 -0.913050
v -0.221399 0.752522 -0.829549
v 0.042092 0.723937 -0.882120
v -0.220908 0.621560 -0.930229
v -1.084017 0.144252 -0.298691
v 0.221400 0.752522 -0.829549
v 0.329510 0.650380 -0.877966
v 0.434254 0.627723 -0.847607
v 0.221399 0.576225 -0.960419
v 0.434254 0.627723 -0.847607
v 0.534738 0.599016 -0.809059
v 0.629996 0.564582 -0.762766
v 0.501690 0.452349 -0.919338
v 0.719131 0.524728 -0.709132
v 0.801317 0.542646 -0.597211
v 0.872277 0.564047 -0.462902
v 0.875771 0.430414 -0.582081
v 0.801316 0.648727 -0.479874
v 0.801317 0.415709 -0.691600
v 0.329511 0.466602 -0.987978
v 0.220909 0.428138 -1.033615
v 0.501690 0.452349 -0.919338
v 0.400038 0.345248 -1.011848
v -0.910943 0.163420 -0.660752
v -0.945033 -0.000001 -0.630338
v -0.999821 -0.077388 -0.533100
v -0.629995 0.488649 -0.813503
v -0.719131 0.593136 -0.652990
v -0.629995 0.637967 -0.702541
v -0.667149 0.353303 -0.852949
v -0.719131 0.454349 -0.756157
v -0.629995 0.229707 -0.920761
v -0.719131 0.213412 -0.855957
v 0.875771 0.308585 -0.654867
v 0.775096 0.265437 -0.790165
v -0.434253 0.542868 -0.904305
v -0.467842 0.364787 -0.974756
v -0.534737 0.518241 -0.863031
v -0.434253 0.708859 -0.781021
v -0.629995 0.488649 -0.813503
v -0.434253 0.155480 -1.043216
v -0.534737 0.243805 -0.976707
v -0.221399 0.478426 -1.012694
v -0.329510 0.368670 -1.028543
v -0.329510 0.562245 -0.936857
v -0.221399 0.271666 -1.086572
v -0.434253 0.542868 -0.904305
v -0.220908 0.621560 -0.930229
v -0.042092 0.331258 -1.092011
v -0.221399 0.478426 -1.012694
v -0.102633 0.485611 -1.027532
v -0.221399 0.271666 -1.086572
v 0.040995 0.436409 -1.053586
v 0.434254 0.155482 -1.043215
v 0.221399 0.271666 -1.086572
v 0.400038 0.345248 -1.011848
v 0.501690 0.452349 -0.919338
v 0.534738 0.243804 -0.976707
v 0.434254 0.155482 -1.043215
v -0.943610 0.324677 -0.544983
v -0.872278 0.343967 -0.643516
v -0.875770 0.486926 -0.535704
v -0.801316 0.542644 -0.597214
v 0.629996 0.229706 -0.920760
v 0.775096 0.265437 -0.790165
v 0.719132 0.376300 -0.797875
v 0.534738 0.243804 -0.976707
v 0.875771 0.174897 -0.702486
v 0.801316 0.119399 -0.798041
v 0.719132 0.130394 -0.872470
v 0.719131 -0.042324 -0.881145
v 0.880660 0.000001 -0.719256
v 0.534738 0.048572 -1.005504
v 0.434254 -0.155481 -1.043216
v 0.372767 0.000000 -1.078430
v -0.775095 0.057151 -0.831596
v -0.801316 0.195085 -0.782986
v -0.719131 0.213412 -0.855957
v -0.796524 0.383418 -0.717328
v -0.775095 0.057151 -0.831596
v 0.801316 -0.038585 -0.806000
v -0.599135 0.063474 -0.967829
v -0.534737 -0.048572 -1.005504
v -0.434253 -0.051027 -1.053504
v -0.629995 0.229707 -0.920761
v 0.098699 -0.029626 -1.867436
v 0.234529 -0.234531 -1.667457
v 0.419329 -0.349690 -1.792594
v -0.160289 0.160285 -1.690888
v 0.567518 -0.567519 -1.501548
v 1.257981 -1.189461 -0.716837
v 1.141392 -1.141396 -0.552203
v 1.353034 -1.283394 -0.183610
v 1.199640 -1.199640 -0.068279
v 1.165964 -1.165968 0.437647
v 1.342158 -1.273085 0.275323
v 1.135580 -1.067059 1.040689
v 0.797536 -0.797539 1.279984
v 0.922884 -0.853810 1.384641
v 1.024289 -1.024289 0.885777
v 1.279053 -1.209979 0.630803
v 0.714803 -0.645730 1.603131
v 0.390465 -0.390469 1.614175
v 0.480581 -0.411508 1.760012
v 0.229218 -0.160145 1.849257
v -0.000000 -0.000001 1.700125
v -0.095012 0.164652 1.864236
v -0.349477 0.349476 1.629275
v -0.169817 0.098952 1.929596
v -0.349477 0.349476 1.629275
v -0.000000 -0.000001 1.700125
v -0.559182 0.489513 1.790236
v -0.626340 0.626341 1.448562
v -0.843359 0.773178 1.560775
v -0.472621 0.541142 1.730602
v -0.626340 0.626341 1.448562
v -0.805492 0.875132 1.448047
v -0.905088 0.905084 1.127887
v -1.285940 1.355013 -0.090743
v -1.179071 1.179070 0.331677
v -1.195640 1.195637 -0.226685
v -1.248050 1.317123 -0.453315
v -1.089846 1.089846 -0.712322
v -1.160869 1.229941 -0.798474
v -1.347429 1.276563 -0.562840
v -1.089846 1.089846 -0.712322
v -1.195640 1.195637 -0.226685
v -1.204177 1.133996 -1.004531
v -0.930635 0.930633 -1.080110
v -1.027752 1.096825 -1.112938
v -0.930635 0.930633 -1.080110
v -0.853809 0.922881 -1.384642
v -0.605640 0.605636 -1.475429
v -0.645730 0.714803 -1.603129
v -1.003702 0.934033 -1.370186
v -0.681732 0.610866 -1.709985
v -0.605640 0.605636 -1.475429
v -0.411509 0.480582 -1.760009
v -0.160144 0.229217 -1.849256
v -0.093994 0.023813 -1.932789
v -0.160289 0.160285 -1.690888
v -0.359490 0.289309 -1.879398
v 0.234529 -0.234531 -1.667457
v 0.678371 -0.677195 -1.793285
v 0.773180 -0.843361 -1.560772
v 0.542339 -0.612520 -1.753785
v 0.955823 -0.954644 -1.516243
v 0.972958 -1.043138 -1.307781
v 1.109378 -1.108198 -1.286875
v 1.238491 -1.237312 -1.029142
v 1.133996 -1.204176 -1.004534
v 1.376496 -1.375320 -0.590259
v 1.328998 -1.399863 -0.190048
v 1.250107 -1.320288 -0.662682
v 1.434163 -1.432984 -0.116907
v 1.373203 -1.372022 0.588848
v 1.309025 -1.378694 0.378035
v 1.422745 -1.421566 0.280859
v 1.112039 -1.110862 1.289965
v 0.889652 -0.959832 1.425594
v 1.068544 -1.138724 1.143066
v 1.205023 -1.275203 0.816610
v 1.293402 -1.292223 0.883859
v 0.865776 -0.864597 1.620753
v 0.675221 -0.745402 1.653339
v 0.676750 -0.675569 1.788991
v 0.433495 -0.503675 1.817545
v 0.141518 -0.140341 2.023594
v -0.169817 0.098952 1.929596
v 0.173764 -0.243945 1.911903
v -0.198009 0.199188 2.011232
v -0.911555 0.912731 1.571828
v -1.043137 0.972957 1.307783
v -0.843359 0.773178 1.560775
v -0.624390 0.625569 1.828315
v -0.559182 0.489513 1.790236
v -1.145456 1.146635 1.223558
v -1.204175 1.133995 1.004536
v -1.264417 1.265597 0.956235
v -1.320287 1.250107 0.662682
v -0.911553 0.912729 -1.571828
v -0.681732 0.610866 -1.709985
v -1.003702 0.934033 -1.370186
v -0.624390 0.625569 -1.828314
v -0.359490 0.289309 -1.879398
v 0.098699 -0.029626 -1.867436
v 0.419329 -0.349690 -1.792594
v 0.141184 -0.140003 -2.018746
v -0.082077 0.083256 -2.027379
v -0.160144 0.229217 -1.849256
v 0.361345 -0.360167 -1.965616
v -0.360167 0.361345 -1.965614
v -0.411509 0.480582 -1.760009
v -0.624390 0.625569 -1.828314
v -0.645730 0.714803 -1.603129
v -0.911553 0.912729 -1.571828
v -0.853809 0.922881 -1.384642
v -1.145453 1.146632 -1.223561
v -0.095012 0.164652 1.864236
v 0.141518 -0.140341 2.023594
v 0.229218 -0.160145 1.849257
v -0.198009 0.199188 2.011232
v 0.472815 -0.471636 1.917796
v 0.714803 -0.645730 1.603131
v 0.480581 -0.411508 1.760012
v 0.676750 -0.675569 1.788991
v 0.865776 -0.864597 1.620753
v 0.922884 -0.853810 1.384641
v 1.112039 -1.110862 1.289965
v 1.135580 -1.067059 1.040689
v 1.293402 -1.292223 0.883859
v 1.353034 -1.283394 -0.183610
v 1.376496 -1.375320 -0.590259
v 1.257981 -1.189461 -0.716837
v 1.434163 -1.432984 -0.116907
v 1.342158 -1.273085 0.275323
v 1.422745 -1.421566 0.280859
v 1.238491 -1.237312 -1.029142
v 0.975713 0.789121 -1.929500
v 1.079993 0.577516 -1.732818
v 1.262529 0.656641 -1.805526
v 0.667857 0.903483 -2.005654
v 0.791371 0.700866 -1.837195
v 1.403806 0.401884 -1.539607
v 1.525141 0.512727 -1.645830
v 1.994055 0.145211 -1.134734
v 1.820438 0.306139 -1.374768
v 1.673670 0.210808 -1.287230
v 1.879216 0.011631 -0.985385
v 2.129877 -0.017194 -0.872369
v 2.012545 -0.187994 -0.645672
v 2.236987 -0.231080 -0.490096
v 2.068533 -0.380396 -0.281143
v 2.258790 -0.433449 -0.087706
v 2.045028 -0.558177 0.094188
v 2.194449 -0.616531 0.319352
v 1.942935 -0.714507 0.465893
v 2.046436 -0.773285 0.715424
v 1.766174 -0.843380 0.819700
v 1.820440 -0.897688 1.085289
v 1.465759 -0.956485 1.204556
v 1.602214 -0.965787 1.336133
v 0.347560 -0.998299 2.044580
v 0.083250 -0.948744 1.896188
v 0.017163 -0.941354 2.097295
v 0.403437 -0.995267 1.827416
v 0.774275 -1.036251 1.903781
v 0.714679 -1.019725 1.718129
v -0.321899 -0.856304 1.914601
v -0.313232 -0.864800 2.109908
v -0.633532 -0.766399 2.072736
v -0.714676 -0.730956 1.859439
v -0.941395 -0.652046 1.996575
v -1.079995 -0.577516 1.732818
v -1.228203 -0.519557 1.872609
v -1.403806 -0.401885 1.539607
v -1.490822 -0.375651 1.712903
v -2.337506 0.354135 0.287184
v -2.045027 0.268127 0.498538
v -2.292406 0.186021 0.607406
v -2.068532 0.455407 0.127854
v -2.199093 0.012677 0.914137
v -2.312396 0.553846 -0.133779
v -2.199095 0.729593 -0.550902
v -2.028216 0.591514 -0.170915
v -1.942934 0.714506 -0.465893
v -1.959728 0.943984 -0.743854
v -1.766174 0.843379 -0.819699
v -1.786111 1.034763 -1.018218
v -2.095552 0.836460 -0.454636
v -1.942934 0.714506 -0.465893
v -1.521541 0.939842 -1.142005
v -1.490815 1.122034 -1.347666
v -1.218437 1.000186 -1.420424
v -1.137571 1.168820 -1.624034
v -0.868506 1.022095 -1.644258
v -0.840659 1.174867 -1.788311
v -0.485201 1.004725 -1.804902
v -0.527082 1.159409 -1.917198
v 0.333288 1.008205 -2.227731
v 0.082364 0.955469 -2.179935
v -0.138317 1.112108 -2.198734
v 0.533071 0.835558 -2.165526
v 0.792095 0.865603 -2.171098
v 1.220472 0.689783 -2.031008
v 0.870185 0.716414 -2.094804
v 1.188547 0.580813 -1.980362
v 2.404011 -0.421999 -0.364678
v 2.277530 -0.373446 -0.587550
v 2.359172 -0.263997 -0.664614
v 2.302640 -0.583300 -0.171556
v 2.164226 -0.151914 -0.982278
v 2.274085 -0.101473 -0.953199
v 2.384866 -0.630603 0.071406
v 2.257493 -0.733185 0.157594
v 2.301796 -0.778332 0.415804
v 1.797995 -1.083607 1.297442
v 1.552534 -1.157695 1.386075
v 1.856189 -1.066240 1.043800
v 2.000054 -1.004826 1.033058
v 2.028153 -0.975586 0.770305
v 2.167993 -0.908883 0.751056
v 1.526049 -1.144662 1.561371
v -1.797411 1.085945 -1.296292
v -1.587399 1.018454 -1.454211
v -1.810447 0.955455 -1.211579
v -2.075337 0.970225 -0.917596
v -1.450394 1.159981 -1.625158
v -1.306112 1.059517 -1.682308
v -1.047628 1.189482 -1.891546
v -0.244806 1.016175 -2.136820
v -0.604598 1.173317 -2.085216
v -0.840659 1.174867 -1.788311
v -1.047628 1.189482 -1.891546
v -1.137571 1.168820 -1.624034
v -0.527082 1.159409 -1.917198
v -0.604598 1.173317 -2.085216
v -1.450394 1.159981 -1.625158
v -1.490815 1.122034 -1.347666
v -1.797411 1.085945 -1.296292
v -1.786111 1.034763 -1.018218
v -2.075337 0.970225 -0.917596
v -1.959728 0.943984 -0.743854
v -2.273499 0.817263 -0.503612
v -2.095552 0.836460 -0.454636
v -2.181364 0.709726 -0.151726
v -2.384280 0.632942 -0.070257
v -2.224465 0.570522 0.154783
v -2.403425 0.424339 0.365826
v -2.202661 0.368150 0.557179
v -2.358585 0.266339 0.665760
v -2.127889 0.208748 0.844674
v 1.602214 -0.965787 1.336133
v 1.797995 -1.083607 1.297442
v 1.820440 -0.897688 1.085289
v 2.000054 -1.004826 1.033058
v 2.046436 -0.773285 0.715424
v 2.194449 -0.616531 0.319352
v 2.384866 -0.630603 0.071406
v 2.258790 -0.433449 -0.087706
v 2.301796 -0.778332 0.415804
v 2.167993 -0.908883 0.751056
v 2.404011 -0.421999 -0.364678
v 2.236987 -0.231080 -0.490096
v 2.359172 -0.263997 -0.664614
v 2.129877 -0.017194 -0.872369
v 1.262529 0.656641 -1.805526
v 1.220472 0.689783 -2.031008
v 0.975713 0.789121 -1.929500
v 0.792095 0.865603 -2.171098
v 0.667857 0.903483 -2.005654
v 0.333288 1.008205 -2.227731
v 0.347556 1.001873 -2.042831
v -0.719131 -0.042322 -0.881145
v -0.801316 -0.119399 -0.798041
v -0.719131 -0.213413 -0.855957
v -0.434253 -0.255574 -1.023306
v -0.534737 -0.243803 -0.976708
v -0.629995 -0.320554 -0.893203
v -0.629995 -0.140139 -0.938577
v -0.434253 -0.051027 -1.053504
v -0.102198 0.000000 -1.135190
v -0.221400 0.054465 -1.118694
v 0.221400 0.054467 -1.118694
v 0.042092 -0.331258 -1.092012
v 0.058323 0.050714 -1.139901
v 0.102634 0.275819 -1.102526
v 0.221399 0.271666 -1.086572
v 0.221400 -0.377786 -1.054381
v 0.501691 -0.452349 -0.919337
v 0.329511 -0.562245 -0.936857
v 0.221400 -0.576227 -0.960419
v -0.102632 -0.584571 -0.974638
v 0.801316 -0.597212 -0.542645
v 0.042092 -0.537934 -1.006404
v 0.040993 -0.633569 -0.948203
v 0.501691 -0.452349 -0.919337
v 0.434254 -0.627723 -0.847607
v 0.329512 -0.734214 -0.809166
v 0.221400 -0.752522 -0.829550
v 0.534739 -0.599015 -0.809060
v 0.221399 -0.899900 -0.666800
v 0.475540 -0.732987 -0.732987
v 0.475540 -0.732987 -0.732987
v 0.872277 -0.564048 -0.462902
v 0.728075 -0.619704 -0.619704
v -0.719131 -0.756158 -0.454349
v -0.796524 -0.717328 -0.383419
v 0.943611 -0.572734 -0.272758
v 0.329510 -0.877966 -0.650382
v 0.434254 -0.847607 -0.627723
v 0.221400 -1.012695 -0.478425
v 0.329511 -0.987979 -0.466602
v 0.534738 -0.809061 -0.599015
v -0.719131 -0.830268 -0.298099
v 0.534738 -0.910376 -0.429666
v -0.801316 -0.782987 -0.195084
v -0.676005 -0.907247 -0.131781
v 0.875771 -0.654867 -0.308586
v -0.534737 -0.910377 -0.429666
v -0.434253 -0.953783 -0.450302
v -0.629995 -0.858255 -0.404925
v 0.434253 -0.953783 -0.450302
v 0.221399 -1.086573 -0.271664
v 0.433328 -1.008475 -0.305917
v -0.221399 -1.107824 -0.164826
v 0.102198 -1.113378 -0.221464
v 0.719132 -0.855957 -0.213413
v 0.801316 -0.782986 -0.195087
v 0.875771 -0.702487 -0.174897
v -0.719130 -0.881146 -0.042323
v 0.875771 -0.702487 -0.174897
v 0.943611 -0.633517 -0.032818
v -0.434253 -1.023306 -0.255576
v -0.801316 -0.806001 -0.038586
v 0.875770 -0.723110 -0.034490
v -0.040992 -1.140394 0.000001
v -0.042093 -1.135655 0.111853
v -0.221399 -1.107824 0.164827
v 0.102634 -1.124154 0.167096
v 0.221400 -1.086573 0.271665
v 0.434254 -1.023306 0.255575
v 0.880660 -0.705437 0.140321
v 0.719131 -0.797876 0.376302
v 0.042092 -1.092013 0.331258
v 0.221399 -1.012696 0.478424
v 0.040992 -1.053587 0.436410
v 0.102633 -0.974638 0.584572
v 0.221399 -0.899900 0.666800
v 0.719132 -0.709132 0.524729
v 0.042092 -0.882120 0.723938
v 0.221399 -0.752522 0.829551
v 0.040992 -0.806380 0.806381
v 0.221399 -0.478427 1.012695
v -0.434253 -0.627722 0.847608
v -0.719131 -0.593136 0.652992
v -0.801316 -0.479872 0.648730
v -0.719131 -0.454348 0.756159
v -0.660360 -0.383852 0.845575
v 0.534738 -0.429666 0.910377
v 0.534738 -0.243804 0.976708
v 0.875771 0.107245 0.715944
v 0.102198 -0.221464 1.113379
v -0.042094 -0.111852 1.135655
v -0.221399 -0.054467 1.118694
v 0.220909 0.109658 1.113378
v 0.042091 0.111852 1.135655
v 0.533775 -0.098603 1.001137
v 0.533775 -0.098603 1.001137
v -0.875770 0.034490 0.723109
v -0.801316 0.038586 0.806001
v -0.796525 0.236109 0.778345
v -0.578021 -0.140254 0.973836
v -0.768653 -0.082266 0.835264
v 0.719132 0.130393 0.872471
v -0.719131 0.213413 0.855958
v -0.796525 0.236109 0.778345
v -0.719131 0.376302 0.797875
v 0.040991 0.222480 1.118482
v 0.220909 0.109658 1.113378
v 0.221399 0.271666 1.086573
v 0.042091 0.111852 1.135655
v 0.042092 0.331259 1.092013
v 0.221400 0.576225 0.960421
v 0.534738 0.429666 0.910377
v 0.719132 0.298097 0.830269
v -0.660360 0.489812 0.788938
v -0.801316 0.415709 0.691602
v 0.719132 0.454347 0.756159
v -0.660360 0.489812 0.788938
v -0.719131 0.593136 0.652991
v -0.434254 0.542867 0.904306
v -0.221399 0.576226 0.960420
v -0.467842 0.710043 0.760960
v -0.329511 0.734213 0.809168
v 0.433328 0.668558 0.814640
v 0.329511 0.734213 0.809168
v 0.221399 0.752522 0.829551
v -0.221399 0.899901 0.666800
v -0.221399 0.752522 0.829551
v 0.434254 0.781022 0.708858
v 0.329510 0.877966 0.650383
v 0.221400 0.899900 0.666800
v 0.534737 0.745346 0.676653
v 0.434254 0.781022 0.708858
v 0.433328 0.668558 0.814640
v 0.434253 0.904306 0.542868
v 0.719131 0.593136 0.652992
v -0.801316 0.542644 0.597214
v -0.728075 0.728694 0.486900
v 0.534738 0.863032 0.518241
v 0.434254 0.992838 0.356016
v -0.808109 0.666476 0.445327
v 0.221400 1.012695 0.478426
v 0.329511 0.987979 0.466603
v 0.434253 0.904306 0.542868
v -0.058322 1.108104 0.272125
v 0.434254 0.992838 0.356016
v 0.329511 1.060025 0.264891
v 0.221400 1.086573 0.271666
v 0.534738 0.947553 0.339913
v -0.801316 0.759413 0.272797
v -0.801316 0.798042 0.119399
v -0.872277 0.726163 0.071521
v -0.391315 0.945182 0.505210
v 0.042091 1.092012 0.331258
v 0.102198 1.113378 0.221465
v 0.434253 1.043216 0.155483
v 0.221399 1.118694 0.054467
v -0.754058 0.852642 0.000001
v -0.941821 0.633309 0.030058
v -0.880660 0.705437 -0.140320
v 0.183729 1.121031 -0.110411
v -0.945033 0.618227 -0.122975
v -0.220909 1.113378 0.109658
v -0.493348 1.023155 -0.100772
v 0.875770 0.654868 -0.308587
v -0.808109 0.786162 -0.156378
v -0.875770 0.654868 -0.308586
v -0.801316 0.729880 -0.344094
v -0.939446 0.563445 -0.301169
v 0.221400 1.012694 -0.478427
v 0.102634 0.913050 -0.676743
v 0.042092 1.006404 -0.537934
v -0.875770 0.582082 -0.430415
v -0.801316 0.648727 -0.479875
v 0.719131 0.709133 -0.524728
v 0.719132 0.797875 -0.376301
v -0.719131 0.756159 -0.454347
v 0.667149 0.652820 -0.652819
v 0.221399 0.899899 -0.666801
v 0.221400 0.752522 -0.829549
v -0.941821 0.469071 -0.426563
v -0.629995 0.813503 -0.488649
v -0.682973 0.704519 -0.578184
v -0.796524 0.383418 -0.717328
v -0.719131 0.454349 -0.756157
v -0.221399 0.752522 -0.829549
v 0.040993 0.806380 -0.806379
v 0.040993 0.633569 -0.948202
v 0.042092 0.723937 -0.882120
v -0.667149 0.353303 -0.852949
v -0.467842 0.364787 -0.974756
v 0.040993 0.633569 -0.948202
v 0.221399 0.576225 -0.960419
v -0.667149 0.353303 -0.852949
v 0.719131 0.524728 -0.709132
v 0.875771 0.430414 -0.582081
v 0.939447 0.301169 -0.563444
v 0.875771 0.308585 -0.654867
v 0.629996 0.404923 -0.858255
v 0.719132 0.376300 -0.797875
v 0.042093 0.537934 -1.006403
v 0.042093 0.537934 -1.006403
v 0.220909 0.428138 -1.033615
v 0.040995 0.436409 -1.053586
v -0.042091 0.111852 -1.135654
v 0.542339 -0.612520 -1.753785
v 0.567518 -0.567519 -1.501548
v 0.232474 -0.302144 -1.900504
v 0.773180 -0.843361 -1.560772
v 0.922884 -0.853811 -1.384640
v 0.714805 -0.645732 -1.603128
v 0.905084 -0.905088 -1.127887
v 1.096825 -1.027752 -1.112941
v 0.972958 -1.043138 -1.307781
v 0.905084 -0.905088 -1.127887
v 1.133996 -1.204176 -1.004534
v 1.141392 -1.141396 -0.552203
v 1.250107 -1.320288 -0.662682
v 1.328998 -1.399863 -0.190048
v 1.199640 -1.199640 -0.068279
v 1.165964 -1.165968 0.437647
v 1.309025 -1.378694 0.378035
v 1.205023 -1.275203 0.816610
v 1.024289 -1.024289 0.885777
v 1.068544 -1.138724 1.143066
v -1.089847 1.089847 0.712321
v -1.264834 1.333355 0.365443
v -1.160870 1.229943 0.798471
v -1.027753 1.096826 1.112939
v 0.889652 -0.959832 1.425594
v 0.797536 -0.797539 1.279984
v 0.675221 -0.745402 1.653339
v 0.390465 -0.390469 1.614175
v 0.433495 -0.503675 1.817545
v 0.173764 -0.243945 1.911903
v -0.905088 0.905084 1.127887
v -1.043137 0.972957 1.307783
v -1.204175 1.133995 1.004536
v -1.320287 1.250107 0.662682
v -1.089847 1.089847 0.712321
v -1.387009 1.316829 0.295365
v -1.179071 1.179070 0.331677
v -1.401778 1.331598 -0.083307
v 0.361345 -0.360167 -1.965616
v 0.232474 -0.302144 -1.900504
v -0.093994 0.023813 -1.932789
v 0.141184 -0.140003 -2.018746
v 0.472815 -0.471636 1.917796
v -0.415788 0.416968 1.941167
v -1.355496 1.356676 0.667829
v -1.387009 1.316829 0.295365
v -1.421566 1.422745 0.280859
v -1.432984 1.434163 -0.116913
v -1.401778 1.331598 -0.083307
v -1.389310 1.390489 -0.510189
v -1.347429 1.276563 -0.562840
v -1.292221 1.293400 -0.883862
v -0.360167 0.361345 -1.965614
v -0.082077 0.083256 -2.027379
v -1.204177 1.133996 -1.004531
v -1.145453 1.146632 -1.223561
v -1.292221 1.293400 -0.883862
v -1.027752 1.096825 -1.112938
v -1.160869 1.229941 -0.798474
v -1.389310 1.390489 -0.510189
v -1.248050 1.317123 -0.453315
v -1.432984 1.434163 -0.116913
v -1.285940 1.355013 -0.090743
v -1.264834 1.333355 0.365443
v -1.421566 1.422745 0.280859
v -1.355496 1.356676 0.667829
v -1.027753 1.096826 1.112939
v -1.160870 1.229943 0.798471
v -1.264417 1.265597 0.956235
v -1.145456 1.146635 1.223558
v -0.911555 0.912731 1.571828
v -0.805492 0.875132 1.448047
v -0.624390 0.625569 1.828315
v -0.472621 0.541142 1.730602
v -0.415788 0.416968 1.941167
v 1.279053 -1.209979 0.630803
v 1.373203 -1.372022 0.588848
v 0.922884 -0.853811 -1.384640
v 1.109378 -1.108198 -1.286875
v 0.955823 -0.954644 -1.516243
v 1.096825 -1.027752 -1.112941
v 0.714805 -0.645732 -1.603128
v 0.678371 -0.677195 -1.793285
v 0.347556 1.001873 -2.042831
v -0.091855 1.100469 -2.019463
v -0.083251 0.948744 -1.896187
v 0.404398 0.834245 -1.911744
v 0.533071 0.835558 -2.165526
v 0.791371 0.700866 -1.837195
v 0.404398 0.834245 -1.911744
v 0.870185 0.716414 -2.094804
v 1.079993 0.577516 -1.732818
v 0.082364 0.955469 -2.179935
v -0.083251 0.948744 -1.896187
v -0.485201 1.004725 -1.804902
v -0.244806 1.016175 -2.136820
v 1.552532 0.384102 -1.764633
v 1.403806 0.401884 -1.539607
v 1.188547 0.580813 -1.980362
v 1.775535 0.230987 -1.566098
v 1.673670 0.210808 -1.287230
v 1.967083 0.072778 -1.340563
v 1.879216 0.011631 -0.985385
v 2.164226 -0.151914 -0.982278
v 1.942935 -0.714507 0.465893
v 2.045028 -0.558177 0.094188
v 2.164227 -0.868836 0.482772
v 2.028153 -0.975586 0.770305
v 2.257493 -0.733185 0.157594
v 2.277530 -0.373446 -0.587550
v 2.012545 -0.187994 -0.645672
v 2.302640 -0.583300 -0.171556
v 2.068533 -0.380396 -0.281143
v 1.766174 -0.843380 0.819700
v 1.856189 -1.066240 1.043800
v 1.552534 -1.157695 1.386075
v 1.079994 -1.013894 1.519277
v 1.465759 -0.956485 1.204556
v 1.188548 -1.207335 1.673773
v 0.714679 -1.019725 1.718129
v 1.073834 -1.035573 1.749123
v 1.353191 -1.013799 1.561662
v 1.079994 -1.013894 1.519277
v 0.778216 -1.213255 1.895841
v 0.337309 -1.175225 2.043745
v 0.403437 -0.995267 1.827416
v -0.017457 -1.114713 2.101377
v 0.083250 -0.948744 1.896188
v -0.321899 -0.856304 1.914601
v -0.372175 -1.031890 2.113886
v -0.690770 -0.933676 2.075965
v -0.714676 -0.730956 1.859439
v -0.997488 -0.820101 2.001069
v -1.786115 -0.169065 1.441842
v -1.389379 -0.636562 1.826537
v -1.079995 -0.577516 1.732818
v -1.728541 -0.431239 1.580506
v -1.403806 -0.401885 1.539607
v -1.673668 -0.210810 1.287231
v -2.012111 0.046653 1.116661
v -1.673668 -0.210810 1.287231
v -2.001949 -0.212018 1.272426
v -1.915104 0.029518 0.919657
v -2.045027 0.268127 0.498538
v -2.127889 0.208748 0.844674
v -1.915104 0.029518 0.919657
v -2.202661 0.368150 0.557179
v -2.224465 0.570522 0.154783
v -2.068532 0.455407 0.127854
v -2.181364 0.709726 -0.151726
v -2.028216 0.591514 -0.170915
v -2.001950 0.874631 -0.948172
v -1.766174 0.843379 -0.819699
v -1.810447 0.955455 -1.211579
v -1.521541 0.939842 -1.142005
v -1.587399 1.018454 -1.454211
v -0.868506 1.022095 -1.644258
v -0.997486 1.076857 -1.875424
v -0.567938 1.057991 -2.056676
v -1.306112 1.059517 -1.682308
v -1.218437 1.000186 -1.420424
v 1.601959 0.487499 -1.812847
v 1.552532 0.384102 -1.764633
v 1.775535 0.230987 -1.566098
v 1.859433 0.312964 -1.587929
v 2.075922 0.131557 -1.328000
v 1.967083 0.072778 -1.340563
v 2.164227 -0.868836 0.482772
v 1.188548 -1.207335 1.673773
v 1.220472 -1.180462 1.790895
v 0.792093 -1.183195 2.015685
v 0.778216 -1.213255 1.895841
v 0.337309 -1.175225 2.043745
v 0.333287 -1.140413 2.163036
v -0.017457 -1.114713 2.101377
v -0.138317 -1.053761 2.227286
v -0.604600 -0.926568 2.205965
v -0.372175 -1.031890 2.113886
v -1.047629 -0.763724 2.099892
v -1.450393 -0.571484 1.913142
v -1.389379 -0.636562 1.826537
v -0.690770 -0.933676 2.075965
v -0.997488 -0.820101 2.001069
v -1.797405 -0.357238 1.652894
v -1.728541 -0.431239 1.580506
v -2.075336 -0.129217 1.329147
v -2.001949 -0.212018 1.272426
v -2.199093 0.012677 0.914137
v -2.273499 0.103814 0.954343
v -2.358585 0.266339 0.665760
v -2.292406 0.186021 0.607406
v -2.403425 0.424339 0.365826
v -2.384280 0.632942 -0.070257
v -2.337506 0.354135 0.287184
v -2.273499 0.817263 -0.503612
v -2.312396 0.553846 -0.133779
v -2.199095 0.729593 -0.550902
v -2.001950 0.874631 -0.948172
v -0.997486 1.076857 -1.875424
v -0.567938 1.057991 -2.056676
v -0.091855 1.100469 -2.019463
v -0.138317 1.112108 -2.198734
v -2.273499 0.103814 0.954343
v -0.941395 -0.652046 1.996575
v -1.228203 -0.519557 1.872609
v -1.047629 -0.763724 2.099892
v -1.490822 -0.375651 1.712903
v -1.450393 -0.571484 1.913142
v -0.633532 -0.766399 2.072736
v -2.012111 0.046653 1.116661
v -2.075336 -0.129217 1.329147
v -1.786115 -0.169065 1.441842
v -1.797405 -0.357238 1.652894
v -0.604600 -0.926568 2.205965
v 0.017163 -0.941354 2.097295
v -0.313232 -0.864800 2.109908
v -0.138317 -1.053761 2.227286
v 0.333287 -1.140413 2.163036
v 0.347560 -0.998299 2.044580
v 0.774275 -1.036251 1.903781
v 0.792093 -1.183195 2.015685
v 1.073834 -1.035573 1.749123
v 1.220472 -1.180462 1.790895
v 1.353191 -1.013799 1.561662
v 1.526049 -1.144662 1.561371
v 2.274085 -0.101473 -0.953199
v 1.994055 0.145211 -1.134734
v 2.075922 0.131557 -1.328000
v 1.525141 0.512727 -1.645830
v 1.859433 0.312964 -1.587929
v 1.601959 0.487499 -1.812847
v 1.820438 0.306139 -1.374768
vn -0.7712 -0.0929 -0.6297
vn -0.8350 -0.1411 -0.5319
vn -0.8381 0.0029 -0.5456
vn -0.7693 0.0309 -0.6382
vn -0.7100 -0.1048 -0.6963
vn -0.7140 0.1799 -0.6766
vn -0.6857 0.0539 -0.7259
vn -0.8012 0.1482 -0.5797
vn 0.6701 -0.1448 -0.7280
vn 0.5602 -0.1218 -0.8193
vn 0.6347 -0.0300 -0.7722
vn 0.5562 0.0400 -0.8301
vn 0.6334 -0.2669 -0.7264
vn 0.5285 -0.2712 -0.8045
vn 0.4721 0.0373 -0.8807
vn 0.6357 0.1126 -0.7637
vn -0.5575 -0.1204 -0.8214
vn -0.6387 -0.1873 -0.7463
vn -0.6320 -0.0351 -0.7742
vn -0.5573 -0.2803 -0.7816
vn -0.5323 0.0580 -0.8446
vn 0.7802 -0.0102 -0.6255
vn 0.7764 0.1575 -0.6102
vn 0.8350 0.0843 -0.5438
vn 0.8325 -0.1316 -0.5382
vn 0.7716 -0.1880 -0.6078
vn 0.8592 -0.2616 -0.4396
vn 0.7825 -0.3426 -0.5199
vn 0.8852 0.0444 -0.4631
vn 0.9249 0.0553 -0.3761
vn 0.9238 -0.1293 -0.3604
vn 0.9228 0.1787 -0.3413
vn 0.8834 -0.1262 -0.4512
vn 0.9565 0.1417 -0.2549
vn 0.9553 0.0118 -0.2953
vn 0.9250 -0.2801 -0.2568
vn 0.8867 -0.3282 -0.3257
vn -0.1893 -0.1468 -0.9709
vn -0.2936 -0.2283 -0.9283
vn -0.2925 -0.0465 -0.9551
vn -0.1886 -0.3336 -0.9237
vn -0.1894 0.0497 -0.9806
vn -0.3880 -0.2216 -0.8946
vn -0.3893 0.1335 -0.9114
vn -0.2953 0.1420 -0.9448
vn 0.9559 -0.1421 -0.2572
vn 0.9783 -0.1548 -0.1374
vn 0.9554 -0.2580 -0.1433
vn 0.9800 -0.0838 -0.1803
vn 0.9783 -0.0079 -0.2073
vn 0.9786 0.0905 -0.1848
vn 0.9932 0.0585 -0.1008
vn 0.9926 -0.0305 -0.1171
vn -0.0423 -0.0884 -0.9952
vn -0.0495 -0.2046 -0.9776
vn 0.0669 0.0433 -0.9968
vn 0.0968 -0.1430 -0.9850
vn -0.0419 0.1848 -0.9819
vn 0.0926 0.2346 -0.9677
vn 0.2876 -0.1476 -0.9463
vn 0.3328 -0.0058 -0.9430
vn 0.3925 -0.1423 -0.9087
vn 0.3862 -0.3044 -0.8708
vn 0.2931 -0.3232 -0.8998
vn 0.1877 0.0438 -0.9812
vn 0.2857 0.1468 -0.9470
vn 0.1899 -0.1440 -0.9712
vn 0.0479 -0.2829 -0.9579
vn 0.1885 -0.3313 -0.9245
vn 0.0401 -0.3932 -0.9186
vn 0.1881 -0.5050 -0.8424
vn 0.0412 -0.4632 -0.8853
vn -0.9556 -0.1457 -0.2563
vn -0.9241 -0.0986 -0.3693
vn -0.9237 -0.2340 -0.3034
vn -0.9790 -0.1379 -0.1503
vn -0.9786 -0.0713 -0.1932
vn -0.9564 -0.0097 -0.2919
vn -0.9927 -0.0957 -0.0739
vn -0.9926 -0.0169 -0.1201
vn -0.9790 0.0171 -0.2033
vn -0.9239 0.0558 -0.3786
vn 0.4456 -0.4014 -0.8002
vn 0.5284 -0.2712 -0.8045
vn 0.4713 -0.1284 -0.8726
vn -0.7779 -0.2073 -0.5932
vn -0.7141 -0.2673 -0.6470
vn -0.7663 -0.3385 -0.5461
vn -0.8346 -0.2794 -0.4748
vn 0.6334 -0.2669 -0.7263
vn 0.7119 -0.2518 -0.6556
vn 0.7120 -0.3889 -0.5846
vn 0.7715 -0.1880 -0.6078
vn 0.6087 -0.3942 -0.6885
vn -0.6358 -0.3300 -0.6977
vn -0.5584 -0.4288 -0.7102
vn -0.2919 -0.3669 -0.8833
vn -0.1862 -0.5077 -0.8412
vn -0.2900 -0.4955 -0.8188
vn 0.0479 -0.2829 -0.9580
vn -0.0957 -0.3396 -0.9357
vn -0.1885 -0.3336 -0.9237
vn -0.3814 -0.5436 -0.7477
vn -0.3872 -0.3908 -0.8351
vn 0.0419 -0.5636 -0.8250
vn 0.1917 -0.6555 -0.7305
vn 0.0467 -0.6293 -0.7757
vn -0.6659 -0.4348 -0.6062
vn -0.6660 -0.4347 -0.6062
vn -0.6394 -0.5724 -0.5133
vn -0.7131 -0.4996 -0.4918
vn -0.5571 -0.5602 -0.6130
vn -0.8346 -0.2793 -0.4747
vn -0.8591 -0.3775 -0.3456
vn -0.8858 -0.2304 -0.4027
vn -0.8843 -0.4157 -0.2126
vn -0.9228 -0.3312 -0.1970
vn -0.8306 -0.4915 -0.2617
vn 0.4235 -0.6414 -0.6397
vn 0.3790 -0.5463 -0.7470
vn 0.4821 -0.5192 -0.7057
vn 0.4456 -0.4015 -0.8002
vn -0.7781 -0.4459 -0.4424
vn -0.8590 -0.3776 -0.3457
vn -0.7132 -0.4995 -0.4918
vn -0.7746 -0.5363 -0.3351
vn -0.8306 -0.4916 -0.2618
vn 0.5587 -0.4952 -0.6653
vn 0.6406 -0.5397 -0.5462
vn 0.5602 -0.7073 -0.4312
vn 0.5543 -0.6161 -0.5596
vn -0.5547 -0.6680 -0.4960
vn 0.8329 -0.3966 -0.3859
vn 0.7727 -0.4914 -0.4019
vn 0.8357 -0.4966 -0.2344
vn -0.3815 -0.5436 -0.7477
vn -0.4764 -0.5179 -0.7105
vn -0.3872 -0.3909 -0.8351
vn -0.4274 -0.6412 -0.6373
vn -0.3513 -0.7430 -0.5697
vn -0.4736 -0.7114 -0.5192
vn -0.5571 -0.5603 -0.6130
vn -0.5583 -0.4288 -0.7102
vn -0.4723 -0.3763 -0.7971
vn 0.8593 -0.2616 -0.4396
vn 0.8837 -0.4228 -0.2006
vn -0.2913 -0.6456 -0.7059
vn -0.1924 -0.6599 -0.7263
vn -0.4273 -0.6413 -0.6373
vn 0.0941 -0.7378 -0.6684
vn 0.1910 -0.7915 -0.5805
vn 0.0459 -0.8331 -0.5512
vn -0.9556 -0.2344 -0.1784
vn -0.9787 -0.1945 -0.0658
vn 0.9241 -0.3715 -0.0902
vn 0.8851 -0.4648 -0.0247
vn -0.1918 -0.7832 -0.5914
vn -0.2930 -0.8225 -0.4874
vn -0.2922 -0.9018 -0.3184
vn -0.3845 -0.8336 -0.3966
vn -0.1981 -0.8831 -0.4254
vn 0.9930 -0.1054 -0.0534
vn 0.9788 -0.2030 -0.0272
vn 0.0445 -0.8782 -0.4762
vn 0.0458 -0.8331 -0.5512
vn -0.0456 -0.7685 -0.6383
vn 0.0940 -0.7378 -0.6684
vn -0.0663 -0.6720 -0.7376
vn -0.0946 -0.8358 -0.5408
vn -0.1917 -0.7833 -0.5914
vn -0.1923 -0.6599 -0.7263
vn 0.3806 -0.7469 -0.5452
vn 0.4235 -0.6415 -0.6397
vn 0.4764 -0.7105 -0.5179
vn 0.3869 -0.8331 -0.3953
vn -0.6381 -0.6559 -0.4033
vn -0.5562 -0.7516 -0.3547
vn -0.5547 -0.6681 -0.4960
vn -0.7088 -0.6194 -0.3376
vn -0.7736 -0.6078 -0.1795
vn -0.8336 -0.5368 -0.1303
vn -0.7071 -0.6876 -0.1649
vn 0.6347 -0.7019 -0.3233
vn 0.6684 -0.6166 -0.4159
vn 0.7135 -0.6346 -0.2970
vn 0.7694 -0.5753 -0.2776
vn 0.6684 -0.6167 -0.4159
vn 0.5571 -0.7806 -0.2835
vn -0.6386 -0.7251 -0.2578
vn -0.5547 -0.8063 -0.2053
vn -0.3856 -0.8952 -0.2237
vn -0.2954 -0.9448 -0.1419
vn -0.1558 -0.9459 -0.2846
vn 0.1882 -0.8879 -0.4199
vn 0.0391 -0.9280 -0.3706
vn 0.0364 -0.9545 -0.2958
vn -0.9557 -0.2854 -0.0720
vn -0.9784 -0.2042 0.0329
vn -0.9246 -0.3772 -0.0541
vn 0.9543 -0.2989 0.0031
vn -0.1557 -0.9459 -0.2846
vn -0.0894 -0.8999 -0.4269
vn -0.0375 -0.9797 -0.1969
vn -0.1927 -0.9710 -0.1417
vn 0.0390 -0.9280 -0.3706
vn -1.0000 -0.0001 -0.0001
vn -0.9926 -0.1205 0.0175
vn -0.9789 -0.1529 0.1353
vn -0.9928 -0.0704 0.0972
vn 0.1945 -0.9495 -0.2462
vn 0.0859 -0.9790 -0.1846
vn 0.6344 -0.7514 -0.1816
vn 0.5656 -0.8235 -0.0439
vn 0.5002 -0.8437 -0.1950
vn -0.5972 -0.7937 -0.1155
vn -0.5972 -0.7938 -0.1155
vn -0.5571 -0.8295 0.0392
vn -0.6406 -0.7672 -0.0324
vn 0.8350 -0.5346 0.1301
vn 0.8362 -0.5475 -0.0325
vn 0.9246 -0.3656 0.1067
vn 0.8811 -0.4533 0.1346
vn 0.4685 -0.8821 -0.0478
vn 0.4755 -0.7956 -0.3753
vn 0.6299 -0.7755 -0.0425
vn 0.3485 -0.9299 -0.1179
vn 0.5001 -0.8437 -0.1950
vn 0.4685 -0.8822 -0.0478
vn 0.3907 -0.8794 -0.2722
vn 0.3916 -0.9187 0.0521
vn -0.4761 -0.8782 -0.0462
vn -0.5570 -0.8296 0.0392
vn -0.4741 -0.8543 -0.2132
vn -0.3856 -0.9216 -0.0447
vn -0.0335 -0.9947 -0.0970
vn 0.1648 -0.9816 -0.0963
vn 0.0818 -0.9966 -0.0011
vn -0.1852 -0.9827 -0.0060
vn 0.1973 -0.9792 0.0467
vn -0.8840 -0.4621 -0.0712
vn -0.9563 -0.2864 0.0586
vn -0.9241 -0.3704 0.0943
vn 0.3484 -0.9299 -0.1179
vn 0.3915 -0.9187 0.0521
vn 0.2909 -0.9557 0.0440
vn 0.2902 -0.9270 -0.2377
vn 0.2918 -0.9404 0.1748
vn 0.9922 -0.1175 0.0407
vn 0.9784 -0.1887 0.0849
vn 1.0000 0.0020 -0.0008
vn 0.9924 -0.0738 0.0989
vn -0.8330 -0.5526 0.0286
vn -0.8830 -0.4609 0.0890
vn -0.8822 -0.4147 0.2230
vn -0.8338 -0.5103 0.2106
vn 0.5256 -0.8464 0.0860
vn 0.4702 -0.8552 0.2180
vn 0.5641 -0.8000 0.2044
vn 0.6754 -0.7340 0.0711
vn 0.6329 -0.7506 0.1898
vn -0.7100 -0.6961 0.1067
vn -0.7773 -0.6113 0.1487
vn -0.7751 -0.6318 -0.0100
vn -0.7780 -0.5623 0.2802
vn -0.8329 -0.5527 0.0286
vn -0.7134 -0.6473 0.2686
vn -0.7098 -0.7033 -0.0390
vn 0.6755 -0.7340 0.0711
vn 0.7141 -0.6990 -0.0376
vn 0.7704 -0.6371 -0.0253
vn 0.7785 -0.6158 0.1215
vn 0.7116 -0.6789 0.1807
vn 0.7729 -0.5768 0.2644
vn 0.7107 -0.6369 0.2987
vn -0.6403 -0.7595 0.1150
vn -0.5573 -0.8056 0.2012
vn -0.6371 -0.7270 0.2561
vn -0.4723 -0.8718 0.1300
vn -0.3856 -0.9126 0.1359
vn 0.9570 -0.2613 0.1261
vn 0.8319 -0.4891 0.2622
vn -0.1875 -0.9710 0.1483
vn -0.2915 -0.9280 0.2321
vn -0.2933 -0.9550 0.0434
vn -0.1904 -0.9244 0.3306
vn -0.3831 -0.8704 0.3093
vn -0.2957 -0.8617 0.4123
vn -0.7099 -0.5756 0.4059
vn -0.7733 -0.4892 0.4033
vn -0.5570 -0.7501 0.3565
vn -0.6383 -0.6599 0.3964
vn -0.4746 -0.8301 0.2926
vn -0.4415 -0.7761 0.4502
vn -0.1901 -0.8457 0.4986
vn -0.4415 -0.7762 0.4502
vn 0.9246 -0.2933 0.2433
vn -0.0495 -0.9776 0.2046
vn 0.0488 -0.9561 0.2891
vn -0.0984 -0.9371 0.3348
vn 0.0507 -0.9220 0.3838
vn 0.0938 -0.9853 0.1429
vn -0.1901 -0.8458 0.4986
vn -0.0477 -0.8843 0.4644
vn 0.1895 -0.9519 0.2406
vn 0.2914 -0.8992 0.3263
vn 0.3886 -0.8949 0.2195
vn 0.1904 -0.8897 0.4151
vn 0.3856 -0.8343 0.3940
vn -0.8320 -0.4291 0.3517
vn -0.9265 -0.2993 0.2281
vn -0.8857 -0.3241 0.3325
vn -0.9551 -0.2359 0.1794
vn -0.9555 -0.1225 0.2684
vn -0.9788 -0.0494 0.1988
vn -0.9927 0.0188 0.1195
vn -0.0441 -0.8248 0.5637
vn 0.0963 -0.8542 0.5109
vn -0.9256 -0.1584 0.3438
vn 0.2915 -0.8203 0.4921
vn 0.1910 -0.7854 0.5887
vn 0.3814 -0.7477 0.5436
vn -0.5574 -0.6674 0.4938
vn -0.6717 -0.5479 0.4987
vn -0.7098 -0.5757 0.4059
vn 0.7757 -0.5052 0.3782
vn 0.8351 -0.3684 0.4086
vn 0.7710 -0.4324 0.4675
vn -0.3909 -0.7380 0.5501
vn -0.4984 -0.6325 0.5929
vn -0.5574 -0.6675 0.4938
vn 0.8837 -0.3755 0.2795
vn -0.2915 -0.7680 0.5702
vn -0.3216 -0.6461 0.6922
vn -0.1583 -0.7611 0.6291
vn 0.5991 -0.5493 0.5825
vn 0.5542 -0.6686 0.4958
vn 0.6406 -0.6183 0.4553
vn 0.4803 -0.7061 0.5203
vn 0.4284 -0.6366 0.6413
vn 0.4741 -0.7963 0.3758
vn 0.5582 -0.7504 0.3540
vn 0.6368 -0.6974 0.3289
vn 0.7740 -0.3273 0.5420
vn -0.3216 -0.6460 0.6922
vn -0.1972 -0.6507 0.7332
vn -0.2969 -0.4954 0.8163
vn -0.3822 -0.5517 0.7413
vn 0.8824 -0.2642 0.3892
vn 0.9255 -0.1770 0.3350
vn 0.9560 -0.1933 0.2205
vn 0.9778 -0.1397 0.1559
vn 0.9786 -0.0723 0.1928
vn 0.9551 -0.0606 0.2900
vn 0.0398 -0.7727 0.6335
vn -0.0859 -0.7115 0.6974
vn -0.1971 -0.6508 0.7332
vn 0.2920 -0.7054 0.6458
vn 0.4283 -0.6366 0.6413
vn 0.1904 -0.6661 0.7211
vn -0.8807 -0.2017 0.4286
vn -0.8342 -0.3087 0.4569
vn 0.3815 -0.7477 0.5436
vn 0.4740 -0.7963 0.3758
vn -0.0459 -0.6337 0.7722
vn 0.0441 -0.7111 0.7017
vn 0.0951 -0.5892 0.8024
vn -0.0470 -0.5519 0.8326
vn 0.2939 -0.5663 0.7700
vn 0.3806 -0.5452 0.7469
vn 0.1920 -0.5356 0.8224
vn -0.8350 -0.1320 0.5342
vn -0.8837 -0.0317 0.4670
vn 0.4798 -0.5178 0.7083
vn 0.3898 -0.3996 0.8297
vn 0.6120 -0.3949 0.6852
vn 0.5517 -0.4949 0.6713
vn 0.4770 -0.3792 0.7929
vn 0.5992 -0.5493 0.5825
vn 0.7080 -0.5650 0.4236
vn 0.7028 -0.4503 0.5507
vn 0.6121 -0.3949 0.6852
vn 0.7100 -0.2656 0.6522
vn 0.6413 -0.2485 0.7259
vn -0.5586 -0.4899 0.6693
vn -0.6366 -0.3992 0.6598
vn -0.6290 -0.5231 0.5752
vn -0.5818 -0.3358 0.7408
vn 0.7710 -0.4325 0.4675
vn 0.8338 -0.2119 0.5098
vn 0.7755 -0.1985 0.5994
vn 0.8351 -0.3683 0.4086
vn 0.8849 -0.1282 0.4477
vn 0.7049 -0.0728 0.7056
vn 0.8334 -0.0528 0.5501
vn 0.7735 -0.0611 0.6309
vn 0.9254 0.0164 0.3786
vn -0.1897 -0.4045 0.8946
vn -0.2932 -0.3231 0.8998
vn -0.1884 -0.2391 0.9525
vn -0.4455 -0.3975 0.8022
vn -0.1551 -0.5188 0.8407
vn 0.9784 0.0366 0.2034
vn 0.0383 -0.4744 0.8795
vn -0.1550 -0.5188 0.8407
vn -0.0534 -0.3843 0.9217
vn -0.1896 -0.4045 0.8946
vn 0.0523 -0.2947 0.9542
vn -0.0644 -0.2310 0.9708
vn 0.1926 -0.4173 0.8881
vn 0.0952 -0.5892 0.8024
vn 0.1000 -0.3731 0.9224
vn 0.1940 -0.2428 0.9505
vn 0.0524 -0.2947 0.9542
vn -0.7794 -0.2442 0.5770
vn -0.7058 -0.3009 0.6413
vn -0.7098 -0.1814 0.6807
vn -0.8342 -0.3087 0.4570
vn -0.7734 -0.3820 0.5058
vn -0.7759 -0.0869 0.6248
vn -0.6717 -0.5478 0.4987
vn -0.7132 -0.4192 0.5618
vn 0.5881 -0.1330 0.7978
vn 0.2838 -0.1423 0.9483
vn 0.3910 -0.1294 0.9112
vn 0.3334 0.0008 0.9428
vn 0.3435 -0.2780 0.8971
vn 0.2912 -0.4114 0.8637
vn -0.8311 0.0526 0.5536
vn -0.8835 0.1160 0.4538
vn -0.9265 0.0362 0.3746
vn -0.6724 -0.0733 0.7366
vn 0.5547 -0.2829 0.7825
vn 0.5588 0.0398 0.8283
vn 0.4768 -0.0774 0.8756
vn -0.5817 -0.3357 0.7408
vn -0.5269 -0.2234 0.8200
vn -0.6319 -0.1917 0.7510
vn -0.4456 -0.3975 0.8021
vn -0.5817 -0.3358 0.7409
vn -0.3894 -0.3042 0.8694
vn -0.5269 -0.2235 0.8200
vn -0.4756 -0.5232 0.7072
vn -0.3870 -0.1392 0.9115
vn -0.5140 -0.1132 0.8503
vn -0.2925 -0.1407 0.9458
vn -0.1870 -0.0481 0.9812
vn 0.0999 -0.3731 0.9224
vn -0.9552 0.0096 0.2957
vn -0.9793 0.0509 0.1961
vn 0.9925 0.0091 0.1222
vn 0.9924 0.0796 0.0935
vn 0.0921 -0.1798 0.9794
vn 0.1942 -0.0454 0.9799
vn 0.0922 -0.0554 0.9942
vn -0.4101 0.0312 0.9115
vn -0.3894 0.2127 0.8962
vn -0.5048 0.1429 0.8513
vn -0.5603 0.0310 0.8277
vn 0.8798 0.0240 0.4747
vn -0.2957 0.0478 0.9541
vn -0.1883 0.1452 0.9713
vn -0.2910 0.2224 0.9305
vn -0.9553 0.1409 0.2601
vn 0.1840 0.0916 0.9786
vn 0.4729 -0.2203 0.8531
vn -0.6319 0.0395 0.7741
vn -0.7142 0.0442 0.6985
vn -0.6723 -0.0733 0.7366
vn -0.6319 -0.1917 0.7509
vn -0.7058 -0.3009 0.6414
vn 0.2902 0.1441 0.9461
vn 0.3880 0.1428 0.9105
vn 0.1911 0.2354 0.9529
vn 0.3837 0.3116 0.8693
vn 0.2904 0.3282 0.8989
vn -0.8839 0.2409 0.4008
vn -0.9262 0.1915 0.3246
vn -0.8348 0.2070 0.5101
vn 0.4748 0.2133 0.8539
vn 0.4744 0.0384 0.8795
vn 0.3335 0.0008 0.9428
vn 0.6383 -0.0250 0.7694
vn 0.6396 0.1074 0.7612
vn 0.5562 0.2012 0.8063
vn -0.4722 0.3053 0.8269
vn -0.3305 0.3654 0.8702
vn -0.1877 0.3350 0.9233
vn 0.9557 0.0978 0.2776
vn 0.9790 0.1518 0.1358
vn 0.9249 0.1934 0.3272
vn -0.0494 0.0099 0.9987
vn 0.0496 0.0949 0.9943
vn -0.0955 0.1507 0.9840
vn 0.0391 0.1975 0.9795
vn -0.1878 0.3350 0.9233
vn 0.8323 0.1340 0.5378
vn 0.8862 0.1766 0.4283
vn 0.8841 0.3148 0.3453
vn -0.2903 0.4993 0.8163
vn -0.9788 0.1349 0.1543
vn -0.9237 0.2925 0.2474
vn -0.9556 0.2453 0.1635
vn 0.3825 0.4737 0.7933
vn 0.2884 0.4909 0.8221
vn 0.1483 0.3812 0.9125
vn -0.7919 0.3212 0.5193
vn -0.8373 0.3869 0.3862
vn 0.4727 0.3725 0.7986
vn 0.6387 0.2589 0.7246
vn 0.4744 0.0384 0.8794
vn 0.5586 0.3525 0.7508
vn -0.5613 0.2813 0.7783
vn -0.6387 0.3261 0.6970
vn -0.6304 0.1773 0.7557
vn -0.5854 0.4279 0.6887
vn -0.6318 0.0395 0.7741
vn -0.5049 0.1429 0.8513
vn 0.7133 0.1303 0.6887
vn 0.6383 -0.0251 0.7694
vn 0.7759 0.0750 0.6264
vn 0.7733 0.2223 0.5938
vn 0.7734 -0.0611 0.6309
vn 0.7106 0.2977 0.6375
vn -0.3306 0.3654 0.8702
vn 0.5038 0.5061 0.7001
vn -0.7919 0.3212 0.5194
vn -0.7732 0.1847 0.6067
vn -0.7098 0.3625 0.6040
vn -0.8311 0.0526 0.5537
vn 0.6315 0.4032 0.6623
vn 0.4748 0.2133 0.8538
vn 0.7783 0.3501 0.5213
vn 0.7094 0.4243 0.5628
vn -0.3881 0.4784 0.7877
vn -0.4724 0.5233 0.7092
vn -0.4769 0.4069 0.7791
vn -0.5565 0.5673 0.6071
vn -0.5853 0.4279 0.6887
vn -0.4120 0.6249 0.6632
vn 0.9266 0.3223 0.1936
vn 0.8799 0.4021 0.2533
vn 0.8367 0.2760 0.4730
vn 0.9559 0.2163 0.1988
vn 0.9564 0.2903 0.0310
vn -0.0629 0.3425 0.9374
vn 0.0374 0.4617 0.8862
vn -0.0971 0.5092 0.8551
vn 0.0390 0.2923 0.9555
vn 0.0495 0.5631 0.8249
vn -0.1908 0.6575 0.7289
vn -0.1899 0.5047 0.8421
vn -0.0466 0.6316 0.7739
vn 0.1913 0.5096 0.8389
vn 0.0961 0.6685 0.7375
vn -0.0625 0.7350 0.6751
vn -0.9258 0.3586 0.1198
vn -0.9779 0.1922 0.0822
vn -0.9564 0.2922 -0.0027
vn -0.8845 0.3451 0.3138
vn -0.8823 0.4241 0.2040
vn -0.8339 0.4735 0.2835
vn 0.6328 0.5191 0.5745
vn 0.5610 0.5581 0.6114
vn 0.4755 0.6512 0.5914
vn 0.6867 0.5465 0.4793
vn 0.5617 0.6625 0.4955
vn 0.4723 0.7557 0.4537
vn -0.6413 0.5195 0.5647
vn 0.7783 0.3501 0.5212
vn 0.8324 0.3989 0.3846
vn 0.7750 0.4685 0.4241
vn 0.7753 0.5376 0.3315
vn 0.5571 0.7494 0.3579
vn 0.4759 0.8296 0.2922
vn -0.7786 0.5225 0.3475
vn -0.8373 0.3869 0.3863
vn -0.7718 0.4312 0.4674
vn -0.7079 0.4764 0.5215
vn -0.7111 0.5856 0.3890
vn -0.7729 0.5956 0.2186
vn -0.8303 0.5332 0.1620
vn 0.6353 0.6641 0.3942
vn 0.7095 0.6073 0.3574
vn 0.7753 0.5376 0.3316
vn 0.6076 0.7526 0.2538
vn 0.7717 0.6020 0.2049
vn 0.7102 0.6616 0.2406
vn -0.4758 0.7071 0.5231
vn -0.3877 0.7384 0.5518
vn -0.3435 0.8256 0.4477
vn -0.4759 0.7937 0.3788
vn -0.5538 0.6645 0.5017
vn 0.8831 0.4510 0.1293
vn 0.0534 0.7693 0.6366
vn -0.0521 0.8326 0.5514
vn 0.0466 0.8784 0.4757
vn -0.0955 0.9018 0.4214
vn -0.1901 0.7909 0.5817
vn 0.1904 0.7879 0.5856
vn 0.1000 0.8319 0.5459
vn 0.1911 0.6591 0.7273
vn 0.1902 0.8885 0.4175
vn 0.0467 0.8784 0.4757
vn 0.9761 0.2118 -0.0476
vn 0.9571 0.2482 -0.1498
vn 0.9221 0.3845 0.0445
vn 0.9788 0.2006 0.0423
vn 0.0419 0.9269 0.3729
vn 0.0999 0.8319 0.5459
vn -0.1876 0.9520 0.2420
vn -0.1903 0.8857 0.4234
vn 0.9929 0.1177 0.0143
vn 0.9845 0.1475 -0.0954
vn 0.1905 0.9518 0.2403
vn 0.0453 0.9534 0.2982
vn 0.6075 0.7527 0.2538
vn 0.4729 0.8702 0.1379
vn -0.5608 0.7479 0.3553
vn -0.6128 0.7473 0.2569
vn -0.6404 0.6390 0.4261
vn -0.5570 0.8217 0.1205
vn -0.6355 0.7634 0.1156
vn -0.5539 0.6645 0.5016
vn 0.8330 0.4982 0.2405
vn 0.8354 0.5427 0.0869
vn 0.8330 0.4983 0.2405
vn -0.3876 0.7384 0.5518
vn -0.2885 0.7662 0.5741
vn -0.2859 0.9031 0.3204
vn -0.3903 0.8689 0.3045
vn -0.1904 0.8857 0.4234
vn -0.3253 0.9336 0.1501
vn -0.4730 0.8550 0.2127
vn -0.5607 0.7479 0.3553
vn -0.3799 0.9236 0.0504
vn -0.4755 0.8782 0.0518
vn -0.1907 0.9773 0.0927
vn -0.2978 0.9533 -0.0510
vn 0.0921 0.9794 0.1798
vn 0.1995 0.9784 0.0534
vn 0.0877 0.9948 0.0524
vn -0.9788 0.2044 -0.0145
vn -0.9257 0.3756 -0.0442
vn -0.9781 0.1812 -0.1024
vn -0.8829 0.4671 0.0477
vn -0.8322 0.5541 0.0185
vn -0.9929 0.0999 0.0639
vn -0.9924 0.1194 -0.0289
vn -0.9926 0.0708 -0.0985
vn 0.6272 0.7783 0.0296
vn 0.6723 0.7257 0.1462
vn 0.7160 0.6976 0.0274
vn 0.7727 0.6316 0.0642
vn 0.7785 0.6156 -0.1225
vn 0.6783 0.7316 -0.0686
vn 0.5609 0.8173 0.1315
vn 0.6722 0.7258 0.1462
vn 0.6271 0.7783 0.0296
vn 0.5120 0.8590 0.0002
vn -0.7081 0.6625 0.2443
vn -0.6713 0.7412 -0.0020
vn -0.7098 0.6950 0.1145
vn -0.5581 0.8288 -0.0410
vn -0.4339 0.8961 -0.0935
vn 0.8821 0.4702 -0.0299
vn 0.9254 0.3666 -0.0960
vn 0.8306 0.5535 -0.0606
vn -0.6334 0.7649 -0.1173
vn -0.5587 0.8051 -0.1993
vn -0.6340 0.7266 -0.2646
vn -0.3859 0.8949 -0.2240
vn -0.4748 0.8525 -0.2184
vn -0.0323 0.9943 -0.1017
vn -0.1876 0.9526 -0.2396
vn -0.1918 0.9801 -0.0504
vn 0.0894 0.9659 -0.2431
vn -0.0391 0.9824 -0.1824
vn -0.0363 0.9993 -0.0051
vn -0.1906 0.9773 0.0927
vn -0.0457 0.9935 0.1038
vn 0.1523 0.9839 -0.0933
vn 0.1981 0.9491 -0.2450
vn 0.0895 0.9659 -0.2431
vn 0.0947 0.9252 -0.3674
vn -0.8842 0.4565 -0.0990
vn -0.8359 0.5381 -0.1085
vn -0.8313 0.4942 -0.2543
vn -0.8860 0.3987 -0.2369
vn -0.9261 0.3257 -0.1906
vn -0.9559 0.2410 -0.1678
vn 0.4724 0.8704 -0.1386
vn 0.6069 0.7660 -0.2119
vn 0.4740 0.8301 -0.2936
vn 0.5633 0.8172 -0.1221
vn 0.6782 0.7317 -0.0686
vn 0.3850 0.9220 -0.0408
vn 0.3853 0.9127 0.1361
vn 0.4729 0.8703 0.1379
vn 0.3842 0.8952 -0.2257
vn 0.7087 0.6821 -0.1803
vn 0.7115 0.6359 -0.2990
vn 0.6352 0.6977 -0.3313
vn 0.1981 0.9491 -0.2449
vn 0.2919 0.9467 -0.1361
vn 0.2930 0.9018 -0.3176
vn 0.2921 0.9552 0.0473
vn 0.3849 0.9220 -0.0408
vn 0.3578 0.8341 -0.4198
vn 0.1924 0.8838 -0.4266
vn 0.4740 0.8301 -0.2937
vn -0.4993 0.7903 -0.3552
vn -0.6341 0.7266 -0.2646
vn -0.7165 0.6844 -0.1355
vn -0.7119 0.6370 -0.2957
vn 0.8346 0.4978 -0.2359
vn 0.7727 0.6315 0.0642
vn 0.7727 0.5742 -0.2706
vn 0.7746 0.4916 -0.3979
vn -0.3292 0.8732 -0.3594
vn -0.3955 0.7904 -0.4679
vn -0.4758 0.7025 -0.5293
vn -0.5552 0.7155 -0.4240
vn -0.2864 0.9306 -0.2278
vn -0.3291 0.8732 -0.3594
vn -0.1581 0.8971 -0.4125
vn -0.0430 0.9548 -0.2943
vn -0.0421 0.9240 -0.3800
vn -0.1580 0.8971 -0.4125
vn 0.8361 0.3899 -0.3860
vn -0.3421 0.7247 -0.5982
vn -0.4759 0.5917 -0.6507
vn -0.5546 0.5564 -0.6188
vn -0.6015 0.6149 -0.5100
vn 0.8834 0.4246 -0.1981
vn 0.9258 0.2903 -0.2423
vn 0.0409 0.8786 -0.4759
vn -0.0484 0.8353 -0.5477
vn -0.1928 0.8367 -0.5126
vn -0.1950 0.7601 -0.6199
vn -0.9784 0.1027 -0.1794
vn 0.2897 0.7710 -0.5671
vn 0.1912 0.7903 -0.5821
vn 0.3888 0.7452 -0.5418
vn 0.2963 0.6800 -0.6707
vn 0.4258 0.6398 -0.6398
vn 0.4762 0.7095 -0.5195
vn 0.5270 0.7596 -0.3811
vn 0.5271 0.7596 -0.3811
vn 0.5552 0.6685 -0.4947
vn 0.6400 0.6204 -0.4534
vn -0.6371 0.6654 -0.3889
vn -0.7092 0.5644 -0.4224
vn -0.8366 0.4037 -0.3703
vn -0.8838 0.2849 -0.3711
vn -0.8351 0.2793 -0.4738
vn -0.8821 0.1189 -0.4559
vn -0.9229 0.2151 -0.3194
vn 0.4259 0.6398 -0.6398
vn 0.5863 0.5740 -0.5716
vn 0.4808 0.5213 -0.7050
vn -0.6424 0.5093 -0.5726
vn -0.7103 0.4704 -0.5236
vn -0.3420 0.7247 -0.5982
vn -0.1951 0.7601 -0.6199
vn -0.2938 0.6377 -0.7120
vn -0.3898 0.6136 -0.6867
vn -0.2884 0.8203 -0.4938
vn 0.0446 0.7090 -0.7038
vn -0.0482 0.7712 -0.6347
vn 0.0983 0.7989 -0.5933
vn -0.0922 0.7010 -0.7072
vn 0.8361 0.3898 -0.3860
vn 0.8820 0.3500 -0.3155
vn 0.8836 0.2329 -0.4062
vn 0.8346 0.4978 -0.2358
vn 0.8347 0.2516 -0.4900
vn -0.0903 0.5874 -0.8042
vn -0.1962 0.6616 -0.7237
vn 0.0445 0.6326 -0.7732
vn -0.1909 0.5453 -0.8162
vn -0.9554 0.1253 -0.2673
vn 0.1857 0.6622 -0.7259
vn 0.2956 0.5637 -0.7712
vn 0.3818 0.5433 -0.7477
vn 0.1878 0.5083 -0.8405
vn 0.4808 0.5213 -0.7051
vn 0.5524 0.4925 -0.6725
vn 0.4450 0.3976 -0.8025
vn 0.6385 0.4535 -0.6219
vn 0.7067 0.4789 -0.5208
vn 0.7770 0.3775 -0.5037
vn 0.7051 0.5720 -0.4191
vn 0.7091 0.3612 -0.6056
vn 0.2959 0.4121 -0.8617
vn 0.1850 0.3699 -0.9105
vn 0.4449 0.3976 -0.8025
vn 0.3528 0.2961 -0.8876
vn -0.8381 0.0029 -0.5455
vn -0.8833 -0.0700 -0.4635
vn -0.5515 0.4312 -0.7141
vn -0.5863 0.3084 -0.7491
vn -0.6373 0.4076 -0.6540
vn -0.5587 0.1972 -0.8055
vn -0.6392 0.1829 -0.7469
vn 0.7748 0.2614 -0.5756
vn 0.6830 0.2338 -0.6920
vn -0.3830 0.4781 -0.7904
vn -0.4158 0.3218 -0.8506
vn -0.4764 0.4523 -0.7540
vn -0.4718 0.2152 -0.8551
vn -0.1897 0.4163 -0.8892
vn -0.2959 0.3210 -0.8997
vn -0.2949 0.4941 -0.8179
vn -0.1879 0.2383 -0.9529
vn -0.1910 0.5453 -0.8162
vn -0.0479 0.2970 -0.9537
vn -0.0926 0.4284 -0.8988
vn 0.0518 0.3784 -0.9242
vn 0.3903 0.1380 -0.9103
vn 0.1924 0.2387 -0.9519
vn 0.4740 0.2176 -0.8532
vn -0.8351 0.2793 -0.4739
vn -0.7702 0.2980 -0.5639
vn -0.7741 0.4215 -0.4723
vn 0.5580 0.2066 -0.8037
vn 0.6829 0.2338 -0.6920
vn 0.6341 0.3305 -0.6990
vn 0.4741 0.2176 -0.8532
vn 0.7113 0.0983 -0.6960
vn 0.6357 0.1126 -0.7636
vn 0.4721 0.0372 -0.8807
vn -0.7140 0.1800 -0.6766
vn -0.6393 0.1829 -0.7469
vn -0.7066 0.3303 -0.6259
vn 0.7132 -0.0354 -0.7001
vn -0.4729 -0.0438 -0.8800
vn -0.3863 -0.0440 -0.9213
vn -0.5587 0.1973 -0.8056
vn 0.6723 0.6916 0.2641
vn 0.6440 0.7157 0.2702
vn 0.6238 0.7383 0.2567
vn 0.7063 0.6543 0.2701
vn 0.5894 0.7709 0.2414
vn 0.5089 0.8536 0.1112
vn 0.4915 0.8665 0.0873
vn 0.4947 0.8687 0.0269
vn 0.4950 0.8689 0.0034
vn 0.4846 0.8718 -0.0716
vn 0.4853 0.8738 -0.0298
vn 0.5279 0.8364 -0.1473
vn 0.5521 0.8080 -0.2059
vn 0.5400 0.8155 -0.2083
vn 0.5214 0.8429 -0.1328
vn 0.4972 0.8614 -0.1034
vn 0.5920 0.7754 -0.2198
vn 0.6176 0.7431 -0.2577
vn 0.6080 0.7474 -0.2679
vn 0.6550 0.7089 -0.2617
vn 0.6777 0.6820 -0.2749
vn 0.7021 0.6595 -0.2686
vn 0.7318 0.6248 -0.2721
vn -0.6764 -0.7076 -0.2045
vn -0.6516 -0.7318 -0.1998
vn -0.6935 -0.6910 -0.2039
vn -0.6361 -0.7479 -0.1901
vn -0.6170 -0.7678 -0.1725
vn -0.6066 -0.7780 -0.1635
vn 0.7559 0.6047 -0.2509
vn 0.7827 0.5746 -0.2393
vn 0.8004 0.5617 -0.2093
vn 0.8284 0.5277 -0.1879
vn 0.8735 0.4868 0.0019
vn 0.8670 0.4957 -0.0504
vn 0.8751 0.4825 0.0369
vn 0.8656 0.4953 0.0739
vn 0.8527 0.5109 0.1096
vn 0.8518 0.5116 0.1128
vn -0.5539 -0.8304 0.0604
vn -0.5605 -0.8238 0.0850
vn -0.5462 -0.8372 0.0268
vn -0.5664 -0.8173 0.1064
vn -0.5814 -0.8032 0.1293
vn 0.8393 0.5198 0.1594
vn 0.8290 0.5313 0.1746
vn 0.8048 0.5607 0.1947
vn 0.7765 0.5844 0.2355
vn 0.7830 0.5724 0.2435
vn -0.5940 -0.7912 0.1458
vn -0.6268 -0.7576 0.1821
vn -0.6201 -0.7646 0.1757
vn 0.7433 0.6240 0.2409
vn 0.7091 0.6463 0.2820
vn -0.6904 -0.6936 0.2056
vn -0.6719 -0.7122 0.2033
vn -0.6526 -0.7322 0.1951
vn -0.7200 -0.6658 0.1957
vn -0.4821 -0.7832 -0.3926
vn -0.4125 -0.8187 -0.3994
vn -0.5071 -0.7521 -0.4210
vn -0.4172 -0.8427 -0.3404
vn -0.3755 -0.8702 -0.3191
vn -0.3660 -0.8852 -0.2873
vn -0.3360 -0.9133 -0.2300
vn -0.3447 -0.9072 -0.2413
vn -0.3320 -0.9353 -0.1225
vn -0.2782 -0.9589 -0.0559
vn -0.3229 -0.9303 -0.1738
vn -0.3030 -0.9529 -0.0097
vn -0.3238 -0.9353 0.1430
vn -0.2927 -0.9515 0.0950
vn -0.3121 -0.9491 0.0424
vn -0.3870 -0.8759 0.2880
vn -0.3783 -0.8530 0.3596
vn -0.3532 -0.8987 0.2600
vn -0.3337 -0.9230 0.1916
vn -0.3334 -0.9195 0.2081
vn -0.4354 -0.8245 0.3615
vn -0.4498 -0.7959 0.4053
vn -0.4769 -0.7742 0.4162
vn -0.5134 -0.7384 0.4371
vn -0.6075 -0.6598 0.4423
vn -0.6462 -0.5924 0.4811
vn -0.5653 -0.6879 0.4552
vn -0.6848 -0.5746 0.4482
vn -0.8345 -0.4309 0.3435
vn -0.8699 -0.3613 0.3357
vn -0.8078 -0.4514 0.3791
vn -0.7826 -0.4633 0.4158
vn -0.7489 -0.4922 0.4437
vn -0.8856 -0.3743 0.2751
vn -0.9094 -0.3362 0.2447
vn -0.9198 -0.3313 0.2102
vn -0.9330 -0.3227 0.1595
vn -0.8266 -0.4484 -0.3401
vn -0.7861 -0.4490 -0.4249
vn -0.8647 -0.3659 -0.3442
vn -0.7592 -0.4888 -0.4299
vn -0.7034 -0.5530 -0.4466
vn 0.6892 0.6665 -0.2841
vn 0.7382 0.6148 -0.2777
vn 0.7013 0.6545 -0.2825
vn 0.6661 0.6898 -0.2836
vn 0.6469 0.7076 -0.2844
vn 0.7255 0.6288 -0.2796
vn 0.6274 0.7281 -0.2761
vn 0.6082 0.7462 -0.2706
vn 0.5891 0.7660 -0.2573
vn 0.5687 0.7838 -0.2494
vn 0.5513 0.8051 -0.2188
vn 0.5391 0.8168 -0.2054
vn 0.5153 0.8389 -0.1754
vn 0.6584 0.6958 0.2872
vn 0.6973 0.6600 0.2796
vn 0.7118 0.6444 0.2794
vn 0.6464 0.7099 0.2796
vn 0.7421 0.6127 0.2717
vn 0.7807 0.5744 0.2462
vn 0.7445 0.6106 0.2700
vn 0.7705 0.5841 0.2553
vn 0.8001 0.5554 0.2267
vn 0.8162 0.5370 0.2132
vn 0.8310 0.5264 0.1799
vn 0.8489 0.5040 0.1595
vn 0.8565 0.5011 0.1241
vn 0.8810 0.4720 -0.0312
vn 0.8676 0.4914 -0.0767
vn 0.8658 0.4875 -0.1129
vn 0.8816 0.4718 -0.0115
vn 0.8755 0.4815 0.0401
vn 0.8758 0.4812 0.0367
vn 0.8504 0.5071 -0.1400
vn 0.0395 0.6790 0.7331
vn -0.0063 0.6943 0.7196
vn -0.0221 0.7012 0.7126
vn 0.0827 0.6575 0.7489
vn 0.0610 0.6729 0.7372
vn -0.0643 0.7292 0.6813
vn -0.0606 0.7273 0.6836
vn -0.1432 0.7860 0.6014
vn -0.1102 0.7614 0.6389
vn -0.1125 0.7636 0.6358
vn -0.1529 0.7991 0.5814
vn -0.1666 0.8194 0.5485
vn -0.1820 0.8370 0.5160
vn -0.1861 0.8553 0.4835
vn -0.1928 0.8737 0.4466
vn -0.1898 0.8906 0.4133
vn -0.1886 0.9076 0.3752
vn -0.1784 0.9225 0.3424
vn -0.1693 0.9374 0.3045
vn -0.1525 0.9498 0.2733
vn -0.1338 0.9623 0.2367
vn -0.1074 0.9712 0.2126
vn -0.0747 0.9832 0.1664
vn -0.0844 0.9840 0.1571
vn 0.1405 0.9891 0.0442
vn 0.1883 0.9816 0.0331
vn 0.2063 0.9780 0.0301
vn 0.1188 0.9917 0.0495
vn 0.0701 0.9954 0.0660
vn 0.0663 0.9955 0.0684
vn 0.2622 0.9643 0.0367
vn 0.2580 0.9654 0.0366
vn 0.3098 0.9502 0.0341
vn 0.3334 0.9419 0.0407
vn 0.3680 0.9283 0.0540
vn 0.4066 0.9112 0.0666
vn 0.4238 0.9029 0.0723
vn 0.4667 0.8781 0.1052
vn 0.4631 0.8803 0.1030
vn 0.0778 -0.8901 -0.4491
vn 0.0702 -0.8738 -0.4811
vn 0.0705 -0.8674 -0.4927
vn 0.0767 -0.9006 -0.4279
vn 0.0610 -0.8491 -0.5247
vn 0.0749 -0.9152 -0.3960
vn 0.0609 -0.9366 -0.3451
vn 0.0704 -0.9208 -0.3836
vn 0.0604 -0.9369 -0.3442
vn 0.5499 0.6502 0.5242
vn 0.5364 0.6442 0.5453
vn 0.5130 0.6349 0.5777
vn 0.5667 0.6706 0.4787
vn 0.5651 0.6693 0.4824
vn 0.4909 0.6230 0.6090
vn 0.4634 0.6190 0.6341
vn 0.4334 0.6115 0.6621
vn 0.4023 0.6123 0.6806
vn 0.3632 0.6100 0.7043
vn 0.3462 0.6081 0.7144
vn 0.2902 0.6151 0.7331
vn 0.2946 0.6150 0.7314
vn -0.0750 -0.3886 -0.9183
vn -0.1255 -0.3202 -0.9390
vn -0.2009 -0.3437 -0.9173
vn 0.0042 -0.3558 -0.9346
vn 0.0520 -0.4198 -0.9061
vn 0.1734 -0.4453 -0.8785
vn 0.1090 -0.4241 -0.8990
vn 0.1922 -0.4572 -0.8684
vn 0.4751 -0.7744 -0.4179
vn 0.4979 -0.7269 -0.4731
vn 0.4787 -0.7126 -0.5128
vn 0.5288 -0.7743 -0.3478
vn 0.4482 -0.6683 -0.5937
vn 0.4521 -0.6820 -0.5748
vn 0.4781 -0.8252 -0.3006
vn 0.4768 -0.8426 -0.2504
vn 0.4864 -0.8483 -0.2090
vn 0.3107 -0.9503 0.0217
vn 0.2967 -0.9493 0.1036
vn 0.3815 -0.9244 0.0001
vn 0.4030 -0.9145 -0.0352
vn 0.4074 -0.9096 -0.0816
vn 0.4222 -0.8990 -0.1166
vn 0.2459 -0.9611 0.1259
vn -0.6538 -0.3512 -0.6703
vn -0.6211 -0.2987 -0.7246
vn -0.6866 -0.3492 -0.6377
vn -0.7407 -0.3721 -0.5594
vn -0.5543 -0.3395 -0.7599
vn -0.5148 -0.3183 -0.7960
vn -0.4561 -0.3092 -0.8345
vn -0.2431 -0.3251 -0.9139
vn -0.3368 -0.3123 -0.8883
vn 0.0501 0.9972 0.0553
vn 0.0245 0.9973 0.0691
vn -0.0159 0.9963 0.0847
vn 0.1018 0.9943 0.0323
vn 0.0959 0.9948 0.0337
vn -0.0435 0.9922 0.1165
vn -0.0783 0.9876 0.1362
vn -0.1020 0.9799 0.1717
vn -0.1331 0.9718 0.1945
vn -0.1530 0.9598 0.2355
vn -0.1632 0.9531 0.2550
vn -0.1922 0.9334 0.3030
vn -0.1904 0.9354 0.2979
vn -0.1988 0.9156 0.3494
vn -0.2030 0.9042 0.3757
vn -0.2140 0.8852 0.4131
vn -0.2023 0.8702 0.4492
vn -0.2038 0.8499 0.4859
vn -0.2030 0.8378 0.5068
vn -0.1854 0.8260 0.5322
vn 0.4813 0.6107 0.6288
vn 0.4985 0.6157 0.6103
vn 0.5287 0.6220 0.5776
vn 0.5410 0.6285 0.5589
vn 0.5628 0.6496 0.5112
vn 0.5954 0.6701 0.4432
vn 0.5993 0.6923 0.4020
vn 0.6101 0.7029 0.3657
vn 0.5888 0.6604 0.4660
vn 0.5602 0.6481 0.5159
vn 0.6020 0.7262 0.3320
vn 0.6004 0.7439 0.2934
vn 0.5967 0.7550 0.2717
vn 0.5818 0.7818 0.2241
vn 0.4317 0.9001 0.0585
vn 0.4075 0.9120 0.0475
vn 0.3748 0.9268 0.0249
vn 0.3319 0.9431 0.0215
vn 0.3104 0.9504 0.0180
vn 0.2535 0.9673 0.0094
vn 0.2590 0.9658 0.0090
vn -0.7100 -0.1048 -0.6964
vn -0.3881 -0.2216 -0.8946
vn -0.4723 -0.2135 -0.8552
vn -0.0972 -0.0089 -0.9952
vn -0.1893 0.0497 -0.9807
vn 0.1878 0.0438 -0.9812
vn 0.1886 -0.3313 -0.9245
vn 0.2955 -0.4876 -0.8215
vn 0.1882 -0.5050 -0.8424
vn -0.0927 -0.5124 -0.8537
vn 0.7162 -0.5111 -0.4753
vn 0.0411 -0.4632 -0.8853
vn 0.3789 -0.5463 -0.7470
vn 0.2915 -0.6457 -0.7057
vn 0.7726 -0.4914 -0.4019
vn -0.6382 -0.6558 -0.4032
vn 0.8358 -0.4965 -0.2344
vn 0.2920 -0.7687 -0.5690
vn 0.2894 -0.8649 -0.4102
vn -0.6386 -0.7250 -0.2578
vn -0.4713 -0.7968 -0.3782
vn 0.1946 -0.9495 -0.2462
vn 0.3906 -0.8794 -0.2722
vn 0.6345 -0.7513 -0.1816
vn 0.7091 -0.6842 -0.1705
vn 0.7797 -0.6075 -0.1516
vn -0.6406 -0.7672 -0.0325
vn 0.7798 -0.6074 -0.1516
vn -0.3856 -0.8951 -0.2237
vn -0.0384 -0.9993 -0.0022
vn -0.0420 -0.9946 0.0947
vn 0.0489 -0.9561 0.2891
vn 0.1903 -0.8897 0.4150
vn 0.0964 -0.8542 0.5109
vn 0.6407 -0.6183 0.4553
vn 0.0399 -0.7727 0.6335
vn 0.1903 -0.6661 0.7211
vn 0.0442 -0.7111 0.7017
vn 0.1927 -0.4173 0.8881
vn -0.6290 -0.5230 0.5751
vn -0.7131 -0.4192 0.5619
vn -0.5818 -0.3357 0.7408
vn 0.0920 -0.1798 0.9794
vn -0.0441 -0.1081 0.9932
vn -0.1869 -0.0481 0.9812
vn 0.1841 0.0916 0.9786
vn 0.0496 0.0948 0.9943
vn 0.3910 -0.1293 0.9112
vn -0.7748 0.0285 0.6316
vn -0.7143 0.0442 0.6985
vn -0.7083 0.2043 0.6757
vn -0.5141 -0.1132 0.8502
vn 0.6397 0.1073 0.7611
vn -0.6387 0.3261 0.6969
vn 0.1910 0.2354 0.9529
vn 0.0497 0.0949 0.9942
vn 0.0391 0.2922 0.9555
vn -0.7097 0.3625 0.6040
vn -0.5854 0.4279 0.6886
vn -0.6413 0.5194 0.5647
vn -0.3880 0.4784 0.7877
vn -0.4119 0.6249 0.6632
vn -0.2957 0.6409 0.7084
vn 0.3898 0.5815 0.7141
vn 0.2900 0.6411 0.7106
vn -0.1902 0.7909 0.5817
vn 0.3885 0.6839 0.6176
vn 0.2914 0.7686 0.5695
vn 0.4755 0.6512 0.5915
vn 0.3856 0.7911 0.4748
vn 0.3856 0.8686 0.3113
vn 0.1903 0.8885 0.4175
vn 0.2914 0.8650 0.4086
vn -0.0608 0.9694 0.2380
vn 0.2914 0.9281 0.2320
vn 0.4758 0.8296 0.2922
vn -0.7099 0.6950 0.1145
vn -0.7717 0.6337 0.0549
vn -0.3435 0.8256 0.4476
vn 0.0920 0.9794 0.1798
vn -0.6714 0.7411 -0.0020
vn -0.8322 0.5542 0.0185
vn -0.7770 0.6181 -0.1191
vn -0.7165 0.6843 -0.1354
vn -0.7735 0.5770 -0.2620
vn 0.1923 0.8838 -0.4266
vn 0.0984 0.7989 -0.5933
vn 0.0410 0.8786 -0.4759
vn -0.7737 0.5093 -0.3769
vn -0.7093 0.5644 -0.4223
vn -0.8366 0.4037 -0.3704
vn -0.7066 0.3303 -0.6258
vn 0.0447 0.7090 -0.7038
vn 0.0401 0.5542 -0.8314
vn 0.7771 0.3775 -0.5037
vn 0.5567 0.3521 -0.7524
vn 0.6341 0.3306 -0.6990
vn 0.0386 0.4747 -0.8793
vn 0.0387 0.4747 -0.8793
vn -0.0454 0.1065 -0.9933
vn -0.7503 -0.6334 0.1892
vn -0.7598 -0.6250 0.1793
vn -0.7201 -0.6658 0.1956
vn -0.7775 -0.6083 0.1597
vn 0.5602 0.8030 0.2037
vn 0.5789 0.7832 0.2268
vn 0.5334 0.8261 0.1818
vn 0.5247 0.8383 0.1483
vn -0.8005 -0.5817 0.1443
vn -0.7998 -0.5853 0.1331
vn -0.8128 -0.5738 0.1008
vn -0.8290 -0.5552 0.0662
vn -0.8319 -0.5502 0.0722
vn -0.8348 -0.5502 0.0186
vn -0.8350 -0.5503 0.0035
vn -0.8338 -0.5496 -0.0518
vn -0.8375 -0.5454 -0.0341
vn -0.8233 -0.5611 -0.0857
vn -0.8139 -0.5714 -0.1052
vn -0.8074 -0.5773 -0.1215
vn 0.8538 0.5083 -0.1125
vn 0.8670 0.4958 -0.0507
vn 0.8527 0.5096 -0.1152
vn 0.8394 0.5200 -0.1583
vn -0.7932 -0.5890 -0.1547
vn -0.7867 -0.5981 -0.1529
vn -0.7645 -0.6220 -0.1690
vn -0.7393 -0.6456 -0.1911
vn -0.7435 -0.6387 -0.1982
vn -0.7133 -0.6717 -0.2001
vn -0.5837 -0.8006 -0.1357
vn -0.5817 -0.8005 -0.1443
vn -0.5693 -0.8153 -0.1058
vn -0.5554 -0.8287 -0.0697
vn -0.5632 -0.8219 -0.0857
vn -0.5500 -0.8347 -0.0269
vn -0.5520 -0.8330 -0.0373
vn -0.5470 -0.8371 0.0046
vn -0.5237 -0.7221 -0.4519
vn -0.5541 -0.6849 -0.4732
vn -0.6409 -0.6196 -0.4532
vn -0.6059 -0.6531 -0.4542
vn -0.5215 -0.7279 0.4452
vn -0.7155 -0.5528 0.4272
vn -0.9367 -0.3179 0.1464
vn -0.9504 -0.3018 0.0748
vn -0.9520 -0.3003 0.0599
vn -0.9513 -0.3066 -0.0323
vn -0.9526 -0.3037 -0.0172
vn -0.9484 -0.3005 -0.1014
vn -0.9451 -0.2928 -0.1452
vn -0.9173 -0.3497 -0.1905
vn -0.7142 -0.5437 -0.4408
vn -0.6505 -0.6076 -0.4556
vn -0.9093 -0.3344 -0.2475
vn -0.8831 -0.3829 -0.2712
vn 0.4961 0.8592 -0.1249
vn 0.5139 0.8404 -0.1722
vn 0.4949 0.8604 -0.1215
vn 0.4824 0.8730 -0.0724
vn 0.4817 0.8736 -0.0687
vn 0.4789 0.8777 -0.0158
vn 0.4791 0.8777 -0.0118
vn 0.4770 0.8771 0.0562
vn 0.4760 0.8788 0.0327
vn 0.4923 0.8657 0.0903
vn 0.5180 0.8382 0.1708
vn 0.4959 0.8598 0.1220
vn 0.4994 0.8551 0.1391
vn 0.5191 0.8368 0.1741
vn 0.5527 0.8043 0.2183
vn 0.5528 0.8042 0.2184
vn 0.5828 0.7724 0.2522
vn 0.5999 0.7553 0.2639
vn 0.6265 0.7319 0.2679
vn 0.8675 0.4882 0.0956
vn 0.8725 0.4821 0.0795
vn 0.8124 0.5426 -0.2133
vn 0.8325 0.5221 -0.1855
vn 0.8107 0.5441 -0.2161
vn 0.8394 0.5162 -0.1698
vn 0.7848 0.5714 -0.2399
vn 0.7715 0.5857 -0.2483
vn 0.1534 0.6353 0.7568
vn 0.2198 0.6251 0.7489
vn 0.2148 0.6263 0.7494
vn 0.1237 0.6423 0.7564
vn -0.2798 -0.9491 -0.1445
vn -0.3181 -0.9351 -0.1560
vn -0.2651 -0.9532 -0.1452
vn -0.3182 -0.9351 -0.1560
vn -0.3610 -0.9168 -0.1705
vn -0.2249 -0.9634 -0.1461
vn -0.1976 -0.9687 -0.1504
vn -0.1419 -0.9765 -0.1621
vn -0.1789 -0.9725 -0.1493
vn -0.4018 -0.8943 -0.1970
vn -0.4022 -0.8940 -0.1975
vn -0.3602 -0.9172 -0.1702
vn -0.4305 -0.8758 -0.2184
vn -0.4388 -0.8682 -0.2316
vn -0.4565 -0.8540 -0.2495
vn -0.4690 -0.8398 -0.2735
vn -0.4809 -0.8267 -0.2921
vn -0.4765 -0.7406 -0.4739
vn -0.4918 -0.7601 -0.4246
vn -0.4767 -0.7408 -0.4732
vn -0.4646 -0.7257 -0.5074
vn -0.4921 -0.7534 -0.4360
vn -0.4949 -0.7991 -0.3412
vn -0.4875 -0.8122 -0.3203
vn -0.4972 -0.7739 -0.3922
vn -0.4954 -0.7856 -0.3706
vn -0.4526 -0.7230 -0.5219
vn -0.4385 -0.7148 -0.5448
vn -0.4019 -0.7010 -0.5891
vn -0.3595 -0.6982 -0.6190
vn -0.4117 -0.7052 -0.5772
vn -0.3586 -0.6985 -0.6193
vn -0.3098 -0.6954 -0.6484
vn 0.0203 0.9958 0.0890
vn -0.0289 0.9905 0.1345
vn -0.0010 0.9944 0.1061
vn -0.3091 -0.6954 -0.6487
vn -0.2560 -0.7004 -0.6663
vn -0.2687 -0.6998 -0.6618
vn -0.2071 -0.7078 -0.6754
vn -0.2185 -0.7069 -0.6727
vn -0.1661 -0.7209 -0.6728
vn -0.1668 -0.7208 -0.6728
vn -0.1286 -0.7293 -0.6720
vn -0.1137 -0.7368 -0.6665
vn -0.0865 -0.7452 -0.6612
vn 0.5138 0.8447 0.1497
vn -0.0387 -0.7668 -0.6407
vn -0.0612 -0.7579 -0.6495
vn 0.0033 -0.7924 -0.6100
vn -0.0165 -0.7821 -0.6229
vn 0.5165 0.8425 0.1533
vn 0.5520 0.8109 0.1940
vn 0.0209 -0.8094 -0.5868
vn 0.0356 -0.8207 -0.5702
vn 0.5646 0.7960 0.2180
vn 0.5826 0.7553 0.3002
vn 0.5746 0.7767 0.2580
vn 0.0541 -0.8421 -0.5367
vn 0.5838 0.7528 0.3041
vn 0.5915 0.7165 0.3698
vn 0.5920 0.7183 0.3655
vn 0.5843 0.6912 0.4253
vn 0.5845 0.6911 0.4252
vn 0.0345 -0.9537 -0.2988
vn 0.0342 -0.9538 -0.2983
vn 0.0140 -0.9640 -0.2656
vn 0.0009 -0.9670 -0.2547
vn -0.0167 -0.9721 -0.2338
vn -0.0909 -0.9790 -0.1824
vn -0.0901 -0.9789 -0.1833
vn -0.1411 -0.9766 -0.1621
vn -0.0516 -0.9778 -0.2029
vn -0.0431 -0.9761 -0.2130
vn 0.2720 -0.5030 -0.8204
vn 0.2889 -0.5117 -0.8091
vn 0.3559 -0.5526 -0.7536
vn 0.4172 -0.6120 -0.6719
vn 0.4072 -0.6006 -0.6881
vn 0.4822 -0.8616 -0.1582
vn 0.1812 -0.9701 0.1617
vn 0.1629 -0.9707 0.1766
vn 0.0490 -0.9692 0.2412
vn 0.0715 -0.9702 0.2315
vn -0.0508 -0.9585 0.2805
vn -0.0735 -0.9546 0.2887
vn -0.1435 -0.9449 0.2943
vn -0.1994 -0.9384 0.2823
vn -0.3283 -0.9004 0.2855
vn -0.2610 -0.9062 0.3327
vn -0.4592 -0.8472 0.2674
vn -0.5657 -0.7983 0.2065
vn -0.5466 -0.8086 0.2177
vn -0.3706 -0.8823 0.2901
vn -0.4392 -0.8542 0.2784
vn -0.6601 -0.7392 0.1338
vn -0.6440 -0.7504 0.1486
vn -0.7352 -0.6764 0.0440
vn -0.7230 -0.6881 0.0617
vn -0.7767 -0.6288 -0.0372
vn -0.7834 -0.6189 -0.0566
vn -0.8056 -0.5766 -0.1361
vn -0.8056 -0.5766 -0.1362
vn -0.8187 -0.5319 -0.2165
vn -0.8173 -0.4739 -0.3278
vn -0.8206 -0.5205 -0.2361
vn -0.7883 -0.4228 -0.4470
vn -0.8138 -0.4640 -0.3499
vn -0.7803 -0.4143 -0.4685
vn -0.7311 -0.3617 -0.5785
vn -0.4342 -0.3116 -0.8452
vn -0.3148 -0.3101 -0.8971
vn 0.1807 0.9834 0.0174
vn 0.1748 0.9844 0.0183
vn -0.1826 0.8147 0.5504
vn 0.0226 0.6607 0.7503
vn -0.0210 0.6863 0.7270
vn 0.0176 0.6628 0.7486
vn -0.0807 0.7132 0.6963
vn -0.0438 0.6988 0.7139
vn 0.0740 0.6471 0.7588
vn -0.1748 0.7896 0.5882
vn -0.1488 0.7751 0.6141
vn -0.1323 0.7514 0.6464
vn -0.1020 0.7368 0.6684
vn 0.0953 0.6395 0.7629
vn 0.2066 0.6112 0.7640
vn 0.1364 0.6209 0.7719
vn 0.1783 0.6178 0.7658
vn 0.2556 0.6006 0.7576
vn 0.2615 0.6002 0.7559
vn 0.3371 0.5928 0.7314
vn 0.3318 0.5934 0.7333
vn 0.3847 0.5956 0.7052
vn 0.4030 0.5971 0.6936
vn 0.4465 0.5954 0.6679
vn 0.4650 0.5976 0.6532
vn 0.5827 0.7797 0.2293
vn 0.5620 0.8066 0.1833
vn 0.5512 0.8173 0.1676
vn 0.4733 0.8767 0.0855
vn 0.5112 0.8518 0.1147
vn 0.4697 0.8791 0.0816
vn 0.5270 0.8400 0.1291
vt 0.014516 0.924569
vt 0.014245 0.924565
vt 0.014511 0.924559
vt 0.014522 0.924559
vt 0.014224 0.924557
vt 0.014537 0.924549
vt 0.014532 0.924561
vt 0.014521 0.924547
vt 0.014771 0.924528
vt 0.014760 0.924531
vt 0.014765 0.924519
vt 0.014753 0.924517
vt 0.014776 0.924536
vt 0.014765 0.924545
vt 0.014743 0.924522
vt 0.014758 0.924505
vt 0.109544 0.924544
vt 0.109557 0.924546
vt 0.109548 0.924555
vt 0.109556 0.924534
vt 0.109888 0.924563
vt 0.014780 0.924504
vt 0.014773 0.924489
vt 0.014784 0.924490
vt 0.014906 0.924358
vt 0.015013 0.924208
vt 0.015013 0.924223
vt 0.015002 0.924224
vt 0.078497 0.920442
vt 0.078610 0.920336
vt 0.078595 0.920348
vt 0.078624 0.920333
vt 0.078587 0.920341
vt 0.078626 0.920342
vt 0.078613 0.920345
vt 0.078587 0.920365
vt 0.078577 0.920362
vt 0.078581 0.920335
vt 0.078468 0.920465
vt 0.109517 0.924511
vt 0.109530 0.924515
vt 0.110008 0.924556
vt 0.109531 0.924500
vt 0.110013 0.924546
vt 0.109536 0.924523
vt 0.109991 0.924540
vt 0.110000 0.924539
vt 0.078602 0.920357
vt 0.078608 0.920367
vt 0.078598 0.920374
vt 0.078611 0.920360
vt 0.078617 0.920354
vt 0.078626 0.920351
vt 0.078629 0.920359
vt 0.078620 0.920362
vt 0.048027 0.923005
vt 0.048031 0.923013
vt 0.047510 0.922961
vt 0.048030 0.922990
vt 0.048042 0.923005
vt 0.048014 0.922978
vt 0.048024 0.922969
vt 0.110070 0.924547
vt 0.110067 0.924533
vt 0.110079 0.924542
vt 0.110088 0.924556
vt 0.110079 0.924561
vt 0.110051 0.924535
vt 0.110057 0.924522
vt 0.110060 0.924551
vt 0.014177 0.924477
vt 0.014178 0.924465
vt 0.014185 0.924472
vt 0.014712 0.924555
vt 0.014723 0.924551
vt 0.014194 0.924454
vt 0.014193 0.924466
vt 0.078030 0.920681
vt 0.078044 0.920683
vt 0.077934 0.920689
vt 0.078020 0.920674
vt 0.078027 0.920671
vt 0.078039 0.920672
vt 0.078015 0.920667
vt 0.078022 0.920663
vt 0.078031 0.920666
vt 0.078051 0.920671
vt 0.078320 0.920682
vt 0.078309 0.920680
vt 0.078316 0.920671
vt 0.078309 0.920662
vt 0.014241 0.924556
vt 0.014236 0.924547
vt 0.014252 0.924549
vt 0.014258 0.924556
vt 0.048106 0.922986
vt 0.048103 0.922975
vt 0.048113 0.922979
vt 0.048332 0.922674
vt 0.048322 0.922672
vt 0.048264 0.922763
vt 0.048315 0.922668
vt 0.109569 0.924538
vt 0.109570 0.924525
vt 0.109540 0.924506
vt 0.109547 0.924490
vt 0.109553 0.924499
vt 0.048043 0.923018
vt 0.047518 0.922940
vt 0.047516 0.922926
vt 0.047540 0.922939
vt 0.047523 0.922950
vt 0.109566 0.924503
vt 0.109550 0.924513
vt 0.014202 0.924461
vt 0.014212 0.924444
vt 0.014211 0.924456
vt 0.014764 0.924555
vt 0.014914 0.924331
vt 0.014751 0.924537
vt 0.014248 0.924540
vt 0.047561 0.922988
vt 0.047576 0.922983
vt 0.047566 0.922997
vt 0.047590 0.922972
vt 0.047591 0.922982
vt 0.109583 0.924530
vt 0.109585 0.924517
vt 0.077816 0.920680
vt 0.077834 0.920676
vt 0.077822 0.920687
vt 0.077848 0.920675
vt 0.077935 0.920687
vt 0.077846 0.920666
vt 0.078062 0.920694
vt 0.077768 0.920548
vt 0.077755 0.920558
vt 0.077753 0.920551
vt 0.014266 0.924541
vt 0.014274 0.924548
vt 0.014262 0.924533
vt 0.014282 0.924534
vt 0.014288 0.924542
vt 0.014975 0.924224
vt 0.014980 0.924236
vt 0.014970 0.924258
vt 0.014970 0.924241
vt 0.109598 0.924522
vt 0.109602 0.924509
vt 0.015009 0.924237
vt 0.014998 0.924243
vt 0.015008 0.924256
vt 0.077787 0.920627
vt 0.077793 0.920637
vt 0.077771 0.920637
vt 0.077803 0.920624
vt 0.077814 0.920614
vt 0.077819 0.920624
vt 0.077806 0.920641
vt 0.077791 0.920650
vt 0.077777 0.920646
vt 0.078567 0.920361
vt 0.078576 0.920349
vt 0.078577 0.920379
vt 0.109570 0.924489
vt 0.109566 0.924479
vt 0.109580 0.924496
vt 0.014226 0.924449
vt 0.014232 0.924435
vt 0.014241 0.924442
vt 0.078019 0.920683
vt 0.078011 0.920674
vt 0.078590 0.920385
vt 0.078584 0.920397
vt 0.109590 0.924487
vt 0.109585 0.924471
vt 0.109599 0.924476
vt 0.109618 0.924470
vt 0.109612 0.924483
vt 0.109605 0.924463
vt 0.078617 0.920373
vt 0.078611 0.920380
vt 0.014251 0.924438
vt 0.047572 0.922897
vt 0.047565 0.922907
vt 0.047555 0.922898
vt 0.047552 0.922916
vt 0.047578 0.922908
vt 0.047577 0.922920
vt 0.047558 0.922929
vt 0.047543 0.922910
vt 0.077783 0.920545
vt 0.077779 0.920539
vt 0.078514 0.920396
vt 0.109613 0.924516
vt 0.109618 0.924503
vt 0.077823 0.920634
vt 0.014283 0.924524
vt 0.014298 0.924529
vt 0.014302 0.924538
vt 0.014301 0.924518
vt 0.048308 0.922714
vt 0.048311 0.922701
vt 0.048318 0.922711
vt 0.048327 0.922709
vt 0.014978 0.924252
vt 0.014979 0.924264
vt 0.014972 0.924275
vt 0.109629 0.924510
vt 0.109635 0.924498
vt 0.109630 0.924478
vt 0.109636 0.924465
vt 0.109619 0.924459
vt 0.014251 0.924428
vt 0.014261 0.924435
vt 0.014271 0.924432
vt 0.078008 0.920681
vt 0.078002 0.920669
vt 0.078004 0.920687
vt 0.078603 0.920388
vt 0.047610 0.922905
vt 0.047593 0.922903
vt 0.047602 0.922887
vt 0.047597 0.922913
vt 0.047615 0.922891
vt 0.047626 0.922905
vt 0.047582 0.922893
vt 0.047592 0.922890
vt 0.078012 0.920655
vt 0.078006 0.920663
vt 0.078158 0.920531
vt 0.078001 0.920655
vt 0.014271 0.924422
vt 0.014280 0.924430
vt 0.014983 0.924279
vt 0.014983 0.924299
vt 0.014970 0.924287
vt 0.109644 0.924501
vt 0.109658 0.924494
vt 0.109651 0.924505
vt 0.078585 0.920416
vt 0.078574 0.920403
vt 0.078602 0.920403
vt 0.078595 0.920411
vt 0.014976 0.924304
vt 0.014963 0.924269
vt 0.014990 0.924294
vt 0.078522 0.920424
vt 0.078525 0.920411
vt 0.078534 0.920428
vt 0.078517 0.920410
vt 0.078532 0.920441
vt 0.077870 0.920609
vt 0.077879 0.920619
vt 0.077868 0.920620
vt 0.077854 0.920612
vt 0.077869 0.920599
vt 0.077856 0.920623
vt 0.047624 0.922889
vt 0.047619 0.922878
vt 0.047628 0.922876
vt 0.047639 0.922903
vt 0.014286 0.924422
vt 0.014298 0.924418
vt 0.014299 0.924427
vt 0.077864 0.920670
vt 0.078382 0.920373
vt 0.078654 0.920175
vt 0.110300 0.924302
vt 0.110311 0.924316
vt 0.110306 0.924320
vt 0.109622 0.924419
vt 0.109603 0.924415
vt 0.110316 0.924332
vt 0.078622 0.920381
vt 0.078619 0.920389
vt 0.078630 0.920371
vt 0.078630 0.920384
vt 0.077860 0.920662
vt 0.078273 0.920424
vt 0.078661 0.920183
vt 0.078648 0.920185
vt 0.078656 0.920194
vt 0.078542 0.920440
vt 0.078551 0.920450
vt 0.014987 0.924312
vt 0.014999 0.924320
vt 0.014993 0.924325
vt 0.014997 0.924304
vt 0.015006 0.924313
vt 0.015117 0.924088
vt 0.015108 0.924079
vt 0.014316 0.924526
vt 0.015097 0.924080
vt 0.015098 0.924070
vt 0.014715 0.924299
vt 0.015102 0.924090
vt 0.014314 0.924516
vt 0.048331 0.922750
vt 0.048320 0.922744
vt 0.048328 0.922739
vt 0.048337 0.922734
vt 0.048347 0.922747
vt 0.048342 0.922756
vt 0.048335 0.922763
vt 0.048360 0.922758
vt 0.048354 0.922765
vt 0.109664 0.924504
vt 0.110452 0.924110
vt 0.110444 0.924100
vt 0.077885 0.920608
vt 0.078673 0.920234
vt 0.077884 0.920597
vt 0.078613 0.920398
vt 0.078598 0.920425
vt 0.109659 0.924452
vt 0.110452 0.924141
vt 0.109654 0.924463
vt 0.110442 0.924152
vt 0.110445 0.924132
vt 0.109663 0.924473
vt 0.110435 0.924142
vt 0.109647 0.924453
vt 0.109648 0.924474
vt 0.015085 0.924090
vt 0.015082 0.924079
vt 0.110438 0.924111
vt 0.110430 0.924100
vt 0.078666 0.920246
vt 0.078666 0.920256
vt 0.078651 0.920249
vt 0.078658 0.920236
vt 0.110424 0.924152
vt 0.110432 0.924132
vt 0.078616 0.920411
vt 0.047650 0.922887
vt 0.048432 0.922623
vt 0.048432 0.922612
vt 0.048424 0.922623
vt 0.047640 0.922876
vt 0.048416 0.922602
vt 0.048434 0.922601
vt 0.048417 0.922617
vt 0.110315 0.924340
vt 0.110327 0.924342
vt 0.110301 0.924324
vt 0.110325 0.924331
vt 0.110332 0.924353
vt 0.110340 0.924343
vt 0.078640 0.920193
vt 0.078640 0.920175
vt 0.078634 0.920183
vt 0.078638 0.920166
vt 0.078519 0.920242
vt 0.078324 0.920389
vt 0.078003 0.920646
vt 0.048407 0.922617
vt 0.048408 0.922628
vt 0.078620 0.920170
vt 0.110408 0.924193
vt 0.110402 0.924186
vt 0.110358 0.924352
vt 0.110421 0.924110
vt 0.110418 0.924100
vt 0.048422 0.922550
vt 0.048415 0.922539
vt 0.048431 0.922540
vt 0.048436 0.922550
vt 0.047655 0.922964
vt 0.047656 0.922954
vt 0.015031 0.924308
vt 0.015027 0.924292
vt 0.015039 0.924301
vt 0.015043 0.924314
vt 0.015059 0.924308
vt 0.015056 0.924318
vt 0.078640 0.920256
vt 0.078631 0.920241
vt 0.078642 0.920235
vt 0.078610 0.920420
vt 0.110417 0.924141
vt 0.110400 0.924135
vt 0.110419 0.924131
vt 0.110410 0.924151
vt 0.015047 0.924338
vt 0.015029 0.924339
vt 0.015034 0.924331
vt 0.015025 0.924346
vt 0.015039 0.924350
vt 0.015008 0.924337
vt 0.015014 0.924330
vt 0.015019 0.924323
vt 0.048407 0.922544
vt 0.015069 0.924319
vt 0.078626 0.920254
vt 0.110394 0.924148
vt 0.110377 0.924133
vt 0.110390 0.924126
vt 0.078627 0.920424
vt 0.078632 0.920413
vt 0.078625 0.920402
vt 0.078627 0.920392
vt 0.078635 0.920392
vt 0.078641 0.920401
vt 0.048395 0.922622
vt 0.048401 0.922604
vt 0.048388 0.922609
vt 0.048386 0.922598
vt 0.110389 0.924191
vt 0.110380 0.924197
vt 0.110382 0.924183
vt 0.078617 0.920178
vt 0.078622 0.920190
vt 0.078595 0.920478
vt 0.078579 0.920476
vt 0.078583 0.920470
vt 0.078561 0.920467
vt 0.078566 0.920461
vt 0.048376 0.922612
vt 0.048385 0.922620
vt 0.048367 0.922621
vt 0.048366 0.922609
vt 0.110369 0.924187
vt 0.110366 0.924194
vt 0.110367 0.924179
vt 0.078603 0.920182
vt 0.078599 0.920170
vt 0.078608 0.920483
vt 0.078611 0.920477
vt 0.078627 0.920483
vt 0.015067 0.924340
vt 0.015055 0.924345
vt 0.015071 0.924352
vt 0.015053 0.924352
vt 0.048379 0.922785
vt 0.048368 0.922772
vt 0.048386 0.922777
vt 0.048395 0.922787
vt 0.048408 0.922777
vt 0.048411 0.922785
vt 0.110395 0.924106
vt 0.110390 0.924093
vt 0.110406 0.924097
vt 0.110378 0.924097
vt 0.110409 0.924109
vt 0.048398 0.922769
vt 0.048385 0.922768
vt 0.048372 0.922764
vt 0.015079 0.924309
vt 0.015082 0.924318
vt 0.078617 0.920432
vt 0.078642 0.920422
vt 0.048412 0.922768
vt 0.048429 0.922771
vt 0.015096 0.924304
vt 0.015098 0.924313
vt 0.078637 0.920433
vt 0.078652 0.920406
vt 0.078654 0.920428
vt 0.110364 0.924139
vt 0.110357 0.924126
vt 0.110344 0.924131
vt 0.110376 0.924122
vt 0.110379 0.924144
vt 0.078644 0.920388
vt 0.048353 0.922612
vt 0.048365 0.922597
vt 0.048345 0.922602
vt 0.048356 0.922589
vt 0.048333 0.922604
vt 0.048330 0.922593
vt 0.048336 0.922581
vt 0.015022 0.924167
vt 0.015029 0.924179
vt 0.015014 0.924174
vt 0.015038 0.924172
vt 0.015012 0.924163
vt 0.014994 0.924166
vt 0.015002 0.924159
vt 0.015049 0.924070
vt 0.015048 0.924081
vt 0.015034 0.924075
vt 0.015064 0.924065
vt 0.015065 0.924076
vt 0.015045 0.924058
vt 0.015034 0.924063
vt 0.015082 0.924069
vt 0.015074 0.924088
vt 0.015063 0.924085
vt 0.048423 0.922782
vt 0.110321 0.924168
vt 0.110319 0.924175
vt 0.110307 0.924164
vt 0.110332 0.924166
vt 0.110333 0.924179
vt 0.110349 0.924181
vt 0.110346 0.924188
vt 0.078586 0.920172
vt 0.078588 0.920162
vt 0.078356 0.920348
vt 0.015024 0.924070
vt 0.015096 0.924337
vt 0.015081 0.924344
vt 0.015082 0.924336
vt 0.015100 0.924390
vt 0.015100 0.924377
vt 0.110361 0.924093
vt 0.110366 0.924084
vt 0.078596 0.920239
vt 0.078599 0.920225
vt 0.078616 0.920230
vt 0.078582 0.920241
vt 0.078582 0.920222
vt 0.078614 0.920240
vt 0.078565 0.920233
vt 0.078570 0.920219
vt 0.110339 0.924117
vt 0.110361 0.924116
vt 0.110326 0.924121
vt 0.048341 0.922613
vt 0.077990 0.920634
vt 0.077999 0.920638
vt 0.078638 0.920382
vt 0.078643 0.920375
vt 0.014992 0.924155
vt 0.014976 0.924156
vt 0.014979 0.924147
vt 0.078551 0.920221
vt 0.078535 0.920212
vt 0.078548 0.920205
vt 0.078560 0.920205
vt 0.078657 0.920415
vt 0.110322 0.924107
vt 0.110310 0.924111
vt 0.110308 0.924096
vt 0.110314 0.924088
vt 0.110344 0.924108
vt 0.077998 0.920626
vt 0.110313 0.924156
vt 0.110402 0.924365
vt 0.078540 0.920300
vt 0.078548 0.920310
vt 0.078535 0.920304
vt 0.078553 0.920306
vt 0.048351 0.922523
vt 0.048338 0.922522
vt 0.048345 0.922514
vt 0.048364 0.922525
vt 0.048358 0.922534
vt 0.048378 0.922531
vt 0.110408 0.924373
vt 0.110416 0.924379
vt 0.110394 0.924373
vt 0.110405 0.924391
vt 0.110397 0.924385
vt 0.077994 0.920606
vt 0.077996 0.920616
vt 0.078181 0.920457
vt 0.078640 0.920516
vt 0.078637 0.920504
vt 0.078651 0.920507
vt 0.078646 0.920498
vt 0.015105 0.924328
vt 0.015102 0.924402
vt 0.015090 0.924399
vt 0.078535 0.920198
vt 0.110302 0.924084
vt 0.110297 0.924099
vt 0.078654 0.920392
vt 0.078651 0.920376
vt 0.078665 0.920392
vt 0.048308 0.922583
vt 0.048297 0.922584
vt 0.048298 0.922570
vt 0.048290 0.922578
vt 0.048308 0.922597
vt 0.048344 0.922814
vt 0.048302 0.922560
vt 0.078670 0.920416
vt 0.078669 0.920404
vt 0.078676 0.920389
vt 0.110327 0.924098
vt 0.110332 0.924376
vt 0.078006 0.920634
vt 0.078008 0.920613
vt 0.078011 0.920624
vt 0.110395 0.924404
vt 0.110386 0.924399
vt 0.110385 0.924382
vt 0.077995 0.920595
vt 0.078004 0.920593
vt 0.078630 0.920528
vt 0.078626 0.920515
vt 0.015093 0.924412
vt 0.015093 0.924382
vt 0.015080 0.924410
vt 0.110322 0.924066
vt 0.110325 0.924054
vt 0.110334 0.924063
vt 0.110316 0.924053
vt 0.110346 0.924072
vt 0.110339 0.924081
vt 0.110330 0.924074
vt 0.048435 0.922863
vt 0.048434 0.922777
vt 0.048443 0.922869
vt 0.048435 0.922877
vt 0.048427 0.922762
vt 0.048425 0.922874
vt 0.078526 0.920204
vt 0.078543 0.920191
vt 0.078620 0.920542
vt 0.078616 0.920529
vt 0.014434 0.924465
vt 0.015011 0.924047
vt 0.014993 0.924043
vt 0.015016 0.924038
vt 0.015027 0.924048
vt 0.015084 0.924423
vt 0.015082 0.924391
vt 0.015065 0.924418
vt 0.048426 0.922889
vt 0.048417 0.922885
vt 0.078520 0.920195
vt 0.078532 0.920505
vt 0.078529 0.920190
vt 0.078007 0.920556
vt 0.078534 0.920181
vt 0.078532 0.920515
vt 0.078666 0.920526
vt 0.078658 0.920596
vt 0.078664 0.920568
vt 0.078659 0.920379
vt 0.078656 0.920360
vt 0.048356 0.922818
vt 0.048356 0.922832
vt 0.048342 0.922831
vt 0.048368 0.922818
vt 0.048367 0.922827
vt 0.048351 0.922840
vt 0.048322 0.922845
vt 0.048332 0.922828
vt 0.048338 0.922846
vt 0.015032 0.924385
vt 0.015039 0.924394
vt 0.015027 0.924393
vt 0.015043 0.924380
vt 0.015018 0.924406
vt 0.048348 0.922855
vt 0.048329 0.922858
vt 0.078021 0.920615
vt 0.078014 0.920634
vt 0.078027 0.920630
vt 0.078006 0.920602
vt 0.078020 0.920603
vt 0.078017 0.920592
vt 0.015075 0.924436
vt 0.015066 0.924431
vt 0.015053 0.924433
vt 0.015069 0.924447
vt 0.015058 0.924446
vt 0.015044 0.924450
vt 0.109786 0.924431
vt 0.109784 0.924440
vt 0.015097 0.924439
vt 0.015098 0.924455
vt 0.015089 0.924453
vt 0.015106 0.924443
vt 0.015106 0.924427
vt 0.015110 0.924366
vt 0.015083 0.924465
vt 0.015051 0.924462
vt 0.015038 0.924468
vt 0.014459 0.924457
vt 0.014459 0.924468
vt 0.014446 0.924468
vt 0.014444 0.924458
vt 0.014445 0.924449
vt 0.014461 0.924448
vt 0.014474 0.924460
vt 0.014473 0.924471
vt 0.015064 0.924458
vt 0.048406 0.922897
vt 0.048403 0.922911
vt 0.048393 0.922908
vt 0.048418 0.922903
vt 0.048412 0.922915
vt 0.048388 0.922923
vt 0.048407 0.922927
vt 0.048398 0.922925
vt 0.078026 0.920546
vt 0.078526 0.920532
vt 0.078520 0.920545
vt 0.078043 0.920548
vt 0.078022 0.920554
vt 0.078656 0.920580
vt 0.078654 0.920608
vt 0.048335 0.922867
vt 0.048324 0.922874
vt 0.048326 0.922886
vt 0.048313 0.922886
vt 0.048312 0.922863
vt 0.015011 0.924419
vt 0.015019 0.924429
vt 0.015006 0.924429
vt 0.015029 0.924410
vt 0.015011 0.924448
vt 0.015002 0.924439
vt 0.078644 0.920357
vt 0.078642 0.920346
vt 0.078662 0.920443
vt 0.078649 0.920364
vt 0.048322 0.922896
vt 0.048336 0.922879
vt 0.048297 0.922902
vt 0.048304 0.922882
vt 0.078642 0.920366
vt 0.078637 0.920356
vt 0.014998 0.924449
vt 0.015004 0.924467
vt 0.014995 0.924458
vt 0.015054 0.924474
vt 0.015033 0.924485
vt 0.109817 0.924431
vt 0.109823 0.924439
vt 0.109802 0.924439
vt 0.109840 0.924440
vt 0.109834 0.924448
vt 0.109801 0.924430
vt 0.015090 0.924474
vt 0.015078 0.924478
vt 0.015084 0.924490
vt 0.078648 0.920598
vt 0.078642 0.920615
vt 0.110301 0.924422
vt 0.110305 0.924407
vt 0.110312 0.924410
vt 0.110300 0.924438
vt 0.110294 0.924435
vt 0.110312 0.924433
vt 0.110151 0.924446
vt 0.110305 0.924452
vt 0.078056 0.920543
vt 0.078059 0.920553
vt 0.078038 0.920556
vt 0.078069 0.920548
vt 0.078061 0.920564
vt 0.078050 0.920559
vt 0.078082 0.920555
vt 0.078075 0.920562
vt 0.110301 0.924466
vt 0.109875 0.924430
vt 0.109861 0.924431
vt 0.014992 0.924468
vt 0.015000 0.924486
vt 0.014989 0.924482
vt 0.078023 0.920638
vt 0.078036 0.920623
vt 0.078030 0.920646
vt 0.078031 0.920595
vt 0.078035 0.920609
vt 0.078043 0.920601
vt 0.078011 0.920642
vt 0.078020 0.920646
vt 0.078024 0.920654
vt 0.048382 0.922945
vt 0.048388 0.922935
vt 0.048392 0.922946
vt 0.048403 0.922943
vt 0.048401 0.922960
vt 0.048386 0.922956
vt 0.015043 0.924487
vt 0.015055 0.924485
vt 0.015052 0.924496
vt 0.015035 0.924498
vt 0.047827 0.922897
vt 0.047807 0.922900
vt 0.047812 0.922891
vt 0.047834 0.922907
vt 0.047821 0.922906
vt 0.078076 0.920574
vt 0.078089 0.920567
vt 0.078650 0.920623
vt 0.078655 0.920345
vt 0.078640 0.920627
vt 0.109845 0.924454
vt 0.109855 0.924449
vt 0.109854 0.924462
vt 0.109868 0.924461
vt 0.109865 0.924474
vt 0.078104 0.920574
vt 0.078096 0.920579
vt 0.078089 0.920586
vt 0.048304 0.922941
vt 0.047889 0.922889
vt 0.048291 0.922929
vt 0.048316 0.922958
vt 0.048304 0.922949
vt 0.048306 0.922932
vt 0.048318 0.922932
vt 0.048294 0.922916
vt 0.048307 0.922922
vt 0.014994 0.924498
vt 0.014997 0.924511
vt 0.014986 0.924508
vt 0.014676 0.924427
vt 0.078047 0.920618
vt 0.078055 0.920611
vt 0.078065 0.920625
vt 0.078057 0.920632
vt 0.078048 0.920637
vt 0.078039 0.920644
vt 0.015029 0.924509
vt 0.014941 0.924482
vt 0.014720 0.924420
vt 0.015040 0.924509
vt 0.015051 0.924506
vt 0.078577 0.920624
vt 0.078588 0.920622
vt 0.078587 0.920633
vt 0.078580 0.920607
vt 0.078591 0.920609
vt 0.078576 0.920639
vt 0.048390 0.922964
vt 0.048380 0.922965
vt 0.048081 0.922880
vt 0.048070 0.922879
vt 0.110334 0.924511
vt 0.110345 0.924506
vt 0.110035 0.924420
vt 0.110347 0.924489
vt 0.110356 0.924499
vt 0.110335 0.924499
vt 0.110355 0.924515
vt 0.110042 0.924429
vt 0.110024 0.924429
vt 0.078278 0.920544
vt 0.078267 0.920552
vt 0.109876 0.924471
vt 0.047857 0.922924
vt 0.047841 0.922921
vt 0.047846 0.922912
vt 0.047853 0.922936
vt 0.015072 0.924510
vt 0.015082 0.924503
vt 0.014771 0.924436
vt 0.015074 0.924493
vt 0.014762 0.924433
vt 0.014763 0.924447
vt 0.078105 0.920595
vt 0.078113 0.920585
vt 0.078121 0.920598
vt 0.078117 0.920611
vt 0.078104 0.920607
vt 0.109890 0.924444
vt 0.109897 0.924458
vt 0.109883 0.924449
vt 0.109881 0.924425
vt 0.109896 0.924439
vt 0.109906 0.924452
vt 0.048304 0.922957
vt 0.048006 0.922877
vt 0.047993 0.922880
vt 0.047904 0.922904
vt 0.014773 0.924454
vt 0.078127 0.920611
vt 0.078123 0.920628
vt 0.078114 0.920632
vt 0.078110 0.920619
vt 0.078339 0.920564
vt 0.078640 0.920336
vt 0.048000 0.922887
vt 0.047994 0.922898
vt 0.047979 0.922899
vt 0.047980 0.922913
vt 0.078033 0.920656
vt 0.110036 0.924445
vt 0.110025 0.924447
vt 0.110047 0.924444
vt 0.110038 0.924459
vt 0.110048 0.924457
vt 0.078278 0.920568
vt 0.078268 0.920568
vt 0.078278 0.920555
vt 0.014727 0.924429
vt 0.014731 0.924443
vt 0.014720 0.924443
vt 0.014742 0.924443
vt 0.047867 0.922937
vt 0.047860 0.922949
vt 0.078072 0.920638
vt 0.078063 0.920651
vt 0.078075 0.920655
vt 0.078063 0.920669
vt 0.078053 0.920654
vt 0.078274 0.920581
vt 0.014737 0.924455
vt 0.014725 0.924469
vt 0.014722 0.924456
vt 0.047872 0.922948
vt 0.047875 0.922960
vt 0.047865 0.922963
vt 0.109910 0.924485
vt 0.109988 0.924463
vt 0.109982 0.924481
vt 0.109911 0.924501
vt 0.109900 0.924473
vt 0.109908 0.924469
vt 0.109915 0.924465
vt 0.109921 0.924479
vt 0.048003 0.922915
vt 0.047994 0.922908
vt 0.048007 0.922899
vt 0.047991 0.922919
vt 0.078331 0.920578
vt 0.078340 0.920577
vt 0.078343 0.920591
vt 0.078330 0.920561
vt 0.078335 0.920595
vt 0.047994 0.922934
vt 0.047982 0.922927
vt 0.048005 0.922925
vt 0.047985 0.922942
vt 0.078043 0.920659
vt 0.110028 0.924466
vt 0.110041 0.924474
vt 0.110051 0.924472
vt 0.110033 0.924486
vt 0.078272 0.920596
vt 0.078283 0.920594
vt 0.014735 0.924468
vt 0.014730 0.924488
vt 0.014746 0.924466
vt 0.048083 0.922907
vt 0.048092 0.922897
vt 0.048095 0.922913
vt 0.048081 0.922893
vt 0.048087 0.922921
vt 0.110046 0.924494
vt 0.110037 0.924501
vt 0.110055 0.924486
vt 0.110057 0.924502
vt 0.078074 0.920671
vt 0.078069 0.920683
vt 0.078056 0.920685
vt 0.109895 0.924524
vt 0.109883 0.924510
vt 0.109893 0.924507
vt 0.109891 0.924537
vt 0.109886 0.924526
vt 0.109893 0.924549
vt 0.109884 0.924549
vt 0.048098 0.922926
vt 0.048088 0.922938
vt 0.078135 0.920644
vt 0.078131 0.920661
vt 0.078126 0.920646
vt 0.078132 0.920625
vt 0.078116 0.920648
vt 0.078212 0.920664
vt 0.078124 0.920672
vt 0.109998 0.924508
vt 0.109992 0.924520
vt 0.109986 0.924500
vt 0.110004 0.924527
vt 0.109979 0.924503
vt 0.109993 0.924493
vt 0.048010 0.922968
vt 0.047990 0.922957
vt 0.047999 0.922955
vt 0.047997 0.922977
vt 0.048013 0.922956
vt 0.110067 0.924518
vt 0.110043 0.924516
vt 0.078280 0.920624
vt 0.078284 0.920612
vt 0.078294 0.920630
vt 0.078288 0.920642
vt 0.014517 0.924530
vt 0.014528 0.924532
vt 0.014526 0.924516
vt 0.014536 0.924513
vt 0.014746 0.924501
vt 0.014754 0.924493
vt 0.014750 0.924482
vt 0.014736 0.924505
vt 0.048103 0.922939
vt 0.048097 0.922950
vt 0.048088 0.922954
vt 0.048094 0.922968
vt 0.048109 0.922954
vt 0.078301 0.920647
vt 0.078300 0.920667
vt 0.078294 0.920655
vt 0.047865 0.923010
vt 0.047866 0.922998
vt 0.047876 0.922999
vt 0.047867 0.922981
vt 0.109881 0.924559
vt 0.048103 0.922962
vt 0.077753 0.920676
vt 0.077753 0.920666
vt 0.077745 0.920658
vt 0.078114 0.920673
vt 0.047981 0.922603
vt 0.048315 0.922302
vt 0.047971 0.922645
vt 0.048008 0.922584
vt 0.047986 0.922679
vt 0.048008 0.922790
vt 0.048027 0.922787
vt 0.048042 0.922824
vt 0.048059 0.922815
vt 0.048097 0.922830
vt 0.048076 0.922842
vt 0.048141 0.922848
vt 0.047890 0.922828
vt 0.048176 0.922838
vt 0.048136 0.922833
vt 0.048104 0.922849
vt 0.048471 0.922419
vt 0.048472 0.922459
vt 0.048460 0.922450
vt 0.048453 0.922484
vt 0.048463 0.922510
vt 0.048449 0.922527
vt 0.048463 0.922557
vt 0.047543 0.922776
vt 0.047517 0.922729
vt 0.048469 0.922595
vt 0.047505 0.922687
vt 0.048452 0.922578
vt 0.048463 0.922623
vt 0.048353 0.922609
vt 0.048176 0.922511
vt 0.048015 0.922554
vt 0.047892 0.922531
vt 0.048148 0.922500
vt 0.048123 0.922512
vt 0.048119 0.922496
vt 0.047571 0.922514
vt 0.047606 0.922502
vt 0.048089 0.922517
vt 0.048090 0.922499
vt 0.048062 0.922509
vt 0.048045 0.922540
vt 0.048036 0.922525
vt 0.048480 0.922336
vt 0.048455 0.922297
vt 0.048013 0.922546
vt 0.047995 0.922573
vt 0.048431 0.922222
vt 0.048439 0.922257
vt 0.047803 0.922642
vt 0.048439 0.922102
vt 0.048431 0.922135
vt 0.047813 0.922686
vt 0.048451 0.922073
vt 0.047814 0.922715
vt 0.047812 0.922743
vt 0.048466 0.922048
vt 0.047800 0.922782
vt 0.047776 0.922805
vt 0.048485 0.922028
vt 0.047782 0.922816
vt 0.047741 0.922851
vt 0.047746 0.922836
vt 0.047760 0.922838
vt 0.047875 0.922839
vt 0.047657 0.922855
vt 0.047687 0.922857
vt 0.047715 0.922851
vt 0.047901 0.922860
vt 0.047851 0.922810
vt 0.047628 0.922846
vt 0.047839 0.922787
vt 0.047599 0.922831
vt 0.047818 0.922717
vt 0.047572 0.922811
vt 0.047814 0.922672
vt 0.047832 0.922573
vt 0.047501 0.922652
vt 0.047820 0.922613
vt 0.047850 0.922538
vt 0.047503 0.922618
vt 0.047864 0.922519
vt 0.047511 0.922587
vt 0.047659 0.922494
vt 0.047696 0.922508
vt 0.047914 0.922614
vt 0.047752 0.922551
vt 0.047786 0.922600
vt 0.047725 0.922527
vt 0.047622 0.922490
vt 0.047828 0.922761
vt 0.048219 0.922829
vt 0.014404 0.924024
vt 0.014427 0.924006
vt 0.014436 0.924022
vt 0.014372 0.924022
vt 0.014396 0.924007
vt 0.014466 0.923998
vt 0.014468 0.924015
vt 0.014535 0.923982
vt 0.014507 0.923999
vt 0.014502 0.923983
vt 0.014535 0.923961
vt 0.014559 0.923961
vt 0.014563 0.923933
vt 0.014586 0.923928
vt 0.014584 0.923900
vt 0.014606 0.923890
vt 0.014599 0.923864
vt 0.014618 0.923850
vt 0.014607 0.923825
vt 0.014623 0.923807
vt 0.014606 0.923786
vt 0.014618 0.923765
vt 0.014930 0.923829
vt 0.014610 0.923734
vt 0.014526 0.923627
vt 0.014499 0.923629
vt 0.014498 0.923611
vt 0.014526 0.923646
vt 0.014559 0.923654
vt 0.014550 0.923667
vt 0.014463 0.923615
vt 0.014468 0.923599
vt 0.014436 0.923592
vt 0.014424 0.923607
vt 0.014404 0.923590
vt 0.014384 0.923608
vt 0.014372 0.923592
vt 0.014346 0.923616
vt 0.014341 0.923599
vt 0.014687 0.923934
vt 0.014719 0.923937
vt 0.014708 0.923961
vt 0.014221 0.923729
vt 0.014733 0.923984
vt 0.014667 0.923895
vt 0.014655 0.923854
vt 0.014684 0.923877
vt 0.014676 0.923847
vt 0.014186 0.923818
vt 0.014206 0.923828
vt 0.014190 0.923849
vt 0.014187 0.923786
vt 0.014214 0.923867
vt 0.014202 0.923890
vt 0.014229 0.923903
vt 0.014223 0.923928
vt 0.014251 0.923935
vt 0.014242 0.923953
vt 0.014280 0.923963
vt 0.014266 0.923975
vt 0.014782 0.923594
vt 0.014768 0.923612
vt 0.014742 0.923617
vt 0.014808 0.923595
vt 0.014825 0.923580
vt 0.014870 0.923574
vt 0.014842 0.923586
vt 0.014876 0.923583
vt 0.014628 0.924280
vt 0.015047 0.923660
vt 0.014629 0.924311
vt 0.015071 0.923696
vt 0.015015 0.923630
vt 0.015021 0.923625
vt 0.014626 0.924235
vt 0.014635 0.924221
vt 0.014626 0.924199
vt 0.014627 0.924103
vt 0.015089 0.923866
vt 0.015097 0.923823
vt 0.014626 0.924132
vt 0.014635 0.924156
vt 0.014626 0.924163
vt 0.014628 0.924073
vt 0.014644 0.923768
vt 0.014660 0.923748
vt 0.014653 0.923779
vt 0.014640 0.923813
vt 0.014657 0.923724
vt 0.014672 0.923715
vt 0.014678 0.923683
vt 0.014741 0.923630
vt 0.014707 0.923647
vt 0.014645 0.923858
vt 0.014192 0.923754
vt 0.014659 0.923901
vt 0.014203 0.923724
vt 0.014680 0.923941
vt 0.014223 0.923686
vt 0.014218 0.923668
vt 0.014242 0.923661
vt 0.014638 0.923773
vt 0.014638 0.923841
vt 0.014594 0.923946
vt 0.014341 0.924015
vt 0.047868 0.923019
vt 0.047553 0.923007
vt 0.047550 0.922996
vt 0.077757 0.920648
vt 0.077764 0.920656
vt 0.077777 0.920659
vt 0.077765 0.920668
vt 0.109524 0.924534
vt 0.048017 0.922998
vt 0.048005 0.922996
vt 0.014714 0.924535
vt 0.014720 0.924567
vt 0.014704 0.924539
vt 0.014695 0.924520
vt 0.014706 0.924516
vt 0.110069 0.924566
vt 0.110095 0.924564
vt 0.109528 0.924446
vt 0.109531 0.924454
vt 0.047534 0.922930
vt 0.048317 0.922689
vt 0.047525 0.922921
vt 0.047533 0.922915
vt 0.109522 0.924441
vt 0.109535 0.924434
vt 0.109546 0.924436
vt 0.109549 0.924444
vt 0.014967 0.924225
vt 0.109569 0.924435
vt 0.109548 0.924427
vt 0.014963 0.924237
vt 0.048327 0.922692
vt 0.048309 0.922686
vt 0.047605 0.922965
vt 0.047612 0.922974
vt 0.078567 0.920381
vt 0.109565 0.924428
vt 0.109562 0.924420
vt 0.109588 0.924428
vt 0.109584 0.924420
vt 0.014962 0.924251
vt 0.047621 0.922960
vt 0.078521 0.920394
vt 0.047630 0.922968
vt 0.047632 0.922957
vt 0.014998 0.924259
vt 0.077836 0.920617
vt 0.077833 0.920607
vt 0.077839 0.920627
vt 0.109580 0.924414
vt 0.109608 0.924422
vt 0.109594 0.924409
vt 0.109633 0.924456
vt 0.047610 0.922880
vt 0.048313 0.922729
vt 0.048321 0.922725
vt 0.048331 0.922722
vt 0.047643 0.922955
vt 0.015001 0.924272
vt 0.015016 0.924278
vt 0.077851 0.920602
vt 0.047643 0.922966
vt 0.015007 0.924284
vt 0.047633 0.922888
vt 0.047642 0.922887
vt 0.047651 0.922902
vt 0.014311 0.924426
vt 0.015101 0.924185
vt 0.078546 0.920455
vt 0.015018 0.924297
vt 0.048348 0.922773
vt 0.015101 0.924177
vt 0.015084 0.924186
vt 0.015093 0.924178
vt 0.015079 0.924178
vt 0.015065 0.924186
vt 0.048363 0.922781
vt 0.015064 0.924177
vt 0.015045 0.924183
vt 0.015054 0.924175
vt 0.110351 0.924174
vt 0.078611 0.920251
vt 0.048398 0.922547
vt 0.048392 0.922535
vt 0.048382 0.922543
vt 0.048370 0.922539
vt 0.078629 0.920477
vt 0.015089 0.924349
vt 0.015112 0.924304
vt 0.048322 0.922604
vt 0.048316 0.922588
vt 0.048318 0.922571
vt 0.014964 0.924148
vt 0.014966 0.924139
vt 0.078658 0.920502
vt 0.015102 0.924344
vt 0.015022 0.924057
vt 0.015015 0.924064
vt 0.015003 0.924054
vt 0.110350 0.924087
vt 0.110356 0.924079
vt 0.048431 0.922852
vt 0.048326 0.922513
vt 0.048332 0.922504
vt 0.048317 0.922504
vt 0.015050 0.924365
vt 0.015065 0.924365
vt 0.015057 0.924373
vt 0.015056 0.924359
vt 0.015044 0.924371
vt 0.110376 0.924394
vt 0.015072 0.924403
vt 0.048422 0.922861
vt 0.048312 0.922497
vt 0.048323 0.922493
vt 0.048413 0.922873
vt 0.047766 0.922893
vt 0.047776 0.922890
vt 0.110324 0.924374
vt 0.110340 0.924378
vt 0.110314 0.924390
vt 0.110321 0.924392
vt 0.110387 0.924416
vt 0.110375 0.924415
vt 0.110366 0.924410
vt 0.110320 0.924413
vt 0.110329 0.924395
vt 0.110380 0.924428
vt 0.110366 0.924433
vt 0.110356 0.924429
vt 0.078611 0.920558
vt 0.078601 0.920553
vt 0.078608 0.920540
vt 0.078592 0.920571
vt 0.048404 0.922886
vt 0.047774 0.922899
vt 0.047794 0.922888
vt 0.078603 0.920575
vt 0.078585 0.920589
vt 0.047791 0.922898
vt 0.110348 0.924448
vt 0.110358 0.924452
vt 0.110371 0.924446
vt 0.048309 0.922908
vt 0.110364 0.924464
vt 0.110351 0.924470
vt 0.110341 0.924467
vt 0.078596 0.920592
vt 0.014478 0.924451
vt 0.014491 0.924456
vt 0.014489 0.924467
vt 0.078043 0.920540
vt 0.048319 0.922906
vt 0.048321 0.922918
vt 0.110359 0.924482
vt 0.110337 0.924486
vt 0.014501 0.924462
vt 0.014485 0.924477
vt 0.014504 0.924479
vt 0.048316 0.922945
vt 0.014496 0.924486
vt 0.109869 0.924417
vt 0.109872 0.924439
vt 0.048091 0.922883
vt 0.014512 0.924471
vt 0.014515 0.924492
vt 0.014524 0.924486
vt 0.014507 0.924500
vt 0.014687 0.924429
vt 0.014677 0.924450
vt 0.014676 0.924436
vt 0.014521 0.924504
vt 0.014531 0.924499
vt 0.048071 0.922893
vt 0.014741 0.924429
vt 0.109874 0.924488
vt 0.048073 0.922904
vt 0.014688 0.924447
vt 0.014691 0.924466
vt 0.014514 0.924513
vt 0.109883 0.924483
vt 0.109883 0.924497
vt 0.014538 0.924531
vt 0.047878 0.922976
vt 0.109990 0.924478
vt 0.014679 0.924464
vt 0.014684 0.924484
vt 0.014681 0.924474
vt 0.078116 0.920661
vt 0.109984 0.924522
vt 0.048007 0.922936
vt 0.014696 0.924486
vt 0.047878 0.922987
vt 0.048075 0.922916
vt 0.014765 0.924463
vt 0.014777 0.924471
vt 0.014769 0.924476
vt 0.014740 0.924485
vt 0.048079 0.922932
vt 0.048010 0.922946
vt 0.014686 0.924495
vt 0.014700 0.924501
vt 0.014689 0.924505
vt 0.048018 0.922988
vt 0.048428 0.922178
vt 0.047976 0.922723
vt 0.047970 0.922688
vt 0.047998 0.922735
vt 0.047987 0.922755
vt 0.048226 0.922572
vt 0.048208 0.922533
vt 0.048235 0.922563
vt 0.048251 0.922592
vt 0.047524 0.922559
vt 0.047542 0.922535
vt 0.047770 0.922574
vt 0.047816 0.922642
vt 0.047881 0.922504
vt 0.047903 0.922492
vt 0.047914 0.922803
vt 0.047914 0.922766
vt 0.047592 0.922495
vt 0.048252 0.922561
vt 0.048283 0.922704
vt 0.048098 0.922863
vt 0.047938 0.922746
vt 0.014301 0.923999
vt 0.014313 0.923985
vt 0.014675 0.923727
vt 0.014843 0.923609
vt 0.014920 0.923587
vt 0.014950 0.923594
vt 0.014979 0.923607
vt 0.015094 0.923760
vt 0.015098 0.923791
vt 0.015086 0.923727
vt 0.014574 0.923697
vt 0.015073 0.923907
vt 0.014580 0.923678
vt 0.014597 0.923705
vt 0.015048 0.923944
vt 0.015018 0.923976
vt 0.015007 0.923951
vt 0.014990 0.923997
vt 0.014959 0.924012
vt 0.014929 0.924023
vt 0.014898 0.924029
vt 0.014301 0.923616
vt 0.014854 0.924030
vt 0.014811 0.924023
vt 0.014309 0.923631
vt 0.014266 0.923639
vt 0.014770 0.924007
vt 0.014271 0.923659
vt 0.014210 0.923758
vt 0.014650 0.923810
vt 0.014689 0.923685
vt 0.014717 0.923651
vt 0.014916 0.923577
vt 0.014951 0.923586
vt 0.014984 0.923600
vt 0.014630 0.924046
vt 0.015125 0.924459
vt 0.015122 0.924425
vt 0.015130 0.924394
vt 0.015121 0.924385
vt 0.015120 0.924342
vt 0.015121 0.924297
vt 0.015122 0.924251
vt 0.015129 0.924332
vt 0.015125 0.924207
vt 0.014761 0.924012
vt 0.014724 0.923987
vt 0.014700 0.923966
vt 0.014618 0.923707
vt 0.014506 0.924018
s 1
usemtl Atlas.005
f 1/1/1 2/2/2 3/3/3
f 1/1/1 3/3/3 4/4/4
f 4/4/4 5/5/5 1/1/1
f 4/4/4 6/6/6 7/7/7
f 4/4/4 3/3/3 8/8/8
f 9/9/9 10/10/10 11/11/11
f 10/10/10 12/12/12 11/11/11
f 10/10/10 13/13/13 14/14/14
f 10/10/10 15/15/15 12/12/12
f 11/11/11 12/12/12 16/16/16
f 17/17/17 18/18/18 19/19/19
f 18/18/18 17/17/17 20/20/20
f 19/19/19 21/21/21 17/17/17
f 22/22/22 23/23/23 24/24/24
f 22/22/22 24/24/24 25/25/25
f 22/22/22 25/25/25 26/26/26
f 26/26/26 27/27/27 28/28/28
f 29/29/29 30/30/30 31/31/31
f 29/29/29 32/32/32 30/30/30
f 29/29/29 31/31/31 33/33/33
f 30/30/30 32/32/32 34/34/34
f 31/31/31 30/30/30 35/35/35
f 31/31/31 36/36/36 37/37/37
f 33/33/33 38/38/25 29/29/29
f 38/38/25 39/39/24 29/29/29
f 40/40/38 41/41/39 42/42/40
f 41/41/39 40/40/38 43/43/41
f 42/42/40 44/44/42 40/40/38
f 42/42/40 41/41/39 45/45/43
f 42/42/40 46/46/44 47/47/45
f 48/48/46 49/49/47 50/50/48
f 48/48/46 31/31/31 35/35/35
f 48/48/46 51/51/49 49/49/47
f 48/48/46 52/52/50 51/51/49
f 35/35/35 30/30/30 34/34/34
f 35/35/35 53/53/51 52/52/50
f 52/52/50 54/54/52 55/55/53
f 52/52/50 48/48/46 35/35/35
f 56/56/54 57/57/55 58/58/38
f 56/56/54 59/59/56 60/60/57
f 59/59/56 61/61/58 62/62/59
f 60/60/57 57/57/55 56/56/54
f 63/63/60 64/64/61 65/65/62
f 63/63/60 66/66/63 67/67/64
f 64/64/61 68/68/65 69/69/66
f 64/64/61 70/70/67 68/68/65
f 71/71/68 72/72/69 73/73/70
f 72/72/69 74/74/57 75/75/67
f 73/73/70 76/76/71 77/77/72
f 78/78/73 79/79/74 80/80/75
f 78/78/73 81/81/76 82/82/77
f 78/78/73 82/82/77 83/83/78
f 82/82/77 84/84/79 85/85/80
f 83/83/78 82/82/77 86/86/81
f 83/83/78 87/87/82 79/79/74
f 79/79/74 78/78/73 83/83/78
f 88/88/83 89/89/63 90/90/84
f 89/89/63 91/91/85 90/90/84
f 92/92/86 2/2/2 1/1/1
f 92/92/86 93/93/87 94/94/88
f 92/92/86 5/5/5 93/93/87
f 92/92/86 95/95/89 2/2/2
f 96/96/90 97/97/9 98/98/91
f 98/98/91 99/99/28 100/100/92
f 98/98/91 97/97/9 101/101/93
f 98/98/91 100/100/92 102/102/94
f 98/98/91 102/102/94 96/96/90
f 20/20/20 103/103/95 18/18/18
f 103/103/95 20/20/20 104/104/96
f 43/43/41 105/105/97 41/41/39
f 105/105/97 45/45/43 41/41/39
f 105/105/97 106/106/98 107/107/99
f 57/57/55 108/108/100 109/109/101
f 108/108/100 57/57/55 60/60/57
f 108/108/100 110/110/70 109/109/101
f 109/109/101 111/111/98 112/112/102
f 107/107/99 113/113/103 114/114/104
f 107/107/99 114/114/104 105/105/97
f 77/77/72 76/76/71 115/115/105
f 76/76/71 73/73/70 72/72/69
f 115/115/105 116/116/106 117/117/107
f 118/118/83 14/14/14 119/119/94
f 14/14/14 120/120/85 10/10/10
f 119/119/94 14/14/14 13/13/13
f 93/93/87 121/121/108 94/94/88
f 94/94/88 95/95/89 92/92/86
f 122/122/95 123/123/109 124/124/87
f 123/123/108 125/125/110 126/126/111
f 104/104/96 127/127/108 103/103/95
f 127/127/108 104/104/96 128/128/112
f 129/129/113 130/130/114 131/131/115
f 130/130/114 132/132/116 133/133/117
f 130/130/114 133/133/117 80/80/75
f 130/130/114 134/134/118 132/132/116
f 131/131/115 80/80/75 79/79/74
f 131/131/115 130/130/114 80/80/75
f 131/131/115 135/135/2 129/129/113
f 136/136/119 137/137/120 138/138/121
f 138/138/121 137/137/120 88/88/122
f 139/139/123 95/95/89 94/94/88
f 139/139/123 140/140/124 95/95/89
f 139/139/123 121/121/108 141/141/125
f 140/140/124 142/142/126 143/143/127
f 144/144/128 118/118/83 119/119/94
f 144/144/128 119/119/94 145/145/129
f 145/145/129 146/146/130 147/147/131
f 145/145/129 147/147/131 144/144/128
f 128/128/112 148/148/110 127/127/108
f 148/148/110 128/128/112 149/149/132
f 28/28/28 27/27/27 150/150/133
f 28/28/28 150/150/133 151/151/134
f 27/27/27 26/26/26 25/25/25
f 151/151/134 150/150/133 152/152/135
f 153/153/136 154/154/137 155/155/138
f 153/153/136 156/156/139 154/154/137
f 156/156/139 157/157/140 158/158/141
f 154/154/137 159/159/142 160/160/143
f 154/154/137 156/156/139 159/159/142
f 154/154/137 161/161/144 155/155/138
f 162/162/133 163/163/145 37/37/37
f 163/163/145 33/33/33 31/31/31
f 163/163/145 38/38/25 33/33/33
f 37/37/37 164/164/146 162/162/133
f 37/37/37 163/163/145 31/31/31
f 37/37/37 36/36/36 164/164/146
f 165/165/147 113/113/103 107/107/99
f 165/165/147 106/106/98 166/166/148
f 165/165/147 167/167/149 113/113/103
f 117/117/107 116/116/106 168/168/150
f 116/116/106 115/115/105 76/76/71
f 168/168/150 116/116/106 169/169/151
f 168/168/150 169/169/151 170/170/152
f 171/171/153 81/81/76 78/78/73
f 171/171/153 80/80/75 133/133/117
f 171/171/153 172/172/154 81/81/76
f 80/80/75 171/171/153 78/78/73
f 36/36/36 31/31/31 48/48/46
f 36/36/36 48/48/46 50/50/48
f 164/164/146 173/173/155 174/174/156
f 164/164/146 36/36/36 173/173/155
f 175/175/140 165/165/147 176/176/157
f 175/175/140 167/167/149 165/165/147
f 176/176/157 165/165/147 166/166/148
f 176/176/157 177/177/158 175/175/140
f 177/177/158 178/178/159 179/179/160
f 177/177/158 176/176/157 180/180/161
f 177/177/158 179/179/160 175/175/140
f 49/49/47 55/55/53 181/181/162
f 50/50/48 49/49/47 182/182/163
f 169/169/151 183/183/164 170/170/152
f 184/184/165 185/185/166 186/186/167
f 185/185/166 187/187/168 186/186/167
f 185/185/166 184/184/165 188/188/169
f 185/185/166 188/188/169 189/189/170
f 185/185/166 190/190/171 187/187/168
f 185/185/166 189/189/170 190/190/171
f 186/186/167 187/187/168 191/191/107
f 192/192/172 136/136/173 193/193/174
f 193/193/174 194/194/175 192/192/172
f 149/149/132 195/195/176 148/148/110
f 195/195/176 149/149/132 196/196/177
f 158/158/141 197/197/178 159/159/142
f 198/198/179 199/199/180 142/142/126
f 199/199/180 200/200/181 143/143/127
f 199/199/180 198/198/179 201/201/182
f 142/142/126 140/140/124 139/139/123
f 142/142/126 199/199/180 143/143/127
f 202/202/183 203/203/184 204/204/185
f 203/203/184 205/205/186 204/204/185
f 146/146/130 145/145/129 206/206/187
f 146/146/130 206/206/187 207/207/183
f 207/207/183 208/208/188 146/146/130
f 196/196/177 209/209/189 195/195/176
f 209/209/189 196/196/177 210/210/190
f 173/173/155 36/36/36 50/50/48
f 180/180/161 178/178/159 177/177/158
f 178/178/159 211/211/191 179/179/160
f 178/178/159 212/212/192 211/211/191
f 178/178/159 180/180/161 213/213/193
f 183/183/164 169/169/151 214/214/194
f 183/183/164 214/214/194 215/215/195
f 214/214/194 216/216/196 215/215/195
f 217/217/197 218/218/198 172/172/154
f 217/217/197 172/172/154 171/171/153
f 217/217/197 133/133/117 219/219/199
f 133/133/117 217/217/197 171/171/153
f 220/220/200 173/173/155 50/50/48
f 182/182/163 220/220/200 50/50/48
f 221/221/201 222/222/202 223/223/196
f 221/221/201 224/224/161 222/222/202
f 221/221/201 225/225/203 226/226/204
f 224/224/161 188/188/169 222/222/202
f 222/222/202 188/188/169 227/227/164
f 223/223/196 225/225/203 221/221/201
f 223/223/196 222/222/202 228/228/205
f 84/84/79 81/81/76 172/172/154
f 84/84/79 82/82/77 81/81/76
f 84/84/79 229/229/206 85/85/80
f 84/84/79 172/172/154 230/230/207
f 230/230/207 172/172/154 218/218/198
f 230/230/207 229/229/206 84/84/79
f 230/230/207 218/218/198 231/231/208
f 230/230/207 231/231/208 232/232/209
f 216/216/196 233/233/210 234/234/211
f 216/216/196 214/214/194 233/233/210
f 208/208/188 207/207/183 235/235/212
f 235/235/212 236/236/213 237/237/214
f 235/235/212 237/237/214 208/208/188
f 210/210/190 238/238/215 209/209/189
f 238/238/216 239/239/217 240/240/218
f 174/174/156 241/241/219 242/242/220
f 174/174/156 243/243/221 244/244/222
f 174/174/156 173/173/155 243/243/221
f 245/245/223 237/237/214 236/236/213
f 237/237/214 246/246/224 208/208/188
f 236/236/213 235/235/212 247/247/225
f 248/248/226 249/249/227 250/250/228
f 249/249/227 248/248/226 251/251/229
f 250/250/228 252/252/230 248/248/226
f 253/253/231 254/254/232 255/255/216
f 253/253/231 256/256/233 257/257/234
f 253/253/231 258/258/190 256/256/233
f 255/255/216 258/258/190 253/253/231
f 259/259/235 260/260/236 261/261/237
f 259/259/235 226/226/204 225/225/203
f 226/226/204 259/259/235 262/262/238
f 263/263/236 234/234/211 233/233/210
f 263/263/236 264/264/239 265/265/237
f 219/219/199 132/132/116 266/266/240
f 219/219/199 267/267/241 217/217/197
f 267/267/241 231/231/208 218/218/198
f 267/267/241 219/219/199 268/268/242
f 269/269/243 270/270/244 271/271/245
f 269/269/243 272/272/236 273/273/246
f 270/270/244 274/274/247 271/271/245
f 275/275/248 182/182/163 181/181/162
f 275/275/248 276/276/249 182/182/163
f 275/275/248 277/277/250 278/278/251
f 181/181/162 277/277/250 275/275/248
f 181/181/162 182/182/163 49/49/47
f 266/266/240 132/132/116 279/279/181
f 266/266/240 280/280/252 281/281/253
f 266/266/240 279/279/181 280/280/252
f 281/281/253 219/219/199 266/266/240
f 281/281/253 282/282/254 268/268/242
f 281/281/253 280/280/252 283/283/255
f 252/252/230 250/250/228 284/284/256
f 252/252/230 284/284/256 285/285/257
f 286/286/256 287/287/258 288/288/257
f 286/286/256 245/245/223 236/236/213
f 286/286/256 247/247/225 289/289/259
f 286/286/256 290/290/260 287/287/258
f 286/286/256 289/289/259 290/290/260
f 291/291/261 292/292/262 293/293/263
f 292/292/262 294/294/264 295/295/255
f 292/292/262 295/295/255 296/296/265
f 292/292/262 291/291/261 297/297/266
f 293/293/263 292/292/262 296/296/265
f 293/293/263 298/298/267 291/291/261
f 293/293/263 200/200/181 199/199/180
f 293/293/263 201/201/182 298/298/267
f 299/299/268 300/300/225 301/301/269
f 299/299/268 302/302/270 303/303/271
f 299/299/268 304/304/272 305/305/260
f 304/304/272 306/306/273 307/307/274
f 240/240/218 239/239/217 308/308/275
f 239/239/217 309/309/276 308/308/275
f 308/308/275 309/309/276 310/310/277
f 311/311/278 254/254/232 253/253/231
f 311/311/278 312/312/276 254/254/232
f 311/311/278 257/257/234 313/313/279
f 243/243/221 173/173/155 220/220/200
f 243/243/221 220/220/200 314/314/280
f 244/244/222 315/315/281 241/241/219
f 316/316/282 317/317/283 318/318/284
f 317/317/283 316/316/282 319/319/285
f 317/317/283 320/320/286 321/321/279
f 317/317/283 322/322/287 320/320/286
f 318/318/284 323/323/238 316/316/282
f 318/318/284 321/321/279 324/324/234
f 318/318/284 317/317/283 321/321/279
f 297/297/266 294/294/264 292/292/262
f 294/294/264 325/325/288 326/326/289
f 309/309/276 327/327/290 310/310/277
f 310/310/277 327/327/290 328/328/291
f 329/329/292 330/330/286 331/331/293
f 329/329/292 332/332/290 312/312/276
f 329/329/292 313/313/279 330/330/286
f 329/329/292 312/312/276 311/311/278
f 319/319/285 322/322/287 317/317/283
f 322/322/287 319/319/285 333/333/294
f 322/322/287 334/334/295 320/320/286
f 314/314/280 220/220/200 276/276/249
f 314/314/280 335/335/296 243/243/221
f 336/336/297 337/337/298 338/338/299
f 337/337/298 339/339/300 338/338/299
f 337/337/298 336/336/297 340/340/301
f 338/338/299 341/341/302 342/342/285
f 338/338/299 339/339/300 343/343/303
f 344/344/304 274/274/247 345/345/305
f 274/274/247 346/346/239 271/271/245
f 274/274/247 270/270/244 347/347/306
f 274/274/247 344/344/304 346/346/239
f 345/345/305 274/274/247 347/347/306
f 345/345/305 348/348/307 344/344/304
f 345/345/305 347/347/306 349/349/308
f 283/283/255 282/282/254 281/281/253
f 283/283/255 350/350/309 282/282/254
f 282/282/254 351/351/310 268/268/242
f 282/282/254 350/350/309 352/352/311
f 231/231/208 267/267/241 353/353/312
f 231/231/208 353/353/312 354/354/313
f 232/232/209 229/229/206 230/230/207
f 232/232/209 231/231/208 355/355/314
f 232/232/209 355/355/314 356/356/315
f 343/343/303 357/357/316 341/341/302
f 343/343/303 339/339/300 358/358/317
f 358/358/317 357/357/316 343/343/303
f 353/353/312 268/268/242 351/351/310
f 353/353/312 359/359/318 354/354/313
f 348/348/307 345/345/305 360/360/319
f 360/360/319 345/345/305 349/349/308
f 360/360/319 361/361/320 348/348/307
f 360/360/319 349/349/308 362/362/321
f 327/327/290 363/363/322 328/328/291
f 328/328/291 363/363/322 364/364/323
f 365/365/291 366/366/324 367/367/266
f 365/365/291 367/367/266 368/368/277
f 367/367/266 369/369/261 368/368/277
f 368/368/277 369/369/261 370/370/275
f 371/371/273 372/372/219 373/373/281
f 371/371/273 373/373/281 374/374/325
f 374/374/325 373/373/281 375/375/326
f 374/374/325 375/375/326 376/376/327
f 331/331/293 377/377/328 378/378/329
f 331/331/293 332/332/290 329/329/292
f 331/331/293 379/379/330 332/332/290
f 315/315/281 244/244/222 380/380/331
f 380/380/331 243/243/221 335/335/296
f 380/380/331 244/244/222 243/243/221
f 333/333/294 381/381/332 322/322/287
f 381/381/332 382/382/333 383/383/328
f 381/381/332 333/333/294 384/384/334
f 381/381/332 384/384/334 382/382/333
f 381/381/332 383/383/328 322/322/287
f 385/385/335 386/386/336 387/387/337
f 385/385/335 388/388/338 386/386/336
f 385/385/335 389/389/339 388/388/338
f 386/386/336 390/390/340 391/391/341
f 387/387/337 391/391/341 392/392/342
f 387/387/337 386/386/336 391/391/341
f 393/393/323 366/366/324 365/365/291
f 376/376/327 375/375/326 394/394/343
f 377/377/328 395/395/344 378/378/329
f 378/378/329 379/379/330 331/331/293
f 382/382/333 384/384/334 396/396/345
f 382/382/333 397/397/346 398/398/347
f 383/383/328 334/334/295 322/322/287
f 335/335/296 399/399/348 380/380/331
f 335/335/296 400/400/349 399/399/348
f 335/335/296 314/314/280 401/401/350
f 401/401/350 402/402/351 403/403/352
f 401/401/350 403/403/352 404/404/353
f 357/357/316 405/405/354 406/406/334
f 405/405/354 357/357/316 358/358/317
f 406/406/334 407/407/355 408/408/356
f 406/406/334 341/341/302 357/357/316
f 406/406/334 405/405/354 407/407/355
f 341/341/302 338/338/299 343/343/303
f 361/361/320 360/360/319 409/409/357
f 409/409/357 362/362/321 410/410/358
f 409/409/357 411/411/359 361/361/320
f 409/409/357 360/360/319 362/362/321
f 352/352/311 412/412/360 359/359/318
f 352/352/311 359/359/318 351/351/310
f 352/352/311 350/350/309 413/413/361
f 352/352/311 351/351/310 282/282/254
f 414/414/358 415/415/362 416/416/338
f 416/416/338 415/415/362 417/417/308
f 416/416/338 417/417/308 418/418/363
f 419/419/364 408/408/356 407/407/355
f 419/419/364 420/420/365 421/421/366
f 420/420/365 407/407/355 405/405/354
f 421/421/366 422/422/367 419/419/364
f 354/354/313 355/355/314 231/231/208
f 411/411/359 409/409/357 423/423/368
f 423/423/368 409/409/357 410/410/358
f 423/423/368 410/410/358 424/424/369
f 423/423/368 425/425/370 411/411/359
f 413/413/361 426/426/371 412/412/360
f 413/413/361 412/412/360 352/352/311
f 412/412/360 427/427/372 359/359/318
f 428/428/369 414/414/358 429/429/373
f 429/429/373 430/430/374 428/428/369
f 431/431/375 432/432/376 385/385/335
f 431/431/375 433/433/377 432/432/376
f 432/432/376 433/433/377 434/434/373
f 435/435/378 436/436/379 437/437/380
f 435/435/378 437/437/380 438/438/381
f 438/438/381 437/437/380 439/439/382
f 438/438/381 439/439/382 440/440/383
f 441/441/384 442/442/385 443/443/386
f 442/442/385 441/441/384 444/444/387
f 443/443/386 445/445/329 441/441/384
f 443/443/386 364/364/323 363/363/322
f 446/446/343 437/437/380 447/447/388
f 447/447/388 436/436/379 448/448/325
f 394/394/343 375/375/326 449/449/389
f 394/394/343 449/449/389 450/450/390
f 451/451/391 380/380/331 399/399/348
f 451/451/391 315/315/281 380/380/331
f 399/399/348 400/400/349 452/452/392
f 407/407/355 420/420/365 419/419/364
f 453/453/390 439/439/382 446/446/343
f 453/453/390 454/454/393 439/439/382
f 439/439/382 437/437/380 446/446/343
f 450/450/390 455/455/394 456/456/395
f 452/452/392 457/457/389 399/399/348
f 452/452/392 400/400/349 458/458/396
f 452/452/392 459/459/394 457/457/389
f 457/457/389 451/451/391 399/399/348
f 400/400/349 401/401/350 404/404/353
f 400/400/349 335/335/296 401/401/350
f 460/460/397 461/461/398 397/397/346
f 461/461/398 460/460/397 462/462/399
f 461/461/398 463/463/400 397/397/346
f 397/397/346 463/463/400 398/398/347
f 397/397/346 464/464/401 460/460/397
f 397/397/346 382/382/333 396/396/345
f 404/404/353 403/403/352 465/465/402
f 404/404/353 458/458/396 400/400/349
f 422/422/367 466/466/403 467/467/404
f 422/422/367 467/467/404 419/419/364
f 466/466/403 422/422/367 421/421/366
f 466/466/403 468/468/405 467/467/404
f 467/467/404 408/408/356 419/419/364
f 467/467/404 468/468/405 469/469/406
f 468/468/405 470/470/407 471/471/408
f 468/468/405 472/472/399 469/469/406
f 473/473/403 474/474/370 475/475/409
f 473/473/403 476/476/410 474/474/370
f 473/473/403 475/475/409 477/477/411
f 477/477/411 478/478/412 479/479/413
f 480/480/414 481/481/415 482/482/416
f 480/480/414 483/483/417 484/484/418
f 480/480/414 485/485/371 483/483/417
f 480/480/414 486/486/419 485/485/371
f 483/483/417 487/487/309 484/484/418
f 484/484/418 488/488/420 489/489/421
f 484/484/418 481/481/415 480/480/414
f 484/484/418 489/489/421 481/481/415
f 440/440/383 454/454/393 490/490/422
f 491/491/423 492/492/424 493/493/425
f 491/491/423 494/494/412 495/495/426
f 494/494/412 496/496/427 495/495/426
f 495/495/426 492/492/424 491/491/423
f 495/495/426 496/496/427 497/497/374
f 426/426/371 427/427/372 412/412/360
f 426/426/371 498/498/428 427/427/372
f 427/427/372 499/499/429 500/500/430
f 427/427/372 500/500/430 359/359/318
f 482/482/416 486/486/419 480/480/414
f 486/486/419 482/482/416 501/501/431
f 502/502/422 503/503/432 504/504/383
f 502/502/422 505/505/433 506/506/434
f 504/504/383 503/503/432 431/431/375
f 444/444/435 507/507/436 508/508/437
f 509/509/438 510/510/439 511/511/384
f 509/509/438 512/512/440 513/513/441
f 509/509/438 511/511/384 514/514/442
f 513/513/441 510/510/439 509/509/438
f 513/513/441 515/515/443 516/516/444
f 462/462/399 517/517/445 461/461/398
f 517/517/445 518/518/440 461/461/398
f 517/517/445 462/462/399 519/519/446
f 470/470/407 468/468/405 520/520/447
f 355/355/314 354/354/313 521/521/448
f 356/356/315 355/355/314 522/522/449
f 356/356/315 229/229/206 232/232/209
f 523/523/450 277/277/250 524/524/451
f 523/523/450 403/403/352 278/278/251
f 523/523/450 465/465/402 403/403/352
f 278/278/251 277/277/250 523/523/450
f 278/278/251 276/276/249 275/275/248
f 278/278/251 403/403/352 402/402/351
f 479/479/413 478/478/412 525/525/452
f 478/478/412 477/477/411 475/475/409
f 525/525/452 526/526/453 527/527/454
f 515/515/443 513/513/441 512/512/440
f 515/515/443 528/528/455 516/516/444
f 528/528/455 529/529/456 530/530/457
f 516/516/444 528/528/455 531/531/458
f 459/459/394 452/452/392 532/532/459
f 532/532/459 452/452/392 458/458/396
f 519/519/446 533/533/460 517/517/445
f 533/533/460 519/519/446 534/534/461
f 533/533/460 535/535/462 536/536/456
f 533/533/460 537/537/443 517/517/445
f 521/521/448 500/500/430 538/538/463
f 521/521/448 522/522/449 355/355/314
f 521/521/448 359/359/318 500/500/430
f 493/493/425 539/539/453 491/491/423
f 493/493/425 540/540/464 539/539/453
f 539/539/453 494/494/412 491/491/423
f 541/541/424 542/542/465 543/543/434
f 542/542/465 541/541/424 544/544/426
f 545/545/431 546/546/466 547/547/467
f 545/545/468 548/548/416 549/549/469
f 549/549/469 548/548/416 550/550/470
f 551/551/471 493/493/425 552/552/472
f 551/551/471 553/553/473 540/540/464
f 551/551/471 554/554/474 555/555/475
f 498/498/428 499/499/429 427/427/372
f 499/499/429 556/556/476 557/557/477
f 499/499/429 498/498/428 558/558/478
f 559/559/479 560/560/472 561/561/480
f 560/560/472 562/562/481 561/561/480
f 505/505/433 563/563/482 564/564/483
f 563/563/482 505/505/433 502/502/422
f 564/564/483 565/565/484 505/505/433
f 530/530/457 531/531/458 528/528/455
f 530/530/457 529/529/456 566/566/485
f 534/534/461 535/535/462 533/533/460
f 535/535/462 567/567/486 536/536/456
f 535/535/462 534/534/461 568/568/487
f 569/569/488 465/465/402 570/570/489
f 569/569/488 571/571/490 458/458/396
f 569/569/488 458/458/396 404/404/353
f 465/465/402 569/569/488 404/404/353
f 465/465/402 523/523/450 524/524/451
f 572/572/491 573/573/492 574/574/493
f 573/573/492 575/575/494 574/574/493
f 573/573/492 572/572/491 576/576/454
f 574/574/493 577/577/495 578/578/461
f 579/579/496 459/459/394 532/532/459
f 579/579/496 532/532/459 580/580/497
f 580/580/497 571/571/490 581/581/498
f 580/580/497 532/532/459 458/458/396
f 580/580/497 458/458/396 571/571/490
f 536/536/456 582/582/455 533/533/460
f 568/568/487 583/583/499 567/567/486
f 568/568/487 567/567/486 535/535/462
f 500/500/430 557/557/477 538/538/463
f 538/538/463 584/584/500 522/522/449
f 538/538/463 585/585/501 586/586/502
f 522/522/449 521/521/448 538/538/463
f 553/553/473 551/551/471 555/555/475
f 555/555/475 587/587/503 588/588/504
f 555/555/475 589/589/505 553/553/473
f 558/558/478 590/590/506 556/556/476
f 558/558/478 556/556/476 499/499/429
f 556/556/476 590/590/506 591/591/507
f 592/592/508 593/593/474 559/559/479
f 593/593/474 560/560/472 559/559/479
f 565/565/484 564/564/483 594/594/509
f 565/565/484 595/595/510 505/505/433
f 594/594/509 596/596/511 565/565/484
f 597/597/512 598/598/513 599/599/514
f 598/598/513 597/597/512 600/600/515
f 599/599/514 601/601/516 602/602/458
f 599/599/514 603/603/517 597/597/512
f 604/604/518 605/605/519 454/454/393
f 604/604/518 606/606/520 607/607/521
f 606/606/520 454/454/393 608/608/522
f 607/607/521 609/609/523 604/604/518
f 529/529/456 610/610/524 566/566/485
f 566/566/485 611/611/512 530/530/457
f 612/612/525 613/613/503 592/592/508
f 613/613/503 593/593/474 592/592/508
f 614/614/526 615/615/527 616/616/528
f 614/614/526 617/617/478 615/615/527
f 615/615/527 617/617/478 618/618/529
f 596/596/511 594/594/509 619/619/530
f 596/596/511 620/620/531 565/565/484
f 619/619/530 621/621/525 596/596/511
f 609/609/523 607/607/521 622/622/532
f 622/622/532 623/623/533 609/609/523
f 624/624/534 625/625/535 626/626/536
f 625/625/535 627/627/537 628/628/538
f 625/625/535 624/624/534 629/629/539
f 625/625/535 629/629/539 627/627/537
f 626/626/536 611/611/512 566/566/485
f 626/626/536 628/628/538 611/611/512
f 626/626/536 610/610/524 624/624/534
f 626/626/536 625/625/535 628/628/538
f 581/581/498 630/630/540 631/631/541
f 581/581/498 571/571/490 630/630/540
f 581/581/498 632/632/542 580/580/497
f 632/632/542 579/579/496 580/580/497
f 633/633/543 630/630/540 571/571/490
f 633/633/543 571/571/490 569/569/488
f 570/570/489 633/633/543 569/569/488
f 570/570/489 634/634/544 633/633/543
f 635/635/545 636/636/546 637/637/547
f 635/635/545 575/575/494 638/638/548
f 636/636/546 635/635/545 639/639/505
f 636/636/546 640/640/549 637/637/547
f 637/637/547 641/641/550 642/642/551
f 637/637/547 640/640/549 643/643/552
f 644/644/546 645/645/553 646/646/549
f 644/644/546 647/647/505 645/645/553
f 645/645/553 648/648/554 646/646/549
f 643/643/552 640/640/549 649/649/554
f 643/643/552 650/650/555 641/641/550
f 649/649/554 650/650/555 643/643/552
f 586/586/502 585/585/501 651/651/556
f 586/586/502 652/652/557 584/584/500
f 586/586/502 584/584/500 538/538/463
f 586/586/502 651/651/556 653/653/558
f 584/584/500 356/356/315 522/522/449
f 591/591/507 654/654/559 556/556/476
f 654/654/559 557/557/477 556/556/476
f 654/654/559 655/655/560 585/585/501
f 654/654/559 656/656/561 655/655/560
f 621/621/525 657/657/562 658/658/563
f 621/621/525 658/658/563 659/659/564
f 658/658/563 660/660/565 661/661/566
f 659/659/564 661/661/566 662/662/567
f 659/659/564 658/658/563 661/661/566
f 600/600/515 663/663/537 664/664/568
f 665/665/569 666/666/570 667/667/571
f 665/665/569 668/668/542 666/666/570
f 668/668/542 669/669/521 670/670/496
f 666/666/570 671/671/572 667/667/571
f 662/662/567 661/661/566 672/672/573
f 662/662/567 672/672/573 673/673/574
f 674/674/575 675/675/561 676/676/576
f 674/674/575 676/676/576 677/677/577
f 677/677/577 616/616/528 678/678/578
f 677/677/577 679/679/579 674/674/575
f 677/677/577 676/676/576 614/614/526
f 675/675/561 680/680/580 681/681/581
f 682/682/582 661/661/566 660/660/565
f 660/660/565 658/658/563 657/657/562
f 683/683/565 684/684/583 685/685/582
f 684/684/583 686/686/571 687/687/584
f 684/684/583 688/688/585 685/685/582
f 684/684/583 689/689/586 690/690/587
f 629/629/539 691/691/588 627/627/537
f 629/629/539 692/692/589 691/691/588
f 691/691/588 693/693/590 694/694/591
f 691/691/588 694/694/591 695/695/592
f 631/631/541 696/696/570 581/581/498
f 631/631/541 630/630/540 697/697/593
f 698/698/594 650/650/555 649/649/554
f 698/698/594 699/699/595 650/650/555
f 699/699/595 700/700/596 701/701/597
f 650/650/555 702/702/598 641/641/550
f 650/650/555 699/699/595 702/702/598
f 703/703/594 704/704/599 705/705/600
f 704/704/599 648/648/554 706/706/601
f 705/705/600 707/707/602 708/708/603
f 634/634/544 630/630/540 633/633/543
f 634/634/544 709/709/604 710/710/605
f 634/634/544 711/711/606 630/630/540
f 634/634/544 570/570/489 712/712/607
f 634/634/544 712/712/607 709/709/604
f 700/700/596 713/713/608 701/701/597
f 700/700/596 699/699/595 714/714/609
f 701/701/597 715/715/610 716/716/611
f 701/701/597 702/702/598 699/699/595
f 717/717/612 277/277/250 718/718/613
f 717/717/612 712/712/607 570/570/489
f 717/717/612 709/709/604 712/712/607
f 717/717/612 570/570/489 524/524/451
f 524/524/451 277/277/250 717/717/612
f 524/524/451 570/570/489 465/465/402
f 708/708/603 707/707/602 719/719/608
f 707/707/602 720/720/614 721/721/615
f 707/707/602 705/705/600 704/704/599
f 719/719/608 707/707/602 721/721/615
f 672/672/573 661/661/566 682/682/582
f 673/673/574 672/672/573 722/722/616
f 722/722/616 723/723/617 673/673/574
f 722/722/616 672/672/573 682/682/582
f 724/724/618 725/725/619 726/726/620
f 725/725/619 727/727/621 728/728/622
f 726/726/620 729/729/623 724/724/618
f 726/726/620 664/664/568 729/729/623
f 671/671/572 730/730/624 731/731/586
f 671/671/572 666/666/570 730/730/624
f 730/730/624 732/732/625 731/731/586
f 697/697/593 733/733/626 631/631/541
f 697/697/593 734/734/625 733/733/626
f 697/697/593 630/630/540 711/711/606
f 735/735/590 736/736/627 737/737/628
f 735/735/590 738/738/629 739/739/630
f 740/740/631 735/735/590 737/737/628
f 740/740/631 738/738/629 735/735/590
f 738/738/629 741/741/632 739/739/630
f 738/738/629 740/740/631 742/742/610
f 694/694/591 743/743/630 744/744/633
f 694/694/591 744/744/633 745/745/634
f 743/743/630 746/746/632 744/744/633
f 744/744/633 747/747/621 748/748/619
f 744/744/633 749/749/635 750/750/636
f 741/741/632 742/742/610 751/751/637
f 741/741/632 752/752/638 753/753/635
f 742/742/610 741/741/632 738/738/629
f 721/721/615 720/720/614 754/754/639
f 754/754/639 755/755/640 756/756/641
f 653/653/558 757/757/642 652/652/557
f 653/653/558 651/651/556 758/758/643
f 653/653/558 759/759/644 757/757/642
f 652/652/557 586/586/502 653/653/558
f 760/760/581 761/761/645 655/655/560
f 761/761/645 760/760/581 762/762/646
f 761/761/645 758/758/643 651/651/556
f 655/655/560 761/761/645 651/651/556
f 655/655/560 651/651/556 585/585/501
f 763/763/647 356/356/315 584/584/500
f 763/763/647 757/757/642 764/764/648
f 763/763/647 229/229/206 356/356/315
f 763/763/647 584/584/500 652/652/557
f 763/763/647 652/652/557 757/757/642
f 764/764/648 229/229/206 763/763/647
f 764/764/648 759/759/644 765/765/649
f 764/764/648 757/757/642 759/759/644
f 766/766/650 767/767/651 768/768/652
f 767/767/651 689/689/586 769/769/653
f 768/768/652 770/770/654 771/771/655
f 768/768/652 767/767/651 769/769/653
f 772/772/656 773/773/657 774/774/658
f 773/773/657 772/772/656 722/722/616
f 774/774/658 775/775/659 772/772/656
f 776/776/622 777/777/660 778/778/619
f 776/776/622 779/779/661 780/780/662
f 750/750/636 747/747/621 744/744/633
f 750/750/636 781/781/663 747/747/621
f 750/750/636 749/749/635 782/782/664
f 734/734/625 697/697/593 783/783/665
f 783/783/665 711/711/606 784/784/666
f 783/783/665 697/697/593 711/711/606
f 783/783/665 785/785/667 734/734/625
f 786/786/661 787/787/663 788/788/668
f 787/787/663 728/728/622 727/727/621
f 787/787/663 789/789/669 788/788/668
f 788/788/668 789/789/669 790/790/670
f 782/782/664 781/781/663 750/750/636
f 782/782/664 791/791/671 792/792/672
f 782/782/664 793/793/669 781/781/663
f 784/784/666 711/711/606 634/634/544
f 784/784/666 634/634/544 710/710/605
f 794/794/673 795/795/674 796/796/675
f 794/794/673 797/797/676 798/798/677
f 794/794/673 796/796/675 799/799/678
f 799/799/678 800/800/641 794/794/673
f 799/799/678 801/801/679 802/802/680
f 803/803/681 756/756/641 755/755/640
f 803/803/681 804/804/682 805/805/683
f 804/804/682 806/806/684 805/805/683
f 807/807/685 762/762/646 808/808/686
f 807/807/685 758/758/643 761/761/645
f 807/807/685 809/809/687 810/810/688
f 807/807/685 811/811/689 758/758/643
f 807/807/685 810/810/688 811/811/689
f 758/758/643 812/812/690 653/653/558
f 813/813/691 814/814/692 815/815/693
f 813/813/691 775/775/659 816/816/694
f 816/816/694 775/775/659 774/774/658
f 816/816/694 774/774/658 817/817/695
f 818/818/696 819/819/659 820/820/691
f 819/819/659 821/821/697 822/822/698
f 820/820/691 823/823/699 818/818/696
f 814/814/692 813/813/691 816/816/694
f 814/814/692 816/816/694 817/817/695
f 771/771/655 766/766/650 768/768/652
f 771/771/655 824/824/700 825/825/692
f 825/825/692 824/824/700 826/826/701
f 825/825/692 826/826/701 827/827/702
f 828/828/703 829/829/704 830/830/705
f 829/829/704 831/831/706 832/832/707
f 829/829/704 828/828/703 833/833/681
f 829/829/704 832/832/707 834/834/699
f 830/830/705 834/834/699 835/835/708
f 830/830/705 836/836/709 828/828/703
f 830/830/705 829/829/704 834/834/699
f 823/823/699 820/820/691 837/837/710
f 837/837/710 838/838/708 823/823/699
f 789/789/669 839/839/711 790/790/670
f 840/840/712 841/841/713 842/842/668
f 840/840/712 843/843/714 841/841/713
f 842/842/668 841/841/713 779/779/661
f 844/844/654 845/845/667 846/846/715
f 844/844/654 847/847/716 845/845/667
f 844/844/654 846/846/715 848/848/717
f 848/848/717 846/846/715 849/849/718
f 792/792/672 850/850/711 793/793/669
f 850/850/711 851/851/719 852/852/720
f 850/850/711 791/791/671 851/851/719
f 850/850/711 853/853/721 854/854/722
f 793/793/669 782/782/664 792/792/672
f 855/855/723 856/856/724 857/857/671
f 855/855/723 858/858/675 859/859/674
f 856/856/724 859/859/674 860/860/725
f 857/857/671 752/752/638 855/855/723
f 710/710/605 709/709/604 718/718/613
f 710/710/605 53/53/51 34/34/34
f 861/861/726 795/795/674 798/798/677
f 861/861/726 862/862/684 863/863/727
f 861/861/726 864/864/728 795/795/674
f 861/861/726 798/798/677 797/797/676
f 795/795/674 794/794/673 798/798/677
f 718/718/613 277/277/250 54/54/52
f 718/718/613 709/709/604 717/717/612
f 849/849/718 846/846/715 865/865/729
f 852/852/720 853/853/721 850/850/711
f 853/853/721 852/852/720 866/866/730
f 853/853/721 867/867/731 868/868/732
f 853/853/721 869/869/733 854/854/722
f 853/853/721 868/868/732 869/869/733
f 870/870/734 784/784/666 871/871/735
f 870/870/734 783/783/665 784/784/666
f 870/870/734 785/785/667 783/783/665
f 871/871/735 784/784/666 710/710/605
f 871/871/735 710/710/605 34/34/34
f 863/863/727 872/872/736 864/864/728
f 872/872/736 873/873/737 864/864/728
f 872/872/736 863/863/727 862/862/684
f 864/864/728 873/873/737 874/874/738
f 864/864/728 861/861/726 863/863/727
f 873/873/737 875/875/739 874/874/738
f 759/759/644 653/653/558 812/812/690
f 765/765/649 229/229/206 764/764/648
f 765/765/649 86/86/81 85/85/80
f 765/765/649 759/759/644 876/876/740
f 836/836/709 877/877/741 878/878/742
f 836/836/709 830/830/705 835/835/708
f 835/835/708 877/877/741 836/836/709
f 835/835/708 879/879/743 877/877/741
f 877/877/741 880/880/744 878/878/742
f 877/877/741 881/881/745 880/880/744
f 838/838/708 882/882/746 883/883/743
f 838/838/708 837/837/710 884/884/747
f 884/884/747 882/882/746 838/838/708
f 885/885/748 886/886/749 887/887/746
f 886/886/749 885/885/748 888/888/750
f 889/889/751 843/843/714 840/840/712
f 889/889/751 890/890/752 843/843/714
f 891/891/753 892/892/754 810/810/688
f 892/892/754 811/811/689 810/810/688
f 892/892/754 891/891/753 893/893/755
f 892/892/754 894/894/756 895/895/757
f 810/810/688 809/809/687 891/891/753
f 896/896/758 883/883/743 882/882/746
f 897/897/759 887/887/746 886/886/749
f 897/897/759 886/886/749 888/888/750
f 897/897/759 898/898/760 899/899/758
f 897/897/759 899/899/758 887/887/746
f 900/900/733 901/901/761 902/902/762
f 900/900/733 890/890/752 889/889/751
f 903/903/763 904/904/764 905/905/765
f 903/903/763 905/905/765 906/906/766
f 903/903/763 907/907/720 908/908/767
f 908/908/767 909/909/738 910/910/739
f 908/908/767 907/907/720 856/856/724
f 908/908/767 860/860/725 909/909/738
f 911/911/768 912/912/769 913/913/770
f 912/912/769 911/911/768 914/914/771
f 912/912/769 873/873/737 913/913/770
f 913/913/770 873/873/737 872/872/736
f 915/915/772 916/916/773 917/917/774
f 916/916/773 918/918/775 870/870/734
f 916/916/773 870/870/734 871/871/735
f 917/917/774 916/916/773 871/871/735
f 917/917/774 919/919/776 915/915/772
f 917/917/774 871/871/735 32/32/32
f 917/917/774 39/39/24 919/919/776
f 34/34/34 32/32/32 871/871/735
f 920/920/777 921/921/778 914/914/771
f 920/920/777 914/914/771 922/922/779
f 920/920/777 923/923/780 921/921/778
f 914/914/771 875/875/739 912/912/769
f 924/924/781 895/895/757 87/87/82
f 924/924/781 86/86/81 876/876/740
f 924/924/781 876/876/740 812/812/690
f 812/812/690 876/876/740 759/759/644
f 812/812/690 758/758/643 811/811/689
f 895/895/757 924/924/781 812/812/690
f 925/925/782 878/878/742 880/880/744
f 925/925/782 880/880/744 926/926/783
f 926/926/783 881/881/745 927/927/784
f 926/926/783 928/928/785 925/925/782
f 929/929/784 896/896/758 930/930/786
f 931/931/787 932/932/788 898/898/760
f 931/931/787 897/897/759 933/933/789
f 934/934/790 935/935/718 936/936/791
f 935/935/718 934/934/790 937/937/792
f 936/936/791 938/938/793 934/934/790
f 928/928/785 926/926/783 939/939/794
f 939/939/794 940/940/795 928/928/785
f 939/939/794 941/941/796 942/942/797
f 939/939/794 927/927/784 941/941/796
f 893/893/755 894/894/756 892/892/754
f 894/894/756 87/87/82 895/895/757
f 894/894/756 893/893/755 943/943/8
f 894/894/756 943/943/8 944/944/798
f 894/894/756 945/945/799 87/87/82
f 946/946/800 947/947/761 948/948/732
f 946/946/800 949/949/801 950/950/802
f 949/949/801 951/951/803 952/952/804
f 938/938/793 936/936/791 953/953/805
f 953/953/805 954/954/806 938/938/793
f 955/955/807 956/956/808 957/957/809
f 955/955/807 867/867/731 958/958/766
f 956/956/808 959/959/800 957/957/809
f 956/956/808 960/960/44 961/961/810
f 957/957/809 868/868/732 867/867/731
f 962/962/811 963/963/812 964/964/813
f 963/963/812 47/47/45 46/46/44
f 963/963/812 962/962/811 965/965/814
f 963/963/812 966/966/807 964/964/813
f 964/964/813 906/906/766 905/905/765
f 964/964/813 967/967/815 962/962/811
f 965/965/814 47/47/45 963/963/812
f 47/47/45 965/965/814 44/44/42
f 53/53/51 35/35/35 34/34/34
f 53/53/51 710/710/605 718/718/613
f 968/968/816 969/969/811 970/970/817
f 968/968/816 971/971/814 969/969/811
f 968/968/816 61/61/58 971/971/814
f 968/968/816 972/972/818 62/62/59
f 62/62/59 61/61/58 968/968/816
f 87/87/82 83/83/78 924/924/781
f 69/69/66 973/973/819 64/64/61
f 69/69/66 974/974/820 942/942/797
f 942/942/797 940/940/795 939/939/794
f 942/942/797 973/973/819 69/69/66
f 975/975/797 976/976/796 977/977/821
f 976/976/796 929/929/784 930/930/786
f 977/977/821 978/978/819 975/975/797
f 8/8/8 979/979/822 980/980/823
f 980/980/823 981/981/824 982/982/762
f 980/980/823 6/6/6 8/8/8
f 16/16/16 983/983/825 984/984/826
f 983/983/825 985/985/827 984/984/826
f 983/983/825 15/15/15 986/986/828
f 954/954/806 953/953/805 987/987/23
f 954/954/806 988/988/829 989/989/830
f 988/988/829 990/990/11 989/989/830
f 988/988/829 987/987/23 991/991/22
f 987/987/23 988/988/829 954/954/806
f 978/978/819 977/977/821 992/992/831
f 992/992/831 993/993/62 994/994/61
f 992/992/831 994/994/61 978/978/819
f 12/12/12 983/983/825 16/16/16
f 995/995/7 996/996/832 997/997/833
f 996/996/832 998/998/834 997/997/833
f 21/21/21 19/19/19 999/999/7
f 21/21/21 952/952/804 951/951/803
f 999/999/7 952/952/804 21/21/21
f 991/991/22 1000/1000/835 988/988/829
f 961/961/810 960/960/44 1001/1001/21
f 960/960/44 1002/1002/836 1001/1001/21
f 960/960/44 1003/1003/837 1002/1002/836
f 1001/1001/21 1004/1004/838 961/961/810
f 44/44/42 42/42/40 47/47/45
f 68/68/65 974/974/820 69/69/66
f 944/944/798 945/945/799 894/894/756
f 944/944/798 135/135/2 945/945/799
f 945/945/799 131/131/115 79/79/74
f 945/945/799 79/79/74 87/87/82
f 1005/1005/839 1006/1006/840 1007/1007/841
f 1005/1005/839 1008/1008/842 1006/1006/840
f 1007/1007/841 1006/1006/840 1009/1009/843
f 1010/1010/844 1011/1011/845 1012/1012/846
f 1012/1012/846 1011/1011/845 1013/1013/847
f 1013/1013/847 1014/1014/848 1015/1015/849
f 1016/1016/850 1017/1017/851 1018/1018/852
f 1016/1016/850 1019/1019/853 1017/1017/851
f 1019/1019/853 1020/1020/854 1014/1014/848
f 1018/1018/852 1017/1017/851 1021/1021/855
f 1021/1021/855 1017/1017/851 1022/1022/856
f 1021/1021/855 1022/1022/856 1023/1023/857
f 1023/1023/857 1022/1022/856 1024/1024/858
f 1024/1024/858 1025/1025/859 1026/1026/860
f 1024/1024/858 1022/1022/856 1025/1025/859
f 1026/1026/860 1025/1025/859 1027/1027/861
f 1028/1028/862 1029/1027/863 1030/1025/864
f 1031/1029/865 1029/1027/863 1028/1028/862
f 1031/1029/865 1032/1030/866 1029/1027/863
f 1031/1029/865 1033/1031/867 1032/1030/866
f 1034/1032/868 1026/1026/860 1027/1027/861
f 1034/1032/868 1035/1030/869 1036/1033/870
f 1034/1032/868 1027/1027/861 1035/1030/869
f 1036/1033/870 1035/1030/869 1037/1034/871
f 1038/1035/872 1039/1036/873 1040/1037/874
f 1038/1035/872 1040/1037/874 1041/1038/875
f 1041/1038/875 1042/1039/876 1043/1040/877
f 1044/1041/878 1045/1039/879 1046/1037/880
f 1047/1042/881 1048/1043/882 1045/1039/879
f 1047/1042/881 1045/1039/879 1044/1041/878
f 1049/1044/883 1050/1043/884 1051/1045/885
f 1049/1044/883 1042/1039/876 1050/1043/884
f 1051/1045/885 1052/1046/886 1053/1047/887
f 1051/1045/885 1050/1043/884 1052/1046/886
f 1054/1048/888 1048/1043/882 1047/1042/881
f 1054/1048/888 1055/1049/889 1056/1046/890
f 1054/1048/888 1056/1046/890 1048/1043/882
f 1053/1047/887 1052/1046/886 1057/1050/891
f 1057/1050/891 1052/1046/886 1008/1008/842
f 1057/1050/891 1008/1008/842 1058/1051/892
f 1058/1051/892 1008/1008/842 1005/1005/839
f 1059/1052/893 1060/1008/894 1061/1053/895
f 1059/1052/893 1062/1006/896 1060/1008/894
f 1060/1008/894 1056/1046/890 1061/1053/895
f 1061/1053/895 1056/1046/890 1055/1049/889
f 1063/1054/897 1064/1055/898 1065/1056/899
f 1066/1057/900 1067/1058/901 1064/1055/898
f 1066/1057/900 1064/1055/898 1063/1054/897
f 1068/1059/902 1067/1058/901 1066/1057/900
f 1068/1059/902 1069/1060/903 1070/1061/904
f 1071/1062/905 1072/1063/906 1073/1064/907
f 1073/1064/907 1070/1061/904 1069/1060/903
f 1074/1065/908 1072/1063/906 1071/1062/905
f 1075/1066/909 1076/1067/910 1077/1068/911
f 1076/1067/910 1072/1063/906 1077/1068/911
f 1077/1068/911 1072/1063/906 1074/1065/908
f 1078/1069/912 1079/1070/913 1080/1071/914
f 1080/1071/914 1081/1072/915 1082/1073/916
f 1080/1071/914 1082/1073/916 1078/1069/912
f 1083/1074/917 1079/1070/913 1078/1069/912
f 1083/1074/917 1084/1075/918 1079/1070/913
f 1085/1076/919 1086/1077/920 1084/1075/918
f 1085/1076/919 1084/1075/918 1083/1074/917
f 1087/1078/921 1088/1028/922 1089/1079/923
f 1090/1080/924 1088/1028/922 1087/1078/921
f 1091/1081/925 1092/1082/926 1093/1031/927
f 1093/1031/927 1094/1083/928 1091/1081/925
f 1093/1031/927 1095/1029/929 1094/1083/928
f 1096/1084/930 1092/1082/926 1091/1081/925
f 1096/1084/930 1097/1085/931 1092/1082/926
f 1098/1086/932 1097/1085/931 1096/1084/930
f 1098/1086/932 1099/1087/933 1097/1085/931
f 1100/1088/934 1101/1049/935 1102/1048/936
f 1103/1089/937 1101/1049/935 1100/1088/934
f 1103/1089/937 1104/1053/938 1101/1049/935
f 1105/1005/939 1106/1007/940 1107/1090/941
f 1105/1005/939 1108/1091/942 1109/1051/943
f 1105/1005/939 1107/1090/941 1108/1091/942
f 1107/1090/941 1106/1007/940 1110/1092/944
f 1109/1051/943 1108/1091/942 1111/1093/945
f 1109/1051/943 1111/1093/945 1112/1050/946
f 1112/1050/946 1111/1093/945 1113/1089/947
f 1112/1050/946 1113/1089/947 1114/1047/948
f 1114/1047/948 1115/1088/949 1116/1045/950
f 1114/1047/948 1113/1089/947 1115/1088/949
f 1115/1088/949 1117/1094/951 1116/1045/950
f 1118/1026/952 1119/1078/953 1120/1024/954
f 1118/1026/952 1121/1080/955 1119/1078/953
f 1119/1078/953 1122/1095/956 1120/1024/954
f 1123/1021/957 1124/1023/958 1125/1096/959
f 1123/1021/957 1125/1096/959 1126/1074/960
f 1123/1021/957 1126/1074/960 1127/1018/961
f 1125/1096/959 1124/1023/958 1122/1095/956
f 1127/1018/961 1126/1074/960 1128/1069/962
f 1127/1018/961 1128/1069/962 1129/1016/963
f 1129/1016/963 1128/1069/962 1130/1073/964
f 1131/1012/965 1132/1062/966 1133/1010/967
f 1131/1012/965 1134/1065/968 1132/1062/966
f 1134/1065/968 1135/1015/969 1136/1068/970
f 1133/1010/967 1132/1062/966 1137/1060/971
f 1138/1097/972 1139/1098/973 1140/1099/974
f 1138/1097/972 1141/1100/975 1142/1101/976
f 1138/1097/972 1142/1101/976 1139/1098/973
f 1140/1099/974 1143/1102/977 1144/1103/978
f 1145/1104/979 1146/1105/980 1147/1106/981
f 1145/1104/979 1148/1107/982 1149/1108/983
f 1149/1108/983 1148/1107/982 1150/1109/984
f 1149/1108/983 1150/1109/984 1151/1110/985
f 1151/1110/985 1150/1109/984 1152/1111/986
f 1151/1110/985 1152/1111/986 1153/1112/987
f 1153/1112/987 1152/1111/986 1154/1113/988
f 1153/1112/987 1154/1113/988 1155/1114/989
f 1155/1114/989 1154/1113/988 1156/1115/990
f 1155/1114/989 1156/1115/990 1157/1116/991
f 1157/1116/991 1158/1117/992 1159/1118/993
f 1157/1116/991 1156/1115/990 1158/1117/992
f 1159/1118/993 1158/1117/992 1160/1119/994
f 1159/1118/993 1160/1119/994 1161/1120/995
f 1162/1121/996 1163/1122/997 1164/1123/998
f 1162/1121/996 1165/1124/999 1163/1122/997
f 1165/1124/999 1166/1125/1000 1167/1126/1001
f 1164/1123/998 1168/1127/1002 1169/1128/1003
f 1170/1129/1004 1171/1130/1005 1172/1131/1006
f 1170/1129/1004 1169/1128/1003 1168/1127/1002
f 1172/1131/1006 1171/1130/1005 1173/1132/1007
f 1172/1131/1006 1173/1132/1007 1174/1133/1008
f 1174/1133/1008 1175/1134/1009 1176/1135/1010
f 1177/1136/1011 1178/1137/1012 1179/1138/1013
f 1177/1136/1011 1180/1139/1014 1178/1137/1012
f 1178/1137/1012 1181/1140/1015 1179/1138/1013
f 1182/1141/1016 1183/1142/1017 1184/1143/1018
f 1182/1141/1016 1184/1143/1018 1180/1139/1014
f 1182/1141/1016 1180/1139/1014 1177/1136/1011
f 1184/1143/1018 1183/1142/1017 1185/1144/1019
f 1186/1145/1020 1187/1146/1021 1188/1147/1022
f 1186/1145/1020 1189/1148/1023 1190/1144/1024
f 1188/1147/1022 1191/1149/1025 1192/1150/1026
f 1188/1147/1022 1187/1146/1021 1191/1149/1025
f 1192/1150/1026 1191/1149/1025 1193/1151/1027
f 1192/1150/1026 1193/1151/1027 1194/1152/1028
f 1194/1152/1028 1195/1153/1029 1196/1154/1030
f 1194/1152/1028 1193/1151/1027 1195/1153/1029
f 1195/1153/1029 1197/1155/1031 1198/1156/1032
f 1199/1157/1033 1200/1158/1034 1201/1159/1035
f 1199/1157/1033 1202/1160/1036 1200/1158/1034
f 1203/1161/1037 1204/1162/1038 1205/1163/1039
f 1203/1161/1037 1202/1160/1036 1199/1157/1033
f 1203/1161/1037 1205/1163/1039 1202/1160/1036
f 1205/1163/1039 1204/1162/1038 1206/1164/1040
f 1207/1165/1041 1208/1166/1042 1209/1167/1043
f 1207/1165/1041 1210/1168/1044 1208/1166/1042
f 1208/1166/1042 1211/1169/1045 1212/1170/1046
f 1208/1166/1042 1212/1170/1046 1209/1167/1043
f 1213/1171/1047 1210/1168/1044 1207/1165/1041
f 1213/1171/1047 1214/1172/1048 1210/1168/1044
f 1214/1172/1048 1213/1171/1047 1215/1173/1049
f 1216/1174/1050 1217/1175/1051 1218/1176/1052
f 1216/1174/1050 1218/1176/1052 1219/1177/1053
f 1219/1177/1053 1220/1178/1054 1221/1179/1055
f 1222/1180/1056 1217/1175/1051 1216/1174/1050
f 1223/1181/1057 1224/1182/1058 1225/1183/1059
f 1225/1183/1059 1226/1184/1060 1223/1181/1057
f 1227/1185/1061 1228/1186/1062 1224/1182/1058
f 1227/1185/1061 1229/1187/1063 1228/1186/1062
f 1227/1185/1061 1224/1182/1058 1223/1181/1057
f 1201/1159/1035 1200/1158/1034 1230/1188/1064
f 1230/1188/1064 1231/1189/1065 1201/1159/1035
f 1232/1154/1066 1233/1187/1067 1234/1152/1068
f 1232/1154/1066 1235/1156/1069 1236/1189/1070
f 1234/1152/1068 1233/1187/1067 1237/1185/1071
f 1234/1152/1068 1237/1185/1071 1238/1150/1072
f 1238/1150/1072 1237/1185/1071 1239/1181/1073
f 1238/1150/1072 1239/1181/1073 1240/1147/1074
f 1240/1147/1074 1239/1181/1073 1241/1184/1075
f 1240/1147/1074 1241/1184/1075 1242/1145/1076
f 1242/1145/1076 1243/1190/1077 1244/1148/1078
f 1245/1191/1079 1246/1192/1080 1247/1193/1081
f 1245/1191/1079 1243/1190/1077 1246/1192/1080
f 1247/1193/1081 1246/1192/1080 1248/1194/1082
f 1247/1193/1081 1248/1194/1082 1249/1195/1083
f 1249/1195/1083 1248/1194/1082 1250/1196/1084
f 1250/1196/1084 1251/1197/1085 1249/1195/1083
f 1252/1120/1086 1253/1174/1087 1254/1118/1088
f 1254/1118/1088 1253/1174/1087 1255/1198/1089
f 1255/1198/1089 1256/1116/1090 1254/1118/1088
f 1257/1114/1091 1258/1171/1092 1259/1112/1093
f 1257/1114/1091 1260/1199/1094 1258/1171/1092
f 1260/1199/1094 1256/1116/1090 1261/1179/1095
f 1259/1112/1093 1262/1165/1096 1263/1110/1097
f 1259/1112/1093 1258/1171/1092 1262/1165/1096
f 1263/1110/1097 1262/1165/1096 1264/1200/1098
f 1264/1200/1098 1265/1108/1099 1263/1110/1097
f 1266/1099/1100 1267/1162/1101 1268/1097/1102
f 1268/1097/1102 1269/1161/1103 1270/1100/1104
f 1268/1097/1102 1267/1162/1101 1269/1161/1103
f 1270/1100/1104 1271/1157/1105 1272/1201/1106
f 135/135/2 131/131/115 945/945/799
f 993/993/62 992/992/831 91/91/85
f 91/91/85 89/89/63 993/993/62
f 5/5/5 92/92/86 1/1/1
f 5/5/5 4/4/4 7/7/7
f 101/101/93 1000/1000/835 991/991/22
f 1000/1000/835 101/101/93 97/97/9
f 990/990/11 1000/1000/835 97/97/9
f 990/990/11 988/988/829 1000/1000/835
f 1273/1202/19 1274/1203/1107 995/995/7
f 1273/1202/19 1275/1204/18 1274/1203/1107
f 1275/1204/18 124/124/87 1274/1203/1107
f 1275/1204/18 122/122/95 124/124/87
f 1003/1003/837 1276/1205/1108 1277/1206/1109
f 1276/1205/1108 155/155/138 161/161/144
f 1277/1206/1109 161/161/144 1278/1207/20
f 1277/1206/1109 1278/1207/20 1279/1208/17
f 1277/1206/1109 1002/1002/836 1003/1003/837
f 1002/1002/836 1279/1208/17 1001/1001/21
f 1002/1002/836 1277/1206/1109 1279/1208/17
f 45/45/43 1280/1209/837 42/42/40
f 45/45/43 105/105/97 114/114/104
f 39/39/24 917/917/774 29/29/29
f 58/58/38 1281/1210/1110 56/56/54
f 58/58/38 57/57/55 109/109/101
f 1281/1210/1110 58/58/38 1282/1211/1111
f 1281/1210/1110 59/59/56 56/56/54
f 74/74/57 1283/1212/1112 75/75/67
f 74/74/57 72/72/69 1284/1213/100
f 1283/1212/1112 74/74/57 1285/1214/56
f 1283/1212/1112 1286/1215/59 1287/1216/820
f 85/85/80 86/86/81 82/82/77
f 85/85/80 229/229/206 765/765/649
f 86/86/81 924/924/781 83/83/78
f 86/86/81 765/765/649 876/876/740
f 70/70/67 64/64/61 63/63/60
f 70/70/67 67/67/64 1288/1217/1113
f 66/66/63 63/63/60 65/65/62
f 67/67/64 1289/1218/83 1290/1219/1114
f 67/67/64 70/70/67 63/63/60
f 1288/1217/1113 1290/1219/1114 1291/1220/1115
f 13/13/13 10/10/10 9/9/9
f 161/161/144 1277/1206/1109 1276/1205/1108
f 161/161/144 160/160/143 1278/1207/20
f 161/161/144 154/154/137 160/160/143
f 112/112/102 58/58/38 109/109/101
f 110/110/70 1292/1221/1116 109/109/101
f 55/55/53 51/51/49 52/52/50
f 55/55/53 277/277/250 181/181/162
f 55/55/53 49/49/47 51/51/49
f 99/99/28 98/98/91 101/101/93
f 99/99/28 1293/1222/1117 100/100/92
f 106/106/98 105/105/97 43/43/41
f 106/106/98 165/165/147 107/107/99
f 1292/1221/1116 190/190/171 111/111/98
f 1292/1221/1116 110/110/70 1294/1223/1118
f 1294/1223/1118 1295/1224/105 1292/1221/1116
f 111/111/98 109/109/101 1292/1221/1116
f 1295/1224/105 187/187/168 1292/1221/1116
f 1289/1218/83 67/67/64 66/66/63
f 1290/1219/1114 1288/1217/1113 67/67/64
f 1290/1219/1114 1296/1225/122 1297/1226/1119
f 1291/1220/1115 1298/1227/1120 1299/1228/106
f 1300/1229/121 118/118/83 144/144/128
f 121/121/108 139/139/123 94/94/88
f 1298/1227/1120 1291/1220/1115 1290/1219/1114
f 1298/1227/1120 1290/1219/1114 1297/1226/1119
f 1298/1227/1120 1301/1230/151 1299/1228/106
f 1298/1227/1120 1297/1226/1119 1302/1231/173
f 1303/1232/119 1300/1229/121 147/147/131
f 147/147/131 1300/1229/121 144/144/128
f 141/141/125 198/198/179 142/142/126
f 141/141/125 142/142/126 139/139/123
f 1293/1222/1117 99/99/28 1304/1233/1121
f 1304/1233/1121 203/203/184 1293/1222/1117
f 1305/1234/129 102/102/94 100/100/92
f 1305/1234/129 100/100/92 1293/1222/1117
f 1305/1234/129 1293/1222/1117 203/203/184
f 126/126/111 1306/1235/1122 1307/1236/179
f 159/159/142 156/156/139 158/158/141
f 187/187/168 1295/1224/105 191/191/107
f 190/190/171 1292/1221/1116 187/187/168
f 1308/1237/1123 162/162/133 164/164/146
f 1308/1237/1123 164/164/146 174/174/156
f 1309/1238/1124 1302/1231/173 1310/1239/172
f 1309/1238/1124 1298/1227/1120 1302/1231/173
f 1309/1238/1124 1311/1240/194 1301/1230/151
f 1310/1239/172 1312/1241/1125 1309/1238/1124
f 188/188/169 224/224/161 189/189/170
f 1301/1230/151 1298/1227/1120 1309/1238/1124
f 132/132/116 219/219/199 133/133/117
f 134/134/118 279/279/181 132/132/116
f 1313/1242/174 147/147/131 146/146/130
f 1313/1242/174 1303/1232/119 147/147/131
f 1306/1235/1122 126/126/111 125/125/110
f 1306/1235/1122 1314/1243/1126 1307/1236/179
f 194/194/175 193/193/174 1315/1244/224
f 1315/1244/224 251/251/229 194/194/175
f 246/246/224 146/146/130 208/208/188
f 246/246/224 1313/1242/174 146/146/130
f 205/205/186 203/203/184 1304/1233/1121
f 1314/1243/1126 1316/1245/182 1307/1236/179
f 1314/1243/1126 1317/1246/215 1316/1245/182
f 1318/1247/186 151/151/134 152/152/135
f 1319/1248/1127 158/158/141 1320/1249/160
f 1319/1248/1127 197/197/178 158/158/141
f 1319/1248/1127 1321/1250/177 197/197/178
f 1320/1249/160 158/158/141 157/157/140
f 227/227/164 228/228/205 222/222/202
f 227/227/164 188/188/169 184/184/165
f 1312/1241/1125 1310/1239/172 1322/1251/175
f 1312/1241/1125 1323/1252/1128 1311/1240/194
f 1312/1241/1125 1324/1253/1129 273/273/246
f 1311/1240/194 1309/1238/1124 1312/1241/1125
f 212/212/192 213/213/193 1325/1254/204
f 212/212/192 178/178/159 213/213/193
f 212/212/192 323/323/238 318/318/284
f 212/212/192 324/324/234 211/211/191
f 212/212/192 318/318/284 324/324/234
f 1324/1253/1129 1312/1241/1125 1322/1251/175
f 273/273/246 1324/1253/1129 269/269/243
f 273/273/246 272/272/236 1323/1252/1128
f 1326/1255/211 225/225/203 223/223/196
f 1326/1255/211 259/259/235 225/225/203
f 1323/1252/1128 1312/1241/1125 273/273/246
f 251/251/229 1315/1244/224 249/249/227
f 1327/1256/1130 204/204/185 1328/1257/1131
f 1327/1256/1130 202/202/183 204/204/185
f 1328/1257/1131 204/204/185 205/205/186
f 1328/1257/1131 300/300/225 1327/1256/1130
f 1328/1257/1131 205/205/186 1329/1258/1132
f 201/201/182 293/293/263 199/199/180
f 200/200/181 293/293/263 296/296/265
f 1329/1258/1132 301/301/269 1328/1257/1131
f 1316/1245/182 1317/1246/215 1330/1259/1133
f 1331/1260/1134 1318/1247/186 152/152/135
f 1331/1260/1134 152/152/135 1332/1261/220
f 256/256/233 1319/1248/1127 1333/1262/1135
f 256/256/233 1321/1250/177 1319/1248/1127
f 256/256/233 258/258/190 1321/1250/177
f 1333/1262/1135 1319/1248/1127 1320/1249/160
f 242/242/220 1308/1237/1123 174/174/156
f 300/300/225 1328/1257/1131 301/301/269
f 301/301/269 1329/1258/1132 302/302/270
f 247/247/225 286/286/256 236/236/213
f 1334/1263/267 1316/1245/182 1330/1259/1133
f 1330/1259/1133 369/369/261 1334/1263/267
f 302/302/270 299/299/268 301/301/269
f 1335/1264/270 1331/1260/1134 1332/1261/220
f 257/257/234 256/256/233 1333/1262/1135
f 257/257/234 311/311/278 253/253/231
f 323/323/238 212/212/192 1325/1254/204
f 1336/1265/1136 262/262/238 259/259/235
f 260/260/236 259/259/235 1326/1255/211
f 218/218/198 217/217/197 267/267/241
f 261/261/237 1336/1265/1136 259/259/235
f 261/261/237 1337/1266/1137 1336/1265/1136
f 272/272/236 269/269/243 271/271/245
f 272/272/236 271/271/245 346/346/239
f 1337/1266/1137 1338/1267/282 262/262/238
f 1337/1266/1137 261/261/237 340/340/301
f 1337/1266/1137 336/336/297 1338/1267/282
f 1337/1266/1137 262/262/238 1336/1265/1136
f 1338/1267/282 336/336/297 338/338/299
f 340/340/301 336/336/297 1337/1266/1137
f 1339/1268/301 264/264/239 1340/1269/304
f 1339/1268/301 265/265/237 264/264/239
f 268/268/242 219/219/199 281/281/253
f 268/268/242 353/353/312 267/267/241
f 1341/1270/306 252/252/230 285/285/257
f 369/369/261 1330/1259/1133 370/370/275
f 303/303/271 304/304/272 299/299/268
f 1342/1271/271 1335/1264/270 1332/1261/220
f 1342/1271/271 1332/1261/220 372/372/219
f 313/313/279 329/329/292 311/311/278
f 372/372/219 371/371/273 1342/1271/271
f 241/241/219 174/174/156 244/244/222
f 392/392/342 287/287/258 290/290/260
f 392/392/342 391/391/341 287/287/258
f 391/391/341 288/288/257 287/287/258
f 1343/1272/342 305/305/260 307/307/274
f 307/307/274 436/436/379 1343/1272/342
f 307/307/274 448/448/325 436/436/379
f 307/307/274 305/305/260 304/304/272
f 306/306/273 304/304/272 303/303/271
f 276/276/249 402/402/351 314/314/280
f 276/276/249 220/220/200 182/182/163
f 276/276/249 278/278/251 402/402/351
f 342/342/285 1338/1267/282 338/338/299
f 1344/1273/1138 1345/1274/1139 1346/1275/300
f 1344/1273/1138 1339/1268/301 1340/1269/304
f 1345/1274/1139 1344/1273/1138 1340/1269/304
f 417/417/308 1341/1270/306 418/418/363
f 418/418/363 1341/1270/306 285/285/257
f 390/390/340 288/288/257 391/391/341
f 1347/1276/1140 1345/1274/1139 1348/1277/320
f 1347/1276/1140 1346/1275/300 1345/1274/1139
f 388/388/338 390/390/340 386/386/336
f 487/487/309 295/295/255 294/294/264
f 487/487/309 294/294/264 326/326/289
f 326/326/289 484/484/418 487/487/309
f 325/325/288 294/294/264 297/297/266
f 325/325/288 488/488/420 326/326/289
f 1349/1278/1141 1343/1272/342 436/436/379
f 436/436/379 435/435/378 1349/1278/1141
f 436/436/379 447/447/388 437/437/380
f 448/448/325 307/307/274 306/306/273
f 445/445/329 443/443/386 363/363/322
f 396/396/345 464/464/401 397/397/346
f 402/402/351 401/401/350 314/314/280
f 15/15/15 10/10/10 120/120/85
f 15/15/15 983/983/825 12/12/12
f 1350/1279/1142 1347/1276/1140 1348/1277/320
f 1350/1279/1142 1351/1280/1143 1352/1281/1144
f 1351/1280/1143 1350/1279/1142 1348/1277/320
f 359/359/318 353/353/312 351/351/310
f 359/359/318 521/521/448 354/354/313
f 488/488/420 484/484/418 326/326/289
f 476/476/410 1352/1281/1144 1351/1280/1143
f 476/476/410 1351/1280/1143 474/474/370
f 424/424/369 496/496/427 423/423/368
f 434/434/373 389/389/339 385/385/335
f 434/434/373 385/385/335 432/432/376
f 425/425/370 496/496/427 1353/1282/1145
f 514/514/442 511/511/384 378/378/329
f 514/514/442 1354/1283/347 509/509/438
f 514/514/442 378/378/329 1354/1283/347
f 1354/1283/347 378/378/329 395/395/344
f 1355/1284/1146 1356/1285/1147 393/393/323
f 1355/1284/1146 1357/1286/385 1356/1285/1147
f 1357/1286/385 550/550/470 1356/1285/1147
f 1357/1286/385 1358/1287/1148 550/550/470
f 463/463/400 461/461/398 518/518/440
f 518/518/440 517/517/445 537/537/443
f 496/496/427 424/424/369 497/497/374
f 496/496/427 425/425/370 423/423/368
f 496/496/427 494/494/412 1353/1282/1145
f 520/520/447 468/468/405 466/466/403
f 433/433/377 431/431/375 503/503/432
f 430/430/374 429/429/373 1359/1288/377
f 1359/1288/377 544/544/426 430/430/374
f 550/550/470 1358/1287/1148 549/549/469
f 544/544/426 1359/1288/377 542/542/465
f 1360/1289/465 433/433/377 503/503/432
f 1360/1289/465 503/503/432 502/502/422
f 454/454/393 606/606/520 604/604/518
f 454/454/393 453/453/390 608/608/522
f 454/454/393 440/440/383 439/439/382
f 455/455/394 670/670/496 1361/1290/520
f 455/455/394 450/450/390 449/449/389
f 537/537/443 533/533/460 582/582/455
f 472/472/399 468/468/405 471/471/408
f 1362/1291/1149 471/471/408 470/470/407
f 1362/1291/1149 1363/1292/1150 471/471/408
f 1363/1292/1150 1362/1291/1149 576/576/454
f 1363/1292/1150 1364/1293/1151 472/472/399
f 1363/1292/1150 472/472/399 471/471/408
f 1363/1292/1150 572/572/491 1364/1293/1151
f 1364/1293/1151 572/572/491 574/574/493
f 526/526/453 525/525/452 478/478/412
f 527/527/454 1365/1294/1152 1366/1295/1153
f 576/576/454 572/572/491 1363/1292/1150
f 562/562/481 1367/1296/434 561/561/480
f 1367/1296/434 562/562/481 541/541/1154
f 1368/1297/434 1360/1289/465 502/502/422
f 595/595/510 506/506/434 505/505/433
f 618/618/529 485/485/371 486/486/419
f 618/618/529 486/486/419 1369/1298/1155
f 1369/1298/1155 615/615/527 618/618/529
f 1369/1298/1155 486/486/419 501/501/431
f 501/501/431 1370/1299/1156 1369/1298/1155
f 1370/1299/1156 1371/1300/1157 615/615/527
f 1370/1299/1156 615/615/527 1369/1298/1155
f 1372/1301/1158 1373/1302/468 508/508/437
f 1372/1301/1158 508/508/437 507/507/436
f 1373/1302/468 602/602/458 601/601/516
f 605/605/519 604/604/518 1374/1303/1159
f 605/605/519 490/490/422 454/454/393
f 602/602/458 1373/1302/468 1372/1301/1158
f 547/547/467 1375/1304/514 1376/1305/1157
f 540/540/464 493/493/425 551/551/471
f 620/620/531 595/595/510 565/565/484
f 1375/1304/514 1377/1306/1160 1376/1305/1157
f 1375/1304/514 547/547/467 546/546/466
f 603/603/517 599/599/514 602/602/458
f 1361/1290/520 456/456/395 455/455/394
f 578/578/461 1364/1293/1151 574/574/493
f 1365/1294/1152 527/527/454 526/526/453
f 575/575/494 635/635/545 574/574/493
f 1378/1307/494 1379/1308/464 1380/1309/1161
f 1379/1308/464 1378/1307/494 1381/1310/1162
f 577/577/495 635/635/545 637/637/547
f 577/577/495 574/574/493 635/635/545
f 554/554/474 551/551/471 552/552/472
f 1382/1311/1163 1380/1309/1161 647/647/505
f 1382/1311/1163 1378/1307/494 1380/1309/1161
f 639/639/505 635/635/545 638/638/548
f 557/557/477 500/500/430 499/499/429
f 557/557/477 654/654/559 585/585/501
f 589/589/505 588/588/504 1383/1312/553
f 1384/1313/508 596/596/511 621/621/525
f 1384/1313/508 620/620/531 596/596/511
f 616/616/528 677/677/577 614/614/526
f 616/616/528 615/615/527 1371/1300/1157
f 1385/1314/509 604/604/518 609/609/523
f 1385/1314/509 1374/1303/1159 604/604/518
f 1377/1306/1160 1386/1315/515 1387/1316/1164
f 1377/1306/1160 1387/1316/1164 1376/1305/1157
f 669/669/521 1361/1290/520 670/670/496
f 669/669/521 668/668/542 665/665/569
f 610/610/524 626/626/536 566/566/485
f 1388/1317/530 609/609/523 623/623/533
f 1388/1317/530 1385/1314/509 609/609/523
f 1387/1316/1164 1389/1318/1165 1390/1319/1166
f 583/583/499 1391/1320/1167 567/567/486
f 583/583/499 568/568/487 1392/1321/551
f 583/583/499 1393/1322/1168 1391/1320/1167
f 1392/1321/551 1394/1323/1169 583/583/499
f 642/642/551 577/577/495 637/637/547
f 587/587/503 555/555/475 554/554/474
f 588/588/504 1395/1324/1170 1396/1325/1171
f 588/588/504 589/589/505 555/555/475
f 1383/1312/553 1396/1325/1171 1397/1326/601
f 1394/1323/1169 737/737/628 1393/1322/1168
f 1394/1323/1169 1398/1327/1172 737/737/628
f 1394/1323/1169 1399/1328/550 1398/1327/1172
f 1394/1323/1169 1392/1321/551 1399/1328/550
f 1393/1322/1168 737/737/628 736/736/627
f 1393/1322/1168 583/583/499 1394/1323/1169
f 641/641/550 637/637/547 643/643/552
f 648/648/554 704/704/599 703/703/594
f 648/648/554 645/645/553 706/706/601
f 585/585/501 538/538/463 557/557/477
f 1395/1324/1170 588/588/504 587/587/503
f 1396/1325/1171 1395/1324/1170 1400/1329/1173
f 1396/1325/1171 1401/1330/1174 1402/1331/599
f 1396/1325/1171 1383/1312/553 588/588/504
f 1397/1326/601 1396/1325/1171 1402/1331/599
f 1403/1332/1175 1404/1333/1173 1405/1334/1170
f 1403/1332/1175 1406/1335/1176 1404/1333/1173
f 1405/1334/1170 613/613/503 612/612/525
f 1405/1334/1170 612/612/525 1403/1332/1175
f 657/657/562 621/621/525 619/619/530
f 1407/1336/562 623/623/533 683/683/565
f 1407/1336/562 1388/1317/530 623/623/533
f 1408/1337/578 1387/1316/1164 1390/1319/1166
f 1390/1319/1166 1409/1338/620 1408/1337/578
f 686/686/571 683/683/565 623/623/533
f 686/686/571 684/684/583 683/683/565
f 686/686/571 623/623/533 622/622/532
f 1406/1335/1176 1403/1332/1175 1410/1339/567
f 1410/1339/567 1411/1340/1177 1406/1335/1176
f 627/627/537 691/691/588 695/695/592
f 696/696/570 632/632/542 581/581/498
f 696/696/570 631/631/541 733/733/626
f 679/679/579 677/677/577 678/678/578
f 679/679/579 680/680/580 674/674/575
f 729/729/623 664/664/568 663/663/537
f 1412/1341/579 1408/1337/578 1409/1338/620
f 1412/1341/579 778/778/619 777/777/660
f 695/695/592 694/694/591 745/745/634
f 1398/1327/1172 740/740/631 737/737/628
f 702/702/598 701/701/597 716/716/611
f 1402/1331/599 1401/1330/1174 1413/1342/1178
f 1401/1330/1174 1414/1343/1179 1413/1342/1178
f 1401/1330/1174 1396/1325/1171 1400/1329/1173
f 1401/1330/1174 1400/1329/1173 1415/1344/1176
f 714/714/609 699/699/595 698/698/594
f 656/656/561 760/760/581 655/655/560
f 656/656/561 654/654/559 591/591/507
f 713/713/608 1416/1345/1180 701/701/597
f 1414/1343/1179 1415/1344/1176 1417/1346/1177
f 1414/1343/1179 1401/1330/1174 1415/1344/1176
f 1414/1343/1179 1418/1347/1181 1419/1348/614
f 1411/1340/1177 1410/1339/567 1420/1349/1182
f 1420/1349/1182 821/821/697 1411/1340/1177
f 680/680/580 679/679/579 1421/1350/660
f 680/680/580 1422/1351/1183 1423/1352/1184
f 680/680/580 675/675/561 674/674/575
f 680/680/580 1423/1352/1184 681/681/581
f 688/688/585 684/684/583 690/690/587
f 688/688/585 690/690/587 767/767/651
f 778/778/619 1412/1341/579 1409/1338/620
f 777/777/660 776/776/622 780/780/662
f 689/689/586 684/684/583 687/687/584
f 689/689/586 767/767/651 690/690/587
f 693/693/590 691/691/588 692/692/589
f 745/745/634 744/744/633 748/748/619
f 1424/1353/1185 743/743/630 694/694/591
f 728/728/622 787/787/663 786/786/661
f 732/732/625 847/847/716 731/731/586
f 847/847/716 732/732/625 845/845/667
f 1416/1345/1180 713/713/608 1425/1354/615
f 1416/1345/1180 1426/1355/1186 802/802/680
f 1416/1345/1180 801/801/679 715/715/610
f 746/746/632 749/749/635 744/744/633
f 715/715/610 701/701/597 1416/1345/1180
f 1419/1348/614 1413/1342/1178 1414/1343/1179
f 1418/1347/1181 1417/1346/1177 1427/1356/697
f 1418/1347/1181 831/831/706 1428/1357/640
f 1418/1347/1181 1414/1343/1179 1417/1346/1177
f 1426/1355/1186 800/800/641 802/802/680
f 1426/1355/1186 1416/1345/1180 1425/1354/615
f 821/821/697 819/819/659 818/818/696
f 821/821/697 1420/1349/1182 822/822/698
f 723/723/617 772/772/656 775/775/659
f 723/723/617 722/722/616 772/772/656
f 1422/1351/1183 1429/1358/1187 1423/1352/1184
f 1422/1351/1183 680/680/580 1421/1350/660
f 1423/1352/1184 1430/1359/1188 681/681/581
f 1423/1352/1184 1431/1360/1189 1430/1359/1188
f 755/755/640 754/754/639 720/720/614
f 800/800/641 1432/1361/681 794/794/673
f 800/800/641 799/799/678 802/802/680
f 1428/1357/640 1419/1348/614 1418/1347/1181
f 831/831/706 829/829/704 833/833/681
f 831/831/706 833/833/681 1428/1357/640
f 831/831/706 1418/1347/1181 1427/1356/697
f 831/831/706 1427/1356/697 832/832/707
f 762/762/646 807/807/685 761/761/645
f 1430/1359/1188 1431/1360/1189 1433/1362/686
f 1429/1358/1187 1431/1360/1189 1423/1352/1184
f 1434/1363/637 752/752/638 741/741/632
f 752/752/638 857/857/671 1435/1364/664
f 752/752/638 1434/1363/637 858/858/675
f 752/752/638 1435/1364/664 753/753/635
f 858/858/675 855/855/723 752/752/638
f 785/785/667 870/870/734 918/918/775
f 801/801/679 799/799/678 796/796/675
f 801/801/679 1416/1345/1180 802/802/680
f 770/770/654 768/768/652 769/769/653
f 770/770/654 1436/1365/717 824/824/700
f 770/770/654 824/824/700 771/771/655
f 791/791/671 850/850/711 792/792/672
f 859/859/674 856/856/724 855/855/723
f 1432/1361/681 797/797/676 794/794/673
f 797/797/676 862/862/684 861/861/726
f 1431/1360/1189 1429/1358/1187 1437/1366/1190
f 1437/1366/1190 1438/1367/1191 1431/1360/1189
f 1437/1366/1190 1439/1368/714 1438/1367/1191
f 1433/1362/686 1438/1367/1191 1440/1369/687
f 806/806/684 804/804/682 1441/1370/1192
f 1441/1370/1192 1442/1371/1193 1443/1372/1194
f 811/811/689 892/892/754 895/895/757
f 811/811/689 895/895/757 812/812/690
f 809/809/687 807/807/685 808/808/686
f 815/815/693 814/814/692 885/885/748
f 1438/1367/1191 1444/1373/1195 1440/1369/687
f 1438/1367/1191 1433/1362/686 1431/1360/1189
f 1439/1368/714 1445/1374/1196 1444/1373/1195
f 1439/1368/714 1444/1373/1195 1438/1367/1191
f 826/826/701 824/824/700 1436/1365/717
f 827/827/702 937/937/792 1446/1375/750
f 1447/1376/702 888/888/750 885/885/748
f 1447/1376/702 885/885/748 814/814/692
f 1436/1365/717 937/937/792 826/826/701
f 839/839/711 1448/1377/751 790/790/670
f 918/918/775 916/916/773 915/915/772
f 860/860/725 908/908/767 856/856/724
f 937/937/792 827/827/702 826/826/701
f 937/937/792 1449/1378/759 1446/1375/750
f 937/937/792 1436/1365/717 935/935/718
f 1442/1371/1193 1450/1379/742 1451/1380/782
f 1442/1371/1193 1441/1370/1192 1450/1379/742
f 1443/1372/1194 806/806/684 1441/1370/1192
f 1445/1374/1196 981/981/824 1444/1373/1195
f 1445/1374/1196 982/982/762 981/981/824
f 1444/1373/1195 981/981/824 1452/1381/1197
f 1444/1373/1195 1452/1381/1197 1440/1369/687
f 1448/1377/751 839/839/711 1453/1382/722
f 1448/1377/751 1453/1382/722 1454/1383/733
f 881/881/745 877/877/741 879/879/743
f 881/881/745 926/926/783 880/880/744
f 982/982/762 1455/1384/1198 980/980/823
f 981/981/824 980/980/823 979/979/822
f 981/981/824 979/979/822 1452/1381/1197
f 1449/1378/759 937/937/792 934/934/790
f 902/902/762 890/890/752 900/900/733
f 902/902/762 1456/1385/802 998/998/834
f 1454/1383/733 948/948/732 947/947/761
f 868/868/732 957/957/809 959/959/800
f 867/867/731 866/866/730 958/958/766
f 867/867/731 955/955/807 957/957/809
f 947/947/761 946/946/800 950/950/802
f 866/866/730 867/867/731 853/853/721
f 910/910/739 903/903/763 908/908/767
f 905/905/765 904/904/764 1457/1386/778
f 905/905/765 967/967/815 964/964/813
f 906/906/766 964/964/813 966/966/807
f 875/875/739 873/873/737 912/912/769
f 875/875/739 914/914/771 921/921/778
f 1451/1380/782 1458/1387/1199 1442/1371/1193
f 1451/1380/782 1459/1388/1200 1460/1389/779
f 54/54/52 52/52/50 53/53/51
f 54/54/52 277/277/250 55/55/53
f 54/54/52 53/53/51 718/718/613
f 959/959/800 956/956/808 1461/1390/801
f 966/966/807 963/963/812 1462/1391/808
f 32/32/32 29/29/29 917/917/774
f 967/967/815 905/905/765 1457/1386/778
f 922/922/779 1463/1392/1200 920/920/777
f 922/922/779 914/914/771 911/911/768
f 1459/1388/1200 1451/1380/782 1464/1393/785
f 1460/1389/779 1458/1387/1199 1451/1380/782
f 927/927/784 939/939/794 926/926/783
f 898/898/760 897/897/759 931/931/787
f 1456/1385/802 902/902/762 901/901/761
f 1456/1385/802 1465/1394/801 998/998/834
f 998/998/834 1465/1394/801 997/997/833
f 1466/1395/789 1449/1378/759 934/934/790
f 1466/1395/789 934/934/790 938/938/793
f 1467/1396/1201 849/849/718 865/865/729
f 1467/1396/1201 865/865/729 1468/1397/776
f 1468/1397/776 23/23/23 1469/1398/805
f 932/932/788 931/931/787 1470/1399/1202
f 1470/1399/1202 933/933/789 985/985/827
f 1470/1399/1202 931/931/787 933/933/789
f 1470/1399/1202 986/986/828 932/932/788
f 940/940/795 942/942/797 974/974/820
f 985/985/827 983/983/825 1470/1399/1202
f 1471/1400/1203 1466/1395/789 938/938/793
f 1471/1400/1203 938/938/793 954/954/806
f 1461/1390/801 956/956/808 961/961/810
f 1461/1390/801 961/961/810 1004/1004/838
f 1469/1398/805 1467/1396/1201 1468/1397/776
f 970/970/817 920/920/777 1472/1401/1204
f 970/970/817 969/969/811 923/923/780
f 970/970/817 923/923/780 920/920/777
f 970/970/817 972/972/818 968/968/816
f 1472/1401/1204 972/972/818 970/970/817
f 1472/1401/1204 920/920/777 1463/1392/1200
f 1473/1402/1205 1474/1403/795 1475/1404/818
f 1473/1402/1205 1459/1388/1200 1464/1393/785
f 1474/1403/795 1473/1402/1205 1464/1393/785
f 1474/1403/795 1286/1215/59 1475/1404/818
f 46/46/44 42/42/40 1280/1209/837
f 46/46/44 1462/1391/808 963/963/812
f 61/61/58 59/59/56 1476/1405/1206
f 1286/1215/59 1474/1403/795 1287/1216/820
f 1286/1215/59 1283/1212/1112 1285/1214/56
f 986/986/828 1470/1399/1202 983/983/825
f 6/6/6 4/4/4 8/8/8
f 6/6/6 980/980/823 1455/1384/1198
f 23/23/23 1468/1397/776 24/24/24
f 1476/1405/1206 1282/1211/1111 971/971/814
f 1476/1405/1206 971/971/814 61/61/58
f 1476/1405/1206 59/59/56 1281/1210/1110
f 1476/1405/1206 1281/1210/1110 1282/1211/1111
f 1062/1006/896 1477/1056/1207 1478/1009/1208
f 1062/1006/896 1059/1052/893 1479/1406/1209
f 1477/1056/1207 1062/1006/896 1479/1406/1209
f 1477/1056/1207 1480/1055/1210 1478/1009/1208
f 1481/1407/1211 1482/1408/1212 1009/1009/843
f 1482/1408/1212 1007/1007/841 1009/1009/843
f 1009/1009/843 1483/1409/1213 1481/1407/1211
f 1483/1409/1213 1011/1011/845 1010/1010/844
f 1483/1409/1213 1010/1010/844 1484/1410/1214
f 1480/1055/1210 1485/1058/1215 1486/1409/1216
f 1480/1055/1210 1486/1409/1216 1478/1009/1208
f 1484/1410/1214 1481/1407/1211 1483/1409/1213
f 1485/1058/1215 1487/1061/1217 1486/1409/1216
f 1487/1061/1217 1488/1011/1218 1486/1409/1216
f 1487/1061/1217 1489/1064/1219 1488/1011/1218
f 1015/1015/849 1012/1012/846 1013/1013/847
f 1489/1064/1219 1490/1063/1220 1488/1011/1218
f 1490/1063/1220 1491/1013/1221 1488/1011/1218
f 1492/1014/1222 1491/1013/1221 1493/1067/1223
f 1493/1067/1223 1494/1072/1224 1492/1014/1222
f 1493/1067/1223 1491/1013/1221 1490/1063/1220
f 1020/1020/854 1015/1015/849 1014/1014/848
f 1020/1020/854 1019/1019/853 1016/1016/850
f 1494/1072/1224 1495/1019/1225 1492/1014/1222
f 1494/1072/1224 1496/1071/1226 1495/1019/1225
f 1497/1411/1227 1498/1412/1228 1499/1413/1229
f 1497/1411/1227 1039/1036/873 1498/1412/1228
f 1497/1411/1227 1500/1414/1230 1037/1034/871
f 1500/1414/1230 1036/1033/870 1037/1034/871
f 1500/1414/1230 1497/1411/1227 1499/1413/1229
f 1496/1071/1226 1501/1070/1231 1502/1017/1232
f 1496/1071/1226 1502/1017/1232 1495/1019/1225
f 1501/1070/1231 1503/1075/1233 1502/1017/1232
f 1503/1075/1233 1504/1022/1234 1502/1017/1232
f 1503/1075/1233 1505/1077/1235 1504/1022/1234
f 1505/1077/1235 1506/1079/1236 1504/1022/1234
f 1506/1079/1236 1030/1025/864 1504/1022/1234
f 1506/1079/1236 1028/1028/862 1030/1025/864
f 1033/1031/867 1507/1034/1237 1032/1030/866
f 1033/1031/867 1508/1082/1238 1507/1034/1237
f 1508/1082/1238 1509/1085/1239 1507/1034/1237
f 1509/1085/1239 1510/1087/1240 1511/1411/1241
f 1509/1085/1239 1511/1411/1241 1507/1034/1237
f 1039/1036/873 1038/1035/872 1498/1412/1228
f 1510/1087/1240 1512/1415/1242 1513/1036/1243
f 1510/1087/1240 1513/1036/1243 1511/1411/1241
f 1513/1036/1243 1514/1416/1244 1046/1037/880
f 1514/1416/1244 1044/1041/878 1046/1037/880
f 1514/1416/1244 1513/1036/1243 1512/1415/1242
f 1042/1039/876 1041/1038/875 1040/1037/874
f 1042/1039/876 1049/1044/883 1043/1040/877
f 1515/1092/1245 1065/1056/899 1516/1406/1246
f 1515/1092/1245 1063/1054/897 1065/1056/899
f 1516/1406/1246 1517/1052/1247 1518/1417/1248
f 1518/1417/1248 1515/1092/1245 1516/1406/1246
f 1069/1060/903 1071/1062/905 1073/1064/907
f 1070/1061/904 1067/1058/901 1068/1059/902
f 1081/1072/915 1076/1067/910 1075/1066/909
f 1081/1072/915 1075/1066/909 1082/1073/916
f 1086/1077/920 1085/1076/919 1519/1095/1249
f 1519/1095/1249 1087/1078/921 1089/1079/923
f 1519/1095/1249 1089/1079/923 1086/1077/920
f 1095/1029/929 1088/1028/922 1520/1418/1250
f 1520/1418/1250 1088/1028/922 1090/1080/924
f 1520/1418/1250 1094/1083/928 1095/1029/929
f 1099/1087/933 1098/1086/932 1521/1419/1251
f 1521/1419/1251 1522/1415/1252 1099/1087/933
f 1522/1415/1252 1521/1419/1251 1523/1420/1253
f 1523/1420/1253 1524/1421/1254 1525/1416/1255
f 1523/1420/1253 1525/1416/1255 1522/1415/1252
f 1525/1416/1255 1526/1422/1256 1527/1041/1257
f 1526/1422/1256 1528/1423/1258 1527/1041/1257
f 1526/1422/1256 1525/1416/1255 1524/1421/1254
f 1104/1053/938 1103/1089/937 1529/1093/1259
f 1104/1053/938 1529/1093/1259 1530/1091/1260
f 1528/1423/1258 1531/1042/1261 1527/1041/1257
f 1528/1423/1258 1532/1094/1262 1531/1042/1261
f 1532/1094/1262 1102/1048/936 1531/1042/1261
f 1532/1094/1262 1100/1088/934 1102/1048/936
f 1517/1052/1247 1104/1053/938 1530/1091/1260
f 1530/1091/1260 1518/1417/1248 1517/1052/1247
f 1117/1094/951 1533/1423/1263 1534/1044/1264
f 1117/1094/951 1534/1044/1264 1116/1045/950
f 1535/1040/1265 1534/1044/1264 1533/1423/1263
f 1533/1423/1263 1536/1422/1266 1535/1040/1265
f 1537/1038/1267 1535/1040/1265 1536/1422/1266
f 1536/1422/1266 1538/1421/1268 1537/1038/1267
f 1539/1035/1269 1537/1038/1267 1538/1421/1268
f 1540/1412/1270 1541/1420/1271 1542/1419/1272
f 1540/1412/1270 1539/1035/1269 1541/1420/1271
f 1541/1420/1271 1539/1035/1269 1538/1421/1268
f 1543/1414/1273 1544/1413/1274 1545/1424/1275
f 1544/1413/1274 1540/1412/1270 1542/1419/1272
f 1544/1413/1274 1542/1419/1272 1545/1424/1275
f 1545/1424/1275 1546/1084/1276 1543/1414/1273
f 1546/1084/1276 1547/1081/1277 1548/1033/1278
f 1548/1033/1278 1543/1414/1273 1546/1084/1276
f 1548/1033/1278 1549/1083/1279 1550/1032/1280
f 1549/1083/1279 1548/1033/1278 1547/1081/1277
f 1550/1032/1280 1549/1083/1279 1551/1425/1281
f 1551/1425/1281 1118/1026/952 1550/1032/1280
f 1551/1425/1281 1121/1080/955 1118/1026/952
f 1124/1023/958 1120/1024/954 1122/1095/956
f 1135/1015/969 1134/1065/968 1131/1012/965
f 1135/1015/969 1552/1020/1282 1553/1426/1283
f 1552/1020/1282 1129/1016/963 1130/1073/964
f 1552/1020/1282 1130/1073/964 1553/1426/1283
f 1553/1426/1283 1136/1068/970 1135/1015/969
f 1554/1407/1284 1555/1427/1285 1556/1057/1286
f 1555/1427/1285 1554/1407/1284 1557/1410/1287
f 1556/1057/1286 1558/1408/1288 1554/1407/1284
f 1557/1410/1287 1133/1010/967 1137/1060/971
f 1557/1410/1287 1137/1060/971 1555/1427/1285
f 1558/1408/1288 1556/1057/1286 1559/1054/1289
f 1106/1007/940 1558/1408/1288 1559/1054/1289
f 1106/1007/940 1559/1054/1289 1110/1092/944
f 1560/1201/1290 1561/1428/1291 1562/1429/1292
f 1561/1428/1291 1198/1156/1032 1197/1155/1031
f 1561/1428/1291 1197/1155/1031 1562/1429/1292
f 1562/1429/1292 1563/1430/1293 1560/1201/1290
f 1563/1430/1293 1142/1101/976 1141/1100/975
f 1564/1160/1294 1565/1431/1295 1566/1430/1296
f 1565/1431/1295 1564/1160/1294 1567/1163/1297
f 1567/1163/1297 1568/1098/1298 1565/1431/1295
f 1569/1158/1299 1564/1160/1294 1566/1430/1296
f 1569/1158/1299 1566/1430/1296 1570/1429/1300
f 1570/1429/1300 1571/1155/1301 1572/1188/1302
f 1141/1100/975 1560/1201/1290 1563/1430/1293
f 1568/1098/1298 1573/1432/1303 1574/1102/1304
f 1568/1098/1298 1567/1163/1297 1575/1164/1305
f 1575/1164/1305 1573/1432/1303 1568/1098/1298
f 1143/1102/977 1140/1099/974 1139/1098/973
f 1144/1103/978 1147/1106/981 1146/1105/980
f 1574/1102/1304 1576/1433/1306 1577/1106/1307
f 1147/1106/981 1148/1107/982 1145/1104/979
f 1147/1106/981 1144/1103/978 1143/1102/977
f 1576/1433/1306 1578/1434/1308 1577/1106/1307
f 1576/1433/1306 1574/1102/1304 1573/1432/1303
f 1578/1434/1308 1579/1107/1309 1577/1106/1307
f 1578/1434/1308 1580/1169/1310 1579/1107/1309
f 1581/1115/1311 1582/1113/1312 1583/1435/1313
f 1581/1115/1311 1583/1435/1313 1584/1436/1314
f 1582/1113/1312 1585/1437/1315 1583/1435/1313
f 1580/1169/1310 1586/1166/1316 1587/1109/1317
f 1580/1169/1310 1587/1109/1317 1579/1107/1309
f 1586/1166/1316 1588/1168/1318 1589/1111/1319
f 1586/1166/1316 1589/1111/1319 1587/1109/1317
f 1588/1168/1318 1585/1437/1315 1582/1113/1312
f 1588/1168/1318 1582/1113/1312 1589/1111/1319
f 1590/1117/1320 1581/1115/1311 1584/1436/1314
f 1584/1436/1314 1591/1176/1321 1590/1117/1320
f 1592/1175/1322 1593/1438/1323 1594/1119/1324
f 1593/1438/1323 1592/1175/1322 1595/1439/1325
f 1595/1439/1325 1596/1126/1326 1593/1438/1323
f 1591/1176/1321 1592/1175/1322 1594/1119/1324
f 1591/1176/1321 1594/1119/1324 1590/1117/1320
f 1597/1440/1327 1598/1441/1328 1599/1438/1329
f 1597/1440/1327 1167/1126/1001 1166/1125/1000
f 1597/1440/1327 1599/1438/1329 1167/1126/1001
f 1166/1125/1000 1165/1124/999 1162/1121/996
f 1598/1441/1328 1160/1119/994 1599/1438/1329
f 1598/1441/1328 1161/1120/995 1160/1119/994
f 1596/1126/1326 1595/1439/1325 1600/1442/1330
f 1600/1442/1330 1601/1443/1331 1602/1444/1332
f 1600/1442/1330 1602/1444/1332 1596/1126/1326
f 1601/1443/1331 1603/1445/1333 1604/1122/1334
f 1601/1443/1331 1604/1122/1334 1602/1444/1332
f 1168/1127/1002 1164/1123/998 1163/1122/997
f 1168/1127/1002 1171/1130/1005 1170/1129/1004
f 1603/1445/1333 1605/1127/1335 1604/1122/1334
f 1605/1127/1335 1603/1445/1333 1606/1446/1336
f 1605/1127/1335 1607/1447/1337 1608/1130/1338
f 1607/1447/1337 1605/1127/1335 1606/1446/1336
f 1607/1447/1337 1609/1448/1339 1608/1130/1338
f 1175/1134/1009 1610/1449/1340 1176/1135/1010
f 1175/1134/1009 1174/1133/1008 1173/1132/1007
f 1609/1448/1339 1611/1450/1341 1612/1132/1342
f 1609/1448/1339 1612/1132/1342 1608/1130/1338
f 1611/1450/1341 1613/1451/1343 1614/1134/1344
f 1611/1450/1341 1614/1134/1344 1612/1132/1342
f 1610/1449/1340 1175/1134/1009 1615/1452/1345
f 1615/1452/1345 1616/1453/1346 1610/1449/1340
f 1613/1451/1343 1617/1452/1347 1614/1134/1344
f 1613/1451/1343 1618/1454/1348 1617/1452/1347
f 1616/1453/1346 1615/1452/1345 1619/1455/1349
f 1619/1455/1349 1620/1137/1350 1621/1197/1351
f 1618/1454/1348 1622/1455/1352 1617/1452/1347
f 1618/1454/1348 1181/1140/1015 1622/1455/1352
f 1620/1137/1350 1623/1195/1353 1621/1197/1351
f 1620/1137/1350 1624/1193/1354 1623/1195/1353
f 1621/1197/1351 1616/1453/1346 1619/1455/1349
f 1181/1140/1015 1178/1137/1012 1622/1455/1352
f 1624/1193/1354 1620/1137/1350 1625/1139/1355
f 1625/1139/1355 1626/1191/1356 1624/1193/1354
f 1626/1191/1356 1625/1139/1355 1627/1456/1357
f 1627/1456/1357 1190/1144/1024 1189/1148/1023
f 1185/1144/1019 1628/1457/1358 1629/1146/1359
f 1189/1148/1023 1626/1191/1356 1627/1456/1357
f 1190/1144/1024 1187/1146/1021 1186/1145/1020
f 1628/1457/1358 1185/1144/1019 1183/1142/1017
f 1629/1146/1359 1630/1183/1360 1631/1149/1361
f 1630/1183/1360 1629/1146/1359 1628/1457/1358
f 1630/1183/1360 1632/1182/1362 1631/1149/1361
f 1633/1153/1363 1634/1458/1364 1635/1459/1365
f 1633/1153/1363 1636/1186/1366 1634/1458/1364
f 1636/1186/1366 1633/1153/1363 1637/1151/1367
f 1632/1182/1362 1636/1186/1366 1637/1151/1367
f 1632/1182/1362 1637/1151/1367 1631/1149/1361
f 1198/1156/1032 1196/1154/1030 1195/1153/1029
f 1571/1155/1301 1635/1459/1365 1572/1188/1302
f 1571/1155/1301 1633/1153/1363 1635/1459/1365
f 1572/1188/1302 1569/1158/1299 1570/1429/1300
f 1204/1162/1038 1638/1460/1368 1206/1164/1040
f 1206/1164/1040 1638/1460/1368 1639/1432/1369
f 1638/1460/1368 1640/1433/1370 1639/1432/1369
f 1640/1433/1370 1638/1460/1368 1641/1461/1370
f 1641/1461/1370 1642/1462/1371 1643/1434/1372
f 1641/1461/1370 1643/1434/1372 1640/1433/1370
f 1642/1462/1371 1212/1170/1046 1211/1169/1045
f 1211/1169/1045 1643/1434/1372 1642/1462/1371
f 1644/1435/1373 1214/1172/1048 1215/1173/1049
f 1215/1173/1049 1221/1179/1055 1644/1435/1373
f 1220/1178/1054 1219/1177/1053 1218/1176/1052
f 1221/1179/1055 1220/1178/1054 1644/1435/1373
f 1645/1439/1374 1222/1180/1056 1646/1463/1375
f 1645/1439/1374 1217/1175/1051 1222/1180/1056
f 1646/1463/1375 1647/1464/1376 1648/1442/1377
f 1646/1463/1375 1648/1442/1377 1645/1439/1374
f 1647/1464/1376 1649/1443/1378 1648/1442/1377
f 1647/1464/1376 1650/1465/1379 1649/1443/1378
f 1650/1465/1379 1651/1466/1380 1649/1443/1378
f 1650/1465/1379 1652/1467/1381 1651/1466/1380
f 1652/1467/1381 1653/1468/1382 1654/1446/1383
f 1652/1467/1381 1654/1446/1383 1651/1466/1380
f 1655/1469/1384 1656/1470/1385 1657/1450/1386
f 1655/1469/1384 1658/1471/1387 1653/1468/1382
f 1658/1471/1387 1655/1469/1384 1659/1448/1388
f 1653/1468/1382 1658/1471/1387 1654/1446/1383
f 1656/1470/1385 1660/1472/1389 1661/1451/1390
f 1657/1450/1386 1659/1448/1388 1655/1469/1384
f 1661/1451/1390 1662/1473/1391 1663/1454/1392
f 1661/1451/1390 1657/1450/1386 1656/1470/1385
f 1662/1473/1391 1661/1451/1390 1660/1472/1389
f 1664/1140/1393 1663/1454/1392 1662/1473/1391
f 1664/1140/1393 1662/1473/1391 1665/1474/1394
f 1664/1140/1393 1666/1475/1395 1667/1138/1396
f 1666/1475/1395 1664/1140/1393 1665/1474/1394
f 1666/1475/1395 1668/1194/1397 1667/1138/1396
f 1668/1194/1397 1669/1192/1398 1670/1136/1399
f 1670/1136/1399 1667/1138/1396 1668/1194/1397
f 1669/1192/1398 1671/1190/1400 1672/1141/1401
f 1672/1141/1401 1670/1136/1399 1669/1192/1398
f 1671/1190/1400 1226/1184/1060 1673/1142/1402
f 1673/1142/1402 1672/1141/1401 1671/1190/1400
f 1226/1184/1060 1225/1183/1059 1674/1457/1403
f 1674/1457/1403 1673/1142/1402 1226/1184/1060
f 1229/1187/1063 1231/1189/1065 1675/1458/1404
f 1675/1458/1404 1228/1186/1062 1229/1187/1063
f 1231/1189/1065 1230/1188/1064 1676/1459/1405
f 1676/1459/1405 1675/1458/1404 1231/1189/1065
f 1677/1428/1406 1272/1201/1106 1271/1157/1105
f 1271/1157/1105 1270/1100/1104 1269/1161/1103
f 1271/1157/1105 1678/1159/1407 1677/1428/1406
f 1678/1159/1407 1236/1189/1070 1235/1156/1069
f 1235/1156/1069 1677/1428/1406 1678/1159/1407
f 1236/1189/1070 1233/1187/1067 1232/1154/1066
f 1243/1190/1077 1245/1191/1079 1244/1148/1078
f 1243/1190/1077 1242/1145/1076 1241/1184/1075
f 1251/1197/1085 1250/1196/1084 1679/1474/1408
f 1680/1131/1409 1681/1133/1410 1682/1469/1411
f 1681/1133/1410 1683/1135/1412 1684/1470/1413
f 1682/1469/1411 1685/1129/1414 1680/1131/1409
f 1684/1470/1413 1682/1469/1411 1681/1133/1410
f 1686/1453/1415 1251/1197/1085 1679/1474/1408
f 1686/1453/1415 1679/1474/1408 1687/1473/1416
f 1688/1449/1417 1687/1473/1416 1689/1472/1418
f 1688/1449/1417 1686/1453/1415 1687/1473/1416
f 1683/1135/1412 1688/1449/1417 1689/1472/1418
f 1683/1135/1412 1689/1472/1418 1684/1470/1413
f 1685/1129/1414 1682/1469/1411 1690/1468/1419
f 1691/1123/1420 1692/1128/1421 1693/1467/1422
f 1691/1123/1420 1694/1465/1423 1695/1121/1424
f 1694/1465/1423 1696/1125/1425 1695/1121/1424
f 1693/1467/1422 1694/1465/1423 1691/1123/1420
f 1692/1128/1421 1685/1129/1414 1690/1468/1419
f 1692/1128/1421 1690/1468/1419 1693/1467/1422
f 1696/1125/1425 1694/1465/1423 1697/1464/1426
f 1697/1464/1426 1698/1440/1427 1696/1125/1425
f 1698/1440/1427 1697/1464/1426 1699/1463/1428
f 1700/1441/1429 1698/1440/1427 1699/1463/1428
f 1700/1441/1429 1701/1476/1430 1252/1120/1086
f 1700/1441/1429 1699/1463/1428 1701/1476/1430
f 1701/1476/1430 1253/1174/1087 1252/1120/1086
f 1256/1116/1090 1260/1199/1094 1257/1114/1091
f 1256/1116/1090 1255/1198/1089 1261/1179/1095
f 1265/1108/1099 1264/1200/1098 1702/1170/1431
f 1702/1170/1431 1703/1104/1432 1265/1108/1099
f 1703/1104/1432 1702/1170/1431 1704/1462/1433
f 1705/1103/1434 1706/1477/1435 1707/1460/1436
f 1706/1477/1435 1705/1103/1434 1708/1105/1437
f 1707/1460/1436 1267/1162/1101 1266/1099/1100
f 1707/1460/1436 1266/1099/1100 1705/1103/1434
f 1708/1105/1437 1703/1104/1432 1704/1462/1433
f 1708/1105/1437 1704/1462/1433 1706/1477/1435
