# Blender 4.1.0
# www.blender.org
o FinnTheFrog
v 0.303144 1.703064 -0.276321
v 0.167600 1.685060 -0.357815
v 0.168338 1.729672 -0.335078
v 0.303907 1.659180 -0.294512
v 0.000006 1.642487 -0.399180
v 0.000009 1.684890 -0.380821
v 0.295778 1.760068 -0.248748
v 0.000015 1.734677 -0.354009
v 0.170009 1.643355 -0.375516
v 0.165936 1.466551 0.260230
v 0.270068 1.474286 0.231396
v 0.273880 1.518189 0.239050
v 0.352662 1.501540 0.182649
v 0.166396 1.430953 0.249767
v 0.027966 1.387843 0.243887
v 0.169751 1.391076 0.236229
v 0.027613 1.430789 0.259600
v 0.027424 1.463045 0.271309
v -0.000016 1.387405 0.245701
v -0.000010 1.330411 0.226764
v 0.027966 1.387843 0.243887
v -0.000022 1.430278 0.261531
v -0.027657 1.430786 0.259601
v -0.027998 1.387839 0.243889
v 0.028498 1.330690 0.225305
v 0.000004 1.278758 0.204341
v 0.027501 1.279915 0.200575
v 0.178062 1.338933 0.203144
v 0.266260 1.432554 0.221222
v 0.027501 1.279915 0.200575
v 0.179354 1.282423 0.178838
v 0.304596 1.356317 0.160960
v 0.353442 1.426010 0.126737
v 0.028498 1.330690 0.225305
v 0.292028 0.588179 0.181802
v 0.231282 0.635614 0.093974
v 0.237775 0.571328 0.149963
v 0.377765 0.504269 0.189509
v 0.394134 0.607269 0.177254
v 0.295390 0.492938 0.193734
v 0.281117 0.665239 0.129852
v 0.244248 0.483342 0.168072
v 0.391385 0.710257 0.130657
v 0.196369 0.556408 -0.160297
v 0.248269 0.517805 -0.182839
v 0.198621 0.523016 -0.129738
v 0.249770 0.555403 -0.213183
v 0.222003 0.484024 -0.100883
v 0.350343 0.576409 -0.236315
v 0.346412 0.524626 -0.191059
v 0.248269 0.517805 -0.182839
v 0.299708 0.453803 0.191262
v 0.381382 0.458890 0.184724
v 0.458659 0.500914 0.157773
v 0.255262 0.456021 0.179063
v 0.490771 0.610628 0.138064
v 0.461312 0.460511 0.157701
v 0.236576 1.188081 -0.537173
v 0.000133 1.215379 -0.546685
v 0.221131 1.297712 -0.517112
v -0.000017 1.009032 -0.545651
v 0.403914 1.255347 -0.477538
v 0.430729 1.143578 -0.492075
v 0.387180 1.323561 -0.463447
v 0.000053 1.323123 -0.523174
v -0.211604 1.363841 -0.501388
v -0.000001 1.391944 -0.503484
v 0.211559 1.365909 -0.500285
v 0.000007 0.615963 -0.178574
v 0.087254 0.642588 -0.094845
v 0.000017 0.627195 -0.094739
v -0.082317 0.626845 -0.166772
v -0.088165 0.633369 -0.252065
v 0.000001 0.635438 -0.278550
v 0.088183 0.633181 -0.254302
v 0.082352 0.625683 -0.169242
v -0.000000 0.672586 -0.360936
v 0.113855 0.661605 -0.331771
v 0.145403 0.618765 -0.206743
v 0.134598 0.626486 -0.139645
v 0.142550 0.649608 -0.076786
v -0.000006 0.730981 -0.433279
v 0.168566 0.712337 -0.392838
v 0.161623 0.608058 -0.121285
v 0.190316 0.629580 -0.265884
v 0.000021 0.755887 0.124161
v 0.021046 0.703975 0.092201
v 0.021863 0.757886 0.121432
v -0.020996 0.704517 0.092284
v 0.000025 0.701493 0.094999
v 0.000017 0.824529 0.144129
v 0.110518 0.723835 0.079680
v 0.215786 0.771221 0.074622
v 0.119839 0.775109 0.107948
v 0.021863 0.757886 0.121432
v 0.021046 0.703975 0.092201
v 0.387104 0.799329 0.100916
v 0.372900 0.872966 0.072266
v 0.023129 0.825843 0.141465
v 0.238578 0.841057 0.085583
v 0.134351 0.840126 0.126890
v 0.340748 0.920236 0.076119
v 0.232243 0.875570 0.103690
v 0.024250 0.898481 0.166749
v 0.023129 0.825843 0.141465
v -0.021820 0.758397 0.121413
v 0.000014 0.898383 0.169671
v 0.415740 1.415480 -0.164064
v 0.413592 1.398896 -0.068864
v 0.474558 1.297901 -0.163697
v 0.484245 1.291013 -0.268227
v 0.390279 1.526951 -0.216318
v 0.386153 1.462279 -0.099657
v 0.303907 1.659180 -0.294512
v 0.385437 1.570982 -0.158396
v 0.397776 1.461288 -0.289232
v 0.370361 1.479800 -0.064966
v 0.307045 1.620212 -0.312978
v 0.454225 1.294508 -0.387554
v 0.318214 1.521731 -0.353419
v 0.387180 1.323561 -0.463447
v 0.383821 1.628541 -0.146356
v 0.303144 1.703064 -0.276321
v 0.407438 1.669602 -0.138364
v 0.242545 0.983393 -0.522002
v 0.431691 0.758841 -0.353054
v 0.222068 0.793732 -0.452665
v 0.442162 0.931964 -0.457961
v 0.553487 0.836431 -0.269568
v 0.549352 0.744995 -0.219118
v 0.463584 0.676006 -0.275940
v 0.296838 0.672675 -0.318125
v 0.168566 0.712337 -0.392838
v -0.236643 1.184554 -0.538291
v -0.222147 0.787785 -0.449777
v -0.242622 0.978667 -0.522069
v -0.000013 0.828943 -0.495157
v 0.468168 1.210830 0.021473
v 0.489637 1.277258 0.010864
v 0.433523 1.263011 0.026527
v 0.486268 1.108601 0.037048
v 0.512427 1.119283 0.025928
v 0.345049 1.105232 0.110854
v 0.510291 1.219827 0.011592
v 0.343683 1.204205 0.117398
v 0.444526 1.008654 0.061566
v 0.182492 1.095301 0.177439
v 0.325983 1.019586 0.102822
v 0.183442 1.200462 0.181907
v 0.508452 0.963329 0.030811
v 0.536016 1.086503 -0.032546
v 0.444526 1.008654 0.061566
v 0.508452 0.963329 0.030811
v 0.581423 0.945419 -0.065531
v 0.581775 1.060550 -0.122641
v 0.486268 1.108601 0.037048
v 0.576099 0.849683 -0.023636
v -0.000006 0.730981 -0.433279
v 0.307045 1.620212 -0.312978
v 0.183300 1.521681 -0.434943
v 0.318214 1.521731 -0.353419
v 0.000001 1.538377 -0.443813
v -0.170154 1.791197 -0.302963
v -0.282608 1.815968 -0.221378
v -0.152254 1.844233 -0.264231
v -0.168356 1.729794 -0.335033
v 0.170046 1.790999 -0.303025
v 0.000026 1.794804 -0.321173
v -0.167595 1.685143 -0.357784
v -0.295791 1.760091 -0.248752
v 0.000022 1.249842 0.203734
v 0.000059 1.194657 0.210565
v 0.027420 1.250883 0.199901
v -0.027430 1.251138 0.199230
v 0.027473 1.195608 0.206561
v -0.000314 1.100464 0.204587
v 0.027618 1.098177 0.201869
v 0.333063 1.260107 0.117928
v 0.180535 1.252936 0.177429
v 0.027618 1.098177 0.201869
v 0.414474 1.298237 0.033561
v 0.327367 1.291520 0.123412
v 0.027473 1.195608 0.206561
v 0.027420 1.250883 0.199901
v 0.367186 1.370241 0.090858
v -0.028519 1.330682 0.225309
v -0.027514 1.280074 0.200078
v 0.350976 1.463081 0.153954
v 0.027424 1.463045 0.271309
v 0.027613 1.430789 0.259600
v -0.027481 1.463044 0.271309
v -0.000029 1.462518 0.273545
v -0.026733 1.515229 0.288024
v 0.388952 1.447565 0.040570
v 0.353442 1.426010 0.126737
v 0.397788 1.390803 -0.005534
v 0.391720 1.447766 -0.010595
v 0.350976 1.463081 0.153954
v 0.367186 1.370241 0.090858
v 0.443412 1.299924 -0.063129
v 0.507007 0.848537 0.060902
v 0.291024 0.942443 0.102254
v 0.169032 0.995425 0.165827
v 0.147323 0.909671 0.148269
v 0.026116 0.986998 0.189214
v 0.000011 0.988212 0.191975
v -0.027479 1.196068 0.205662
v -0.027612 1.098617 0.201239
v 0.026116 0.986998 0.189214
v 0.024250 0.898481 0.166749
v -0.024222 0.898950 0.166515
v 0.427785 1.301042 0.014965
v 0.455757 1.301482 -0.074409
v 0.443412 1.299924 -0.063129
v 0.479710 1.316348 0.010742
v 0.470250 1.312412 0.000030
v 0.485620 1.298359 -0.167502
v 0.474558 1.297901 -0.163697
v 0.414474 1.298237 0.033561
v 0.403914 1.255347 -0.477538
v 0.478632 1.233725 -0.393832
v 0.430729 1.143578 -0.492075
v 0.517944 1.132187 -0.399132
v 0.442162 0.931964 -0.457961
v 0.597067 1.022074 -0.228436
v 0.598518 0.900796 -0.166766
v 0.553487 0.836431 -0.269568
v 0.555256 0.968896 -0.350230
v 0.591264 0.810958 -0.124825
v 0.549352 0.744995 -0.219118
v 0.555256 0.968896 -0.350230
v 0.555256 0.968896 -0.350230
v 0.517944 1.132187 -0.399132
v 0.579206 0.987562 -0.346489
v 0.555256 0.968896 -0.350230
v 0.540786 1.235405 -0.393606
v 0.562311 1.141924 -0.391707
v 0.414474 1.298237 0.033561
v 0.601669 1.063950 -0.123660
v 0.597067 1.022074 -0.228436
v 0.618841 1.028649 -0.225334
v 0.555256 0.968896 -0.350230
v 0.579206 0.987562 -0.346489
v 0.581775 1.060550 -0.122641
v 0.558726 1.092501 -0.038783
v 0.536016 1.086503 -0.032546
v -0.169997 1.643412 -0.375493
v 0.550983 1.302030 -0.179469
v 0.544581 1.290801 -0.276929
v 0.534970 1.300948 -0.177755
v 0.502532 1.309080 -0.086735
v 0.515482 1.312061 -0.081976
v 0.371016 1.475856 0.032314
v 0.512427 1.119283 0.025928
v 0.486268 1.108601 0.037048
v 0.493989 1.290554 -0.263592
v 0.484245 1.291013 -0.268227
v 0.000027 0.671217 0.041328
v 0.000025 0.651004 -0.025081
v 0.020421 0.673663 0.038913
v 0.021046 0.703975 0.092201
v 0.000025 0.701493 0.094999
v -0.020996 0.704517 0.092284
v -0.020367 0.674234 0.039109
v 0.019809 0.653140 -0.026845
v 0.171750 0.710333 0.033440
v 0.096396 0.670214 -0.031041
v 0.158396 0.680614 -0.019898
v 0.110518 0.723835 0.079680
v 0.103407 0.693602 0.030023
v 0.019809 0.653140 -0.026845
v 0.215786 0.771221 0.074622
v 0.020421 0.673663 0.038913
v -0.012550 1.642719 0.333940
v 0.026648 1.515230 0.288026
v 0.038209 1.643859 0.331040
v -0.000043 1.514477 0.290522
v 0.298980 1.661561 0.272140
v 0.180873 1.653543 0.314805
v 0.278354 1.555753 0.253135
v 0.403838 1.656077 0.209491
v 0.385920 1.780859 0.195267
v 0.276971 1.781083 0.255037
v 0.169901 1.515073 0.289710
v 0.026648 1.515230 0.288026
v 0.174540 1.773358 0.294746
v 0.038209 1.643859 0.331040
v 0.042345 1.764883 0.316593
v -0.012550 1.642719 0.333940
v -0.045649 1.766723 0.317163
v -0.039369 1.644872 0.331357
v -0.021327 1.764649 0.320929
v 0.359574 1.540549 0.193823
v 0.473583 1.623298 0.102440
v 0.403838 1.656077 0.209491
v 0.440938 1.572952 0.114483
v 0.385920 1.780859 0.195267
v 0.359574 1.540549 0.193823
v 0.412232 1.536508 0.101593
v 0.418044 1.785174 0.147364
v 0.485971 1.682858 0.043867
v 0.431041 1.798090 0.090226
v 0.282540 1.815930 -0.221381
v 0.151894 1.843872 -0.264345
v 0.407438 1.669602 -0.138364
v 0.280504 1.902588 -0.125075
v -0.183321 1.520757 -0.435568
v -0.000877 1.848222 -0.276950
v 0.149664 1.918491 -0.160190
v -0.151650 1.919435 -0.159918
v -0.004280 1.917554 -0.171790
v 0.384492 1.860599 -0.053627
v 0.434051 1.718638 -0.107423
v 0.427879 1.821401 0.020496
v 0.477638 1.705152 -0.034760
v 0.384492 1.860599 -0.053627
v 0.434051 1.718638 -0.107423
v 0.500372 0.742250 0.094387
v 0.188293 0.657823 0.000825
v 0.169944 0.630877 -0.058805
v 0.206604 0.612327 0.036287
v 0.231282 0.635614 0.093974
v 0.208419 0.685404 0.057161
v 0.208419 0.685404 0.057161
v 0.231282 0.635614 0.093974
v 0.281117 0.665239 0.129852
v 0.260149 0.727804 0.098298
v 0.391385 0.710257 0.130657
v 0.387104 0.799329 0.100916
v 0.208419 0.685404 0.057161
v 0.260149 0.727804 0.098298
v 0.171750 0.710333 0.033440
v 0.171750 0.710333 0.033440
v 0.188293 0.657823 0.000825
v 0.208419 0.685404 0.057161
v 0.158396 0.680614 -0.019898
v 0.169944 0.630877 -0.058805
v 0.383611 0.415932 0.185229
v 0.469244 0.425249 0.154945
v 0.295122 0.416330 0.185236
v 0.389891 0.335322 0.164065
v 0.491005 0.346392 0.128620
v 0.186178 0.545294 0.021236
v 0.197259 0.477742 -0.033948
v 0.193258 0.475953 0.041676
v 0.206604 0.612327 0.036287
v 0.187212 0.589886 -0.025892
v 0.204949 0.559820 0.091794
v 0.180854 0.534440 -0.058724
v 0.231282 0.635614 0.093974
v 0.244248 0.483342 0.168072
v 0.237775 0.571328 0.149963
v 0.210875 0.466118 0.123024
v 0.180723 0.570019 -0.091641
v 0.196369 0.556408 -0.160297
v 0.198621 0.523016 -0.129738
v 0.222003 0.484024 -0.100883
v 0.578695 0.710406 -0.074609
v 0.546294 0.595578 0.069335
v 0.558623 0.574276 -0.015715
v 0.500372 0.742250 0.094387
v 0.490771 0.610628 0.138064
v 0.505308 0.485132 0.101287
v 0.524401 0.471144 0.031546
v 0.564294 0.740187 0.019971
v 0.504583 0.485793 -0.054311
v 0.524057 0.555420 -0.101720
v 0.538620 0.662204 -0.166024
v 0.451023 0.539003 -0.168201
v 0.458135 0.611712 -0.228670
v 0.363305 0.501503 -0.150071
v 0.274892 0.474680 -0.145906
v 0.524057 0.555420 -0.101720
v 0.452323 0.501848 -0.117652
v 0.441425 0.465931 -0.191106
v 0.334580 0.463572 -0.207490
v 0.231873 0.440570 -0.176462
v 0.242250 0.432323 0.167582
v 0.255262 0.456021 0.179063
v 0.165189 0.373762 0.050941
v 0.185958 0.357183 0.109054
v 0.591264 0.810958 -0.124825
v 0.564294 0.740187 0.019971
v 0.578695 0.710406 -0.074609
v 0.549352 0.744995 -0.219118
v 0.538620 0.662204 -0.166024
v 0.463584 0.676006 -0.275940
v 0.538620 0.662204 -0.166024
v 0.458135 0.611712 -0.228670
v 0.549352 0.744995 -0.219118
v 0.347211 0.627238 -0.274057
v 0.350343 0.576409 -0.236315
v 0.228725 0.596375 -0.235255
v 0.249770 0.555403 -0.213183
v 0.196369 0.556408 -0.160297
v 0.175789 0.594272 -0.182746
v 0.228725 0.596375 -0.235255
v 0.190316 0.629580 -0.265884
v 0.347211 0.627238 -0.274057
v 0.274892 0.474680 -0.145906
v 0.179091 0.419112 -0.108738
v 0.161778 0.393084 -0.021991
v 0.492831 0.276134 0.107788
v 0.282763 0.333512 0.169147
v 0.538620 0.662204 -0.166024
v 0.504583 0.485793 -0.054311
v 0.507007 0.848537 0.060902
v 0.576099 0.849683 -0.023636
v 0.500372 0.742250 0.094387
v 0.507007 0.848537 0.060902
v 0.458659 0.500914 0.157773
v 0.512511 0.442603 0.096189
v 0.498811 0.460166 0.119542
v 0.535389 0.369289 0.058504
v 0.536516 0.400724 -0.030360
v 0.439477 0.421060 -0.247298
v 0.326055 0.420628 -0.261615
v 0.540925 0.305730 0.027002
v 0.506680 0.438392 -0.123591
v 0.543262 0.346436 -0.075119
v 0.510479 0.390960 -0.176576
v 0.452323 0.501848 -0.117652
v 0.219798 0.342035 0.149487
v 0.242250 0.432323 0.167582
v 0.219798 0.342035 0.149487
v 0.461312 0.460511 0.157701
v 0.469244 0.425249 0.154945
v 0.491005 0.346392 0.128620
v 0.172530 0.289163 0.081458
v 0.386183 0.262873 0.144757
v 0.273834 0.262756 0.148064
v 0.208098 0.272129 0.126548
v 0.222003 0.484024 -0.100883
v 0.145023 0.339408 -0.069183
v 0.231873 0.440570 -0.176462
v 0.149764 0.311772 0.013354
v 0.452323 0.501848 -0.117652
v 0.506680 0.438392 -0.123591
v 0.510479 0.390960 -0.176576
v 0.441425 0.465931 -0.191106
v 0.274892 0.474680 -0.145906
v 0.162727 0.371632 -0.158110
v 0.218010 0.399497 -0.227908
v 0.171421 0.322091 -0.177800
v 0.157361 0.293705 -0.104634
v 0.219046 0.347685 -0.237845
v 0.521284 0.304805 -0.111136
v 0.517564 0.264060 -0.007498
v 0.536276 0.297025 -0.121625
v 0.532353 0.251669 -0.006962
v 0.490267 0.344441 -0.206662
v 0.366387 0.149306 0.074315
v 0.347249 0.174717 -0.070835
v 0.461232 0.163223 0.045071
v 0.266908 0.150868 0.064912
v 0.392936 0.181734 -0.087602
v 0.508297 0.198027 -0.044486
v 0.159434 0.268767 -0.035679
v 0.481032 0.283607 -0.244172
v 0.421071 0.220286 -0.176726
v 0.407687 0.241442 -0.226526
v 0.413753 0.306043 -0.300618
v 0.376258 0.254146 -0.258856
v 0.309241 0.304820 -0.305807
v 0.417169 0.196662 -0.123597
v 0.512288 0.244468 -0.154309
v 0.375230 0.218517 0.107423
v 0.208098 0.272129 0.126548
v 0.211621 0.230492 0.072864
v 0.273263 0.219511 0.102059
v 0.211621 0.230492 0.072864
v 0.177698 0.247705 0.024901
v 0.349372 0.140803 -0.096288
v 0.401629 0.125855 -0.030138
v 0.395262 0.138805 -0.110706
v 0.307034 0.122549 -0.028481
v 0.354938 0.127900 -0.025498
v 0.440463 0.104549 0.044463
v 0.428761 0.115678 -0.042494
v 0.339669 0.144132 -0.112648
v 0.415203 0.130733 -0.163652
v 0.376680 0.146021 -0.128366
v 0.421484 0.121782 -0.132405
v 0.320912 0.105947 0.088984
v 0.367208 0.109253 0.079195
v 0.412043 0.109283 0.063828
v 0.337221 0.025490 -0.367673
v 0.287387 0.048017 -0.353302
v 0.337816 0.048255 -0.361277
v 0.259225 0.018200 -0.340635
v 0.259026 0.040718 -0.333252
v 0.287344 0.025267 -0.360468
v 0.387532 0.010627 -0.354534
v 0.437249 0.107802 -0.243249
v 0.419895 0.027379 -0.315321
v 0.423444 0.122131 -0.289158
v 0.443688 0.021619 -0.221127
v 0.436792 0.023666 -0.266486
v 0.388569 0.033898 -0.352114
v 0.392773 0.133357 -0.321781
v 0.419895 0.027379 -0.315321
v 0.387532 0.010627 -0.354534
v 0.388569 0.033898 -0.352114
v 0.419026 0.003893 -0.315699
v 0.436792 0.023666 -0.266486
v 0.436752 0.000734 -0.266331
v 0.457980 0.095726 0.027560
v 0.444326 0.100238 -0.057252
v 0.465701 0.088626 0.086817
v 0.407687 0.241442 -0.226526
v 0.401163 0.192726 -0.260030
v 0.376258 0.254146 -0.258856
v 0.418963 0.162384 -0.271869
v 0.389498 0.174364 -0.301069
v 0.374045 0.203868 -0.288476
v 0.290879 0.131576 -0.120057
v 0.298935 0.144458 -0.119188
v 0.277349 0.109692 -0.037576
v 0.409166 0.174274 -0.214509
v 0.418963 0.162384 -0.271869
v 0.401163 0.192726 -0.260030
v 0.433296 0.126965 -0.232628
v 0.421790 0.143010 -0.279848
v 0.428873 0.144368 -0.223025
v 0.395412 0.155298 -0.165519
v 0.415203 0.130733 -0.163652
v 0.424147 0.116297 -0.178717
v 0.391868 0.154459 -0.310533
v 0.326055 0.420628 -0.261615
v 0.439477 0.421060 -0.247298
v 0.422818 0.369052 -0.267068
v 0.317505 0.367132 -0.272948
v 0.218010 0.399497 -0.227908
v 0.323912 0.202871 -0.289143
v 0.374045 0.203868 -0.288476
v 0.336311 0.176223 -0.306215
v 0.277166 0.244546 -0.246585
v 0.325478 0.253446 -0.263057
v 0.284008 0.169993 -0.296798
v 0.275296 0.194545 -0.271779
v 0.257408 0.159209 -0.279252
v 0.253128 0.182894 -0.251003
v 0.286200 0.152842 -0.309738
v 0.265880 0.120607 -0.154097
v 0.256815 0.148943 -0.164109
v 0.253278 0.123391 -0.187282
v 0.298935 0.144458 -0.119188
v 0.272579 0.144457 -0.137967
v 0.271062 0.111850 -0.131689
v 0.290879 0.131576 -0.120057
v 0.254792 0.191613 -0.124206
v 0.447591 0.021574 -0.174258
v 0.457642 0.001515 -0.081447
v 0.450623 -0.000799 -0.178388
v 0.454592 0.024712 -0.076101
v 0.469076 0.024918 0.020403
v 0.472391 0.001515 0.018265
v 0.443688 0.021619 -0.221127
v 0.277094 -0.013972 0.157303
v 0.293776 -0.013972 0.051863
v 0.302227 -0.013972 0.170009
v 0.272479 -0.013972 0.059974
v 0.338882 -0.013972 0.172235
v 0.268600 -0.013972 -0.067028
v 0.285541 -0.013972 -0.076912
v 0.261905 -0.018603 -0.192111
v 0.253562 -0.002577 -0.156609
v 0.249152 -0.004286 -0.197499
v 0.265854 -0.017122 -0.153352
v 0.244708 -0.004820 -0.236423
v 0.258084 -0.019166 -0.231034
v 0.268600 -0.013972 -0.067028
v 0.384940 -0.012870 -0.293802
v 0.342674 -0.010340 -0.302717
v 0.385263 -0.008858 -0.328294
v 0.345807 -0.015876 -0.248878
v 0.413187 -0.012938 -0.297006
v 0.407967 -0.013911 -0.281355
v 0.293648 0.000511 -0.337340
v 0.339366 0.000965 -0.342106
v 0.298566 -0.011585 -0.298328
v 0.387941 -0.015014 -0.248188
v 0.414130 -0.015082 -0.246654
v 0.303036 -0.017244 -0.246390
v 0.268183 -0.004303 -0.323030
v 0.271799 -0.014501 -0.286354
v 0.274933 -0.018593 -0.238168
v 0.472391 0.001515 0.018265
v 0.445306 -0.013972 -0.082477
v 0.457642 0.001515 -0.081447
v 0.481061 0.001515 0.090811
v 0.459166 -0.013972 0.031458
v 0.457070 -0.013972 0.110423
v 0.469269 -0.013972 0.093141
v 0.302227 -0.013972 0.170009
v 0.338882 -0.013972 0.172235
v 0.333135 0.001515 0.191086
v 0.263952 0.001515 0.178706
v 0.277094 -0.013972 0.157303
v 0.295385 0.001515 0.191850
v 0.427206 -0.014989 -0.253054
v 0.434829 -0.015681 -0.212757
v 0.418522 -0.015429 -0.210003
v 0.390747 -0.015001 -0.208223
v 0.382712 -0.013972 0.163702
v 0.370141 -0.013972 0.031037
v 0.427949 -0.013972 0.141906
v 0.326362 -0.013972 0.043447
v 0.313742 -0.013972 -0.087487
v 0.356037 -0.013972 -0.092922
v 0.398607 -0.013972 -0.093147
v 0.412674 -0.013972 0.022724
v 0.457070 -0.013972 0.110423
v 0.427629 -0.013972 -0.088091
v 0.441519 -0.013972 0.026602
v 0.444326 0.100238 -0.057252
v 0.421484 0.121782 -0.132405
v 0.428761 0.115678 -0.042494
v 0.469076 0.024918 0.020403
v 0.454592 0.024712 -0.076101
v 0.395262 0.138805 -0.110706
v 0.437364 0.104554 -0.153485
v 0.447591 0.021574 -0.174258
v 0.388569 0.033898 -0.352114
v 0.271062 0.111850 -0.131689
v 0.288107 0.100850 0.091614
v 0.267398 0.093277 0.090300
v 0.452244 0.090813 0.108058
v 0.477527 0.024918 0.089892
v 0.481061 0.001515 0.090811
v 0.461950 0.024918 0.121433
v 0.464851 0.001515 0.125431
v 0.423259 0.091188 0.139693
v 0.435941 0.100040 -0.196506
v 0.253562 -0.002577 -0.156609
v 0.250547 0.017700 -0.194832
v 0.249152 -0.004286 -0.197499
v 0.256143 0.001515 -0.063424
v 0.255505 0.019730 -0.154109
v 0.258700 0.001515 0.081514
v 0.257285 0.024918 -0.060027
v 0.377503 0.091087 0.163078
v 0.329990 0.090729 0.178067
v 0.274111 0.088289 0.177499
v 0.295733 0.090333 0.184514
v 0.261054 0.094774 -0.048288
v 0.260701 0.024918 0.083535
v 0.263952 0.001515 0.178706
v 0.266289 0.024918 0.178428
v 0.423444 0.122131 -0.289158
v 0.392773 0.133357 -0.321781
v 0.421790 0.143010 -0.279848
v 0.261054 0.094774 -0.048288
v 0.277349 0.109692 -0.037576
v 0.260893 0.105402 -0.165768
v 0.261950 0.093702 -0.141763
v 0.257285 0.024918 -0.060027
v 0.255505 0.019730 -0.154109
v 0.243055 0.100778 -0.240872
v 0.247086 0.130062 -0.263511
v 0.245659 0.112611 -0.272991
v 0.247261 0.091940 -0.208248
v 0.245257 0.117517 -0.231537
v 0.245291 0.017134 -0.232689
v 0.242890 0.020504 -0.270536
v 0.250547 0.017700 -0.194832
v 0.255169 0.091184 -0.177915
v 0.246362 0.030394 -0.304523
v 0.246362 0.030394 -0.304523
v 0.242812 -0.001342 -0.276600
v 0.242890 0.020504 -0.270536
v 0.246536 0.008217 -0.311741
v 0.244708 -0.004820 -0.236423
v 0.245291 0.017134 -0.232689
v 0.259026 0.040718 -0.333252
v 0.259225 0.018200 -0.340635
v 0.258230 0.125064 -0.301638
v 0.287387 0.048017 -0.353302
v 0.259026 0.040718 -0.333252
v 0.287426 0.134592 -0.322015
v 0.337816 0.048255 -0.361277
v 0.259026 0.040718 -0.333252
v 0.258230 0.125064 -0.301638
v 0.250561 0.107856 -0.198004
v 0.430759 0.024918 0.155832
v 0.433001 0.001515 0.160656
v 0.339366 0.000965 -0.342106
v 0.287344 0.025267 -0.360468
v 0.337221 0.025490 -0.367673
v 0.387532 0.010627 -0.354534
v 0.385263 -0.008858 -0.328294
v 0.419026 0.003893 -0.315699
v 0.413187 -0.012938 -0.297006
v 0.423259 0.091188 0.139693
v 0.461950 0.024918 0.121433
v 0.452244 0.090813 0.108058
v 0.430759 0.024918 0.155832
v 0.477527 0.024918 0.089892
v 0.465701 0.088626 0.086817
v 0.377503 0.091087 0.163078
v 0.332411 0.024918 0.188091
v 0.381365 0.024918 0.177832
v 0.329990 0.090729 0.178067
v 0.423259 0.091188 0.139693
v 0.295465 0.024918 0.190162
v 0.293648 0.000511 -0.337340
v 0.259225 0.018200 -0.340635
v 0.430759 0.024918 0.155832
v 0.265854 -0.017122 -0.153352
v 0.281859 -0.016650 -0.158542
v 0.309081 -0.015372 -0.164792
v 0.464851 0.001515 0.125431
v 0.427949 -0.013972 0.141906
v 0.457070 -0.013972 0.110423
v 0.433001 0.001515 0.160656
v 0.382712 -0.013972 0.163702
v 0.278600 -0.017971 -0.197284
v 0.258084 -0.019166 -0.231034
v 0.306465 -0.016794 -0.203894
v 0.256763 -0.016506 -0.275584
v 0.258236 -0.009780 -0.305246
v 0.393379 -0.013972 -0.169648
v 0.351018 -0.013972 -0.167931
v 0.421849 -0.014676 -0.170296
v 0.348613 -0.015370 -0.206649
v 0.471920 0.232111 0.075286
v 0.204747 0.162782 0.030260
v 0.299748 0.177017 -0.078827
v 0.271130 0.182849 -0.098829
v 0.170265 0.181724 -0.021910
v 0.325478 0.253446 -0.263057
v 0.277166 0.244546 -0.246585
v 0.211706 0.287134 -0.273394
v 0.253785 0.229890 -0.216006
v 0.166114 0.260303 -0.216016
v 0.219046 0.347685 -0.237845
v 0.517564 0.264060 -0.007498
v 0.521284 0.304805 -0.111136
v 0.490267 0.344441 -0.206662
v 0.153049 0.230820 -0.148335
v 0.246615 0.214981 -0.183516
v 0.439477 0.421060 -0.247298
v 0.490267 0.344441 -0.206662
v 0.422818 0.369052 -0.267068
v 0.471920 0.232111 0.075286
v 0.492831 0.276134 0.107788
v 0.482771 0.215745 0.083380
v 0.471920 0.232111 0.075286
v 0.377899 0.200348 0.117734
v 0.375230 0.218517 0.107423
v 0.273263 0.219511 0.102059
v 0.267245 0.201801 0.111135
v 0.464851 0.001515 0.125431
v 0.242812 -0.001342 -0.276600
v 0.246536 0.008217 -0.311741
v 0.258236 -0.009780 -0.305246
v 0.256763 -0.016506 -0.275584
v 0.436752 0.000734 -0.266331
v 0.347249 0.174717 -0.070835
v 0.376680 0.146021 -0.128366
v 0.392936 0.181734 -0.087602
v 0.299748 0.177017 -0.078827
v 0.339669 0.144132 -0.112648
v 0.502433 0.340534 -0.224639
v 0.422818 0.369052 -0.267068
v 0.428981 0.367254 -0.289609
v 0.314510 0.365515 -0.295816
v 0.317505 0.367132 -0.272948
v 0.427206 -0.014989 -0.253054
v 0.267398 0.093277 0.090300
v 0.260701 0.024918 0.083535
v 0.266289 0.024918 0.178428
v 0.274111 0.088289 0.177499
v 0.246902 0.133431 -0.221272
v 0.248725 0.158339 -0.194217
v 0.258176 0.142731 -0.290905
v 0.257408 0.159209 -0.279252
v 0.247889 0.146508 -0.253159
v 0.247572 0.170376 -0.224768
v 0.253128 0.182894 -0.251003
v 0.338729 0.157464 -0.318088
v 0.258176 0.142731 -0.290905
v 0.391868 0.154459 -0.310533
v 0.339884 0.137925 -0.330078
v 0.392773 0.133357 -0.321781
v 0.388569 0.033898 -0.352114
v 0.389498 0.174364 -0.301069
v 0.113855 0.661605 -0.331771
v 0.143255 0.256827 -0.039689
v 0.177698 0.247705 0.024901
v 0.159434 0.268767 -0.035679
v 0.162795 0.233561 0.025767
v 0.211621 0.230492 0.072864
v 0.376258 0.254146 -0.258856
v 0.395412 0.155298 -0.165519
v 0.376680 0.146021 -0.128366
v 0.417169 0.196662 -0.123597
v 0.392936 0.181734 -0.087602
v 0.395412 0.155298 -0.165519
v 0.421071 0.220286 -0.176726
v 0.253785 0.229890 -0.216006
v 0.246615 0.214981 -0.183516
v 0.156324 0.315503 -0.192447
v 0.141283 0.284214 -0.113638
v 0.171421 0.322091 -0.177800
v 0.157361 0.293705 -0.104634
v 0.219046 0.347685 -0.237845
v 0.298935 0.144458 -0.119188
v 0.271130 0.182849 -0.098829
v 0.272579 0.144457 -0.137967
v 0.246861 0.201889 -0.152652
v 0.277166 0.244546 -0.246585
v 0.275296 0.194545 -0.271779
v 0.246861 0.201889 -0.152652
v 0.153677 0.204437 -0.082426
v 0.254792 0.191613 -0.124206
v 0.200010 0.214238 0.078392
v 0.438909 -0.015366 -0.171472
v 0.445306 -0.013972 -0.082477
v 0.207696 0.344223 -0.257707
v 0.338882 -0.013972 0.172235
v 0.382519 0.001515 0.182241
v 0.333135 0.001515 0.191086
v 0.382712 -0.013972 0.163702
v 0.261905 -0.018603 -0.192111
v 0.450623 -0.000799 -0.178388
v 0.438909 -0.015366 -0.171472
v 0.434829 -0.015681 -0.212757
v 0.446014 -0.000593 -0.222521
v 0.469269 -0.013972 0.093141
v 0.459166 -0.013972 0.031458
v 0.258700 0.001515 0.081514
v 0.277094 -0.013972 0.157303
v 0.263952 0.001515 0.178706
v 0.272479 -0.013972 0.059974
v 0.256143 0.001515 -0.063424
v 0.427206 -0.014989 -0.253054
v 0.382519 0.001515 0.182241
v 0.295465 0.024918 0.190162
v 0.295385 0.001515 0.191850
v 0.332411 0.024918 0.188091
v 0.266289 0.024918 0.178428
v 0.263952 0.001515 0.178706
v 0.333135 0.001515 0.191086
v 0.381365 0.024918 0.177832
v -0.023095 0.826325 0.141343
v 0.274111 0.088289 0.177499
v 0.295733 0.090333 0.184514
v 0.266289 0.024918 0.178428
v 0.436752 0.000734 -0.266331
v 0.268183 -0.004303 -0.323030
v 0.246536 0.008217 -0.311741
v 0.258236 -0.009780 -0.305246
v 0.161623 0.608058 -0.121285
v 0.175789 0.594272 -0.182746
v 0.180723 0.570019 -0.091641
v 0.187212 0.589886 -0.025892
v 0.142550 0.649608 -0.076786
v 0.142550 0.649608 -0.076786
v 0.169944 0.630877 -0.058805
v 0.175789 0.594272 -0.182746
v 0.000025 0.651004 -0.025081
v -0.019759 0.653668 -0.026526
v -0.087199 0.644600 -0.092707
v 0.145403 0.618765 -0.206743
v 0.175789 0.594272 -0.182746
v 0.196369 0.556408 -0.160297
v 0.500372 0.742250 0.094387
v 0.507007 0.848537 0.060902
v 0.271130 0.182849 -0.098829
v 0.409166 0.174274 -0.214509
v 0.407687 0.241442 -0.226526
v 0.156324 0.315503 -0.192447
v 0.207696 0.344223 -0.257707
v 0.211706 0.287134 -0.273394
v 0.166114 0.260303 -0.216016
v 0.141283 0.284214 -0.113638
v 0.153049 0.230820 -0.148335
v 0.153677 0.204437 -0.082426
v 0.143255 0.256827 -0.039689
v 0.532353 0.251669 -0.006962
v 0.461232 0.163223 0.045071
v 0.508297 0.198027 -0.044486
v 0.482771 0.215745 0.083380
v 0.536276 0.297025 -0.121625
v 0.481032 0.283607 -0.244172
v 0.502433 0.340534 -0.224639
v 0.512288 0.244468 -0.154309
v 0.314510 0.365515 -0.295816
v 0.413753 0.306043 -0.300618
v 0.309241 0.304820 -0.305807
v 0.428981 0.367254 -0.289609
v 0.207696 0.344223 -0.257707
v 0.211706 0.287134 -0.273394
v 0.267245 0.201801 0.111135
v 0.200010 0.214238 0.078392
v 0.204747 0.162782 0.030260
v 0.266908 0.150868 0.064912
v 0.366387 0.149306 0.074315
v 0.377899 0.200348 0.117734
v 0.461232 0.163223 0.045071
v 0.482771 0.215745 0.083380
v 0.170265 0.181724 -0.021910
v 0.162795 0.233561 0.025767
v 0.204747 0.162782 0.030260
v 0.200010 0.214238 0.078392
v 0.428981 0.367254 -0.289609
v 0.502433 0.340534 -0.224639
v 0.481032 0.283607 -0.244172
v 0.413753 0.306043 -0.300618
v 0.430759 0.024918 0.155832
v 0.382519 0.001515 0.182241
v 0.433001 0.001515 0.160656
v 0.457980 0.095726 0.027560
v 0.446014 -0.000593 -0.222521
v 1.412653 0.176786 0.024819
v 1.390523 0.164074 0.052616
v 1.385697 0.167680 0.011172
v 1.386601 0.190658 0.090698
v 1.364739 0.169319 0.079808
v 1.425327 0.198053 0.051361
v 1.364079 0.154264 0.027395
v 1.351471 0.163752 0.055082
v 1.413313 0.191841 0.077232
v 0.976006 1.152710 -0.408293
v 0.790360 1.155663 -0.361728
v 0.845643 1.206184 -0.352527
v 1.034027 1.104576 -0.412834
v 0.904663 1.093340 -0.442902
v 0.742509 1.103342 -0.340624
v 0.958669 1.044326 -0.455423
v 0.833508 1.029954 -0.438070
v 1.203298 0.893582 -0.268992
v 1.218425 0.787619 -0.325692
v 1.162585 0.861034 -0.326392
v 1.262309 0.822019 -0.264956
v 1.108776 0.820772 -0.365060
v 1.287237 0.701500 -0.328127
v 1.161704 0.744524 -0.367207
v 1.333358 0.737654 -0.263818
v 1.050610 0.779523 -0.376117
v 1.035888 1.197459 -0.343087
v 0.941285 1.268522 -0.259867
v 1.071248 1.218493 -0.256873
v 0.899319 1.246671 -0.317400
v 0.842599 1.295696 -0.305601
v 0.740768 1.309595 -0.359441
v 0.808473 1.359766 -0.322696
v 0.845643 1.206184 -0.352527
v 0.787373 1.254440 -0.337274
v 0.732148 1.202821 -0.341087
v 0.899319 1.246671 -0.317400
v 1.151358 1.002894 -0.212455
v 1.151717 1.093031 -0.146405
v 1.149455 1.004604 -0.148686
v 1.152202 1.092841 -0.230839
v 1.127508 1.170730 -0.152393
v 1.102648 1.152178 -0.074562
v 1.125799 1.076366 -0.076614
v 1.127260 0.992069 -0.095424
v 1.333040 0.214270 0.008145
v 1.333971 0.177839 0.056395
v 1.317365 0.219797 0.053273
v 1.348339 0.173127 0.015963
v 1.351471 0.163752 0.055082
v 1.291638 0.278823 0.046880
v 1.307917 0.271302 -0.006230
v 1.364079 0.154264 0.027395
v 1.333040 0.214270 0.008145
v 1.380144 0.181846 -0.006748
v 1.348339 0.173127 0.015963
v 1.368011 0.223718 -0.017306
v 1.385697 0.167680 0.011172
v 1.364079 0.154264 0.027395
v 1.340429 0.642514 -0.328021
v 1.282607 0.596707 -0.368917
v 1.386107 0.676432 -0.263725
v 1.341324 0.556463 -0.350560
v 1.388024 0.599448 -0.318999
v 1.390750 0.528380 -0.331344
v 1.301220 0.504536 -0.343610
v 1.222914 0.546922 -0.375977
v 1.430305 0.625005 -0.260123
v 1.425531 0.567646 -0.309508
v 1.409370 0.690548 -0.186470
v 1.457149 0.624647 -0.185130
v 1.463677 0.584556 -0.257224
v 1.493518 0.570122 -0.186355
v 1.448457 0.542452 -0.307991
v 1.216115 0.507959 0.060181
v 1.163575 0.436100 0.014451
v 1.202710 0.421531 0.036916
v 1.256343 0.462949 0.066193
v 1.242663 0.402051 0.063883
v 1.285464 0.429003 0.079970
v 1.170091 0.396509 -0.021470
v 1.227236 0.384126 0.020775
v 1.093236 0.413337 -0.064562
v 1.242663 0.402051 0.063883
v 1.252311 0.366552 0.036454
v 1.262549 0.382381 0.074385
v 1.262549 0.382381 0.074385
v 1.301425 0.404484 0.086429
v 1.167115 0.502196 -0.353856
v 1.301220 0.504536 -0.343610
v 1.262561 0.456441 -0.308295
v 1.222914 0.546922 -0.375977
v 1.371006 0.475750 -0.310872
v 1.378911 0.420609 -0.248655
v 1.311558 0.391510 -0.202121
v 1.220197 0.424957 -0.254761
v 1.120982 0.471564 -0.307214
v 1.103815 0.566405 -0.368363
v 1.163228 0.608487 -0.384431
v 1.227255 0.655923 -0.371657
v 1.390750 0.528380 -0.331344
v 1.341324 0.556463 -0.350560
v 1.418231 0.505647 -0.326031
v 1.405129 0.454989 -0.301307
v 1.388898 0.562961 0.022620
v 1.277725 0.580364 0.044872
v 1.323556 0.515036 0.058805
v 1.356140 0.465353 0.069536
v 1.435511 0.486146 0.032657
v 1.481019 0.522045 -0.029888
v 1.436917 0.591895 -0.034496
v 1.173662 0.608096 0.053972
v 1.216115 0.507959 0.060181
v 1.335392 0.637854 0.009338
v 1.256343 0.462949 0.066193
v 1.281281 0.711212 -0.002958
v 1.223389 0.658468 0.030422
v 1.414590 0.444259 0.036441
v 1.301425 0.404484 0.086429
v 1.370735 0.434185 0.074376
v 1.285464 0.429003 0.079970
v 1.355802 0.756826 -0.188707
v 1.408390 0.688048 -0.108635
v 1.457149 0.624647 -0.185130
v 1.409370 0.690548 -0.186470
v 1.353881 0.759030 -0.114206
v 1.326909 0.744279 -0.051728
v 1.381339 0.672117 -0.042599
v 1.461654 0.609802 -0.105945
v 1.511610 0.522826 -0.113786
v 1.493518 0.570122 -0.186355
v 1.512857 0.537971 -0.191817
v 1.483950 0.556270 -0.259238
v 1.511739 0.478747 -0.104607
v 1.452871 0.454418 0.004080
v 1.501021 0.480999 -0.031242
v 1.093236 0.413337 -0.064562
v 1.165923 0.393612 -0.101406
v 1.170091 0.396509 -0.021470
v 1.082365 0.429879 -0.153683
v 1.238685 0.374858 -0.049852
v 1.227236 0.384126 0.020775
v 1.082365 0.429879 -0.153683
v 1.184520 0.405531 -0.185100
v 1.165923 0.393612 -0.101406
v 1.019744 0.501603 -0.176553
v 1.090677 0.449352 -0.239380
v 1.020853 0.490419 -0.100938
v 1.291127 0.374926 -0.114090
v 1.291127 0.374926 -0.114090
v 1.184520 0.405531 -0.185100
v 1.532615 0.313119 -0.278748
v 1.559644 0.296072 -0.320618
v 1.560532 0.285775 -0.286595
v 1.530452 0.326132 -0.316890
v 1.577303 0.282665 -0.291350
v 1.487453 0.357572 -0.266882
v 1.481002 0.376986 -0.310720
v 1.530452 0.326132 -0.316890
v 1.481002 0.376986 -0.310720
v 1.544677 0.351768 -0.338375
v 1.572618 0.317047 -0.340553
v 1.559644 0.296072 -0.320618
v 1.585540 0.304868 -0.329933
v 1.580021 0.286009 -0.316319
v 1.580021 0.286009 -0.316319
v 1.543494 0.185693 -0.063662
v 1.479178 0.211705 -0.069216
v 1.509697 0.161914 -0.080867
v 1.451279 0.187470 -0.118592
v 1.524656 0.243993 -0.044015
v 1.402992 0.257920 -0.117402
v 1.490492 0.144866 -0.117531
v 1.518217 0.134120 -0.117807
v 1.534732 0.137535 -0.096318
v 1.551294 0.159600 -0.084189
v 1.495757 0.329377 -0.023119
v 1.439655 0.289275 -0.055832
v 1.132833 0.986937 -0.277387
v 1.074818 1.034166 -0.384772
v 1.126758 1.074058 -0.315563
v 1.151358 1.002894 -0.212455
v 1.152202 1.092841 -0.230839
v 1.093603 1.149847 -0.339041
v 1.124727 1.170888 -0.246121
v 0.941285 1.268522 -0.259867
v 1.080048 1.218693 -0.167379
v 1.071248 1.218493 -0.256873
v 1.061811 1.200985 -0.091874
v 0.966324 1.272560 -0.193598
v 0.970218 1.259733 -0.132449
v 1.041370 0.916895 -0.368936
v 1.007196 0.981416 -0.427448
v 1.093648 0.956088 -0.332240
v 0.960243 0.608872 -0.185674
v 0.913794 0.698128 -0.192590
v 0.972824 0.615575 -0.263394
v 1.028447 0.516456 -0.259927
v 0.927145 0.701985 -0.265281
v 1.057680 0.536892 -0.325362
v 1.001984 0.632492 -0.324994
v 0.921385 0.709231 -0.114549
v 1.005681 0.677536 -0.030605
v 0.968714 0.747020 -0.048400
v 0.960243 0.608872 -0.185674
v 0.969063 0.607560 -0.097711
v 0.913794 0.698128 -0.192590
v 1.027440 0.622090 -0.002983
v 1.019744 0.501603 -0.176553
v 1.020853 0.490419 -0.100938
v 0.985509 0.875505 -0.377771
v 0.935848 0.924956 -0.432769
v 0.738778 0.936194 -0.081812
v 0.820183 0.934682 -0.006038
v 0.805119 0.988417 -0.008815
v 0.712560 1.015561 -0.117975
v 0.709784 0.915515 -0.172854
v 0.750470 1.035454 -0.056346
v 0.754311 0.881994 -0.087711
v 1.101452 0.699902 -0.380040
v 1.163228 0.608487 -0.384431
v 1.045577 0.660357 -0.365526
v 0.996546 0.743034 -0.361478
v 1.050610 0.779523 -0.376117
v 1.101452 0.699902 -0.380040
v 0.955059 0.717070 -0.323055
v 0.824179 0.841378 -0.355934
v 0.934207 0.838623 -0.361635
v 0.895885 0.813034 -0.323610
v 0.871180 0.798611 -0.267869
v 0.795034 0.822951 -0.283837
v 0.871371 0.875037 -0.406948
v 0.764044 0.886095 -0.364341
v 0.812585 0.923729 -0.423061
v 0.985509 0.875505 -0.377771
v 0.935848 0.924956 -0.432769
v 0.772573 0.974565 -0.402405
v 0.708467 1.058569 -0.299941
v 0.742509 1.103342 -0.340624
v 0.731074 0.938029 -0.343693
v 0.833508 1.029954 -0.438070
v 0.692474 1.029569 -0.247692
v 0.994025 0.562285 -0.048731
v 1.080955 0.424982 -0.035820
v 1.021056 0.480989 -0.058779
v 1.093236 0.413337 -0.064562
v 1.282685 0.843001 -0.124539
v 1.212556 0.800240 -0.019740
v 1.257263 0.829133 -0.065539
v 1.355802 0.756826 -0.188707
v 1.152435 0.875525 -0.036306
v 1.219361 0.914668 -0.135018
v 1.194959 0.901864 -0.079231
v 1.095253 0.837905 -0.008163
v 1.153335 0.757609 0.010577
v 1.284048 0.840555 -0.194458
v 1.222181 0.911684 -0.201740
v 1.282685 0.843001 -0.124539
v 1.353881 0.759030 -0.114206
v 1.030596 0.793350 -0.003639
v 1.089375 0.700237 0.024332
v 1.090532 0.636632 0.047874
v 1.152529 0.582141 0.073252
v 1.181657 0.502362 0.065621
v 1.103123 0.394159 0.142366
v 1.132941 0.450283 0.152244
v 1.120215 0.422700 0.176239
v 1.066941 0.380022 0.117071
v 1.110764 0.415753 0.114602
v 1.065800 0.368588 0.143748
v 1.094970 0.381019 0.165271
v 1.065101 0.370706 0.166069
v 1.093270 0.394536 0.200980
v 1.082924 0.377504 0.184402
v 1.108567 0.403920 0.195100
v 1.063605 0.384787 0.200844
v 1.080708 0.403935 0.217747
v 1.046610 0.374226 0.174461
v 1.036854 0.379112 0.149707
v 1.065800 0.368588 0.143748
v 0.997077 0.515684 0.026553
v 1.020766 0.471098 -0.029362
v 1.020398 0.458523 0.008028
v 1.077127 0.424215 -0.012531
v 0.995368 0.541765 -0.015581
v 0.999958 0.485807 0.071158
v 1.072262 0.423239 0.017069
v 1.021433 0.441476 0.048606
v 1.068291 0.416681 0.050389
v 1.067145 0.399164 0.084837
v 1.025353 0.418165 0.087586
v 1.021433 0.441476 0.048606
v 1.004825 0.453902 0.111721
v 1.086259 0.611797 0.073603
v 1.026109 0.563184 0.067519
v 1.080829 0.580230 0.106305
v 1.026854 0.596152 0.028061
v 0.997077 0.515684 0.026553
v 0.999958 0.485807 0.071158
v 1.074268 0.543505 0.140981
v 1.090532 0.636632 0.047874
v 1.027440 0.622090 -0.002983
v 0.995368 0.541765 -0.015581
v 1.025417 0.526026 0.109000
v 1.004825 0.453902 0.111721
v 1.024993 0.487519 0.146115
v 1.066603 0.503194 0.172631
v 1.138532 0.441185 0.035661
v 1.181657 0.502362 0.065621
v 1.172017 0.496898 0.081953
v 1.072262 0.423239 0.017069
v 1.077127 0.424215 -0.012531
v 1.146143 0.441041 0.017455
v 1.128857 0.441370 0.058801
v 1.068291 0.416681 0.050389
v 1.159764 0.489953 0.102712
v 1.118981 0.435068 0.085554
v 1.067145 0.399164 0.084837
v 1.146279 0.476194 0.126581
v 1.063605 0.384787 0.200844
v 1.035161 0.390775 0.185227
v 1.046610 0.374226 0.174461
v 1.061273 0.413663 0.217392
v 1.044393 0.400657 0.207806
v 1.080708 0.403935 0.217747
v 1.032674 0.422903 0.198495
v 1.036854 0.379112 0.149707
v 1.098980 0.450752 0.196835
v 1.108567 0.403920 0.195100
v 1.120215 0.422700 0.176239
v 1.132941 0.450283 0.152244
v 1.110403 0.485106 0.173131
v 1.090790 0.424809 0.214059
v 1.093270 0.394536 0.200980
v 1.059530 0.434274 0.216929
v 1.098980 0.450752 0.196835
v 1.060727 0.464912 0.198775
v 1.090790 0.424809 0.214059
v 1.110403 0.485106 0.173131
v 1.066603 0.503194 0.172631
v 1.061273 0.413663 0.217392
v 1.080708 0.403935 0.217747
v 1.080708 0.403935 0.217747
v 1.030910 0.395181 0.122207
v 1.011896 0.424232 0.146000
v 1.025353 0.418165 0.087586
v 1.021392 0.401061 0.171754
v 1.036854 0.379112 0.149707
v 1.065800 0.368588 0.143748
v 1.030910 0.395181 0.122207
v 1.066941 0.380022 0.117071
v 1.021392 0.401061 0.171754
v 1.060727 0.464912 0.198775
v 1.026767 0.451774 0.176676
v 1.032674 0.422903 0.198495
v 1.059530 0.434274 0.216929
v 1.011896 0.424232 0.146000
v 1.011896 0.424232 0.146000
v 1.026767 0.451774 0.176676
v 1.061273 0.413663 0.217392
v 1.059530 0.434274 0.216929
v 1.603984 0.314987 -0.322709
v 1.603026 0.295143 -0.298409
v 1.585540 0.304868 -0.329933
v 1.613854 0.326679 -0.301156
v 1.580021 0.286009 -0.316319
v 1.577303 0.282665 -0.291350
v 1.618201 0.315419 -0.277514
v 1.594239 0.286441 -0.271125
v 1.607569 0.305979 -0.260588
v 1.549495 0.243918 -0.165920
v 1.568067 0.188835 -0.158700
v 1.504498 0.212000 -0.190632
v 1.463227 0.285643 -0.202025
v 1.517406 0.324265 -0.171266
v 1.587272 0.205883 -0.122037
v 1.534270 0.165056 -0.175906
v 1.580565 0.173100 -0.123221
v 1.571407 0.154450 -0.145222
v 1.547488 0.147620 -0.156839
v 1.576914 0.267782 -0.117031
v 1.552148 0.354139 -0.111649
v 1.490492 0.144866 -0.117531
v 1.465738 0.190377 -0.166961
v 1.503548 0.148156 -0.155696
v 1.451279 0.187470 -0.118592
v 1.533524 0.130937 -0.140634
v 1.518217 0.134120 -0.117807
v 1.402992 0.257920 -0.117402
v 1.417969 0.260119 -0.175101
v 1.465738 0.190377 -0.166961
v 1.534270 0.165056 -0.175906
v 1.503548 0.148156 -0.155696
v 1.417969 0.260119 -0.175101
v 1.504498 0.212000 -0.190632
v 1.547488 0.147620 -0.156839
v 1.533524 0.130937 -0.140634
v 1.587272 0.205883 -0.122037
v 1.562934 0.265246 -0.068175
v 1.574217 0.202593 -0.083871
v 1.576914 0.267782 -0.117031
v 1.539093 0.353421 -0.051996
v 1.552148 0.354139 -0.111649
v 1.562934 0.265246 -0.068175
v 1.543494 0.185693 -0.063662
v 1.539093 0.353421 -0.051996
v 1.524656 0.243993 -0.044015
v 1.543494 0.185693 -0.063662
v 1.572614 0.161048 -0.100905
v 1.574217 0.202593 -0.083871
v 1.551294 0.159600 -0.084189
v 1.580565 0.173100 -0.123221
v 1.557798 0.136198 -0.121098
v 1.587272 0.205883 -0.122037
v 1.557798 0.136198 -0.121098
v 1.571407 0.154450 -0.145222
v 1.557798 0.136198 -0.121098
v 1.547488 0.147620 -0.156839
v 1.533524 0.130937 -0.140634
v 1.571407 0.154450 -0.145222
v 1.534732 0.137535 -0.096318
v 1.518217 0.134120 -0.117807
v 1.557798 0.136198 -0.121098
v 1.533524 0.130937 -0.140634
v 1.437516 0.226039 0.051562
v 1.410219 0.274175 0.086851
v 1.418085 0.226851 0.086849
v 1.433452 0.274241 0.049272
v 1.381218 0.214233 0.104415
v 1.386601 0.190658 0.090698
v 1.395092 0.338880 0.082619
v 1.410219 0.274175 0.086851
v 1.367692 0.259132 0.104754
v 1.413313 0.191841 0.077232
v 1.437516 0.226039 0.051562
v 1.418085 0.226851 0.086849
v 1.410432 0.250565 0.005477
v 1.437516 0.226039 0.051562
v 1.417369 0.205260 0.012741
v 1.345990 0.280674 -0.037127
v 1.397597 0.313776 -0.007874
v 1.368011 0.223718 -0.017306
v 1.380144 0.181846 -0.006748
v 1.385697 0.167680 0.011172
v 1.433452 0.274241 0.049272
v 1.426158 0.342534 0.044414
v 1.425327 0.198053 0.051361
v 1.412653 0.176786 0.024819
v 1.417369 0.205260 0.012741
v 1.437516 0.226039 0.051562
v 1.412653 0.176786 0.024819
v 1.381218 0.214233 0.104415
v 1.332827 0.237879 0.089518
v 1.349055 0.194719 0.090071
v 1.367692 0.259132 0.104754
v 1.364739 0.169319 0.079808
v 1.386601 0.190658 0.090698
v 1.342232 0.318331 0.098612
v 1.305412 0.296406 0.084263
v 1.332827 0.237879 0.089518
v 1.317365 0.219797 0.053273
v 1.349055 0.194719 0.090071
v 1.291638 0.278823 0.046880
v 1.333971 0.177839 0.056395
v 1.364739 0.169319 0.079808
v 1.351471 0.163752 0.055082
v 1.403796 0.395599 -0.214316
v 1.351295 0.365666 -0.183417
v 1.336225 0.364567 -0.114474
v 1.604313 0.319499 -0.242097
v 1.558428 0.328109 -0.240532
v 1.580775 0.297707 -0.254981
v 1.532615 0.313119 -0.278748
v 1.586641 0.354734 -0.223839
v 1.487453 0.357572 -0.266882
v 1.560532 0.285775 -0.286595
v 1.522991 0.376819 -0.218335
v 1.558100 0.411991 -0.195080
v 1.577303 0.282665 -0.291350
v 1.594239 0.286441 -0.271125
v 1.580775 0.297707 -0.254981
v 1.607569 0.305979 -0.260588
v 1.604313 0.319499 -0.242097
v 1.560532 0.285775 -0.286595
v 1.568030 0.374650 -0.326621
v 1.547853 0.452865 -0.280055
v 1.588982 0.385896 -0.293345
v 1.495114 0.412241 -0.333657
v 1.521268 0.440515 -0.319502
v 1.593960 0.337148 -0.329902
v 1.544677 0.351768 -0.338375
v 1.612006 0.347388 -0.300520
v 1.572618 0.317047 -0.340553
v 1.613854 0.326679 -0.301156
v 1.603984 0.314987 -0.322709
v 1.585540 0.304868 -0.329933
v 1.596006 0.376628 -0.250264
v 1.615091 0.338782 -0.264265
v 1.563259 0.440348 -0.227117
v 1.618201 0.315419 -0.277514
v 1.586641 0.354734 -0.223839
v 1.615091 0.338782 -0.264265
v 1.596006 0.376628 -0.250264
v 1.604313 0.319499 -0.242097
v 1.607569 0.305979 -0.260588
v 1.558100 0.411991 -0.195080
v 1.618201 0.315419 -0.277514
v 1.122965 0.519617 0.145949
v 1.159764 0.489953 0.102712
v 1.134568 0.546030 0.118291
v 1.146279 0.476194 0.126581
v 1.122965 0.519617 0.145949
v 1.074268 0.543505 0.140981
v 1.134568 0.546030 0.118291
v 1.080829 0.580230 0.106305
v 1.316318 0.373042 0.090875
v 1.278192 0.351005 0.077990
v 1.278192 0.351005 0.077990
v 1.266664 0.334536 0.040259
v 1.305412 0.296406 0.084263
v 1.384581 0.373283 -0.021394
v 1.323754 0.333861 -0.057292
v 1.310976 0.364426 -0.068880
v 1.377102 0.407479 -0.029163
v 1.418812 0.407135 0.039351
v 1.414590 0.444259 0.036441
v 1.426158 0.342534 0.044414
v 1.379624 0.399404 0.077385
v 1.342232 0.318331 0.098612
v 1.418812 0.407135 0.039351
v 1.316318 0.373042 0.090875
v 1.283149 0.324883 -0.020788
v 1.266664 0.334536 0.040259
v 1.283149 0.324883 -0.020788
v 1.345990 0.280674 -0.037127
v 1.307917 0.271302 -0.006230
v 1.323754 0.333861 -0.057292
v 1.514515 0.435783 -0.038597
v 1.526061 0.434584 -0.107103
v 1.514515 0.435783 -0.038597
v 1.468071 0.410101 -0.005560
v 1.495757 0.329377 -0.023119
v 1.374926 0.328258 -0.180469
v 1.359889 0.326768 -0.115511
v 1.351295 0.365666 -0.183417
v 1.336225 0.364567 -0.114474
v 1.374926 0.328258 -0.180469
v 1.424860 0.356628 -0.209960
v 1.463227 0.285643 -0.202025
v 1.485707 0.400134 -0.174864
v 1.424860 0.356628 -0.209960
v 1.403796 0.395599 -0.214316
v 1.468304 0.441787 -0.176839
v 1.526061 0.434584 -0.107103
v 1.511739 0.478747 -0.104607
v 1.403733 0.363906 -0.044203
v 1.468071 0.410101 -0.005560
v 1.359889 0.326768 -0.115511
v 1.336225 0.364567 -0.114474
v 1.452871 0.454418 0.004080
v 1.384012 0.404879 -0.037819
v 1.530869 0.503084 -0.204432
v 1.506787 0.519317 -0.266677
v 1.512857 0.537971 -0.191817
v 1.530295 0.467858 -0.167247
v 1.563259 0.440348 -0.227117
v 1.530869 0.503084 -0.204432
v 1.514832 0.498926 -0.151769
v 1.445707 0.472267 -0.328756
v 1.474477 0.506023 -0.312105
v 1.418231 0.505647 -0.326031
v 1.488635 0.424174 -0.196998
v 1.530295 0.467858 -0.167247
v 1.443436 0.400952 -0.255526
v 1.469529 0.450508 -0.185133
v 1.443436 0.400952 -0.255526
v 1.432243 0.427113 -0.304671
v 1.418959 0.425075 -0.249211
v 1.405129 0.454989 -0.301307
v 1.432243 0.427113 -0.304671
v 1.495114 0.412241 -0.333657
v 1.445707 0.472267 -0.328756
v 1.172017 0.496898 0.081953
v 1.144620 0.566241 0.093084
v 1.181657 0.502362 0.065621
v 1.152529 0.582141 0.073252
v 1.144620 0.566241 0.093084
v 1.086259 0.611797 0.073603
v 0.477638 1.705152 -0.034760
v 0.602192 1.662126 -0.042052
v 0.581921 1.669737 -0.107639
v 0.610418 1.640389 0.010999
v 0.434051 1.718638 -0.107423
v 0.532473 1.660671 -0.196457
v 0.440938 1.572952 0.114483
v 0.530409 1.502786 0.156393
v 0.473583 1.623298 0.102440
v 0.583873 1.564027 0.127685
v 0.473583 1.623298 0.102440
v 0.598782 1.600491 0.073432
v 0.485971 1.682858 0.043867
v 0.583873 1.564027 0.127685
v 0.371016 1.475856 0.032314
v 0.372197 1.395712 0.021750
v 0.383709 1.392754 0.063897
v 0.355201 1.406021 -0.059490
v 0.383709 1.392754 0.063897
v 0.392306 1.511316 0.085835
v 0.371016 1.475856 0.032314
v 0.419938 1.409475 0.120778
v 0.426096 1.550034 -0.225026
v 0.383821 1.628541 -0.146356
v 0.475172 1.604775 -0.225349
v 0.385437 1.570982 -0.158396
v 0.387677 1.497271 -0.206110
v 0.385437 1.570982 -0.158396
v 0.387677 1.497271 -0.206110
v 0.377552 1.462307 -0.138656
v 0.434051 1.718638 -0.107423
v 0.407438 1.669602 -0.138364
v 0.532473 1.660671 -0.196457
v 0.629429 1.572082 -0.015088
v 0.610418 1.640389 0.010999
v 0.624365 1.547655 0.034744
v 0.598782 1.600491 0.073432
v 0.604268 1.510524 0.080848
v 0.617648 1.583814 -0.070419
v 0.602192 1.662126 -0.042052
v 0.587161 1.586659 -0.131756
v 0.581921 1.669737 -0.107639
v 0.393984 1.369118 -0.074822
v 0.355201 1.406021 -0.059490
v 0.412739 1.421238 -0.152690
v 0.377552 1.462307 -0.138656
v 0.422229 1.441308 -0.174674
v 0.408221 1.356109 -0.002435
v 0.372197 1.395712 0.021750
v 0.355201 1.406021 -0.059490
v 0.422079 1.355705 0.035385
v 0.383709 1.392754 0.063897
v 1.030596 0.793350 -0.003639
v 1.089375 0.700237 0.024332
v 1.090532 0.636632 0.047874
v 0.810757 1.081316 -0.015738
v 0.873820 1.137828 -0.004618
v 0.976271 0.888551 -0.026702
v 0.861070 0.882606 -0.026809
v 0.916680 0.843484 -0.064709
v 0.873207 0.808336 -0.126997
v 0.937833 0.941411 0.018961
v 0.803609 0.836290 -0.104140
v 0.438529 1.282624 -0.107270
v 0.450332 1.321285 -0.173831
v 0.473323 1.219600 -0.131357
v 0.483458 1.256670 -0.201244
v 0.453143 1.269767 -0.040617
v 0.512052 1.136557 -0.167090
v 0.469612 1.358468 -0.214995
v 0.509329 1.304987 -0.254620
v 0.487807 1.204116 -0.059626
v 0.477130 1.270662 0.014370
v 0.526065 1.119595 -0.088643
v 0.453143 1.269767 -0.040617
v 0.393984 1.369118 -0.074822
v 0.438529 1.282624 -0.107270
v 0.422079 1.355705 0.035385
v 0.408221 1.356109 -0.002435
v 0.450332 1.321285 -0.173831
v 0.412739 1.421238 -0.152690
v 0.469612 1.358468 -0.214995
v 0.582301 1.337454 0.096561
v 0.568456 1.229114 0.069668
v 0.638754 1.282186 0.103303
v 0.477130 1.270662 0.014370
v 0.517565 1.205236 0.008609
v 0.698405 1.208907 0.103611
v 0.521360 1.291330 0.067331
v 0.642083 1.393317 0.097245
v 0.638754 1.282186 0.103303
v 0.707537 1.346661 0.104154
v 0.582301 1.337454 0.096561
v 0.698405 1.208907 0.103611
v 0.777718 1.282587 0.105936
v 0.567734 1.464544 0.110106
v 0.513353 1.413569 0.109404
v 0.458401 1.372237 0.083027
v 0.521360 1.291330 0.067331
v 0.422079 1.355705 0.035385
v 0.477130 1.270662 0.014370
v 0.704163 1.484696 0.014610
v 0.786015 1.482707 -0.054193
v 0.709797 1.511434 -0.040136
v 0.779164 1.451837 0.008879
v 0.696933 1.524083 -0.100204
v 0.870111 1.438926 -0.073768
v 0.682142 1.443853 0.065178
v 0.753740 1.404840 0.067176
v 0.771693 1.497085 -0.123231
v 0.853805 1.455202 -0.152450
v 0.663598 1.522326 -0.166883
v 0.629610 1.517464 0.075413
v 0.648620 1.552587 0.031803
v 0.624365 1.547655 0.034744
v 0.629429 1.572082 -0.015088
v 0.653410 1.575693 -0.015334
v 0.604268 1.510524 0.080848
v 0.642327 1.586725 -0.067698
v 0.617648 1.583814 -0.070419
v 0.616438 1.503096 -0.223005
v 0.587161 1.586659 -0.131756
v 0.663598 1.522326 -0.166883
v 0.678939 1.471555 -0.262429
v 0.615895 1.426050 -0.294651
v 0.561781 1.463858 -0.251360
v 0.677823 1.370028 -0.346732
v 0.509581 1.412837 -0.249513
v 0.455413 1.492302 -0.207666
v 0.561781 1.463858 -0.251360
v 0.555613 1.367334 -0.293034
v 0.509581 1.412837 -0.249513
v 0.615895 1.426050 -0.294651
v 0.469612 1.358468 -0.214995
v 0.677823 1.370028 -0.346732
v 0.499155 1.539259 -0.209775
v 0.545922 1.574763 -0.183210
v 0.509329 1.304987 -0.254620
v 0.608695 1.303458 -0.345724
v 0.554724 1.233899 -0.303734
v 0.521900 1.175427 -0.240032
v 0.422229 1.441308 -0.174674
v 0.509581 1.412837 -0.249513
v 0.455413 1.492302 -0.207666
v 0.517565 1.205236 0.008609
v 0.618207 1.148188 0.063561
v 0.477130 1.270662 0.014370
v 0.707537 1.346661 0.104154
v 0.642083 1.393317 0.097245
v 0.777718 1.282587 0.105936
v 0.861915 1.403356 -0.001581
v 0.671277 1.543938 -0.152642
v 0.702245 1.546238 -0.089468
v 0.696933 1.524083 -0.100204
v 0.714247 1.534476 -0.032664
v 0.709797 1.511434 -0.040136
v 0.663598 1.522326 -0.166883
v 0.604268 1.510524 0.080848
v 0.642083 1.393317 0.097245
v 0.682142 1.443853 0.065178
v 0.567734 1.464544 0.110106
v 0.733388 1.494338 -0.199025
v 0.663598 1.522326 -0.166883
v 0.678939 1.471555 -0.262429
v 0.616438 1.503096 -0.223005
v 0.733388 1.494338 -0.199025
v 0.749469 1.422733 -0.309931
v 0.613671 1.586228 -0.126795
v 0.587161 1.586659 -0.131756
v 0.970218 1.259733 -0.132449
v 0.915881 1.281309 -0.065098
v 0.955284 1.231605 -0.077741
v 0.926171 1.309451 -0.121161
v 0.888109 1.238860 -0.014820
v 0.922778 1.189396 -0.030007
v 0.784762 0.818826 -0.194830
v 0.860734 0.795204 -0.198522
v 0.735955 0.865756 -0.283863
v 0.712560 1.015561 -0.117975
v 0.709940 0.918666 -0.265710
v 0.709784 0.915515 -0.172854
v 0.694163 1.015591 -0.186421
v 0.729375 0.861706 -0.185877
v 0.675681 1.061349 -0.085584
v 0.694163 1.015591 -0.186421
v 0.712560 1.015561 -0.117975
v 0.652116 1.060708 -0.152356
v 0.692474 1.029569 -0.247692
v 0.645484 1.074328 -0.213599
v 0.790360 1.155663 -0.361728
v 0.687089 1.149467 -0.314016
v 1.020929 1.166353 -0.030812
v 0.922778 1.189396 -0.030007
v 0.960195 1.115264 0.015449
v 0.955284 1.231605 -0.077741
v 0.886002 1.053919 0.028693
v 1.054131 1.116277 -0.013003
v 0.905055 1.001136 0.039624
v 0.873820 1.137828 -0.004618
v 1.219361 0.914668 -0.135018
v 1.078151 1.043935 -0.022432
v 1.088196 0.967106 -0.054723
v 1.035387 0.931128 -0.027503
v 1.012718 0.997088 0.014873
v 0.886002 1.053919 0.028693
v 1.163575 0.436100 0.014451
v 1.181657 0.502362 0.065621
v 1.080955 0.424982 -0.035820
v 1.093236 0.413337 -0.064562
v 1.216115 0.507959 0.060181
v 1.146143 0.441041 0.017455
v 0.994025 0.562285 -0.048731
v 0.994025 0.562285 -0.048731
v 1.021056 0.480989 -0.058779
v 0.994025 0.562285 -0.048731
v 1.238685 0.374858 -0.049852
v 1.252311 0.366552 0.036454
v 1.227236 0.384126 0.020775
v 1.310976 0.364426 -0.068880
v 1.268916 0.355676 -0.029154
v 1.291127 0.374926 -0.114090
v 1.268916 0.355676 -0.029154
v 1.310976 0.364426 -0.068880
v 1.376474 0.417601 -0.033774
v 1.310976 0.364426 -0.068880
v 1.291127 0.374926 -0.114090
v 1.414590 0.444259 0.036441
v 1.377102 0.407479 -0.029163
v 1.435511 0.486146 0.032657
v 1.376474 0.417601 -0.033774
v 1.435511 0.486146 0.032657
v 1.291127 0.374926 -0.114090
v 1.463483 0.456239 -0.179495
v 1.378911 0.420609 -0.248655
v 1.511610 0.522826 -0.113786
v 1.418959 0.425075 -0.249211
v 1.514832 0.498926 -0.151769
v 1.463483 0.456239 -0.179495
v 1.469529 0.450508 -0.185133
v 1.511610 0.522826 -0.113786
v 1.418959 0.425075 -0.249211
v 1.378911 0.420609 -0.248655
v 1.418959 0.425075 -0.249211
v 1.514832 0.498926 -0.151769
v 0.980209 0.862621 0.015211
v 1.035387 0.931128 -0.027503
v 0.976271 0.888551 -0.026702
v 1.053422 0.914254 0.015462
v 0.916680 0.843484 -0.064709
v 0.907888 0.808213 -0.032877
v 1.088196 0.967106 -0.054723
v 1.043269 0.780172 -0.415219
v 0.996546 0.743034 -0.361478
v 0.978289 0.735799 -0.397491
v 1.050610 0.779523 -0.376117
v 0.928323 0.704354 -0.351118
v 1.113228 0.830302 -0.401945
v 1.108776 0.820772 -0.365060
v 1.130319 0.944363 -0.357801
v 1.132833 0.986937 -0.277387
v 1.177994 0.982002 -0.290316
v 1.041370 0.916895 -0.368936
v 1.093648 0.956088 -0.332240
v 1.067378 0.896795 -0.402742
v 0.985509 0.875505 -0.377771
v 0.999228 0.847197 -0.414790
v 0.895885 0.813034 -0.323610
v 0.856178 0.754527 -0.283100
v 0.871180 0.798611 -0.267869
v 0.887887 0.772201 -0.350923
v 0.841815 0.750167 -0.198258
v 0.860734 0.795204 -0.198522
v 0.934207 0.838623 -0.361635
v 0.935941 0.803102 -0.396518
v 1.030596 0.793350 -0.003639
v 0.943704 0.742005 -0.019822
v 0.968714 0.747020 -0.048400
v 1.097733 0.849756 0.028826
v 1.020454 0.794968 0.034311
v 1.095253 0.837905 -0.008163
v 0.921385 0.709231 -0.114549
v 0.888720 0.693498 -0.099471
v 0.878804 0.681115 -0.193684
v 0.913794 0.698128 -0.192590
v 1.151358 1.002894 -0.212455
v 1.200179 1.001808 -0.210749
v 1.168492 0.988489 -0.066336
v 1.196982 1.003921 -0.131857
v 1.149455 1.004604 -0.148686
v 1.127260 0.992069 -0.095424
v 1.152435 0.875525 -0.036306
v 1.166528 0.895431 -0.005145
v 1.194959 0.901864 -0.079231
v 1.217760 0.927307 -0.056946
v 1.119312 0.957992 -0.016913
v 1.250311 0.939656 -0.204789
v 1.219361 0.914668 -0.135018
v 1.222181 0.911684 -0.201740
v 1.247122 0.942881 -0.124260
v 1.203298 0.893582 -0.268992
v 1.227316 0.918184 -0.285991
v 1.162585 0.861034 -0.326392
v 1.178108 0.879017 -0.355295
v 0.856178 0.754527 -0.283100
v 0.928323 0.704354 -0.351118
v 0.894711 0.686049 -0.281409
v 0.935941 0.803102 -0.396518
v 0.978289 0.735799 -0.397491
v 0.887887 0.772201 -0.350923
v 0.999228 0.847197 -0.414790
v 1.043269 0.780172 -0.415219
v 1.196982 1.003921 -0.131857
v 1.217760 0.927307 -0.056946
v 1.247122 0.942881 -0.124260
v 1.168492 0.988489 -0.066336
v 1.119312 0.957992 -0.016913
v 1.166528 0.895431 -0.005145
v 1.053422 0.914254 0.015462
v 1.097733 0.849756 0.028826
v 1.250311 0.939656 -0.204789
v 1.227316 0.918184 -0.285991
v 1.200179 1.001808 -0.210749
v 1.177994 0.982002 -0.290316
v 1.178108 0.879017 -0.355295
v 1.130319 0.944363 -0.357801
v 1.250311 0.939656 -0.204789
v 1.200179 1.001808 -0.210749
v 0.980209 0.862621 0.015211
v 1.020454 0.794968 0.034311
v 0.943704 0.742005 -0.019822
v 0.980209 0.862621 0.015211
v 0.907888 0.808213 -0.032877
v 0.855706 0.765847 -0.110247
v 0.888720 0.693498 -0.099471
v 0.841815 0.750167 -0.198258
v 0.878804 0.681115 -0.193684
v 1.020454 0.794968 0.034311
v 1.113228 0.830302 -0.401945
v 0.999228 0.847197 -0.414790
v 1.067378 0.896795 -0.402742
v 1.043269 0.780172 -0.415219
v 0.878804 0.681115 -0.193684
v 0.841815 0.750167 -0.198258
v 0.855706 0.765847 -0.110247
v 0.873207 0.808336 -0.126997
v 0.894711 0.686049 -0.281409
v 0.927145 0.701985 -0.265281
v 0.955059 0.717070 -0.323055
v 0.392306 1.511316 0.085835
v 0.352662 1.501540 0.182649
v 0.370361 1.479800 -0.064966
v 0.499155 1.539259 -0.209775
v 0.426096 1.550034 -0.225026
v 0.475172 1.604775 -0.225349
v 0.422229 1.441308 -0.174674
v 0.387677 1.497271 -0.206110
v 0.455413 1.492302 -0.207666
v 0.545922 1.574763 -0.183210
v 0.295778 1.760068 -0.248748
v 0.530409 1.502786 0.156393
v 0.440938 1.572952 0.114483
v 0.470401 1.449436 0.147418
v 0.412232 1.536508 0.101593
v 0.392306 1.511316 0.085835
v 0.419938 1.409475 0.120778
v 0.359574 1.540549 0.193823
v 0.278354 1.555753 0.253135
v 0.273880 1.518189 0.239050
v 0.352662 1.501540 0.182649
v 0.169901 1.515073 0.289710
v 0.165936 1.466551 0.260230
v 0.470401 1.449436 0.147418
v 0.458401 1.372237 0.083027
v 0.513353 1.413569 0.109404
v 0.419938 1.409475 0.120778
v 0.422079 1.355705 0.035385
v 0.383709 1.392754 0.063897
v 1.035387 0.931128 -0.027503
v 1.012718 0.997088 0.014873
v 0.937833 0.941411 0.018961
v 0.976271 0.888551 -0.026702
v -0.113850 0.660670 -0.328841
v -0.168587 0.709714 -0.389525
v 0.021046 0.703975 0.092201
v 0.887770 1.317961 -0.249123
v 0.903656 1.391152 -0.172695
v 0.917369 1.322128 -0.182630
v 0.917086 1.375502 -0.097848
v 0.864998 1.386657 -0.254093
v 0.926171 1.309451 -0.121161
v 0.887770 1.317961 -0.249123
v 0.808473 1.359766 -0.322696
v 0.864998 1.386657 -0.254093
v 0.842599 1.295696 -0.305601
v 0.888109 1.238860 -0.014820
v 0.823337 1.226023 0.070770
v 0.842755 1.186648 0.014643
v 0.876284 1.289715 0.032962
v 0.907188 1.341421 -0.029294
v 0.888109 1.238860 -0.014820
v 0.915881 1.281309 -0.065098
v 0.876284 1.289715 0.032962
v 0.823337 1.226023 0.070770
v 0.831700 1.349321 0.064668
v 0.675681 1.061349 -0.085584
v 0.586497 1.071728 -0.123197
v 0.652116 1.060708 -0.152356
v 0.618048 1.072696 -0.043029
v 0.575800 1.087986 -0.197366
v 0.645484 1.074328 -0.213599
v 0.671314 1.098288 0.025920
v 0.675681 1.061349 -0.085584
v 0.717722 1.082119 -0.027059
v 0.618048 1.072696 -0.043029
v 0.560799 1.120954 -0.006956
v 0.674222 1.246474 -0.361024
v 0.687089 1.149467 -0.314016
v 0.620971 1.180879 -0.324176
v 0.740768 1.309595 -0.359441
v 0.732148 1.202821 -0.341087
v 0.586663 1.124023 -0.264442
v 0.687089 1.149467 -0.314016
v 0.656700 1.103527 -0.267732
v 0.620971 1.180879 -0.324176
v 0.554724 1.233899 -0.303734
v 0.749469 1.422733 -0.309931
v 0.787373 1.254440 -0.337274
v 0.779588 1.129199 0.008422
v 0.747091 1.156030 0.066331
v 0.842755 1.186648 0.014643
v 0.747091 1.156030 0.066331
v 0.779588 1.129199 0.008422
v 0.823337 1.226023 0.070770
v 0.810757 1.081316 -0.015738
v 0.642327 1.586725 -0.067698
v 0.714247 1.534476 -0.032664
v 0.702245 1.546238 -0.089468
v 0.648620 1.552587 0.031803
v 0.709040 1.509063 0.018980
v 0.653410 1.575693 -0.015334
v 0.613671 1.586228 -0.126795
v 0.629610 1.517464 0.075413
v 0.688592 1.470032 0.066514
v 0.671277 1.543938 -0.152642
v 0.709040 1.509063 0.018980
v 0.704163 1.484696 0.014610
v 0.682142 1.443853 0.065178
v 0.629610 1.517464 0.075413
v 0.604268 1.510524 0.080848
v 0.688592 1.470032 0.066514
v 0.663598 1.522326 -0.166883
v 0.613671 1.586228 -0.126795
v 0.671277 1.543938 -0.152642
v 0.587161 1.586659 -0.131756
v 0.688592 1.470032 0.066514
v 0.682142 1.443853 0.065178
v 0.750470 1.035454 -0.056346
v 0.717722 1.082119 -0.027059
v 0.675681 1.061349 -0.085584
v 0.712560 1.015561 -0.117975
v 0.881009 0.980105 -0.456072
v 0.742509 1.103342 -0.340624
v 0.803609 0.836290 -0.104140
v 0.784762 0.818826 -0.194830
v 0.860734 0.795204 -0.198522
v 0.873207 0.808336 -0.126997
v 0.842755 1.186648 0.014643
v 0.873820 1.137828 -0.004618
v 0.708467 1.058569 -0.299941
v 0.656700 1.103527 -0.267732
v 0.742509 1.103342 -0.340624
v 0.687089 1.149467 -0.314016
v 0.937833 0.941411 0.018961
v 0.966324 1.272560 -0.193598
v 0.917369 1.322128 -0.182630
v 0.941285 1.268522 -0.259867
v 0.887770 1.317961 -0.249123
v 0.941285 1.268522 -0.259867
v 0.887770 1.317961 -0.249123
v 0.873820 1.137828 -0.004618
v 0.548472 1.205209 -0.073240
v 0.512427 1.119283 0.025928
v 0.558726 1.092501 -0.038783
v 0.601669 1.063950 -0.123660
v 0.585231 1.185073 -0.164800
v 0.510291 1.219827 0.011592
v 0.575532 1.240841 -0.284960
v 0.563955 1.257917 -0.177850
v 0.623721 1.161873 -0.269771
v 0.562311 1.141924 -0.391707
v 0.540786 1.235405 -0.393606
v 0.579206 0.987562 -0.346489
v 0.618841 1.028649 -0.225334
v 0.527375 1.271031 -0.079983
v 0.489637 1.277258 0.010864
v 0.530215 1.291156 -0.393238
v 0.478632 1.233725 -0.393832
v 0.454225 1.294508 -0.387554
v 0.540786 1.235405 -0.393606
v 0.465740 1.293493 -0.373237
v 0.454225 1.294508 -0.387554
v 0.515284 1.291638 -0.377451
v 0.493989 1.290554 -0.263592
v 0.544581 1.290801 -0.276929
v 0.465740 1.293493 -0.373237
v 0.485620 1.298359 -0.167502
v 0.534970 1.300948 -0.177755
v 0.455757 1.301482 -0.074409
v 0.502532 1.309080 -0.086735
v 0.470250 1.312412 0.000030
v 0.427785 1.301042 0.014965
v 0.530215 1.291156 -0.393238
v 0.515284 1.291638 -0.377451
v 0.562335 1.288071 -0.280031
v 0.478632 1.233725 -0.393832
v 0.563955 1.257917 -0.177850
v 0.575532 1.240841 -0.284960
v 0.550983 1.302030 -0.179469
v 0.515482 1.312061 -0.081976
v 0.527375 1.271031 -0.079983
v 0.562335 1.288071 -0.280031
v 0.540786 1.235405 -0.393606
v 0.530215 1.291156 -0.393238
v 0.479710 1.316348 0.010742
v 0.489637 1.277258 0.010864
v 0.433523 1.263011 0.026527
v 0.479710 1.316348 0.010742
v 0.414474 1.298237 0.033561
v 0.489637 1.277258 0.010864
v 0.350976 1.463081 0.153954
v 0.266260 1.432554 0.221222
v 0.353442 1.426010 0.126737
v 0.270068 1.474286 0.231396
v 0.166396 1.430953 0.249767
v 0.169751 1.391076 0.236229
v 0.560799 1.120954 -0.006956
v 0.810723 1.450631 -0.238251
v 0.810723 1.450631 -0.238251
v 0.881009 0.980105 -0.456072
v 0.729375 0.861706 -0.185877
v 0.784762 0.818826 -0.194830
v 1.124727 1.170888 -0.246121
v 0.985562 1.063801 0.031170
v 0.905055 1.001136 0.039624
v 0.604268 1.510524 0.080848
v 0.530409 1.502786 0.156393
v 0.567734 1.464544 0.110106
v 0.583873 1.564027 0.127685
v 0.583873 1.564027 0.127685
v 0.387677 1.497271 -0.206110
v 0.587161 1.586659 -0.131756
v 0.545922 1.574763 -0.183210
v 0.532473 1.660671 -0.196457
v 0.581921 1.669737 -0.107639
v 0.532473 1.660671 -0.196457
v -0.303139 1.703078 -0.276324
v -0.303895 1.659193 -0.294512
v -0.307032 1.620221 -0.312980
v -0.165986 1.466542 0.260230
v -0.270042 1.474355 0.231467
v -0.166433 1.430937 0.249774
v -0.350958 1.462972 0.152662
v -0.266230 1.432600 0.221279
v -0.273894 1.518276 0.239134
v -0.352639 1.501539 0.182677
v -0.169779 1.391049 0.236245
v -0.359575 1.540568 0.193814
v -0.170073 1.515441 0.289807
v -0.278491 1.555938 0.253144
v -0.178084 1.339151 0.201541
v -0.353426 1.425863 0.124323
v -0.304561 1.356609 0.157862
v -0.027514 1.280074 0.200078
v -0.028519 1.330682 0.225309
v -0.027998 1.387839 0.243889
v -0.179372 1.283023 0.176532
v -0.291656 0.603810 0.193385
v -0.377364 0.519693 0.204596
v -0.294984 0.508095 0.209059
v -0.237422 0.585754 0.162326
v -0.231006 0.647709 0.102886
v -0.280818 0.678920 0.137722
v -0.393762 0.623323 0.188543
v -0.243859 0.497687 0.183876
v -0.196238 0.559495 -0.147313
v -0.248134 0.520386 -0.166638
v -0.249673 0.556258 -0.199437
v -0.198451 0.527715 -0.114309
v -0.221793 0.491432 -0.082489
v -0.274712 0.480487 -0.126784
v -0.299301 0.468398 0.207652
v -0.458279 0.515386 0.173338
v -0.391090 0.724437 0.136983
v -0.490425 0.625339 0.149627
v -0.500105 0.755394 0.099736
v -0.380980 0.473508 0.201125
v -0.221183 1.295155 -0.518282
v -0.387284 1.318725 -0.466817
v -0.404031 1.249698 -0.481044
v -0.142438 0.653996 -0.071455
v -0.134511 0.629332 -0.133726
v -0.145339 0.619990 -0.200109
v -0.161501 0.611976 -0.112880
v -0.175693 0.596320 -0.173009
v -0.190281 0.628712 -0.258115
v -0.119779 0.778528 0.107762
v -0.238462 0.848446 0.084456
v -0.215629 0.779707 0.076089
v -0.110449 0.727186 0.080146
v -0.134300 0.843505 0.125975
v -0.232147 0.882050 0.101733
v -0.372729 0.883732 0.070701
v -0.386871 0.811921 0.102913
v -0.259916 0.739335 0.102657
v -0.021820 0.758397 0.121413
v -0.024222 0.898950 0.166515
v -0.147278 0.912883 0.146658
v -0.290914 0.950545 0.098286
v -0.340613 0.929679 0.072621
v -0.386189 1.461148 -0.102441
v -0.413631 1.397653 -0.073789
v -0.391738 1.447075 -0.013145
v -0.390313 1.525432 -0.218588
v -0.415815 1.413303 -0.169028
v -0.397841 1.458268 -0.293190
v -0.303895 1.659193 -0.294512
v -0.307032 1.620221 -0.312980
v -0.474634 1.295886 -0.174173
v -0.318210 1.521728 -0.353425
v -0.484383 1.286461 -0.278238
v -0.454390 1.287750 -0.395188
v -0.383823 1.628541 -0.146354
v -0.303139 1.703078 -0.276324
v -0.385449 1.570532 -0.159120
v -0.407439 1.669605 -0.138359
v -0.295791 1.760091 -0.248752
v -0.430868 1.136531 -0.495418
v -0.442331 0.922354 -0.459407
v -0.431771 0.752185 -0.348321
v -0.553533 0.833254 -0.268497
v -0.555387 0.962525 -0.354366
v -0.549329 0.744321 -0.213648
v -0.463582 0.672758 -0.267026
v -0.168587 0.709714 -0.389525
v -0.296854 0.668887 -0.310689
v -0.489631 1.279523 -0.000286
v -0.468093 1.214565 0.010861
v -0.433505 1.264958 0.017331
v -0.345014 1.110088 0.104317
v -0.343569 1.207013 0.111136
v -0.510227 1.223702 0.000012
v -0.332955 1.261886 0.112208
v -0.414460 1.299432 0.025208
v -0.512386 1.125762 0.015796
v -0.486219 1.115362 0.027356
v -0.444420 1.017830 0.054746
v -0.325902 1.027075 0.096692
v -0.182479 1.097467 0.174618
v -0.183447 1.201761 0.179144
v -0.535986 1.091963 -0.041960
v -0.581351 0.951380 -0.069772
v -0.508327 0.972911 0.025617
v -0.444420 1.017830 0.054746
v -0.486219 1.115362 0.027356
v -0.575959 0.857893 -0.023404
v -0.506810 0.860027 0.060980
v -0.318210 1.521728 -0.353425
v -0.180549 1.253763 0.174935
v -0.027612 1.098617 0.201239
v -0.027479 1.196068 0.205662
v -0.027430 1.251138 0.199230
v -0.327264 1.292802 0.118133
v -0.367175 1.370253 0.086648
v -0.388962 1.447100 0.038294
v -0.397810 1.390106 -0.010111
v -0.353426 1.425863 0.124323
v -0.367175 1.370253 0.086648
v -0.443442 1.299845 -0.072883
v -0.414460 1.299432 0.025208
v -0.506810 0.860027 0.060980
v -0.508327 0.972911 0.025617
v -0.169003 0.998436 0.163337
v -0.026095 0.987506 0.188808
v -0.455793 1.301265 -0.084590
v -0.427780 1.302121 0.005983
v -0.443442 1.299845 -0.072883
v -0.479718 1.317910 -0.000462
v -0.414460 1.299432 0.025208
v -0.474634 1.295886 -0.174173
v -0.404031 1.249698 -0.481044
v -0.430868 1.136531 -0.495418
v -0.478801 1.226711 -0.401333
v -0.518122 1.124515 -0.406372
v -0.442331 0.922354 -0.459407
v -0.555387 0.962525 -0.354366
v -0.387284 1.318725 -0.466817
v -0.597133 1.020622 -0.235143
v -0.598504 0.902424 -0.168841
v -0.581786 1.063206 -0.131214
v -0.553533 0.833254 -0.268497
v -0.555387 0.962525 -0.354366
v -0.591187 0.814676 -0.122577
v -0.518122 1.124515 -0.406372
v -0.579339 0.981356 -0.351298
v -0.562490 1.134258 -0.399708
v -0.540972 1.227739 -0.402583
v -0.555387 0.962525 -0.354366
v -0.601646 1.066484 -0.132252
v -0.597133 1.020622 -0.235143
v -0.581786 1.063206 -0.131214
v -0.618906 1.027296 -0.232172
v -0.558653 1.097669 -0.048362
v -0.579339 0.981356 -0.351298
v -0.502578 1.308882 -0.098393
v -0.551076 1.299838 -0.192129
v -0.515528 1.312043 -0.094025
v -0.535060 1.298753 -0.189991
v -0.544717 1.285965 -0.288751
v -0.470260 1.313685 -0.010776
v -0.370383 1.479148 -0.066650
v -0.512386 1.125762 0.015796
v -0.535986 1.091963 -0.041960
v -0.486219 1.115362 0.027356
v -0.485699 1.296283 -0.178328
v -0.494127 1.286068 -0.273987
v -0.019759 0.653668 -0.026526
v -0.171605 0.717347 0.036692
v -0.110449 0.727186 0.080146
v -0.215629 0.779707 0.076089
v -0.096326 0.673021 -0.029335
v -0.103332 0.696893 0.031125
v -0.158263 0.686462 -0.015441
v -0.020367 0.674234 0.039109
v -0.020996 0.704517 0.092284
v -0.039369 1.644872 0.331357
v -0.181934 1.654256 0.314966
v -0.299706 1.661811 0.272100
v -0.026733 1.515229 0.288024
v -0.280766 1.781764 0.254946
v -0.386759 1.780806 0.195133
v -0.403934 1.656064 0.209460
v -0.027481 1.463044 0.271309
v -0.178171 1.774716 0.295032
v -0.440939 1.572968 0.114489
v -0.403934 1.656064 0.209460
v -0.473563 1.623331 0.102451
v -0.386759 1.780806 0.195133
v -0.418117 1.785177 0.147326
v -0.359575 1.540568 0.193814
v -0.412238 1.536515 0.101596
v -0.352639 1.501539 0.182677
v -0.431065 1.798094 0.090204
v -0.485964 1.682868 0.043864
v -0.407439 1.669605 -0.138359
v -0.434042 1.718654 -0.107407
v -0.280699 1.902616 -0.125083
v -0.384040 1.860668 -0.053533
v -0.427660 1.821459 0.020543
v -0.477589 1.705203 -0.034729
v -0.384040 1.860668 -0.053533
v -0.434042 1.718654 -0.107407
v -0.188114 0.665521 0.007426
v -0.231006 0.647709 0.102886
v -0.206363 0.622279 0.046059
v -0.169794 0.636683 -0.051270
v -0.208213 0.694945 0.062698
v -0.259916 0.739335 0.102657
v -0.280818 0.678920 0.137722
v -0.208213 0.694945 0.062698
v -0.391090 0.724437 0.136983
v -0.231006 0.647709 0.102886
v -0.171605 0.717347 0.036692
v -0.208213 0.694945 0.062698
v -0.188114 0.665521 0.007426
v -0.169794 0.636683 -0.051270
v -0.158263 0.686462 -0.015441
v -0.171605 0.717347 0.036692
v -0.208213 0.694945 0.062698
v -0.460928 0.474417 0.174392
v -0.383208 0.429895 0.202556
v -0.294720 0.430246 0.202478
v -0.254864 0.470302 0.195478
v -0.468862 0.438590 0.172430
v -0.389508 0.348028 0.182702
v -0.282377 0.346265 0.187685
v -0.206363 0.622279 0.046059
v -0.185909 0.555429 0.035266
v -0.187006 0.597682 -0.015111
v -0.192953 0.487010 0.058866
v -0.197005 0.486633 -0.016082
v -0.204633 0.572372 0.104967
v -0.180642 0.541617 -0.044267
v -0.180552 0.575559 -0.079621
v -0.243859 0.497687 0.183876
v -0.210515 0.479214 0.139692
v -0.231006 0.647709 0.102886
v -0.237422 0.585754 0.162326
v -0.198451 0.527715 -0.114309
v -0.196238 0.559495 -0.147313
v -0.221793 0.491432 -0.082489
v -0.578541 0.716371 -0.067084
v -0.545994 0.607604 0.082013
v -0.564077 0.750336 0.025882
v -0.558379 0.583028 -0.001600
v -0.524101 0.481759 0.049245
v -0.504963 0.497605 0.117926
v -0.504342 0.494563 -0.036162
v -0.538521 0.664148 -0.156001
v -0.523869 0.560890 -0.086216
v -0.350268 0.575802 -0.222540
v -0.450879 0.541971 -0.151654
v -0.458069 0.610999 -0.216162
v -0.346281 0.526746 -0.173930
v -0.452124 0.509604 -0.099345
v -0.523869 0.560890 -0.086216
v -0.363128 0.508452 -0.131538
v -0.274712 0.480487 -0.126784
v -0.441286 0.473916 -0.172473
v -0.452124 0.509604 -0.099345
v -0.248134 0.520386 -0.166638
v -0.334451 0.471216 -0.188702
v -0.241859 0.446015 0.184620
v -0.164883 0.384782 0.069607
v -0.591187 0.814676 -0.122577
v -0.564077 0.750336 0.025882
v -0.575959 0.857893 -0.023404
v -0.549329 0.744321 -0.213648
v -0.578541 0.716371 -0.067084
v -0.538521 0.664148 -0.156001
v -0.463582 0.672758 -0.267026
v -0.538521 0.664148 -0.156001
v -0.549329 0.744321 -0.213648
v -0.347185 0.624753 -0.263400
v -0.458069 0.610999 -0.216162
v -0.347185 0.624753 -0.263400
v -0.549329 0.744321 -0.213648
v -0.350268 0.575802 -0.222540
v -0.228659 0.596311 -0.224459
v -0.249673 0.556258 -0.199437
v -0.196238 0.559495 -0.147313
v -0.228659 0.596311 -0.224459
v -0.190281 0.628712 -0.258115
v -0.178894 0.427827 -0.089866
v -0.221793 0.491432 -0.082489
v -0.492497 0.287607 0.127195
v -0.385824 0.274795 0.164080
v -0.490646 0.358512 0.147398
v -0.161521 0.403000 -0.003144
v -0.538521 0.664148 -0.156001
v -0.504342 0.494563 -0.036162
v -0.506810 0.860027 0.060980
v -0.500105 0.755394 0.099736
v -0.500105 0.755394 0.099736
v -0.490425 0.625339 0.149627
v -0.458279 0.515386 0.173338
v -0.512168 0.454635 0.113886
v -0.498452 0.472949 0.136639
v -0.460928 0.474417 0.174392
v -0.535078 0.380302 0.077402
v -0.439389 0.429034 -0.228534
v -0.231721 0.448286 -0.157330
v -0.325976 0.428409 -0.242804
v -0.536266 0.410466 -0.011417
v -0.540647 0.316223 0.046393
v -0.506494 0.447051 -0.104840
v -0.543054 0.355847 -0.055888
v -0.452124 0.509604 -0.099345
v -0.441286 0.473916 -0.172473
v -0.254864 0.470302 0.195478
v -0.185613 0.369071 0.127588
v -0.241859 0.446015 0.184620
v -0.219426 0.354493 0.167985
v -0.468862 0.438590 0.172430
v -0.490646 0.358512 0.147398
v -0.172213 0.300353 0.100615
v -0.149495 0.322159 0.032506
v -0.219426 0.354493 0.167985
v -0.492497 0.287607 0.127195
v -0.273473 0.274734 0.167297
v -0.207751 0.283851 0.145724
v -0.144811 0.348882 -0.050066
v -0.162577 0.380241 -0.139125
v -0.231721 0.448286 -0.157330
v -0.274712 0.480487 -0.126784
v -0.510342 0.399500 -0.157659
v -0.506494 0.447051 -0.104840
v -0.157185 0.302912 -0.085398
v -0.171296 0.330711 -0.158711
v -0.218962 0.355857 -0.218830
v -0.217907 0.407457 -0.208906
v -0.536115 0.306090 -0.102382
v -0.490164 0.352933 -0.187773
v -0.502346 0.348950 -0.205838
v -0.532111 0.261692 0.012630
v -0.517319 0.274116 0.012060
v -0.521112 0.313962 -0.091823
v -0.482466 0.226628 0.103101
v -0.471618 0.243010 0.094957
v -0.347083 0.183906 -0.051348
v -0.460965 0.173642 0.065047
v -0.392777 0.190854 -0.068126
v -0.366100 0.159966 0.094288
v -0.508094 0.207596 -0.024822
v -0.417030 0.205615 -0.104197
v -0.266628 0.161454 0.084818
v -0.159209 0.278586 -0.016328
v -0.480969 0.291934 -0.225187
v -0.413730 0.314059 -0.281803
v -0.407618 0.249851 -0.207373
v -0.420968 0.228962 -0.157451
v -0.512163 0.253277 -0.135094
v -0.376212 0.262378 -0.239794
v -0.309221 0.312791 -0.287065
v -0.325435 0.261647 -0.244030
v -0.211321 0.241377 0.092372
v -0.374906 0.229759 0.127072
v -0.272942 0.230689 0.121632
v -0.177431 0.258105 0.044337
v -0.207751 0.283851 0.145724
v -0.211321 0.241377 0.092372
v -0.349326 0.149518 -0.076468
v -0.395219 0.147464 -0.090870
v -0.401619 0.134693 -0.010223
v -0.354930 0.136752 -0.005593
v -0.307025 0.131389 -0.008557
v -0.290829 0.140224 -0.100228
v -0.339563 0.153008 -0.092949
v -0.376573 0.154856 -0.108675
v -0.428751 0.124471 -0.022539
v -0.440463 0.113640 0.064459
v -0.412042 0.118448 0.083805
v -0.320912 0.115208 0.108975
v -0.367208 0.118477 0.099173
v -0.287437 0.055717 -0.333199
v -0.259063 0.048514 -0.313128
v -0.259270 0.025952 -0.320394
v -0.287401 0.032925 -0.340248
v -0.337276 0.033107 -0.347421
v -0.337864 0.055909 -0.341138
v -0.387553 0.018246 -0.334182
v -0.388588 0.041532 -0.331862
v -0.423438 0.130177 -0.269339
v -0.419901 0.035143 -0.295029
v -0.437217 0.116071 -0.223341
v -0.388588 0.041532 -0.331862
v -0.421775 0.151118 -0.260145
v -0.443683 0.029743 -0.200803
v -0.435890 0.108494 -0.176541
v -0.436791 0.031619 -0.246172
v -0.419901 0.035143 -0.295029
v -0.387553 0.018246 -0.334182
v -0.419034 0.011648 -0.295310
v -0.388588 0.041532 -0.331862
v -0.457980 0.104752 0.047589
v -0.421446 0.130345 -0.112493
v -0.444316 0.108976 -0.037236
v -0.465701 0.097878 0.106873
v -0.452244 0.100147 0.128106
v -0.401127 0.200955 -0.240621
v -0.389494 0.182366 -0.281561
v -0.418940 0.170541 -0.252275
v -0.407618 0.249851 -0.207373
v -0.376212 0.262378 -0.239794
v -0.374029 0.211943 -0.269148
v -0.277340 0.118498 -0.017603
v -0.298831 0.153299 -0.099514
v -0.418940 0.170541 -0.252275
v -0.409099 0.182742 -0.194993
v -0.401127 0.200955 -0.240621
v -0.433252 0.135308 -0.212827
v -0.428819 0.152773 -0.203324
v -0.415121 0.139389 -0.143862
v -0.395316 0.164000 -0.145898
v -0.391873 0.162408 -0.290915
v -0.421775 0.151118 -0.260145
v -0.325976 0.428409 -0.242804
v -0.422757 0.377167 -0.248362
v -0.439389 0.429034 -0.228534
v -0.317447 0.375142 -0.254167
v -0.217907 0.407457 -0.208906
v -0.218962 0.355857 -0.218830
v -0.323896 0.210934 -0.269848
v -0.336311 0.184195 -0.286764
v -0.374029 0.211943 -0.269148
v -0.275269 0.202692 -0.252476
v -0.284003 0.178007 -0.277354
v -0.277111 0.252827 -0.227547
v -0.257391 0.167307 -0.259764
v -0.286206 0.160785 -0.290196
v -0.338741 0.165369 -0.298530
v -0.298831 0.153299 -0.099514
v -0.265806 0.129242 -0.134310
v -0.272477 0.153234 -0.118333
v -0.290829 0.140224 -0.100228
v -0.271025 0.120411 -0.111768
v -0.260836 0.113941 -0.145889
v -0.256723 0.157613 -0.144534
v -0.254658 0.200520 -0.104882
v -0.450620 0.007464 -0.157980
v -0.457642 0.010124 -0.061056
v -0.447586 0.029862 -0.153936
v -0.443683 0.029743 -0.200803
v -0.446011 0.007510 -0.202112
v -0.472391 0.010506 0.038655
v -0.454591 0.033343 -0.055799
v -0.277093 -0.004449 0.177751
v -0.293776 -0.004852 0.072312
v -0.272479 -0.004821 0.080423
v -0.338882 -0.004392 0.192684
v -0.326362 -0.004885 0.063897
v -0.268600 -0.005308 -0.046578
v -0.285541 -0.005345 -0.056462
v -0.302226 -0.004400 0.190458
v -0.253557 0.005780 -0.136202
v -0.261901 -0.010368 -0.171643
v -0.249145 0.003942 -0.177091
v -0.256143 0.010193 -0.043033
v -0.268600 -0.005308 -0.046578
v -0.265850 -0.008761 -0.132888
v -0.258081 -0.011050 -0.210569
v -0.244703 0.003299 -0.216027
v -0.384947 -0.005016 -0.273345
v -0.413192 -0.005115 -0.276549
v -0.385278 -0.001138 -0.307857
v -0.342696 -0.002428 -0.282278
v -0.345807 -0.007862 -0.228415
v -0.387941 -0.007017 -0.227727
v -0.339408 0.008699 -0.321728
v -0.293691 0.008276 -0.316986
v -0.298586 -0.003654 -0.277905
v -0.303037 -0.009197 -0.225926
v -0.348612 -0.007221 -0.186189
v -0.390746 -0.006863 -0.187764
v -0.414130 -0.007077 -0.226191
v -0.407971 -0.006028 -0.260894
v -0.268218 0.003524 -0.302664
v -0.271813 -0.006530 -0.265927
v -0.274931 -0.010503 -0.217704
v -0.481061 0.010784 0.111201
v -0.472391 0.010506 0.038655
v -0.459166 -0.004930 0.051908
v -0.469269 -0.004694 0.113590
v -0.457070 -0.004628 0.130872
v -0.464850 0.010916 0.145821
v -0.457642 0.010124 -0.061056
v -0.445306 -0.005367 -0.062027
v -0.277093 -0.004449 0.177751
v -0.263951 0.011120 0.199095
v -0.302226 -0.004400 0.190458
v -0.295385 0.011170 0.212240
v -0.333135 0.011168 0.211476
v -0.338882 -0.004392 0.192684
v -0.434827 -0.007550 -0.192291
v -0.427207 -0.007006 -0.232589
v -0.418520 -0.007291 -0.189541
v -0.370141 -0.004932 0.051487
v -0.382712 -0.004424 0.184151
v -0.427949 -0.004508 0.162355
v -0.313742 -0.005386 -0.067036
v -0.412673 -0.004964 0.043174
v -0.457070 -0.004628 0.130872
v -0.441519 -0.004949 0.047052
v -0.398607 -0.005408 -0.072697
v -0.427629 -0.005388 -0.067641
v -0.421446 0.130345 -0.112493
v -0.424080 0.124861 -0.158844
v -0.444316 0.108976 -0.037236
v -0.428751 0.124471 -0.022539
v -0.437333 0.113027 -0.133499
v -0.454591 0.033343 -0.055799
v -0.469075 0.033917 0.040704
v -0.447586 0.029862 -0.153936
v -0.267398 0.102543 0.110338
v -0.261046 0.103536 -0.028257
v -0.271025 0.120411 -0.111768
v -0.288106 0.110121 0.111624
v -0.423259 0.100643 0.159739
v -0.481061 0.010784 0.111201
v -0.469075 0.033917 0.040704
v -0.461950 0.034304 0.141734
v -0.477527 0.034183 0.110192
v -0.255498 0.028105 -0.133791
v -0.257285 0.033609 -0.039725
v -0.256143 0.010193 -0.043033
v -0.253557 0.005780 -0.136202
v -0.260701 0.034159 0.103836
v -0.258700 0.010748 0.101904
v -0.250537 0.025951 -0.174516
v -0.395219 0.147464 -0.090870
v -0.377503 0.100632 0.183125
v -0.329989 0.100331 0.198115
v -0.274110 0.097889 0.197556
v -0.295732 0.099960 0.204563
v -0.263951 0.011120 0.199095
v -0.423438 0.130177 -0.269339
v -0.392787 0.141238 -0.302046
v -0.261046 0.103536 -0.028257
v -0.277340 0.118498 -0.017603
v -0.260701 0.034159 0.103836
v -0.257285 0.033609 -0.039725
v -0.261922 0.102196 -0.121759
v -0.255498 0.028105 -0.133791
v -0.247216 0.100326 -0.188350
v -0.245282 0.025283 -0.212390
v -0.243022 0.109043 -0.221056
v -0.250537 0.025951 -0.174516
v -0.242890 0.028566 -0.250293
v -0.247063 0.138232 -0.243866
v -0.245215 0.125838 -0.211812
v -0.245645 0.120728 -0.253253
v -0.246381 0.038323 -0.284346
v -0.242819 0.006676 -0.256247
v -0.246563 0.016100 -0.291450
v -0.242890 0.028566 -0.250293
v -0.244703 0.003299 -0.216027
v -0.245282 0.025283 -0.212390
v -0.258235 0.133040 -0.281964
v -0.287437 0.055717 -0.333199
v -0.287444 0.142468 -0.302373
v -0.259063 0.048514 -0.313128
v -0.337864 0.055909 -0.341138
v -0.339906 0.145765 -0.310412
v -0.258170 0.150766 -0.271325
v -0.259063 0.048514 -0.313128
v -0.258235 0.133040 -0.281964
v -0.246381 0.038323 -0.284346
v -0.249145 0.003942 -0.177091
v -0.255129 0.099616 -0.157947
v -0.250504 0.116312 -0.178195
v -0.464850 0.010916 0.145821
v -0.433000 0.011051 0.181045
v -0.430759 0.034436 0.176132
v -0.339408 0.008699 -0.321728
v -0.387553 0.018246 -0.334182
v -0.337276 0.033107 -0.347421
v -0.287401 0.032925 -0.340248
v -0.293691 0.008276 -0.316986
v -0.385278 -0.001138 -0.307857
v -0.413192 -0.005115 -0.276549
v -0.419034 0.011648 -0.295310
v -0.452244 0.100147 0.128106
v -0.461950 0.034304 0.141734
v -0.423259 0.100643 0.159739
v -0.477527 0.034183 0.110192
v -0.430759 0.034436 0.176132
v -0.377503 0.100632 0.183125
v -0.332411 0.034559 0.208390
v -0.329989 0.100331 0.198115
v -0.381365 0.034520 0.198132
v -0.295465 0.034567 0.210462
v -0.423259 0.100643 0.159739
v -0.430759 0.034436 0.176132
v -0.259270 0.025952 -0.320394
v -0.268218 0.003524 -0.302664
v -0.281856 -0.008312 -0.138079
v -0.265850 -0.008761 -0.132888
v -0.356037 -0.005407 -0.072472
v -0.457070 -0.004628 0.130872
v -0.427949 -0.004508 0.162355
v -0.464850 0.010916 0.145821
v -0.433000 0.011051 0.181045
v -0.382712 -0.004424 0.184151
v -0.382519 0.011134 0.202630
v -0.258260 -0.001878 -0.284855
v -0.306462 -0.008619 -0.183429
v -0.256772 -0.008504 -0.255149
v -0.258081 -0.011050 -0.210569
v -0.421848 -0.006399 -0.149840
v -0.393379 -0.005700 -0.149197
v -0.351018 -0.005694 -0.147480
v -0.309079 -0.007069 -0.144334
v -0.471618 0.243010 0.094957
v -0.204492 0.173061 0.050062
v -0.299588 0.186156 -0.059383
v -0.270981 0.191885 -0.079442
v -0.170046 0.191529 -0.002277
v -0.277111 0.252827 -0.227547
v -0.211665 0.295261 -0.254630
v -0.253710 0.238330 -0.196909
v -0.278596 -0.009761 -0.176817
v -0.510342 0.399500 -0.157659
v -0.517319 0.274116 0.012060
v -0.521112 0.313962 -0.091823
v -0.152920 0.239658 -0.129157
v -0.246518 0.223590 -0.164343
v -0.166033 0.268735 -0.197059
v -0.246744 0.210653 -0.133398
v -0.439389 0.429034 -0.228534
v -0.490164 0.352933 -0.187773
v -0.471618 0.243010 0.094957
v -0.377570 0.211564 0.137433
v -0.374906 0.229759 0.127072
v -0.272942 0.230689 0.121632
v -0.246563 0.016100 -0.291450
v -0.242819 0.006676 -0.256247
v -0.258260 -0.001878 -0.284855
v -0.256772 -0.008504 -0.255149
v -0.376573 0.154856 -0.108675
v -0.347083 0.183906 -0.051348
v -0.392777 0.190854 -0.068126
v -0.339563 0.153008 -0.092949
v -0.299588 0.186156 -0.059383
v -0.422757 0.377167 -0.248362
v -0.428938 0.375295 -0.271016
v -0.314471 0.373458 -0.277183
v -0.436753 0.008674 -0.245927
v -0.413192 -0.005115 -0.276549
v -0.427207 -0.007006 -0.232589
v -0.419034 0.011648 -0.295310
v -0.267398 0.102543 0.110338
v -0.266289 0.034522 0.198728
v -0.274110 0.097889 0.197556
v -0.246850 0.141813 -0.201635
v -0.253209 0.131918 -0.167560
v -0.248648 0.166869 -0.174714
v -0.257391 0.167307 -0.259764
v -0.247856 0.154736 -0.233602
v -0.247514 0.178755 -0.205340
v -0.253087 0.191144 -0.231648
v -0.258170 0.150766 -0.271325
v -0.253087 0.191144 -0.231648
v -0.388588 0.041532 -0.331862
v -0.392787 0.141238 -0.302046
v -0.391873 0.162408 -0.290915
v -0.389494 0.182366 -0.281561
v -0.113850 0.660670 -0.328841
v -0.143036 0.266573 -0.020342
v -0.177431 0.258105 0.044337
v -0.162530 0.243900 0.045219
v -0.141116 0.293344 -0.094428
v -0.157185 0.302912 -0.085398
v -0.211321 0.241377 0.092372
v -0.159209 0.278586 -0.016328
v -0.325435 0.261647 -0.244030
v -0.415121 0.139389 -0.143862
v -0.395316 0.164000 -0.145898
v -0.417030 0.205615 -0.104197
v -0.376573 0.154856 -0.108675
v -0.392777 0.190854 -0.068126
v -0.395316 0.164000 -0.145898
v -0.420968 0.228962 -0.157451
v -0.409099 0.182742 -0.194993
v -0.253710 0.238330 -0.196909
v -0.246518 0.223590 -0.164343
v -0.156212 0.324038 -0.173430
v -0.171296 0.330711 -0.158711
v -0.218962 0.355857 -0.218830
v -0.298831 0.153299 -0.099514
v -0.270981 0.191885 -0.079442
v -0.272477 0.153234 -0.118333
v -0.246744 0.210653 -0.133398
v -0.277111 0.252827 -0.227547
v -0.153502 0.213744 -0.063005
v -0.254658 0.200520 -0.104882
v -0.266921 0.212951 0.130753
v -0.199709 0.225077 0.097931
v -0.445306 -0.005367 -0.062027
v -0.438908 -0.007086 -0.151010
v -0.207629 0.352321 -0.238832
v -0.317447 0.375142 -0.254167
v -0.382519 0.011134 0.202630
v -0.338882 -0.004392 0.192684
v -0.333135 0.011168 0.211476
v -0.382712 -0.004424 0.184151
v -0.450620 0.007464 -0.157980
v -0.438908 -0.007086 -0.151010
v -0.261901 -0.010368 -0.171643
v -0.434827 -0.007550 -0.192291
v -0.469269 -0.004694 0.113590
v -0.459166 -0.004930 0.051908
v -0.277093 -0.004449 0.177751
v -0.258700 0.010748 0.101904
v -0.263951 0.011120 0.199095
v -0.272479 -0.004821 0.080423
v -0.446011 0.007510 -0.202112
v -0.295465 0.034567 0.210462
v -0.332411 0.034559 0.208390
v -0.295385 0.011170 0.212240
v -0.333135 0.011168 0.211476
v -0.381365 0.034520 0.198132
v -0.382519 0.011134 0.202630
v -0.295732 0.099960 0.204563
v -0.274110 0.097889 0.197556
v -0.266289 0.034522 0.198728
v -0.246563 0.016100 -0.291450
v -0.258260 -0.001878 -0.284855
v -0.161501 0.611976 -0.112880
v -0.187006 0.597682 -0.015111
v -0.180552 0.575559 -0.079621
v -0.175693 0.596320 -0.173009
v -0.142438 0.653996 -0.071455
v -0.169794 0.636683 -0.051270
v -0.142438 0.653996 -0.071455
v -0.145339 0.619990 -0.200109
v -0.175693 0.596320 -0.173009
v -0.175693 0.596320 -0.173009
v -0.196238 0.559495 -0.147313
v -0.386871 0.811921 0.102913
v -0.500105 0.755394 0.099736
v -0.506810 0.860027 0.060980
v -0.376212 0.262378 -0.239794
v -0.270981 0.191885 -0.079442
v -0.275269 0.202692 -0.252476
v -0.407618 0.249851 -0.207373
v -0.156212 0.324038 -0.173430
v -0.211665 0.295261 -0.254630
v -0.207629 0.352321 -0.238832
v -0.166033 0.268735 -0.197059
v -0.141116 0.293344 -0.094428
v -0.152920 0.239658 -0.129157
v -0.153502 0.213744 -0.063005
v -0.532111 0.261692 0.012630
v -0.460965 0.173642 0.065047
v -0.482466 0.226628 0.103101
v -0.508094 0.207596 -0.024822
v -0.536115 0.306090 -0.102382
v -0.512163 0.253277 -0.135094
v -0.480969 0.291934 -0.225187
v -0.314471 0.373458 -0.277183
v -0.413730 0.314059 -0.281803
v -0.428938 0.375295 -0.271016
v -0.309221 0.312791 -0.287065
v -0.207629 0.352321 -0.238832
v -0.211665 0.295261 -0.254630
v -0.266921 0.212951 0.130753
v -0.204492 0.173061 0.050062
v -0.199709 0.225077 0.097931
v -0.366100 0.159966 0.094288
v -0.266628 0.161454 0.084818
v -0.377570 0.211564 0.137433
v -0.460965 0.173642 0.065047
v -0.482466 0.226628 0.103101
v -0.143036 0.266573 -0.020342
v -0.170046 0.191529 -0.002277
v -0.162530 0.243900 0.045219
v -0.204492 0.173061 0.050062
v -0.199709 0.225077 0.097931
v -0.502346 0.348950 -0.205838
v -0.428938 0.375295 -0.271016
v -0.480969 0.291934 -0.225187
v -0.502346 0.348950 -0.205838
v -0.413730 0.314059 -0.281803
v -0.266289 0.034522 0.198728
v -0.263951 0.011120 0.199095
v -0.266289 0.034522 0.198728
v -0.430759 0.034436 0.176132
v -0.433000 0.011051 0.181045
v -0.465701 0.097878 0.106873
v -0.259063 0.048514 -0.313128
v -0.259270 0.025952 -0.320394
v -0.436753 0.008674 -0.245927
v -0.436791 0.031619 -0.246172
v -0.457980 0.104752 0.047589
v -0.392787 0.141238 -0.302046
v -0.490164 0.352933 -0.187773
v -0.422757 0.377167 -0.248362
v -1.412654 0.176786 0.024819
v -1.385698 0.167680 0.011171
v -1.390525 0.164074 0.052615
v -1.364740 0.169319 0.079807
v -1.386603 0.190658 0.090697
v -1.364081 0.154264 0.027394
v -1.425328 0.198053 0.051360
v -1.351472 0.163752 0.055081
v -1.418086 0.226852 0.086848
v -1.437517 0.226039 0.051561
v -1.413314 0.191841 0.077231
v -0.976006 1.152711 -0.408293
v -0.790360 1.155663 -0.361728
v -0.904663 1.093341 -0.442902
v -1.034027 1.104577 -0.412834
v -0.845643 1.206184 -0.352527
v -0.742509 1.103342 -0.340624
v -0.833509 1.029954 -0.438070
v -0.958669 1.044327 -0.455422
v -1.203299 0.893583 -0.268992
v -1.218426 0.787621 -0.325692
v -1.262310 0.822020 -0.264956
v -1.161705 0.744525 -0.367206
v -1.287239 0.701501 -0.328126
v -1.108777 0.820773 -0.365060
v -1.162586 0.861035 -0.326391
v -1.333359 0.737656 -0.263818
v -1.050611 0.779524 -0.376117
v -1.101454 0.699903 -0.380040
v -1.035888 1.197459 -0.343086
v -0.899319 1.246671 -0.317399
v -0.941285 1.268523 -0.259867
v -1.093603 1.149848 -0.339041
v -0.842599 1.295697 -0.305601
v -0.808474 1.359766 -0.322696
v -0.740768 1.309595 -0.359441
v -0.845643 1.206184 -0.352527
v -0.899319 1.246671 -0.317399
v -0.787373 1.254441 -0.337274
v -0.732148 1.202821 -0.341087
v -0.790360 1.155663 -0.361728
v -1.149455 1.004604 -0.148685
v -1.151717 1.093032 -0.146405
v -1.151358 1.002895 -0.212454
v -1.125799 1.076367 -0.076614
v -1.102648 1.152178 -0.074562
v -1.127507 1.170731 -0.152393
v -1.152202 1.092842 -0.230839
v -1.124727 1.170889 -0.246120
v -1.333972 0.177839 0.056394
v -1.333041 0.214270 0.008144
v -1.317366 0.219798 0.053272
v -1.348341 0.173127 0.015962
v -1.307919 0.271302 -0.006231
v -1.291639 0.278823 0.046879
v -1.351472 0.163752 0.055081
v -1.364081 0.154264 0.027394
v -1.333041 0.214270 0.008144
v -1.380146 0.181846 -0.006749
v -1.368012 0.223718 -0.017307
v -1.348341 0.173127 0.015962
v -1.385698 0.167680 0.011171
v -1.364081 0.154264 0.027394
v -1.340430 0.642515 -0.328021
v -1.341324 0.556464 -0.350560
v -1.388025 0.599449 -0.318999
v -1.282609 0.596708 -0.368918
v -1.390750 0.528382 -0.331345
v -1.425531 0.567647 -0.309508
v -1.386107 0.676433 -0.263725
v -1.301221 0.504537 -0.343610
v -1.222915 0.546923 -0.375977
v -1.430305 0.625006 -0.260124
v -1.463678 0.584557 -0.257224
v -1.409371 0.690550 -0.186470
v -1.493519 0.570123 -0.186356
v -1.457150 0.624648 -0.185130
v -1.448457 0.542453 -0.307992
v -1.483950 0.556271 -0.259238
v -1.216115 0.507959 0.060180
v -1.256344 0.462949 0.066193
v -1.202710 0.421531 0.036915
v -1.163576 0.436101 0.014450
v -1.242663 0.402052 0.063881
v -1.227237 0.384126 0.020774
v -1.170092 0.396510 -0.021471
v -1.093237 0.413337 -0.064563
v -1.242663 0.402052 0.063881
v -1.252312 0.366553 0.036453
v -1.285464 0.429004 0.079969
v -1.262550 0.382381 0.074384
v -1.301426 0.404485 0.086428
v -1.167117 0.502197 -0.353857
v -1.262562 0.456443 -0.308295
v -1.301221 0.504537 -0.343610
v -1.222915 0.546923 -0.375977
v -1.371006 0.475752 -0.310873
v -1.311559 0.391511 -0.202122
v -1.378913 0.420610 -0.248656
v -1.120983 0.471565 -0.307215
v -1.220198 0.424958 -0.254762
v -1.390750 0.528382 -0.331345
v -1.103817 0.566406 -0.368363
v -1.227257 0.655925 -0.371656
v -1.163229 0.608488 -0.384431
v -1.341324 0.556464 -0.350560
v -1.405130 0.454990 -0.301308
v -1.418232 0.505649 -0.326031
v -1.388898 0.562962 0.022619
v -1.481019 0.522047 -0.029889
v -1.435511 0.486147 0.032657
v -1.356141 0.465354 0.069535
v -1.323556 0.515037 0.058805
v -1.277725 0.580365 0.044871
v -1.335392 0.637855 0.009337
v -1.173662 0.608096 0.053971
v -1.223389 0.658469 0.030422
v -1.216115 0.507959 0.060180
v -1.281281 0.711213 -0.002957
v -1.256344 0.462949 0.066193
v -1.285464 0.429004 0.079969
v -1.414590 0.444260 0.036440
v -1.370735 0.434186 0.074375
v -1.301426 0.404485 0.086428
v -1.355803 0.756828 -0.188707
v -1.409371 0.690550 -0.186470
v -1.353882 0.759031 -0.114206
v -1.355803 0.756828 -0.188707
v -1.457150 0.624648 -0.185130
v -1.408391 0.688049 -0.108635
v -1.461654 0.609803 -0.105945
v -1.326910 0.744280 -0.051728
v -1.493519 0.570123 -0.186356
v -1.511610 0.522827 -0.113787
v -1.381340 0.672117 -0.042599
v -1.436917 0.591896 -0.034497
v -1.512857 0.537972 -0.191818
v -1.514833 0.498927 -0.151770
v -1.512857 0.537972 -0.191818
v -1.452871 0.454419 0.004079
v -1.511740 0.478748 -0.104608
v -1.501021 0.481000 -0.031242
v -1.093237 0.413337 -0.064563
v -1.170092 0.396510 -0.021471
v -1.165924 0.393613 -0.101407
v -1.238686 0.374858 -0.049853
v -1.082366 0.429880 -0.153684
v -1.184521 0.405532 -0.185101
v -1.082366 0.429880 -0.153684
v -1.165924 0.393613 -0.101407
v -1.090678 0.449353 -0.239381
v -1.019745 0.501604 -0.176553
v -1.020854 0.490419 -0.100939
v -1.093237 0.413337 -0.064563
v -1.291128 0.374927 -0.114090
v -1.184521 0.405532 -0.185101
v -1.227237 0.384126 0.020774
v -1.311559 0.391511 -0.202122
v -1.220198 0.424958 -0.254762
v -1.532616 0.313120 -0.278749
v -1.560533 0.285776 -0.286596
v -1.559645 0.296074 -0.320619
v -1.530452 0.326133 -0.316891
v -1.577303 0.282666 -0.291351
v -1.580022 0.286011 -0.316320
v -1.487453 0.357573 -0.266883
v -1.572618 0.317049 -0.340554
v -1.530452 0.326133 -0.316891
v -1.559645 0.296074 -0.320619
v -1.544677 0.351770 -0.338376
v -1.585541 0.304870 -0.329934
v -1.481002 0.376987 -0.310721
v -1.580022 0.286011 -0.316320
v -1.543496 0.185694 -0.063663
v -1.479179 0.211705 -0.069217
v -1.524657 0.243993 -0.044016
v -1.402993 0.257921 -0.117403
v -1.439656 0.289275 -0.055833
v -1.509699 0.161914 -0.080868
v -1.451280 0.187470 -0.118594
v -1.495758 0.329378 -0.023120
v -1.551295 0.159600 -0.084190
v -1.534733 0.137535 -0.096319
v -1.490494 0.144866 -0.117532
v -1.518219 0.134121 -0.117808
v -1.151358 1.002895 -0.212454
v -1.126758 1.074059 -0.315563
v -1.132834 0.986938 -0.277386
v -1.152202 1.092842 -0.230839
v -1.124727 1.170889 -0.246120
v -1.074819 1.034166 -0.384772
v -1.093649 0.956089 -0.332240
v -0.941285 1.268523 -0.259867
v -1.080048 1.218693 -0.167379
v -0.966324 1.272561 -0.193598
v -1.071248 1.218493 -0.256872
v -1.061811 1.200985 -0.091873
v -0.970218 1.259734 -0.132449
v -1.041371 0.916895 -0.368936
v -0.960245 0.608872 -0.185674
v -0.972825 0.615575 -0.263394
v -0.913796 0.698128 -0.192590
v -1.028449 0.516456 -0.259927
v -1.057681 0.536893 -0.325362
v -1.001986 0.632493 -0.324994
v -0.927147 0.701985 -0.265281
v -0.955060 0.717070 -0.323055
v -0.921386 0.709231 -0.114549
v -1.005682 0.677537 -0.030605
v -0.969064 0.607560 -0.097711
v -0.960245 0.608872 -0.185674
v -0.913796 0.698128 -0.192590
v -1.027441 0.622090 -0.002983
v -1.019745 0.501604 -0.176553
v -1.020854 0.490419 -0.100939
v -0.994026 0.562286 -0.048731
v -1.007197 0.981417 -0.427448
v -0.985510 0.875506 -0.377771
v -0.935849 0.924956 -0.432769
v -0.881010 0.980105 -0.456072
v -0.738778 0.936194 -0.081812
v -0.712561 1.015561 -0.117975
v -0.750470 1.035454 -0.056346
v -0.820183 0.934682 -0.006038
v -0.754311 0.881993 -0.087711
v -0.709784 0.915514 -0.172854
v -0.805120 0.988417 -0.008815
v -0.729376 0.861706 -0.185877
v -1.045578 0.660358 -0.365525
v -1.050611 0.779524 -0.376117
v -0.996547 0.743035 -0.361478
v -1.101454 0.699903 -0.380040
v -1.163229 0.608488 -0.384431
v -0.824180 0.841378 -0.355934
v -0.934208 0.838623 -0.361635
v -0.871371 0.875037 -0.406948
v -0.871181 0.798611 -0.267869
v -0.895886 0.813034 -0.323610
v -0.985510 0.875506 -0.377771
v -0.935849 0.924956 -0.432769
v -0.833509 1.029954 -0.438070
v -0.742509 1.103342 -0.340624
v -0.772574 0.974565 -0.402405
v -0.812586 0.923730 -0.423061
v -0.881010 0.980105 -0.456072
v -0.764045 0.886095 -0.364341
v -0.708468 1.058569 -0.299941
v -0.731075 0.938030 -0.343694
v -0.994026 0.562286 -0.048731
v -1.021057 0.480990 -0.058780
v -1.080956 0.424982 -0.035821
v -1.282685 0.843002 -0.124538
v -1.257264 0.829134 -0.065538
v -1.212556 0.800240 -0.019740
v -1.219361 0.914669 -0.135017
v -1.152436 0.875526 -0.036306
v -1.194959 0.901865 -0.079230
v -1.095253 0.837906 -0.008163
v -1.153336 0.757610 0.010577
v -1.284049 0.840556 -0.194458
v -1.222182 0.911685 -0.201739
v -1.353882 0.759031 -0.114206
v -1.282685 0.843002 -0.124538
v -1.030596 0.793350 -0.003639
v -1.089376 0.700238 0.024332
v -1.181657 0.502362 0.065621
v -1.152529 0.582142 0.073251
v -1.090533 0.636633 0.047874
v -1.103123 0.394159 0.142365
v -1.110765 0.415753 0.114601
v -1.066942 0.380022 0.117070
v -1.065800 0.368588 0.143747
v -1.094970 0.381018 0.165270
v -1.132941 0.450283 0.152243
v -1.120215 0.422700 0.176238
v -1.065101 0.370706 0.166068
v -1.093270 0.394536 0.200979
v -1.108567 0.403920 0.195099
v -1.063605 0.384787 0.200843
v -1.080708 0.403935 0.217746
v -1.082925 0.377504 0.184401
v -1.046610 0.374226 0.174460
v -1.020767 0.471098 -0.029363
v -1.021057 0.480990 -0.058780
v -0.997077 0.515684 0.026552
v -1.020398 0.458523 0.008027
v -0.995369 0.541765 -0.015582
v -1.077128 0.424215 -0.012532
v -0.999959 0.485807 0.071157
v -1.072263 0.423240 0.017068
v -1.021433 0.441477 0.048605
v -1.068291 0.416682 0.050388
v -1.025354 0.418165 0.087585
v -1.067145 0.399164 0.084836
v -1.021433 0.441477 0.048605
v -1.004825 0.453902 0.111720
v -1.025354 0.418165 0.087585
v -1.086260 0.611797 0.073603
v -1.026109 0.563184 0.067518
v -1.026855 0.596152 0.028060
v -1.080829 0.580231 0.106305
v -0.999959 0.485807 0.071157
v -0.997077 0.515684 0.026552
v -1.074268 0.543505 0.140981
v -1.025418 0.526026 0.108999
v -0.995369 0.541765 -0.015582
v -1.027441 0.622090 -0.002983
v -1.090533 0.636633 0.047874
v -1.004825 0.453902 0.111720
v -1.066603 0.503194 0.172631
v -1.024993 0.487518 0.146114
v -1.138532 0.441186 0.035660
v -1.072263 0.423240 0.017068
v -1.128857 0.441370 0.058800
v -1.181657 0.502362 0.065621
v -1.146144 0.441041 0.017454
v -1.077128 0.424215 -0.012532
v -1.068291 0.416682 0.050388
v -1.118981 0.435068 0.085553
v -1.146144 0.441041 0.017454
v -1.172017 0.496899 0.081953
v -1.159764 0.489954 0.102711
v -1.146279 0.476194 0.126580
v -1.067145 0.399164 0.084836
v -1.063605 0.384787 0.200843
v -1.046610 0.374226 0.174460
v -1.035161 0.390775 0.185226
v -1.061273 0.413663 0.217391
v -1.080708 0.403935 0.217746
v -1.044394 0.400657 0.207805
v -1.032675 0.422903 0.198494
v -1.036854 0.379112 0.149706
v -1.098980 0.450752 0.196834
v -1.108567 0.403920 0.195099
v -1.090791 0.424809 0.214058
v -1.132941 0.450283 0.152243
v -1.120215 0.422700 0.176238
v -1.093270 0.394536 0.200979
v -1.059530 0.434274 0.216928
v -1.098980 0.450752 0.196834
v -1.090791 0.424809 0.214058
v -1.060727 0.464912 0.198774
v -1.080708 0.403935 0.217746
v -1.061273 0.413663 0.217391
v -1.066603 0.503194 0.172631
v -1.110403 0.485106 0.173130
v -1.080708 0.403935 0.217746
v -1.030910 0.395181 0.122206
v -1.011896 0.424232 0.145999
v -1.021392 0.401061 0.171753
v -1.036854 0.379112 0.149706
v -1.065800 0.368588 0.143747
v -1.030910 0.395181 0.122206
v -1.066942 0.380022 0.117070
v -1.065800 0.368588 0.143747
v -1.036854 0.379112 0.149706
v -1.021392 0.401061 0.171753
v -1.059530 0.434274 0.216928
v -1.032675 0.422903 0.198494
v -1.060727 0.464912 0.198774
v -1.026767 0.451774 0.176675
v -1.011896 0.424232 0.145999
v -1.026767 0.451774 0.176675
v -1.061273 0.413663 0.217391
v -1.059530 0.434274 0.216928
v -1.585541 0.304870 -0.329934
v -1.603027 0.295144 -0.298410
v -1.603985 0.314988 -0.322710
v -1.580022 0.286011 -0.316320
v -1.577303 0.282666 -0.291351
v -1.613855 0.326680 -0.301156
v -1.618202 0.315421 -0.277515
v -1.594239 0.286443 -0.271126
v -1.607569 0.305980 -0.260589
v -1.549496 0.243919 -0.165921
v -1.463228 0.285643 -0.202026
v -1.504499 0.212000 -0.190633
v -1.568069 0.188835 -0.158701
v -1.587273 0.205884 -0.122038
v -1.576915 0.267783 -0.117033
v -1.534272 0.165056 -0.175907
v -1.547490 0.147621 -0.156840
v -1.571408 0.154450 -0.145223
v -1.580566 0.173100 -0.123222
v -1.552148 0.354140 -0.111650
v -1.517407 0.324265 -0.171267
v -1.490494 0.144866 -0.117532
v -1.465740 0.190377 -0.166962
v -1.451280 0.187470 -0.118594
v -1.503549 0.148157 -0.155697
v -1.417970 0.260119 -0.175103
v -1.402993 0.257921 -0.117403
v -1.518219 0.134121 -0.117808
v -1.533526 0.130938 -0.140635
v -1.465740 0.190377 -0.166962
v -1.534272 0.165056 -0.175907
v -1.504499 0.212000 -0.190633
v -1.503549 0.148157 -0.155697
v -1.547490 0.147621 -0.156840
v -1.533526 0.130938 -0.140635
v -1.587273 0.205884 -0.122038
v -1.562935 0.265247 -0.068176
v -1.576915 0.267783 -0.117033
v -1.574218 0.202593 -0.083872
v -1.539093 0.353422 -0.051997
v -1.552148 0.354140 -0.111650
v -1.562935 0.265247 -0.068176
v -1.543496 0.185694 -0.063663
v -1.524657 0.243993 -0.044016
v -1.539093 0.353422 -0.051997
v -1.543496 0.185694 -0.063663
v -1.572615 0.161048 -0.100906
v -1.551295 0.159600 -0.084190
v -1.574218 0.202593 -0.083872
v -1.557799 0.136199 -0.121099
v -1.580566 0.173100 -0.123222
v -1.587273 0.205884 -0.122038
v -1.557799 0.136199 -0.121099
v -1.571408 0.154450 -0.145223
v -1.547490 0.147621 -0.156840
v -1.557799 0.136199 -0.121099
v -1.533526 0.130938 -0.140635
v -1.571408 0.154450 -0.145223
v -1.534733 0.137535 -0.096319
v -1.557799 0.136199 -0.121099
v -1.518219 0.134121 -0.117808
v -1.533526 0.130938 -0.140635
v -1.437517 0.226039 0.051561
v -1.410220 0.274175 0.086850
v -1.433453 0.274241 0.049271
v -1.418086 0.226852 0.086848
v -1.395093 0.338880 0.082619
v -1.426159 0.342535 0.044414
v -1.386603 0.190658 0.090697
v -1.381219 0.214233 0.104414
v -1.410220 0.274175 0.086850
v -1.367693 0.259132 0.104753
v -1.413314 0.191841 0.077231
v -1.410433 0.250565 0.005477
v -1.437517 0.226039 0.051561
v -1.433453 0.274241 0.049271
v -1.368012 0.223718 -0.017307
v -1.417371 0.205260 0.012740
v -1.345991 0.280674 -0.037128
v -1.380146 0.181846 -0.006749
v -1.385698 0.167680 0.011171
v -1.397598 0.313775 -0.007874
v -1.426159 0.342535 0.044414
v -1.425328 0.198053 0.051360
v -1.417371 0.205260 0.012740
v -1.412654 0.176786 0.024819
v -1.437517 0.226039 0.051561
v -1.412654 0.176786 0.024819
v -1.381219 0.214233 0.104414
v -1.332829 0.237879 0.089517
v -1.367693 0.259132 0.104753
v -1.349056 0.194719 0.090070
v -1.305413 0.296406 0.084262
v -1.342233 0.318331 0.098611
v -1.386603 0.190658 0.090697
v -1.364740 0.169319 0.079807
v -1.332829 0.237879 0.089517
v -1.291639 0.278823 0.046879
v -1.305413 0.296406 0.084262
v -1.349056 0.194719 0.090070
v -1.317366 0.219798 0.053272
v -1.333972 0.177839 0.056394
v -1.364740 0.169319 0.079807
v -1.351472 0.163752 0.055081
v -1.403797 0.395600 -0.214317
v -1.336226 0.364567 -0.114475
v -1.351296 0.365667 -0.183418
v -1.604314 0.319501 -0.242098
v -1.558429 0.328110 -0.240533
v -1.586642 0.354736 -0.223840
v -1.487453 0.357573 -0.266883
v -1.522992 0.376820 -0.218336
v -1.580776 0.297708 -0.254982
v -1.532616 0.313120 -0.278749
v -1.558100 0.411992 -0.195080
v -1.560533 0.285776 -0.286596
v -1.577303 0.282666 -0.291351
v -1.580776 0.297708 -0.254982
v -1.594239 0.286443 -0.271126
v -1.604314 0.319501 -0.242098
v -1.607569 0.305980 -0.260589
v -1.560533 0.285776 -0.286596
v -1.568030 0.374651 -0.326622
v -1.612007 0.347390 -0.300521
v -1.588983 0.385897 -0.293346
v -1.547854 0.452866 -0.280056
v -1.521269 0.440517 -0.319503
v -1.544677 0.351770 -0.338376
v -1.593961 0.337150 -0.329903
v -1.495115 0.412242 -0.333657
v -1.572618 0.317049 -0.340554
v -1.585541 0.304870 -0.329934
v -1.596006 0.376629 -0.250264
v -1.613855 0.326680 -0.301156
v -1.615092 0.338784 -0.264266
v -1.603985 0.314988 -0.322710
v -1.618202 0.315421 -0.277515
v -1.596006 0.376629 -0.250264
v -1.558100 0.411992 -0.195080
v -1.563259 0.440349 -0.227118
v -1.615092 0.338784 -0.264266
v -1.586642 0.354736 -0.223840
v -1.604314 0.319501 -0.242098
v -1.607569 0.305980 -0.260589
v -1.618202 0.315421 -0.277515
v -1.011896 0.424232 0.145999
v -1.122965 0.519617 0.145948
v -1.159764 0.489954 0.102711
v -1.146279 0.476194 0.126580
v -1.110403 0.485106 0.173130
v -1.122965 0.519617 0.145948
v -1.074268 0.543505 0.140981
v -1.316319 0.373043 0.090874
v -1.278193 0.351005 0.077989
v -1.278193 0.351005 0.077989
v -1.266665 0.334536 0.040258
v -1.262550 0.382381 0.074384
v -1.384582 0.373283 -0.021394
v -1.323755 0.333861 -0.057293
v -1.418812 0.407135 0.039350
v -1.310976 0.364427 -0.068881
v -1.377103 0.407481 -0.029164
v -1.379625 0.399404 0.077384
v -1.418812 0.407135 0.039350
v -1.342233 0.318331 0.098611
v -1.316319 0.373043 0.090874
v -1.283150 0.324884 -0.020789
v -1.266665 0.334536 0.040258
v -1.268917 0.355676 -0.029155
v -1.252312 0.366553 0.036453
v -1.283150 0.324884 -0.020789
v -1.323755 0.333861 -0.057293
v -1.268917 0.355676 -0.029155
v -1.345991 0.280674 -0.037128
v -1.307919 0.271302 -0.006231
v -1.514515 0.435783 -0.038598
v -1.526061 0.434584 -0.107104
v -1.514515 0.435783 -0.038598
v -1.495758 0.329378 -0.023120
v -1.468071 0.410101 -0.005561
v -1.374927 0.328258 -0.180471
v -1.359890 0.326768 -0.115512
v -1.351296 0.365667 -0.183418
v -1.336226 0.364567 -0.114475
v -1.374927 0.328258 -0.180471
v -1.463228 0.285643 -0.202026
v -1.424861 0.356629 -0.209961
v -1.417970 0.260119 -0.175103
v -1.485708 0.400134 -0.174865
v -1.526061 0.434584 -0.107104
v -1.403797 0.395600 -0.214317
v -1.424861 0.356629 -0.209961
v -1.468305 0.441788 -0.176840
v -1.403734 0.363907 -0.044204
v -1.468071 0.410101 -0.005561
v -1.359890 0.326768 -0.115512
v -1.336226 0.364567 -0.114475
v -1.384012 0.404880 -0.037820
v -1.452871 0.454419 0.004079
v -1.530870 0.503085 -0.204433
v -1.563259 0.440349 -0.227118
v -1.506788 0.519317 -0.266677
v -1.530870 0.503085 -0.204433
v -1.530295 0.467859 -0.167248
v -1.474478 0.506024 -0.312105
v -1.445708 0.472268 -0.328757
v -1.418232 0.505649 -0.326031
v -1.488636 0.424174 -0.196999
v -1.530295 0.467859 -0.167248
v -1.443437 0.400953 -0.255527
v -1.469530 0.450508 -0.185134
v -1.514833 0.498927 -0.151770
v -1.443437 0.400953 -0.255527
v -1.481002 0.376987 -0.310721
v -1.432244 0.427114 -0.304672
v -1.418959 0.425076 -0.249212
v -1.495115 0.412242 -0.333657
v -1.432244 0.427114 -0.304672
v -1.445708 0.472268 -0.328757
v -1.172017 0.496899 0.081953
v -1.134568 0.546031 0.118291
v -1.144620 0.566241 0.093083
v -1.181657 0.502362 0.065621
v -1.144620 0.566241 0.093083
v -1.086260 0.611797 0.073603
v -1.080829 0.580231 0.106305
v -1.134568 0.546031 0.118291
v -0.477589 1.705203 -0.034729
v -0.581921 1.669737 -0.107639
v -0.602188 1.662133 -0.042049
v -0.610400 1.640425 0.011012
v -0.485964 1.682868 0.043864
v -0.434042 1.718654 -0.107407
v -0.532474 1.660662 -0.196460
v -0.473563 1.623331 0.102451
v -0.530411 1.502814 0.156403
v -0.440939 1.572968 0.114489
v -0.583860 1.564070 0.127699
v -0.473563 1.623331 0.102451
v -0.598765 1.600536 0.073448
v -0.583860 1.564070 0.127699
v -0.371029 1.475733 0.031838
v -0.355203 1.406021 -0.059490
v -0.370383 1.479148 -0.066650
v -0.383714 1.392756 0.063898
v -0.372200 1.395713 0.021750
v -0.383714 1.392756 0.063898
v -0.392313 1.511320 0.085836
v -0.419943 1.409478 0.120779
v -0.470410 1.449451 0.147423
v -0.371029 1.475733 0.031838
v -0.426094 1.550033 -0.225026
v -0.385449 1.570532 -0.159120
v -0.387676 1.497271 -0.206110
v -0.383823 1.628541 -0.146354
v -0.385449 1.570532 -0.159120
v -0.377552 1.462307 -0.138656
v -0.387676 1.497271 -0.206110
v -0.434042 1.718654 -0.107407
v -0.475170 1.604771 -0.225350
v -0.532474 1.660662 -0.196460
v -0.407439 1.669605 -0.138359
v -0.629428 1.572083 -0.015088
v -0.624364 1.547656 0.034744
v -0.610400 1.640425 0.011012
v -0.617647 1.583814 -0.070419
v -0.598765 1.600536 0.073448
v -0.604268 1.510524 0.080848
v -0.583860 1.564070 0.127699
v -0.602188 1.662133 -0.042049
v -0.587160 1.586657 -0.131757
v -0.412739 1.421238 -0.152690
v -0.355203 1.406021 -0.059490
v -0.393985 1.369119 -0.074822
v -0.377552 1.462307 -0.138656
v -0.422229 1.441308 -0.174674
v -0.408226 1.356112 -0.002434
v -0.355203 1.406021 -0.059490
v -0.372200 1.395713 0.021750
v -0.422085 1.355709 0.035386
v -1.030596 0.793350 -0.003639
v -0.968715 0.747021 -0.048400
v -1.089376 0.700238 0.024332
v -0.810757 1.081317 -0.015738
v -0.873820 1.137828 -0.004618
v -0.886002 1.053919 0.028693
v -0.976272 0.888551 -0.026701
v -0.861071 0.882606 -0.026809
v -0.937833 0.941411 0.018962
v -0.803610 0.836290 -0.104140
v -0.873209 0.808336 -0.126997
v -0.916681 0.843484 -0.064709
v -0.905056 1.001136 0.039624
v -0.438528 1.282624 -0.107270
v -0.473323 1.219600 -0.131357
v -0.450332 1.321285 -0.173831
v -0.483458 1.256670 -0.201244
v -0.512052 1.136557 -0.167090
v -0.521900 1.175427 -0.240032
v -0.469612 1.358467 -0.214996
v -0.453143 1.269767 -0.040617
v -0.487807 1.204116 -0.059626
v -0.477130 1.270662 0.014370
v -0.517565 1.205236 0.008609
v -0.526065 1.119595 -0.088643
v -0.453143 1.269767 -0.040617
v -0.393985 1.369119 -0.074822
v -0.408226 1.356112 -0.002434
v -0.422085 1.355709 0.035386
v -0.477130 1.270662 0.014370
v -0.438528 1.282624 -0.107270
v -0.450332 1.321285 -0.173831
v -0.412739 1.421238 -0.152690
v -0.469612 1.358467 -0.214996
v -0.422229 1.441308 -0.174674
v -0.582301 1.337454 0.096561
v -0.568456 1.229114 0.069668
v -0.521360 1.291329 0.067331
v -0.638754 1.282186 0.103302
v -0.698405 1.208907 0.103611
v -0.618206 1.148189 0.063561
v -0.477130 1.270662 0.014370
v -0.642083 1.393317 0.097245
v -0.638754 1.282186 0.103302
v -0.582301 1.337454 0.096561
v -0.707537 1.346661 0.104154
v -0.698405 1.208907 0.103611
v -0.777717 1.282587 0.105936
v -0.521360 1.291329 0.067331
v -0.458408 1.372243 0.083029
v -0.567734 1.464544 0.110106
v -0.513353 1.413569 0.109404
v -0.422085 1.355709 0.035386
v -0.709797 1.511434 -0.040136
v -0.786015 1.482707 -0.054193
v -0.704162 1.484696 0.014610
v -0.779163 1.451837 0.008879
v -0.870110 1.438926 -0.073768
v -0.861914 1.403356 -0.001581
v -0.682142 1.443853 0.065178
v -0.696932 1.524083 -0.100204
v -0.771693 1.497085 -0.123231
v -0.663598 1.522326 -0.166883
v -0.733388 1.494338 -0.199025
v -0.853805 1.455202 -0.152450
v -0.629610 1.517464 0.075413
v -0.624364 1.547656 0.034744
v -0.648620 1.552587 0.031803
v -0.629428 1.572083 -0.015088
v -0.653409 1.575693 -0.015334
v -0.604268 1.510524 0.080848
v -0.642326 1.586725 -0.067698
v -0.616438 1.503096 -0.223005
v -0.615894 1.426051 -0.294651
v -0.678939 1.471555 -0.262429
v -0.587160 1.586657 -0.131757
v -0.545920 1.574757 -0.183212
v -0.561781 1.463858 -0.251360
v -0.677823 1.370029 -0.346732
v -0.749469 1.422733 -0.309931
v -0.499153 1.539257 -0.209776
v -0.455411 1.492301 -0.207666
v -0.509581 1.412837 -0.249513
v -0.561781 1.463858 -0.251360
v -0.555613 1.367335 -0.293034
v -0.615894 1.426051 -0.294651
v -0.509581 1.412837 -0.249513
v -0.677823 1.370029 -0.346732
v -0.555613 1.367335 -0.293034
v -0.509328 1.304987 -0.254620
v -0.509581 1.412837 -0.249513
v -0.554723 1.233899 -0.303734
v -0.509581 1.412837 -0.249513
v -0.455411 1.492301 -0.207666
v -0.517565 1.205236 0.008609
v -0.560799 1.120954 -0.006956
v -0.477130 1.270662 0.014370
v -0.707537 1.346661 0.104154
v -0.642083 1.393317 0.097245
v -0.753739 1.404841 0.067176
v -0.777717 1.282587 0.105936
v -0.831700 1.349321 0.064668
v -0.671277 1.543938 -0.152642
v -0.696932 1.524083 -0.100204
v -0.702244 1.546239 -0.089468
v -0.709797 1.511434 -0.040136
v -0.714246 1.534476 -0.032664
v -0.663598 1.522326 -0.166883
v -0.604268 1.510524 0.080848
v -0.642083 1.393317 0.097245
v -0.567734 1.464544 0.110106
v -0.682142 1.443853 0.065178
v -0.663598 1.522326 -0.166883
v -0.678939 1.471555 -0.262429
v -0.733388 1.494338 -0.199025
v -0.616438 1.503096 -0.223005
v -0.749469 1.422733 -0.309931
v -0.810723 1.450631 -0.238251
v -0.663598 1.522326 -0.166883
v -0.617647 1.583814 -0.070419
v -0.613671 1.586229 -0.126795
v -0.587160 1.586657 -0.131757
v -0.970218 1.259734 -0.132449
v -0.915881 1.281310 -0.065098
v -0.926171 1.309452 -0.121161
v -0.955284 1.231606 -0.077741
v -0.966324 1.272561 -0.193598
v -0.888108 1.238861 -0.014820
v -0.784763 0.818825 -0.194830
v -0.735956 0.865755 -0.283863
v -0.729376 0.861706 -0.185877
v -0.860735 0.795203 -0.198522
v -0.795035 0.822951 -0.283837
v -0.712561 1.015561 -0.117975
v -0.709940 0.918666 -0.265710
v -0.694163 1.015591 -0.186421
v -0.709784 0.915514 -0.172854
v -0.692474 1.029569 -0.247692
v -0.675681 1.061349 -0.085584
v -0.694163 1.015591 -0.186421
v -0.652116 1.060708 -0.152356
v -0.712561 1.015561 -0.117975
v -0.692474 1.029569 -0.247692
v -0.645484 1.074328 -0.213599
v -0.687089 1.149467 -0.314016
v -0.742509 1.103342 -0.340624
v -1.020928 1.166353 -0.030812
v -1.054130 1.116277 -0.013003
v -0.922778 1.189396 -0.030007
v -0.955284 1.231606 -0.077741
v -0.960195 1.115264 0.015449
v -0.886002 1.053919 0.028693
v -0.873820 1.137828 -0.004618
v -0.905056 1.001136 0.039624
v -0.985562 1.063801 0.031171
v -0.860735 0.795203 -0.198522
v -0.784763 0.818825 -0.194830
v -1.071248 1.218493 -0.256872
v -1.219361 0.914669 -0.135017
v -1.127260 0.992069 -0.095424
v -1.088196 0.967107 -0.054722
v -1.078151 1.043935 -0.022432
v -1.035388 0.931128 -0.027503
v -1.012718 0.997088 0.014873
v -1.152529 0.582142 0.073251
v -1.163576 0.436101 0.014450
v -1.181657 0.502362 0.065621
v -1.216115 0.507959 0.060180
v -1.080956 0.424982 -0.035821
v -1.093237 0.413337 -0.064563
v -1.090533 0.636633 0.047874
v -0.994026 0.562286 -0.048731
v -0.994026 0.562286 -0.048731
v -1.238686 0.374858 -0.049853
v -1.268917 0.355676 -0.029155
v -1.238686 0.374858 -0.049853
v -1.310976 0.364427 -0.068881
v -1.291128 0.374927 -0.114090
v -1.310976 0.364427 -0.068881
v -1.376474 0.417602 -0.033775
v -1.310976 0.364427 -0.068881
v -1.377103 0.407481 -0.029164
v -1.414590 0.444260 0.036440
v -1.435511 0.486147 0.032657
v -1.291128 0.374927 -0.114090
v -1.414590 0.444260 0.036440
v -1.376474 0.417602 -0.033775
v -1.435511 0.486147 0.032657
v -1.291128 0.374927 -0.114090
v -1.463483 0.456240 -0.179496
v -1.511740 0.478748 -0.104608
v -1.511610 0.522827 -0.113787
v -1.378913 0.420610 -0.248656
v -1.291128 0.374927 -0.114090
v -1.418959 0.425076 -0.249212
v -1.405130 0.454990 -0.301308
v -1.463483 0.456240 -0.179496
v -1.418959 0.425076 -0.249212
v -1.378913 0.420610 -0.248656
v -1.514833 0.498927 -0.151770
v -1.469530 0.450508 -0.185134
v -1.511610 0.522827 -0.113787
v -1.418959 0.425076 -0.249212
v -0.976272 0.888551 -0.026701
v -0.907889 0.808213 -0.032877
v -0.916681 0.843484 -0.064709
v -1.035388 0.931128 -0.027503
v -0.980210 0.862621 0.015211
v -1.088196 0.967107 -0.054722
v -1.053423 0.914254 0.015463
v -1.119313 0.957992 -0.016912
v -0.996547 0.743035 -0.361478
v -1.043270 0.780173 -0.415219
v -0.978290 0.735799 -0.397491
v -0.928325 0.704354 -0.351118
v -1.050611 0.779524 -0.376117
v -1.113229 0.830303 -0.401944
v -1.130320 0.944364 -0.357800
v -1.041371 0.916895 -0.368936
v -1.067379 0.896796 -0.402742
v -1.132834 0.986938 -0.277386
v -1.093649 0.956089 -0.332240
v -0.985510 0.875506 -0.377771
v -0.999230 0.847198 -0.414790
v -0.895886 0.813034 -0.323610
v -0.856179 0.754527 -0.283100
v -0.887888 0.772201 -0.350923
v -0.871181 0.798611 -0.267869
v -0.934208 0.838623 -0.361635
v -0.841817 0.750167 -0.198258
v -1.030596 0.793350 -0.003639
v -1.097733 0.849756 0.028827
v -1.095253 0.837906 -0.008163
v -0.943705 0.742005 -0.019822
v -1.020454 0.794969 0.034312
v -0.968715 0.747021 -0.048400
v -0.921386 0.709231 -0.114549
v -0.888722 0.693498 -0.099471
v -0.878805 0.681115 -0.193684
v -1.177995 0.982003 -0.290316
v -1.151358 1.002895 -0.212454
v -1.168493 0.988490 -0.066335
v -1.149455 1.004604 -0.148685
v -1.196982 1.003922 -0.131856
v -1.127260 0.992069 -0.095424
v -1.200180 1.001809 -0.210748
v -1.152436 0.875526 -0.036306
v -1.166529 0.895431 -0.005145
v -1.194959 0.901865 -0.079230
v -1.222182 0.911685 -0.201739
v -1.219361 0.914669 -0.135017
v -1.250312 0.939657 -0.204789
v -1.247122 0.942882 -0.124259
v -1.217761 0.927307 -0.056946
v -1.227316 0.918185 -0.285990
v -1.178109 0.879018 -0.355295
v -1.203299 0.893583 -0.268992
v -1.162586 0.861035 -0.326391
v -0.856179 0.754527 -0.283100
v -0.928325 0.704354 -0.351118
v -0.887888 0.772201 -0.350923
v -0.935942 0.803103 -0.396518
v -0.894712 0.686050 -0.281410
v -0.978290 0.735799 -0.397491
v -0.999230 0.847198 -0.414790
v -1.196982 1.003922 -0.131856
v -1.217761 0.927307 -0.056946
v -1.168493 0.988490 -0.066335
v -1.119313 0.957992 -0.016912
v -1.247122 0.942882 -0.124259
v -1.166529 0.895431 -0.005145
v -1.053423 0.914254 0.015463
v -1.250312 0.939657 -0.204789
v -1.200180 1.001809 -0.210748
v -1.227316 0.918185 -0.285990
v -1.177995 0.982003 -0.290316
v -1.178109 0.879018 -0.355295
v -1.250312 0.939657 -0.204789
v -1.200180 1.001809 -0.210748
v -1.020454 0.794969 0.034312
v -0.980210 0.862621 0.015211
v -1.097733 0.849756 0.028827
v -0.943705 0.742005 -0.019822
v -0.980210 0.862621 0.015211
v -1.020454 0.794969 0.034312
v -0.855707 0.765847 -0.110247
v -0.907889 0.808213 -0.032877
v -0.888722 0.693498 -0.099471
v -0.841817 0.750167 -0.198258
v -1.043270 0.780173 -0.415219
v -1.113229 0.830303 -0.401944
v -1.067379 0.896796 -0.402742
v -0.999230 0.847198 -0.414790
v -1.043270 0.780173 -0.415219
v -1.130320 0.944364 -0.357800
v -0.878805 0.681115 -0.193684
v -0.878805 0.681115 -0.193684
v -0.841817 0.750167 -0.198258
v -0.855707 0.765847 -0.110247
v -0.860735 0.795203 -0.198522
v -0.873209 0.808336 -0.126997
v -1.108777 0.820773 -0.365060
v -0.935942 0.803103 -0.396518
v -0.913796 0.698128 -0.192590
v -0.894712 0.686050 -0.281410
v -0.927147 0.701985 -0.265281
v -0.955060 0.717070 -0.323055
v -0.392313 1.511320 0.085836
v -0.350958 1.462972 0.152662
v -0.499153 1.539257 -0.209776
v -0.426094 1.550033 -0.225026
v -0.455411 1.492301 -0.207666
v -0.422229 1.441308 -0.174674
v -0.475170 1.604771 -0.225350
v -0.530411 1.502814 0.156403
v -0.470410 1.449451 0.147423
v -0.440939 1.572968 0.114489
v -0.412238 1.536515 0.101596
v -0.470410 1.449451 0.147423
v -0.458408 1.372243 0.083029
v -0.419943 1.409478 0.120779
v -0.513353 1.413569 0.109404
v -0.422085 1.355709 0.035386
v -0.383714 1.392756 0.063898
v -0.530411 1.502814 0.156403
v -0.567734 1.464544 0.110106
v -0.027657 1.430786 0.259601
v -0.976272 0.888551 -0.026701
v -0.937833 0.941411 0.018962
v -1.035388 0.931128 -0.027503
v -1.012718 0.997088 0.014873
v -0.023095 0.826325 0.141343
v -0.026095 0.987506 0.188808
v -0.020996 0.704517 0.092284
v -0.887770 1.317961 -0.249123
v -0.903656 1.391153 -0.172695
v -0.864999 1.386658 -0.254093
v -0.917369 1.322128 -0.182630
v -0.810723 1.450631 -0.238251
v -0.917086 1.375502 -0.097848
v -0.887770 1.317961 -0.249123
v -0.808474 1.359766 -0.322696
v -0.842599 1.295697 -0.305601
v -0.864999 1.386658 -0.254093
v -0.888108 1.238861 -0.014820
v -0.823337 1.226023 0.070770
v -0.876284 1.289716 0.032962
v -0.842755 1.186649 0.014643
v -0.907188 1.341421 -0.029294
v -0.888108 1.238861 -0.014820
v -0.876284 1.289716 0.032962
v -0.915881 1.281310 -0.065098
v -0.675681 1.061349 -0.085584
v -0.586497 1.071729 -0.123197
v -0.618048 1.072697 -0.043029
v -0.652116 1.060708 -0.152356
v -0.560799 1.120954 -0.006956
v -0.575800 1.087986 -0.197366
v -0.671314 1.098288 0.025920
v -0.675681 1.061349 -0.085584
v -0.618048 1.072697 -0.043029
v -0.717722 1.082120 -0.027059
v -0.674222 1.246474 -0.361024
v -0.687089 1.149467 -0.314016
v -0.732148 1.202821 -0.341087
v -0.608695 1.303458 -0.345724
v -0.620971 1.180879 -0.324176
v -0.554723 1.233899 -0.303734
v -0.586663 1.124023 -0.264442
v -0.687089 1.149467 -0.314016
v -0.620971 1.180879 -0.324176
v -0.656700 1.103527 -0.267732
v -0.645484 1.074328 -0.213599
v -0.787373 1.254441 -0.337274
v -0.740768 1.309595 -0.359441
v -0.926171 1.309452 -0.121161
v -0.779588 1.129199 0.008422
v -0.747091 1.156031 0.066331
v -0.842755 1.186649 0.014643
v -0.747091 1.156031 0.066331
v -0.823337 1.226023 0.070770
v -0.810757 1.081317 -0.015738
v -0.779588 1.129199 0.008422
v -0.642326 1.586725 -0.067698
v -0.702244 1.546239 -0.089468
v -0.714246 1.534476 -0.032664
v -0.653409 1.575693 -0.015334
v -0.613671 1.586229 -0.126795
v -0.671277 1.543938 -0.152642
v -0.709039 1.509063 0.018980
v -0.648620 1.552587 0.031803
v -0.629610 1.517464 0.075413
v -0.688592 1.470032 0.066514
v -0.709039 1.509063 0.018980
v -0.682142 1.443853 0.065178
v -0.629610 1.517464 0.075413
v -0.688592 1.470032 0.066514
v -0.604268 1.510524 0.080848
v -0.663598 1.522326 -0.166883
v -0.613671 1.586229 -0.126795
v -0.587160 1.586657 -0.131757
v -0.671277 1.543938 -0.152642
v -0.704162 1.484696 0.014610
v -0.688592 1.470032 0.066514
v -0.682142 1.443853 0.065178
v -0.750470 1.035454 -0.056346
v -0.675681 1.061349 -0.085584
v -0.717722 1.082120 -0.027059
v -0.712561 1.015561 -0.117975
v -0.873820 1.137828 -0.004618
v -0.842755 1.186649 0.014643
v -0.922778 1.189396 -0.030007
v -0.708468 1.058569 -0.299941
v -0.742509 1.103342 -0.340624
v -0.656700 1.103527 -0.267732
v -0.687089 1.149467 -0.314016
v -0.917369 1.322128 -0.182630
v -0.941285 1.268523 -0.259867
v -0.887770 1.317961 -0.249123
v -0.941285 1.268523 -0.259867
v -0.887770 1.317961 -0.249123
v -0.873820 1.137828 -0.004618
v -0.548451 1.207446 -0.085152
v -0.601646 1.066484 -0.132252
v -0.558653 1.097669 -0.048362
v -0.512386 1.125762 0.015796
v -0.510227 1.223702 0.000012
v -0.575668 1.236081 -0.296850
v -0.623849 1.158088 -0.280374
v -0.564036 1.256347 -0.190369
v -0.562490 1.134258 -0.399708
v -0.540972 1.227739 -0.402583
v -0.579339 0.981356 -0.351298
v -0.618906 1.027296 -0.232172
v -0.585265 1.184834 -0.176471
v -0.527405 1.271732 -0.091863
v -0.489631 1.279523 -0.000286
v -0.530406 1.283376 -0.402822
v -0.454390 1.287750 -0.395188
v -0.478801 1.226711 -0.401333
v -0.540972 1.227739 -0.402583
v -0.484383 1.286461 -0.278238
v -0.454390 1.287750 -0.395188
v -0.465905 1.286852 -0.381381
v -0.530406 1.283376 -0.402822
v -0.515466 1.284351 -0.386907
v -0.555387 0.962525 -0.354366
v -0.515466 1.284351 -0.386907
v -0.494127 1.286068 -0.273987
v -0.465905 1.286852 -0.381381
v -0.544717 1.285965 -0.288751
v -0.485699 1.296283 -0.178328
v -0.535060 1.298753 -0.189991
v -0.502578 1.308882 -0.098393
v -0.455793 1.301265 -0.084590
v -0.470260 1.313685 -0.010776
v -0.427780 1.302121 0.005983
v -0.562492 1.282980 -0.292150
v -0.478801 1.226711 -0.401333
v -0.551076 1.299838 -0.192129
v -0.575668 1.236081 -0.296850
v -0.564036 1.256347 -0.190369
v -0.562492 1.282980 -0.292150
v -0.540972 1.227739 -0.402583
v -0.515528 1.312043 -0.094025
v -0.527405 1.271732 -0.091863
v -0.479718 1.317910 -0.000462
v -0.489631 1.279523 -0.000286
v -0.530406 1.283376 -0.402822
v -0.479718 1.317910 -0.000462
v -0.433505 1.264958 0.017331
v -0.414460 1.299432 0.025208
v -0.489631 1.279523 -0.000286
v -0.371029 1.475733 0.031838
v -0.509328 1.304987 -0.254620
v -0.823337 1.226023 0.070770
v -0.937833 0.941411 0.018962
v -0.604268 1.510524 0.080848
v -0.583860 1.564070 0.127699
v -0.412238 1.536515 0.101596
v -0.383714 1.392756 0.063898
v -0.387676 1.497271 -0.206110
v -0.581921 1.669737 -0.107639
v -0.387676 1.497271 -0.206110
v -0.587160 1.586657 -0.131757
v -0.532474 1.660662 -0.196460
v -0.545920 1.574757 -0.183212
v -0.581921 1.669737 -0.107639
v -0.545920 1.574757 -0.183212
v -0.532474 1.660662 -0.196460
v 0.319489 1.957069 -0.225903
v 0.417434 1.892508 -0.094063
v 0.439862 1.895318 -0.103046
v 0.476104 1.815071 0.060824
v 0.336655 1.963347 -0.241969
v 0.182195 2.008803 -0.334793
v 0.172905 2.000207 -0.313994
v -0.336653 1.666792 0.363621
v -0.417433 1.740195 0.216971
v -0.439860 1.734822 0.224699
v -0.319488 1.675634 0.348810
v -0.451827 1.816350 0.061456
v -0.476103 1.815068 0.060828
v -0.182194 1.621337 0.456446
v -0.172904 1.632497 0.436902
v 0.451829 1.816353 0.061452
v 0.439863 1.734825 0.224695
v -0.417435 1.892505 -0.094060
v -0.439862 1.895315 -0.103043
v 0.417436 1.740198 0.216967
v -0.319492 1.957067 -0.225900
v -0.336657 1.963345 -0.241966
v 0.336658 1.666794 0.363618
v 0.319493 1.675636 0.348807
v 0.172910 1.632498 0.436901
v 0.182200 1.621338 0.456444
v -0.172909 2.000206 -0.313993
v -0.182198 2.008801 -0.334792
v 0.000003 1.617349 0.467835
v 0.000003 1.605375 0.489041
v -0.000002 2.015354 -0.344928
v -0.000002 2.024764 -0.367389
v -0.182194 1.571058 0.431825
v 0.000003 1.542284 0.428145
v 0.000003 1.555097 0.464420
v 0.171904 1.557345 0.397391
v 0.182200 1.571059 0.431823
v -0.171898 1.557344 0.397392
v 0.000003 1.506155 0.311530
v -0.182198 2.008801 -0.334792
v -0.000002 1.974485 -0.392010
v -0.182198 1.958523 -0.359413
v 0.182195 2.008803 -0.334793
v 0.182195 1.958524 -0.359415
v -0.000002 2.024764 -0.367389
v -0.336657 1.963345 -0.241966
v -0.336657 1.913067 -0.266587
v -0.439862 1.895315 -0.103043
v -0.336657 1.913067 -0.266587
v -0.439862 1.845037 -0.127664
v -0.476103 1.764790 0.036207
v -0.476103 1.815068 0.060828
v -0.336657 1.963345 -0.241966
v -0.439860 1.734822 0.224699
v -0.439860 1.684543 0.200078
v -0.336653 1.616514 0.339000
v -0.336653 1.666792 0.363621
v -0.182194 1.621337 0.456446
v -0.336653 1.616514 0.339000
v -0.182194 1.571058 0.431825
v -0.336653 1.666792 0.363621
v 0.182200 1.555473 0.463652
v 0.000003 1.539510 0.496249
v 0.000003 1.555097 0.464420
v 0.182200 1.571059 0.431823
v -0.182194 1.555472 0.463654
v -0.182194 1.571058 0.431825
v 0.182200 1.621338 0.456444
v 0.336658 1.616516 0.338997
v 0.336658 1.666794 0.363618
v 0.182200 1.571059 0.431823
v 0.439863 1.734825 0.224695
v 0.476104 1.764793 0.036203
v 0.476104 1.815071 0.060824
v 0.336658 1.616516 0.338997
v 0.439863 1.684546 0.200074
v 0.336658 1.666794 0.363618
v 0.439862 1.895318 -0.103046
v 0.336655 1.913069 -0.266590
v 0.336655 1.963347 -0.241969
v 0.439862 1.845039 -0.127668
v 0.336655 1.963347 -0.241969
v 0.336655 1.913069 -0.266590
v 0.172905 2.047921 -0.290629
v -0.000002 2.015354 -0.344928
v -0.000002 2.063069 -0.321562
v -0.172909 2.047920 -0.290627
v 0.172905 2.000207 -0.313994
v 0.319489 2.004784 -0.202537
v 0.319489 1.957069 -0.225903
v 0.417434 1.940223 -0.070698
v 0.319489 1.957069 -0.225903
v 0.319489 2.004784 -0.202537
v 0.417434 1.892508 -0.094063
v 0.451828 1.864068 0.084818
v 0.451829 1.816353 0.061452
v 0.417436 1.787912 0.240333
v 0.417436 1.740198 0.216967
v 0.319493 1.675636 0.348807
v 0.319493 1.723351 0.372173
v 0.172910 1.680212 0.460266
v 0.319493 1.675636 0.348807
v 0.319493 1.723351 0.372173
v 0.172910 1.632498 0.436901
v 0.000003 1.665064 0.491201
v 0.000003 1.617349 0.467835
v -0.172904 1.632497 0.436902
v -0.172904 1.680211 0.460268
v -0.319488 1.675634 0.348810
v -0.319488 1.723349 0.372176
v -0.417433 1.787910 0.240337
v -0.319488 1.675634 0.348810
v -0.319488 1.723349 0.372176
v -0.451827 1.816350 0.061456
v -0.417433 1.740195 0.216971
v -0.451828 1.864065 0.084821
v -0.417435 1.892505 -0.094060
v -0.417435 1.940220 -0.070694
v -0.319492 1.957067 -0.225900
v -0.319492 2.004782 -0.202534
v -0.319488 1.723349 0.372176
v -0.367744 1.796975 0.221825
v -0.417433 1.787910 0.240337
v -0.281458 1.740099 0.337971
v -0.398045 1.864065 0.084821
v -0.451828 1.864065 0.084821
v -0.172904 1.680211 0.460268
v -0.152323 1.702096 0.415576
v -0.319492 2.004782 -0.202534
v -0.172909 2.000206 -0.313993
v -0.319492 1.957067 -0.225900
v 0.182200 1.621338 0.456444
v 0.182200 1.555473 0.463652
v 0.182200 1.571059 0.431823
v 0.182200 1.605751 0.488274
v 0.000003 1.589789 0.520870
v -0.182194 1.555472 0.463654
v 0.000003 1.539510 0.496249
v 0.182200 1.555473 0.463652
v 0.182200 1.605751 0.488274
v -0.182194 1.605750 0.488275
v -0.182194 1.555472 0.463654
v -0.182194 1.605750 0.488275
v -0.182194 1.621337 0.456446
v -0.182194 1.571058 0.431825
v -0.182194 1.605750 0.488275
v 0.000003 1.589789 0.520870
v 0.000003 1.605375 0.489041
v 0.182200 1.605751 0.488274
v 0.182200 1.621338 0.456444
v -0.182194 1.621337 0.456446
v -0.171903 1.922914 -0.349134
v -0.254903 1.777196 -0.241960
v -0.317633 1.880026 -0.261554
v -0.000002 1.974485 -0.392010
v -0.000002 1.937975 -0.379889
v -0.137953 1.811614 -0.312245
v -0.232293 1.633749 -0.135259
v -0.333046 1.725686 -0.136773
v -0.415006 1.815840 -0.130481
v -0.182198 1.958523 -0.359413
v -0.177790 1.669676 -0.208625
v -0.000001 1.823700 -0.336925
v -0.476103 1.764790 0.036207
v -0.449199 1.740128 0.024130
v -0.439862 1.845037 -0.127664
v -0.336657 1.913067 -0.266587
v -0.360486 1.664926 -0.012696
v -0.333045 1.604167 0.111380
v -0.415005 1.664416 0.178741
v 0.317631 1.880028 -0.261556
v 0.415006 1.815843 -0.130484
v 0.333046 1.725688 -0.136776
v 0.182195 1.958524 -0.359415
v 0.336655 1.913069 -0.266590
v 0.254902 1.777197 -0.241962
v 0.171900 1.922915 -0.349136
v 0.439862 1.845039 -0.127668
v 0.317634 1.600233 0.309810
v 0.171904 1.557345 0.397391
v 0.137955 1.518241 0.286849
v 0.415008 1.664419 0.178737
v 0.439863 1.684546 0.200074
v 0.254905 1.552659 0.216565
v 0.476104 1.764793 0.036203
v 0.336658 1.616516 0.338997
v 0.182200 1.571059 0.431823
v -0.171898 1.557344 0.397392
v -0.336653 1.616514 0.339000
v -0.317630 1.600231 0.309813
v -0.182194 1.571058 0.431825
v -0.439860 1.684543 0.200078
v -0.137950 1.518240 0.286850
v 0.449200 1.740131 0.024126
v 0.360488 1.664929 -0.012699
v -0.254901 1.552657 0.216567
v 0.333048 1.604169 0.111377
v 0.137955 1.518241 0.286849
v -0.476103 1.764790 0.036207
v -0.415005 1.664416 0.178741
v -0.439860 1.684543 0.200078
v -0.449199 1.740128 0.024130
v 0.137951 1.811615 -0.312245
v -0.281461 1.988032 -0.168329
v -0.152323 1.702096 0.415576
v -0.152327 2.026036 -0.245936
v -0.281458 1.740099 0.337971
v -0.000002 2.039381 -0.273189
v 0.152328 1.702097 0.415575
v 0.281459 1.988033 -0.168332
v 0.152324 2.026037 -0.245938
v 0.281462 1.740101 0.337968
v 0.367747 1.796978 0.221822
v 0.000003 1.688752 0.442828
v -0.367746 1.931155 -0.052183
v -0.367744 1.796975 0.221825
v -0.398045 1.864065 0.084821
v 0.367745 1.931158 -0.052186
v 0.398046 1.864068 0.084818
v 0.398046 1.864068 0.084818
v 0.417434 1.940223 -0.070698
v 0.367745 1.931158 -0.052186
v 0.417436 1.787912 0.240333
v 0.451828 1.864068 0.084818
v 0.319489 2.004784 -0.202537
v 0.281459 1.988033 -0.168332
v -0.367746 1.931155 -0.052183
v -0.417435 1.940220 -0.070694
v 0.367747 1.796978 0.221822
v -0.319492 2.004782 -0.202534
v 0.319493 1.723351 0.372173
v 0.281462 1.740101 0.337968
v 0.152328 1.702097 0.415575
v 0.172910 1.680212 0.460266
v -0.281461 1.988032 -0.168329
v -0.172909 2.047920 -0.290627
v 0.000003 1.688752 0.442828
v 0.000003 1.665064 0.491201
v -0.000002 2.063069 -0.321562
v -0.152327 2.026036 -0.245936
v -0.000002 2.039381 -0.273189
v 0.152324 2.026037 -0.245938
v 0.172905 2.047921 -0.290629
v 0.251434 1.591371 -0.048719
v 0.232294 1.633750 -0.135260
v 0.177790 1.669676 -0.208626
v -0.137950 1.518240 0.286850
v 0.096219 1.693682 -0.257648
v -0.096219 1.693681 -0.257647
v 0.000002 1.480630 0.177425
v 0.000003 1.506155 0.311530
v -0.096217 1.489059 0.160211
v -0.177788 1.513064 0.111190
v 0.232295 1.548992 0.037822
v -0.232292 1.548991 0.037824
v 0.177792 1.513065 0.111188
v -0.251432 1.591369 -0.048717
v 0.096221 1.489059 0.160210
v 0.096219 1.693682 -0.257648
v 0.096221 1.489059 0.160210
v -0.000000 1.702111 -0.274861
v 0.177792 1.513065 0.111188
v -0.096217 1.489059 0.160211
v -0.096219 1.693681 -0.257647
v 0.232294 1.633750 -0.135260
v 0.232295 1.548992 0.037822
v 0.177790 1.669676 -0.208626
v 0.251434 1.591371 -0.048719
v -0.177790 1.669676 -0.208625
v 0.000002 1.480630 0.177425
v -0.177788 1.513064 0.111190
v -0.232293 1.633749 -0.135259
v -0.232292 1.548991 0.037824
v -0.251432 1.591369 -0.048717
v -0.000000 1.702111 -0.274861
v 0.000001 1.770971 0.421626
v 0.179995 1.788389 0.378702
v 0.191012 1.795220 0.428768
v -0.179992 1.788389 0.378703
v 0.000001 1.769753 0.383062
v 0.308686 1.818121 0.333061
v 0.320247 1.832139 0.365627
v 0.173225 1.779218 0.356905
v 0.338166 1.828455 0.480008
v 0.190219 1.767295 0.474629
v 0.339179 1.851440 0.428418
v -0.173223 1.779219 0.356907
v 0.000001 1.762053 0.368734
v 0.381019 1.910562 0.346480
v 0.339179 1.851440 0.428418
v 0.320247 1.832139 0.365627
v 0.378796 1.951505 0.268143
v 0.388122 1.997392 0.319096
v 0.401658 1.949222 0.428954
v 0.364991 2.025240 0.210516
v 0.406333 2.059551 0.453328
v 0.413336 1.993779 0.522561
v 0.401573 1.917502 0.494126
v 0.367367 2.082718 0.277343
v 0.357338 2.149956 0.463633
v -0.000001 2.043726 -0.140340
v 0.123184 2.106168 -0.074001
v 0.132821 2.034159 -0.130090
v -0.000000 1.914467 -0.210821
v -0.132822 2.034158 -0.130090
v -0.123185 2.106167 -0.074001
v -0.000001 2.111659 -0.085919
v 0.227914 2.090196 -0.037982
v 0.244697 2.013362 -0.094403
v 0.138839 1.910149 -0.198975
v 0.256918 1.895717 -0.159536
v 0.209056 2.173190 0.041066
v 0.280702 2.138828 0.094735
v 0.314682 1.988238 -0.028602
v 0.333477 1.869607 -0.088499
v 0.295732 2.062940 0.022691
v 0.350709 1.954304 0.047402
v 0.360709 1.906723 0.116835
v 0.369498 1.839358 -0.006521
v 0.360990 1.965940 0.160796
v 0.295732 2.062940 0.022691
v 0.336729 2.021780 0.093448
v 0.314682 1.988238 -0.028602
v 0.280702 2.138828 0.094735
v 0.331020 2.091775 0.148444
v 0.333477 1.869607 -0.088499
v 0.365960 1.810610 0.071075
v 0.366967 1.904506 0.222103
v 0.351875 1.856596 0.181895
v 0.340872 1.782526 0.146549
v 0.368619 1.877830 0.308114
v 0.353112 1.849086 0.268041
v 0.331394 1.817615 0.238241
v 0.312237 1.757311 0.214256
v 0.273530 1.783057 0.286767
v 0.254203 1.735403 0.273706
v 0.308686 1.818121 0.333061
v 0.294116 1.804047 0.303229
v 0.331394 1.817615 0.238241
v 0.294116 1.804047 0.303229
v 0.273530 1.783057 0.286767
v 0.353112 1.849086 0.268041
v 0.140916 1.717693 0.323359
v 0.254203 1.735403 0.273706
v 0.152546 1.746128 0.330893
v 0.273530 1.783057 0.286767
v 0.164671 1.765264 0.339129
v 0.000001 1.747332 0.357392
v 0.294116 1.804047 0.303229
v 0.273530 1.783057 0.286767
v 0.152546 1.746128 0.330893
v 0.164671 1.765264 0.339129
v 0.000001 1.747332 0.357392
v 0.152546 1.746128 0.330893
v -0.152543 1.746090 0.330957
v 0.000001 1.725969 0.354243
v -0.164669 1.765266 0.339131
v 0.140916 1.717693 0.323359
v -0.140913 1.717654 0.323423
v 0.000001 1.707879 0.350930
v 0.320931 2.146418 0.255148
v 0.390435 2.071267 0.541416
v 0.292892 2.227725 0.494117
v 0.325735 2.204849 0.581520
v 0.357196 2.142426 0.554221
v 0.292247 2.174631 0.771213
v 0.335329 2.202577 0.748583
v 0.325852 2.190731 0.783740
v 0.313265 2.192317 0.725003
v 0.350826 2.211332 0.739449
v 0.347062 2.198850 0.790556
v 0.338583 2.191661 0.668119
v 0.287400 2.177450 0.706788
v 0.312084 2.159471 0.660235
v 0.370589 2.037583 0.613927
v 0.406348 2.023229 0.554466
v 0.351444 2.119565 0.617841
v 0.338583 2.191661 0.668119
v 0.000001 1.770971 0.421626
v 0.000002 1.736049 0.463212
v -0.190215 1.767289 0.474628
v -0.186057 1.731291 0.519789
v 0.186061 1.731297 0.519790
v 0.000002 1.693862 0.503698
v 0.331060 1.795994 0.536417
v 0.320151 1.772536 0.586173
v 0.180216 1.709997 0.559814
v 0.000002 1.671255 0.541625
v 0.071034 2.265243 0.483077
v 0.123322 2.241792 0.592114
v 0.143479 2.257610 0.481769
v 0.094994 2.259157 0.189222
v -0.000000 2.264456 0.185050
v 0.203076 2.226398 0.668842
v 0.207150 2.241115 0.588150
v 0.057228 2.244884 0.592405
v 0.113217 2.219680 0.669621
v 0.218745 2.248334 0.481467
v 0.259380 2.211156 0.220602
v 0.183587 2.237647 0.204612
v 0.000001 2.268481 0.484114
v 0.000001 2.247034 0.591632
v 0.049959 2.216585 0.664889
v -0.057226 2.244884 0.592405
v -0.049956 2.216585 0.664890
v 0.000002 2.215943 0.661146
v 0.000003 1.633008 0.675899
v 0.151532 1.651522 0.745949
v 0.000004 1.621882 0.731189
v 0.158670 1.667462 0.692570
v 0.265421 1.702374 0.772342
v 0.246114 1.682977 0.826943
v -0.140330 1.637679 0.805132
v -0.151525 1.651516 0.745948
v 0.140338 1.637681 0.805131
v 0.000004 1.615446 0.794956
v 0.000003 1.646635 0.628018
v 0.166040 1.683219 0.646091
v 0.278589 1.723446 0.720291
v 0.213563 1.670310 0.879877
v 0.120800 1.632920 0.870754
v 0.306889 1.756918 0.630724
v 0.173328 1.697636 0.602073
v 0.292723 1.741340 0.674454
v -0.173322 1.697627 0.602071
v -0.180211 1.709991 0.559813
v 0.000003 1.660141 0.583244
v 0.282772 1.742914 0.856448
v 0.297331 1.827657 0.833866
v 0.274911 1.804619 0.884156
v 0.213563 1.670310 0.879877
v 0.246114 1.682977 0.826943
v 0.304033 1.763460 0.804052
v 0.250257 1.724895 0.905457
v 0.173289 1.663602 0.933342
v 0.247819 1.784323 0.933151
v 0.206246 1.822593 0.985781
v 0.222283 1.769180 0.981193
v 0.218435 1.715145 0.948190
v 0.164720 1.700714 0.988954
v 0.049295 2.090094 0.849960
v 0.093563 2.038131 0.889316
v 0.106023 2.100771 0.853908
v 0.044305 2.036038 0.888181
v 0.085739 1.977420 0.922577
v 0.131705 1.972272 0.922991
v 0.152736 2.042037 0.891088
v 0.177622 2.114370 0.858783
v 0.000003 2.085434 0.848229
v 0.000003 2.035458 0.887770
v 0.042252 1.982957 0.922320
v -0.049290 2.090091 0.849961
v -0.044299 2.036037 0.888181
v -0.042245 1.982956 0.922321
v 0.000003 1.985819 0.922233
v 0.321016 1.785187 0.752997
v 0.265421 1.702374 0.772342
v 0.278589 1.723446 0.720291
v 0.343578 1.868918 0.738266
v 0.318934 1.850173 0.784497
v 0.340698 1.804592 0.706907
v 0.247127 1.854148 0.899933
v 0.305328 1.896678 0.800802
v 0.275277 1.876110 0.850142
v 0.254468 1.916702 0.856773
v 0.316433 1.929934 0.754986
v 0.284031 1.936030 0.808041
v 0.334976 1.910353 0.753478
v 0.214654 1.904914 0.905098
v 0.194510 1.878101 0.952359
v 0.223183 1.836139 0.948591
v 0.184615 1.830172 1.008424
v 0.153160 1.805787 1.028322
v 0.179939 1.805945 1.018780
v 0.166249 1.867542 1.000597
v 0.087999 1.742007 1.049343
v 0.165742 1.749329 1.028221
v 0.080980 1.854686 1.030956
v 0.086542 1.800708 1.049219
v 0.184909 1.774716 1.023304
v 0.091928 1.691069 1.016606
v 0.164720 1.700714 0.988954
v 0.179939 1.805945 1.018780
v 0.182135 1.781169 1.011571
v 0.178893 1.801283 1.008613
v 0.184909 1.774716 1.023304
v 0.181849 1.816857 1.001889
v 0.184615 1.830172 1.008424
v 0.166249 1.867542 1.000597
v 0.161047 1.915345 0.957271
v 0.179961 1.907716 0.945043
v 0.208880 1.784857 1.001288
v 0.184615 1.830172 1.008424
v 0.199115 1.813976 1.001159
v 0.173289 1.663602 0.933342
v 0.000004 1.618521 0.870309
v -0.094919 1.635028 0.929271
v -0.120792 1.632918 0.870754
v 0.094928 1.635029 0.929270
v 0.000004 1.627080 0.937958
v 0.087710 1.653933 0.979386
v 0.064729 1.636496 0.966025
v 0.085739 1.977420 0.922577
v 0.042205 1.946542 0.954587
v 0.084406 1.935885 0.957123
v 0.042252 1.982957 0.922320
v 0.000003 1.951825 0.953321
v 0.000004 1.923573 0.983334
v 0.048317 1.918332 0.983927
v 0.083071 1.916456 0.978555
v -0.042198 1.946542 0.954588
v 0.000003 1.985819 0.922233
v 0.064740 1.890772 1.009281
v 0.000004 1.891804 1.014571
v 0.000005 1.688574 1.035577
v -0.091919 1.691068 1.016607
v 0.000005 1.651155 0.999757
v -0.087991 1.742006 1.049344
v 0.000004 1.739242 1.063797
v 0.091928 1.691069 1.016606
v 0.000005 1.688574 1.035577
v 0.000005 1.651155 0.999757
v 0.087710 1.653933 0.979386
v 0.164720 1.700714 0.988954
v 0.173289 1.663602 0.933342
v 0.165742 1.749329 1.028221
v 0.199251 1.719628 0.981875
v 0.200545 1.749760 1.005860
v 0.199350 1.769749 1.013073
v 0.184909 1.774716 1.023304
v 0.208880 1.784857 1.001288
v 0.191402 1.777977 1.004959
v 0.199350 1.769749 1.013073
v 0.197484 1.787735 0.997323
v 0.182135 1.781169 1.011571
v 0.199350 1.769749 1.013073
v 0.191402 1.777977 1.004959
v 0.184909 1.774716 1.023304
v 0.000004 1.851353 1.042489
v 0.064740 1.890772 1.009281
v 0.000004 1.891804 1.014571
v -0.064733 1.890771 1.009282
v 0.112575 1.898312 0.991580
v 0.000004 1.796857 1.062498
v 0.112575 1.898312 0.991580
v 0.161047 1.915345 0.957271
v 0.126608 1.925149 0.959658
v -0.048310 1.918331 0.983928
v -0.064733 1.890771 1.009282
v 0.000005 1.651155 0.999757
v 0.000005 1.633245 0.978240
v -0.087701 1.653932 0.979386
v -0.064720 1.636495 0.966026
v 0.359692 1.978338 0.660459
v 0.361161 1.927138 0.706911
v 0.380827 1.957159 0.659832
v 0.395411 1.991825 0.609840
v 0.405216 1.946561 0.591693
v 0.389402 1.912873 0.646284
v 0.342853 1.943526 0.707449
v 0.361161 1.927138 0.706911
v 0.368115 1.888425 0.692949
v 0.393939 1.872635 0.562746
v 0.360921 1.823073 0.662465
v 0.379528 1.843156 0.616934
v 0.264014 2.160703 0.757475
v 0.264014 2.160703 0.757475
v 0.250814 2.113338 0.801453
v 0.250652 2.124284 0.739346
v 0.287400 2.177450 0.706788
v 0.280190 2.065154 0.664195
v 0.271715 2.140715 0.688376
v 0.312084 2.159471 0.660235
v 0.293901 2.133456 0.657135
v 0.359692 1.978338 0.660459
v 0.315990 1.943174 0.698348
v 0.342853 1.943526 0.707449
v 0.331886 1.979220 0.651364
v 0.286836 1.963302 0.695174
v 0.316433 1.929934 0.754986
v 0.336506 2.033907 0.622426
v 0.359692 1.978338 0.660459
v 0.370589 2.037583 0.613927
v 0.331886 1.979220 0.651364
v 0.313891 2.035369 0.628349
v 0.303391 1.996090 0.647562
v 0.329179 2.102833 0.628706
v 0.301671 2.086464 0.629874
v 0.303391 1.996090 0.647562
v 0.289491 1.930682 0.746210
v 0.121066 2.203164 0.724676
v 0.203765 2.219526 0.729289
v 0.276982 2.234973 0.737821
v 0.298082 2.231642 0.678857
v 0.280499 2.237996 0.590941
v 0.129528 2.182546 0.768638
v 0.202931 2.205654 0.777262
v 0.267955 2.226484 0.785943
v 0.194285 2.169678 0.820670
v 0.259234 2.192055 0.825335
v 0.331190 2.241418 0.745116
v 0.313501 2.245638 0.758114
v 0.298122 2.215125 0.822805
v 0.309311 2.241747 0.795489
v -0.166034 1.683211 0.646090
v -0.158663 1.667455 0.692569
v 0.121262 2.148681 0.812692
v 0.121262 2.148681 0.812692
v 0.194285 2.169678 0.820670
v 0.202829 2.035723 0.891303
v 0.254574 2.131708 0.859831
v 0.259234 2.192055 0.825335
v 0.307780 2.195265 0.833488
v 0.298122 2.215125 0.822805
v 0.292723 1.741340 0.674454
v 0.306889 1.756918 0.630724
v 0.338166 1.828455 0.480008
v 0.331060 1.795994 0.536417
v 0.320151 1.772536 0.586173
v 0.330589 2.220489 0.673171
v 0.346540 2.227127 0.738595
v 0.331190 2.241418 0.745116
v 0.346612 2.218078 0.795872
v 0.346540 2.227127 0.738595
v 0.314412 2.164548 0.833320
v 0.347062 2.198850 0.790556
v 0.331647 2.236383 0.798061
v 0.350826 2.211332 0.739449
v 0.307780 2.195265 0.833488
v 0.330589 2.220489 0.673171
v 0.331647 2.236383 0.798061
v 0.309311 2.241747 0.795489
v 0.307780 2.195265 0.833488
v 0.331647 2.236383 0.798061
v 0.315336 2.142848 0.824716
v 0.276659 2.123533 0.810244
v 0.307871 2.149717 0.810173
v 0.264014 2.160703 0.757475
v 0.292247 2.174631 0.771213
v 0.246605 2.051362 0.825971
v 0.250814 2.113338 0.801453
v 0.265649 2.049151 0.847319
v 0.347062 2.198850 0.790556
v 0.325852 2.190731 0.783740
v 0.250197 1.990449 0.818275
v 0.267853 2.087520 0.860625
v 0.224849 2.006995 0.887799
v 0.314412 2.164548 0.833320
v 0.315336 2.142848 0.824716
v 0.267853 2.087520 0.860625
v 0.265649 2.049151 0.847319
v 0.224849 2.006995 0.887799
v 0.331647 2.236383 0.798061
v 0.237278 2.088045 0.784493
v 0.261658 2.041191 0.713617
v 0.246605 2.051362 0.825971
v 0.237031 2.047599 0.805627
v 0.303391 1.996090 0.647562
v 0.242999 2.016688 0.760132
v 0.235438 1.997739 0.797201
v 0.262297 1.947853 0.742711
v 0.286836 1.963302 0.695174
v 0.251480 1.958375 0.776498
v 0.313891 2.035369 0.628349
v 0.301671 2.086464 0.629874
v 0.284031 1.936030 0.808041
v 0.263767 1.945219 0.788369
v 0.262297 1.947853 0.742711
v 0.251480 1.958375 0.776498
v 0.312084 2.159471 0.660235
v 0.293901 2.133456 0.657135
v 0.370589 2.037583 0.613927
v 0.351444 2.119565 0.617841
v 0.351444 2.119565 0.617841
v 0.312084 2.159471 0.660235
v 0.329179 2.102833 0.628706
v 0.338583 2.191661 0.668119
v 0.284031 1.936030 0.808041
v 0.263767 1.945219 0.788369
v 0.251480 1.958375 0.776498
v 0.235438 1.997739 0.797201
v 0.263483 1.981473 0.834691
v 0.237031 2.047599 0.805627
v 0.235504 1.974660 0.877625
v 0.193014 1.940930 0.915713
v 0.263483 1.981473 0.834691
v 0.170635 1.961953 0.921419
v 0.193014 1.940930 0.915713
v 0.170635 1.961953 0.921419
v 0.315156 2.227018 0.611270
v 0.325735 2.204849 0.581520
v 0.315156 2.227018 0.611270
v 0.292892 2.227725 0.494117
v 0.251499 1.957512 0.857792
v 0.181849 1.816857 1.001889
v 0.191173 1.806497 0.997211
v 0.199115 1.813976 1.001159
v 0.164168 1.804627 0.980202
v 0.171806 1.796225 0.976414
v 0.208880 1.784857 1.001288
v 0.184615 1.830172 1.008424
v 0.197484 1.787735 0.997323
v 0.177158 1.780938 0.976626
v 0.152074 1.791482 0.964602
v 0.160219 1.776760 0.962413
v 0.152310 1.785169 0.955869
v 0.152310 1.785169 0.955869
v 0.172432 1.772950 0.982981
v 0.177158 1.780938 0.976626
v 0.153080 1.767714 0.960950
v -0.086533 1.800707 1.049220
v -0.080972 1.854686 1.030957
v 0.143986 1.775340 0.952678
v 0.152310 1.785169 0.955869
v 0.145147 1.781913 0.963018
v 0.143986 1.775340 0.952678
v 0.152074 1.791482 0.964602
v 0.153080 1.767714 0.960950
v 0.145147 1.781913 0.963018
v 0.152695 1.773381 0.969779
v 0.143986 1.775340 0.952678
v 0.162039 1.791908 0.985843
v 0.164951 1.775527 0.988410
v 0.182135 1.781169 1.011571
v 0.172432 1.772950 0.982981
v 0.164951 1.775527 0.988410
v 0.153080 1.767714 0.960950
v 0.152695 1.773381 0.969779
v 0.191402 1.777977 1.004959
v 0.197484 1.787735 0.997323
v 0.172432 1.772950 0.982981
v 0.191402 1.777977 1.004959
v 0.177158 1.780938 0.976626
v 0.164168 1.804627 0.980202
v 0.178893 1.801283 1.008613
v 0.181849 1.816857 1.001889
v 0.182135 1.781169 1.011571
v 0.152074 1.791482 0.964602
v 0.162039 1.791908 0.985843
v 0.145147 1.781913 0.963018
v 0.164168 1.804627 0.980202
v 0.320931 2.146418 0.255148
v 0.000002 2.150076 0.754249
v -0.063033 2.160718 0.759173
v -0.058149 2.129555 0.805353
v 0.058154 2.129559 0.805351
v 0.063037 2.160719 0.759172
v 0.000002 2.120512 0.801827
v 0.049295 2.090094 0.849960
v 0.106023 2.100771 0.853908
v 0.121262 2.148681 0.812692
v 0.129528 2.182546 0.768638
v 0.121066 2.203164 0.724676
v 0.056100 2.189217 0.716390
v -0.049290 2.090091 0.849961
v 0.000003 2.085434 0.848229
v 0.049959 2.216585 0.664889
v 0.000002 2.182847 0.711328
v 0.000002 2.215943 0.661146
v -0.049956 2.216585 0.664890
v -0.056097 2.189216 0.716390
v 0.113217 2.219680 0.669621
v 0.084406 1.935885 0.957123
v 0.126608 1.925149 0.959658
v 0.161047 1.915345 0.957271
v 0.166249 1.867542 1.000597
v 0.209056 2.173190 0.041066
v 0.111104 2.189314 0.010679
v -0.071033 2.265243 0.483078
v -0.000001 2.193224 0.000872
v -0.000001 2.111659 -0.085919
v -0.111105 2.189313 0.010678
v 0.123184 2.106168 -0.074001
v 0.280702 2.138828 0.094735
v 0.111104 2.189314 0.010679
v 0.259380 2.211156 0.220602
v -0.164669 1.765266 0.339131
v -0.308684 1.818122 0.333063
v -0.191009 1.795215 0.428767
v -0.338162 1.828447 0.480009
v -0.339176 1.851435 0.428419
v -0.320245 1.832139 0.365629
v -0.401655 1.949214 0.428957
v -0.339176 1.851435 0.428419
v -0.401570 1.917492 0.494128
v -0.388120 1.997387 0.319099
v -0.381017 1.910558 0.346482
v -0.413333 1.993769 0.522565
v -0.406331 2.059541 0.453333
v -0.364990 2.025238 0.210519
v -0.378795 1.951502 0.268145
v -0.368617 1.877829 0.308116
v -0.367366 2.082713 0.277347
v -0.138840 1.910147 -0.198974
v -0.227914 2.090194 -0.037982
v -0.123185 2.106167 -0.074001
v -0.132822 2.034158 -0.130090
v -0.314683 1.988236 -0.028601
v -0.295733 2.062939 0.022691
v -0.209057 2.173189 0.041066
v -0.111105 2.189313 0.010678
v -0.244698 2.013360 -0.094402
v -0.256919 1.895714 -0.159534
v -0.138840 1.910147 -0.198974
v -0.333477 1.869604 -0.088497
v -0.369497 1.839356 -0.006518
v -0.350709 1.954303 0.047404
v -0.336728 2.021778 0.093449
v -0.360989 1.965939 0.160797
v -0.360709 1.906722 0.116837
v -0.331020 2.091774 0.148447
v -0.280702 2.138827 0.094735
v -0.365960 1.810608 0.071078
v -0.366966 1.904506 0.222105
v -0.351874 1.856597 0.181898
v -0.340871 1.782526 0.146553
v -0.331392 1.817616 0.238245
v -0.353111 1.849086 0.268044
v -0.312236 1.757278 0.214331
v -0.331392 1.817616 0.238245
v -0.294114 1.804049 0.303233
v -0.353111 1.849086 0.268044
v -0.273528 1.783059 0.286771
v -0.308684 1.818122 0.333063
v -0.368617 1.877829 0.308116
v -0.273528 1.783059 0.286771
v -0.312236 1.757278 0.214331
v -0.254201 1.735361 0.273784
v -0.331392 1.817616 0.238245
v -0.273528 1.783059 0.286771
v -0.254201 1.735361 0.273784
v -0.294114 1.804049 0.303233
v -0.320245 1.832139 0.365629
v -0.357336 2.149945 0.463640
v -0.390432 2.071250 0.541423
v -0.357193 2.142404 0.554232
v -0.320931 2.146413 0.255153
v -0.292891 2.227705 0.494132
v -0.325732 2.204836 0.581528
v -0.292242 2.174618 0.771219
v -0.335325 2.202564 0.748590
v -0.313261 2.192304 0.725010
v -0.287396 2.177437 0.706795
v -0.264010 2.160691 0.757481
v -0.325848 2.190718 0.783747
v -0.350823 2.211319 0.739457
v -0.338580 2.191648 0.668127
v -0.347057 2.198836 0.790562
v -0.406345 2.023212 0.554472
v -0.338580 2.191648 0.668127
v -0.315154 2.227005 0.611279
v -0.351440 2.119543 0.617850
v -0.390432 2.071250 0.541423
v -0.351440 2.119543 0.617850
v -0.357193 2.142404 0.554232
v -0.370586 2.037567 0.613933
v -0.406345 2.023212 0.554472
v -0.331056 1.795986 0.536418
v -0.320146 1.772523 0.586172
v -0.094994 2.259156 0.189224
v -0.183588 2.237645 0.204616
v -0.123320 2.241791 0.592115
v -0.203073 2.226396 0.668844
v -0.113214 2.219679 0.669622
v -0.143477 2.257608 0.481770
v -0.259380 2.211153 0.220607
v -0.218744 2.248315 0.481482
v -0.207148 2.241113 0.588151
v -0.265414 1.702364 0.772342
v -0.278583 1.723435 0.720291
v -0.246106 1.682973 0.826944
v -0.213555 1.670308 0.879878
v -0.306883 1.756905 0.630723
v -0.292717 1.741328 0.674453
v -0.282765 1.742911 0.856450
v -0.304026 1.763455 0.804053
v -0.246106 1.682973 0.826944
v -0.213555 1.670308 0.879878
v -0.250249 1.724891 0.905458
v -0.173280 1.663600 0.933344
v -0.274904 1.804615 0.884158
v -0.250249 1.724891 0.905458
v -0.247811 1.784320 0.933152
v -0.282765 1.742911 0.856450
v -0.218426 1.715143 0.948192
v -0.222275 1.769177 0.981194
v -0.206239 1.822591 0.985783
v -0.223176 1.836136 0.948593
v -0.297324 1.827653 0.833868
v -0.304026 1.763455 0.804053
v -0.164711 1.700712 0.988955
v -0.199243 1.719626 0.981876
v -0.200536 1.749758 1.005862
v -0.218426 1.715143 0.948192
v -0.093557 2.038129 0.889317
v -0.085733 1.977419 0.922577
v -0.106017 2.100765 0.853910
v -0.131699 1.972270 0.922993
v -0.177616 2.114361 0.858786
v -0.152730 2.042034 0.891089
v 0.000003 1.951825 0.953321
v -0.042198 1.946542 0.954588
v -0.321010 1.785175 0.752997
v -0.265414 1.702364 0.772342
v -0.304026 1.763455 0.804053
v -0.278583 1.723435 0.720291
v -0.318928 1.850169 0.784499
v -0.321010 1.785175 0.752997
v -0.247120 1.854144 0.899935
v -0.275270 1.876106 0.850144
v -0.343572 1.868905 0.738268
v -0.340692 1.804579 0.706907
v -0.265414 1.702364 0.772342
v -0.305322 1.896673 0.800804
v -0.334970 1.910349 0.753481
v -0.316427 1.929929 0.754988
v -0.254461 1.916698 0.856775
v -0.284025 1.936026 0.808043
v -0.214647 1.904911 0.905100
v -0.251493 1.957507 0.857794
v -0.194503 1.878098 0.952361
v -0.153151 1.805785 1.028323
v -0.184607 1.830170 1.008425
v -0.179930 1.805943 1.018782
v -0.184901 1.774714 1.023305
v -0.165734 1.749327 1.028222
v -0.166242 1.867540 1.000598
v -0.199107 1.813973 1.001161
v -0.179930 1.805943 1.018782
v -0.184607 1.830170 1.008425
v -0.181841 1.816855 1.001890
v -0.182126 1.781167 1.011572
v -0.184901 1.774714 1.023305
v -0.178885 1.801281 1.008615
v -0.164160 1.804625 0.980204
v -0.162031 1.791906 0.985844
v -0.161039 1.915342 0.957273
v -0.179953 1.907713 0.945045
v -0.208871 1.784854 1.001289
v -0.173280 1.663600 0.933344
v -0.084399 1.935884 0.957123
v -0.126601 1.925147 0.959659
v -0.084399 1.935884 0.957123
v -0.083064 1.916454 0.978555
v -0.126601 1.925147 0.959659
v -0.087701 1.653932 0.979386
v -0.173280 1.663600 0.933344
v -0.199342 1.769747 1.013074
v -0.208871 1.784854 1.001289
v -0.191393 1.777975 1.004960
v -0.197476 1.787732 0.997325
v -0.199342 1.769747 1.013074
v -0.182126 1.781167 1.011572
v -0.199342 1.769747 1.013074
v -0.184901 1.774714 1.023305
v -0.191393 1.777975 1.004960
v -0.112568 1.898311 0.991581
v -0.112568 1.898311 0.991581
v -0.395407 1.991808 0.609844
v -0.359687 1.978324 0.660463
v -0.405212 1.946544 0.591696
v -0.380823 1.957144 0.659835
v -0.361156 1.927124 0.706913
v -0.342848 1.943513 0.707452
v -0.389398 1.912858 0.646286
v -0.361156 1.927124 0.706913
v -0.368110 1.888411 0.692950
v -0.379523 1.843140 0.616935
v -0.360916 1.823058 0.662466
v -0.312080 2.159459 0.660242
v -0.264010 2.160691 0.757481
v -0.287396 2.177437 0.706795
v -0.250648 2.124273 0.739351
v -0.271711 2.140703 0.688382
v -0.280185 2.065143 0.664199
v -0.261654 2.041182 0.713621
v -0.312080 2.159459 0.660242
v -0.293897 2.133445 0.657140
v -0.351440 2.119543 0.617850
v -0.329175 2.102821 0.628712
v -0.301667 2.086453 0.629879
v -0.359687 1.978324 0.660463
v -0.315985 1.943170 0.698350
v -0.331881 1.979207 0.651368
v -0.316427 1.929929 0.754988
v -0.289485 1.930678 0.746212
v -0.342848 1.943513 0.707452
v -0.286831 1.963298 0.695176
v -0.336502 2.033892 0.622431
v -0.359687 1.978324 0.660463
v -0.331881 1.979207 0.651368
v -0.313887 2.035363 0.628353
v -0.370586 2.037567 0.613933
v -0.286831 1.963298 0.695176
v -0.303387 1.996085 0.647564
v -0.315985 1.943170 0.698350
v -0.121062 2.203164 0.724677
v -0.280497 2.237984 0.590949
v -0.298079 2.231630 0.678865
v -0.276979 2.234960 0.737828
v -0.203762 2.219524 0.729291
v -0.129524 2.182545 0.768639
v -0.267951 2.226472 0.785950
v -0.202927 2.205643 0.777267
v -0.194280 2.169668 0.820674
v -0.121257 2.148673 0.812695
v -0.259229 2.192044 0.825341
v -0.309307 2.241734 0.795497
v -0.298118 2.215112 0.822812
v -0.331187 2.241405 0.745124
v -0.313497 2.245625 0.758122
v -0.315154 2.227005 0.611279
v -0.177616 2.114361 0.858786
v -0.106017 2.100765 0.853910
v -0.259229 2.192044 0.825341
v -0.307775 2.195251 0.833495
v -0.254568 2.131697 0.859835
v -0.194280 2.169668 0.820674
v -0.314407 2.164536 0.833326
v -0.267848 2.087509 0.860629
v -0.202823 2.035718 0.891305
v -0.321010 1.785175 0.752997
v -0.340692 1.804579 0.706907
v -0.278583 1.723435 0.720291
v -0.292717 1.741328 0.674453
v -0.360916 1.823058 0.662466
v -0.306883 1.756905 0.630723
v -0.379523 1.843140 0.616935
v -0.389398 1.912858 0.646286
v -0.393935 1.872625 0.562748
v -0.379523 1.843140 0.616935
v -0.405212 1.946544 0.591696
v -0.331056 1.795986 0.536418
v -0.338162 1.828447 0.480009
v -0.320146 1.772523 0.586172
v -0.320146 1.772523 0.586172
v -0.330586 2.220476 0.673179
v -0.346536 2.227114 0.738603
v -0.331643 2.236370 0.798069
v -0.346608 2.218065 0.795879
v -0.350823 2.211319 0.739457
v -0.346608 2.218065 0.795879
v -0.346536 2.227114 0.738603
v -0.330586 2.220476 0.673179
v -0.347057 2.198836 0.790562
v -0.346608 2.218065 0.795879
v -0.298118 2.215112 0.822812
v -0.331643 2.236370 0.798069
v -0.309307 2.241734 0.795497
v -0.315331 2.142835 0.824721
v -0.276655 2.123522 0.810248
v -0.265644 2.049142 0.847322
v -0.347057 2.198836 0.790562
v -0.307866 2.149704 0.810179
v -0.246600 2.051352 0.825975
v -0.264010 2.160691 0.757481
v -0.250809 2.113327 0.801457
v -0.325848 2.190718 0.783747
v -0.292242 2.174618 0.771219
v -0.347057 2.198836 0.790562
v -0.315331 2.142835 0.824721
v -0.265644 2.049142 0.847322
v -0.235498 1.974656 0.877627
v -0.224843 2.006991 0.887801
v -0.237273 2.088035 0.784496
v -0.242994 2.016683 0.760134
v -0.286831 1.963298 0.695176
v -0.303387 1.996085 0.647564
v -0.262292 1.947849 0.742713
v -0.237273 2.088035 0.784496
v -0.242994 2.016683 0.760134
v -0.237025 2.047590 0.805630
v -0.235432 1.997735 0.797203
v -0.262292 1.947849 0.742713
v -0.251474 1.958371 0.776501
v -0.250192 1.990444 0.818277
v -0.301667 2.086453 0.629879
v -0.313887 2.035363 0.628353
v -0.284025 1.936026 0.808043
v -0.263761 1.945214 0.788372
v -0.262292 1.947849 0.742713
v -0.251474 1.958371 0.776501
v -0.370586 2.037567 0.613933
v -0.338580 2.191648 0.668127
v -0.235432 1.997735 0.797203
v -0.263477 1.981469 0.834693
v -0.263761 1.945214 0.788372
v -0.284025 1.936026 0.808043
v -0.251474 1.958371 0.776501
v -0.250648 2.124273 0.739351
v -0.264010 2.160691 0.757481
v -0.193008 1.940927 0.915714
v -0.170628 1.961950 0.921420
v -0.263477 1.981469 0.834693
v -0.325732 2.204836 0.581528
v -0.292891 2.227705 0.494132
v -0.395407 1.991808 0.609844
v -0.181841 1.816855 1.001890
v -0.199107 1.813973 1.001161
v -0.191165 1.806495 0.997212
v -0.184607 1.830170 1.008425
v -0.208871 1.784854 1.001289
v -0.197476 1.787732 0.997325
v -0.177150 1.780936 0.976627
v -0.171798 1.796223 0.976415
v -0.197476 1.787732 0.997325
v -0.160211 1.776758 0.962414
v -0.152302 1.785167 0.955870
v -0.191165 1.806495 0.997212
v -0.164160 1.804625 0.980204
v -0.191165 1.806495 0.997212
v -0.171798 1.796223 0.976415
v -0.181841 1.816855 1.001890
v -0.152066 1.791480 0.964603
v -0.152302 1.785167 0.955870
v -0.177150 1.780936 0.976627
v -0.172424 1.772948 0.982982
v -0.153072 1.767712 0.960951
v -0.143978 1.775338 0.952679
v -0.145139 1.781912 0.963019
v -0.152302 1.785167 0.955870
v -0.143978 1.775338 0.952679
v -0.152066 1.791480 0.964603
v -0.145139 1.781912 0.963019
v -0.152066 1.791480 0.964603
v -0.153072 1.767712 0.960951
v -0.152687 1.773379 0.969780
v -0.143978 1.775338 0.952679
v -0.182126 1.781167 1.011572
v -0.172424 1.772948 0.982982
v -0.191393 1.777975 1.004960
v -0.164943 1.775525 0.988411
v -0.191393 1.777975 1.004960
v -0.172424 1.772948 0.982982
v -0.197476 1.787732 0.997325
v -0.177150 1.780936 0.976627
v -0.152687 1.773379 0.969780
v -0.153072 1.767712 0.960951
v -0.164943 1.775525 0.988411
v -0.320931 2.146413 0.255153
v -0.121257 2.148673 0.812695
v -0.121062 2.203164 0.724677
v -0.129524 2.182545 0.768639
v -0.106017 2.100765 0.853910
v -0.113214 2.219679 0.669622
v -0.209057 2.173189 0.041066
v -0.123185 2.106167 -0.074001
v -0.280702 2.138827 0.094735
v -0.259380 2.211153 0.220607
v -0.320245 1.832139 0.365629
v -0.381017 1.910558 0.346482
v -0.294114 1.804049 0.303233
v 0.379474 1.975663 0.685300
v 0.398490 2.022702 0.720519
v 0.381110 1.978763 0.721490
v 0.398858 2.024672 0.684217
v 0.388577 2.022527 0.755587
v 0.374387 1.986649 0.756379
v 0.348232 1.958463 0.762784
v 0.343745 1.937158 0.694049
v 0.369589 1.977561 0.650276
v 0.389657 2.028298 0.649155
v 0.205617 2.065739 0.573949
v 0.241378 2.059810 0.564543
v 0.236184 2.046678 0.564833
v 0.236252 2.086398 0.569982
v 0.241402 2.073758 0.566351
v 0.268268 2.027776 0.565093
v 0.249774 2.007845 0.569621
v 0.226611 2.036361 0.567177
v 0.369796 2.024154 0.787031
v 0.338296 2.014298 0.812924
v 0.359763 1.998785 0.787591
v 0.328660 2.004026 0.815342
v 0.345666 2.039441 0.592060
v 0.371603 2.085390 0.624470
v 0.371514 2.033336 0.617722
v 0.328286 1.995500 0.593031
v 0.313873 2.046197 0.573918
v 0.352130 1.984327 0.618804
v 0.296253 1.960979 0.600875
v 0.299682 2.010320 0.574710
v 0.316401 1.945823 0.627553
v 0.278302 2.053145 0.564533
v 0.273527 1.982134 0.581115
v 0.398946 2.076724 0.690965
v 0.341268 1.978854 0.792120
v 0.388642 2.060632 0.760527
v 0.389657 2.028298 0.649155
v 0.369589 1.977561 0.650276
v 0.389749 2.082187 0.656141
v 0.343427 2.027475 0.812708
v 0.311266 2.032263 0.830867
v 0.338296 2.014298 0.812924
v 0.369842 2.051099 0.790524
v 0.343451 2.041423 0.814516
v 0.323648 2.012161 0.819814
v 0.369796 2.024154 0.787031
v 0.254442 1.941178 0.614421
v 0.239389 1.965929 0.592157
v 0.225634 1.996387 0.577429
v 0.369589 1.977561 0.650276
v 0.316401 1.945823 0.627553
v 0.352130 1.984327 0.618804
v 0.269767 1.923698 0.642642
v 0.296253 1.960979 0.600875
v 0.332600 1.937699 0.659333
v 0.379474 1.975663 0.685300
v 0.343745 1.937158 0.694049
v 0.349077 1.944241 0.729334
v 0.317128 1.967395 0.799927
v 0.314094 1.942258 0.773826
v 0.205617 2.065739 0.573949
v 0.200719 2.099907 0.585433
v 0.214234 2.100550 0.580310
v 0.226712 2.095806 0.574884
v 0.188224 2.093976 0.589474
v 0.178650 2.083658 0.591819
v 0.173456 2.070527 0.592109
v 0.173433 2.056579 0.590301
v 0.236252 2.086398 0.569982
v 0.178583 2.043939 0.586669
v 0.188123 2.034531 0.581768
v 0.200600 2.029788 0.576342
v 0.214115 2.030429 0.571219
v 0.236184 2.046678 0.564833
v 0.226611 2.036361 0.567177
v 0.316164 1.998094 0.819383
v 0.284321 1.914782 0.674949
v 0.246672 1.912624 0.728253
v 0.232102 1.912344 0.694768
v 0.297111 1.915023 0.709132
v 0.262043 1.922245 0.760001
v 0.349077 1.944241 0.729334
v 0.307266 1.924395 0.742857
v 0.214115 2.030429 0.571219
v 0.219328 1.921436 0.661834
v 0.314094 1.942258 0.773826
v 0.291019 1.966154 0.809825
v 0.277169 1.940502 0.787823
v 0.348232 1.958463 0.762784
v 0.316164 1.998094 0.819383
v 0.323648 2.012161 0.819814
v 0.314341 2.010810 0.823657
v 0.328660 2.004026 0.815342
v 0.302649 1.997452 0.824507
v 0.254442 1.941178 0.614421
v 0.209219 1.939035 0.631569
v 0.202464 1.964173 0.606154
v 0.239389 1.965929 0.592157
v 0.225634 1.996387 0.577429
v 0.199525 1.995145 0.587327
v 0.239389 1.965929 0.592157
v 0.202464 1.964173 0.606154
v 0.175420 2.004310 0.597808
v 0.296203 2.010794 0.830200
v 0.290171 2.002196 0.829932
v 0.305866 2.010448 0.826882
v 0.317128 1.967395 0.799927
v 0.183893 1.930627 0.715707
v 0.172761 1.938992 0.682006
v 0.167469 1.954854 0.649695
v 0.168375 1.977133 0.620977
v 0.220293 1.938116 0.778154
v 0.243080 1.953462 0.802646
v 0.200105 1.930328 0.748501
v 0.291019 1.966154 0.809825
v 0.266914 1.975319 0.820306
v 0.317128 1.967395 0.799927
v 0.277169 1.940502 0.787823
v 0.280631 2.011604 0.834834
v 0.243080 1.953462 0.802646
v 0.248484 1.993493 0.829775
v 0.217016 1.979165 0.816037
v 0.220293 1.938116 0.778154
v 0.168375 1.977133 0.620977
v 0.156990 2.022484 0.607277
v 0.137158 1.974103 0.700298
v 0.135547 1.986334 0.666096
v 0.188371 1.969596 0.794555
v 0.147033 1.966976 0.734644
v 0.238535 2.017912 0.836791
v 0.135547 1.986334 0.666096
v 0.142312 2.002836 0.634368
v 0.167469 1.954854 0.649695
v 0.164501 1.965439 0.766793
v 0.171138 2.011891 0.806706
v 0.188371 1.969596 0.794555
v 0.145280 2.012613 0.780346
v 0.164501 1.965439 0.766793
v 0.202946 2.013698 0.825958
v 0.171217 2.058561 0.812756
v 0.147041 2.046903 0.614292
v 0.280631 2.011604 0.834834
v 0.311266 2.032263 0.830867
v 0.275481 2.024244 0.838465
v 0.296203 2.010794 0.830200
v 0.275505 2.038191 0.840273
v 0.238581 2.044856 0.840283
v 0.238535 2.017912 0.836791
v 0.118314 2.028629 0.678246
v 0.137158 1.974103 0.700298
v 0.117937 2.021276 0.713850
v 0.128241 2.037369 0.644289
v 0.128306 2.075475 0.649229
v 0.147033 1.966976 0.734644
v 0.127134 2.015813 0.748674
v 0.127226 2.069704 0.755661
v 0.118393 2.075299 0.684297
v 0.127134 2.015813 0.748674
v 0.147033 1.966976 0.734644
v 0.203010 2.051804 0.830898
v 0.147087 2.073848 0.617786
v 0.145369 2.064665 0.787094
v 0.238581 2.044856 0.840283
v 0.188597 2.102501 0.811786
v 0.280699 2.051323 0.839983
v 0.248615 2.070225 0.839723
v 0.217200 2.087681 0.830106
v 0.157120 2.099216 0.617225
v 0.118025 2.073331 0.720599
v 0.147294 2.120441 0.754540
v 0.280699 2.051323 0.839983
v 0.142496 2.111353 0.648437
v 0.137409 2.122339 0.719516
v 0.127226 2.069704 0.755661
v 0.164753 2.113674 0.786011
v 0.200481 2.152179 0.777263
v 0.267109 2.090157 0.835195
v 0.243356 2.115868 0.823701
v 0.135773 2.119239 0.683326
v 0.175615 2.119147 0.612696
v 0.173138 2.160843 0.710767
v 0.168651 2.139539 0.642032
v 0.147294 2.120441 0.754540
v 0.220630 2.137022 0.803941
v 0.296172 2.053383 0.835735
v 0.262441 2.156869 0.790418
v 0.167806 2.153761 0.675482
v 0.277494 2.132073 0.812660
v 0.290272 2.061640 0.837639
v 0.291249 2.101615 0.827387
v 0.199755 2.130606 0.604889
v 0.164753 2.113674 0.786011
v 0.200481 2.152179 0.777263
v 0.147294 2.120441 0.754540
v 0.247116 2.174314 0.762180
v 0.184283 2.160303 0.745483
v 0.137409 2.122339 0.719516
v 0.232562 2.183220 0.729868
v 0.173138 2.160843 0.710767
v 0.219772 2.182979 0.695684
v 0.167806 2.153761 0.675482
v 0.220630 2.137022 0.803941
v 0.262441 2.156869 0.790418
v 0.284781 2.185704 0.710072
v 0.270211 2.185378 0.676563
v 0.302767 2.067572 0.833597
v 0.317358 2.102856 0.817489
v 0.202789 2.155744 0.630991
v 0.225864 2.131848 0.594991
v 0.254840 2.175758 0.644816
v 0.209617 2.173608 0.661959
v 0.296172 2.053383 0.835735
v 0.305799 2.054974 0.832623
v 0.316283 2.068214 0.828474
v 0.202789 2.155744 0.630991
v 0.168651 2.139539 0.642032
v 0.239714 2.157500 0.616993
v 0.314419 2.133829 0.798662
v 0.307664 2.159019 0.773275
v 0.297555 2.176714 0.743059
v 0.332990 2.167375 0.689109
v 0.348508 2.120868 0.783839
v 0.349414 2.143147 0.755121
v 0.314447 2.055059 0.829350
v 0.323944 2.054879 0.825201
v 0.273803 2.144540 0.602170
v 0.316778 2.167674 0.656315
v 0.314419 2.133829 0.798662
v 0.239714 2.157500 0.616993
v 0.296590 2.159885 0.626662
v 0.277494 2.132073 0.812660
v 0.328512 2.128405 0.610261
v 0.369850 2.131026 0.670172
v 0.352382 2.132563 0.638023
v 0.344122 2.159009 0.722810
v 0.379726 2.123898 0.704518
v 0.226712 2.095806 0.574884
v 0.225864 2.131848 0.594991
v 0.249969 2.122684 0.584510
v 0.214234 2.100550 0.580310
v 0.239714 2.157500 0.616993
v 0.273803 2.144540 0.602170
v 0.328760 2.063471 0.823049
v 0.341463 2.093693 0.807008
v 0.374571 2.095165 0.770448
v 0.348508 2.120868 0.783839
v 0.316283 2.068214 0.828474
v 0.328760 2.063471 0.823049
v 0.317358 2.102856 0.817489
v 0.323944 2.054879 0.825201
v 0.338300 2.054063 0.818147
v 0.359893 2.075518 0.797539
v 0.314419 2.133829 0.798662
v 0.381336 2.111668 0.738720
v 0.349414 2.143147 0.755121
v 0.268399 2.104509 0.575041
v 0.398569 2.069372 0.726570
v 0.369842 2.051099 0.790524
v 0.299867 2.118837 0.588779
v 0.296590 2.159885 0.626662
v 0.328512 2.128405 0.610261
v 0.345745 2.086110 0.598110
v 0.313937 2.084303 0.578858
v 0.278348 2.080090 0.568026
v 0.379726 2.123898 0.704518
v 0.344122 2.159009 0.722810
v 0.369850 2.131026 0.670172
v 0.352382 2.132563 0.638023
v 0.389749 2.082187 0.656141
v 0.369850 2.131026 0.670172
v 0.338300 2.054063 0.818147
v 0.314447 2.055059 0.829350
v 0.305799 2.054974 0.832623
v 0.323944 2.054879 0.825201
v 0.323944 2.054879 0.825201
v 0.323648 2.012161 0.819814
v 0.305866 2.010448 0.826882
v 0.314341 2.010810 0.823657
v 0.323648 2.012161 0.819814
v -0.379469 1.975660 0.685303
v -0.398485 2.022700 0.720522
v -0.398853 2.024669 0.684221
v -0.381105 1.978761 0.721493
v -0.369585 1.977559 0.650279
v -0.205614 2.065737 0.573950
v -0.226607 2.036360 0.567179
v -0.236181 2.046677 0.564835
v -0.214112 2.030428 0.571220
v -0.200596 2.029787 0.576344
v -0.188119 2.034530 0.581769
v -0.178579 2.043938 0.586671
v -0.173452 2.070526 0.592110
v -0.173429 2.056578 0.590302
v -0.241375 2.059808 0.564545
v -0.241399 2.073756 0.566353
v -0.236248 2.086396 0.569984
v -0.226708 2.095804 0.574885
v -0.214231 2.100549 0.580311
v -0.200716 2.099905 0.585434
v -0.188220 2.093975 0.589476
v -0.178647 2.083657 0.591820
v -0.369791 2.024151 0.787033
v -0.359757 1.998783 0.787594
v -0.338290 2.014296 0.812926
v -0.328654 2.004024 0.815345
v -0.328282 1.995498 0.593033
v -0.371510 2.033333 0.617725
v -0.345662 2.039439 0.592063
v -0.299679 2.010318 0.574713
v -0.296248 1.960978 0.600877
v -0.316397 1.945821 0.627556
v -0.313869 2.046195 0.573921
v -0.371599 2.085387 0.624473
v -0.345741 2.086108 0.598113
v -0.273523 1.982132 0.581117
v -0.389653 2.028296 0.649158
v -0.352126 1.984324 0.618807
v -0.398942 2.076722 0.690969
v -0.389745 2.082185 0.656145
v -0.374382 1.986646 0.756382
v -0.388572 2.022524 0.755590
v -0.341262 1.978852 0.792123
v -0.388637 2.060629 0.760530
v -0.313869 2.046195 0.573921
v -0.278299 2.053144 0.564535
v -0.299679 2.010318 0.574713
v -0.268265 2.027774 0.565095
v -0.381105 1.978761 0.721493
v -0.398485 2.022700 0.720522
v -0.343421 2.027473 0.812710
v -0.338290 2.014296 0.812926
v -0.311260 2.032260 0.830870
v -0.369791 2.024151 0.787033
v -0.323643 2.012158 0.819817
v -0.273523 1.982132 0.581117
v -0.249770 2.007843 0.569624
v -0.239384 1.965928 0.592159
v -0.225630 1.996385 0.577431
v -0.369585 1.977559 0.650279
v -0.316397 1.945821 0.627556
v -0.332595 1.937696 0.659336
v -0.296248 1.960978 0.600877
v -0.269762 1.923696 0.642644
v -0.352126 1.984324 0.618807
v -0.284316 1.914780 0.674951
v -0.379469 1.975660 0.685303
v -0.348226 1.958460 0.762787
v -0.381105 1.978761 0.721493
v -0.349071 1.944239 0.729337
v -0.343740 1.937156 0.694051
v -0.374382 1.986646 0.756382
v -0.307260 1.924393 0.742860
v -0.314088 1.942255 0.773828
v -0.297106 1.915020 0.709134
v -0.348226 1.958460 0.762787
v -0.316158 1.998092 0.819386
v -0.317122 1.967393 0.799930
v -0.302642 1.997450 0.824509
v -0.323643 2.012158 0.819817
v -0.291013 1.966152 0.809827
v -0.314088 1.942255 0.773828
v -0.273523 1.982132 0.581117
v -0.254437 1.941176 0.614423
v -0.239384 1.965928 0.592159
v -0.209214 1.939034 0.631571
v -0.219322 1.921434 0.661835
v -0.202460 1.964171 0.606156
v -0.232097 1.912342 0.694769
v -0.246666 1.912622 0.728255
v -0.262037 1.922243 0.760003
v -0.277163 1.940500 0.787826
v -0.199521 1.995144 0.587329
v -0.202460 1.964171 0.606156
v -0.277163 1.940500 0.787826
v -0.314335 2.010808 0.823660
v -0.305860 2.010446 0.826884
v -0.175416 2.004309 0.597810
v -0.290165 2.002194 0.829935
v -0.296197 2.010792 0.830202
v -0.167464 1.954853 0.649696
v -0.172756 1.938991 0.682007
v -0.183887 1.930625 0.715708
v -0.168371 1.977132 0.620978
v -0.220287 1.938115 0.778156
v -0.243074 1.953460 0.802648
v -0.200099 1.930326 0.748503
v -0.266908 1.975317 0.820309
v -0.243074 1.953460 0.802648
v -0.168371 1.977132 0.620978
v -0.280625 2.011602 0.834836
v -0.248478 1.993491 0.829777
v -0.156986 2.022483 0.607278
v -0.135542 1.986333 0.666097
v -0.167464 1.954853 0.649696
v -0.137152 1.974102 0.700299
v -0.147028 1.966975 0.734646
v -0.188365 1.969595 0.794557
v -0.217010 1.979164 0.816039
v -0.164495 1.965438 0.766795
v -0.238529 2.017910 0.836793
v -0.142307 2.002835 0.634369
v -0.217010 1.979164 0.816039
v -0.147037 2.046901 0.614293
v -0.128237 2.037369 0.644290
v -0.135542 1.986333 0.666097
v -0.172756 1.938991 0.682007
v -0.167464 1.954853 0.649696
v -0.137152 1.974102 0.700299
v -0.118309 2.028628 0.678247
v -0.117932 2.021276 0.713851
v -0.171132 2.011889 0.806707
v -0.217010 1.979164 0.816039
v -0.188365 1.969595 0.794557
v -0.202940 2.013697 0.825960
v -0.145275 2.012611 0.780347
v -0.171212 2.058559 0.812758
v -0.203005 2.051802 0.830900
v -0.147083 2.073846 0.617787
v -0.280625 2.011602 0.834836
v -0.275475 2.024242 0.838467
v -0.296197 2.010792 0.830202
v -0.238575 2.044854 0.840285
v -0.275499 2.038189 0.840275
v -0.128302 2.075474 0.649230
v -0.118389 2.075298 0.684298
v -0.142307 2.002835 0.634369
v -0.128237 2.037369 0.644290
v -0.118020 2.073330 0.720600
v -0.147028 1.966975 0.734646
v -0.127221 2.069703 0.755662
v -0.127129 2.015812 0.748675
v -0.164495 1.965438 0.766795
v -0.203005 2.051802 0.830900
v -0.238575 2.044854 0.840285
v -0.202940 2.013697 0.825960
v -0.145363 2.064664 0.787095
v -0.128302 2.075474 0.649230
v -0.248609 2.070224 0.839725
v -0.280693 2.051322 0.839985
v -0.217195 2.087680 0.830108
v -0.157117 2.099215 0.617226
v -0.142492 2.111352 0.648438
v -0.164748 2.113673 0.786013
v -0.147289 2.120440 0.754541
v -0.188591 2.102500 0.811787
v -0.217195 2.087680 0.830108
v -0.280693 2.051322 0.839985
v -0.142492 2.111352 0.648438
v -0.135768 2.119238 0.683327
v -0.137405 2.122338 0.719517
v -0.238529 2.017910 0.836793
v -0.200477 2.152178 0.777265
v -0.220625 2.137021 0.803943
v -0.243350 2.115866 0.823703
v -0.267104 2.090155 0.835197
v -0.290266 2.061638 0.837641
v -0.184278 2.160302 0.745484
v -0.220625 2.137021 0.803943
v -0.175611 2.119146 0.612698
v -0.168647 2.139538 0.642033
v -0.173134 2.160842 0.710769
v -0.296166 2.053381 0.835738
v -0.188591 2.102500 0.811787
v -0.199751 2.130604 0.604890
v -0.167802 2.153759 0.675484
v -0.202786 2.155742 0.630992
v -0.209613 2.173606 0.661961
v -0.173134 2.160842 0.710769
v -0.135768 2.119238 0.683327
v -0.219768 2.182977 0.695686
v -0.232558 2.183219 0.729869
v -0.168647 2.139538 0.642033
v -0.137405 2.122338 0.719517
v -0.277489 2.132071 0.812662
v -0.291243 2.101614 0.827390
v -0.302762 2.067570 0.833600
v -0.142492 2.111352 0.648438
v -0.202786 2.155742 0.630992
v -0.200477 2.152178 0.777265
v -0.184278 2.160302 0.745484
v -0.247111 2.174312 0.762182
v -0.220625 2.137021 0.803943
v -0.284777 2.185702 0.710074
v -0.297551 2.176712 0.743061
v -0.270208 2.185376 0.676565
v -0.314414 2.133827 0.798664
v -0.317353 2.102854 0.817491
v -0.225861 2.131846 0.594993
v -0.239711 2.157499 0.616995
v -0.254837 2.175756 0.644818
v -0.243350 2.115866 0.823703
v -0.262436 2.156867 0.790421
v -0.277489 2.132071 0.812662
v -0.307660 2.159017 0.773277
v -0.314414 2.133827 0.798664
v -0.316277 2.068211 0.828476
v -0.296166 2.053381 0.835738
v -0.305794 2.054971 0.832626
v -0.314441 2.055057 0.829352
v -0.239711 2.157499 0.616995
v -0.332986 2.167373 0.689112
v -0.344118 2.159007 0.722813
v -0.349410 2.143144 0.755124
v -0.348503 2.120866 0.783842
v -0.341458 2.093690 0.807011
v -0.328755 2.063468 0.823051
v -0.323939 2.054877 0.825204
v -0.273800 2.144538 0.602172
v -0.296587 2.159883 0.626664
v -0.316774 2.167672 0.656318
v -0.249965 2.122682 0.584512
v -0.273800 2.144538 0.602172
v -0.369846 2.131023 0.670175
v -0.379721 2.123896 0.704521
v -0.381332 2.111665 0.738723
v -0.268395 2.104507 0.575043
v -0.338295 2.054061 0.818150
v -0.359887 2.075515 0.797542
v -0.374566 2.095162 0.770451
v -0.348503 2.120866 0.783842
v -0.381332 2.111665 0.738723
v -0.299863 2.118834 0.588781
v -0.398564 2.069370 0.726573
v -0.369837 2.051096 0.790527
v -0.278345 2.080088 0.568028
v -0.332986 2.167373 0.689112
v -0.316774 2.167672 0.656318
v -0.369846 2.131023 0.670175
v -0.328508 2.128403 0.610263
v -0.352378 2.132561 0.638026
v -0.349410 2.143144 0.755124
v -0.296587 2.159883 0.626664
v -0.299863 2.118834 0.588781
v -0.278345 2.080088 0.568028
v -0.313934 2.084301 0.578861
v -0.273800 2.144538 0.602172
v -0.381332 2.111665 0.738723
v -0.379721 2.123896 0.704521
v -0.398564 2.069370 0.726573
v -0.268395 2.104507 0.575043
v -0.278299 2.053144 0.564535
v -0.343445 2.041420 0.814519
v -0.369837 2.051096 0.790527
v -0.338295 2.054061 0.818150
v -0.314441 2.055057 0.829352
v -0.305794 2.054971 0.832626
v -0.323939 2.054877 0.825204
v -0.305860 2.010446 0.826884
v -0.314335 2.010808 0.823660
vn 0.6439 0.3078 -0.7005
vn 0.2806 0.4141 -0.8659
vn 0.2776 0.4417 -0.8531
vn 0.6610 0.3221 -0.6777
vn -0.0000 0.3981 -0.9174
vn 0.0001 0.4322 -0.9018
vn 0.6259 0.3891 -0.6759
vn 0.0004 0.4698 -0.8828
vn 0.2763 0.4201 -0.8644
vn 0.1890 -0.3460 0.9190
vn 0.4141 -0.2771 0.8670
vn 0.4259 -0.2393 0.8725
vn 0.6593 -0.4389 0.6105
vn 0.1680 -0.2834 0.9442
vn 0.0567 -0.3213 0.9453
vn 0.2085 -0.4354 0.8758
vn 0.0677 -0.3346 0.9399
vn 0.0395 -0.3459 0.9374
vn 0.0001 -0.3291 0.9443
vn -0.0002 -0.3562 0.9344
vn 0.0629 -0.3207 0.9451
vn -0.0000 -0.3454 0.9385
vn -0.0737 -0.3342 0.9396
vn -0.0627 -0.3206 0.9451
vn 0.0712 -0.3603 0.9301
vn -0.0079 -0.2302 0.9731
vn 0.1376 -0.2423 0.9604
vn 0.2483 -0.4409 0.8625
vn 0.4757 -0.4732 0.7415
vn 0.1534 -0.2301 0.9610
vn 0.2503 -0.2116 0.9448
vn 0.5538 -0.2896 0.7807
vn 0.8174 -0.2615 0.5133
vn 0.1235 -0.4031 0.9068
vn -0.3057 0.2877 0.9076
vn -0.8043 0.1511 0.5747
vn -0.7335 0.2449 0.6341
vn 0.1890 0.0365 0.9813
vn 0.1461 0.2552 0.9558
vn -0.2079 0.0577 0.9764
vn -0.3922 0.3090 0.8664
vn -0.7044 0.0913 0.7039
vn 0.0639 0.3315 0.9413
vn -0.7644 -0.5151 -0.3877
vn -0.5966 -0.5945 -0.5391
vn -0.7791 -0.5217 -0.3476
vn -0.3128 -0.6023 -0.7345
vn -0.7008 -0.6439 -0.3070
vn -0.2924 -0.6237 -0.7249
vn 0.0777 -0.6276 -0.7747
vn 0.1458 -0.7274 -0.6706
vn 0.0005 -0.6542 -0.7563
vn -0.1320 -0.0597 0.9895
vn 0.1927 -0.0437 0.9803
vn 0.5680 0.0240 0.8227
vn -0.4576 -0.0543 0.8875
vn 0.5921 0.1195 0.7970
vn 0.5642 0.0202 0.8254
vn 0.1548 0.0769 -0.9849
vn 0.0017 0.1037 -0.9946
vn 0.1559 0.2334 -0.9598
vn 0.0015 -0.1663 -0.9861
vn 0.4948 0.2556 -0.8306
vn 0.4918 0.0657 -0.8682
vn 0.5088 0.3964 -0.7641
vn 0.0011 0.2461 -0.9692
vn -0.1908 0.3636 -0.9118
vn 0.0008 0.3379 -0.9412
vn 0.1936 0.3635 -0.9113
vn -0.0056 -1.0000 0.0066
vn 0.0950 -0.9533 0.2866
vn -0.0085 -0.9706 0.2406
vn -0.0646 -0.9958 0.0643
vn -0.0455 -0.9708 -0.2354
vn -0.0053 -0.9521 -0.3058
vn 0.0298 -0.9688 -0.2461
vn 0.0487 -0.9975 0.0505
vn -0.0036 -0.8447 -0.5352
vn 0.0365 -0.8626 -0.5046
vn -0.3218 -0.9294 -0.1808
vn -0.3866 -0.9042 0.1813
vn -0.0027 -0.9241 0.3821
vn -0.0032 -0.6774 -0.7356
vn 0.1153 -0.6796 -0.7245
vn -0.8163 -0.5566 0.1543
vn -0.1040 -0.8054 -0.5835
vn -0.0046 -0.3835 0.9235
vn 0.1868 -0.6902 0.6991
vn 0.1616 -0.3888 0.9070
vn -0.1996 -0.6885 0.6972
vn -0.0060 -0.6962 0.7179
vn -0.0054 -0.3040 0.9526
vn 0.2784 -0.6579 0.6998
vn -0.0296 -0.1949 0.9804
vn 0.2453 -0.3916 0.8869
vn 0.1764 -0.3895 0.9040
vn 0.2122 -0.6882 0.6938
vn -0.0210 0.3295 0.9439
vn 0.1035 0.1187 0.9875
vn 0.1575 -0.3067 0.9387
vn 0.2609 -0.2592 0.9299
vn 0.2549 -0.3320 0.9082
vn 0.2733 -0.1550 0.9494
vn 0.3600 -0.3169 0.8775
vn 0.1590 -0.2883 0.9442
vn 0.1363 -0.3108 0.9407
vn -0.1711 -0.3863 0.9063
vn -0.0071 -0.2848 0.9586
vn 0.9244 0.3758 0.0649
vn 0.9224 0.3534 0.1562
vn 0.9040 0.4106 0.1193
vn 0.8944 0.4416 -0.0708
vn 0.9453 0.2888 -0.1514
vn 0.9304 0.3355 0.1475
vn 0.7268 0.3173 -0.6091
vn 0.9635 0.2003 -0.1775
vn 0.8648 0.4213 -0.2730
vn 0.8596 0.4885 0.1501
vn 0.6682 0.3831 -0.6378
vn 0.7911 0.4261 -0.4389
vn 0.5671 0.4453 -0.6929
vn 0.5764 0.4259 -0.6974
vn 0.8507 0.0148 -0.5255
vn 0.7029 0.2585 -0.6627
vn 0.7837 0.0092 -0.6211
vn 0.1670 -0.2261 -0.9597
vn 0.4485 -0.4896 -0.7478
vn 0.2121 -0.4801 -0.8512
vn 0.4521 -0.3646 -0.8140
vn 0.8387 -0.2768 -0.4691
vn 0.8412 -0.3038 -0.4474
vn 0.5139 -0.4764 -0.7134
vn 0.1098 -0.7024 -0.7033
vn 0.1373 -0.7182 -0.6822
vn -0.1482 0.0736 -0.9862
vn -0.2093 -0.4952 -0.8432
vn -0.1585 -0.2362 -0.9587
vn -0.0019 -0.4102 -0.9120
vn 0.3810 0.1438 0.9133
vn 0.2263 0.0716 0.9714
vn 0.4636 0.1377 0.8753
vn 0.4949 0.0857 0.8647
vn 0.2133 0.1699 0.9621
vn 0.4270 -0.0566 0.9025
vn 0.2144 0.1296 0.9681
vn 0.4986 0.0577 0.8649
vn 0.4758 -0.0461 0.8783
vn 0.2724 -0.0919 0.9578
vn 0.3614 -0.1706 0.9167
vn 0.2639 0.0243 0.9642
vn 0.5987 0.1569 0.7854
vn 0.7836 0.1197 0.6096
vn 0.4257 -0.0077 0.9048
vn 0.6029 0.1319 0.7868
vn 0.9293 0.1034 0.3545
vn 0.9455 0.1085 0.3070
vn 0.4471 0.1051 0.8883
vn 0.9076 0.0748 0.4132
vn -0.0034 -0.6458 -0.7635
vn 0.6601 0.3836 -0.6458
vn 0.2670 0.4239 -0.8655
vn 0.6281 0.4202 -0.6549
vn 0.0008 0.4031 -0.9152
vn -0.2747 0.5285 -0.8033
vn -0.5429 0.5648 -0.6215
vn -0.2000 0.7051 -0.6803
vn -0.2779 0.4414 -0.8532
vn 0.2745 0.5293 -0.8028
vn 0.0005 0.5486 -0.8361
vn -0.2806 0.4139 -0.8660
vn -0.6261 0.3886 -0.6760
vn -0.0109 0.0511 0.9986
vn -0.0146 0.0250 0.9996
vn 0.1352 0.0391 0.9900
vn -0.1593 0.0347 0.9866
vn 0.1367 0.0250 0.9903
vn -0.0136 -0.0790 0.9968
vn 0.0850 -0.0883 0.9925
vn 0.5252 0.0709 0.8480
vn 0.2558 0.0277 0.9663
vn 0.1619 -0.0777 0.9837
vn 0.6905 0.0918 0.7175
vn 0.5685 -0.1067 0.8157
vn 0.1620 0.0277 0.9864
vn 0.1498 0.0447 0.9877
vn 0.8122 -0.0471 0.5814
vn -0.0737 -0.3615 0.9294
vn -0.1573 -0.2477 0.9560
vn 0.6699 -0.4906 0.5573
vn 0.0854 -0.3124 0.9461
vn 0.0737 -0.3342 0.9396
vn -0.0853 -0.3124 0.9461
vn -0.0000 -0.3265 0.9452
vn -0.0980 -0.3080 0.9463
vn 0.9856 0.1321 0.1054
vn 0.8567 -0.2097 0.4713
vn 0.9445 0.1761 0.2774
vn 0.9204 0.3846 0.0712
vn 0.8218 -0.3516 0.4485
vn 0.8889 -0.0189 0.4578
vn 0.9118 0.2832 0.2974
vn 0.1586 0.2976 0.9414
vn 0.3491 -0.2454 0.9044
vn 0.2746 -0.1916 0.9423
vn 0.2545 -0.2870 0.9235
vn 0.1616 -0.1833 0.9697
vn -0.0093 -0.1765 0.9843
vn -0.1666 0.0247 0.9857
vn -0.1104 -0.0866 0.9901
vn 0.0893 -0.1877 0.9782
vn 0.1150 -0.2896 0.9502
vn -0.1299 -0.2880 0.9488
vn -0.2796 0.9574 -0.0716
vn -0.1868 0.9791 -0.0800
vn -0.1929 0.9795 -0.0577
vn -0.2573 0.9602 -0.1085
vn -0.2542 0.9608 -0.1108
vn -0.0814 0.9933 -0.0822
vn -0.0790 0.9946 -0.0680
vn -0.2838 0.9566 -0.0657
vn 0.5751 0.2779 -0.7694
vn 0.7376 0.3095 -0.6000
vn 0.5466 0.0882 -0.8327
vn 0.5023 0.0001 -0.8647
vn 0.5068 -0.1812 -0.8428
vn 0.9943 -0.0535 -0.0926
vn 0.9951 -0.0723 -0.0676
vn 0.8461 -0.2894 -0.4477
vn 0.7414 -0.3413 -0.5778
vn 0.9914 -0.1212 -0.0488
vn 0.8411 -0.2946 -0.4537
vn 0.7061 -0.3636 -0.6076
vn 0.7093 -0.1176 -0.6950
vn 0.4348 -0.0174 -0.9004
vn 0.2452 -0.2374 -0.9400
vn 0.6554 -0.1535 -0.7396
vn 0.0372 0.0412 -0.9985
vn 0.1973 -0.1072 -0.9745
vn 0.7562 0.0676 0.6508
vn 0.2203 -0.9000 0.3761
vn 0.3429 -0.9021 0.2621
vn 0.2996 -0.9074 0.2947
vn 0.4683 -0.8646 0.1819
vn 0.4657 -0.8661 0.1817
vn 0.2310 -0.8936 0.3848
vn 0.3114 -0.8342 0.4552
vn 0.3739 -0.7667 0.5220
vn -0.2756 0.4202 -0.8646
vn -0.0792 0.9898 -0.1186
vn 0.1028 0.9918 -0.0765
vn -0.0940 0.9888 -0.1161
vn -0.1777 0.9759 -0.1263
vn -0.1795 0.9743 -0.1361
vn 0.8462 0.4727 -0.2459
vn 0.4524 -0.6849 0.5713
vn 0.4559 -0.6832 0.5704
vn 0.0324 0.9993 -0.0174
vn -0.0130 0.9999 0.0058
vn -0.0105 -0.9172 0.3983
vn -0.0095 -0.9553 0.2954
vn 0.1732 -0.9032 0.3926
vn 0.1873 -0.6958 0.6934
vn -0.0082 -0.7010 0.7131
vn -0.2032 -0.6927 0.6920
vn -0.1941 -0.8990 0.3925
vn 0.1534 -0.9424 0.2971
vn 0.2403 -0.8089 0.5365
vn 0.1490 -0.9145 0.3760
vn 0.0594 -0.8894 0.4532
vn 0.2347 -0.6513 0.7216
vn 0.2302 -0.8781 0.4195
vn 0.1848 -0.9298 0.3184
vn -0.0110 -0.3794 0.9252
vn 0.2291 -0.8951 0.3824
vn -0.0274 -0.1853 0.9823
vn 0.0927 -0.3006 0.9492
vn 0.0755 -0.1666 0.9831
vn 0.0026 -0.3126 0.9499
vn 0.4320 -0.0177 0.9017
vn 0.2307 -0.0350 0.9724
vn 0.4301 -0.2249 0.8743
vn 0.6677 -0.0299 0.7438
vn 0.6333 0.2235 0.7409
vn 0.3863 0.2041 0.8995
vn 0.1732 -0.2825 0.9435
vn 0.0185 -0.2783 0.9603
vn 0.2216 0.1709 0.9600
vn 0.1059 -0.0872 0.9905
vn 0.0801 0.1332 0.9879
vn -0.0177 -0.0470 0.9987
vn -0.1152 0.1208 0.9860
vn -0.1173 -0.0890 0.9891
vn -0.0461 0.1090 0.9930
vn 0.6369 -0.3148 0.7038
vn 0.8218 -0.0704 0.5654
vn 0.7339 -0.0713 0.6755
vn 0.6923 -0.4635 0.5531
vn 0.7158 0.1175 0.6883
vn 0.7043 -0.3553 0.6146
vn 0.7224 -0.5945 0.3531
vn 0.8529 0.1683 0.4941
vn 0.9254 0.3099 0.2182
vn 0.9165 0.3452 0.2023
vn 0.5423 0.5659 -0.6211
vn 0.1991 0.7070 -0.6786
vn 0.7227 0.1564 -0.6732
vn 0.5176 0.6313 -0.5775
vn -0.2670 0.4242 -0.8653
vn -0.0000 0.7289 -0.6846
vn 0.1834 0.7935 -0.5804
vn -0.1879 0.7900 -0.5836
vn 0.0005 0.8208 -0.5713
vn 0.6934 0.4673 -0.5485
vn 0.7580 0.3841 -0.5271
vn 0.8868 0.4348 -0.1567
vn 0.8884 0.4306 -0.1593
vn 0.7336 0.4503 -0.5091
vn 0.7106 0.4048 -0.5755
vn 0.5263 0.2242 0.8202
vn -0.8484 -0.3094 0.4296
vn -0.8442 -0.4149 0.3394
vn -0.9438 0.1078 0.3124
vn -0.8326 0.2488 0.4948
vn -0.7355 -0.1055 0.6692
vn -0.7378 -0.1071 0.6665
vn -0.8343 0.2672 0.4823
vn -0.4364 0.4362 0.7869
vn -0.3900 0.1908 0.9008
vn 0.0209 0.4010 0.9158
vn 0.0231 0.3013 0.9532
vn -0.7637 -0.1723 0.6221
vn -0.4013 0.2361 0.8850
vn -0.6756 -0.3057 0.6709
vn -0.6508 -0.3535 0.6720
vn -0.8218 -0.3540 0.4464
vn -0.7607 -0.2048 0.6159
vn -0.7022 -0.5296 0.4759
vn -0.8342 -0.4737 0.2822
vn 0.1821 -0.1363 0.9738
vn 0.5939 -0.0771 0.8008
vn -0.1551 -0.1506 0.9763
vn 0.1979 -0.2434 0.9495
vn 0.3451 -0.2416 0.9069
vn -0.9890 0.0474 0.1398
vn -0.9917 0.0787 -0.1014
vn -0.9818 0.1155 0.1505
vn -0.9423 0.0607 0.3294
vn -0.9802 -0.0423 0.1937
vn -0.9249 0.1555 0.3469
vn -0.9797 -0.1848 -0.0774
vn -0.7929 0.1892 0.5792
vn -0.6912 0.0123 0.7226
vn -0.7150 0.2450 0.6548
vn -0.8839 0.0940 0.4582
vn -0.9609 -0.2738 -0.0409
vn -0.8006 -0.4620 -0.3817
vn -0.8006 -0.4733 -0.3674
vn -0.7051 -0.5652 -0.4282
vn 0.9846 -0.1613 -0.0676
vn 0.8984 -0.0681 0.4338
vn 0.9655 -0.2584 -0.0314
vn 0.5312 0.2127 0.8201
vn 0.5843 0.1057 0.8046
vn 0.8973 -0.0092 0.4414
vn 0.9982 -0.0362 0.0488
vn 0.9140 0.0308 0.4045
vn 0.9282 0.0231 -0.3714
vn 0.7974 -0.4265 -0.4269
vn 0.8223 -0.3454 -0.4522
vn 0.4387 -0.6693 -0.5996
vn 0.4563 -0.5482 -0.7009
vn 0.1707 -0.0317 -0.9848
vn -0.3877 0.3648 -0.8465
vn 0.7550 -0.5041 -0.4193
vn 0.4445 -0.6702 -0.5944
vn 0.3841 0.7595 -0.5250
vn -0.1280 0.8267 -0.5478
vn -0.5601 0.7574 -0.3356
vn -0.6076 0.0076 0.7942
vn -0.5001 -0.0699 0.8632
vn -0.9562 0.1764 0.2337
vn -0.8656 0.0578 0.4975
vn 0.9894 -0.1294 -0.0661
vn 0.9016 0.0695 0.4270
vn 0.9872 -0.1571 -0.0275
vn 0.8339 -0.3340 -0.4394
vn 0.8282 -0.3713 -0.4199
vn 0.4916 -0.5400 -0.6832
vn 0.8376 -0.3830 -0.3895
vn 0.5112 -0.5528 -0.6581
vn 0.8408 -0.3478 -0.4147
vn 0.1012 -0.6503 -0.7529
vn 0.1053 -0.6121 -0.7837
vn -0.2565 -0.7151 -0.6502
vn -0.3201 -0.5909 -0.7405
vn -0.7452 -0.5093 -0.4305
vn -0.6261 -0.7485 -0.2188
vn -0.2879 -0.6894 -0.6648
vn -0.0883 -0.8717 -0.4820
vn 0.0981 -0.6208 -0.7778
vn -0.5461 -0.7013 -0.4581
vn -0.8357 0.4993 -0.2289
vn -0.9517 0.3067 0.0135
vn 0.3396 -0.4567 0.8222
vn -0.1484 -0.2183 0.9645
vn 0.8341 -0.3619 -0.4163
vn 0.7830 -0.2808 -0.5551
vn 0.7641 0.1860 0.6177
vn 0.9205 0.0882 0.3806
vn 0.5309 0.2541 0.8085
vn 0.7752 0.1531 0.6129
vn 0.5438 0.0088 0.8392
vn 0.9200 0.0767 0.3844
vn 0.8083 0.0867 0.5823
vn 0.9509 0.0161 0.3092
vn 0.9784 0.2001 -0.0518
vn 0.0743 0.7735 -0.6294
vn -0.1417 0.7945 -0.5905
vn 0.9468 -0.2704 0.1746
vn 0.8313 0.4558 -0.3183
vn 0.9847 -0.0573 -0.1646
vn 0.8727 0.1856 -0.4516
vn 0.5063 0.7095 -0.4902
vn -0.5750 -0.0965 0.8125
vn -0.6430 -0.0555 0.7639
vn -0.5883 -0.0940 0.8031
vn 0.5484 0.0330 0.8356
vn 0.5920 -0.0767 0.8023
vn 0.8502 -0.0677 0.5221
vn -0.8794 -0.2589 0.3996
vn 0.1852 -0.4871 0.8535
vn -0.1712 -0.4989 0.8496
vn -0.5874 -0.4279 0.6869
vn -0.7119 0.6131 -0.3424
vn -0.9962 0.0682 -0.0536
vn -0.4071 0.7339 -0.5437
vn -0.9828 -0.0960 0.1577
vn 0.4450 0.7719 -0.4540
vn 0.4281 0.7180 -0.5489
vn 0.8294 0.4702 -0.3017
vn 0.8555 0.2324 -0.4627
vn 0.4143 0.7286 -0.5455
vn -0.0563 0.5718 -0.8185
vn -0.9026 0.2706 -0.3348
vn -0.5570 0.4627 -0.6897
vn -0.9046 0.0048 -0.4261
vn -0.9794 -0.1381 -0.1475
vn -0.6105 0.1424 -0.7791
vn 0.5775 0.7784 0.2462
vn 0.5728 0.7007 0.4253
vn 0.5690 0.7911 0.2244
vn 0.5715 0.6958 0.4351
vn 0.4492 0.8868 0.1087
vn 0.0437 -0.9826 -0.1804
vn 0.0376 -0.9833 -0.1783
vn 0.1426 -0.9680 -0.2065
vn -0.0375 -0.9822 -0.1838
vn 0.1619 -0.9625 -0.2179
vn 0.2613 -0.9228 -0.2832
vn -0.9619 -0.2708 0.0363
vn 0.3217 -0.7828 -0.5326
vn 0.3316 -0.8424 -0.4247
vn 0.3179 -0.7766 -0.5438
vn 0.1917 -0.6999 -0.6880
vn 0.1678 -0.6906 -0.7035
vn -0.0424 -0.6527 -0.7564
vn 0.2843 -0.9031 -0.3219
vn 0.3320 -0.8526 -0.4035
vn 0.1429 -0.6842 0.7151
vn -0.5906 -0.4229 0.6873
vn -0.6144 -0.6305 0.4744
vn -0.1991 -0.7140 0.6713
vn -0.6086 -0.6418 0.4665
vn -0.8686 -0.4379 0.2318
vn -0.0231 0.9806 0.1945
vn 0.2453 0.9621 0.1190
vn 0.3489 0.9316 0.1021
vn -0.2808 0.9497 0.1386
vn -0.0231 0.9875 0.1562
vn 0.3828 0.9189 0.0950
vn 0.5447 0.8382 0.0262
vn -0.1469 0.9231 0.3555
vn 0.7195 0.6434 0.2615
vn 0.2814 0.9286 0.2420
vn 0.6728 0.7391 0.0320
vn -0.1037 0.9821 0.1573
vn 0.0158 0.9826 0.1849
vn 0.1673 0.9709 0.1714
vn 0.0966 0.2678 -0.9586
vn -0.3874 0.2757 -0.8797
vn 0.0468 0.2481 -0.9676
vn -0.7883 0.1858 -0.5865
vn -0.7920 0.1827 -0.5825
vn -0.3806 0.2806 -0.8811
vn 0.2350 0.1390 -0.9620
vn 0.9809 0.1604 -0.1100
vn 0.8599 0.1097 -0.4985
vn 0.8748 0.1882 -0.4464
vn 0.9900 0.1066 -0.0923
vn 0.9703 0.0785 -0.2289
vn 0.7623 0.1479 -0.6301
vn 0.7484 0.2133 -0.6280
vn 0.8707 -0.0031 -0.4918
vn 0.7679 0.0152 -0.6403
vn 0.7613 0.0307 -0.6476
vn 0.8746 -0.0132 -0.4847
vn 0.9756 0.0156 -0.2189
vn 0.9676 0.0173 -0.2519
vn 0.5321 0.8464 0.0202
vn 0.8815 0.4681 -0.0620
vn 0.4253 0.9010 0.0853
vn 0.9094 0.1266 -0.3963
vn 0.8487 0.3836 -0.3640
vn 0.7427 0.3125 -0.5922
vn 0.8560 0.4369 -0.2763
vn 0.7143 0.4738 -0.5151
vn 0.7263 0.4360 -0.5314
vn -0.6342 0.7007 0.3269
vn -0.5313 0.1924 0.8250
vn -0.5746 0.8141 0.0841
vn 0.8356 0.5114 0.2007
vn 0.8550 0.4327 -0.2858
vn 0.8417 0.3924 -0.3710
vn 0.9671 0.2538 0.0180
vn 0.8754 0.3006 -0.3785
vn 0.9179 0.3727 0.1358
vn 0.7277 0.5588 0.3976
vn 0.7380 0.6365 0.2241
vn 0.8587 0.4987 0.1181
vn 0.7338 0.3420 -0.5870
vn -0.1011 0.2452 -0.9642
vn 0.0860 0.2727 -0.9582
vn 0.0883 0.2697 -0.9589
vn -0.1627 0.2373 -0.9577
vn -0.6106 0.4411 -0.6577
vn -0.1644 0.4940 -0.8538
vn 0.0414 0.4884 -0.8716
vn -0.0613 0.5187 -0.8527
vn -0.5956 0.3983 -0.6976
vn -0.1617 0.4681 -0.8688
vn -0.4382 0.5071 -0.7422
vn -0.5679 0.4526 -0.6875
vn -0.8161 0.3390 -0.4681
vn -0.8895 0.2719 -0.3673
vn -0.4008 0.4932 -0.7720
vn -0.9064 0.0622 0.4178
vn -0.9262 -0.2092 0.3136
vn -0.9613 -0.0424 0.2722
vn -0.5486 0.2544 0.7965
vn -0.7533 -0.3321 0.5677
vn -0.8109 0.5406 0.2242
vn -0.5752 0.5621 0.5943
vn -0.8845 -0.3493 0.3093
vn 0.9892 0.1292 -0.0691
vn 0.9829 0.1505 -0.1057
vn 0.9867 0.1394 -0.0840
vn 0.9833 0.1473 -0.1068
vn 0.9788 0.1584 -0.1301
vn 0.9794 0.1520 -0.1328
vn 0.9919 0.0852 -0.0945
vn -0.0000 -1.0000 -0.0000
vn -0.7605 -0.6416 0.0998
vn -0.7669 -0.6369 0.0794
vn -0.7577 -0.6455 0.0962
vn -0.7658 -0.6390 0.0720
vn -0.7378 -0.6746 0.0236
vn -0.7406 -0.6702 0.0488
vn -0.7667 -0.6410 0.0360
vn -0.0350 -0.9927 -0.1158
vn -0.0384 -0.9942 -0.1000
vn -0.0098 -0.9978 -0.0653
vn -0.0191 -0.9614 -0.2743
vn -0.1252 -0.9564 -0.2640
vn 0.0178 -0.9945 -0.1033
vn 0.0212 -0.9986 -0.0484
vn -0.0205 -0.9987 -0.0456
vn -0.0006 -0.9994 -0.0336
vn 0.0253 -0.9936 -0.1104
vn 0.0132 -0.9546 -0.2976
vn -0.0025 -0.9552 -0.2959
vn 0.0575 -0.9919 -0.1130
vn 0.0226 -0.9960 -0.0861
vn 0.7476 -0.6563 -0.1016
vn 0.7676 -0.6369 -0.0715
vn 0.7640 -0.6408 -0.0752
vn 0.7506 -0.6521 0.1067
vn 0.7475 -0.6562 -0.1030
vn 0.6284 -0.6542 0.4209
vn 0.7440 -0.6441 0.1779
vn -0.1181 -0.8236 0.5547
vn 0.0654 -0.7746 0.6290
vn 0.0409 -0.7825 0.6213
vn -0.2266 -0.8384 0.4958
vn -0.1275 -0.8254 0.5500
vn -0.0087 -0.9994 -0.0322
vn -0.0167 -0.9998 -0.0075
vn -0.0026 -1.0000 0.0005
vn -0.0155 -0.9932 -0.1156
vn 0.0237 -0.9983 -0.0541
vn 0.8749 0.4790 -0.0718
vn 0.6716 0.7405 0.0227
vn 0.5324 0.8464 0.0095
vn 0.9778 0.1618 -0.1332
vn 0.9807 0.1616 -0.1097
vn 0.3439 0.9277 0.1455
vn 0.8939 0.4433 -0.0666
vn 0.9856 0.1515 -0.0746
vn 0.2008 0.1006 -0.9745
vn -0.7770 0.6104 0.1540
vn -0.2833 0.9525 0.1116
vn -0.4075 0.9095 0.0825
vn 0.2927 0.9438 0.1537
vn 0.9687 0.1787 0.1724
vn 0.9730 0.1634 0.1632
vn 0.8060 0.2046 0.5555
vn 0.8117 0.1880 0.5530
vn 0.1389 0.9700 0.1995
vn 0.9666 0.2550 0.0252
vn -0.9954 0.0642 0.0705
vn -0.9898 0.0438 0.1358
vn -0.9919 0.0434 0.1195
vn -0.9977 0.0642 0.0203
vn -0.9957 0.0642 0.0670
vn -0.9964 0.0766 0.0374
vn -0.9977 0.0657 0.0194
vn 0.0430 0.9794 0.1970
vn -0.0284 0.9859 0.1649
vn -0.2395 0.9655 0.1022
vn -0.1416 0.9818 0.1265
vn -0.9164 0.3979 0.0438
vn -0.9956 0.0823 0.0455
vn -0.9944 0.0901 0.0561
vn -0.9932 0.0981 0.0630
vn 0.8738 0.2287 -0.4292
vn 0.7467 0.2706 -0.6077
vn 0.8762 0.2999 -0.3772
vn -0.9125 0.4081 0.0278
vn -0.5548 0.8302 0.0539
vn -0.9424 0.1865 0.2776
vn -0.9609 0.2511 0.1171
vn -0.9975 0.0691 0.0175
vn -0.9954 0.0567 0.0774
vn -0.9982 0.0499 0.0326
vn -0.9758 0.1517 -0.1573
vn -0.9722 0.1230 -0.1992
vn -0.9826 0.0288 0.1834
vn -0.9945 0.0745 0.0742
vn -0.9943 -0.0086 0.1061
vn -0.9998 0.0117 -0.0168
vn -0.9892 0.0172 0.1455
vn -0.9706 0.0825 0.2261
vn -0.9702 0.0804 -0.2287
vn -0.9707 0.0672 -0.2307
vn -0.9996 0.0141 -0.0258
vn -0.9999 0.0104 -0.0088
vn -0.9694 0.0712 -0.2349
vn -0.9961 0.0131 0.0876
vn -0.9938 0.0130 0.1100
vn -0.7944 0.1825 -0.5793
vn -0.7915 0.1856 -0.5824
vn -0.7921 0.2677 -0.5485
vn -0.3826 0.3142 -0.8689
vn -0.7922 0.2081 -0.5736
vn -0.3874 0.4018 -0.8297
vn 0.0648 0.3253 -0.9434
vn -0.7906 0.2047 -0.5771
vn -0.7887 0.2691 -0.5528
vn -0.9706 0.0435 0.2369
vn 0.5744 0.2260 0.7868
vn 0.5664 0.2089 0.7972
vn -0.0489 -0.7320 -0.6796
vn -0.1701 -0.6946 -0.6990
vn -0.0680 -0.7154 -0.6954
vn 0.1472 -0.7767 -0.6125
vn 0.3070 -0.7758 -0.5513
vn 0.5500 -0.7095 -0.4407
vn 0.6532 -0.6693 -0.3541
vn 0.5831 0.2441 0.7748
vn 0.7967 0.2221 0.5620
vn 0.5744 0.2260 0.7867
vn 0.9641 0.1947 0.1804
vn 0.3362 0.2167 0.9165
vn 0.1481 0.1432 0.9785
vn 0.3128 0.2001 0.9285
vn 0.1836 0.1556 0.9706
vn 0.5831 0.2441 0.7749
vn -0.1469 0.0892 0.9851
vn -0.1849 -0.6908 -0.6990
vn -0.3992 -0.6630 -0.6333
vn 0.5743 0.2260 0.7868
vn 0.0395 -0.9987 0.0310
vn 0.0503 -0.9986 0.0151
vn 0.5868 -0.6804 0.4390
vn 0.4145 -0.7433 0.5251
vn 0.3702 -0.7499 0.5482
vn 0.2066 -0.7589 0.6175
vn 0.0390 -0.9992 0.0117
vn 0.0448 -0.9989 0.0112
vn 0.0688 -0.9937 -0.0889
vn -0.0294 -0.9745 -0.2224
vn 0.0086 -0.9982 -0.0599
vn -0.0143 -0.9637 -0.2666
vn 0.0437 -0.9614 -0.2716
vn 0.0332 -0.9994 -0.0022
vn -0.0242 -0.9995 0.0210
vn -0.0015 -1.0000 0.0087
vn 0.0011 -0.9996 0.0266
vn 0.0360 -0.9988 0.0338
vn 0.3168 -0.6589 0.6823
vn -0.1103 -0.9721 -0.2069
vn -0.0446 -0.9816 -0.1858
vn -0.1317 -0.9665 -0.2204
vn -0.1889 -0.9507 -0.2460
vn -0.5974 0.4985 -0.6282
vn -0.0325 -0.6516 -0.7579
vn -0.1864 -0.7120 -0.6770
vn -0.2167 -0.7354 -0.6420
vn -0.2802 -0.8064 -0.5208
vn -0.2895 -0.8201 -0.4936
vn -0.6376 0.1494 -0.7558
vn 0.0023 -0.9998 0.0180
vn 0.0536 -0.9981 0.0295
vn 0.0500 -0.9982 0.0329
vn 0.8730 -0.4868 0.0284
vn 0.9243 -0.2585 -0.2809
vn 0.8215 -0.0349 -0.5692
vn -0.2956 -0.8739 -0.3860
vn -0.2952 -0.8611 -0.4139
vn 0.7267 0.2898 -0.6228
vn 0.8143 -0.0050 -0.5804
vn 0.7050 0.0894 -0.7035
vn 0.7809 -0.5798 0.2326
vn 0.8529 -0.3655 0.3727
vn 0.3751 0.5933 0.7122
vn 0.3842 0.5963 0.7049
vn 0.0809 0.4983 0.8632
vn 0.0805 0.4966 0.8643
vn -0.1660 0.4941 0.8534
vn -0.1813 0.4964 0.8489
vn 0.5869 -0.6804 0.4389
vn -0.7464 -0.6524 -0.1312
vn -0.6809 -0.6259 -0.3804
vn -0.7018 -0.6346 -0.3235
vn -0.7385 -0.6655 -0.1083
vn 0.7383 -0.6283 -0.2451
vn 0.1008 -0.8038 0.5863
vn 0.2865 -0.7904 0.5415
vn 0.3545 -0.7518 0.5561
vn -0.3035 -0.7506 0.5870
vn 0.0489 -0.8136 0.5793
vn 0.4097 0.9089 0.0778
vn 0.1701 0.9850 -0.0279
vn 0.1463 0.9886 -0.0358
vn -0.1119 0.9922 -0.0542
vn -0.1127 0.9923 -0.0513
vn 0.7455 -0.6322 -0.2111
vn -0.9947 0.0884 0.0526
vn -0.9955 0.0830 0.0449
vn -0.9919 0.1062 0.0699
vn -0.9962 0.0159 0.0856
vn -0.9913 -0.0787 0.1056
vn -0.8010 0.3229 -0.5041
vn -0.8212 0.3302 -0.4654
vn -0.9840 0.1185 -0.1330
vn -0.9949 0.0634 -0.0790
vn -0.8942 0.2630 -0.3622
vn -0.0159 0.5193 -0.8545
vn -0.8009 0.3247 -0.5032
vn 0.1443 0.4959 -0.8563
vn 0.0114 0.4177 -0.9085
vn 0.1706 0.3967 -0.9020
vn 0.2282 0.2982 -0.9268
vn 0.0919 0.4976 -0.8625
vn 0.1026 -0.9042 -0.4145
vn -0.6110 0.7115 0.3470
vn -0.5745 0.6383 0.5124
vn -0.6106 0.7082 0.3545
vn -0.5796 0.6377 0.5074
vn -0.4203 0.5529 0.7194
vn 0.0344 0.4824 -0.8753
vn 0.7263 0.5710 0.3828
vn 0.7475 -0.6200 0.2383
vn 0.8425 -0.5210 0.1372
vn 0.7580 -0.6278 0.1769
vn 0.8718 -0.4723 0.1299
vn 0.9692 -0.2293 -0.0899
vn -0.9194 0.2278 -0.3205
vn -0.9981 0.0268 -0.0561
vn -0.4872 0.8652 0.1186
vn -0.5854 0.7742 0.2408
vn -0.5068 0.8514 0.1352
vn -0.5916 0.7665 0.2498
vn -0.3178 0.9480 0.0139
vn -0.3223 -0.7148 0.6206
vn -0.6303 -0.6077 0.4831
vn -0.7011 -0.3837 0.6011
vn -0.9813 -0.1517 0.1182
vn -0.5893 0.4068 -0.6980
vn -0.5566 0.4466 -0.7005
vn -0.2702 -0.9011 -0.3390
vn -0.2535 -0.9182 -0.3043
vn -0.2121 -0.9393 -0.2697
vn -0.4317 0.5559 0.7104
vn -0.0051 -0.9999 0.0160
vn -0.0396 -0.9992 0.0113
vn -0.0139 -0.9999 0.0090
vn -0.0247 -0.9997 0.0017
vn -0.0389 -0.9990 0.0222
vn -0.3092 0.9509 0.0120
vn 0.0498 -0.9987 0.0066
vn 0.0343 -0.9994 0.0078
vn 0.0359 -0.9988 0.0339
vn 0.0325 -0.9994 0.0098
vn 0.0203 -0.9997 0.0107
vn -0.0159 -0.9998 -0.0076
vn 0.0087 -1.0000 -0.0003
vn 0.0101 -0.9993 0.0354
vn 0.0655 -0.7746 0.6290
vn 0.1838 -0.7585 0.6252
vn 0.2066 -0.7589 0.6176
vn 0.0209 -0.9991 0.0358
vn 0.0121 -0.9994 0.0322
vn 0.0471 -0.9984 0.0301
vn 0.7666 -0.6392 -0.0607
vn 0.7673 -0.6390 -0.0538
vn 0.7635 -0.6363 -0.1105
vn 0.7610 -0.6348 -0.1336
vn -0.7353 -0.6770 0.0322
vn -0.7283 -0.6842 0.0369
vn -0.7489 -0.6623 0.0227
vn -0.7655 -0.6426 0.0327
vn 0.7474 -0.6325 -0.2032
vn 0.1839 -0.7585 0.6252
vn 0.0411 -0.9991 0.0104
vn 0.0405 -0.9986 0.0340
vn -0.0136 -0.9995 0.0276
vn -0.0012 -0.9999 -0.0169
vn -0.1733 0.0812 0.9815
vn 0.1481 0.1432 0.9786
vn -0.3645 0.0636 0.9290
vn -0.3791 0.0583 0.9235
vn 0.1142 0.1312 0.9848
vn 0.3128 0.2000 0.9285
vn -0.1477 -0.3099 0.9392
vn -0.3479 0.0696 0.9349
vn -0.1111 0.0982 0.9889
vn 0.7394 -0.6305 -0.2361
vn -0.4921 -0.6519 -0.5770
vn -0.6737 -0.6164 -0.4078
vn -0.7014 -0.6261 -0.3407
vn -0.7821 -0.6168 0.0885
vn -0.6425 -0.7294 -0.2350
vn -0.9756 -0.2186 0.0207
vn -0.9783 0.0076 0.2071
vn -0.7017 -0.5936 0.3940
vn -0.6800 -0.6227 0.3871
vn -0.8452 -0.4766 0.2420
vn -0.6018 -0.7139 -0.3581
vn -0.0109 -0.9466 0.3223
vn -0.2041 -0.9251 0.3202
vn -0.1134 -0.9494 0.2930
vn -0.2991 -0.9541 -0.0157
vn -0.6000 -0.7244 -0.3394
vn -0.7531 -0.4873 -0.4420
vn 0.5229 0.2669 0.8095
vn 0.1678 0.3112 0.9354
vn -0.6966 -0.5163 0.4982
vn 0.9775 -0.1672 -0.1289
vn 0.9088 0.1282 -0.3970
vn 0.8517 0.3811 -0.3597
vn -0.9147 0.0096 -0.4040
vn -0.5811 0.1711 -0.7956
vn -0.6201 0.1609 -0.7678
vn -0.9086 0.0160 -0.4173
vn -0.9839 -0.1310 -0.1219
vn -0.9825 -0.1172 -0.1449
vn -0.9734 -0.2263 0.0355
vn -0.9650 -0.2504 0.0779
vn 0.8898 -0.4492 0.0806
vn 0.8205 -0.5194 0.2386
vn 0.8972 -0.4389 0.0483
vn 0.8209 -0.5151 0.2465
vn 0.9301 -0.2825 -0.2346
vn 0.7977 -0.0981 -0.5951
vn 0.8113 -0.1190 -0.5723
vn 0.9272 -0.2574 -0.2723
vn -0.1377 0.1748 -0.9749
vn 0.0466 0.1576 -0.9864
vn -0.1735 0.1888 -0.9666
vn 0.0416 0.1498 -0.9878
vn -0.5772 0.1699 -0.7987
vn -0.6107 0.1788 -0.7714
vn -0.2505 -0.6489 0.7184
vn -0.6216 -0.5602 0.5475
vn -0.6685 -0.5353 0.5163
vn -0.2832 -0.6439 0.7108
vn 0.1103 -0.6629 0.7406
vn 0.1450 -0.6628 0.7346
vn 0.3145 -0.6495 0.6922
vn 0.3132 -0.6518 0.6907
vn -0.8961 -0.3663 0.2506
vn -0.8676 -0.3956 0.3012
vn -0.6674 -0.5397 0.5130
vn -0.6210 -0.5570 0.5515
vn 0.6515 -0.0067 -0.7586
vn 0.8057 -0.1081 -0.5824
vn 0.7900 -0.0976 -0.6053
vn 0.6507 -0.0079 -0.7593
vn 0.2912 0.1841 0.9388
vn 0.5663 0.2089 0.7973
vn 0.9771 0.1656 -0.1339
vn 0.9866 0.0934 -0.1340
vn 0.5738 -0.8179 0.0425
vn 0.3932 -0.8895 0.2327
vn 0.4118 -0.9025 -0.1265
vn 0.2627 -0.5406 0.7992
vn 0.2201 -0.8701 0.4410
vn 0.7983 -0.5147 0.3127
vn 0.2381 -0.9689 0.0669
vn 0.0253 -0.9609 0.2757
vn 0.6473 -0.5371 0.5408
vn 0.1361 0.5604 -0.8169
vn -0.2481 0.1196 -0.9613
vn 0.0319 0.3583 -0.9331
vn 0.4914 0.2753 -0.8263
vn -0.1514 0.3902 -0.9082
vn -0.4257 0.0143 -0.9048
vn 0.1967 0.0922 -0.9761
vn -0.4443 0.1938 -0.8746
vn 0.6663 0.5217 -0.5329
vn 0.4908 0.3905 -0.7789
vn 0.5013 0.3769 -0.7789
vn 0.6603 0.5324 -0.5296
vn 0.2653 0.2128 -0.9404
vn 0.4746 0.4065 -0.7807
vn 0.2551 0.2203 -0.9415
vn 0.6526 0.5475 -0.5238
vn -0.0418 0.0211 -0.9989
vn 0.3910 0.7272 -0.5642
vn 0.5058 0.8097 -0.2976
vn 0.5306 0.8204 -0.2132
vn 0.2926 0.6353 -0.7147
vn 0.4801 0.3505 -0.8041
vn 0.2008 0.1074 -0.9737
vn 0.4814 0.3187 -0.8165
vn -0.1309 0.5362 -0.8339
vn 0.2032 0.1197 -0.9718
vn -0.0754 -0.1566 -0.9848
vn 0.1608 0.7340 -0.6599
vn 0.9908 -0.0504 -0.1253
vn 0.9705 0.1438 0.1936
vn 0.9773 -0.0433 0.2076
vn 0.9772 0.1355 -0.1633
vn 0.8237 0.5383 0.1783
vn 0.7040 0.4560 0.5445
vn 0.8396 0.0760 0.5378
vn 0.8453 -0.1024 0.5244
vn -0.8823 -0.3999 -0.2482
vn -0.8222 -0.5285 -0.2115
vn -0.8817 -0.4026 -0.2460
vn -0.8055 -0.5581 -0.1993
vn -0.6805 -0.7230 -0.1188
vn -0.8784 -0.4313 -0.2059
vn -0.8782 -0.4307 -0.2079
vn -0.6806 -0.7230 -0.1188
vn -0.4846 -0.3837 -0.7861
vn -0.3770 -0.5109 -0.7726
vn -0.3525 -0.5431 -0.7621
vn -0.4843 -0.3873 -0.7845
vn -0.1905 -0.7179 -0.6696
vn 0.4858 0.3819 -0.7862
vn 0.2855 0.0769 -0.9553
vn 0.6677 0.5477 -0.5042
vn 0.3266 -0.0501 -0.9438
vn 0.5133 0.3475 -0.7847
vn 0.2640 -0.0827 -0.9610
vn 0.1582 -0.4762 -0.8650
vn 0.0760 -0.2811 -0.9567
vn 0.6977 0.5427 -0.4677
vn 0.5126 0.3624 -0.7784
vn 0.7840 0.6029 -0.1482
vn 0.8151 0.5700 -0.1037
vn 0.7227 0.5448 -0.4254
vn 0.8569 0.5111 -0.0669
vn 0.4787 0.3924 -0.7854
vn -0.0048 0.0838 0.9965
vn -0.2738 -0.6479 0.7108
vn -0.5334 -0.3717 0.7598
vn -0.2466 0.0916 0.9648
vn -0.4277 0.0691 0.9013
vn -0.1994 0.1624 0.9664
vn -0.5230 -0.6219 0.5828
vn -0.5725 -0.7622 0.3021
vn -0.2439 -0.8513 0.4646
vn -0.6682 -0.5675 0.4810
vn -0.7974 -0.5621 0.2194
vn -0.7868 -0.4478 0.4247
vn -0.3315 0.0261 0.9431
vn -0.1155 0.1127 0.9869
vn -0.1353 -0.5784 -0.8044
vn 0.0208 -0.7478 -0.6636
vn 0.0759 -0.2812 -0.9567
vn 0.0576 -0.5709 -0.8190
vn -0.0286 -0.7887 -0.6142
vn -0.1292 -0.8999 -0.4164
vn -0.1149 -0.8888 -0.4437
vn -0.3324 -0.7534 -0.5674
vn -0.3175 -0.3219 -0.8920
vn -0.0224 -0.0613 -0.9979
vn 0.2487 0.2001 -0.9477
vn 0.2640 -0.0828 -0.9610
vn -0.1862 -0.3668 -0.9115
vn -0.2294 -0.5609 -0.7955
vn 0.4176 0.4000 0.8159
vn 0.1582 0.2620 0.9520
vn 0.1278 0.2804 0.9513
vn 0.2119 0.2299 0.9499
vn 0.5332 0.2519 0.8076
vn 0.7853 0.3309 0.5233
vn 0.6778 0.4865 0.5513
vn 0.1357 0.2670 0.9541
vn -0.0047 0.0838 0.9965
vn 0.3735 0.4065 0.8338
vn -0.2465 0.0916 0.9648
vn 0.3498 0.4114 0.8417
vn 0.1562 0.2893 0.9444
vn 0.5651 0.1067 0.8181
vn -0.1154 0.1128 0.9869
vn 0.3545 0.1590 0.9214
vn -0.1993 0.1624 0.9664
vn 0.7598 0.6254 -0.1776
vn 0.7756 0.5873 0.2316
vn 0.8151 0.5700 -0.1036
vn 0.7840 0.6029 -0.1481
vn 0.7442 0.6289 0.2251
vn 0.5832 0.5469 0.6006
vn 0.6205 0.5201 0.5869
vn 0.8157 0.5309 0.2296
vn 0.8992 0.3888 0.2007
vn 0.8569 0.5111 -0.0668
vn 0.8994 0.4369 -0.0150
vn 0.7393 0.5384 -0.4044
vn 0.9453 0.2622 0.1942
vn 0.6448 0.0495 0.7627
vn 0.8421 0.1637 0.5139
vn -0.5179 -0.8527 -0.0688
vn -0.2470 -0.9638 -0.1006
vn -0.2796 -0.9597 0.0277
vn -0.5300 -0.8350 -0.1476
vn -0.2913 -0.9530 -0.0831
vn -0.5725 -0.7622 0.3020
vn -0.5301 -0.8350 -0.1476
vn -0.2079 -0.9435 -0.2579
vn -0.2470 -0.9638 -0.1007
vn -0.8055 -0.5822 -0.1102
vn -0.4715 -0.8176 -0.3305
vn -0.8293 -0.5583 -0.0224
vn -0.2187 -0.9520 -0.2141
vn -0.2079 -0.9436 -0.2579
vn -0.7147 -0.6734 -0.1891
vn -0.5673 -0.7969 -0.2075
vn -0.5464 -0.8109 -0.2095
vn -0.7148 -0.6732 -0.1896
vn -0.3283 -0.9180 -0.2225
vn -0.7142 -0.6731 -0.1922
vn -0.7143 -0.6727 -0.1929
vn -0.5020 -0.3708 -0.7814
vn -0.4757 -0.3437 -0.8097
vn -0.4982 -0.3668 -0.7857
vn -0.3558 -0.4891 -0.7964
vn -0.2871 -0.5276 -0.7995
vn -0.0681 -0.6240 -0.7784
vn -0.1345 -0.4420 0.8869
vn -0.4641 -0.4271 0.7760
vn -0.3220 -0.5836 0.7455
vn -0.6341 -0.4901 0.5981
vn -0.2672 -0.3327 0.9044
vn -0.6589 -0.4367 0.6125
vn -0.5109 -0.6534 0.5587
vn -0.2612 -0.9515 0.1627
vn 0.0574 -0.8367 0.5446
vn 0.3861 -0.5537 0.7377
vn -0.3083 -0.3046 0.9012
vn -0.4963 -0.3814 0.7799
vn 0.9162 -0.0970 -0.3889
vn 0.7146 -0.0638 -0.6966
vn 0.8846 0.0654 -0.4617
vn 0.9910 -0.0256 -0.1314
vn 0.9765 0.1396 -0.1643
vn 0.7189 0.4213 -0.5529
vn 0.8391 0.5038 -0.2052
vn 0.5988 0.7444 -0.2957
vn 0.5558 0.8229 0.1181
vn 0.5261 0.8243 -0.2093
vn 0.4758 0.7491 0.4609
vn 0.6444 0.7571 -0.1070
vn 0.6162 0.7423 0.2634
vn 0.5700 -0.3684 -0.7344
vn 0.4738 -0.2399 -0.8473
vn 0.7730 -0.2121 -0.5979
vn -0.8863 -0.4598 -0.0551
vn -0.8918 -0.4510 -0.0353
vn -0.8234 -0.4582 -0.3346
vn -0.7354 -0.5832 -0.3450
vn -0.8295 -0.4463 -0.3357
vn -0.5774 -0.5066 -0.6403
vn -0.6668 -0.3711 -0.6462
vn -0.8511 -0.3447 0.3959
vn -0.6933 -0.0489 0.7190
vn -0.6415 -0.1574 0.7508
vn -0.9070 -0.3073 0.2879
vn -0.7811 0.2746 0.5608
vn -0.8056 -0.5822 -0.1102
vn -0.8294 -0.5582 -0.0224
vn 0.3252 -0.5445 -0.7732
vn 0.1929 -0.4385 -0.8778
vn -0.8175 -0.1928 0.5426
vn -0.4381 -0.3376 0.8331
vn -0.5529 -0.0264 0.8328
vn -0.9498 -0.2376 0.2036
vn -0.9569 -0.2430 0.1591
vn -0.6396 -0.2160 0.7378
vn -0.6664 -0.5284 0.5261
vn -0.0461 0.0183 -0.9988
vn -0.0223 -0.0613 -0.9979
vn -0.3810 -0.1958 -0.9036
vn -0.3839 -0.1855 -0.9046
vn -0.0419 0.0211 -0.9989
vn -0.0461 0.0182 -0.9988
vn -0.6730 -0.3590 -0.6466
vn -0.2971 -0.7915 -0.5342
vn 0.0800 -0.7203 -0.6891
vn -0.1323 -0.8721 -0.4711
vn -0.2540 -0.9434 -0.2133
vn -0.4236 -0.8741 -0.2378
vn -0.0736 -0.6289 -0.7740
vn -0.6402 -0.5157 -0.5695
vn -0.3989 -0.3498 -0.8476
vn 0.3173 -0.5443 -0.7766
vn 0.1911 -0.4403 -0.8773
vn -0.6793 -0.0106 -0.7338
vn -0.8047 -0.1738 -0.5676
vn -0.5335 0.1371 -0.8346
vn -0.8737 -0.1793 -0.4522
vn -0.4151 0.1937 -0.8889
vn -0.8700 -0.4418 -0.2187
vn -0.9366 -0.3498 -0.0225
vn -0.6495 -0.7459 -0.1474
vn -0.8290 -0.5508 -0.0970
vn -0.5180 -0.8526 -0.0688
vn 0.7233 0.6549 0.2189
vn 0.3313 0.4309 0.8394
vn 0.5587 0.5729 0.5997
vn 0.7598 0.6254 -0.1775
vn 0.3238 0.4421 0.8365
vn 0.7174 0.6628 0.2147
vn 0.5504 0.5839 0.5967
vn 0.0821 0.3007 0.9502
vn 0.1057 0.3058 0.9462
vn 0.7513 0.6325 -0.1883
vn 0.7508 0.6317 -0.1933
vn 0.7442 0.6289 0.2250
vn -0.3053 0.0791 0.9490
vn -0.2523 0.2154 0.9434
vn 0.1453 0.4989 0.8544
vn 0.2690 0.4194 0.8670
vn 0.3412 0.1284 0.9312
vn 0.7340 -0.6469 -0.2067
vn 0.8754 -0.4774 -0.0757
vn 0.8726 -0.4868 -0.0408
vn 0.5516 -0.7489 -0.3674
vn 0.7402 -0.6283 -0.2394
vn 0.4747 -0.8622 -0.1765
vn 0.6264 -0.7794 0.0095
vn 0.0253 -0.9893 0.1434
vn 0.4416 -0.7611 0.4750
vn 0.3227 -0.8786 0.3520
vn 0.7693 -0.6233 0.1404
vn -0.1047 -0.7670 0.6330
vn 0.0187 -0.6443 0.7645
vn -0.4024 -0.8739 0.2729
vn -0.6139 -0.7814 -0.1121
vn -0.3539 -0.9088 -0.2211
vn -0.9320 -0.3326 -0.1441
vn -0.8007 -0.5720 -0.1781
vn -0.7741 -0.6005 -0.2002
vn -0.5830 -0.7863 -0.2046
vn -0.9406 -0.3112 -0.1354
vn -0.9187 -0.3630 -0.1559
vn -0.5163 -0.8197 -0.2480
vn -0.4477 -0.8246 -0.3457
vn -0.4381 -0.8213 -0.3655
vn -0.3986 -0.7983 -0.4515
vn -0.3996 -0.8003 -0.4471
vn -0.9177 -0.3651 -0.1569
vn -0.9014 -0.4011 -0.1629
vn -0.5676 0.6374 0.5212
vn -0.7653 0.4953 0.4111
vn -0.5717 0.6247 0.5319
vn -0.7674 0.5014 0.3996
vn -0.9087 0.3263 0.2604
vn -0.9111 0.2982 0.2844
vn -0.5793 0.5908 0.5616
vn -0.6035 0.4577 0.6529
vn -0.7811 0.2747 0.5608
vn -0.9112 0.3286 0.2485
vn -0.7693 0.4635 0.4397
vn -0.9214 0.2358 0.3088
vn -0.7835 0.4027 0.4733
vn -0.5892 0.5396 0.6014
vn 0.5012 -0.8499 0.1628
vn 0.7232 -0.6386 0.2629
vn 0.7162 -0.6485 0.2579
vn 0.2994 -0.9541 -0.0041
vn 0.2280 -0.9725 0.0483
vn 0.0707 -0.9165 0.3938
vn 0.5628 -0.8220 0.0874
vn 0.4500 -0.8684 -0.2084
vn 0.7481 -0.6378 0.1831
vn 0.6818 -0.7240 -0.1047
vn 0.5451 -0.7453 -0.3840
vn 0.8267 -0.5619 0.0280
vn -0.6935 -0.5713 0.4390
vn -0.4024 -0.8738 0.2729
vn -0.1864 -0.4998 0.8458
vn -0.5384 -0.3866 0.7488
vn 0.0186 -0.6443 0.7645
vn -0.7724 0.0753 0.6306
vn -0.6140 -0.7813 -0.1121
vn 0.7863 0.1466 0.6002
vn 0.7303 -0.0354 0.6822
vn 0.7862 0.1462 0.6005
vn 0.7914 0.1601 0.5900
vn 0.7922 0.1612 0.5886
vn 0.7255 -0.0473 0.6866
vn 0.6067 -0.2728 0.7466
vn 0.1705 0.3326 0.9275
vn 0.2212 0.5030 0.8355
vn 0.2208 0.5047 0.8346
vn 0.1623 0.3095 0.9369
vn 0.2144 0.5418 0.8127
vn 0.2139 0.5458 0.8102
vn 0.0808 0.0831 0.9933
vn 0.6068 -0.2728 0.7466
vn -0.8796 -0.4559 -0.1356
vn -0.8804 -0.4541 -0.1371
vn -0.9004 -0.4034 -0.1627
vn -0.9062 -0.3466 0.2422
vn -0.6140 -0.7813 -0.1122
vn -0.3954 -0.8096 -0.4338
vn -0.3954 -0.8133 -0.4268
vn -0.6139 -0.7813 -0.1122
vn -0.9062 -0.3466 0.2423
vn -0.6052 0.4599 0.6498
vn -0.8001 0.3069 0.5154
vn -0.7724 0.0754 0.6306
vn -0.5975 0.2371 0.7660
vn -0.9299 0.1347 0.3422
vn -0.8001 0.3068 0.5154
vn -0.5469 0.0191 0.8370
vn -0.5975 0.2370 0.7661
vn 0.7550 -0.2387 -0.6107
vn 0.7093 -0.6693 -0.2213
vn 0.5672 -0.3821 -0.7296
vn 0.9509 -0.0273 -0.3084
vn 0.5363 -0.7618 -0.3634
vn 0.4067 -0.9058 -0.1193
vn 0.9651 -0.2579 0.0451
vn 0.6459 -0.7634 0.0017
vn 0.8823 -0.4002 0.2477
vn 0.6421 0.1533 -0.7512
vn 0.7246 -0.0446 -0.6877
vn 0.4418 0.0655 -0.8947
vn 0.4241 0.1176 -0.8979
vn 0.6140 0.2025 -0.7629
vn 0.8684 0.0855 -0.4885
vn 0.5066 -0.1256 -0.8530
vn 0.9626 -0.2690 -0.0326
vn 0.8400 -0.3582 -0.4076
vn 0.5513 -0.3103 -0.7745
vn 0.7930 0.2367 -0.5614
vn 0.7640 0.2756 -0.5834
vn -0.5743 -0.7838 -0.2363
vn -0.7460 -0.6138 -0.2584
vn -0.5623 -0.7934 -0.2329
vn -0.7499 -0.6094 -0.2575
vn -0.1654 -0.9861 -0.0162
vn -0.2612 -0.9515 0.1626
vn -0.8102 -0.5387 -0.2310
vn -0.8087 -0.5403 -0.2325
vn -0.3131 -0.3934 -0.8644
vn -0.1695 -0.5856 -0.7927
vn -0.1692 -0.5859 -0.7925
vn -0.3507 -0.3132 -0.8826
vn 0.2095 -0.7923 -0.5730
vn 0.2203 -0.7943 -0.5662
vn 0.9549 -0.0275 0.2958
vn 0.9460 0.1819 0.2682
vn 0.8187 -0.1105 0.5634
vn 0.9465 0.1708 0.2738
vn 0.9442 0.2563 0.2070
vn 0.9439 0.2521 0.2132
vn 0.5615 -0.0492 0.8260
vn 0.6021 -0.2111 0.7700
vn 0.8187 -0.1105 0.5635
vn 0.5547 0.0064 0.8320
vn 0.5629 -0.0538 0.8248
vn 0.7785 -0.4694 0.4167
vn 0.8187 -0.1106 0.5634
vn 0.3862 -0.5537 0.7377
vn 0.9626 -0.2691 -0.0325
vn 0.4936 -0.6926 0.5261
vn 0.8512 -0.5220 0.0545
vn 0.4519 -0.8037 -0.3872
vn 0.2097 -0.7923 -0.5730
vn 0.2204 -0.7943 -0.5662
vn 0.8400 -0.3583 -0.4075
vn 0.0575 -0.8367 0.5446
vn -0.2611 -0.9515 0.1626
vn 0.0639 -0.9873 0.1452
vn -0.1653 -0.9861 -0.0162
vn 0.8784 -0.0798 0.4712
vn 0.8268 0.1480 0.5427
vn 0.6896 -0.0848 0.7192
vn 0.8282 0.1467 0.5409
vn 0.6896 -0.0847 0.7192
vn 0.1066 -0.1953 0.9749
vn 0.5134 0.1848 0.8380
vn 0.3233 0.1312 0.9372
vn 0.3286 0.1271 0.9359
vn 0.8784 -0.0799 0.4712
vn 0.7204 -0.0082 -0.6935
vn 0.9066 -0.0751 -0.4153
vn 0.7652 -0.2019 -0.6113
vn 0.5305 -0.0825 -0.8437
vn 0.7198 -0.0092 -0.6941
vn 0.5108 -0.0744 -0.8565
vn 0.5535 -0.2672 -0.7888
vn 0.5802 -0.4610 -0.6714
vn 0.8678 0.0589 -0.4934
vn 0.8599 0.0637 -0.5064
vn 0.9123 -0.3255 -0.2487
vn 0.7456 -0.4210 -0.5166
vn 0.7653 -0.2019 -0.6112
vn 0.9066 -0.0751 -0.4152
vn 0.7455 -0.4211 -0.5167
vn 0.1065 -0.1953 0.9749
vn -0.3446 -0.0912 0.9343
vn -0.1960 -0.3108 0.9300
vn -0.3451 -0.0867 0.9346
vn -0.0646 -0.4611 0.8850
vn 0.2626 -0.5406 0.7992
vn -0.0545 0.0647 0.9964
vn -0.3353 -0.0510 0.9407
vn -0.8154 -0.3090 0.4895
vn -0.8152 -0.3053 0.4922
vn -0.7365 -0.4325 0.5201
vn -0.8238 -0.3312 0.4601
vn -0.6998 -0.4859 0.5237
vn -0.5720 -0.6335 0.5211
vn -0.2039 -0.5638 -0.8004
vn -0.2740 -0.7362 -0.6188
vn -0.3522 -0.9179 -0.1830
vn 0.0758 -0.5562 0.8276
vn -0.2909 -0.5805 0.7606
vn -0.0998 -0.7247 0.6818
vn -0.4898 -0.6453 0.5863
vn -0.0780 -0.4745 0.8768
vn -0.4817 -0.6354 0.6035
vn -0.3485 -0.7906 0.5035
vn -0.2983 -0.5739 0.7627
vn -0.1014 -0.4781 0.8724
vn -0.1612 -0.9065 0.3903
vn 0.0461 -0.8529 0.5200
vn 0.3450 -0.6765 0.6506
vn 0.0759 -0.5563 0.8275
vn 0.4570 0.3969 -0.7960
vn 0.7642 0.5301 -0.3673
vn 0.7875 0.5227 -0.3266
vn 0.2251 0.2617 -0.9386
vn 0.4482 0.4043 -0.7973
vn 0.5756 0.2201 -0.7876
vn 0.2298 0.2521 -0.9400
vn 0.8805 0.3573 -0.3117
vn 0.3630 0.0711 -0.9291
vn 0.9509 -0.0272 -0.3084
vn 0.7549 -0.2387 -0.6108
vn 0.5672 -0.3820 -0.7296
vn 0.8989 0.3782 0.2213
vn 0.9552 0.1870 0.2296
vn 0.8996 0.4147 0.1372
vn 0.8514 0.2226 0.4750
vn 0.9551 0.1869 0.2297
vn 0.8886 0.0271 0.4578
vn 0.8760 0.2745 0.3966
vn 0.8042 0.1869 0.5642
vn 0.8130 0.2156 0.5409
vn 0.8134 0.2175 0.5395
vn 0.8031 0.1841 0.5667
vn 0.2273 0.6045 0.7635
vn 0.2315 0.6137 0.7548
vn 0.2642 0.6575 0.7056
vn 0.2729 0.6635 0.6966
vn -0.0826 0.0696 0.9941
vn -0.3100 -0.0289 0.9503
vn -0.8406 -0.3494 0.4139
vn -0.9027 -0.4107 0.1282
vn -0.8253 -0.3333 0.4559
vn 0.7193 -0.0085 -0.6946
vn 0.5429 -0.0800 -0.8360
vn 0.6581 -0.3512 -0.6660
vn 0.7871 -0.2514 -0.5633
vn 0.8543 0.0629 -0.5159
vn 0.8849 -0.2289 -0.4057
vn 0.7525 0.1802 0.6334
vn 0.4313 0.1805 0.8840
vn -0.0544 0.0647 0.9964
vn 0.6742 0.1818 0.7158
vn -0.0825 0.0696 0.9942
vn -0.8831 -0.4357 -0.1741
vn -0.9027 -0.4108 0.1281
vn -0.5283 -0.4638 -0.7112
vn -0.4977 -0.4460 -0.7439
vn -0.4967 -0.4449 -0.7452
vn -0.5292 -0.4640 -0.7104
vn 0.9476 0.2774 0.1586
vn 0.9471 0.2768 0.1627
vn 0.5676 0.0257 0.8229
vn 0.5670 0.0254 0.8233
vn 0.5543 0.0048 0.8323
vn -0.8258 -0.5246 -0.2071
vn -0.8260 -0.5247 -0.2060
vn -0.8278 -0.5255 -0.1963
vn -0.8278 -0.5256 -0.1963
vn -0.3572 -0.2939 -0.8866
vn -0.3572 -0.2938 -0.8866
vn -0.3509 -0.3127 -0.8827
vn 0.6063 0.2131 -0.7661
vn 0.4225 0.1311 -0.8968
vn 0.5566 -0.0555 -0.8289
vn 0.6992 0.0408 -0.7138
vn 0.7545 0.2825 -0.5923
vn 0.8180 0.0976 -0.5668
vn -0.5030 -0.3705 0.7809
vn -0.3226 -0.3007 0.8975
vn -0.6593 -0.4218 0.6225
vn -0.4636 -0.6098 0.6429
vn -0.1828 -0.5079 0.8418
vn -0.3397 -0.5468 0.7653
vn 0.8966 0.4367 0.0735
vn 0.7487 0.5308 -0.3971
vn 0.8913 0.3122 0.3289
vn 0.8996 0.4146 0.1372
vn 0.8966 0.4367 0.0736
vn 0.9258 0.3261 0.1912
vn 0.2279 0.2663 -0.9366
vn 0.4456 0.4052 -0.7983
vn 0.2747 0.2396 -0.9312
vn -0.3012 -0.5719 0.7631
vn -0.1141 -0.4824 0.8685
vn -0.4740 -0.6308 0.6143
vn -0.0712 -0.7435 0.6649
vn -0.7142 -0.6723 -0.1948
vn -0.7142 -0.6722 -0.1951
vn -0.7141 -0.6721 -0.1958
vn -0.4514 -0.3195 -0.8331
vn -0.4693 -0.3373 -0.8161
vn -0.4461 -0.3143 -0.8380
vn 0.8129 0.2346 0.5330
vn 0.8124 0.2356 0.5334
vn 0.8102 0.2398 0.5348
vn 0.2944 0.6720 0.6795
vn 0.2982 0.6706 0.6793
vn 0.3337 0.9407 0.0615
vn 0.3463 0.9263 0.1485
vn 0.3180 0.9438 -0.0907
vn 0.3527 0.8205 0.4499
vn 0.3131 0.9401 -0.1350
vn 0.3010 0.9365 -0.1801
vn -0.2311 0.2607 0.9374
vn -0.1992 0.2866 0.9371
vn 0.1351 0.5830 0.8012
vn 0.1109 0.5990 0.7930
vn 0.1533 0.5800 0.8001
vn 0.3117 0.7214 0.6184
vn 0.3528 0.8119 0.4652
vn 0.1111 0.5972 0.7943
vn -0.9328 0.1059 0.3444
vn -0.9752 -0.0298 0.2192
vn -0.8869 0.0526 0.4589
vn -0.9964 0.0802 0.0292
vn -0.9264 -0.0970 0.3639
vn -0.7960 0.0673 0.6015
vn -0.9905 -0.0701 0.1186
vn -0.7156 0.0271 0.6980
vn -0.6658 0.3825 -0.6406
vn -0.6072 0.3429 -0.7168
vn -0.4015 0.5533 -0.7298
vn -0.8216 0.1520 -0.5494
vn -0.7340 0.3783 -0.5641
vn -0.9888 0.0833 -0.1242
vn -0.9912 0.0495 -0.1231
vn -0.9885 0.0900 -0.1217
vn -0.3190 0.6191 -0.7176
vn -0.4364 0.5163 -0.7368
vn -0.2177 0.6608 -0.7183
vn 0.9681 0.2351 0.0867
vn 0.9680 0.2405 0.0722
vn 0.9355 0.1534 0.3184
vn 0.9342 0.1439 0.3266
vn 0.8384 -0.0706 0.5405
vn 0.9431 0.2379 -0.2323
vn 0.9423 0.2540 -0.2180
vn 0.8588 0.1700 -0.4833
vn 0.8787 0.1956 -0.4355
vn -0.8349 -0.5172 -0.1881
vn -0.7058 -0.4859 -0.5155
vn -0.7881 -0.3729 -0.4897
vn -0.6912 -0.5128 -0.5092
vn -0.7236 -0.2857 -0.6283
vn -0.7763 -0.6139 0.1433
vn -0.6726 -0.7315 0.1118
vn -0.7041 -0.7093 0.0340
vn -0.8347 -0.5044 -0.2212
vn -0.6305 -0.6591 0.4099
vn -0.5131 -0.7872 0.3421
vn -0.3054 0.0791 0.9489
vn -0.2524 0.2154 0.9434
vn -0.6035 0.4576 0.6529
vn -0.2329 -0.0871 0.9686
vn -0.2064 0.0536 0.9770
vn 0.1984 -0.5609 0.8038
vn -0.1920 -0.6465 0.7383
vn -0.0758 -0.7478 0.6596
vn -0.2252 -0.8797 0.4188
vn 0.1095 -0.4286 0.8968
vn -0.3810 -0.8058 0.4533
vn -0.8752 -0.4617 -0.1447
vn -0.8285 -0.3009 -0.4723
vn -0.9086 -0.4022 -0.1124
vn -0.8691 -0.2430 -0.4309
vn -0.8065 -0.5522 0.2111
vn -0.8083 -0.5604 -0.1805
vn -0.7225 -0.1310 -0.6789
vn -0.7554 -0.0530 -0.6531
vn -0.8439 -0.4888 0.2210
vn -0.6761 -0.5345 0.5071
vn -0.7424 -0.6513 0.1569
vn -0.8524 -0.4787 0.2105
vn -0.8253 -0.5286 -0.1984
vn -0.9283 -0.3571 -0.1034
vn -0.6010 -0.6870 0.4085
vn -0.7487 -0.6478 0.1403
vn -0.8840 -0.2057 -0.4198
vn -0.7701 -0.3950 -0.5009
vn -0.7800 -0.0593 -0.6230
vn -0.1279 -0.1459 0.9810
vn -0.4534 -0.3251 0.8299
vn -0.1611 -0.0894 0.9829
vn -0.6761 -0.5345 0.5072
vn -0.7117 -0.4691 0.5228
vn 0.0032 -0.3060 0.9520
vn -0.4249 -0.3878 0.8180
vn 0.1490 0.1585 0.9761
vn -0.1619 -0.0893 0.9828
vn 0.1091 0.2072 0.9722
vn -0.1282 -0.1458 0.9810
vn -0.0025 -0.3046 0.9525
vn 0.3044 0.0003 0.9526
vn 0.4274 -0.1533 0.8910
vn 0.1079 -0.4133 0.9042
vn -0.2439 -0.6374 0.7309
vn -0.4386 -0.3810 0.8139
vn -0.5676 -0.7161 0.4063
vn -0.6958 -0.5018 0.5138
vn 0.3662 0.7389 0.5656
vn 0.4420 0.8558 0.2688
vn 0.3838 0.8799 0.2802
vn 0.4217 0.7139 0.5590
vn 0.3319 0.9426 -0.0365
vn 0.6771 0.7045 0.2126
vn 0.2891 0.3673 0.8840
vn 0.3227 0.5095 0.7977
vn 0.3873 0.9204 -0.0531
vn 0.6015 0.7861 -0.1424
vn 0.2384 0.8384 -0.4901
vn -0.0886 0.7943 0.6011
vn -0.1161 0.8636 0.4906
vn -0.1050 0.8367 0.5374
vn -0.1367 0.9336 0.3312
vn -0.1364 0.9337 0.3311
vn -0.1334 0.9765 0.1695
vn -0.1133 0.9864 0.1190
vn 0.1259 0.7292 -0.6726
vn 0.3100 0.6918 -0.6522
vn 0.2554 0.8292 -0.4972
vn 0.0552 0.7796 -0.6238
vn -0.2421 0.5342 -0.8099
vn -0.2071 0.4703 -0.8578
vn -0.0915 0.3926 -0.9152
vn -0.5326 0.1846 -0.8260
vn -0.4812 0.1081 -0.8699
vn -0.1996 0.4762 -0.8564
vn -0.5420 0.2243 -0.8099
vn -0.5121 0.1492 -0.8459
vn -0.2422 0.5340 -0.8100
vn -0.0949 0.3947 -0.9139
vn -0.1080 0.4137 -0.9040
vn 0.2619 0.6534 -0.7103
vn -0.7542 -0.0555 -0.6543
vn -0.4155 0.0901 -0.9051
vn -0.6477 -0.1787 -0.7406
vn -0.7695 -0.3922 -0.5041
vn -0.7122 -0.3192 -0.6252
vn -0.5509 0.1934 -0.8118
vn -0.5084 0.1192 -0.8528
vn -0.7083 -0.4740 0.5231
vn -0.3090 -0.5365 0.7853
vn -0.6961 -0.4985 0.5166
vn 0.1086 0.2127 0.9711
vn 0.2972 -0.0018 0.9548
vn 0.6581 0.5411 0.5235
vn 0.8962 -0.0130 -0.4434
vn 0.9478 -0.0795 -0.3090
vn 0.9297 -0.0527 -0.3644
vn 0.9811 -0.1561 -0.1140
vn 0.9812 -0.1566 -0.1129
vn 0.3099 0.1486 0.9391
vn 0.4274 -0.1532 0.8910
vn 0.2699 0.8998 -0.3428
vn 0.2384 0.8384 -0.4902
vn 0.0553 0.7792 -0.6243
vn 0.1131 0.7396 -0.6635
vn 0.2695 0.9000 -0.3427
vn 0.2245 0.6344 -0.7397
vn -0.0172 0.9989 0.0441
vn 0.0041 0.9991 0.0426
vn 0.5840 0.7510 0.3081
vn 0.8751 0.1974 0.4419
vn 0.5519 0.5654 0.6130
vn 0.9152 0.3756 0.1462
vn 0.7582 -0.0649 0.6488
vn 0.4011 0.3153 0.8601
vn -0.4611 -0.8828 0.0902
vn -0.2893 -0.9546 0.0717
vn -0.7720 -0.5863 -0.2455
vn -0.8813 -0.4352 0.1842
vn -0.9632 -0.2155 -0.1609
vn -0.9684 -0.1984 0.1513
vn -0.8566 -0.5095 0.0816
vn -0.8083 -0.5773 0.1158
vn -0.3446 -0.9166 0.2026
vn -0.8739 -0.4833 0.0532
vn -0.7171 -0.5322 0.4501
vn -0.4293 -0.9030 0.0159
vn -0.9005 -0.3406 -0.2702
vn -0.4980 -0.8120 -0.3044
vn -0.4142 0.3205 -0.8519
vn -0.2748 -0.3447 -0.8976
vn 0.2991 0.6056 0.7374
vn 0.2572 0.4423 0.8592
vn 0.0334 0.4242 0.9050
vn 0.4475 0.6436 0.6209
vn -0.2466 0.2195 0.9439
vn 0.5076 0.3101 0.8039
vn -0.1071 -0.1130 0.9878
vn -0.0785 0.1193 0.9897
vn 0.7174 0.6628 0.2146
vn 0.6529 -0.0439 0.7562
vn 0.6697 -0.2027 0.7144
vn 0.4751 -0.3419 0.8108
vn 0.4287 -0.2199 0.8763
vn -0.3194 0.2108 0.9239
vn -0.2736 -0.6480 0.7108
vn 0.1327 -0.6282 0.7666
vn 0.0099 -0.9638 0.2663
vn -0.2438 -0.8514 0.4645
vn -0.9015 0.1598 0.4022
vn -0.9366 -0.3497 -0.0226
vn -0.2914 -0.9530 -0.0832
vn -0.7974 -0.5621 0.2193
vn -0.5725 -0.7623 0.3020
vn -0.2062 -0.9413 -0.2673
vn -0.5831 -0.7991 -0.1465
vn -0.5436 -0.4663 -0.6979
vn 0.7926 -0.4540 -0.4071
vn 0.6582 -0.3513 -0.6659
vn 0.6914 -0.5215 -0.5000
vn 0.8849 -0.2290 -0.4057
vn 0.8635 -0.3888 -0.3212
vn -0.1662 -0.6757 0.7181
vn -0.0870 -0.6206 0.7793
vn -0.2710 -0.7368 0.6194
vn 0.7630 -0.1165 -0.6358
vn 0.6421 -0.2083 -0.7378
vn 0.8450 -0.0364 -0.5336
vn -0.1068 -0.8073 -0.5804
vn 0.1836 -0.6936 0.6965
vn 0.1954 -0.8386 0.5085
vn -0.0712 -0.7436 0.6649
vn 0.3139 -0.7531 0.5782
vn 0.0276 -0.9190 0.3932
vn 0.0277 -0.9190 0.3932
vn -0.4711 -0.6296 0.6178
vn 0.1836 -0.6936 0.6966
vn -0.6133 0.6443 0.4569
vn -0.4130 0.7756 0.4774
vn -0.6082 0.6471 0.4597
vn -0.4196 0.7707 0.4796
vn -0.7643 0.5265 0.3723
vn -0.7711 0.5212 0.3657
vn -0.2550 0.8715 0.4190
vn 0.5631 -0.8178 -0.1189
vn 0.5121 -0.8542 -0.0898
vn 0.5105 -0.8553 -0.0885
vn 0.5669 -0.8150 -0.1202
vn 0.4663 -0.8835 -0.0448
vn 0.6188 -0.7758 -0.1238
vn 0.6221 -0.7732 -0.1232
vn -0.1042 0.8393 -0.5336
vn -0.0081 0.9295 -0.3688
vn 0.0008 0.9362 -0.3515
vn -0.2686 0.7249 -0.6343
vn -0.1084 0.8378 -0.5351
vn -0.2750 0.7225 -0.6343
vn -0.4724 0.6045 -0.6415
vn -0.4800 0.6050 -0.6352
vn -0.8235 0.4210 -0.3803
vn -0.8995 0.3768 -0.2213
vn -0.9008 0.3827 -0.2051
vn -0.8167 0.4186 -0.3971
vn -0.9234 0.3827 -0.0287
vn -0.9204 0.3905 -0.0170
vn -0.6666 0.5046 -0.5486
vn -0.6661 0.5043 -0.5495
vn 0.5201 -0.8296 0.2032
vn 0.4637 -0.8635 0.1984
vn 0.4637 -0.8635 0.1983
vn 0.5903 -0.7807 0.2051
vn 0.5229 -0.8278 0.2031
vn 0.5901 -0.7808 0.2050
vn 0.4534 -0.8809 0.1358
vn 0.4531 -0.8815 0.1326
vn 0.4400 -0.8965 0.0526
vn 0.4401 -0.8964 0.0530
vn 0.0262 0.9883 -0.1501
vn 0.0290 0.9915 -0.1268
vn -0.1253 0.9474 0.2946
vn -0.0195 0.9946 0.1020
vn -0.0144 0.9965 0.0820
vn -0.1211 0.9497 0.2887
vn 0.6265 -0.7541 0.1969
vn 0.6284 -0.7529 0.1953
vn 0.6625 -0.7322 0.1580
vn 0.6639 -0.7314 0.1560
vn -0.2568 0.8696 0.4217
vn 0.7060 -0.7077 0.0264
vn 0.6928 -0.7150 0.0938
vn 0.7063 -0.7076 0.0215
vn 0.6920 -0.7155 0.0959
vn 0.6973 -0.7153 -0.0468
vn 0.6986 -0.7142 -0.0427
vn 0.6680 -0.7377 -0.0982
vn 0.6680 -0.7377 -0.0981
vn -0.8186 -0.4718 -0.3277
vn -0.6587 -0.3899 -0.6436
vn -0.8197 -0.4658 -0.3333
vn -0.3709 -0.2208 -0.9020
vn -0.3719 -0.2239 -0.9009
vn -0.6604 -0.3921 -0.6404
vn -0.0326 -0.0151 -0.9994
vn -0.0385 -0.0199 -0.9991
vn 0.7407 0.6336 0.2232
vn 0.5733 0.5545 0.6032
vn 0.7392 0.6332 0.2293
vn 0.5741 0.5543 0.6027
vn 0.3444 0.4173 0.8410
vn 0.3422 0.4172 0.8419
vn 0.0688 0.2669 0.9613
vn 0.0631 0.2633 0.9626
vn 0.7752 0.6080 -0.1716
vn 0.6920 0.5021 -0.5187
vn 0.7746 0.6063 -0.1800
vn 0.6897 0.4998 -0.5241
vn 0.5195 0.3526 -0.7783
vn 0.5194 0.3528 -0.7784
vn 0.7746 0.6064 -0.1799
vn -0.3201 0.0430 0.9464
vn -0.3161 0.0446 0.9477
vn -0.6319 -0.1733 0.7554
vn -0.3170 0.0494 0.9472
vn -0.6286 -0.1694 0.7590
vn -0.8356 -0.3427 0.4293
vn -0.8365 -0.3504 0.4213
vn -0.8915 -0.4531 -0.0002
vn -0.8884 -0.4590 -0.0019
vn -0.3161 0.0511 0.9473
vn 0.2720 0.1786 -0.9456
vn -0.0314 -0.0149 -0.9994
vn 0.2769 0.1818 -0.9435
vn -0.0386 -0.0196 -0.9991
vn -0.8888 -0.4582 -0.0014
vn -0.8858 -0.4640 0.0014
vn -0.8814 0.4331 0.1888
vn -0.8737 0.4425 0.2022
vn 0.4403 -0.8978 0.0042
vn 0.4394 -0.8983 0.0067
vn 0.4652 -0.8842 -0.0427
vn 0.9057 -0.3589 0.2255
vn 0.7756 -0.3813 0.5031
vn -0.9896 0.1297 -0.0616
vn 0.3083 -0.1420 -0.9406
vn 0.0978 -0.2692 -0.9581
vn 0.3857 -0.0944 -0.9178
vn -0.0498 -0.4181 -0.9070
vn -0.0001 -0.4206 -0.9072
vn 0.0001 -0.3313 -0.9435
vn 0.6724 0.0357 -0.7394
vn 0.6498 0.3755 -0.6608
vn -0.2101 0.2849 0.9352
vn -0.2597 0.2641 0.9289
vn -0.4727 0.1271 0.8720
vn -0.5063 0.1043 0.8560
vn -0.6974 -0.0011 0.7167
vn -0.6912 0.0358 0.7218
vn 0.6060 -0.3302 0.7237
vn 0.4571 -0.4099 0.7894
vn 0.4606 -0.3838 0.8003
vn 0.6266 -0.3266 0.7076
vn 0.3029 -0.5002 0.8112
vn 0.2764 -0.5066 0.8167
vn 0.2505 -0.5734 0.7801
vn -0.2927 -0.6132 0.7337
vn 0.0986 -0.4093 0.9071
vn -0.0827 -0.7397 0.6679
vn -0.6054 -0.6666 0.4350
vn -0.4856 -0.7980 0.3568
vn 0.4830 -0.3608 0.7978
vn 0.4193 -0.1941 0.8869
vn 0.0886 -0.4291 0.8989
vn 0.1803 -0.5719 0.8002
vn -0.0395 -0.8685 -0.4940
vn -0.1147 -0.6889 -0.7158
vn 0.2253 -0.6892 0.6886
vn 0.6963 0.4668 -0.5452
vn 0.8604 0.4501 -0.2389
vn 0.8466 0.4841 -0.2211
vn 0.9298 0.3520 0.1071
vn 0.7136 0.4397 -0.5454
vn 0.9103 0.3877 0.1450
vn 0.6790 0.4871 -0.5492
vn 0.4948 0.3271 -0.8051
vn 0.7077 0.4451 -0.5487
vn 0.4771 0.3533 -0.8047
vn 0.7802 -0.0101 0.6255
vn 0.5446 -0.3439 0.7649
vn 0.5206 -0.3288 0.7880
vn 0.7959 -0.0352 0.6044
vn 0.9020 0.1838 0.3907
vn 0.7605 0.0009 0.6494
vn 0.8716 0.2220 0.4371
vn 0.7952 -0.0384 0.6051
vn 0.5584 -0.3453 0.7543
vn 0.5463 0.3173 0.7752
vn -0.2880 -0.8899 0.3538
vn -0.4076 -0.9131 0.0113
vn -0.4681 -0.8837 -0.0005
vn -0.2662 -0.9109 0.3152
vn -0.4792 -0.8214 -0.3092
vn -0.5342 -0.7772 -0.3325
vn -0.0012 -0.8081 0.5890
vn -0.2973 -0.8897 0.3464
vn -0.0603 -0.7990 0.5984
vn -0.2482 -0.9210 0.3002
vn -0.5818 -0.6643 0.4693
vn -0.0982 -0.1752 -0.9796
vn -0.3606 -0.4031 -0.8411
vn -0.3352 -0.4321 -0.8372
vn 0.1997 0.0990 -0.9748
vn -0.0933 -0.1230 -0.9880
vn -0.4533 -0.6451 -0.6151
vn -0.3757 -0.3991 -0.8364
vn -0.4966 -0.5806 -0.6453
vn -0.3224 -0.4434 -0.8363
vn -0.6381 -0.1887 -0.7465
vn 0.2190 0.6308 -0.7444
vn 0.1803 0.1245 -0.9757
vn 0.2656 -0.5655 0.7808
vn 0.2850 -0.5977 0.7493
vn 0.5616 -0.3667 0.7417
vn 0.2773 -0.6145 0.7386
vn 0.2608 -0.6012 0.7553
vn 0.5749 -0.3255 0.7507
vn -0.1485 -0.2836 0.9474
vn 0.5332 0.8394 -0.1054
vn 0.5906 0.7730 0.2317
vn 0.5358 0.8383 -0.1010
vn 0.5649 0.6241 0.5398
vn 0.5651 0.6243 0.5393
vn 0.5904 0.7736 0.2302
vn 0.4852 0.8363 -0.2554
vn 0.5266 0.5337 0.6617
vn 0.5267 0.5333 0.6619
vn 0.4861 0.8344 -0.2596
vn 0.9743 -0.2104 0.0809
vn 0.9653 -0.2218 0.1376
vn 0.1551 -0.0266 0.9875
vn 0.3091 0.1493 0.9392
vn 0.1551 -0.0267 0.9875
vn 0.2451 0.8383 -0.4871
vn 0.1067 0.5904 -0.8000
vn 0.0773 0.5725 -0.8163
vn 0.3151 0.6963 -0.6449
vn 0.9470 -0.2367 0.2172
vn -0.4835 -0.4974 0.7203
vn -0.0184 -0.7981 0.6023
vn -0.3738 -0.9007 0.2213
vn -0.6977 -0.5489 0.4603
vn -0.1020 -0.1495 -0.9835
vn -0.6822 0.0252 -0.7307
vn -0.3741 -0.8096 0.4523
vn -0.4552 -0.8860 0.0883
vn -0.2984 -0.9512 0.0778
vn -0.2291 -0.8862 0.4028
vn 0.5076 -0.3907 0.7679
vn 0.1789 0.0619 0.9819
vn -0.8217 -0.1321 -0.5545
vn -0.4678 -0.6204 -0.6295
vn -0.7026 0.0204 -0.7113
vn -0.3014 -0.3541 -0.8853
vn 0.1014 -0.4605 0.8819
vn 0.5244 0.8495 -0.0574
vn 0.8548 0.4751 -0.2087
vn 0.3782 0.8307 -0.4086
vn 0.7261 0.4581 -0.5128
vn 0.3691 0.8489 -0.3783
vn 0.7256 0.4838 -0.4893
vn 0.1688 0.0293 0.9852
vn 0.8971 0.2554 0.3606
vn 0.8808 0.1510 0.4487
vn 0.8895 0.1923 0.4144
vn 0.9545 0.1945 0.2258
vn 0.9278 0.2420 0.2841
vn 0.8896 0.2315 0.3936
vn 0.8761 0.4353 -0.2072
vn 0.9008 0.3669 0.2324
vn 0.9715 0.2083 -0.1130
vn 0.8935 0.1457 -0.4248
vn 0.9291 0.2055 -0.3075
vn 0.9311 -0.0812 -0.3555
vn 0.9998 -0.0055 -0.0178
vn 0.8915 0.3174 0.3231
vn 0.8835 0.3204 0.3418
vn -0.0341 0.0411 -0.9986
vn -0.0313 0.0463 -0.9984
vn -0.0654 0.0691 -0.9955
vn 0.0049 0.0150 -0.9999
vn 0.1062 0.9943 -0.0002
vn 0.0745 0.9971 0.0154
vn 0.0658 0.9978 0.0064
vn -0.0224 0.9984 -0.0520
vn -0.0332 0.9990 -0.0301
vn 0.0609 0.9981 -0.0071
vn -0.0956 0.9900 -0.1035
vn -0.0870 0.9896 -0.1144
vn -0.1891 0.9777 -0.0909
vn -0.1624 0.9810 -0.1065
vn -0.2502 0.9633 -0.0969
vn -0.2612 0.9616 -0.0839
vn 0.0622 0.9981 0.0036
vn 0.0626 0.9980 0.0019
vn 0.1142 0.9914 -0.0636
vn 0.0055 0.0466 -0.9989
vn 0.9462 0.2805 0.1615
vn 0.9461 0.2812 -0.1608
vn 0.9398 0.2814 0.1939
vn 0.9057 0.2766 0.3213
vn 0.9076 0.2706 0.3211
vn 0.9590 0.2655 -0.0996
vn 0.9394 0.2071 -0.2732
vn 0.9479 0.1793 -0.2633
vn 0.9034 0.2439 0.3527
vn 0.9035 0.2325 0.3600
vn 0.5430 0.1019 0.8335
vn 0.2805 0.0404 0.9590
vn 0.7651 0.2427 0.5964
vn 0.2549 0.0827 0.9634
vn 0.7629 -0.3568 0.5391
vn 0.4575 -0.2108 0.8638
vn 0.8050 -0.2981 0.5129
vn 0.4859 -0.2214 0.8455
vn 0.1712 -0.2991 0.9387
vn 0.1518 -0.2657 0.9520
vn -0.5955 -0.6474 0.4757
vn 0.4554 0.7647 -0.4560
vn 0.4567 0.7624 -0.4586
vn -0.1282 -0.1206 -0.9844
vn -0.7702 -0.6256 0.1241
vn -0.4709 -0.8766 0.0990
vn 0.8206 0.5360 -0.1984
vn 0.2363 0.1347 0.9623
vn -0.1423 -0.0796 0.9866
vn 0.8398 -0.0710 0.5382
vn 0.5473 -0.3749 0.7482
vn 0.4253 -0.1556 0.8916
vn 0.8347 -0.0771 0.5453
vn 0.8356 -0.0776 0.5439
vn -0.6570 -0.5656 -0.4984
vn 0.8625 0.1625 -0.4793
vn 0.6491 0.0483 -0.7592
vn 0.6988 0.0695 -0.7119
vn 0.8884 0.1860 -0.4197
vn 0.7082 0.0815 -0.7013
vn -0.6439 0.3076 -0.7005
vn -0.6610 0.3221 -0.6777
vn -0.6603 0.3838 -0.6456
vn -0.2063 -0.3783 0.9024
vn -0.4458 -0.2546 0.8582
vn -0.1694 -0.2881 0.9425
vn -0.7356 -0.4009 0.5461
vn -0.4747 -0.3323 0.8150
vn -0.4479 -0.3293 0.8313
vn -0.6527 -0.3944 0.6468
vn -0.2003 -0.4095 0.8900
vn -0.6198 -0.3286 0.7126
vn -0.2100 -0.3487 0.9134
vn -0.4447 -0.3050 0.8422
vn -0.2578 -0.4552 0.8523
vn -0.8207 -0.2646 0.5065
vn -0.5610 -0.3081 0.7683
vn -0.1645 -0.2377 0.9573
vn -0.1296 -0.4098 0.9029
vn -0.0565 -0.3212 0.9453
vn -0.2637 -0.2209 0.9390
vn 0.3105 0.3249 0.8933
vn -0.1842 0.0686 0.9805
vn 0.2078 0.0893 0.9741
vn 0.7333 0.2728 0.6228
vn 0.8053 0.1774 0.5657
vn 0.3972 0.3468 0.8497
vn -0.1409 0.2947 0.9452
vn 0.7034 0.1138 0.7016
vn 0.7559 -0.5450 -0.3627
vn 0.5846 -0.6343 -0.5059
vn 0.2999 -0.6487 -0.6995
vn 0.7683 -0.5543 -0.3202
vn 0.6873 -0.6746 -0.2694
vn 0.5317 -0.7385 -0.4146
vn 0.1278 -0.0311 0.9913
vn -0.5654 0.0507 0.8232
vn -0.0584 0.3746 0.9253
vn -0.5891 0.1543 0.7932
vn -0.5214 0.2633 0.8117
vn -0.1898 -0.0191 0.9816
vn -0.1507 0.2316 -0.9611
vn -0.5043 0.3936 -0.7686
vn -0.4878 0.2518 -0.8359
vn -0.0112 -0.9162 0.4005
vn 0.3856 -0.8999 0.2039
vn 0.3190 -0.9347 -0.1569
vn 0.8198 -0.5459 0.1731
vn 0.5929 -0.7318 -0.3361
vn 0.1007 -0.8204 -0.5628
vn -0.2557 -0.3829 0.8877
vn -0.2741 -0.2361 0.9323
vn 0.0356 -0.1572 0.9869
vn -0.2974 -0.6489 0.7003
vn -0.2707 -0.3253 0.9060
vn -0.3767 -0.3021 0.8757
vn -0.0974 0.1618 0.9820
vn 0.0337 0.3763 0.9259
vn 0.4124 0.2883 0.8642
vn -0.1876 -0.3881 0.9023
vn -0.1745 -0.2860 0.9422
vn -0.2724 -0.2811 0.9202
vn -0.3628 -0.2255 0.9042
vn -0.2733 -0.1286 0.9533
vn -0.9338 0.3281 0.1424
vn -0.9247 0.3481 0.1539
vn -0.9230 0.3787 0.0684
vn -0.9440 0.2917 -0.1543
vn -0.9236 0.3794 0.0550
vn -0.8638 0.4216 -0.2758
vn -0.7262 0.3183 -0.6093
vn -0.6654 0.3841 -0.6401
vn -0.9058 0.4096 0.1085
vn -0.5586 0.4444 -0.7004
vn -0.8937 0.4406 -0.0846
vn -0.7843 0.4234 -0.4534
vn -0.8507 0.0164 -0.5254
vn -0.7029 0.2583 -0.6627
vn -0.9633 0.2010 -0.1780
vn -0.7836 0.0092 -0.6211
vn -0.6499 0.3753 -0.6609
vn -0.4821 0.0584 -0.8742
vn -0.4369 -0.3907 -0.8102
vn -0.4453 -0.5182 -0.7302
vn -0.8376 -0.2970 -0.4585
vn -0.7014 -0.3901 -0.5965
vn -0.8410 -0.3257 -0.4320
vn -0.5148 -0.5103 -0.6889
vn -0.1360 -0.7326 -0.6669
vn -0.1090 -0.7310 -0.6737
vn -0.2527 0.0713 0.9649
vn -0.3989 0.1565 0.9035
vn -0.4845 0.1364 0.8641
vn -0.4434 -0.0565 0.8946
vn -0.5159 0.0547 0.8549
vn -0.2327 0.1393 0.9625
vn -0.5476 0.0689 0.8339
vn -0.7030 0.0863 0.7059
vn -0.2230 0.1860 0.9569
vn -0.5046 0.1019 0.8573
vn -0.4843 -0.0230 0.8746
vn -0.3752 -0.1634 0.9124
vn -0.2915 -0.0928 0.9521
vn -0.2789 0.0223 0.9601
vn -0.7839 0.1420 0.6045
vn -0.9293 0.1185 0.3499
vn -0.6008 0.1645 0.7823
vn -0.4271 0.0218 0.9040
vn -0.4501 0.1269 0.8839
vn -0.9067 0.0947 0.4110
vn -0.7738 0.1820 0.6068
vn -0.6290 0.4188 -0.6549
vn -0.2706 0.0230 0.9624
vn -0.1760 -0.0766 0.9814
vn -0.1734 0.0270 0.9845
vn -0.1612 0.0399 0.9861
vn -0.5819 -0.1213 0.8042
vn -0.8176 -0.0620 0.5724
vn -0.9829 0.1298 0.1305
vn -0.9498 0.1651 0.2659
vn -0.8551 -0.2232 0.4679
vn -0.8921 -0.0353 0.4505
vn -0.9161 0.2751 0.2916
vn -0.7657 0.0597 0.6405
vn -0.1524 0.3424 0.9271
vn -0.5960 0.1925 0.7796
vn -0.2927 -0.1881 0.9375
vn -0.1080 -0.1851 0.9768
vn 0.1974 0.9751 -0.1007
vn 0.2944 0.9517 -0.0869
vn 0.1990 0.9772 -0.0736
vn 0.2696 0.9547 -0.1260
vn 0.2977 0.9513 -0.0801
vn 0.0837 0.9924 -0.0900
vn -0.5603 0.2737 -0.7818
vn -0.5289 0.0815 -0.8448
vn -0.7270 0.3031 -0.6161
vn -0.4867 -0.0146 -0.8735
vn -0.4940 -0.1970 -0.8469
vn -0.7041 -0.1339 -0.6974
vn -0.5654 0.4262 -0.7062
vn -0.9943 -0.0574 -0.0897
vn -0.9950 -0.0761 -0.0642
vn -0.9455 0.1203 0.3025
vn -0.8462 -0.3093 -0.4340
vn -0.7413 -0.3644 -0.5636
vn -0.9914 -0.1236 -0.0419
vn -0.4227 -0.0341 -0.9056
vn -0.2362 -0.2587 -0.9366
vn -0.1847 -0.1254 -0.9748
vn -0.0162 0.0291 -0.9994
vn -0.6485 -0.1692 -0.7422
vn -0.2151 -0.8872 0.4081
vn -0.3402 -0.8915 0.2991
vn -0.2257 -0.8814 0.4149
vn -0.2966 -0.8955 0.3317
vn -0.3080 -0.8231 0.4771
vn -0.4655 -0.8580 0.2173
vn 0.1871 0.9713 -0.1469
vn 0.0848 0.9859 -0.1440
vn 0.1887 0.9693 -0.1574
vn 0.1002 0.9850 -0.1405
vn -0.1089 0.9885 -0.1047
vn 0.2665 0.9552 -0.1287
vn -0.8644 0.4814 0.1453
vn -0.4545 -0.6722 0.5844
vn -0.3711 -0.7563 0.5389
vn -0.4586 -0.6703 0.5834
vn 0.0874 0.9905 -0.1066
vn -0.0336 0.9986 -0.0397
vn -0.1735 -0.9389 0.2972
vn -0.2679 -0.7929 0.5472
vn -0.2500 -0.6448 0.7223
vn 0.0036 -0.3731 0.9278
vn -0.1645 -0.9074 0.3867
vn -0.2570 -0.8703 0.4202
vn -0.0748 -0.8779 0.4730
vn -0.2530 -0.8898 0.3797
vn -0.2443 -0.6851 0.6862
vn -0.1262 -0.1700 0.9773
vn -0.2319 -0.0387 0.9720
vn -0.4348 -0.0231 0.9002
vn -0.0185 -0.2785 0.9603
vn -0.3956 0.1947 0.8975
vn -0.6400 0.2159 0.7374
vn -0.6692 -0.0321 0.7424
vn -0.0397 -0.3458 0.9375
vn -0.2263 0.1640 0.9601
vn -0.6924 -0.4636 0.5529
vn -0.7336 -0.0740 0.6755
vn -0.8224 -0.0711 0.5645
vn -0.7192 0.1182 0.6847
vn -0.8556 0.1704 0.4888
vn -0.7043 -0.3554 0.6146
vn -0.7224 -0.5944 0.3533
vn -0.7737 -0.3860 0.5024
vn -0.9166 0.3457 0.2007
vn -0.9254 0.3102 0.2178
vn -0.7229 0.1563 -0.6730
vn -0.7586 0.3844 -0.5261
vn -0.5199 0.6298 -0.5772
vn -0.6955 0.4688 -0.5446
vn -0.8859 0.4360 -0.1583
vn -0.8877 0.4320 -0.1590
vn -0.7325 0.4516 -0.5094
vn -0.7103 0.4067 -0.5746
vn 0.8529 -0.2869 0.4361
vn 0.8359 0.2775 0.4735
vn 0.9439 0.1293 0.3040
vn 0.8478 -0.3990 0.3493
vn 0.7400 -0.0671 0.6693
vn 0.4011 0.2363 0.8851
vn 0.4434 0.4791 0.7575
vn 0.7432 -0.0699 0.6654
vn -0.0111 0.4464 0.8948
vn 0.8382 0.2959 0.4581
vn 0.6853 -0.2743 0.6746
vn 0.7722 -0.1478 0.6180
vn 0.8228 -0.3385 0.4566
vn 0.8354 -0.4681 0.2881
vn 0.7051 -0.5124 0.4902
vn 0.6561 -0.3275 0.6800
vn 0.7677 -0.1842 0.6137
vn -0.5614 0.0393 0.8266
vn -0.1797 -0.1171 0.9767
vn 0.1551 -0.1303 0.9793
vn 0.4547 -0.0323 0.8901
vn -0.5915 -0.0623 0.8039
vn -0.1960 -0.2295 0.9534
vn 0.1478 -0.2048 0.9676
vn 0.9427 0.0804 0.3238
vn 0.9892 0.0549 0.1360
vn 0.9808 -0.0313 0.1923
vn 0.9827 0.1145 0.1454
vn 0.9918 0.0775 -0.1012
vn 0.9241 0.1722 0.3412
vn 0.9774 -0.1978 -0.0753
vn 0.9590 -0.2814 -0.0328
vn 0.6893 0.0330 0.7237
vn 0.8825 0.1055 0.4582
vn 0.7918 0.2209 0.5694
vn 0.7127 0.2739 0.6458
vn 0.7943 -0.5009 -0.3439
vn 0.7966 -0.4867 -0.3584
vn 0.6913 -0.5988 -0.4045
vn -0.9845 -0.1649 -0.0599
vn -0.8972 -0.0477 0.4389
vn -0.9134 0.0498 0.4041
vn -0.9641 -0.2647 -0.0208
vn -0.9982 -0.0287 0.0535
vn -0.8950 0.0016 0.4460
vn -0.9296 0.0138 -0.3684
vn -0.8212 -0.3685 -0.4357
vn -0.7943 -0.4505 -0.4077
vn -0.0812 -0.6736 -0.7347
vn -0.4310 -0.7127 -0.5535
vn -0.4546 -0.5873 -0.6696
vn 0.2828 -0.6691 -0.6873
vn -0.1529 -0.7767 -0.6110
vn -0.4297 -0.7162 -0.5499
vn -0.7460 -0.5350 -0.3965
vn -0.1843 -0.0816 -0.9795
vn 0.3959 0.3601 -0.8447
vn -0.3790 0.7625 -0.5243
vn -0.4364 0.7768 -0.4541
vn -0.0113 -0.7028 -0.7113
vn 0.1323 0.8305 -0.5411
vn 0.6052 0.0242 0.7957
vn 0.9564 0.1782 0.2316
vn -0.9893 -0.1329 -0.0597
vn -0.9002 0.0919 0.4257
vn -0.9204 0.1071 0.3759
vn -0.8337 -0.3565 -0.4218
vn -0.9872 -0.1583 -0.0186
vn -0.8275 -0.3934 -0.4006
vn -0.4913 -0.5764 -0.6530
vn -0.8373 -0.4043 -0.3680
vn -0.8409 -0.3697 -0.3953
vn -0.1048 -0.6914 -0.7148
vn -0.5128 -0.5883 -0.6253
vn -0.1006 -0.6586 -0.7458
vn -0.8413 -0.3164 -0.4383
vn -0.1118 -0.6554 -0.7469
vn 0.2450 -0.7526 -0.6112
vn 0.3114 -0.6340 -0.7078
vn 0.7353 -0.5382 -0.4119
vn 0.2808 -0.7206 -0.6339
vn 0.0835 -0.8895 -0.4492
vn 0.8325 0.5019 -0.2346
vn 0.7020 0.6205 -0.3496
vn -0.3376 -0.4478 0.8280
vn -0.1839 -0.4771 0.8594
vn -0.3426 -0.2292 0.9111
vn 0.9515 0.3075 0.0086
vn -0.8335 -0.3842 -0.3969
vn -0.7690 -0.3181 -0.5546
vn -0.7618 0.2177 0.6102
vn -0.5273 0.2939 0.7972
vn -0.5279 0.2505 0.8115
vn -0.5812 0.1397 0.8017
vn -0.5395 0.0356 0.8412
vn -0.9197 0.0746 0.3856
vn -0.8056 0.0998 0.5840
vn -0.5439 0.0526 0.8375
vn -0.9504 0.0192 0.3104
vn -0.0717 0.7735 -0.6297
vn 0.5592 0.7635 -0.3232
vn 0.1425 0.7955 -0.5889
vn -0.9783 0.2003 -0.0534
vn -0.9465 -0.2686 0.1788
vn -0.8296 0.4570 -0.3208
vn -0.9849 -0.0577 -0.1634
vn -0.5016 0.7111 -0.4928
vn -0.4103 0.7305 -0.5459
vn 0.4985 -0.0491 0.8655
vn 0.8648 0.0629 0.4981
vn 0.6426 -0.0408 0.7651
vn 0.5879 -0.0834 0.8046
vn -0.5884 -0.0625 0.8062
vn -0.8487 -0.0619 0.5252
vn 0.8789 -0.2553 0.4029
vn 0.9828 -0.0951 0.1583
vn 0.5730 -0.0865 0.8150
vn -0.8521 -0.3612 0.3788
vn 0.1713 -0.4886 0.8555
vn 0.5902 -0.4149 0.6925
vn 0.9961 0.0683 -0.0552
vn 0.9015 0.2713 -0.3372
vn 0.3937 0.7388 -0.5470
vn 0.0292 0.5735 -0.8187
vn -0.4261 0.7175 -0.5510
vn -0.8548 0.2337 -0.4633
vn -0.8279 0.4714 -0.3038
vn 0.9793 -0.1387 -0.1471
vn 0.9042 0.0040 -0.4271
vn 0.6096 0.1417 -0.7799
vn 0.5543 0.4638 -0.6911
vn -0.5702 0.7920 0.2180
vn -0.4488 0.8876 0.1041
vn -0.4084 0.9099 0.0730
vn -0.5737 0.6975 0.4293
vn -0.5748 0.7023 0.4200
vn -0.5792 0.7790 0.2401
vn -0.3776 0.5951 0.7094
vn -0.3860 0.5979 0.7025
vn -0.0382 -0.9850 -0.1685
vn -0.1436 -0.9699 -0.1966
vn -0.1637 -0.9640 -0.2097
vn -0.0440 -0.9844 -0.1702
vn -0.2625 -0.9249 -0.2750
vn -0.2857 -0.9048 -0.3159
vn 0.0380 -0.9841 -0.1737
vn 0.9619 -0.2706 0.0383
vn -0.3222 -0.7856 -0.5282
vn -0.1923 -0.7035 -0.6842
vn -0.3185 -0.7795 -0.5394
vn -0.3321 -0.8446 -0.4200
vn -0.3329 -0.8549 -0.3980
vn -0.1684 -0.6943 -0.6997
vn 0.0417 -0.6568 -0.7530
vn 0.0318 -0.6556 -0.7544
vn 0.6145 -0.6243 0.4824
vn -0.1421 -0.6755 0.7236
vn 0.1992 -0.7054 0.6803
vn 0.8685 -0.4358 0.2363
vn 0.5863 -0.4207 0.6923
vn 0.6085 -0.6365 0.4739
vn 0.0239 0.9801 0.1971
vn -0.3507 0.9309 0.1021
vn -0.2444 0.9629 0.1143
vn 0.0231 0.9879 0.1534
vn 0.2813 0.9499 0.1366
vn 0.6338 0.7006 0.3278
vn 0.1477 0.9198 0.3634
vn -0.2847 0.9270 0.2440
vn -0.5449 0.8382 0.0235
vn -0.3829 0.9193 0.0914
vn -0.1674 0.9715 0.1679
vn 0.1037 0.9826 0.1538
vn -0.0158 0.9833 0.1813
vn 0.3869 0.2711 -0.8814
vn 0.7917 0.1795 -0.5840
vn 0.7880 0.1826 -0.5880
vn 0.3800 0.2760 -0.8828
vn -0.0976 0.2629 -0.9599
vn -0.0475 0.2433 -0.9688
vn -0.2361 0.1346 -0.9624
vn -0.2019 0.0963 -0.9747
vn -0.8751 0.1858 -0.4469
vn -0.8602 0.1071 -0.4986
vn -0.9811 0.1597 -0.1092
vn -0.7626 0.1445 -0.6305
vn -0.8757 0.2986 -0.3796
vn -0.9900 0.1065 -0.0926
vn -0.9668 0.2544 0.0251
vn -0.9703 0.0775 -0.2290
vn -0.8708 -0.0051 -0.4916
vn -0.7682 0.0125 -0.6401
vn -0.8747 -0.0152 -0.4843
vn -0.7616 0.0280 -0.6475
vn -0.5323 0.8464 0.0172
vn -0.6734 0.7387 0.0299
vn -0.8816 0.4678 -0.0637
vn -0.4253 0.9013 0.0819
vn -0.2927 0.9443 0.1501
vn -0.8490 0.3817 -0.3654
vn -0.7147 0.4709 -0.5172
vn -0.8562 0.4354 -0.2780
vn -0.9096 0.1246 -0.3963
vn -0.7431 0.3094 -0.5933
vn -0.7267 0.4332 -0.5332
vn 0.5748 0.8142 0.0817
vn 0.5327 0.1993 0.8225
vn -0.8552 0.4312 -0.2875
vn -0.8354 0.5125 0.1985
vn -0.8420 0.3903 -0.3724
vn -0.9673 0.2530 0.0189
vn -0.9178 0.3735 0.1345
vn -0.7384 0.6364 0.2231
vn -0.7276 0.5607 0.3954
vn -0.7343 0.3388 -0.5883
vn -0.8765 0.2978 -0.3782
vn 0.1023 0.2468 -0.9637
vn -0.0874 0.2718 -0.9584
vn -0.0850 0.2748 -0.9577
vn 0.1638 0.2386 -0.9572
vn 0.6116 0.4416 -0.6564
vn 0.6389 0.1496 -0.7546
vn 0.1639 0.4893 -0.8566
vn 0.0608 0.5139 -0.8557
vn -0.0421 0.4836 -0.8743
vn 0.5675 0.4488 -0.6904
vn 0.4377 0.5029 -0.7453
vn 0.5951 0.3945 -0.7001
vn 0.8159 0.3362 -0.4704
vn 0.4005 0.4888 -0.7750
vn 0.0153 0.5145 -0.8573
vn 0.5489 0.2584 0.7950
vn 0.9049 0.0618 0.4212
vn 0.7543 -0.3279 0.5688
vn 0.5760 0.5615 0.5941
vn 0.8117 0.5396 0.2236
vn 0.9386 0.1671 0.3020
vn 0.9264 -0.2076 0.3143
vn 0.8848 -0.3474 0.3105
vn -0.9867 0.1391 -0.0845
vn -0.9829 0.1501 -0.1063
vn -0.9892 0.1290 -0.0695
vn -0.9919 0.0849 -0.0948
vn -0.9866 0.0929 -0.1343
vn -0.9794 0.1515 -0.1334
vn -0.9833 0.1469 -0.1074
vn -0.0000 -1.0000 0.0038
vn 0.7670 -0.6364 0.0816
vn 0.7607 -0.6410 0.1018
vn 0.7579 -0.6449 0.0982
vn 0.7655 -0.6425 0.0351
vn 0.7667 -0.6408 0.0384
vn 0.7659 -0.6386 0.0742
vn 0.7409 -0.6697 0.0507
vn 0.7382 -0.6741 0.0252
vn 0.0162 -0.9936 -0.1118
vn 0.0372 -0.9930 -0.1119
vn -0.0208 -0.9988 -0.0452
vn 0.1269 -0.9574 -0.2595
vn 0.0191 -0.9627 -0.2699
vn 0.0402 -0.9944 -0.0980
vn -0.0247 -0.9938 -0.1081
vn -0.0086 -1.0000 0.0032
vn 0.0005 -0.9995 -0.0301
vn 0.0210 -0.9989 -0.0424
vn 0.0139 -0.9648 -0.2627
vn 0.0023 -0.9565 -0.2917
vn -0.0176 -0.9947 -0.1014
vn -0.0571 -0.9922 -0.1107
vn -0.0219 -0.9963 -0.0835
vn -0.7506 -0.6517 0.1092
vn -0.7476 -0.6567 -0.0991
vn -0.7475 -0.6566 -0.1005
vn -0.7440 -0.6434 0.1804
vn -0.6284 -0.6526 0.4234
vn -0.5869 -0.6787 0.4415
vn -0.7640 -0.6411 -0.0728
vn -0.7676 -0.6372 -0.0691
vn 0.2266 -0.8365 0.4990
vn 0.1181 -0.8215 0.5578
vn 0.1275 -0.8233 0.5531
vn -0.0409 -0.7801 0.6243
vn -0.0654 -0.7722 0.6320
vn 0.0011 -0.9999 -0.0133
vn 0.0157 -0.9999 -0.0040
vn 0.0105 -0.9980 -0.0617
vn -0.0234 -0.9985 -0.0504
vn 0.0086 -0.9996 -0.0287
vn -0.6730 0.7393 0.0217
vn -0.8566 0.5043 0.1089
vn -0.8750 0.4785 -0.0734
vn -0.5328 0.8462 0.0071
vn -0.8945 0.4420 -0.0672
vn -0.9807 0.1613 -0.1103
vn -0.9778 0.1613 -0.1339
vn -0.9856 0.1514 -0.0751
vn 0.4075 0.9098 0.0792
vn 0.9165 0.3978 0.0424
vn 0.7780 0.6094 0.1527
vn 0.2833 0.9529 0.1081
vn -0.1389 0.9708 0.1958
vn -0.9730 0.1640 0.1626
vn -0.9788 0.1579 -0.1307
vn -0.8060 0.2068 0.5547
vn -0.9687 0.1793 0.1717
vn 0.9957 0.0643 0.0669
vn 0.9977 0.0658 0.0192
vn 0.9977 0.0642 0.0201
vn 0.9954 0.0644 0.0703
vn 0.9956 0.0825 0.0452
vn 0.9964 0.0768 0.0371
vn 0.9898 0.0441 0.1357
vn -0.3459 0.9269 0.1458
vn -0.0430 0.9802 0.1933
vn 0.0284 0.9865 0.1611
vn 0.2395 0.9659 0.0985
vn 0.1417 0.9823 0.1227
vn 0.9944 0.0903 0.0558
vn -0.8741 0.2262 -0.4298
vn -0.7471 0.2672 -0.6086
vn 0.9127 0.4077 0.0267
vn 0.5553 0.8300 0.0518
vn 0.9955 0.0831 0.0446
vn 0.9975 0.0690 0.0174
vn 0.9611 0.2505 0.1168
vn 0.9954 0.0567 0.0773
vn 0.9828 0.0291 0.1826
vn 0.9943 -0.0084 0.1059
vn 0.9983 0.0494 0.0315
vn 0.9892 0.0176 0.1454
vn 0.9998 0.0113 -0.0173
vn 0.9758 0.1506 -0.1587
vn 0.9945 0.0747 0.0733
vn 0.9721 0.1217 -0.2004
vn 0.9706 0.0659 -0.2316
vn 0.9996 0.0138 -0.0262
vn 0.9693 0.0698 -0.2357
vn 0.9999 0.0102 -0.0094
vn 0.9961 0.0134 0.0873
vn 0.9939 0.0133 0.1098
vn 0.7918 0.2646 -0.5504
vn 0.3820 0.3095 -0.8708
vn 0.3868 0.3973 -0.8322
vn 0.7919 0.2049 -0.5752
vn -0.0658 0.3203 -0.9450
vn -0.0121 0.4127 -0.9108
vn 0.8008 0.3200 -0.5063
vn 0.7903 0.2015 -0.5786
vn 0.7884 0.2659 -0.5547
vn 0.9701 0.0790 -0.2296
vn 0.9919 0.0437 0.1193
vn 0.9706 0.0834 0.2259
vn 0.9710 0.0457 0.2346
vn -0.8117 0.1902 0.5523
vn -0.5664 0.2120 0.7964
vn -0.5744 0.2290 0.7859
vn 0.0491 -0.7352 -0.6761
vn -0.1464 -0.7793 -0.6092
vn 0.0680 -0.7188 -0.6919
vn 0.1697 -0.6980 -0.6957
vn 0.1845 -0.6942 -0.6957
vn -0.3067 -0.7781 -0.5482
vn -0.6397 -0.6777 -0.3627
vn -0.5464 -0.7106 -0.4432
vn -0.7967 0.2243 0.5612
vn -0.5831 0.2471 0.7739
vn -0.5744 0.2291 0.7859
vn -0.3362 0.2202 0.9157
vn -0.1481 0.1469 0.9780
vn -0.1836 0.1593 0.9700
vn -0.3128 0.2036 0.9277
vn 0.1469 0.0929 0.9848
vn -0.5743 0.2291 0.7859
vn 0.3987 -0.6660 -0.6304
vn 0.4917 -0.6546 -0.5741
vn -0.0392 -0.9986 0.0345
vn -0.0207 -0.9990 0.0393
vn -0.0120 -0.9993 0.0358
vn -0.6283 -0.6526 0.4234
vn -0.4145 -0.7413 0.5279
vn -0.5868 -0.6787 0.4416
vn -0.3702 -0.7478 0.5511
vn -0.2066 -0.7565 0.6204
vn -0.1839 -0.7561 0.6281
vn -0.0434 -0.9625 -0.2677
vn -0.0492 -0.9987 0.0096
vn -0.0082 -0.9983 -0.0572
vn -0.0686 -0.9939 -0.0863
vn 0.0289 -0.9753 -0.2190
vn -0.0133 -0.9559 -0.2935
vn 0.0244 -0.9997 0.0055
vn 0.0240 -0.9994 0.0245
vn 0.0134 -0.9994 0.0310
vn -0.0023 -0.9998 0.0216
vn -0.0100 -0.9992 0.0388
vn -0.0355 -0.9987 0.0372
vn -0.3154 -0.6511 0.6904
vn 0.1112 -0.9740 -0.1974
vn 0.0459 -0.9832 -0.1764
vn 0.1340 -0.9679 -0.2126
vn 0.1899 -0.9527 -0.2375
vn 0.5970 0.5014 -0.6262
vn 0.1858 -0.7156 -0.6733
vn 0.2165 -0.7389 -0.6381
vn 0.2801 -0.8091 -0.5167
vn -0.0531 -0.9980 0.0328
vn -0.0329 -0.9995 0.0016
vn -0.8733 0.1839 -0.4511
vn -0.8734 -0.4859 0.0340
vn -0.9249 -0.2593 -0.2781
vn 0.2962 -0.8762 -0.3802
vn 0.2956 -0.8632 -0.4094
vn 0.2898 -0.8228 -0.4889
vn 0.2713 -0.9027 -0.3339
vn -0.7266 0.2895 -0.6231
vn -0.8150 -0.0044 -0.5794
vn -0.7806 -0.5770 0.2404
vn -0.0811 0.4996 0.8624
vn -0.0805 0.4978 0.8635
vn 0.1674 0.4956 0.8523
vn 0.6806 -0.6275 -0.3781
vn 0.7466 -0.6526 -0.1294
vn 0.7017 -0.6359 -0.3214
vn 0.7388 -0.6655 -0.1065
vn -0.2873 -0.7863 0.5470
vn -0.1010 -0.7995 0.5921
vn -0.3547 -0.7479 0.5612
vn -0.0494 -0.8094 0.5852
vn 0.3044 -0.7462 0.5920
vn -0.1691 0.9851 -0.0312
vn -0.1450 0.9887 -0.0392
vn 0.1120 0.9921 -0.0569
vn -0.7387 -0.6298 -0.2402
vn -0.6555 -0.6705 -0.3475
vn -0.7472 -0.6328 -0.2032
vn -0.5647 -0.7128 -0.4160
vn 0.9947 0.0886 0.0523
vn 0.9932 0.0984 0.0626
vn 0.9919 0.1065 0.0695
vn 0.9963 0.0167 0.0847
vn 0.9606 -0.0453 0.2743
vn 0.9914 -0.0779 0.1052
vn 0.8210 0.3274 -0.4677
vn 0.9840 0.1175 -0.1342
vn 0.9948 0.0624 -0.0800
vn 0.8941 0.2609 -0.3642
vn 0.8006 0.3218 -0.5054
vn 0.8893 0.2696 -0.3693
vn -0.2293 0.2931 -0.9282
vn -0.1714 0.3917 -0.9040
vn -0.1450 0.4911 -0.8589
vn -0.0926 0.4928 -0.8652
vn -0.1105 -0.9128 -0.3931
vn 0.6135 0.7126 0.3403
vn 0.5779 0.6394 0.5072
vn 0.5831 0.6387 0.5020
vn 0.5865 0.7754 0.2339
vn 0.5930 0.7676 0.2431
vn 0.4233 0.5541 0.7168
vn 0.6132 0.7091 0.3480
vn 0.1612 0.4634 -0.8714
vn -0.7201 0.6434 0.2597
vn -0.7261 0.5727 0.3805
vn -0.8429 -0.5194 0.1405
vn -0.7483 -0.6177 0.2418
vn -0.7587 -0.6258 0.1811
vn -0.8721 -0.4709 0.1327
vn -0.9693 -0.2295 -0.0880
vn -0.9776 -0.1677 -0.1273
vn 0.9192 0.2259 -0.3224
vn 0.9980 0.0263 -0.0570
vn 0.4869 0.8663 0.1118
vn 0.5069 0.8523 0.1288
vn 0.3175 0.9482 0.0095
vn 0.3233 -0.7104 0.6251
vn 0.6313 -0.6041 0.4863
vn 0.7025 -0.3792 0.6022
vn 0.9814 -0.1512 0.1183
vn 0.5889 0.4029 -0.7006
vn 0.2544 -0.9203 -0.2971
vn 0.2141 -0.9406 -0.2636
vn 0.1831 0.4978 0.8477
vn 0.4351 0.5571 0.7073
vn 0.0050 -0.9998 0.0197
vn 0.0385 -0.9989 0.0257
vn 0.0392 -0.9991 0.0150
vn 0.0015 -0.9999 0.0124
vn 0.3082 0.9513 0.0073
vn 0.1131 0.9921 -0.0539
vn -0.0339 -0.9994 0.0108
vn -0.0356 -0.9987 0.0372
vn -0.0443 -0.9989 0.0142
vn -0.0319 -0.9994 0.0130
vn -0.0198 -0.9997 0.0138
vn 0.0025 -1.0000 0.0040
vn -0.0011 -0.9995 0.0301
vn -0.1838 -0.7561 0.6281
vn -0.0655 -0.7722 0.6320
vn -0.2066 -0.7565 0.6205
vn -0.7668 -0.6392 -0.0584
vn -0.7675 -0.6389 -0.0516
vn -0.0401 -0.9985 0.0373
vn -0.0499 -0.9986 0.0187
vn -0.7637 -0.6364 -0.1081
vn 0.7283 -0.6841 0.0396
vn 0.7353 -0.6769 0.0348
vn 0.7489 -0.6622 0.0253
vn -0.7612 -0.6351 -0.1313
vn -0.0386 -0.9991 0.0147
vn -0.0495 -0.9981 0.0363
vn -0.0406 -0.9991 0.0135
vn -0.0467 -0.9984 0.0334
vn 0.0137 -0.9998 0.0126
vn 0.0165 -0.9999 -0.0039
vn 0.1733 0.0849 0.9812
vn -0.1142 0.1350 0.9842
vn -0.2912 0.1877 0.9381
vn 0.1111 0.1020 0.9886
vn 0.3479 0.0732 0.9347
vn 0.3645 0.0672 0.9288
vn 0.6734 -0.6183 -0.4053
vn 0.7012 -0.6276 -0.3383
vn 0.7782 -0.6192 0.1051
vn 0.9785 0.0251 0.2046
vn 0.9764 -0.2138 0.0305
vn 0.6362 -0.7452 -0.1997
vn 0.7069 -0.5777 0.4081
vn 0.8468 -0.4734 0.2426
vn 0.6816 -0.6121 0.4009
vn 0.2939 -0.9555 0.0237
vn 0.5892 -0.7418 -0.3203
vn 0.6170 -0.7651 -0.1841
vn 0.7459 -0.5149 -0.4226
vn -0.0155 0.3476 0.9375
vn -0.5174 0.3081 0.7983
vn -0.1616 0.3576 0.9198
vn -0.0349 0.4778 -0.8778
vn 0.6971 -0.5131 0.5007
vn 0.5563 0.4427 -0.7032
vn -0.9091 0.1262 -0.3970
vn -0.8519 0.3793 -0.3611
vn 0.9152 0.0091 -0.4029
vn 0.6204 0.1612 -0.7676
vn 0.5812 0.1717 -0.7954
vn 0.9085 0.0161 -0.4175
vn 0.9839 -0.1314 -0.1210
vn 0.9825 -0.1173 -0.1447
vn 0.9735 -0.2259 0.0363
vn -0.8898 -0.4482 0.0859
vn -0.8202 -0.5171 0.2447
vn -0.8206 -0.5129 0.2522
vn -0.8976 -0.4377 0.0526
vn -0.9309 -0.2830 -0.2310
vn -0.9279 -0.2572 -0.2698
vn -0.7988 -0.1002 -0.5932
vn 0.1382 0.1728 -0.9752
vn -0.0465 0.1547 -0.9869
vn -0.0412 0.1464 -0.9884
vn 0.1737 0.1878 -0.9667
vn 0.5775 0.1704 -0.7984
vn 0.6107 0.1803 -0.7711
vn 0.2506 -0.6429 0.7238
vn 0.6684 -0.5312 0.5207
vn 0.6213 -0.5561 0.5521
vn -0.1098 -0.6565 0.7463
vn 0.2834 -0.6378 0.7161
vn -0.1442 -0.6565 0.7404
vn -0.3135 -0.6438 0.6981
vn -0.3120 -0.6462 0.6964
vn 0.9650 -0.2501 0.0795
vn 0.8961 -0.3647 0.2528
vn 0.8674 -0.3937 0.3043
vn 0.6672 -0.5361 0.5172
vn 0.6205 -0.5529 0.5561
vn -0.8124 -0.1216 -0.5703
vn -0.6523 -0.0095 -0.7579
vn -0.7907 -0.0997 -0.6040
vn -0.8064 -0.1101 -0.5811
vn -0.6515 -0.0107 -0.7586
vn 0.3791 0.0619 0.9233
vn -0.5663 0.2120 0.7965
vn -0.9641 0.1954 0.1796
vn 0.7941 0.1793 -0.5807
vn 0.7912 0.1824 -0.5837
vn -0.9676 0.0163 -0.2519
vn -0.9756 0.0147 -0.2188
vn -0.9770 0.1651 -0.1346
vn -0.7489 0.2098 -0.6286
vn -0.8228 -0.0366 -0.5671
vn -0.7062 0.0899 -0.7023
vn -0.5738 -0.8179 0.0425
vn -0.4117 -0.9025 -0.1265
vn -0.3932 -0.8895 0.2327
vn -0.2201 -0.8701 0.4410
vn -0.2627 -0.5406 0.7992
vn -0.2380 -0.9690 0.0668
vn -0.7983 -0.5147 0.3127
vn -0.0253 -0.9609 0.2757
vn -0.6896 -0.0848 0.7192
vn -0.8784 -0.0799 0.4712
vn -0.6473 -0.5372 0.5408
vn -0.1361 0.5605 -0.8169
vn 0.2481 0.1196 -0.9613
vn 0.1514 0.3901 -0.9083
vn -0.4913 0.2754 -0.8263
vn -0.0319 0.3582 -0.9331
vn 0.4257 0.0143 -0.9048
vn 0.4444 0.1938 -0.8746
vn -0.1968 0.0923 -0.9761
vn -0.6663 0.5217 -0.5329
vn -0.4908 0.3905 -0.7789
vn -0.6603 0.5324 -0.5297
vn -0.2551 0.2203 -0.9415
vn -0.4746 0.4065 -0.7807
vn -0.2653 0.2128 -0.9404
vn -0.5013 0.3769 -0.7789
vn -0.6526 0.5475 -0.5237
vn 0.0418 0.0211 -0.9989
vn 0.0460 0.0183 -0.9988
vn -0.3910 0.7272 -0.5642
vn -0.2926 0.6353 -0.7147
vn -0.5058 0.8097 -0.2976
vn -0.7190 0.4213 -0.5528
vn -0.4801 0.3505 -0.8041
vn -0.4814 0.3188 -0.8165
vn -0.2008 0.1074 -0.9737
vn 0.1309 0.5362 -0.8339
vn -0.1609 0.7340 -0.6598
vn -0.2032 0.1197 -0.9718
vn 0.0754 -0.1566 -0.9848
vn 0.4142 0.3205 -0.8519
vn -0.9773 -0.0433 0.2076
vn -0.9705 0.1438 0.1935
vn -0.9908 -0.0504 -0.1253
vn -0.8396 0.0760 0.5378
vn -0.7040 0.4560 0.5445
vn -0.8237 0.5383 0.1783
vn -0.9772 0.1355 -0.1633
vn -0.8206 0.5359 -0.1984
vn 0.8222 -0.5285 -0.2115
vn 0.8823 -0.3999 -0.2482
vn 0.8816 -0.4029 -0.2458
vn 0.8055 -0.5581 -0.1993
vn 0.8782 -0.4308 -0.2080
vn 0.8784 -0.4314 -0.2059
vn 0.6805 -0.7230 -0.1188
vn 0.4846 -0.3837 -0.7861
vn 0.3770 -0.5109 -0.7726
vn 0.4843 -0.3873 -0.7845
vn 0.3525 -0.5431 -0.7621
vn 0.1905 -0.7179 -0.6696
vn -0.4858 0.3819 -0.7862
vn -0.3266 -0.0501 -0.9438
vn -0.5133 0.3475 -0.7847
vn -0.2855 0.0769 -0.9553
vn -0.2640 -0.0827 -0.9610
vn -0.5126 0.3624 -0.7784
vn -0.6677 0.5477 -0.5042
vn -0.1582 -0.4762 -0.8650
vn -0.0759 -0.2811 -0.9567
vn -0.6977 0.5427 -0.4677
vn -0.7227 0.5448 -0.4254
vn -0.7840 0.6029 -0.1482
vn -0.8569 0.5111 -0.0669
vn -0.8151 0.5700 -0.1037
vn -0.4787 0.3924 -0.7854
vn -0.7393 0.5384 -0.4044
vn 0.0047 0.0838 0.9965
vn 0.2466 0.0916 0.9648
vn 0.5334 -0.3717 0.7598
vn 0.2738 -0.6479 0.7108
vn 0.6682 -0.5675 0.4810
vn 0.5725 -0.7622 0.3021
vn 0.5230 -0.6219 0.5828
vn 0.2439 -0.8513 0.4646
vn 0.4277 0.0691 0.9013
vn 0.7974 -0.5621 0.2194
vn 0.1994 0.1624 0.9664
vn 0.3316 0.0257 0.9431
vn 0.1155 0.1127 0.9869
vn 0.1353 -0.5784 -0.8044
vn -0.0208 -0.7477 -0.6637
vn -0.0759 -0.2812 -0.9567
vn -0.0576 -0.5709 -0.8190
vn 0.1292 -0.8999 -0.4165
vn 0.0286 -0.7887 -0.6142
vn 0.3324 -0.7535 -0.5673
vn 0.1150 -0.8888 -0.4437
vn -0.2640 -0.0828 -0.9610
vn 0.3175 -0.3219 -0.8920
vn -0.2486 0.2002 -0.9477
vn 0.0223 -0.0613 -0.9979
vn 0.2294 -0.5609 -0.7955
vn 0.1862 -0.3668 -0.9115
vn -0.4176 0.4000 0.8159
vn -0.7853 0.3309 0.5233
vn -0.5332 0.2519 0.8076
vn -0.2119 0.2299 0.9499
vn -0.1278 0.2804 0.9513
vn -0.1582 0.2620 0.9520
vn -0.3735 0.4066 0.8338
vn -0.1356 0.2670 0.9541
vn -0.1562 0.2893 0.9444
vn -0.3498 0.4114 0.8417
vn 0.2465 0.0916 0.9648
vn 0.1993 0.1624 0.9664
vn -0.5651 0.1067 0.8181
vn -0.3545 0.1590 0.9214
vn 0.1154 0.1127 0.9869
vn -0.7598 0.6254 -0.1775
vn -0.7840 0.6029 -0.1481
vn -0.7442 0.6289 0.2251
vn -0.7599 0.6254 -0.1775
vn -0.8151 0.5700 -0.1036
vn -0.7756 0.5873 0.2316
vn -0.8157 0.5309 0.2296
vn -0.5832 0.5469 0.6006
vn -0.8569 0.5111 -0.0668
vn -0.8992 0.3888 0.2007
vn -0.6205 0.5201 0.5869
vn -0.6778 0.4865 0.5513
vn -0.8994 0.4369 -0.0150
vn -0.9258 0.3261 0.1912
vn -0.6448 0.0495 0.7627
vn -0.9453 0.2622 0.1942
vn -0.8421 0.1637 0.5139
vn 0.5179 -0.8527 -0.0688
vn 0.2796 -0.9597 0.0277
vn 0.2470 -0.9638 -0.1006
vn 0.2913 -0.9530 -0.0832
vn 0.5300 -0.8350 -0.1476
vn 0.2079 -0.9435 -0.2579
vn 0.5301 -0.8350 -0.1476
vn 0.2470 -0.9638 -0.1007
vn 0.4715 -0.8176 -0.3304
vn 0.8055 -0.5822 -0.1102
vn 0.8293 -0.5583 -0.0224
vn 0.5180 -0.8526 -0.0688
vn 0.2187 -0.9520 -0.2141
vn 0.5725 -0.7622 0.3020
vn 0.1292 -0.9000 -0.4164
vn 0.7147 -0.6734 -0.1891
vn 0.5464 -0.8109 -0.2096
vn 0.5673 -0.7969 -0.2075
vn 0.7148 -0.6732 -0.1896
vn 0.3283 -0.9180 -0.2225
vn 0.3283 -0.9180 -0.2224
vn 0.7143 -0.6728 -0.1924
vn 0.3558 -0.4891 -0.7964
vn 0.5020 -0.3708 -0.7814
vn 0.2871 -0.5276 -0.7995
vn 0.4982 -0.3668 -0.7857
vn 0.0680 -0.6240 -0.7784
vn 0.4757 -0.3437 -0.8097
vn 0.0681 -0.6240 -0.7785
vn 0.1345 -0.4420 0.8869
vn 0.4641 -0.4271 0.7760
vn 0.2672 -0.3327 0.9044
vn 0.6589 -0.4368 0.6125
vn 0.4963 -0.3815 0.7799
vn 0.3220 -0.5836 0.7455
vn 0.6341 -0.4901 0.5981
vn 0.3083 -0.3046 0.9012
vn -0.3861 -0.5537 0.7377
vn -0.0574 -0.8367 0.5446
vn 0.5109 -0.6534 0.5587
vn 0.2612 -0.9515 0.1627
vn -0.9910 -0.0256 -0.1314
vn -0.8846 0.0654 -0.4617
vn -0.9162 -0.0970 -0.3889
vn -0.9765 0.1396 -0.1643
vn -0.8391 0.5038 -0.2052
vn -0.7146 -0.0638 -0.6966
vn -0.7730 -0.2121 -0.5979
vn -0.5987 0.7444 -0.2957
vn -0.5558 0.8228 0.1183
vn -0.6444 0.7571 -0.1070
vn -0.5261 0.8243 -0.2093
vn -0.4758 0.7491 0.4609
vn -0.6161 0.7423 0.2633
vn -0.5700 -0.3683 -0.7344
vn 0.8863 -0.4598 -0.0551
vn 0.8234 -0.4582 -0.3346
vn 0.8918 -0.4510 -0.0353
vn 0.7354 -0.5832 -0.3450
vn 0.5774 -0.5065 -0.6404
vn 0.6669 -0.3711 -0.6461
vn 0.8295 -0.4463 -0.3357
vn 0.6731 -0.3586 -0.6468
vn 0.8511 -0.3447 0.3959
vn 0.6933 -0.0489 0.7190
vn 0.9070 -0.3073 0.2879
vn 0.8918 -0.4511 -0.0353
vn 0.7811 0.2746 0.5608
vn 0.8056 -0.5822 -0.1102
vn 0.8294 -0.5582 -0.0224
vn 0.9015 0.1598 0.4022
vn -0.4738 -0.2401 -0.8473
vn -0.3252 -0.5445 -0.7732
vn -0.1929 -0.4386 -0.8778
vn 0.1282 -0.1206 -0.9844
vn 0.8176 -0.1931 0.5425
vn 0.9498 -0.2376 0.2036
vn 0.6396 -0.2160 0.7378
vn 0.4382 -0.3377 0.8331
vn 0.6667 -0.5281 0.5259
vn 0.9569 -0.2430 0.1591
vn 0.5529 -0.0264 0.8328
vn 0.7702 -0.6256 0.1241
vn 0.3811 -0.1958 -0.9036
vn 0.0419 0.0211 -0.9989
vn 0.3839 -0.1855 -0.9046
vn 0.0461 0.0182 -0.9988
vn 0.0224 -0.0613 -0.9979
vn 0.2969 -0.7917 -0.5339
vn -0.0801 -0.7203 -0.6891
vn 0.0736 -0.6289 -0.7740
vn 0.2540 -0.9434 -0.2133
vn 0.1323 -0.8721 -0.4711
vn -0.3173 -0.5443 -0.7766
vn -0.1911 -0.4403 -0.8773
vn 0.4151 0.1937 -0.8889
vn 0.5335 0.1371 -0.8346
vn 0.6793 -0.0112 -0.7338
vn 0.3989 -0.3498 -0.8476
vn 0.1020 -0.1495 -0.9835
vn 0.6402 -0.5157 -0.5695
vn 0.8047 -0.1738 -0.5676
vn 0.8737 -0.1793 -0.4522
vn 0.9366 -0.3497 -0.0226
vn 0.8290 -0.5507 -0.0970
vn 0.6495 -0.7459 -0.1474
vn -0.7233 0.6549 0.2189
vn -0.5588 0.5730 0.5995
vn -0.3313 0.4311 0.8393
vn -0.7174 0.6628 0.2147
vn -0.3238 0.4422 0.8364
vn -0.5505 0.5836 0.5969
vn -0.0821 0.3007 0.9502
vn -0.1057 0.3058 0.9462
vn -0.7513 0.6325 -0.1883
vn -0.7508 0.6317 -0.1933
vn -0.7442 0.6289 0.2250
vn 0.3053 0.0791 0.9490
vn 0.2523 0.2154 0.9434
vn -0.3412 0.1284 0.9312
vn -0.2690 0.4194 0.8670
vn -0.1453 0.4989 0.8544
vn -0.7340 -0.6469 -0.2067
vn -0.7402 -0.6283 -0.2394
vn -0.5516 -0.7489 -0.3674
vn -0.4747 -0.8622 -0.1765
vn -0.6264 -0.7794 0.0095
vn -0.8754 -0.4774 -0.0757
vn -0.8726 -0.4868 -0.0408
vn -0.0253 -0.9893 0.1434
vn -0.4416 -0.7611 0.4750
vn -0.7693 -0.6233 0.1404
vn 0.1047 -0.7670 0.6330
vn -0.0187 -0.6443 0.7645
vn -0.3227 -0.8786 0.3520
vn 0.4023 -0.8739 0.2729
vn 0.8007 -0.5720 -0.1781
vn 0.8290 -0.5508 -0.0970
vn 0.9320 -0.3326 -0.1441
vn 0.7741 -0.6005 -0.2002
vn 0.9406 -0.3112 -0.1354
vn 0.5830 -0.7863 -0.2046
vn 0.9187 -0.3630 -0.1559
vn 0.5163 -0.8197 -0.2480
vn 0.4477 -0.8246 -0.3457
vn 0.4381 -0.8213 -0.3655
vn 0.3996 -0.8003 -0.4471
vn 0.3986 -0.7983 -0.4515
vn 0.9177 -0.3651 -0.1569
vn 0.9014 -0.4012 -0.1629
vn 0.9004 -0.4034 -0.1627
vn 0.5676 0.6374 0.5212
vn 0.7653 0.4953 0.4111
vn 0.7674 0.5014 0.3996
vn 0.5717 0.6247 0.5319
vn 0.9111 0.2982 0.2844
vn 0.9087 0.3263 0.2603
vn 0.5793 0.5908 0.5616
vn 0.7692 0.4635 0.4398
vn 0.9112 0.3286 0.2485
vn 0.7811 0.2747 0.5608
vn 0.6035 0.4577 0.6529
vn 0.9214 0.2359 0.3088
vn 0.5892 0.5396 0.6014
vn 0.7835 0.4027 0.4733
vn -0.5012 -0.8499 0.1628
vn -0.2994 -0.9541 -0.0041
vn -0.5628 -0.8220 0.0874
vn -0.7232 -0.6386 0.2629
vn -0.2280 -0.9725 0.0483
vn -0.4500 -0.8684 -0.2084
vn -0.6818 -0.7240 -0.1047
vn -0.0707 -0.9165 0.3937
vn -0.7162 -0.6485 0.2579
vn -0.7481 -0.6378 0.1831
vn -0.8267 -0.5619 0.0280
vn -0.5451 -0.7453 -0.3840
vn 0.1048 -0.7670 0.6330
vn 0.4024 -0.8738 0.2729
vn 0.6935 -0.5713 0.4390
vn 0.1865 -0.4998 0.8458
vn -0.0186 -0.6443 0.7645
vn 0.5384 -0.3866 0.7488
vn 0.7724 0.0753 0.6306
vn 0.6140 -0.7813 -0.1121
vn -0.7863 0.1467 0.6002
vn -0.7303 -0.0354 0.6822
vn -0.7255 -0.0473 0.6866
vn -0.7914 0.1598 0.5901
vn -0.7862 0.1462 0.6005
vn -0.6067 -0.2728 0.7466
vn -0.1704 0.3326 0.9275
vn -0.2212 0.5030 0.8355
vn -0.1623 0.3095 0.9370
vn -0.2207 0.5047 0.8346
vn -0.0808 0.0831 0.9933
vn -0.0808 0.0832 0.9933
vn -0.2139 0.5458 0.8102
vn -0.2144 0.5418 0.8127
vn -0.6068 -0.2728 0.7466
vn 0.8796 -0.4559 -0.1356
vn 0.8804 -0.4541 -0.1371
vn 0.9062 -0.3466 0.2422
vn 0.3539 -0.9088 -0.2211
vn 0.3952 -0.8096 -0.4340
vn 0.6139 -0.7814 -0.1121
vn 0.3954 -0.8133 -0.4268
vn 0.9062 -0.3466 0.2423
vn 0.5975 0.2370 0.7660
vn 0.7724 0.0754 0.6306
vn 0.6053 0.4599 0.6497
vn 0.8001 0.3069 0.5154
vn 0.9299 0.1347 0.3422
vn 0.8001 0.3068 0.5154
vn 0.5469 0.0191 0.8370
vn 0.5975 0.2370 0.7661
vn -0.5672 -0.3820 -0.7296
vn -0.7093 -0.6693 -0.2213
vn -0.7550 -0.2388 -0.6108
vn -0.5363 -0.7618 -0.3634
vn -0.4067 -0.9058 -0.1193
vn -0.9509 -0.0273 -0.3083
vn -0.9651 -0.2579 0.0451
vn -0.6459 -0.7634 0.0017
vn -0.8823 -0.4002 0.2477
vn -0.6421 0.1533 -0.7512
vn -0.4241 0.1176 -0.8979
vn -0.4418 0.0655 -0.8947
vn -0.7246 -0.0446 -0.6877
vn -0.8684 0.0855 -0.4885
vn -0.7930 0.2367 -0.5614
vn -0.5066 -0.1256 -0.8530
vn -0.5513 -0.3102 -0.7745
vn -0.8400 -0.3582 -0.4075
vn -0.9626 -0.2690 -0.0326
vn -0.7640 0.2756 -0.5833
vn -0.6139 0.2024 -0.7630
vn 0.5743 -0.7838 -0.2363
vn 0.7460 -0.6138 -0.2584
vn 0.7499 -0.6094 -0.2575
vn 0.5623 -0.7934 -0.2329
vn 0.8087 -0.5403 -0.2325
vn 0.8102 -0.5387 -0.2310
vn 0.2612 -0.9515 0.1626
vn 0.1654 -0.9861 -0.0162
vn 0.3132 -0.3934 -0.8644
vn 0.1695 -0.5856 -0.7927
vn 0.3131 -0.3934 -0.8644
vn 0.1692 -0.5859 -0.7925
vn -0.2096 -0.7923 -0.5730
vn -0.2203 -0.7943 -0.5662
vn -0.9549 -0.0275 0.2958
vn -0.9460 0.1819 0.2682
vn -0.9465 0.1708 0.2738
vn -0.8188 -0.1105 0.5634
vn -0.9442 0.2563 0.2070
vn -0.9439 0.2521 0.2132
vn -0.5615 -0.0492 0.8260
vn -0.6021 -0.2111 0.7700
vn -0.5629 -0.0538 0.8248
vn -0.8187 -0.1105 0.5635
vn -0.5548 0.0064 0.8320
vn -0.7785 -0.4693 0.4167
vn -0.3862 -0.5537 0.7377
vn -0.8187 -0.1106 0.5634
vn -0.4936 -0.6926 0.5261
vn -0.9626 -0.2691 -0.0325
vn -0.8512 -0.5220 0.0545
vn -0.4519 -0.8037 -0.3872
vn -0.2097 -0.7923 -0.5730
vn -0.4519 -0.8036 -0.3872
vn -0.2204 -0.7943 -0.5662
vn -0.0575 -0.8367 0.5446
vn -0.0639 -0.9873 0.1453
vn 0.2611 -0.9515 0.1626
vn 0.1653 -0.9861 -0.0162
vn -0.8784 -0.0798 0.4712
vn -0.8268 0.1480 0.5427
vn -0.8282 0.1467 0.5409
vn -0.5134 0.1848 0.8380
vn -0.7525 0.1802 0.6334
vn -0.1066 -0.1954 0.9749
vn -0.3233 0.1312 0.9372
vn -0.3286 0.1271 0.9359
vn -0.6473 -0.5371 0.5409
vn -0.7204 -0.0082 -0.6935
vn -0.9066 -0.0751 -0.4153
vn -0.8678 0.0593 -0.4933
vn -0.5108 -0.0744 -0.8565
vn -0.7652 -0.2019 -0.6113
vn -0.5305 -0.0825 -0.8437
vn -0.5535 -0.2672 -0.7888
vn -0.5802 -0.4610 -0.6714
vn -0.7198 -0.0092 -0.6941
vn -0.8599 0.0637 -0.5064
vn -0.9122 -0.3255 -0.2487
vn -0.7652 -0.2020 -0.6112
vn -0.7456 -0.4211 -0.5166
vn -0.9066 -0.0751 -0.4152
vn -0.7455 -0.4211 -0.5166
vn -0.1065 -0.1954 0.9749
vn 0.3446 -0.0912 0.9343
vn 0.3451 -0.0867 0.9346
vn 0.1960 -0.3108 0.9301
vn 0.3353 -0.0510 0.9407
vn 0.0545 0.0647 0.9964
vn -0.2626 -0.5406 0.7992
vn 0.0646 -0.4611 0.8850
vn 0.8154 -0.3090 0.4895
vn 0.8238 -0.3312 0.4601
vn 0.8253 -0.3333 0.4559
vn 0.7365 -0.4325 0.5201
vn 0.8152 -0.3053 0.4922
vn 0.6998 -0.4859 0.5237
vn 0.5720 -0.6335 0.5211
vn 0.2039 -0.5638 -0.8004
vn 0.3522 -0.9179 -0.1830
vn 0.2740 -0.7362 -0.6188
vn -0.0758 -0.5562 0.8276
vn 0.2909 -0.5805 0.7606
vn 0.0780 -0.4745 0.8768
vn 0.4817 -0.6354 0.6035
vn 0.2983 -0.5739 0.7627
vn 0.0998 -0.7247 0.6818
vn 0.4898 -0.6453 0.5863
vn 0.1014 -0.4781 0.8724
vn 0.3485 -0.7906 0.5035
vn 0.1612 -0.9065 0.3903
vn -0.0461 -0.8529 0.5200
vn -0.0759 -0.5563 0.8275
vn -0.3450 -0.6765 0.6506
vn -0.4570 0.3969 -0.7960
vn -0.8804 0.3573 -0.3119
vn -0.7875 0.5227 -0.3266
vn -0.7642 0.5301 -0.3673
vn -0.4481 0.4043 -0.7974
vn -0.2298 0.2521 -0.9400
vn -0.5756 0.2201 -0.7876
vn -0.2251 0.2617 -0.9385
vn -0.3630 0.0711 -0.9291
vn -0.8989 0.3782 0.2213
vn -0.9509 -0.0272 -0.3084
vn -0.9551 0.1870 0.2296
vn -0.7549 -0.2387 -0.6108
vn -0.9651 -0.2579 0.0452
vn -0.8760 0.2745 0.3966
vn -0.8996 0.4146 0.1372
vn -0.9551 0.1869 0.2297
vn -0.8514 0.2226 0.4750
vn -0.8886 0.0271 0.4578
vn -0.8042 0.1869 0.5642
vn -0.8130 0.2156 0.5409
vn -0.8031 0.1841 0.5667
vn -0.7922 0.1611 0.5887
vn -0.2273 0.6044 0.7635
vn -0.2315 0.6137 0.7548
vn 0.0826 0.0697 0.9941
vn 0.3100 -0.0289 0.9503
vn 0.8406 -0.3494 0.4138
vn 0.9027 -0.4107 0.1282
vn 0.7868 -0.4478 0.4248
vn -0.7194 -0.0085 -0.6946
vn -0.5429 -0.0800 -0.8360
vn -0.8543 0.0629 -0.5159
vn -0.6582 -0.3512 -0.6659
vn -0.7871 -0.2514 -0.5633
vn -0.4313 0.1805 0.8840
vn -0.6742 0.1818 0.7158
vn 0.0544 0.0647 0.9964
vn 0.0825 0.0696 0.9942
vn 0.8831 -0.4357 -0.1741
vn 0.9027 -0.4108 0.1281
vn 0.5831 -0.7991 -0.1464
vn 0.5283 -0.4638 -0.7112
vn 0.5292 -0.4640 -0.7104
vn 0.5436 -0.4663 -0.6979
vn 0.4977 -0.4460 -0.7439
vn 0.4967 -0.4449 -0.7452
vn -0.9476 0.2774 0.1587
vn -0.9470 0.2768 0.1628
vn -0.5676 0.0257 0.8229
vn -0.5543 0.0048 0.8323
vn -0.5669 0.0254 0.8234
vn 0.8258 -0.5246 -0.2071
vn 0.8260 -0.5247 -0.2060
vn 0.8278 -0.5255 -0.1963
vn 0.8278 -0.5256 -0.1963
vn 0.3572 -0.2941 -0.8865
vn 0.3508 -0.3127 -0.8827
vn 0.3572 -0.2938 -0.8866
vn 0.3507 -0.3132 -0.8826
vn -0.6063 0.2131 -0.7661
vn -0.7545 0.2825 -0.5923
vn -0.5566 -0.0555 -0.8289
vn -0.4225 0.1311 -0.8968
vn -0.6992 0.0408 -0.7138
vn 0.5030 -0.3705 0.7809
vn 0.3226 -0.3007 0.8975
vn 0.6593 -0.4218 0.6225
vn 0.4636 -0.6098 0.6429
vn 0.3397 -0.5468 0.7653
vn 0.1828 -0.5079 0.8418
vn -0.8966 0.4367 0.0735
vn -0.8996 0.4147 0.1372
vn -0.7487 0.5308 -0.3971
vn -0.8966 0.4367 0.0736
vn -0.8912 0.3123 0.3289
vn -0.4456 0.4052 -0.7983
vn -0.2281 0.2660 -0.9366
vn -0.2747 0.2396 -0.9312
vn 0.3012 -0.5719 0.7631
vn 0.1141 -0.4824 0.8685
vn 0.4740 -0.6308 0.6143
vn 0.0712 -0.7435 0.6649
vn -0.1836 -0.6936 0.6966
vn 0.7140 -0.6725 -0.1948
vn 0.7143 -0.6727 -0.1929
vn 0.7143 -0.6721 -0.1953
vn 0.7139 -0.6723 -0.1957
vn 0.4693 -0.3372 -0.8161
vn 0.4514 -0.3195 -0.8332
vn 0.4461 -0.3143 -0.8380
vn -0.8129 0.2346 0.5331
vn -0.8134 0.2176 0.5395
vn -0.8124 0.2356 0.5334
vn -0.8102 0.2398 0.5348
vn -0.2944 0.6720 0.6795
vn -0.2982 0.6706 0.6793
vn -0.2729 0.6635 0.6967
vn -0.2642 0.6575 0.7056
vn -0.3338 0.9406 0.0614
vn -0.3181 0.9437 -0.0909
vn -0.3466 0.9263 0.1481
vn -0.3527 0.8205 0.4498
vn -0.3526 0.8119 0.4653
vn -0.3131 0.9401 -0.1351
vn -0.3011 0.9364 -0.1802
vn -0.1350 0.5829 0.8013
vn 0.1993 0.2865 0.9371
vn 0.2313 0.2605 0.9374
vn -0.1108 0.5990 0.7931
vn -0.1532 0.5801 0.8000
vn -0.3116 0.7215 0.6183
vn -0.1110 0.5972 0.7944
vn 0.9327 0.1082 0.3441
vn 0.9963 0.0809 0.0299
vn 0.9895 0.1298 -0.0636
vn 0.8869 0.0549 0.4586
vn 0.9752 -0.0284 0.2194
vn 0.9269 -0.0971 0.3625
vn 0.7411 0.0326 0.6706
vn 0.7076 0.0296 0.7060
vn 0.4900 0.1312 0.8618
vn 0.9909 -0.0701 0.1153
vn 0.6645 0.3824 -0.6420
vn 0.8180 0.1568 -0.5534
vn 0.7329 0.3766 -0.5666
vn 0.6047 0.3452 -0.7178
vn 0.9887 0.0827 -0.1251
vn 0.9884 0.0890 -0.1226
vn 0.9912 0.0490 -0.1234
vn 0.3190 0.6190 -0.7176
vn 0.4015 0.5533 -0.7298
vn 0.2177 0.6608 -0.7183
vn 0.4364 0.5163 -0.7368
vn -0.9681 0.2352 0.0868
vn -0.9354 0.1534 0.3185
vn -0.9679 0.2405 0.0723
vn -0.9431 0.2380 -0.2323
vn -0.9342 0.1440 0.3265
vn -0.8384 -0.0705 0.5405
vn -0.8356 -0.0775 0.5439
vn -0.9423 0.2540 -0.2179
vn -0.8588 0.1700 -0.4833
vn 0.7881 -0.3729 -0.4897
vn 0.7058 -0.4859 -0.5154
vn 0.8349 -0.5172 -0.1880
vn 0.6912 -0.5128 -0.5092
vn 0.7235 -0.2857 -0.6284
vn 0.7763 -0.6139 0.1433
vn 0.7041 -0.7093 0.0341
vn 0.6726 -0.7315 0.1118
vn 0.8347 -0.5044 -0.2211
vn 0.6305 -0.6591 0.4099
vn 0.3054 0.0791 0.9489
vn 0.6415 -0.1574 0.7508
vn 0.2524 0.2153 0.9434
vn 0.2329 -0.0871 0.9686
vn 0.2064 0.0537 0.9770
vn 0.3194 0.2108 0.9239
vn -0.1984 -0.5609 0.8038
vn 0.1921 -0.6465 0.7383
vn -0.1095 -0.4286 0.8968
vn 0.3804 -0.8052 0.4548
vn 0.2310 -0.8856 0.4030
vn 0.0758 -0.7478 0.6596
vn 0.1423 -0.0796 0.9866
vn 0.8752 -0.4617 -0.1447
vn 0.9086 -0.4022 -0.1124
vn 0.8285 -0.3009 -0.4723
vn 0.8691 -0.2430 -0.4309
vn 0.8081 -0.5606 -0.1806
vn 0.7695 -0.3922 -0.5041
vn 0.7225 -0.1310 -0.6789
vn 0.8065 -0.5522 0.2111
vn 0.8439 -0.4888 0.2210
vn 0.6761 -0.5345 0.5071
vn 0.7083 -0.4740 0.5231
vn 0.7424 -0.6513 0.1570
vn 0.8524 -0.4786 0.2105
vn 0.8253 -0.5286 -0.1984
vn 0.7488 -0.6478 0.1404
vn 0.6010 -0.6869 0.4085
vn 0.6961 -0.4984 0.5167
vn 0.9283 -0.3571 -0.1034
vn 0.8840 -0.2057 -0.4198
vn 0.7702 -0.3950 -0.5009
vn 0.7800 -0.0594 -0.6230
vn 0.7122 -0.3193 -0.6252
vn 0.1279 -0.1459 0.9810
vn 0.4534 -0.3251 0.8299
vn 0.4249 -0.3878 0.8180
vn 0.1611 -0.0895 0.9829
vn -0.0032 -0.3060 0.9520
vn 0.3090 -0.5368 0.7851
vn 0.6761 -0.5345 0.5072
vn -0.1489 0.1585 0.9761
vn 0.1619 -0.0893 0.9828
vn 0.1282 -0.1458 0.9810
vn -0.1091 0.2072 0.9722
vn 0.0025 -0.3046 0.9525
vn -0.3044 0.0002 0.9525
vn 0.4386 -0.3810 0.8139
vn 0.2439 -0.6374 0.7309
vn -0.4274 -0.1533 0.8910
vn -0.1079 -0.4133 0.9042
vn 0.5676 -0.7160 0.4063
vn -0.3838 0.8799 0.2801
vn -0.4420 0.8558 0.2688
vn -0.3662 0.7389 0.5656
vn -0.4217 0.7139 0.5590
vn -0.6771 0.7045 0.2126
vn -0.6581 0.5411 0.5235
vn -0.2891 0.3673 0.8840
vn -0.3319 0.9426 -0.0365
vn -0.3873 0.9204 -0.0532
vn -0.2385 0.8384 -0.4901
vn -0.2699 0.8998 -0.3428
vn -0.6015 0.7861 -0.1423
vn 0.0886 0.7943 0.6011
vn 0.1049 0.8367 0.5374
vn 0.1161 0.8636 0.4906
vn 0.1367 0.9336 0.3312
vn 0.1363 0.9337 0.3311
vn 0.1333 0.9765 0.1695
vn -0.1259 0.7293 -0.6726
vn 0.2421 0.5342 -0.8099
vn -0.0552 0.7796 -0.6238
vn -0.3091 0.6927 -0.6517
vn -0.2619 0.6534 -0.7103
vn 0.2071 0.4703 -0.8578
vn 0.0915 0.3926 -0.9152
vn -0.2189 0.6308 -0.7444
vn 0.1080 0.4137 -0.9040
vn 0.4812 0.1081 -0.8699
vn 0.5326 0.1845 -0.8260
vn 0.1996 0.4763 -0.8563
vn 0.5422 0.2243 -0.8097
vn 0.2423 0.5340 -0.8100
vn 0.5121 0.1493 -0.8459
vn 0.0950 0.3947 -0.9139
vn 0.5415 0.2243 -0.8103
vn 0.7551 -0.0551 -0.6533
vn 0.5121 0.1492 -0.8458
vn 0.6381 -0.1887 -0.7465
vn 0.5509 0.1934 -0.8118
vn 0.5084 0.1192 -0.8528
vn 0.7117 -0.4692 0.5228
vn 0.5818 -0.6642 0.4693
vn 0.6959 -0.5017 0.5138
vn -0.1086 0.2127 0.9711
vn -0.1490 0.1585 0.9761
vn -0.3227 0.5095 0.7977
vn -0.2972 -0.0018 0.9548
vn -0.5463 0.3173 0.7752
vn -0.8962 -0.0130 -0.4434
vn -0.9297 -0.0528 -0.3644
vn -0.9477 -0.0795 -0.3090
vn -0.9812 -0.1565 -0.1129
vn -0.9811 -0.1561 -0.1140
vn -0.3091 0.1494 0.9392
vn -0.1490 0.1585 0.9760
vn -0.4274 -0.1532 0.8910
vn -0.2384 0.8384 -0.4902
vn -0.0552 0.7792 -0.6243
vn -0.2695 0.9000 -0.3427
vn -0.1131 0.7396 -0.6634
vn -0.2245 0.6344 -0.7397
vn -0.4567 0.7624 -0.4585
vn -0.2554 0.8292 -0.4972
vn 0.1133 0.9864 0.1190
vn 0.0172 0.9989 0.0441
vn -0.0040 0.9991 0.0426
vn -0.5840 0.7510 0.3081
vn -0.8751 0.1974 0.4419
vn -0.9152 0.3756 0.1462
vn -0.5519 0.5654 0.6129
vn -0.5244 0.8495 -0.0574
vn -0.7582 -0.0649 0.6488
vn 0.4611 -0.8828 0.0902
vn 0.7720 -0.5863 -0.2455
vn 0.8082 -0.5773 0.1158
vn 0.2893 -0.9546 0.0717
vn 0.4236 -0.8741 -0.2378
vn 0.8813 -0.4352 0.1842
vn 0.9632 -0.2155 -0.1609
vn 0.8566 -0.5095 0.0816
vn 0.9684 -0.1984 0.1513
vn 0.8700 -0.4418 -0.2187
vn 0.3447 -0.9166 0.2026
vn 0.8739 -0.4833 0.0532
vn 0.4293 -0.9030 0.0159
vn 0.7170 -0.5323 0.4501
vn 0.9005 -0.3406 -0.2702
vn 0.4980 -0.8120 -0.3044
vn 0.2748 -0.3447 -0.8976
vn 0.6822 0.0252 -0.7307
vn -0.2992 0.6059 0.7371
vn -0.5076 0.3102 0.8039
vn -0.2572 0.4423 0.8592
vn -0.4475 0.6436 0.6209
vn -0.0334 0.4242 0.9050
vn 0.2466 0.2195 0.9439
vn 0.0785 0.1193 0.9898
vn 0.1071 -0.1129 0.9878
vn -0.2363 0.1347 0.9623
vn 0.2984 -0.9512 0.0778
vn 0.4602 -0.8824 0.0975
vn -0.5306 0.8204 -0.2132
vn -0.7174 0.6628 0.2146
vn -0.8452 -0.1025 0.5245
vn -0.6697 -0.2027 0.7144
vn -0.6529 -0.0439 0.7562
vn -0.4751 -0.3419 0.8108
vn -0.4287 -0.2199 0.8763
vn 0.2736 -0.6480 0.7108
vn -0.1327 -0.6282 0.7666
vn -0.1328 -0.6282 0.7666
vn -0.0099 -0.9638 0.2663
vn 0.2438 -0.8514 0.4645
vn 0.6035 0.4576 0.6529
vn 0.2914 -0.9530 -0.0832
vn 0.2062 -0.9413 -0.2672
vn 0.2187 -0.9520 -0.2140
vn -0.7926 -0.4540 -0.4071
vn -0.6582 -0.3513 -0.6659
vn -0.8849 -0.2290 -0.4057
vn -0.8635 -0.3888 -0.3212
vn -0.6914 -0.5215 -0.5000
vn -0.8849 -0.2289 -0.4057
vn 0.1662 -0.6757 0.7181
vn 0.0870 -0.6206 0.7792
vn 0.2710 -0.7368 0.6194
vn -0.7630 -0.1165 -0.6358
vn -0.8180 0.0976 -0.5668
vn -0.8450 -0.0364 -0.5335
vn -0.6421 -0.2083 -0.7378
vn 0.1068 -0.8073 -0.5804
vn 0.7142 -0.6720 -0.1958
vn -0.1954 -0.8386 0.5085
vn -0.0276 -0.9191 0.3932
vn -0.0276 -0.9190 0.3932
vn -0.1836 -0.6936 0.6965
vn 0.0712 -0.7436 0.6649
vn -0.3138 -0.7531 0.5782
vn 0.4711 -0.6296 0.6178
vn 0.6082 0.6471 0.4597
vn 0.7711 0.5212 0.3657
vn 0.7643 0.5265 0.3723
vn 0.4130 0.7756 0.4774
vn 0.6133 0.6443 0.4569
vn 0.2550 0.8715 0.4190
vn 0.4196 0.7706 0.4796
vn 0.2569 0.8696 0.4217
vn -0.5121 -0.8542 -0.0898
vn -0.5631 -0.8178 -0.1187
vn -0.5105 -0.8553 -0.0885
vn -0.4666 -0.8834 -0.0446
vn -0.5669 -0.8149 -0.1202
vn -0.6187 -0.7758 -0.1238
vn 0.1042 0.8393 -0.5336
vn 0.2686 0.7249 -0.6343
vn 0.2750 0.7225 -0.6343
vn 0.0081 0.9295 -0.3688
vn 0.1084 0.8378 -0.5351
vn 0.4723 0.6045 -0.6414
vn 0.4800 0.6050 -0.6352
vn 0.8235 0.4211 -0.3802
vn 0.8995 0.3768 -0.2213
vn 0.8167 0.4186 -0.3971
vn 0.9008 0.3827 -0.2051
vn 0.6666 0.5047 -0.5486
vn 0.9234 0.3827 -0.0287
vn -0.5201 -0.8296 0.2032
vn -0.5903 -0.7807 0.2051
vn -0.5901 -0.7808 0.2050
vn -0.4638 -0.8635 0.1983
vn -0.5229 -0.8278 0.2031
vn -0.4637 -0.8635 0.1983
vn -0.4534 -0.8809 0.1358
vn -0.4531 -0.8815 0.1326
vn -0.4400 -0.8964 0.0527
vn -0.0007 0.9360 -0.3519
vn -0.0262 0.9883 -0.1501
vn 0.1254 0.9474 0.2946
vn 0.0144 0.9965 0.0820
vn 0.0195 0.9946 0.1020
vn 0.1210 0.9497 0.2887
vn -0.0290 0.9915 -0.1268
vn -0.6267 -0.7541 0.1965
vn -0.6284 -0.7529 0.1953
vn -0.6626 -0.7321 0.1580
vn -0.7063 -0.7076 0.0215
vn -0.6927 -0.7151 0.0937
vn -0.7060 -0.7078 0.0264
vn -0.6920 -0.7155 0.0960
vn -0.6639 -0.7313 0.1561
vn -0.6987 -0.7141 -0.0426
vn -0.6680 -0.7376 -0.0982
vn -0.6973 -0.7153 -0.0468
vn -0.6680 -0.7377 -0.0982
vn 0.8186 -0.4718 -0.3277
vn 0.6587 -0.3899 -0.6436
vn 0.6604 -0.3921 -0.6404
vn 0.3708 -0.2209 -0.9021
vn 0.8197 -0.4658 -0.3333
vn 0.3718 -0.2239 -0.9009
vn 0.0326 -0.0151 -0.9994
vn -0.7408 0.6336 0.2232
vn -0.5733 0.5545 0.6032
vn -0.5740 0.5543 0.6027
vn -0.3444 0.4173 0.8410
vn -0.7393 0.6332 0.2292
vn -0.3422 0.4172 0.8419
vn -0.0689 0.2669 0.9613
vn -0.7752 0.6080 -0.1716
vn -0.7746 0.6063 -0.1800
vn -0.6919 0.5021 -0.5187
vn -0.6897 0.4997 -0.5240
vn -0.5195 0.3526 -0.7783
vn -0.7746 0.6064 -0.1799
vn 0.3161 0.0446 0.9477
vn 0.3201 0.0430 0.9464
vn -0.0631 0.2633 0.9626
vn 0.6319 -0.1733 0.7554
vn 0.3170 0.0494 0.9472
vn 0.3161 0.0511 0.9473
vn 0.8356 -0.3427 0.4293
vn 0.6286 -0.1694 0.7590
vn 0.8365 -0.3504 0.4212
vn 0.8915 -0.4531 -0.0002
vn 0.0385 -0.0199 -0.9991
vn -0.2720 0.1785 -0.9456
vn -0.2769 0.1818 -0.9435
vn 0.0314 -0.0149 -0.9994
vn 0.0386 -0.0196 -0.9991
vn -0.5194 0.3528 -0.7784
vn 0.8884 -0.4590 -0.0019
vn 0.8889 -0.4582 -0.0014
vn 0.8858 -0.4641 0.0014
vn 0.8814 0.4331 0.1888
vn 0.9204 0.3905 -0.0170
vn 0.8737 0.4425 0.2022
vn -0.6221 -0.7732 -0.1231
vn 0.6661 0.5043 -0.5495
vn -0.4401 -0.8964 0.0530
vn -0.4403 -0.8978 0.0042
vn -0.4394 -0.8983 0.0067
vn -0.4652 -0.8842 -0.0426
vn -0.9032 -0.3638 0.2276
vn -0.8187 -0.3632 0.4449
vn -0.3083 -0.1420 -0.9406
vn -0.0978 -0.2692 -0.9581
vn -0.0001 -0.3313 -0.9435
vn 0.0498 -0.4181 -0.9070
vn -0.3857 -0.0944 -0.9178
vn 0.2102 0.2848 0.9352
vn 0.4520 0.1262 0.8831
vn 0.2599 0.2640 0.9289
vn 0.4937 0.1078 0.8629
vn -0.2505 -0.5733 0.7801
vn 0.2927 -0.6132 0.7337
vn 0.0826 -0.7397 0.6679
vn -0.0986 -0.4093 0.9071
vn 0.6053 -0.6666 0.4350
vn 0.4856 -0.7981 0.3568
vn -0.5474 -0.3749 0.7482
vn -0.4253 -0.1556 0.8916
vn -0.0677 -0.3346 0.9399
vn -0.1803 -0.5719 0.8002
vn -0.0886 -0.4291 0.8989
vn -0.4830 -0.3608 0.7978
vn -0.4193 -0.1941 0.8869
vn -0.1703 -0.3036 0.9375
vn -0.1776 -0.1812 0.9673
vn -0.2270 -0.6859 0.6914
vn -0.6963 0.4668 -0.5452
vn -0.8605 0.4500 -0.2389
vn -0.7136 0.4397 -0.5454
vn -0.8466 0.4841 -0.2211
vn -0.4554 0.7647 -0.4560
vn -0.9298 0.3520 0.1071
vn -0.6790 0.4871 -0.5492
vn -0.4948 0.3271 -0.8051
vn -0.4771 0.3533 -0.8047
vn -0.7077 0.4451 -0.5487
vn -0.7802 -0.0100 0.6254
vn -0.5446 -0.3439 0.7649
vn -0.7959 -0.0352 0.6044
vn -0.5206 -0.3288 0.7880
vn -0.9020 0.1838 0.3907
vn -0.7605 0.0009 0.6494
vn -0.7952 -0.0384 0.6051
vn -0.8716 0.2219 0.4371
vn 0.2880 -0.8899 0.3538
vn 0.4076 -0.9131 0.0113
vn 0.2662 -0.9109 0.3152
vn 0.4681 -0.8837 -0.0005
vn 0.5955 -0.6474 0.4757
vn 0.4794 -0.8213 -0.3092
vn 0.0012 -0.8081 0.5890
vn 0.2973 -0.8897 0.3465
vn 0.2482 -0.9210 0.3002
vn 0.0603 -0.7990 0.5983
vn 0.0982 -0.1752 -0.9796
vn 0.3606 -0.4031 -0.8411
vn 0.0933 -0.1230 -0.9880
vn 0.4155 0.0903 -0.9051
vn 0.3352 -0.4321 -0.8372
vn 0.6477 -0.1787 -0.7407
vn 0.4533 -0.6451 -0.6151
vn 0.3757 -0.3991 -0.8364
vn 0.3225 -0.4434 -0.8363
vn 0.4966 -0.5805 -0.6453
vn 0.5342 -0.7773 -0.3325
vn -0.1803 0.1245 -0.9757
vn -0.1997 0.0991 -0.9748
vn -0.9103 0.3877 0.1450
vn -0.2656 -0.5655 0.7808
vn -0.2850 -0.5977 0.7493
vn -0.5616 -0.3667 0.7417
vn -0.2773 -0.6145 0.7386
vn -0.5749 -0.3255 0.7507
vn 0.1485 -0.2836 0.9474
vn -0.2608 -0.6012 0.7553
vn -0.5332 0.8394 -0.1054
vn -0.5358 0.8383 -0.1010
vn -0.5906 0.7730 0.2317
vn -0.5905 0.7736 0.2302
vn -0.4852 0.8363 -0.2554
vn -0.4861 0.8344 -0.2596
vn -0.5652 0.6241 0.5395
vn -0.5649 0.6241 0.5398
vn -0.5267 0.5332 0.6620
vn -0.5267 0.5333 0.6619
vn -0.9743 -0.2105 0.0809
vn -0.1551 -0.0266 0.9875
vn -0.1551 -0.0267 0.9875
vn -0.3091 0.1493 0.9392
vn -0.2451 0.8383 -0.4871
vn -0.1067 0.5904 -0.8000
vn -0.3151 0.6962 -0.6449
vn -0.0773 0.5725 -0.8163
vn -0.9653 -0.2219 0.1376
vn -0.9470 -0.2367 0.2172
vn 0.4835 -0.4974 0.7203
vn 0.3738 -0.9007 0.2213
vn 0.0184 -0.7981 0.6023
vn 0.6978 -0.5489 0.4603
vn -0.1788 0.0619 0.9819
vn -0.5076 -0.3907 0.7679
vn -0.4011 0.3153 0.8601
vn 0.8217 -0.1321 -0.5545
vn 0.7026 0.0204 -0.7113
vn 0.4678 -0.6203 -0.6295
vn 0.3014 -0.3542 -0.8853
vn -0.8548 0.4751 -0.2087
vn -0.3782 0.8307 -0.4086
vn -0.7261 0.4581 -0.5128
vn -0.3691 0.8489 -0.3783
vn -0.7256 0.4838 -0.4893
vn -0.1687 0.0293 0.9852
vn -0.8975 0.2635 0.3537
vn -0.9546 0.2019 0.2191
vn -0.8894 0.2041 0.4089
vn -0.8821 0.1609 0.4428
vn -0.8904 0.2390 0.3875
vn -0.8736 0.4328 -0.2224
vn -0.9707 0.2066 -0.1225
vn -0.9010 0.3727 0.2221
vn -0.8898 0.1353 -0.4359
vn -0.9259 0.2010 -0.3198
vn -0.9302 -0.0915 -0.3554
vn -0.9998 -0.0070 -0.0180
vn -0.9276 0.2506 0.2770
vn -0.8922 0.3238 0.3148
vn -0.8843 0.3264 0.3339
vn 0.0582 0.0270 -0.9979
vn 0.0905 0.0564 -0.9943
vn 0.0558 0.0324 -0.9979
vn 0.0185 -0.0003 -0.9998
vn 0.0099 0.9998 -0.0167
vn -0.0886 0.9961 -0.0045
vn -0.1209 0.9924 -0.0220
vn -0.0701 0.9973 -0.0198
vn -0.0711 0.9972 -0.0214
vn -0.4683 -0.8563 0.2176
vn -0.0732 0.9972 -0.0172
vn 0.0228 0.9967 -0.0774
vn -0.0712 0.9970 -0.0301
vn 0.0348 0.9979 -0.0546
vn 0.1021 0.9866 -0.1275
vn 0.0937 0.9857 -0.1399
vn 0.1708 0.9771 -0.1271
vn 0.1985 0.9739 -0.1102
vn 0.2625 0.9582 -0.1140
vn 0.2742 0.9563 -0.1014
vn -0.1209 0.9885 -0.0906
vn 0.0175 0.0349 -0.9992
vn -0.9399 0.2854 0.1875
vn -0.9432 0.2823 -0.1752
vn -0.9466 0.2845 0.1517
vn -0.9579 0.2663 -0.1072
vn -0.9366 0.2053 -0.2841
vn -0.9066 0.2823 0.3137
vn -0.9086 0.2764 0.3131
vn -0.9046 0.2487 0.3462
vn -0.9048 0.2372 0.3537
vn -0.9458 0.1762 -0.2728
vn -0.3110 0.0470 0.9493
vn -0.5723 0.1046 0.8134
vn -0.7870 0.2434 0.5669
vn -0.2828 0.0923 0.9547
vn -0.8406 0.4760 -0.2584
vn 0.7536 -0.0546 -0.6551
vn -0.5584 -0.3453 0.7543
vn -0.1014 -0.4605 0.8819
vn -0.8398 -0.0709 0.5382
vn -0.8347 -0.0769 0.5454
vn 0.5230 0.0854 0.8480
vn 0.5131 -0.7872 0.3421
vn 0.0001 -0.4206 -0.9072
vn -0.8787 0.1955 -0.4354
vn 0.6570 -0.5657 -0.4983
vn -0.8625 0.1625 -0.4793
vn -0.6988 0.0695 -0.7119
vn -0.6491 0.0483 -0.7592
vn -0.8884 0.1860 -0.4197
vn -0.6724 0.0356 -0.7394
vn -0.7082 0.0815 -0.7013
vn 0.0415 0.9148 0.4018
vn 0.0542 0.9064 0.4189
vn 0.0587 0.8965 0.4390
vn 0.0225 0.9204 0.3904
vn -0.0415 0.8783 0.4763
vn -0.0542 0.8867 0.4592
vn -0.0415 0.8783 0.4762
vn -0.0587 0.8965 0.4390
vn -0.0225 0.8727 0.4877
vn 0.0542 0.8867 0.4592
vn -0.0542 0.9064 0.4189
vn -0.0415 0.9148 0.4018
vn 0.0415 0.8783 0.4763
vn 0.0415 0.8783 0.4762
vn 0.0225 0.8727 0.4877
vn -0.0225 0.9204 0.3904
vn -0.0000 0.8708 0.4917
vn -0.0000 0.9223 0.3864
vn -0.2734 -0.9189 0.2843
vn -0.0000 -0.9487 0.3162
vn -0.0000 -0.9429 0.3330
vn 0.2687 -0.9251 0.2682
vn 0.2734 -0.9189 0.2843
vn -0.2687 -0.9251 0.2682
vn -0.0000 -0.9690 0.2470
vn -0.3831 0.4062 -0.8296
vn -0.0000 0.4398 -0.8981
vn 0.3831 0.4062 -0.8296
vn -0.7076 0.3108 -0.6346
vn -0.9241 0.1681 -0.3433
vn -1.0000 -0.0000 -0.0000
vn -0.7076 0.3107 -0.6346
vn -0.9241 -0.1681 0.3433
vn -0.7076 -0.3108 0.6346
vn -0.5561 -0.3655 0.7464
vn -0.7076 -0.3108 0.6347
vn -0.0000 -0.8981 -0.4398
vn 0.5561 -0.3655 0.7464
vn 0.7076 -0.3108 0.6346
vn 0.9241 -0.1681 0.3433
vn 1.0000 -0.0000 -0.0000
vn 0.7076 -0.3107 0.6346
vn 0.9241 0.1681 -0.3433
vn 0.7076 0.3108 -0.6346
vn 0.7076 0.3108 -0.6347
vn 0.3831 -0.4062 0.8296
vn 0.7076 -0.3109 0.6346
vn -0.0000 -0.4398 0.8981
vn -0.3831 -0.4062 0.8296
vn -0.0000 0.8981 0.4398
vn -0.7076 0.3108 -0.6347
vn -0.1954 -0.4313 0.8808
vn 0.1954 -0.4313 0.8808
vn -0.2687 -0.3554 -0.8953
vn -0.4587 -0.4824 -0.7463
vn -0.4964 -0.4221 -0.7586
vn -0.0000 -0.3151 -0.9491
vn -0.0000 -0.3319 -0.9433
vn -0.2483 -0.4207 -0.8726
vn -0.5549 -0.6173 -0.5578
vn -0.5992 -0.5747 -0.5574
vn -0.6484 -0.5220 -0.5542
vn -0.2734 -0.3389 -0.9002
vn -0.4248 -0.5318 -0.7326
vn -0.0000 -0.3990 -0.9169
vn -0.7143 -0.6285 -0.3078
vn -0.7017 -0.6398 -0.3134
vn -0.6600 -0.5085 -0.5530
vn -0.5052 -0.4068 -0.7611
vn -0.6485 -0.6836 -0.3348
vn -0.5992 -0.7927 -0.1122
vn -0.6484 -0.7579 -0.0725
vn 0.4964 -0.4221 -0.7586
vn 0.6484 -0.5220 -0.5542
vn 0.5992 -0.5747 -0.5574
vn 0.2734 -0.3389 -0.9002
vn 0.5052 -0.4068 -0.7611
vn 0.4587 -0.4824 -0.7463
vn 0.2687 -0.3554 -0.8953
vn 0.6600 -0.5085 -0.5531
vn 0.4964 -0.8581 0.1317
vn 0.2483 -0.9472 0.2027
vn 0.6484 -0.7579 -0.0725
vn 0.6600 -0.7487 -0.0626
vn 0.4587 -0.8853 0.0765
vn 0.7143 -0.6285 -0.3078
vn 0.5052 -0.8507 0.1453
vn 0.2735 -0.9189 0.2842
vn -0.5052 -0.8507 0.1453
vn -0.4964 -0.8581 0.1317
vn -0.2735 -0.9189 0.2842
vn -0.6600 -0.7487 -0.0626
vn -0.2483 -0.9472 0.2027
vn 0.7017 -0.6398 -0.3133
vn 0.6485 -0.6836 -0.3348
vn -0.4587 -0.8853 0.0765
vn 0.5992 -0.7927 -0.1122
vn -0.7143 -0.6285 -0.3077
vn -0.6484 -0.7578 -0.0725
vn -0.7017 -0.6399 -0.3133
vn 0.2483 -0.4207 -0.8726
vn 0.6005 -0.7181 -0.3517
vn 0.5549 -0.6173 -0.5578
vn 0.4248 -0.5318 -0.7326
vn 0.2300 -0.4747 -0.8496
vn -0.2300 -0.4747 -0.8496
vn -0.0000 -0.9824 0.1870
vn -0.2300 -0.9622 0.1459
vn -0.4248 -0.9048 0.0291
vn 0.5549 -0.8191 -0.1456
vn -0.5549 -0.8191 -0.1456
vn 0.4248 -0.9048 0.0291
vn -0.6005 -0.7181 -0.3517
vn 0.2300 -0.9622 0.1459
vn -0.0000 -0.4546 -0.8907
vn -0.0000 -0.9967 0.0808
vn 0.2223 -0.9505 0.2170
vn 0.2594 -0.9408 -0.2181
vn -0.2223 -0.9505 0.2169
vn -0.0000 -0.9685 0.2490
vn 0.5458 -0.8058 0.2296
vn 0.5884 -0.7956 0.1445
vn 0.2313 -0.8773 0.4205
vn 0.6139 -0.7017 -0.3615
vn 0.2663 -0.7961 -0.5435
vn 0.6657 -0.7313 -0.1485
vn -0.2313 -0.8773 0.4205
vn -0.0000 -0.8324 0.5542
vn 0.9366 -0.3479 -0.0419
vn 0.6663 -0.7307 -0.1487
vn 0.5874 -0.7960 0.1462
vn 0.9879 -0.0691 -0.1390
vn 0.9849 0.0722 -0.1575
vn 0.9607 -0.2460 -0.1283
vn 0.9609 0.1857 -0.2053
vn 0.9716 0.2282 -0.0633
vn 0.9986 0.0347 0.0405
vn 0.9349 -0.3263 -0.1397
vn 0.9059 0.3817 -0.1836
vn 0.8509 0.5202 -0.0736
vn -0.0000 0.5567 -0.8307
vn 0.2156 0.6649 -0.7151
vn 0.2230 0.5507 -0.8043
vn -0.0000 0.4840 -0.8751
vn -0.2230 0.5507 -0.8044
vn -0.2154 0.6642 -0.7159
vn -0.0000 0.6738 -0.7389
vn 0.5038 0.6166 -0.6050
vn 0.5255 0.5122 -0.6793
vn 0.2191 0.4825 -0.8480
vn 0.5283 0.4510 -0.7193
vn 0.4379 0.7706 -0.4631
vn 0.6970 0.6254 -0.3507
vn 0.8040 0.4108 -0.4299
vn 0.8164 0.3554 -0.4551
vn 0.7702 0.4903 -0.4079
vn 0.9521 0.2513 -0.1740
vn 0.9996 0.0276 -0.0022
vn 0.9669 0.2060 -0.1504
vn 0.9863 0.0777 -0.1455
vn 0.7703 0.4902 -0.4078
vn 0.9221 0.3021 -0.2417
vn 0.8040 0.4111 -0.4296
vn 0.6973 0.6284 -0.3447
vn 0.8692 0.4225 -0.2568
vn 0.8167 0.3553 -0.4548
vn 0.9961 0.0030 0.0881
vn 0.9799 -0.1760 -0.0937
vn 0.9729 -0.2208 0.0692
vn 0.9591 -0.2074 0.1924
vn 0.8919 -0.4515 0.0258
vn 0.8512 -0.5230 0.0433
vn 0.8460 -0.4846 0.2224
vn 0.8328 -0.3852 0.3974
vn 0.5699 -0.5920 0.5699
vn 0.5395 -0.4057 0.7378
vn 0.5444 -0.8064 0.2310
vn 0.5467 -0.7814 0.3009
vn 0.8462 -0.4851 0.2204
vn 0.5480 -0.7785 0.3059
vn 0.5782 -0.5809 0.5729
vn 0.8514 -0.5225 0.0457
vn 0.2630 -0.3127 0.9127
vn 0.5515 -0.4187 0.7215
vn 0.2841 -0.4395 0.8522
vn 0.5774 -0.5994 0.5544
vn 0.2812 -0.7080 0.6478
vn -0.0000 -0.5329 0.8462
vn 0.5480 -0.7803 0.3014
vn 0.5781 -0.5814 0.5725
vn 0.2978 -0.3684 0.8807
vn 0.2803 -0.7090 0.6471
vn 0.0002 -0.5241 0.8516
vn 0.3027 -0.3983 0.8659
vn -0.2935 -0.4058 0.8656
vn 0.0002 -0.3021 0.9533
vn -0.2815 -0.7066 0.6492
vn 0.2857 -0.3261 0.9011
vn -0.2788 -0.3222 0.9047
vn 0.0002 -0.3001 0.9539
vn 0.7586 0.6260 -0.1806
vn 0.9173 0.3494 0.1910
vn 0.5757 0.8140 -0.0771
vn 0.8169 0.5739 -0.0579
vn 0.9045 0.4196 0.0759
vn 0.5282 -0.7674 -0.3634
vn 0.4348 -0.8976 -0.0725
vn 0.4875 -0.7781 -0.3962
vn 0.4801 -0.8731 0.0842
vn 0.4080 -0.9126 0.0257
vn 0.4477 -0.8105 -0.3777
vn 0.4919 -0.7278 0.4779
vn 0.6532 -0.7069 0.2712
vn 0.5110 -0.5420 0.6671
vn 0.8293 0.3716 0.4173
vn 0.9346 0.2604 0.2421
vn 0.9431 0.2921 0.1589
vn 0.9337 0.3390 -0.1155
vn -0.0000 -0.8145 -0.5802
vn -0.0000 -0.7793 -0.6267
vn -0.2663 -0.7961 -0.5435
vn -0.3062 -0.8139 -0.4938
vn 0.3062 -0.8138 -0.4938
vn -0.0000 -0.8182 -0.5749
vn 0.6170 -0.7229 -0.3110
vn 0.6195 -0.7675 -0.1647
vn 0.3290 -0.8908 -0.3134
vn -0.0000 -0.9286 -0.3711
vn 0.0874 0.9928 0.0818
vn 0.0263 0.9776 0.2086
vn 0.1390 0.9891 0.0488
vn 0.1415 0.9717 -0.1890
vn -0.0000 0.9810 -0.1941
vn -0.0754 0.9866 0.1450
vn 0.0441 0.9921 0.1172
vn 0.0256 0.9630 0.2683
vn -0.0859 0.9521 0.2935
vn 0.2604 0.9653 -0.0210
vn 0.5222 0.8323 -0.1860
vn 0.2947 0.9376 -0.1848
vn -0.0000 0.9960 0.0899
vn -0.0000 0.9574 0.2886
vn -0.0674 0.9104 0.4082
vn -0.0256 0.9630 0.2683
vn 0.0674 0.9104 0.4082
vn -0.0000 0.8934 0.4492
vn -0.0000 -0.9667 -0.2560
vn 0.3231 -0.9280 -0.1855
vn -0.0000 -0.9819 -0.1894
vn 0.3386 -0.9114 -0.2337
vn 0.6599 -0.7484 -0.0669
vn 0.6248 -0.7780 0.0666
vn -0.2882 -0.9553 -0.0659
vn -0.3230 -0.9280 -0.1854
vn 0.2883 -0.9553 -0.0659
vn -0.0000 -0.9973 -0.0729
vn -0.0000 -0.9592 -0.2826
vn 0.3409 -0.9092 -0.2392
vn 0.6522 -0.7518 -0.0974
vn 0.5511 -0.8065 0.2140
vn 0.2487 -0.9654 0.0783
vn 0.6186 -0.7818 -0.0779
vn 0.3349 -0.9152 -0.2239
vn 0.6328 -0.7705 -0.0772
vn -0.3349 -0.9152 -0.2239
vn -0.3290 -0.8908 -0.3134
vn -0.0000 -0.9630 -0.2696
vn 0.8798 -0.3551 0.3161
vn 0.8974 0.0600 0.4371
vn 0.8734 0.0719 0.4816
vn 0.5517 -0.8058 0.2153
vn 0.6261 -0.7767 0.0687
vn 0.9199 -0.3321 0.2085
vn 0.8039 -0.4309 0.4099
vn 0.4589 -0.8070 0.3718
vn 0.8641 0.0155 0.5031
vn 0.7879 0.3527 0.5048
vn 0.8572 -0.0790 0.5090
vn 0.7280 -0.5113 0.4567
vn 0.4222 -0.6457 0.6362
vn -0.1291 0.6627 0.7377
vn -0.0552 0.4945 0.8674
vn -0.1700 0.5969 0.7841
vn -0.0343 0.5529 0.8325
vn 0.0444 0.5593 0.8278
vn 0.0859 0.5082 0.8570
vn -0.0220 0.4177 0.9083
vn -0.1355 0.5082 0.8505
vn -0.0000 0.6920 0.7219
vn -0.0000 0.5782 0.8159
vn 0.0402 0.5935 0.8038
vn 0.1290 0.6627 0.7377
vn 0.0343 0.5529 0.8325
vn -0.0406 0.5964 0.8017
vn -0.0003 0.6110 0.7917
vn 0.9063 -0.3749 0.1952
vn 0.6615 -0.7471 -0.0644
vn 0.6540 -0.7504 -0.0960
vn 0.8974 -0.0992 0.4299
vn 0.9015 -0.0217 0.4322
vn 0.8771 -0.4308 0.2122
vn 0.7714 0.3183 0.5510
vn 0.8132 0.2402 0.5301
vn 0.7873 0.2599 0.5591
vn 0.7775 0.1899 0.5996
vn 0.6980 0.4995 0.5131
vn 0.7937 0.2636 0.5482
vn 0.8038 0.2746 0.5277
vn 0.7255 0.2805 0.6285
vn 0.7078 0.4531 0.5420
vn 0.7808 0.3463 0.5201
vn 0.5352 0.4054 0.7411
vn 0.2756 0.2047 0.9392
vn 0.2821 0.2240 0.9329
vn 0.4579 0.5024 0.7334
vn 0.2365 -0.2646 0.9349
vn 0.3738 -0.2934 0.8798
vn 0.1762 0.4499 0.8755
vn 0.2084 0.1814 0.9611
vn 0.3807 -0.0595 0.9228
vn 0.2598 -0.6240 0.7370
vn 0.4225 -0.6453 0.6365
vn 0.9955 -0.0488 -0.0809
vn 0.9307 0.0991 -0.3522
vn 0.9432 -0.0921 -0.3193
vn 0.9782 0.1331 -0.1595
vn 0.9468 -0.2603 -0.1892
vn 0.9809 -0.1940 -0.0144
vn 0.4593 0.5056 0.7303
vn 0.4306 0.5693 0.7004
vn 0.6617 0.4320 0.6128
vn 0.8518 0.0886 0.5163
vn 0.5371 0.4062 0.7393
vn 0.7977 0.3442 0.4952
vn 0.4587 -0.8076 0.3706
vn -0.0000 -0.9984 0.0561
vn -0.2310 -0.9486 0.2162
vn -0.2487 -0.9654 0.0783
vn 0.2311 -0.9486 0.2161
vn -0.0000 -0.9928 0.1197
vn 0.2823 -0.7782 0.5610
vn 0.1800 -0.9018 0.3930
vn 0.0453 0.5639 0.8246
vn 0.0882 0.6917 0.7168
vn 0.1179 0.6813 0.7224
vn 0.0410 0.5994 0.7994
vn 0.0003 0.6968 0.7172
vn -0.0000 0.7150 0.6991
vn 0.1030 0.7163 0.6902
vn 0.1436 0.7231 0.6756
vn -0.0881 0.6904 0.7180
vn 0.0008 0.6148 0.7887
vn 0.1253 0.6345 0.7627
vn -0.0000 0.6314 0.7755
vn 0.0001 -0.6055 0.7958
vn -0.2598 -0.6243 0.7368
vn 0.0002 -0.7283 0.6852
vn -0.2365 -0.2646 0.9349
vn -0.0000 -0.2554 0.9668
vn 0.2598 -0.6245 0.7365
vn -0.0002 -0.6058 0.7956
vn -0.0002 -0.7283 0.6852
vn 0.2824 -0.7776 0.5617
vn 0.4225 -0.6459 0.6358
vn 0.4592 -0.8067 0.3721
vn 0.3733 -0.2919 0.8806
vn 0.6272 -0.5461 0.5553
vn 0.6579 -0.3597 0.6617
vn 0.6740 -0.1853 0.7151
vn 0.3802 -0.0581 0.9231
vn -0.0974 0.6498 0.7538
vn -0.0975 0.6499 0.7538
vn -0.0976 0.6502 0.7535
vn -0.0973 0.6496 0.7540
vn 0.5039 0.8019 0.3209
vn 0.5040 0.8019 0.3208
vn 0.5038 0.8018 0.3215
vn 0.5040 0.8020 0.3205
vn -0.0000 0.4439 0.8961
vn 0.1259 0.6306 0.7658
vn -0.0000 0.6273 0.7788
vn -0.1259 0.6306 0.7658
vn 0.1957 0.6538 0.7309
vn -0.0000 0.1715 0.9852
vn 0.1964 0.6572 0.7276
vn 0.4307 0.5683 0.7010
vn 0.1793 0.6500 0.7385
vn -0.1027 0.7164 0.6901
vn -0.1253 0.6345 0.7627
vn -0.0000 -0.7289 0.6846
vn -0.0000 -0.9007 0.4344
vn -0.2823 -0.7782 0.5610
vn -0.1800 -0.9018 0.3930
vn 0.6341 0.4850 0.6023
vn 0.5821 0.5795 0.5704
vn 0.8139 0.2891 0.5040
vn 0.8777 0.2594 0.4029
vn 0.9840 -0.0505 0.1711
vn 0.9512 -0.0889 0.2954
vn 0.5836 0.5799 0.5685
vn 0.8937 0.0139 0.4484
vn 0.9151 -0.1179 0.3855
vn 0.9177 -0.3935 -0.0549
vn 0.8716 -0.4554 0.1815
vn 0.8936 -0.4411 0.0826
vn 0.5324 -0.7658 -0.3605
vn 0.9005 -0.4223 0.1034
vn 0.7702 -0.4366 -0.4650
vn 0.9507 -0.2352 0.2021
vn 0.6543 -0.7063 0.2703
vn 0.8680 0.0561 0.4934
vn 0.8430 -0.3136 0.4370
vn 0.5125 -0.5407 0.6671
vn 0.6306 -0.3502 0.6927
vn -0.1093 0.7024 0.7033
vn 0.1279 0.8665 0.4825
vn -0.1275 0.9036 0.4090
vn 0.0873 0.6639 0.7427
vn 0.4098 0.7288 0.5486
vn 0.0679 0.9922 0.1045
vn 0.1581 0.2628 0.9518
vn -0.1069 0.7040 0.7021
vn -0.0336 0.5541 0.8317
vn 0.0900 0.6646 0.7418
vn 0.1751 0.1969 0.9647
vn 0.2720 0.5489 0.7904
vn 0.3349 -0.2160 0.9172
vn 0.2313 -0.1900 0.9541
vn 0.2687 0.5509 0.7901
vn 0.3129 0.9316 0.1847
vn -0.2136 0.9035 0.3716
vn -0.1975 0.9618 0.1896
vn -0.1987 0.9798 0.0216
vn 0.1250 0.9911 -0.0454
vn 0.2647 0.9643 0.0075
vn -0.2902 0.8230 0.4883
vn -0.2894 0.8561 0.4282
vn -0.3432 0.8687 0.3572
vn -0.2528 0.6793 0.6890
vn -0.2608 0.6289 0.7324
vn 0.3613 0.9294 -0.0746
vn -0.0444 0.9989 0.0168
vn -0.1274 0.6561 0.7438
vn -0.1476 0.9589 0.2423
vn -0.3409 -0.9092 -0.2392
vn -0.3386 -0.9115 -0.2337
vn -0.2693 0.7292 0.6291
vn -0.2684 0.7301 0.6284
vn -0.2514 0.6798 0.6889
vn 0.1845 0.2695 0.9452
vn 0.0929 0.3264 0.9407
vn -0.2600 0.6287 0.7329
vn 0.2582 0.3759 0.8899
vn -0.1270 0.6554 0.7445
vn 0.6349 -0.7689 -0.0758
vn 0.6206 -0.7804 -0.0766
vn 0.6162 -0.7005 -0.3599
vn 0.6198 -0.7214 -0.3088
vn 0.6216 -0.7662 -0.1630
vn 0.3614 0.9233 -0.1300
vn 0.8229 0.5558 -0.1175
vn 0.3623 0.9291 -0.0745
vn 0.8680 0.2861 0.4059
vn 0.8231 0.5556 -0.1177
vn 0.6435 -0.0132 0.7653
vn 0.9394 -0.0350 0.3411
vn 0.5313 0.8416 0.0972
vn 0.9749 0.2033 -0.0902
vn 0.2575 0.3757 0.8902
vn 0.9212 0.3416 -0.1861
vn -0.1274 0.6557 0.7442
vn 0.3998 0.4494 0.7989
vn 0.1720 0.6200 0.7655
vn 0.2572 0.3766 0.8900
vn 0.5313 0.8417 0.0968
vn 0.4999 -0.5333 -0.6824
vn 0.5267 -0.5290 -0.6654
vn 0.5028 -0.5853 -0.6361
vn 0.5333 -0.7660 -0.3589
vn 0.5279 -0.7679 -0.3628
vn 0.7881 -0.1277 -0.6021
vn 0.7704 -0.4369 -0.4643
vn 0.6819 -0.1742 -0.7104
vn 0.4485 -0.8103 -0.3773
vn 0.4876 -0.7780 -0.3961
vn 0.8121 0.3058 -0.4970
vn 0.5715 -0.0455 0.8193
vn 0.5660 0.0542 0.8226
vn 0.6433 -0.0128 0.7655
vn 0.7783 -0.2144 0.5901
vn 0.5720 -0.0459 0.8189
vn 0.7735 -0.1355 0.6191
vn 0.5665 0.0545 0.8222
vn 0.4002 0.4490 0.7989
vn 0.9859 -0.1649 -0.0271
vn 0.9137 0.0841 0.3975
vn 0.7882 -0.1289 -0.6017
vn 0.9733 -0.0390 -0.2261
vn 0.8529 0.1719 0.4930
vn 0.9491 0.0883 0.3022
vn 0.9714 0.1150 0.2076
vn 0.9026 0.1747 0.3935
vn 0.8778 0.1685 0.4484
vn 0.9395 0.2121 0.2691
vn 0.7756 0.1356 0.6165
vn 0.8173 -0.0018 0.5762
vn 0.2410 0.9685 -0.0627
vn 0.6158 0.7612 -0.2033
vn 0.5509 0.8044 0.2223
vn 0.7332 0.6545 -0.1847
vn 0.5145 -0.5402 0.6659
vn 0.6311 -0.3510 0.6918
vn 0.3278 -0.0061 0.9447
vn 0.4100 -0.2415 0.8795
vn 0.4097 -0.2467 0.8782
vn 0.5138 -0.5414 0.6655
vn 0.3355 -0.2188 0.9163
vn 0.4945 -0.7286 0.4739
vn 0.7359 0.5354 -0.4144
vn 0.6172 0.7597 -0.2048
vn 0.7355 0.6518 -0.1849
vn 0.8521 0.2836 -0.4399
vn 0.7729 0.3614 -0.5216
vn 0.9733 -0.0376 -0.2264
vn 0.7474 -0.0060 0.6644
vn 0.6006 0.2508 0.7592
vn 0.8452 -0.0159 0.5342
vn 0.3099 0.3897 0.8672
vn 0.5992 0.2483 0.7611
vn 0.3121 0.3921 0.8654
vn 0.6354 0.7691 -0.0688
vn 0.8160 0.5750 -0.0590
vn 0.6341 0.7701 -0.0698
vn 0.5770 0.8131 -0.0775
vn 0.8220 0.0127 0.5694
vn -0.1712 -0.5283 0.8316
vn -0.3762 -0.3592 0.8541
vn -0.1688 -0.3131 0.9346
vn -0.3164 -0.6690 0.6726
vn -0.5019 -0.4528 0.7369
vn -0.3528 -0.1137 0.9288
vn -0.0345 -0.4345 0.9000
vn -0.4919 -0.1613 0.8556
vn -0.6543 -0.1859 0.7330
vn -0.2354 -0.7000 0.6743
vn -0.6537 0.2377 0.7184
vn -0.2353 -0.7001 0.6742
vn -0.5804 0.0721 0.8112
vn -0.6343 0.6374 0.4375
vn -0.6339 0.6390 0.4357
vn -0.5789 0.3609 0.7312
vn -0.2083 0.1813 0.9611
vn -0.1762 0.4500 0.8755
vn -0.5158 0.2184 0.8284
vn 0.6745 -0.6265 0.3906
vn 0.7958 0.4953 -0.3484
vn 0.8660 0.1928 -0.4614
vn 0.8170 0.2706 -0.5093
vn 0.7957 0.4953 -0.3486
vn 0.8359 -0.1581 -0.5256
vn 0.7970 0.0758 -0.5993
vn 0.1055 0.9456 -0.3076
vn 0.1839 0.9228 -0.3386
vn 0.1827 0.9232 -0.3381
vn 0.2658 0.8909 -0.3684
vn 0.1057 0.9456 -0.3077
vn -0.6224 0.6820 0.3840
vn -0.6337 0.6377 0.4380
vn -0.6224 0.6821 0.3839
vn -0.6334 0.6391 0.4364
vn 0.8223 -0.3735 -0.4294
vn 0.9432 -0.0927 -0.3191
vn 0.9465 -0.2608 -0.1901
vn 0.9306 0.0990 -0.3523
vn 0.8301 -0.4068 -0.3813
vn 0.8358 -0.1584 -0.5257
vn 0.8660 0.1924 -0.4615
vn 0.8221 -0.3737 -0.4297
vn 0.7581 0.6286 -0.1737
vn -0.0000 0.8262 0.5634
vn 0.2409 0.8087 0.5367
vn 0.2159 0.7793 0.5883
vn -0.2160 0.7793 0.5883
vn -0.2409 0.8087 0.5367
vn -0.0000 0.8121 0.5835
vn -0.1301 0.6645 0.7359
vn -0.1718 0.5982 0.7827
vn -0.2698 0.7297 0.6282
vn -0.2897 0.8231 0.4885
vn -0.2137 0.9034 0.3717
vn -0.1777 0.8463 0.5022
vn 0.1301 0.6645 0.7359
vn -0.0000 0.6942 0.7198
vn -0.0675 0.9104 0.4082
vn -0.0000 0.8331 0.5532
vn 0.0675 0.9104 0.4082
vn 0.1777 0.8463 0.5022
vn 0.1183 0.6822 0.7215
vn 0.1795 0.6526 0.7361
vn 0.4297 0.5712 0.6993
vn 0.4600 0.5071 0.7289
vn 0.4351 0.7771 -0.4547
vn 0.1875 0.8323 -0.5216
vn -0.0874 0.9928 0.0818
vn -0.0000 0.8412 -0.5407
vn -0.0000 0.6759 -0.7370
vn -0.1875 0.8323 -0.5216
vn 0.2154 0.6662 -0.7140
vn 0.6963 0.6307 -0.3427
vn 0.1891 0.8281 -0.5278
vn 0.5241 0.8293 -0.1939
vn -0.2816 -0.7078 0.6479
vn -0.5458 -0.8058 0.2296
vn -0.2594 -0.9408 -0.2181
vn -0.6139 -0.7017 -0.3615
vn -0.6657 -0.7313 -0.1485
vn -0.5884 -0.7956 0.1444
vn -0.9607 -0.2461 -0.1283
vn -0.6663 -0.7307 -0.1487
vn -0.9349 -0.3263 -0.1397
vn -0.9849 0.0722 -0.1575
vn -0.9370 -0.3468 -0.0425
vn -0.9986 0.0347 0.0405
vn -0.9716 0.2282 -0.0633
vn -0.9609 0.1857 -0.2055
vn -0.9879 -0.0691 -0.1390
vn -0.8921 -0.4512 0.0261
vn -0.9058 0.3816 -0.1840
vn -0.2192 0.4824 -0.8480
vn -0.5038 0.6166 -0.6050
vn -0.2157 0.6653 -0.7147
vn -0.2230 0.5508 -0.8043
vn -0.8040 0.4109 -0.4298
vn -0.7701 0.4903 -0.4081
vn -0.4379 0.7706 -0.4631
vn -0.1891 0.8281 -0.5278
vn -0.5255 0.5122 -0.6793
vn -0.5283 0.4510 -0.7193
vn -0.2191 0.4826 -0.8480
vn -0.8165 0.3554 -0.4550
vn -0.9669 0.2060 -0.1504
vn -0.9521 0.2513 -0.1740
vn -0.9221 0.3021 -0.2416
vn -0.9863 0.0776 -0.1455
vn -0.9996 0.0276 -0.0022
vn -0.8692 0.4227 -0.2567
vn -0.6974 0.6270 -0.3472
vn -0.9961 0.0030 0.0881
vn -0.9799 -0.1760 -0.0937
vn -0.9729 -0.2208 0.0693
vn -0.9592 -0.2073 0.1924
vn -0.8461 -0.4843 0.2224
vn -0.8512 -0.5229 0.0445
vn -0.8338 -0.3813 0.3992
vn -0.8462 -0.4851 0.2204
vn -0.5476 -0.7797 0.3036
vn -0.8507 -0.5238 0.0440
vn -0.5782 -0.5809 0.5729
vn -0.5443 -0.8064 0.2311
vn -0.8914 -0.4525 0.0262
vn -0.5701 -0.5911 0.5707
vn -0.8323 -0.3872 0.3968
vn -0.5398 -0.4045 0.7383
vn -0.8465 -0.4840 0.2218
vn -0.5779 -0.5859 0.5681
vn -0.5517 -0.4176 0.7219
vn -0.5483 -0.7783 0.3060
vn -0.5861 -0.7974 0.1436
vn -0.8509 0.5201 -0.0734
vn -0.9173 0.3489 0.1919
vn -0.9045 0.4197 0.0760
vn -0.7586 0.6260 -0.1806
vn -0.5757 0.8140 -0.0770
vn -0.8169 0.5739 -0.0579
vn -0.5282 -0.7674 -0.3634
vn -0.4347 -0.8977 -0.0726
vn -0.4802 -0.8731 0.0842
vn -0.6533 -0.7069 0.2712
vn -0.5325 -0.7658 -0.3606
vn -0.4875 -0.7781 -0.3962
vn -0.4080 -0.9126 0.0257
vn -0.4918 -0.7278 0.4779
vn -0.4477 -0.8105 -0.3777
vn -0.9351 0.2594 0.2417
vn -0.9337 0.3390 -0.1155
vn -0.6354 0.7691 -0.0688
vn -0.9434 0.2915 0.1581
vn -0.9170 0.3502 0.1908
vn -0.9429 0.2924 0.1598
vn -0.9046 0.4196 0.0753
vn -0.8293 0.3716 0.4173
vn -0.9343 0.2615 0.2424
vn -0.6170 -0.7229 -0.3110
vn -0.6195 -0.7675 -0.1648
vn -0.1415 0.9717 -0.1891
vn -0.2947 0.9376 -0.1848
vn -0.0263 0.9776 0.2086
vn 0.0753 0.9866 0.1450
vn 0.0859 0.9520 0.2937
vn -0.1391 0.9891 0.0488
vn -0.5222 0.8323 -0.1860
vn -0.2605 0.9653 -0.0210
vn -0.0442 0.9921 0.1172
vn -0.6598 -0.7484 -0.0668
vn -0.6521 -0.7518 -0.0975
vn -0.6248 -0.7780 0.0666
vn -0.5511 -0.8065 0.2140
vn -0.6186 -0.7818 -0.0779
vn -0.6328 -0.7705 -0.0772
vn -0.8797 -0.3554 0.3159
vn -0.9198 -0.3325 0.2084
vn -0.6261 -0.7767 0.0687
vn -0.5517 -0.8058 0.2153
vn -0.8039 -0.4310 0.4099
vn -0.4589 -0.8071 0.3715
vn -0.8734 0.0718 0.4817
vn -0.8039 -0.4307 0.4101
vn -0.8641 0.0155 0.5030
vn -0.8799 -0.3546 0.3164
vn -0.7280 -0.5114 0.4566
vn -0.8571 -0.0789 0.5090
vn -0.7879 0.3526 0.5048
vn -0.7808 0.3463 0.5200
vn -0.8974 0.0600 0.4370
vn -0.9201 -0.3312 0.2091
vn -0.4223 -0.6457 0.6362
vn -0.6272 -0.5461 0.5553
vn -0.6579 -0.3597 0.6617
vn -0.7280 -0.5114 0.4567
vn 0.0552 0.4944 0.8675
vn -0.0447 0.5605 0.8269
vn 0.1697 0.5970 0.7841
vn -0.0859 0.5082 0.8570
vn 0.1349 0.5080 0.8507
vn 0.0220 0.4177 0.9083
vn -0.0008 0.6983 0.7158
vn -0.0882 0.6929 0.7156
vn -0.9062 -0.3754 0.1948
vn -0.6612 -0.7473 -0.0656
vn -0.9198 -0.3328 0.2078
vn -0.6539 -0.7506 -0.0952
vn -0.9015 -0.0217 0.4322
vn -0.9067 -0.3731 0.1964
vn -0.7713 0.3183 0.5511
vn -0.7873 0.2599 0.5591
vn -0.8973 -0.0995 0.4301
vn -0.8778 -0.4290 0.2133
vn -0.6617 -0.7472 -0.0626
vn -0.8131 0.2402 0.5302
vn -0.8038 0.2746 0.5277
vn -0.6980 0.4995 0.5131
vn -0.7775 0.1899 0.5996
vn -0.7937 0.2636 0.5482
vn -0.7255 0.2805 0.6285
vn -0.8222 0.0127 0.5691
vn -0.7077 0.4531 0.5421
vn -0.2757 0.2047 0.9392
vn -0.5363 0.4055 0.7402
vn -0.2821 0.2240 0.9329
vn -0.3802 -0.0587 0.9230
vn -0.3738 -0.2930 0.8800
vn -0.4588 0.5045 0.7314
vn -0.7977 0.3442 0.4952
vn -0.9955 -0.0487 -0.0809
vn -0.9809 -0.1940 -0.0144
vn -0.9468 -0.2603 -0.1893
vn -0.9307 0.0989 -0.3520
vn -0.9782 0.1331 -0.1596
vn -0.9431 -0.0926 -0.3193
vn -0.8222 -0.3736 -0.4295
vn -0.8359 -0.1582 -0.5256
vn -0.4303 0.5697 0.7002
vn -0.6617 0.4320 0.6128
vn -0.8518 0.0886 0.5163
vn -0.4587 -0.8076 0.3706
vn -0.1182 0.6824 0.7214
vn -0.1797 0.6514 0.7372
vn -0.1180 0.6808 0.7229
vn -0.1439 0.7230 0.6758
vn -0.1782 0.6508 0.7380
vn -0.2824 -0.7776 0.5617
vn -0.4591 -0.8067 0.3721
vn -0.6740 -0.1853 0.7151
vn 0.0975 0.6500 0.7536
vn 0.0975 0.6499 0.7538
vn 0.0973 0.6497 0.7540
vn 0.0976 0.6500 0.7536
vn -0.5040 0.8019 0.3209
vn -0.5040 0.8019 0.3208
vn -0.5040 0.8020 0.3206
vn -0.5038 0.8018 0.3214
vn -0.1965 0.6552 0.7295
vn -0.1955 0.6574 0.7278
vn -0.8776 0.2598 0.4028
vn -0.6341 0.4850 0.6022
vn -0.9839 -0.0494 0.1715
vn -0.8139 0.2891 0.5040
vn -0.5821 0.5795 0.5704
vn -0.5836 0.5799 0.5684
vn -0.9512 -0.0885 0.2957
vn -0.8937 0.0139 0.4484
vn -0.9151 -0.1179 0.3855
vn -0.8945 -0.4391 0.0843
vn -0.8723 -0.4535 0.1829
vn -0.5110 -0.5421 0.6671
vn -0.9003 -0.4228 0.1035
vn -0.6542 -0.7063 0.2703
vn -0.9508 -0.2352 0.2016
vn -0.8430 -0.3136 0.4370
vn -0.8680 0.0562 0.4934
vn -0.9137 0.0841 0.3975
vn -0.5130 -0.5412 0.6663
vn -0.6310 -0.3504 0.6921
vn -0.4097 -0.2438 0.8790
vn -0.3355 -0.2168 0.9168
vn -0.2313 -0.1901 0.9541
vn 0.1092 0.7025 0.7033
vn -0.1282 0.8665 0.4825
vn -0.0886 0.6642 0.7423
vn -0.0679 0.9922 0.1046
vn -0.3129 0.9316 0.1847
vn 0.1272 0.9036 0.4091
vn -0.4097 0.7287 0.5487
vn -0.1581 0.2628 0.9518
vn 0.1075 0.7040 0.7020
vn -0.0889 0.6636 0.7428
vn -0.1752 0.1968 0.9647
vn 0.0336 0.5541 0.8318
vn -0.4098 0.7285 0.5489
vn -0.2712 0.5506 0.7895
vn -0.1258 0.8670 0.4822
vn 0.2136 0.9035 0.3716
vn -0.2646 0.9643 0.0076
vn -0.1251 0.9911 -0.0454
vn 0.1986 0.9798 0.0216
vn 0.1974 0.9618 0.1896
vn 0.2901 0.8230 0.4884
vn 0.3432 0.8687 0.3572
vn 0.2893 0.8561 0.4282
vn 0.2527 0.6796 0.6887
vn 0.2688 0.7297 0.6287
vn 0.2608 0.6289 0.7324
vn 0.1476 0.9589 0.2423
vn 0.1274 0.6561 0.7438
vn -0.3618 0.9293 -0.0745
vn 0.0444 0.9989 0.0167
vn -0.6341 0.7701 -0.0697
vn 0.1366 0.5086 0.8501
vn 0.1706 0.5970 0.7839
vn 0.2600 0.6287 0.7329
vn -0.2579 0.3760 0.8900
vn -0.0929 0.3264 0.9407
vn 0.2508 0.6795 0.6895
vn -0.6439 -0.0132 0.7650
vn -0.5718 -0.0459 0.8191
vn -0.1845 0.2695 0.9452
vn -0.9061 -0.3763 0.1935
vn -0.8765 -0.4327 0.2111
vn -0.6538 -0.7506 -0.0956
vn -0.6349 -0.7689 -0.0758
vn -0.8708 -0.4574 0.1803
vn -0.6205 -0.7804 -0.0766
vn -0.8931 -0.4426 0.0804
vn -0.9514 -0.0899 0.2946
vn -0.9177 -0.3935 -0.0549
vn -0.8932 -0.4421 0.0821
vn -0.9840 -0.0510 0.1709
vn -0.6198 -0.7214 -0.3089
vn -0.6162 -0.7005 -0.3599
vn -0.6210 -0.7669 -0.1618
vn -0.6218 -0.7659 -0.1637
vn -0.3615 0.9233 -0.1300
vn -0.8229 0.5559 -0.1177
vn -0.5312 0.8417 0.0970
vn -0.8679 0.2868 0.4056
vn -0.9749 0.2033 -0.0902
vn -0.8680 0.2859 0.4060
vn -0.8231 0.5556 -0.1176
vn -0.9212 0.3416 -0.1861
vn -0.9393 -0.0347 0.3413
vn -0.8681 0.2857 0.4059
vn 0.1273 0.6557 0.7442
vn -0.4004 0.4490 0.7988
vn -0.1720 0.6200 0.7655
vn -0.4999 -0.5333 -0.6825
vn -0.5267 -0.5288 -0.6655
vn -0.6819 -0.1742 -0.7104
vn -0.4485 -0.8103 -0.3773
vn -0.5028 -0.5853 -0.6361
vn -0.7881 -0.1280 -0.6020
vn -0.5333 -0.7660 -0.3589
vn -0.7703 -0.4368 -0.4646
vn -0.4876 -0.7780 -0.3961
vn -0.5279 -0.7679 -0.3628
vn -0.9392 -0.0355 0.3416
vn -0.7783 -0.2144 0.5901
vn -0.7735 -0.1355 0.6191
vn -0.7474 -0.0060 0.6643
vn -0.5663 0.0543 0.8224
vn -0.9862 -0.1636 -0.0275
vn -0.9492 0.0881 0.3021
vn -0.8778 0.1685 0.4484
vn -0.8529 0.1719 0.4930
vn -0.9027 0.1744 0.3934
vn -0.9859 -0.1650 -0.0263
vn -0.9491 0.0887 0.3023
vn -0.9733 -0.0385 -0.2263
vn -0.9714 0.1150 0.2076
vn -0.9026 0.1745 0.3935
vn -0.9395 0.2121 0.2691
vn -0.8121 0.3058 -0.4970
vn -0.8173 -0.0019 0.5762
vn -0.7756 0.1356 0.6165
vn -0.2410 0.9685 -0.0627
vn -0.6158 0.7612 -0.2033
vn -0.5509 0.8044 0.2223
vn -0.7332 0.6545 -0.1847
vn -0.3278 -0.0061 0.9447
vn -0.4944 -0.7286 0.4740
vn -0.8521 0.2836 -0.4399
vn -0.7729 0.3614 -0.5216
vn -0.6172 0.7597 -0.2048
vn -0.7359 0.5354 -0.4144
vn -0.7355 0.6518 -0.1849
vn -0.9504 -0.2362 0.2024
vn -0.9007 -0.4217 0.1046
vn -0.6001 0.2503 0.7598
vn -0.3109 0.3899 0.8668
vn -0.8452 -0.0160 0.5342
vn -0.8160 0.5750 -0.0590
vn -0.5770 0.8131 -0.0775
vn -0.8779 0.2582 0.4032
vn 0.1717 -0.5283 0.8315
vn 0.1686 -0.3129 0.9347
vn 0.3763 -0.3596 0.8539
vn 0.0345 -0.4345 0.9000
vn 0.3528 -0.1137 0.9288
vn 0.4923 -0.1611 0.8554
vn 0.6543 -0.1859 0.7330
vn 0.5019 -0.4529 0.7369
vn 0.4924 -0.1617 0.8552
vn 0.6537 0.2377 0.7184
vn 0.5804 0.0721 0.8112
vn 0.3756 -0.3600 0.8540
vn 0.3164 -0.6690 0.6726
vn 0.3758 -0.3583 0.8546
vn 0.5019 -0.4528 0.7369
vn 0.1712 -0.5290 0.8312
vn 0.2354 -0.7000 0.6743
vn 0.2354 -0.7001 0.6742
vn 0.6339 0.6390 0.4357
vn 0.6343 0.6374 0.4375
vn 0.5789 0.3609 0.7312
vn 0.5158 0.2184 0.8284
vn -0.6744 -0.6266 0.3905
vn -0.6745 -0.6265 0.3906
vn -0.8660 0.1926 -0.4614
vn -0.8302 -0.4068 -0.3813
vn -0.7958 0.4953 -0.3484
vn -0.8170 0.2706 -0.5093
vn -0.7957 0.4953 -0.3486
vn -0.1055 0.9456 -0.3076
vn -0.1839 0.9228 -0.3385
vn -0.1056 0.9456 -0.3076
vn -0.1827 0.9232 -0.3381
vn 0.6224 0.6821 0.3840
vn 0.6337 0.6377 0.4380
vn 0.6224 0.6820 0.3841
vn 0.6333 0.6391 0.4364
vn -0.2658 0.8909 -0.3684
vn -0.7970 0.0758 -0.5993
vn -0.7581 0.6286 -0.1736
vn 0.2698 0.7297 0.6283
vn 0.2137 0.9034 0.3717
vn 0.2897 0.8231 0.4885
vn 0.1718 0.5982 0.7827
vn 0.0859 0.9521 0.2935
vn -0.4351 0.7771 -0.4547
vn -0.2154 0.6662 -0.7140
vn -0.6963 0.6307 -0.3427
vn -0.5241 0.8293 -0.1939
vn -0.5875 -0.7951 0.1507
vn -0.9362 -0.3492 -0.0408
vn -0.5480 -0.7809 0.2997
vn 0.8332 -0.5375 -0.1296
vn 0.9729 -0.1940 0.1258
vn 0.8460 -0.5165 0.1321
vn 0.9740 -0.1793 -0.1386
vn 0.9038 -0.1952 0.3808
vn 0.8003 -0.4599 0.3848
vn 0.6135 -0.6631 0.4288
vn 0.5808 -0.8115 -0.0647
vn 0.7632 -0.5217 -0.3811
vn 0.9073 -0.1522 -0.3921
vn -0.3572 0.1207 -0.9262
vn -0.0998 0.0747 -0.9922
vn -0.1372 -0.0254 -0.9902
vn -0.1367 0.2775 -0.9509
vn -0.0996 0.1812 -0.9784
vn 0.0777 -0.1599 -0.9841
vn -0.0503 -0.3062 -0.9507
vn -0.2060 -0.1035 -0.9731
vn 0.7729 -0.1829 0.6077
vn 0.5530 -0.2596 0.7917
vn 0.6997 -0.3719 0.6100
vn 0.4823 -0.3368 0.8087
vn 0.6007 -0.0709 -0.7963
vn 0.7798 0.2659 -0.5668
vn 0.7791 -0.1151 -0.6162
vn 0.4797 -0.3898 -0.7861
vn 0.3855 -0.0225 -0.9224
vn 0.6421 -0.4711 -0.6047
vn 0.2596 -0.6375 -0.7254
vn 0.2875 -0.2838 -0.9148
vn 0.3946 -0.7456 -0.5370
vn 0.1474 0.0269 -0.9887
vn 0.1082 -0.4880 -0.8661
vn 0.9746 0.2054 -0.0887
vn 0.5670 -0.5177 0.6407
vn 0.9043 0.0886 0.4176
vn 0.9072 -0.1522 -0.3921
vn 0.7632 -0.5217 -0.3812
vn 0.9079 0.2441 -0.3408
vn 0.5908 -0.1587 0.7911
vn 0.3573 -0.1207 0.9261
vn 0.5530 -0.2595 0.7917
vn 0.7732 0.0193 0.6339
vn 0.5913 -0.0506 0.8049
vn 0.4207 -0.2242 0.8791
vn 0.7728 -0.1829 0.6077
vn -0.0245 -0.7796 -0.6258
vn -0.1245 -0.6058 -0.7858
vn -0.2171 -0.3906 -0.8946
vn 0.7632 -0.5218 -0.3811
vn 0.6421 -0.4712 -0.6047
vn 0.0765 -0.9014 -0.4261
vn 0.2595 -0.6376 -0.7254
vn 0.5043 -0.8052 -0.3119
vn 0.8332 -0.5376 -0.1297
vn 0.5807 -0.8115 -0.0648
vn 0.6181 -0.7633 0.1880
vn 0.3969 -0.5994 0.6951
vn 0.3755 -0.7764 0.5062
vn -0.3916 0.3812 -0.8375
vn -0.2946 0.3852 -0.8746
vn -0.2053 0.3489 -0.9144
vn -0.4821 0.3372 -0.8086
vn -0.5524 0.2591 -0.7923
vn -0.5911 0.1583 -0.7909
vn -0.5913 0.0506 -0.8049
vn -0.1368 0.2775 -0.9509
vn -0.5529 -0.0467 -0.8319
vn -0.4828 -0.1182 -0.8677
vn -0.3924 -0.1537 -0.9069
vn -0.2954 -0.1484 -0.9438
vn -0.1373 -0.0253 -0.9902
vn 0.3916 -0.3812 0.8375
vn 0.1740 -0.9647 -0.1978
vn -0.0809 -0.9800 0.1818
vn -0.1783 -0.9824 -0.0560
vn 0.2603 -0.9645 0.0445
vn 0.0214 -0.9132 0.4070
vn 0.3288 -0.9006 0.2843
vn -0.2954 -0.1485 -0.9438
vn -0.2634 -0.9204 -0.2889
vn 0.3754 -0.7764 0.5062
vn 0.2155 -0.6065 0.7653
vn 0.1223 -0.7862 0.6058
vn 0.3915 -0.3812 0.8375
vn 0.3768 -0.2461 0.8930
vn 0.4823 -0.3367 0.8087
vn 0.2946 -0.3852 0.8746
vn -0.0245 -0.7797 -0.6257
vn -0.3310 -0.7980 -0.5036
vn -0.3775 -0.6209 -0.6870
vn -0.3985 -0.4011 -0.8248
vn -0.3775 -0.6209 -0.6871
vn -0.5684 -0.3354 -0.7513
vn 0.2877 -0.2307 0.9295
vn 0.2053 -0.3489 0.9144
vn 0.3304 -0.2482 0.9106
vn -0.5066 -0.8568 0.0960
vn -0.5827 -0.7998 -0.1445
vn -0.6199 -0.6887 -0.3761
vn -0.6153 -0.5301 -0.5835
vn -0.2621 -0.8005 0.5391
vn -0.1101 -0.6922 0.7133
vn -0.3973 -0.8567 0.3290
vn 0.2154 -0.6065 0.7653
vn 0.0489 -0.5386 0.8411
vn 0.1223 -0.7861 0.6058
vn 0.1368 -0.2775 0.9509
vn -0.1102 -0.6921 0.7133
vn -0.0786 -0.4053 0.9108
vn -0.2887 -0.5067 0.8123
vn -0.2621 -0.8004 0.5391
vn -0.6153 -0.5300 -0.5835
vn -0.7007 -0.2017 -0.6844
vn -0.8350 -0.5501 -0.0114
vn -0.8476 -0.4630 -0.2591
vn -0.4813 -0.5758 0.6609
vn -0.7650 -0.5993 0.2358
vn -0.1477 -0.2256 0.9629
vn -0.8477 -0.4629 -0.2591
vn -0.8016 -0.3439 -0.4890
vn -0.6439 -0.6077 0.4649
vn -0.6013 -0.2696 0.7522
vn -0.7798 -0.2658 0.5668
vn -0.6439 -0.6076 0.4650
vn -0.3860 -0.2557 0.8864
vn -0.6007 0.0709 0.7963
vn -0.7732 -0.0193 -0.6339
vn 0.1368 -0.2775 0.9510
vn 0.3573 -0.1207 0.9262
vn 0.0996 -0.1812 0.9784
vn 0.0998 -0.0747 0.9922
vn -0.1474 -0.0269 0.9887
vn -0.1477 -0.2256 0.9630
vn -0.9735 -0.1523 -0.1707
vn -0.8350 -0.5501 -0.0113
vn -0.9746 -0.2054 0.0887
vn -0.9043 -0.0886 -0.4176
vn -0.9038 0.1952 -0.3808
vn -0.7651 -0.5992 0.2359
vn -0.9079 -0.2441 0.3407
vn -0.9073 0.1522 0.3921
vn -0.9729 0.1940 -0.1258
vn -0.9079 -0.2442 0.3408
vn -0.7650 -0.5992 0.2359
vn -0.3855 0.0225 0.9224
vn -0.7729 0.1829 -0.6076
vn -0.7791 0.1151 0.6162
vn -0.4797 0.3898 0.7861
vn 0.1372 0.0254 0.9902
vn -0.0777 0.1599 0.9841
vn -0.2875 0.2838 0.9148
vn -0.6997 0.3719 -0.6100
vn -0.9740 0.1793 0.1386
vn -0.7632 0.5217 0.3811
vn 0.1372 0.0253 0.9902
vn -0.8003 0.4599 -0.3848
vn -0.8332 0.5375 0.1297
vn -0.9072 0.1522 0.3921
vn -0.6421 0.4711 0.6048
vn -0.3948 0.7456 0.5369
vn 0.0503 0.3062 0.9507
vn -0.1083 0.4878 0.8662
vn -0.8460 0.5165 -0.1321
vn -0.5670 0.5177 -0.6407
vn -0.5808 0.8115 0.0647
vn -0.6135 0.6631 -0.4288
vn -0.7632 0.5217 0.3812
vn -0.2598 0.6373 0.7255
vn 0.2880 -0.0149 0.9575
vn 0.0240 0.7791 0.6264
vn -0.6181 0.7633 -0.1880
vn 0.1245 0.6053 0.7862
vn 0.2060 0.1035 0.9731
vn 0.2171 0.3906 0.8946
vn -0.3969 0.5994 -0.6951
vn -0.6421 0.4711 0.6047
vn -0.3948 0.7456 0.5368
vn -0.7632 0.5218 0.3812
vn -0.0779 0.9014 0.4259
vn -0.5043 0.8052 0.3119
vn -0.8332 0.5376 0.1297
vn -0.1748 0.9646 0.1974
vn -0.5807 0.8115 0.0648
vn -0.2604 0.9645 -0.0445
vn -0.2598 0.6374 0.7254
vn 0.0241 0.7791 0.6264
vn 0.1779 0.9825 0.0550
vn 0.0809 0.9800 -0.1820
vn 0.2954 0.1484 0.9438
vn 0.3985 0.4011 0.8248
vn -0.3755 0.7763 -0.5063
vn -0.2155 0.6065 -0.7653
vn -0.0214 0.9132 -0.4070
vn -0.3288 0.9006 -0.2843
vn 0.3308 0.0067 0.9437
vn 0.3924 0.1537 0.9069
vn -0.3754 0.7764 -0.5062
vn -0.1223 0.7862 -0.6058
vn 0.3777 0.6204 0.6873
vn 0.3315 0.7973 0.5044
vn 0.2634 0.9204 0.2889
vn 0.5070 0.8565 -0.0965
vn 0.6154 0.5299 0.5835
vn 0.6204 0.6881 0.3762
vn 0.3772 0.0090 0.9261
vn 0.4203 -0.0083 0.9074
vn 0.1101 0.6922 -0.7133
vn 0.3973 0.8566 -0.3292
vn 0.3777 0.6204 0.6874
vn -0.1223 0.7861 -0.6058
vn 0.2621 0.8005 -0.5391
vn 0.1246 0.6053 0.7862
vn 0.4812 0.5758 -0.6609
vn 0.7650 0.5993 -0.2358
vn 0.6439 0.6077 -0.4649
vn 0.5833 0.7993 0.1441
vn 0.8350 0.5501 0.0113
vn -0.2052 0.3490 -0.9144
vn -0.2154 0.6065 -0.7653
vn -0.0489 0.5386 -0.8411
vn -0.2945 0.3852 -0.8746
vn 0.4828 0.1182 0.8677
vn 0.5684 0.3354 0.7513
vn 0.8016 0.3439 0.4890
vn 0.6155 0.5298 0.5835
vn 0.3924 0.1537 0.9068
vn 0.3986 0.4010 0.8248
vn 0.4203 -0.0083 0.9073
vn 0.5530 0.0467 0.8319
vn 0.7007 0.2017 0.6844
vn 0.8477 0.4630 0.2591
vn 0.6205 0.6881 0.3762
vn 0.0786 0.4053 -0.9108
vn 0.9735 0.1523 0.1707
vn 0.7732 0.0193 0.6338
vn 0.2888 0.5067 -0.8123
vn 0.2621 0.8004 -0.5391
vn 0.4813 0.5758 -0.6610
vn 0.6013 0.2696 -0.7522
vn 0.3860 0.2557 -0.8864
vn 0.1477 0.2256 -0.9629
vn 0.5834 0.7993 0.1441
vn 0.7651 0.5992 -0.2359
vn 0.6439 0.6076 -0.4650
vn 0.9079 0.2442 -0.3407
vn 0.5529 0.0467 0.8319
vn 0.3773 0.0090 0.9260
vn 0.4202 -0.0083 0.9074
vn 0.3769 -0.2461 0.8930
vn -0.8332 -0.5375 -0.1296
vn -0.9729 -0.1940 0.1257
vn -0.9740 -0.1793 -0.1386
vn -0.8461 -0.5165 0.1321
vn -0.7632 -0.5217 -0.3812
vn 0.3572 0.1207 -0.9262
vn 0.2060 -0.1035 -0.9731
vn 0.1372 -0.0254 -0.9902
vn 0.2954 -0.1484 -0.9438
vn 0.3924 -0.1537 -0.9069
vn 0.4828 -0.1182 -0.8677
vn 0.5529 -0.0467 -0.8319
vn 0.5911 0.1583 -0.7909
vn 0.5913 0.0506 -0.8049
vn 0.0997 0.0747 -0.9922
vn 0.0996 0.1812 -0.9784
vn 0.1368 0.2775 -0.9509
vn 0.2053 0.3489 -0.9144
vn 0.2946 0.3852 -0.8746
vn 0.3915 0.3812 -0.8375
vn 0.4821 0.3372 -0.8086
vn 0.5524 0.2591 -0.7923
vn -0.7728 -0.1829 0.6077
vn -0.6997 -0.3719 0.6100
vn -0.5530 -0.2596 0.7917
vn -0.4823 -0.3367 0.8087
vn -0.4797 -0.3898 -0.7861
vn -0.7791 -0.1151 -0.6162
vn -0.6007 -0.0709 -0.7963
vn -0.2875 -0.2838 -0.9148
vn -0.2596 -0.6375 -0.7254
vn -0.3946 -0.7456 -0.5370
vn -0.3855 -0.0225 -0.9224
vn -0.7798 0.2658 -0.5668
vn -0.6013 0.2696 -0.7522
vn -0.1083 -0.4880 -0.8661
vn -0.9072 -0.1522 -0.3921
vn -0.6421 -0.4711 -0.6047
vn -0.9746 0.2054 -0.0887
vn -0.9079 0.2441 -0.3407
vn -0.8003 -0.4599 0.3848
vn -0.9038 -0.1952 0.3808
vn -0.5670 -0.5177 0.6407
vn -0.9043 0.0886 0.4176
vn -0.3855 -0.0226 -0.9224
vn -0.1474 0.0269 -0.9887
vn -0.0777 -0.1599 -0.9841
vn -0.8460 -0.5165 0.1321
vn -0.9729 -0.1940 0.1258
vn -0.5908 -0.1587 0.7911
vn -0.5530 -0.2595 0.7917
vn -0.3573 -0.1207 0.9262
vn -0.4207 -0.2242 0.8791
vn -0.1082 -0.4880 -0.8661
vn 0.0502 -0.3062 -0.9507
vn 0.1245 -0.6057 -0.7859
vn 0.2171 -0.3906 -0.8946
vn -0.7632 -0.5218 -0.3812
vn -0.5043 -0.8052 -0.3119
vn -0.2595 -0.6376 -0.7254
vn -0.0767 -0.9015 -0.4260
vn -0.1744 -0.9646 -0.1976
vn -0.8332 -0.5376 -0.1296
vn -0.6135 -0.6631 0.4288
vn -0.6181 -0.7633 0.1880
vn -0.5807 -0.8115 -0.0648
vn -0.3288 -0.9006 0.2843
vn -0.3754 -0.7764 0.5062
vn -0.2603 -0.9645 0.0445
vn -0.6135 -0.6631 0.4289
vn -0.3915 -0.3812 0.8375
vn -0.3969 -0.5994 0.6951
vn -0.2946 -0.3852 0.8746
vn -0.2155 -0.6065 0.7653
vn -0.3754 -0.7764 0.5063
vn 0.0248 -0.7795 -0.6259
vn 0.1245 -0.6058 -0.7858
vn 0.3310 -0.7980 -0.5036
vn 0.2638 -0.9202 -0.2891
vn 0.3774 -0.6209 -0.6870
vn 0.1784 -0.9824 -0.0560
vn 0.0808 -0.9800 0.1818
vn -0.0214 -0.9132 0.4070
vn -0.1223 -0.7861 0.6058
vn 0.3985 -0.4011 -0.8248
vn 0.3774 -0.6209 -0.6871
vn -0.1223 -0.7862 0.6058
vn -0.3768 -0.2461 0.8930
vn -0.3304 -0.2482 0.9106
vn 0.5684 -0.3354 -0.7513
vn -0.2053 -0.3489 0.9144
vn -0.2877 -0.2307 0.9295
vn 0.6199 -0.6887 -0.3761
vn 0.5826 -0.7998 -0.1445
vn 0.5066 -0.8568 0.0959
vn 0.6153 -0.5301 -0.5835
vn 0.2621 -0.8004 0.5391
vn 0.1102 -0.6922 0.7133
vn 0.3973 -0.8567 0.3290
vn -0.0489 -0.5386 0.8411
vn 0.1101 -0.6922 0.7133
vn 0.6153 -0.5300 -0.5835
vn -0.1367 -0.2775 0.9509
vn 0.0786 -0.4053 0.9108
vn 0.7007 -0.2017 -0.6844
vn 0.8476 -0.4630 -0.2592
vn 0.8350 -0.5501 -0.0114
vn 0.7650 -0.5993 0.2358
vn 0.4813 -0.5758 0.6609
vn 0.2887 -0.5068 0.8123
vn 0.6439 -0.6077 0.4649
vn 0.1478 -0.2256 0.9629
vn 0.8016 -0.3439 -0.4890
vn 0.2887 -0.5067 0.8123
vn 0.7732 -0.0193 -0.6339
vn 0.9043 -0.0886 -0.4177
vn 0.8477 -0.4629 -0.2591
vn 0.5827 -0.7997 -0.1445
vn 0.9735 -0.1523 -0.1707
vn 0.9746 -0.2054 0.0887
vn 0.6013 -0.2696 0.7522
vn 0.2888 -0.5067 0.8123
vn 0.3860 -0.2557 0.8863
vn 0.7798 -0.2658 0.5668
vn 0.6008 0.0709 0.7963
vn 0.3856 0.0226 0.9224
vn 0.7729 0.1829 -0.6077
vn -0.1368 -0.2775 0.9510
vn -0.0996 -0.1812 0.9784
vn 0.1474 -0.0269 0.9887
vn -0.0997 -0.0747 0.9922
vn 0.9038 0.1952 -0.3808
vn 0.9729 0.1940 -0.1258
vn 0.9043 -0.0886 -0.4176
vn 0.9740 0.1793 0.1386
vn 0.7651 -0.5992 0.2359
vn 0.9072 0.1522 0.3921
vn 0.9079 -0.2441 0.3407
vn 0.6439 -0.6076 0.4649
vn 0.3855 0.0225 0.9224
vn 0.3859 -0.2557 0.8864
vn 0.7791 0.1151 0.6162
vn 0.9038 0.1952 -0.3809
vn 0.0777 0.1599 0.9841
vn -0.1372 0.0254 0.9902
vn 0.2875 0.2838 0.9148
vn 0.6997 0.3719 -0.6100
vn 0.8003 0.4599 -0.3848
vn 0.6421 0.4711 0.6047
vn 0.7632 0.5218 0.3812
vn 0.4797 0.3898 0.7861
vn -0.1372 0.0253 0.9902
vn 0.8003 0.4598 -0.3847
vn 0.8461 0.5165 -0.1321
vn 0.8332 0.5375 0.1297
vn 0.1477 -0.2256 0.9630
vn 0.3948 0.7456 0.5369
vn 0.2598 0.6373 0.7255
vn 0.1083 0.4877 0.8663
vn -0.0502 0.3062 0.9507
vn -0.2060 0.1035 0.9731
vn 0.5043 0.8052 0.3119
vn 0.5670 0.5177 -0.6407
vn 0.6135 0.6631 -0.4289
vn 0.5807 0.8115 0.0648
vn -0.2880 -0.0149 0.9575
vn 0.3969 0.5994 -0.6951
vn 0.6181 0.7633 -0.1880
vn 0.3754 0.7764 -0.5062
vn 0.3288 0.9006 -0.2843
vn 0.8460 0.5165 -0.1321
vn 0.2603 0.9645 -0.0445
vn 0.1748 0.9646 0.1974
vn 0.6135 0.6631 -0.4288
vn 0.8332 0.5376 0.1296
vn -0.1246 0.6053 0.7862
vn -0.2171 0.3906 0.8946
vn -0.2954 0.1484 0.9438
vn 0.3755 0.7763 -0.5063
vn 0.3947 0.7456 0.5369
vn 0.0779 0.9014 0.4259
vn 0.2597 0.6374 0.7254
vn -0.1779 0.9825 0.0550
vn -0.2634 0.9204 0.2889
vn -0.0809 0.9800 -0.1820
vn -0.3777 0.6204 0.6874
vn -0.3985 0.4011 0.8248
vn 0.2155 0.6065 -0.7653
vn 0.1223 0.7862 -0.6058
vn 0.0213 0.9132 -0.4070
vn 0.1083 0.4878 0.8662
vn -0.0241 0.7791 0.6264
vn -0.1245 0.6053 0.7862
vn -0.3315 0.7973 0.5045
vn -0.3777 0.6204 0.6873
vn -0.3924 0.1537 0.9069
vn -0.3308 0.0067 0.9437
vn -0.3772 0.0090 0.9261
vn -0.5070 0.8565 -0.0964
vn -0.5833 0.7993 0.1441
vn -0.6205 0.6881 0.3762
vn -0.6154 0.5298 0.5835
vn -0.5684 0.3354 0.7513
vn -0.4828 0.1182 0.8677
vn -0.4203 -0.0083 0.9074
vn -0.1101 0.6922 -0.7133
vn -0.2620 0.8005 -0.5391
vn -0.3973 0.8566 -0.3292
vn 0.0489 0.5386 -0.8411
vn -0.7650 0.5993 -0.2358
vn -0.8350 0.5501 0.0114
vn -0.8476 0.4630 0.2591
vn -0.0786 0.4053 -0.9108
vn -0.5529 0.0467 0.8319
vn -0.7007 0.2017 0.6844
vn -0.8016 0.3439 0.4890
vn -0.6155 0.5298 0.5835
vn -0.8477 0.4629 0.2591
vn -0.2887 0.5068 -0.8123
vn -0.9735 0.1522 0.1707
vn -0.7732 0.0193 0.6339
vn -0.1477 0.2256 -0.9630
vn -0.5070 0.8565 -0.0965
vn -0.3974 0.8566 -0.3292
vn -0.7651 0.5992 -0.2359
vn -0.4813 0.5758 -0.6609
vn -0.6439 0.6076 -0.4649
vn -0.2621 0.8004 -0.5391
vn -0.2888 0.5067 -0.8123
vn -0.1478 0.2256 -0.9629
vn -0.3860 0.2557 -0.8864
vn -0.1102 0.6922 -0.7133
vn -0.8477 0.4629 0.2590
vn -0.8350 0.5501 0.0113
vn -0.9735 0.1523 0.1706
vn -0.0787 0.4053 -0.9108
vn -0.1475 0.0269 -0.9887
vn -0.5913 -0.0506 0.8049
vn -0.3773 0.0090 0.9261
vn -0.3769 -0.2461 0.8930
vt 0.013637 0.859904
vt 0.013647 0.859934
vt 0.013637 0.859935
vt 0.013647 0.859903
vt 0.013657 0.859970
vt 0.013647 0.859970
vt 0.013624 0.859908
vt 0.013635 0.859970
vt 0.013657 0.859933
vt 0.014019 0.859739
vt 0.013997 0.859743
vt 0.013997 0.859733
vt 0.013976 0.859740
vt 0.014019 0.859747
vt 0.014046 0.859758
vt 0.014018 0.859758
vt 0.014046 0.859747
vt 0.014046 0.859739
vt 0.079263 0.859143
vt 0.079263 0.859160
vt 0.079257 0.859143
vt 0.079263 0.859132
vt 0.079268 0.859132
vt 0.079268 0.859143
vt 0.079257 0.859160
vt 0.079263 0.859185
vt 0.079257 0.859185
vt 0.014016 0.859776
vt 0.013997 0.859752
vt 0.014046 0.859801
vt 0.014015 0.859802
vt 0.013987 0.859777
vt 0.013974 0.859761
vt 0.014046 0.859775
vt 0.013989 0.859975
vt 0.014002 0.859965
vt 0.014000 0.859978
vt 0.013971 0.859989
vt 0.013967 0.859973
vt 0.013988 0.859989
vt 0.013991 0.859961
vt 0.013999 0.859991
vt 0.013968 0.859953
vt 0.013871 0.859929
vt 0.013879 0.859918
vt 0.013880 0.859929
vt 0.013868 0.859918
vt 0.013895 0.859924
vt 0.013861 0.859897
vt 0.013877 0.859897
vt 0.013987 0.859995
vt 0.013970 0.859995
vt 0.013953 0.859990
vt 0.013997 0.859995
vt 0.013947 0.859972
vt 0.013953 0.859995
vt 0.013742 0.859920
vt 0.013743 0.859971
vt 0.013723 0.859923
vt 0.013778 0.859971
vt 0.013721 0.859885
vt 0.013741 0.859879
vt 0.013709 0.859888
vt 0.013723 0.859970
vt 0.013710 0.860016
vt 0.013711 0.859970
vt 0.013710 0.859925
vt 0.014266 0.860479
vt 0.014283 0.860495
vt 0.014264 0.860495
vt 0.014248 0.860477
vt 0.014248 0.860459
vt 0.014267 0.860459
vt 0.014286 0.860462
vt 0.014283 0.860480
vt 0.014269 0.860440
vt 0.014293 0.860445
vt 0.014298 0.860466
vt 0.014294 0.860481
vt 0.014295 0.860494
vt 0.014270 0.860425
vt 0.014305 0.860434
vt 0.014300 0.860480
vt 0.014308 0.860453
vt 0.079263 0.859315
vt 0.079258 0.859326
vt 0.079258 0.859314
vt 0.079267 0.859326
vt 0.079263 0.859327
vt 0.079263 0.859299
vt 0.014028 0.859939
vt 0.014005 0.859935
vt 0.014026 0.859927
vt 0.014047 0.859929
vt 0.014047 0.859941
vt 0.013969 0.859934
vt 0.013972 0.859918
vt 0.014047 0.859914
vt 0.014001 0.859919
vt 0.014023 0.859913
vt 0.013979 0.859906
vt 0.014002 0.859910
vt 0.014047 0.859898
vt 0.079258 0.859299
vt 0.079267 0.859314
vt 0.079263 0.859283
vt 0.014002 0.860338
vt 0.013980 0.860337
vt 0.013981 0.860308
vt 0.014006 0.860309
vt 0.014025 0.860357
vt 0.013997 0.860351
vt 0.014052 0.860373
vt 0.014020 0.860368
vt 0.014031 0.860341
vt 0.013994 0.860358
vt 0.014053 0.860364
vt 0.014034 0.860310
vt 0.014055 0.860342
vt 0.014058 0.860311
vt 0.014023 0.860381
vt 0.014051 0.860383
vt 0.014024 0.860393
vt 0.013778 0.859919
vt 0.013814 0.859879
vt 0.013810 0.859924
vt 0.013777 0.859877
vt 0.013804 0.859854
vt 0.013826 0.859854
vt 0.013836 0.859873
vt 0.013836 0.859908
vt 0.013831 0.859935
vt 0.013742 0.860021
vt 0.013810 0.860018
vt 0.013778 0.860022
vt 0.013810 0.859971
vt 0.013950 0.859833
vt 0.013943 0.859814
vt 0.013956 0.859815
vt 0.013948 0.859862
vt 0.013943 0.859859
vt 0.013978 0.859857
vt 0.013940 0.859831
vt 0.013979 0.859830
vt 0.013957 0.859887
vt 0.014013 0.859854
vt 0.013982 0.859882
vt 0.014013 0.859827
vt 0.013943 0.859898
vt 0.014316 0.860027
vt 0.014299 0.860005
vt 0.014311 0.859994
vt 0.014334 0.859996
vt 0.014337 0.860025
vt 0.014300 0.860030
vt 0.014333 0.859973
vt 0.013830 0.859971
vt 0.013656 0.859901
vt 0.013679 0.859931
vt 0.013678 0.859898
vt 0.013680 0.859970
vt 0.013623 0.860006
vt 0.013610 0.860028
vt 0.013609 0.860001
vt 0.013637 0.860006
vt 0.013623 0.859935
vt 0.013621 0.859971
vt 0.013647 0.860007
vt 0.013624 0.860033
vt 0.079263 0.859195
vt 0.079263 0.859210
vt 0.079257 0.859195
vt 0.079268 0.859195
vt 0.079257 0.859211
vt 0.079263 0.859238
vt 0.079257 0.859238
vt 0.013980 0.859814
vt 0.014014 0.859811
vt 0.014046 0.859853
vt 0.013960 0.859805
vt 0.013981 0.859803
vt 0.014046 0.859826
vt 0.014046 0.859810
vt 0.013971 0.859777
vt 0.079268 0.859160
vt 0.079268 0.859185
vt 0.013976 0.859750
vt 0.079257 0.859124
vt 0.079257 0.859132
vt 0.079268 0.859124
vt 0.079263 0.859124
vt 0.079268 0.859111
vt 0.013967 0.860354
vt 0.013944 0.860351
vt 0.013966 0.860337
vt 0.013978 0.860353
vt 0.013945 0.860362
vt 0.013942 0.860334
vt 0.013960 0.860307
vt 0.013943 0.859923
vt 0.013989 0.859899
vt 0.014016 0.859879
vt 0.014020 0.859898
vt 0.014046 0.859879
vt 0.079263 0.859263
vt 0.079268 0.859211
vt 0.079268 0.859238
vt 0.079257 0.859263
vt 0.079257 0.859283
vt 0.079268 0.859283
vt 0.014030 0.734235
vt 0.014024 0.734217
vt 0.014026 0.734218
vt 0.014019 0.734237
vt 0.014021 0.734234
vt 0.014018 0.734197
vt 0.014020 0.734197
vt 0.014033 0.734239
vt 0.014058 0.860299
vt 0.014034 0.860298
vt 0.014058 0.860279
vt 0.014034 0.860278
vt 0.014051 0.860242
vt 0.014362 0.860023
vt 0.014358 0.859994
vt 0.014381 0.859989
vt 0.014388 0.860020
vt 0.014356 0.859973
vt 0.014378 0.859967
vt 0.013773 0.859853
vt 0.014029 0.860243
vt 0.014569 0.859964
vt 0.014566 0.859932
vt 0.014571 0.859929
vt 0.014558 0.859984
vt 0.014558 0.859964
vt 0.013940 0.860306
vt 0.014030 0.860473
vt 0.014035 0.860496
vt 0.014031 0.860496
vt 0.014049 0.860523
vt 0.014044 0.860522
vt 0.014035 0.860472
vt 0.014036 0.860453
vt 0.014041 0.860451
vt 0.013657 0.860008
vt 0.014006 0.734197
vt 0.014009 0.734176
vt 0.014009 0.734197
vt 0.014015 0.734216
vt 0.014012 0.734218
vt 0.013977 0.860364
vt 0.014044 0.860437
vt 0.014049 0.860435
vt 0.014018 0.734175
vt 0.014021 0.734174
vt 0.079473 0.859909
vt 0.079474 0.859895
vt 0.079477 0.859909
vt 0.079477 0.859921
vt 0.079472 0.859922
vt 0.079468 0.859921
vt 0.079469 0.859909
vt 0.079478 0.859895
vt 0.014300 0.860520
vt 0.014284 0.860509
vt 0.014298 0.860507
vt 0.014285 0.860535
vt 0.014285 0.860523
vt 0.014267 0.860510
vt 0.014308 0.860532
vt 0.014267 0.860524
vt 0.079263 0.859085
vt 0.079257 0.859111
vt 0.079257 0.859085
vt 0.079263 0.859111
vt 0.013997 0.859701
vt 0.014019 0.859700
vt 0.013997 0.859724
vt 0.013977 0.859703
vt 0.013988 0.859681
vt 0.014005 0.859679
vt 0.014019 0.859728
vt 0.014047 0.859727
vt 0.014023 0.859679
vt 0.014047 0.859700
vt 0.014047 0.859678
vt 0.014052 0.859700
vt 0.014056 0.859678
vt 0.014057 0.859700
vt 0.014052 0.859678
vt 0.013976 0.859730
vt 0.013973 0.860409
vt 0.013952 0.860411
vt 0.013967 0.860396
vt 0.013962 0.860435
vt 0.013948 0.860382
vt 0.013968 0.860386
vt 0.013972 0.860435
vt 0.013988 0.860417
vt 0.013985 0.860435
vt 0.013610 0.859913
vt 0.013609 0.859940
vt 0.013625 0.859882
vt 0.013584 0.859918
vt 0.013679 0.860010
vt 0.013607 0.859971
vt 0.013585 0.859942
vt 0.013585 0.859999
vt 0.013585 0.859971
vt 0.013583 0.859903
vt 0.013612 0.859882
vt 0.014000 0.860435
vt 0.014005 0.860415
vt 0.014018 0.860435
vt 0.014021 0.860406
vt 0.013945 0.859946
vt 0.110414 0.858045
vt 0.110428 0.858047
vt 0.110412 0.858056
vt 0.110398 0.858054
vt 0.110400 0.858042
vt 0.109978 0.858108
vt 0.109973 0.858120
vt 0.109962 0.858115
vt 0.109966 0.858101
vt 0.109938 0.858107
vt 0.109939 0.858088
vt 0.014007 0.859953
vt 0.013996 0.859947
vt 0.014015 0.859945
vt 0.014431 0.859880
vt 0.014443 0.859890
vt 0.014430 0.859887
vt 0.014444 0.859884
vt 0.014457 0.859893
vt 0.013969 0.860000
vt 0.013951 0.860000
vt 0.013988 0.860000
vt 0.013968 0.860013
vt 0.013947 0.860014
vt 0.014452 0.859914
vt 0.014469 0.859927
vt 0.014451 0.859928
vt 0.014441 0.859902
vt 0.014456 0.859903
vt 0.014436 0.859914
vt 0.014469 0.859913
vt 0.014428 0.859900
vt 0.014421 0.859926
vt 0.014422 0.859913
vt 0.014432 0.859930
vt 0.014472 0.859904
vt 0.014487 0.859903
vt 0.014485 0.859912
vt 0.014484 0.859927
vt 0.014355 0.859950
vt 0.014334 0.859920
vt 0.014354 0.859919
vt 0.014316 0.859947
vt 0.014316 0.859921
vt 0.014329 0.859901
vt 0.014346 0.859898
vt 0.014334 0.859950
vt 0.014365 0.859898
vt 0.014372 0.859919
vt 0.014376 0.859946
vt 0.013875 0.859875
vt 0.013853 0.859874
vt 0.013896 0.859894
vt 0.013896 0.859913
vt 0.013874 0.859859
vt 0.013895 0.859875
vt 0.013912 0.859877
vt 0.013913 0.859900
vt 0.013914 0.859922
vt 0.014421 0.859934
vt 0.014418 0.859930
vt 0.014445 0.859947
vt 0.014431 0.859948
vt 0.110327 0.858127
vt 0.110304 0.858104
vt 0.110326 0.858104
vt 0.110348 0.858121
vt 0.110346 0.858101
vt 0.109807 0.858027
vt 0.109817 0.858011
vt 0.109824 0.858028
vt 0.109797 0.858009
vt 0.109818 0.858052
vt 0.109831 0.858051
vt 0.109828 0.858077
vt 0.109838 0.858072
vt 0.109841 0.858084
vt 0.109832 0.858088
vt 0.013858 0.859922
vt 0.013850 0.859931
vt 0.013847 0.859897
vt 0.014481 0.859946
vt 0.014462 0.859947
vt 0.013946 0.860027
vt 0.013991 0.860013
vt 0.013846 0.859857
vt 0.013895 0.859864
vt 0.110284 0.858123
vt 0.110303 0.858128
vt 0.110286 0.858101
vt 0.014314 0.859969
vt 0.014315 0.859903
vt 0.014330 0.859894
vt 0.014325 0.859897
vt 0.014334 0.859879
vt 0.014355 0.859880
vt 0.013927 0.859878
vt 0.013927 0.859902
vt 0.014335 0.859866
vt 0.014375 0.859882
vt 0.014359 0.859866
vt 0.014380 0.859867
vt 0.014378 0.859898
vt 0.014421 0.859949
vt 0.013999 0.859998
vt 0.014004 0.860013
vt 0.014315 0.859897
vt 0.014315 0.859892
vt 0.014317 0.859879
vt 0.014432 0.859961
vt 0.013969 0.860026
vt 0.013993 0.860026
vt 0.014421 0.859962
vt 0.014467 0.859961
vt 0.014496 0.859945
vt 0.014448 0.859961
vt 0.013912 0.859863
vt 0.013926 0.859863
vt 0.014388 0.859882
vt 0.014493 0.859927
vt 0.014487 0.859960
vt 0.014502 0.859959
vt 0.014486 0.859972
vt 0.014470 0.859972
vt 0.014498 0.859972
vt 0.079706 0.859879
vt 0.079706 0.859855
vt 0.079710 0.859880
vt 0.079710 0.859854
vt 0.079699 0.859900
vt 0.079018 0.859907
vt 0.079013 0.859880
vt 0.079038 0.859899
vt 0.078997 0.859905
vt 0.079022 0.859875
vt 0.079047 0.859879
vt 0.014454 0.859972
vt 0.079040 0.859834
vt 0.079028 0.859853
vt 0.079024 0.859842
vt 0.079025 0.859821
vt 0.079017 0.859835
vt 0.079003 0.859821
vt 0.079027 0.859866
vt 0.079047 0.859854
vt 0.013971 0.860037
vt 0.014007 0.860026
vt 0.014006 0.860037
vt 0.013993 0.860037
vt 0.014428 0.859972
vt 0.014440 0.859972
vt 0.046469 0.858751
vt 0.046478 0.858733
vt 0.046479 0.858753
vt 0.046458 0.858735
vt 0.046468 0.858734
vt 0.046484 0.858716
vt 0.046484 0.858735
vt 0.046468 0.858761
vt 0.046486 0.858769
vt 0.046477 0.858765
vt 0.046485 0.858756
vt 0.046458 0.858710
vt 0.046468 0.858710
vt 0.046478 0.858712
vt 0.079751 0.859506
vt 0.079762 0.859512
vt 0.079751 0.859511
vt 0.079768 0.859507
vt 0.079768 0.859512
vt 0.079762 0.859507
vt 0.079740 0.859506
vt 0.047120 0.857849
vt 0.047100 0.857840
vt 0.047120 0.857839
vt 0.047101 0.857859
vt 0.047101 0.857850
vt 0.047100 0.857833
vt 0.047120 0.857832
vt 0.079706 0.859070
vt 0.079701 0.859064
vt 0.079706 0.859064
vt 0.079701 0.859071
vt 0.079706 0.859080
vt 0.079701 0.859081
vt 0.046488 0.858718
vt 0.046488 0.858737
vt 0.046488 0.858706
vt 0.047129 0.858328
vt 0.047131 0.858316
vt 0.047136 0.858328
vt 0.047127 0.858309
vt 0.047134 0.858309
vt 0.047137 0.858316
vt 0.046457 0.858758
vt 0.046460 0.858764
vt 0.046452 0.858738
vt 0.047136 0.857848
vt 0.047129 0.857838
vt 0.047136 0.857838
vt 0.047125 0.857849
vt 0.047125 0.857838
vt 0.047129 0.857849
vt 0.047136 0.857861
vt 0.047131 0.857864
vt 0.047126 0.857862
vt 0.047133 0.858305
vt 0.013939 0.859881
vt 0.013940 0.859904
vt 0.013928 0.859925
vt 0.047147 0.858316
vt 0.047145 0.858309
vt 0.047157 0.858328
vt 0.047147 0.858328
vt 0.047156 0.858309
vt 0.047158 0.858316
vt 0.047162 0.858309
vt 0.047162 0.858316
vt 0.047156 0.858305
vt 0.047105 0.858720
vt 0.047099 0.858713
vt 0.047106 0.858711
vt 0.047098 0.858726
vt 0.047098 0.858720
vt 0.047110 0.858728
vt 0.047105 0.858730
vt 0.047087 0.858717
vt 0.079706 0.859099
vt 0.079702 0.859119
vt 0.079701 0.859099
vt 0.079707 0.859120
vt 0.079707 0.859139
vt 0.079702 0.859139
vt 0.079706 0.859090
vt 0.079754 0.859272
vt 0.079750 0.859294
vt 0.079749 0.859269
vt 0.079754 0.859292
vt 0.079741 0.859268
vt 0.079754 0.859319
vt 0.079750 0.859321
vt 0.079746 0.859948
vt 0.079743 0.859955
vt 0.079743 0.859947
vt 0.079746 0.859956
vt 0.079743 0.859939
vt 0.079746 0.859940
vt 0.079746 0.859974
vt 0.079727 0.859366
vt 0.079737 0.859367
vt 0.079727 0.859373
vt 0.079736 0.859357
vt 0.079721 0.859366
vt 0.079723 0.859363
vt 0.079747 0.859374
vt 0.079737 0.859375
vt 0.079746 0.859366
vt 0.079727 0.859356
vt 0.079722 0.859356
vt 0.079745 0.859356
vt 0.079752 0.859371
vt 0.079752 0.859364
vt 0.079751 0.859354
vt 0.079699 0.859119
vt 0.079703 0.859154
vt 0.079699 0.859142
vt 0.079699 0.859159
vt 0.079699 0.859155
vt 0.079742 0.859265
vt 0.079757 0.859268
vt 0.079750 0.859265
vt 0.079719 0.859357
vt 0.079717 0.859348
vt 0.079721 0.859348
vt 0.079727 0.859348
vt 0.079732 0.859270
vt 0.079733 0.859298
vt 0.079722 0.859274
vt 0.079743 0.859296
vt 0.079744 0.859323
vt 0.079735 0.859324
vt 0.079726 0.859324
vt 0.079724 0.859299
vt 0.079715 0.859280
vt 0.079720 0.859322
vt 0.079718 0.859298
vt 0.047119 0.857893
vt 0.047126 0.857876
vt 0.047122 0.857896
vt 0.047102 0.857909
vt 0.047101 0.857889
vt 0.047130 0.857881
vt 0.047121 0.857872
vt 0.047101 0.857869
vt 0.079740 0.859511
vt 0.046453 0.858759
vt 0.046451 0.858710
vt 0.046446 0.858710
vt 0.046485 0.858701
vt 0.079707 0.859154
vt 0.079708 0.859161
vt 0.079703 0.859162
vt 0.046478 0.858696
vt 0.047122 0.857860
vt 0.079738 0.859947
vt 0.079743 0.859974
vt 0.079738 0.859955
vt 0.079743 0.860005
vt 0.079738 0.859975
vt 0.046468 0.858692
vt 0.046457 0.858690
vt 0.046445 0.858692
vt 0.046450 0.858690
vt 0.046449 0.858740
vt 0.079738 0.860006
vt 0.079743 0.860026
vt 0.079738 0.860026
vt 0.047127 0.858300
vt 0.047133 0.858300
vt 0.047127 0.858305
vt 0.047117 0.858747
vt 0.047113 0.858750
vt 0.047110 0.858719
vt 0.047115 0.858727
vt 0.047133 0.858745
vt 0.047133 0.858725
vt 0.047114 0.858701
vt 0.047110 0.858694
vt 0.047114 0.858693
vt 0.047114 0.858709
vt 0.047110 0.858701
vt 0.047133 0.858708
vt 0.047133 0.858700
vt 0.047133 0.858716
vt 0.047114 0.858718
vt 0.047133 0.858693
vt 0.079738 0.859923
vt 0.079743 0.859931
vt 0.079738 0.859931
vt 0.079743 0.859923
vt 0.079738 0.859939
vt 0.079738 0.859917
vt 0.079743 0.859917
vt 0.047162 0.858301
vt 0.047156 0.858281
vt 0.047162 0.858282
vt 0.047156 0.858300
vt 0.047145 0.858281
vt 0.047133 0.858687
vt 0.047114 0.858687
vt 0.047110 0.858710
vt 0.079708 0.859169
vt 0.079703 0.859170
vt 0.079748 0.859381
vt 0.079737 0.859382
vt 0.079726 0.859379
vt 0.079720 0.859371
vt 0.047117 0.857935
vt 0.047102 0.857930
vt 0.047116 0.857928
vt 0.047103 0.857939
vt 0.047102 0.857923
vt 0.047116 0.857923
vt 0.047137 0.858009
vt 0.047123 0.858019
vt 0.047123 0.858008
vt 0.047137 0.858020
vt 0.047136 0.858000
vt 0.047123 0.858026
vt 0.079754 0.859376
vt 0.047123 0.857998
vt 0.079754 0.859337
vt 0.079750 0.859338
vt 0.079745 0.859340
vt 0.079714 0.859277
vt 0.079721 0.859270
vt 0.079751 0.859346
vt 0.079755 0.859353
vt 0.079745 0.859348
vt 0.079755 0.859362
vt 0.079755 0.859368
vt 0.079727 0.859340
vt 0.079736 0.859340
vt 0.079721 0.859340
vt 0.079736 0.859348
vt 0.013951 0.860037
vt 0.078983 0.859898
vt 0.079003 0.859878
vt 0.078996 0.859874
vt 0.078975 0.859887
vt 0.079007 0.859834
vt 0.078996 0.859839
vt 0.078982 0.859830
vt 0.078992 0.859846
vt 0.078973 0.859843
vt 0.013940 0.859925
vt 0.014337 0.859856
vt 0.014360 0.859855
vt 0.014380 0.859855
vt 0.078971 0.859859
vt 0.078990 0.859854
vt 0.013938 0.859867
vt 0.014317 0.859856
vt 0.014315 0.859866
vt 0.079700 0.859833
vt 0.079697 0.859836
vt 0.079678 0.859824
vt 0.079677 0.859828
vt 0.079655 0.859829
vt 0.079654 0.859825
vt 0.079746 0.859926
vt 0.079746 0.859932
vt 0.079717 0.859360
vt 0.046889 0.858011
vt 0.046902 0.858016
vt 0.046890 0.858020
vt 0.046889 0.858001
vt 0.046901 0.858008
vt 0.079702 0.859902
vt 0.079684 0.859913
vt 0.079686 0.859917
vt 0.079661 0.859917
vt 0.079662 0.859914
vt 0.047118 0.858777
vt 0.047133 0.858775
vt 0.047133 0.858795
vt 0.047119 0.858795
vt 0.047106 0.858702
vt 0.047099 0.858706
vt 0.047109 0.858687
vt 0.047105 0.858688
vt 0.047106 0.858695
vt 0.047099 0.858698
vt 0.047098 0.858692
vt 0.047145 0.858305
vt 0.047162 0.858305
vt 0.047144 0.858300
vt 0.047134 0.858281
vt 0.013844 0.859947
vt 0.079627 0.859858
vt 0.079634 0.859846
vt 0.079630 0.859859
vt 0.079631 0.859844
vt 0.079642 0.859835
vt 0.046482 0.858774
vt 0.047136 0.857871
vt 0.047148 0.857863
vt 0.047148 0.857873
vt 0.047148 0.857851
vt 0.047086 0.858695
vt 0.047087 0.858702
vt 0.079628 0.859893
vt 0.079626 0.859875
vt 0.079632 0.859891
vt 0.079629 0.859875
vt 0.079641 0.859905
vt 0.046901 0.858000
vt 0.046890 0.857994
vt 0.046902 0.857994
vt 0.047087 0.858710
vt 0.047086 0.858688
vt 0.047098 0.858687
vt 0.078991 0.859861
vt 0.078971 0.859873
vt 0.078993 0.859868
vt 0.079640 0.859832
vt 0.079717 0.859340
vt 0.079716 0.859321
vt 0.079639 0.859908
vt 0.079720 0.859247
vt 0.079724 0.859238
vt 0.079724 0.859249
vt 0.079720 0.859238
vt 0.079754 0.859345
vt 0.079698 0.859101
vt 0.079698 0.859092
vt 0.079701 0.859090
vt 0.079713 0.859284
vt 0.079714 0.859297
vt 0.079746 0.860022
vt 0.079746 0.860001
vt 0.079698 0.859084
vt 0.079732 0.859266
vt 0.079728 0.859257
vt 0.079723 0.859257
vt 0.079729 0.859249
vt 0.079728 0.859263
vt 0.079723 0.859263
vt 0.079729 0.859239
vt 0.079267 0.859299
vt 0.047136 0.858031
vt 0.047137 0.858027
vt 0.047122 0.858033
vt 0.079757 0.859370
vt 0.110442 0.858049
vt 0.110456 0.858048
vt 0.110442 0.858058
vt 0.110427 0.858057
vt 0.014458 0.859887
vt 0.014301 0.860495
vt 0.014304 0.860466
vt 0.014263 0.860510
vt 0.014259 0.860509
vt 0.014246 0.860492
vt 0.013856 0.859940
vt 0.013861 0.859934
vt 0.110457 0.858057
vt 0.109915 0.858100
vt 0.109914 0.858078
vt 0.047087 0.858723
vt 0.047148 0.857840
vt 0.079791 0.859958
vt 0.079791 0.859971
vt 0.079778 0.859968
vt 0.079778 0.859956
vt 0.079791 0.859940
vt 0.079778 0.859941
vt 0.079778 0.859926
vt 0.079791 0.859924
vt 0.079792 0.859847
vt 0.079780 0.859868
vt 0.079780 0.859846
vt 0.079792 0.859869
vt 0.079792 0.859822
vt 0.079780 0.859803
vt 0.079792 0.859800
vt 0.079780 0.859822
vt 0.079793 0.859752
vt 0.079780 0.859772
vt 0.079780 0.859750
vt 0.079793 0.859776
vt 0.079793 0.859729
vt 0.079780 0.859729
vt 0.079216 0.860017
vt 0.079217 0.860002
vt 0.079230 0.860003
vt 0.079229 0.860016
vt 0.079229 0.860038
vt 0.079217 0.860040
vt 0.079230 0.860058
vt 0.079217 0.860063
vt 0.079778 0.859913
vt 0.079791 0.859908
vt 0.079778 0.859900
vt 0.079791 0.859895
vt 0.079793 0.859792
vt 0.079781 0.859787
vt 0.079728 0.859228
vt 0.079724 0.859227
vt 0.047117 0.857911
vt 0.110360 0.858372
vt 0.110354 0.858367
vt 0.110362 0.858366
vt 0.110345 0.858370
vt 0.110347 0.858363
vt 0.110355 0.858377
vt 0.110358 0.858361
vt 0.110352 0.858360
vt 0.110349 0.858375
vt 0.013629 0.859723
vt 0.013644 0.859744
vt 0.013628 0.859744
vt 0.013629 0.859709
vt 0.013650 0.859723
vt 0.013656 0.859744
vt 0.013651 0.859709
vt 0.013666 0.859722
vt 0.110326 0.858710
vt 0.110343 0.858691
vt 0.110342 0.858710
vt 0.110325 0.858690
vt 0.110358 0.858710
vt 0.110343 0.858667
vt 0.110360 0.858690
vt 0.110324 0.858667
vt 0.110371 0.858710
vt 0.013607 0.859723
vt 0.013598 0.859744
vt 0.013589 0.859722
vt 0.013612 0.859744
vt 0.109582 0.857913
vt 0.109600 0.857926
vt 0.109580 0.857926
vt 0.109599 0.857899
vt 0.109599 0.857913
vt 0.109614 0.857913
vt 0.109582 0.857899
vt 0.014339 0.860402
vt 0.014344 0.860388
vt 0.014349 0.860403
vt 0.014331 0.860387
vt 0.014342 0.860372
vt 0.014359 0.860373
vt 0.014360 0.860389
vt 0.014361 0.860403
vt 0.110526 0.858756
vt 0.110534 0.858747
vt 0.110534 0.858757
vt 0.110526 0.858746
vt 0.110532 0.858743
vt 0.110534 0.858770
vt 0.110524 0.858769
vt 0.110527 0.858741
vt 0.110518 0.858746
vt 0.110516 0.858755
vt 0.110521 0.858742
vt 0.110342 0.858650
vt 0.110359 0.858650
vt 0.110324 0.858650
vt 0.110353 0.858636
vt 0.110339 0.858637
vt 0.110347 0.858624
vt 0.110362 0.858631
vt 0.110372 0.858649
vt 0.110323 0.858635
vt 0.110336 0.858627
vt 0.110308 0.858649
vt 0.110309 0.858631
vt 0.110322 0.858624
vt 0.110309 0.858617
vt 0.110335 0.858619
vt 0.110236 0.858704
vt 0.110256 0.858703
vt 0.110252 0.858713
vt 0.110239 0.858717
vt 0.110248 0.858723
vt 0.110239 0.858727
vt 0.110267 0.858708
vt 0.110258 0.858721
vt 0.110276 0.858691
vt 0.110257 0.858728
vt 0.110248 0.858729
vt 0.110241 0.858733
vt 0.110183 0.858110
vt 0.110181 0.858087
vt 0.110194 0.858093
vt 0.110171 0.858102
vt 0.110189 0.858075
vt 0.110206 0.858075
vt 0.110218 0.858089
vt 0.110207 0.858103
vt 0.110194 0.858120
vt 0.110171 0.858125
vt 0.110161 0.858117
vt 0.110361 0.858667
vt 0.110177 0.858074
vt 0.110171 0.858084
vt 0.110181 0.858068
vt 0.110193 0.858069
vt 0.109764 0.858505
vt 0.109750 0.858523
vt 0.109746 0.858506
vt 0.109744 0.858493
vt 0.109761 0.858486
vt 0.109779 0.858485
vt 0.109781 0.858503
vt 0.109739 0.858541
vt 0.109733 0.858519
vt 0.109767 0.858524
vt 0.109732 0.858506
vt 0.109770 0.858544
vt 0.109753 0.858543
vt 0.109753 0.858482
vt 0.109729 0.858491
vt 0.109742 0.858486
vt 0.109730 0.858497
vt 0.110309 0.858667
vt 0.109798 0.858522
vt 0.109809 0.858505
vt 0.109810 0.858522
vt 0.109800 0.858541
vt 0.109786 0.858543
vt 0.109784 0.858524
vt 0.109796 0.858502
vt 0.109795 0.858481
vt 0.109808 0.858491
vt 0.109808 0.858483
vt 0.110323 0.858617
vt 0.109789 0.858474
vt 0.109764 0.858478
vt 0.109777 0.858476
vt 0.110391 0.858178
vt 0.110376 0.858173
vt 0.110389 0.858163
vt 0.110376 0.858187
vt 0.110377 0.858159
vt 0.110391 0.858152
vt 0.110221 0.858137
vt 0.110220 0.858114
vt 0.110233 0.858123
vt 0.110207 0.858151
vt 0.110207 0.858129
vt 0.110219 0.858157
vt 0.110232 0.858099
vt 0.110360 0.858159
vt 0.110359 0.858179
vt 0.110218 0.858037
vt 0.110215 0.858027
vt 0.110222 0.858029
vt 0.110211 0.858035
vt 0.110221 0.858025
vt 0.110213 0.858049
vt 0.110204 0.858048
vt 0.110204 0.858032
vt 0.110209 0.858024
vt 0.110212 0.858022
vt 0.110217 0.858023
vt 0.110206 0.858698
vt 0.110200 0.858711
vt 0.110197 0.858698
vt 0.110187 0.858710
vt 0.110212 0.858710
vt 0.110188 0.858728
vt 0.110188 0.858698
vt 0.110190 0.858693
vt 0.110196 0.858691
vt 0.110201 0.858693
vt 0.110220 0.858728
vt 0.110205 0.858729
vt 0.013612 0.859678
vt 0.013629 0.859693
vt 0.013608 0.859693
vt 0.013599 0.859678
vt 0.013591 0.859692
vt 0.013606 0.859709
vt 0.013587 0.859708
vt 0.014339 0.860335
vt 0.014344 0.860358
vt 0.014330 0.860357
vt 0.014360 0.860359
vt 0.014351 0.860336
vt 0.014364 0.860337
vt 0.013643 0.859678
vt 0.013648 0.859693
vt 0.013628 0.859678
vt 0.110189 0.858170
vt 0.110173 0.858185
vt 0.110178 0.858161
vt 0.110194 0.858144
vt 0.110163 0.858176
vt 0.110182 0.858135
vt 0.110167 0.858152
vt 0.110162 0.858770
vt 0.110145 0.858750
vt 0.110162 0.858751
vt 0.110141 0.858786
vt 0.110138 0.858771
vt 0.110162 0.858784
vt 0.110133 0.858749
vt 0.110115 0.858787
vt 0.110112 0.858777
vt 0.013655 0.859678
vt 0.013664 0.859693
vt 0.014445 0.860047
vt 0.014470 0.860034
vt 0.014469 0.860048
vt 0.014435 0.860070
vt 0.014427 0.860047
vt 0.014449 0.860070
vt 0.014444 0.860034
vt 0.110373 0.858690
vt 0.110375 0.858667
vt 0.110156 0.858143
vt 0.110143 0.858159
vt 0.110134 0.858151
vt 0.110146 0.858135
vt 0.110153 0.858167
vt 0.014452 0.860424
vt 0.014466 0.860438
vt 0.014453 0.860438
vt 0.014440 0.860439
vt 0.014435 0.860424
vt 0.014468 0.860423
vt 0.014451 0.860408
vt 0.014469 0.860407
vt 0.014477 0.860437
vt 0.014484 0.860422
vt 0.014468 0.860394
vt 0.014464 0.860371
vt 0.014478 0.860371
vt 0.014451 0.860394
vt 0.014485 0.860392
vt 0.014451 0.860372
vt 0.110127 0.858765
vt 0.110237 0.858147
vt 0.110225 0.858160
vt 0.110235 0.858141
vt 0.109801 0.858565
vt 0.109773 0.858567
vt 0.109788 0.858566
vt 0.109810 0.858541
vt 0.109776 0.858588
vt 0.109802 0.858585
vt 0.109790 0.858586
vt 0.109761 0.858590
vt 0.109757 0.858569
vt 0.110310 0.858690
vt 0.110312 0.858710
vt 0.110300 0.858690
vt 0.110298 0.858666
vt 0.109748 0.858591
vt 0.109742 0.858568
vt 0.109732 0.858557
vt 0.109731 0.858540
vt 0.109727 0.858523
vt 0.109746 0.858777
vt 0.109735 0.858781
vt 0.109737 0.858774
vt 0.109756 0.858775
vt 0.109747 0.858783
vt 0.109754 0.858770
vt 0.109746 0.858771
vt 0.109751 0.858767
vt 0.109740 0.858766
vt 0.109745 0.858766
vt 0.109738 0.858769
vt 0.109745 0.858761
vt 0.109738 0.858762
vt 0.109751 0.858763
vt 0.109755 0.858766
vt 0.110231 0.858174
vt 0.110231 0.858161
vt 0.110238 0.858164
vt 0.110240 0.858149
vt 0.110221 0.858173
vt 0.110241 0.858175
vt 0.110244 0.858153
vt 0.110246 0.858166
vt 0.110249 0.858156
vt 0.110257 0.858157
vt 0.110254 0.858167
vt 0.110252 0.858175
vt 0.110220 0.858805
vt 0.110205 0.858796
vt 0.110220 0.858796
vt 0.110204 0.858806
vt 0.110191 0.858797
vt 0.110194 0.858787
vt 0.110219 0.858786
vt 0.110220 0.858812
vt 0.110203 0.858814
vt 0.110189 0.858806
vt 0.110207 0.858786
vt 0.110197 0.858777
vt 0.110207 0.858776
vt 0.110218 0.858777
vt 0.109751 0.858800
vt 0.109735 0.858804
vt 0.109735 0.858799
vt 0.109764 0.858794
vt 0.109767 0.858799
vt 0.109752 0.858804
vt 0.109749 0.858795
vt 0.109761 0.858788
vt 0.109734 0.858794
vt 0.109747 0.858789
vt 0.109758 0.858781
vt 0.109734 0.858788
vt 0.110415 0.858366
vt 0.110419 0.858371
vt 0.110415 0.858373
vt 0.110420 0.858361
vt 0.110420 0.858366
vt 0.110416 0.858360
vt 0.110425 0.858367
vt 0.110417 0.858378
vt 0.109693 0.858526
vt 0.109690 0.858517
vt 0.109696 0.858518
vt 0.109704 0.858521
vt 0.109701 0.858530
vt 0.109687 0.858523
vt 0.109686 0.858517
vt 0.109684 0.858529
vt 0.109690 0.858533
vt 0.109698 0.858539
vt 0.109682 0.858525
vt 0.109683 0.858521
vt 0.110263 0.858167
vt 0.110261 0.858174
vt 0.110268 0.858173
vt 0.110269 0.858167
vt 0.110269 0.858160
vt 0.110264 0.858159
vt 0.110422 0.858374
vt 0.110216 0.858768
vt 0.110207 0.858768
vt 0.110208 0.858762
vt 0.110215 0.858763
vt 0.110199 0.858770
vt 0.110428 0.858378
vt 0.110431 0.858369
vt 0.110424 0.858360
vt 0.110289 0.857994
vt 0.110288 0.857999
vt 0.110284 0.857995
vt 0.110293 0.857997
vt 0.110282 0.857998
vt 0.110283 0.858003
vt 0.110295 0.858001
vt 0.110288 0.858005
vt 0.110293 0.858006
vt 0.110327 0.858729
vt 0.110329 0.858717
vt 0.110340 0.858729
vt 0.110339 0.858747
vt 0.110325 0.858747
vt 0.110320 0.858717
vt 0.110338 0.858717
vt 0.110324 0.858712
vt 0.110330 0.858710
vt 0.110336 0.858712
vt 0.110315 0.858729
vt 0.110309 0.858747
vt 0.110268 0.858045
vt 0.110254 0.858048
vt 0.110262 0.858039
vt 0.110261 0.858055
vt 0.110267 0.858034
vt 0.110269 0.858039
vt 0.110250 0.858069
vt 0.110242 0.858062
vt 0.110256 0.858033
vt 0.110247 0.858041
vt 0.110262 0.858031
vt 0.109773 0.858419
vt 0.109768 0.858432
vt 0.109766 0.858420
vt 0.109777 0.858430
vt 0.109772 0.858450
vt 0.109782 0.858448
vt 0.109757 0.858422
vt 0.109758 0.858434
vt 0.110424 0.858133
vt 0.110416 0.858139
vt 0.110415 0.858132
vt 0.110421 0.858138
vt 0.110411 0.858140
vt 0.110417 0.858146
vt 0.110408 0.858136
vt 0.110411 0.858147
vt 0.110413 0.858151
vt 0.110419 0.858152
vt 0.110424 0.858144
vt 0.110424 0.858149
vt 0.109732 0.858443
vt 0.109729 0.858454
vt 0.109725 0.858446
vt 0.109737 0.858451
vt 0.109717 0.858449
vt 0.109717 0.858444
vt 0.109734 0.858467
vt 0.109719 0.858458
vt 0.109722 0.858441
vt 0.110354 0.858382
vt 0.110346 0.858380
vt 0.110044 0.858780
vt 0.110036 0.858772
vt 0.110046 0.858771
vt 0.110055 0.858793
vt 0.110042 0.858792
vt 0.110055 0.858781
vt 0.110056 0.858772
vt 0.110054 0.858768
vt 0.110033 0.858781
vt 0.110028 0.858793
vt 0.110362 0.858375
vt 0.110048 0.858766
vt 0.110259 0.858772
vt 0.110262 0.858761
vt 0.110267 0.858769
vt 0.110254 0.858764
vt 0.110271 0.858774
vt 0.110264 0.858775
vt 0.110248 0.858752
vt 0.110256 0.858748
vt 0.110271 0.858759
vt 0.110265 0.858746
vt 0.110275 0.858767
vt 0.110276 0.858772
vt 0.110214 0.858072
vt 0.110224 0.858081
vt 0.110233 0.858090
vt 0.109626 0.858809
vt 0.109631 0.858802
vt 0.109633 0.858810
vt 0.109641 0.858802
vt 0.109623 0.858801
vt 0.109641 0.858789
vt 0.109641 0.858810
vt 0.109628 0.858790
vt 0.109617 0.858787
vt 0.110289 0.858009
vt 0.110296 0.858009
vt 0.110281 0.858005
vt 0.110340 0.858576
vt 0.110328 0.858591
vt 0.110331 0.858575
vt 0.110346 0.858591
vt 0.110338 0.858593
vt 0.110341 0.858566
vt 0.110346 0.858575
vt 0.110333 0.858565
vt 0.110347 0.858566
vt 0.110335 0.858562
vt 0.110340 0.858561
vt 0.110345 0.858562
vt 0.110325 0.858572
vt 0.110328 0.858563
vt 0.110319 0.858587
vt 0.110332 0.858559
vt 0.109803 0.858443
vt 0.109810 0.858437
vt 0.109810 0.858445
vt 0.109804 0.858435
vt 0.109806 0.858432
vt 0.109801 0.858456
vt 0.109810 0.858432
vt 0.109710 0.858534
vt 0.109718 0.858524
vt 0.109718 0.858536
vt 0.109712 0.858523
vt 0.109708 0.858544
vt 0.109717 0.858549
vt 0.110243 0.858740
vt 0.110251 0.858736
vt 0.110260 0.858735
vt 0.110039 0.858804
vt 0.110056 0.858806
vt 0.110056 0.858813
vt 0.110038 0.858811
vt 0.110023 0.858806
vt 0.110021 0.858813
vt 0.109744 0.858464
vt 0.109739 0.858479
vt 0.109723 0.858471
vt 0.109750 0.858475
vt 0.109727 0.858484
vt 0.110523 0.858782
vt 0.110534 0.858783
vt 0.110514 0.858768
vt 0.110512 0.858781
vt 0.109775 0.858467
vt 0.109787 0.858465
vt 0.109763 0.858469
vt 0.109760 0.858452
vt 0.110231 0.858074
vt 0.110239 0.858082
vt 0.110221 0.858065
vt 0.110234 0.858053
vt 0.110322 0.858764
vt 0.110338 0.858764
vt 0.110338 0.858773
vt 0.110320 0.858773
vt 0.110304 0.858764
vt 0.110301 0.858773
vt 0.110209 0.858746
vt 0.110227 0.858746
vt 0.110190 0.858746
vt 0.110191 0.858755
vt 0.110231 0.858755
vt 0.110212 0.858755
vt 0.110314 0.858601
vt 0.110325 0.858608
vt 0.110311 0.858609
vt 0.109799 0.858469
vt 0.109809 0.858460
vt 0.109808 0.858475
vt 0.109798 0.858477
vt 0.110345 0.858608
vt 0.110336 0.858610
vt 0.110345 0.858617
vt 0.109625 0.858777
vt 0.109612 0.858774
vt 0.109641 0.858776
vt 0.109623 0.858770
vt 0.110208 0.858061
vt 0.110197 0.858061
vt 0.110205 0.858068
vt 0.110195 0.858046
vt 0.110186 0.858060
vt 0.109723 0.858523
vt 0.109725 0.858538
vt 0.109726 0.858554
vt 0.014375 0.860598
vt 0.014397 0.860597
vt 0.014397 0.860610
vt 0.014397 0.860585
vt 0.014374 0.860613
vt 0.014398 0.860626
vt 0.014410 0.860208
vt 0.014428 0.860205
vt 0.014411 0.860221
vt 0.014428 0.860224
vt 0.014376 0.860564
vt 0.014397 0.860570
vt 0.014373 0.860581
vt 0.014397 0.860556
vt 0.014433 0.860243
vt 0.014430 0.860257
vt 0.014422 0.860258
vt 0.014447 0.860257
vt 0.014460 0.860211
vt 0.014475 0.860223
vt 0.014460 0.860225
vt 0.014475 0.860205
vt 0.013644 0.859859
vt 0.013636 0.859882
vt 0.013628 0.859858
vt 0.013649 0.859879
vt 0.013657 0.859859
vt 0.014477 0.860236
vt 0.014483 0.860256
vt 0.014467 0.860256
vt 0.013609 0.859858
vt 0.014410 0.860585
vt 0.014410 0.860573
vt 0.014410 0.860560
vt 0.014410 0.860596
vt 0.014410 0.860608
vt 0.014447 0.860270
vt 0.014467 0.860269
vt 0.014473 0.860269
vt 0.014432 0.860271
vt 0.014425 0.860271
vt 0.110162 0.858733
vt 0.110138 0.858730
vt 0.110127 0.858732
vt 0.014467 0.860070
vt 0.014485 0.860070
vt 0.014485 0.860004
vt 0.014469 0.860018
vt 0.014468 0.860004
vt 0.014450 0.860004
vt 0.014491 0.860018
vt 0.014446 0.860018
vt 0.014448 0.860292
vt 0.014464 0.860291
vt 0.014448 0.860307
vt 0.014465 0.860307
vt 0.014434 0.860292
vt 0.014448 0.860327
vt 0.014475 0.860290
vt 0.014479 0.860306
vt 0.014433 0.860308
vt 0.014423 0.860293
vt 0.014431 0.860327
vt 0.110404 0.858447
vt 0.110418 0.858424
vt 0.110418 0.858446
vt 0.110396 0.858425
vt 0.110403 0.858425
vt 0.110435 0.858445
vt 0.110438 0.858423
vt 0.110446 0.858445
vt 0.014464 0.860150
vt 0.014447 0.860134
vt 0.014467 0.860135
vt 0.014434 0.860150
vt 0.014432 0.860134
vt 0.014468 0.860115
vt 0.014447 0.860150
vt 0.110451 0.858305
vt 0.110437 0.858289
vt 0.110456 0.858289
vt 0.110435 0.858305
vt 0.110439 0.858269
vt 0.110460 0.858270
vt 0.110449 0.858327
vt 0.110434 0.858327
vt 0.110418 0.858326
vt 0.110417 0.858305
vt 0.110406 0.858326
vt 0.110404 0.858305
vt 0.014381 0.860257
vt 0.014366 0.860273
vt 0.014368 0.860257
vt 0.014382 0.860273
vt 0.014356 0.860256
vt 0.014365 0.860292
vt 0.014395 0.860258
vt 0.014397 0.860274
vt 0.014352 0.860272
vt 0.014348 0.860291
vt 0.014344 0.860255
vt 0.014062 0.733883
vt 0.014055 0.733872
vt 0.014060 0.733872
vt 0.014057 0.733861
vt 0.014053 0.733861
vt 0.014067 0.733884
vt 0.014055 0.733850
vt 0.014059 0.733849
vt 0.109586 0.857979
vt 0.109575 0.858001
vt 0.109572 0.857979
vt 0.109582 0.857963
vt 0.109600 0.857964
vt 0.109601 0.857979
vt 0.109600 0.857944
vt 0.109616 0.857979
vt 0.109614 0.858001
vt 0.013630 0.859825
vt 0.013646 0.859809
vt 0.013645 0.859825
vt 0.013629 0.859809
vt 0.013657 0.859825
vt 0.013629 0.859789
vt 0.109601 0.858001
vt 0.109587 0.858001
vt 0.013659 0.859809
vt 0.013649 0.859789
vt 0.013664 0.859789
vt 0.014466 0.860326
vt 0.110444 0.858423
vt 0.110457 0.858444
vt 0.110455 0.858423
vt 0.014420 0.860309
vt 0.014445 0.860115
vt 0.110394 0.858447
vt 0.014410 0.860275
vt 0.014406 0.860259
vt 0.014415 0.860294
vt 0.014382 0.860293
vt 0.013361 0.734693
vt 0.013354 0.734680
vt 0.013358 0.734681
vt 0.013352 0.734668
vt 0.013356 0.734668
vt 0.013366 0.734695
vt 0.110365 0.858391
vt 0.110377 0.858413
vt 0.110366 0.858413
vt 0.110375 0.858391
vt 0.014338 0.860271
vt 0.013602 0.859825
vt 0.013611 0.859809
vt 0.013615 0.859825
vt 0.013596 0.859809
vt 0.013609 0.859789
vt 0.014062 0.733837
vt 0.014067 0.733836
vt 0.110334 0.858491
vt 0.110349 0.858477
vt 0.110348 0.858492
vt 0.110335 0.858477
vt 0.110363 0.858478
vt 0.110363 0.858493
vt 0.014419 0.860425
vt 0.014428 0.860439
vt 0.014432 0.860409
vt 0.014424 0.860373
vt 0.014433 0.860395
vt 0.014416 0.860396
vt 0.014437 0.860372
vt 0.014415 0.860409
vt 0.110395 0.858513
vt 0.110408 0.858527
vt 0.110395 0.858527
vt 0.110408 0.858512
vt 0.110421 0.858526
vt 0.110421 0.858512
vt 0.109615 0.857899
vt 0.109627 0.857913
vt 0.014379 0.860360
vt 0.014392 0.860338
vt 0.014398 0.860361
vt 0.014378 0.860337
vt 0.014413 0.860362
vt 0.014378 0.860374
vt 0.014415 0.860376
vt 0.014404 0.860339
vt 0.110302 0.858710
vt 0.014377 0.860390
vt 0.014374 0.860404
vt 0.014388 0.860404
vt 0.014395 0.860390
vt 0.014492 0.860048
vt 0.109751 0.858807
vt 0.109770 0.858804
vt 0.109773 0.858809
vt 0.109731 0.858809
vt 0.110186 0.858813
vt 0.110109 0.858771
vt 0.110213 0.858172
vt 0.110523 0.858797
vt 0.110534 0.858791
vt 0.110535 0.858797
vt 0.110510 0.858789
vt 0.110523 0.858790
vt 0.110506 0.858794
vt 0.109900 0.858443
vt 0.109905 0.858461
vt 0.109900 0.858469
vt 0.109905 0.858425
vt 0.109901 0.858443
vt 0.109900 0.858419
vt 0.110213 0.858758
vt 0.110236 0.858762
vt 0.110186 0.858762
vt 0.110320 0.858776
vt 0.110344 0.858781
vt 0.110298 0.858781
vt 0.109905 0.858507
vt 0.109901 0.858492
vt 0.109903 0.858492
vt 0.109900 0.858514
vt 0.109905 0.858474
vt 0.109900 0.858469
vt 0.109641 0.858769
vt 0.109608 0.858767
vt 0.078883 0.859856
vt 0.078899 0.859844
vt 0.078892 0.859858
vt 0.078893 0.859839
vt 0.078892 0.859876
vt 0.078883 0.859878
vt 0.078911 0.859835
vt 0.078800 0.859901
vt 0.078816 0.859907
vt 0.078812 0.859914
vt 0.078807 0.859896
vt 0.078826 0.859920
vt 0.078794 0.859884
vt 0.078801 0.859882
vt 0.078970 0.859862
vt 0.078958 0.859848
vt 0.078964 0.859843
vt 0.078964 0.859879
vt 0.078964 0.859863
vt 0.078971 0.859881
vt 0.078959 0.859893
vt 0.078965 0.859898
vt 0.078938 0.859908
vt 0.078923 0.859917
vt 0.078924 0.859908
vt 0.078939 0.859917
vt 0.078906 0.859911
vt 0.078910 0.859903
vt 0.078949 0.859903
vt 0.078953 0.859910
vt 0.078875 0.859858
vt 0.078883 0.859878
vt 0.078875 0.859877
vt 0.078873 0.859839
vt 0.078883 0.859856
vt 0.078866 0.859844
vt 0.078870 0.859895
vt 0.078876 0.859900
vt 0.078861 0.859913
vt 0.078857 0.859906
vt 0.078949 0.859837
vt 0.078952 0.859830
vt 0.078922 0.859821
vt 0.078937 0.859822
vt 0.078936 0.859831
vt 0.078924 0.859830
vt 0.078854 0.859835
vt 0.078858 0.859827
vt 0.078841 0.859830
vt 0.078842 0.859821
vt 0.078907 0.859827
vt 0.078811 0.859831
vt 0.078828 0.859831
vt 0.078816 0.859838
vt 0.078826 0.859822
vt 0.078806 0.859850
vt 0.078800 0.859845
vt 0.078801 0.859865
vt 0.078794 0.859864
vt 0.079768 0.859434
vt 0.079785 0.859419
vt 0.079785 0.859435
vt 0.079768 0.859403
vt 0.079785 0.859403
vt 0.079768 0.859418
vt 0.079768 0.859389
vt 0.079785 0.859388
vt 0.079519 0.860016
vt 0.079536 0.860002
vt 0.079536 0.860017
vt 0.079519 0.860002
vt 0.079519 0.859985
vt 0.079536 0.859985
vt 0.079519 0.859968
vt 0.079536 0.859967
vt 0.079780 0.859800
vt 0.079780 0.859817
vt 0.079763 0.859801
vt 0.079763 0.859817
vt 0.079780 0.859837
vt 0.079763 0.859837
vt 0.079536 0.860028
vt 0.079519 0.860028
vt 0.079519 0.859954
vt 0.079536 0.859951
vt 0.079768 0.859581
vt 0.079785 0.859560
vt 0.079785 0.859581
vt 0.079785 0.859603
vt 0.079768 0.859604
vt 0.079785 0.859620
vt 0.079768 0.859621
vt 0.079768 0.859559
vt 0.079780 0.859856
vt 0.079763 0.859870
vt 0.079763 0.859856
vt 0.079780 0.859871
vt 0.079785 0.859451
vt 0.079768 0.859449
vt 0.078891 0.859898
vt 0.078898 0.859893
vt 0.078843 0.859920
vt 0.078842 0.859911
vt 0.078828 0.859912
vt 0.013970 0.860377
vt 0.013946 0.860373
vt 0.014449 0.860244
vt 0.013630 0.859847
vt 0.013654 0.859846
vt 0.013644 0.859847
vt 0.013616 0.859847
vt 0.014049 0.860397
vt 0.014480 0.860186
vt 0.014470 0.860205
vt 0.014462 0.860185
vt 0.014460 0.860204
vt 0.014451 0.860203
vt 0.014447 0.860185
vt 0.109947 0.857885
vt 0.109967 0.857878
vt 0.109967 0.857888
vt 0.109947 0.857894
vt 0.109989 0.857883
vt 0.109989 0.857893
vt 0.014447 0.860172
vt 0.014463 0.860172
vt 0.014435 0.860172
vt 0.014434 0.860185
vt 0.014470 0.859978
vt 0.014482 0.859977
vt 0.014482 0.859998
vt 0.014470 0.859994
vt 0.014244 0.860442
vt 0.014234 0.860428
vt 0.014266 0.860537
vt 0.014340 0.860321
vt 0.014348 0.860309
vt 0.014352 0.860322
vt 0.014364 0.860310
vt 0.014334 0.860308
vt 0.014364 0.860322
vt 0.013598 0.859759
vt 0.013609 0.859772
vt 0.013593 0.859771
vt 0.013612 0.859759
vt 0.014404 0.860405
vt 0.014414 0.860424
vt 0.014404 0.860421
vt 0.014414 0.860404
vt 0.014381 0.860310
vt 0.014393 0.860323
vt 0.014378 0.860323
vt 0.014398 0.860311
vt 0.014412 0.860312
vt 0.014400 0.860294
vt 0.014424 0.860358
vt 0.014433 0.860345
vt 0.014437 0.860358
vt 0.014418 0.860346
vt 0.014449 0.860345
vt 0.014450 0.860357
vt 0.014446 0.860097
vt 0.014435 0.860085
vt 0.014449 0.860085
vt 0.014429 0.860097
vt 0.014428 0.860115
vt 0.013648 0.859772
vt 0.013656 0.859759
vt 0.013663 0.859771
vt 0.013629 0.859772
vt 0.013644 0.859759
vt 0.014465 0.860344
vt 0.014478 0.860356
vt 0.014464 0.860357
vt 0.014483 0.860343
vt 0.014484 0.860325
vt 0.109580 0.857944
vt 0.013628 0.859759
vt 0.014467 0.860085
vt 0.014468 0.860097
vt 0.110455 0.858240
vt 0.110439 0.858252
vt 0.110438 0.858239
vt 0.110460 0.858252
vt 0.110438 0.858225
vt 0.013547 0.734654
vt 0.013531 0.734664
vt 0.013531 0.734653
vt 0.013547 0.734676
vt 0.013531 0.734677
vt 0.013547 0.734665
vt 0.013547 0.734643
vt 0.013547 0.734688
vt 0.013531 0.734690
vt 0.013531 0.734641
vt 0.013354 0.734656
vt 0.013359 0.734656
vt 0.013651 0.734288
vt 0.013646 0.734269
vt 0.013651 0.734266
vt 0.013646 0.734285
vt 0.013114 0.733848
vt 0.013111 0.733867
vt 0.013109 0.733851
vt 0.013116 0.733870
vt 0.013361 0.734644
vt 0.013366 0.734643
vt 0.110419 0.858224
vt 0.110419 0.858239
vt 0.110405 0.858239
vt 0.110405 0.858224
vt 0.014487 0.860406
vt 0.109627 0.857898
vt 0.014488 0.860205
vt 0.014488 0.860226
vt 0.014475 0.860225
vt 0.014475 0.860209
vt 0.110375 0.858478
vt 0.110375 0.858493
vt 0.110435 0.858526
vt 0.110434 0.858511
vt 0.110448 0.858525
vt 0.110448 0.858510
vt 0.014410 0.860391
vt 0.110321 0.858491
vt 0.110322 0.858476
vt 0.110310 0.858490
vt 0.110310 0.858475
vt 0.109568 0.857898
vt 0.109569 0.857913
vt 0.110456 0.858225
vt 0.014447 0.860606
vt 0.014420 0.860624
vt 0.014417 0.860608
vt 0.014415 0.860588
vt 0.014446 0.860586
vt 0.014448 0.860624
vt 0.014466 0.860561
vt 0.014465 0.860584
vt 0.014447 0.860562
vt 0.014449 0.860533
vt 0.014468 0.860533
vt 0.014415 0.860539
vt 0.014415 0.860565
vt 0.014466 0.860605
vt 0.014466 0.860623
vt 0.014070 0.734020
vt 0.014084 0.734007
vt 0.014085 0.734020
vt 0.014070 0.734008
vt 0.014030 0.734149
vt 0.014033 0.734145
vt 0.110479 0.858280
vt 0.110477 0.858306
vt 0.110468 0.858307
vt 0.110489 0.858279
vt 0.110477 0.858328
vt 0.110468 0.858328
vt 0.110483 0.858348
vt 0.110474 0.858347
vt 0.110480 0.858365
vt 0.110489 0.858366
vt 0.014017 0.734146
vt 0.014020 0.734149
vt 0.014006 0.734174
vt 0.014572 0.859984
vt 0.013977 0.734608
vt 0.013978 0.734584
vt 0.013989 0.734607
vt 0.013989 0.734627
vt 0.013977 0.734628
vt 0.013990 0.734584
vt 0.013980 0.734556
vt 0.013992 0.734556
vt 0.013989 0.734646
vt 0.013978 0.734647
vt 0.013468 0.733839
vt 0.013457 0.733826
vt 0.013471 0.733828
vt 0.013455 0.733837
vt 0.109946 0.857905
vt 0.109967 0.857906
vt 0.109945 0.857915
vt 0.109967 0.857897
vt 0.109989 0.857902
vt 0.109989 0.857912
vt 0.014415 0.860328
vt 0.014333 0.860290
vt 0.013592 0.859789
vt 0.013668 0.859708
vt 0.014425 0.860034
vt 0.014429 0.860018
vt 0.014327 0.860370
vt 0.014398 0.860375
vt 0.014494 0.860034
vt 0.014488 0.860173
vt 0.014478 0.860172
vt 0.014494 0.860186
vt 0.014285 0.860629
vt 0.014288 0.860644
vt 0.014277 0.860644
vt 0.014277 0.860621
vt 0.013637 0.860037
vt 0.013647 0.860038
vt 0.013656 0.860040
vt 0.014085 0.859739
vt 0.014107 0.859743
vt 0.014085 0.859747
vt 0.014128 0.859750
vt 0.014107 0.859752
vt 0.014107 0.859733
vt 0.014128 0.859740
vt 0.014086 0.859758
vt 0.014127 0.859730
vt 0.014085 0.859728
vt 0.014107 0.859724
vt 0.014088 0.859776
vt 0.014129 0.859761
vt 0.014117 0.859777
vt 0.014057 0.859801
vt 0.014057 0.859775
vt 0.014057 0.859758
vt 0.014089 0.859802
vt 0.014115 0.859975
vt 0.014133 0.859989
vt 0.014116 0.859989
vt 0.014103 0.859978
vt 0.014102 0.859965
vt 0.014112 0.859961
vt 0.014137 0.859973
vt 0.014105 0.859991
vt 0.013871 0.860013
vt 0.013879 0.860024
vt 0.013868 0.860024
vt 0.013880 0.860014
vt 0.013895 0.860019
vt 0.013896 0.860030
vt 0.014116 0.859995
vt 0.014150 0.859990
vt 0.014136 0.859953
vt 0.014157 0.859972
vt 0.014159 0.859946
vt 0.014134 0.859995
vt 0.013723 0.860018
vt 0.013709 0.860053
vt 0.013721 0.860057
vt 0.014234 0.860489
vt 0.014237 0.860476
vt 0.014236 0.860461
vt 0.014231 0.860475
vt 0.014229 0.860460
vt 0.014228 0.860446
vt 0.014077 0.859927
vt 0.014103 0.859919
vt 0.014098 0.859935
vt 0.014075 0.859939
vt 0.014081 0.859913
vt 0.014102 0.859910
vt 0.014132 0.859918
vt 0.014135 0.859934
vt 0.014108 0.859947
vt 0.014056 0.859929
vt 0.014057 0.859898
vt 0.014083 0.859898
vt 0.014114 0.859899
vt 0.014125 0.859906
vt 0.014217 0.859762
vt 0.014201 0.859777
vt 0.014199 0.859761
vt 0.014245 0.859755
vt 0.014223 0.859775
vt 0.014253 0.859770
vt 0.014272 0.859737
vt 0.014274 0.859746
vt 0.014204 0.859806
vt 0.014277 0.859768
vt 0.014228 0.859803
vt 0.014257 0.859801
vt 0.014242 0.859730
vt 0.014271 0.859727
vt 0.014240 0.859744
vt 0.014242 0.859719
vt 0.014269 0.859714
vt 0.013741 0.860062
vt 0.013777 0.860065
vt 0.013814 0.860062
vt 0.013804 0.860089
vt 0.013773 0.860089
vt 0.013826 0.860088
vt 0.013836 0.860070
vt 0.013831 0.860007
vt 0.013836 0.860034
vt 0.014160 0.859814
vt 0.014154 0.859833
vt 0.014148 0.859815
vt 0.014125 0.859857
vt 0.014125 0.859830
vt 0.014164 0.859831
vt 0.014124 0.859814
vt 0.014144 0.859805
vt 0.014161 0.859859
vt 0.014155 0.859862
vt 0.014147 0.859887
vt 0.014121 0.859882
vt 0.014090 0.859854
vt 0.014090 0.859827
vt 0.013857 0.860268
vt 0.013874 0.860299
vt 0.013851 0.860301
vt 0.013840 0.860290
vt 0.013841 0.860264
vt 0.013873 0.860321
vt 0.013854 0.860326
vt 0.013678 0.860044
vt 0.014090 0.859811
vt 0.014058 0.859853
vt 0.014058 0.859826
vt 0.014057 0.859810
vt 0.014123 0.859804
vt 0.014133 0.859777
vt 0.014188 0.859761
vt 0.014187 0.859778
vt 0.014165 0.859765
vt 0.014164 0.859782
vt 0.014183 0.859808
vt 0.014164 0.859811
vt 0.014160 0.859923
vt 0.014161 0.859898
vt 0.014088 0.859879
vt 0.079268 0.859263
vt 0.014029 0.734484
vt 0.014035 0.734465
vt 0.014031 0.734482
vt 0.014024 0.734464
vt 0.014038 0.734462
vt 0.014025 0.734503
vt 0.014283 0.859811
vt 0.014284 0.859831
vt 0.014258 0.859813
vt 0.014258 0.859833
vt 0.014279 0.859868
vt 0.014255 0.859868
vt 0.014282 0.859798
vt 0.013902 0.860271
vt 0.013898 0.860301
vt 0.013878 0.860270
vt 0.013922 0.860306
vt 0.013929 0.860275
vt 0.013896 0.860322
vt 0.014563 0.859896
vt 0.014566 0.859865
vt 0.014573 0.859897
vt 0.014574 0.859917
vt 0.014561 0.859862
vt 0.014539 0.860054
vt 0.014544 0.860030
vt 0.014543 0.860055
vt 0.014539 0.860030
vt 0.014545 0.860074
vt 0.014552 0.860004
vt 0.014020 0.734484
vt 0.014011 0.734503
vt 0.014017 0.734483
vt 0.014014 0.734503
vt 0.014014 0.734525
vt 0.014026 0.734467
vt 0.014214 0.859755
vt 0.014552 0.860089
vt 0.014549 0.860076
vt 0.014557 0.860092
vt 0.014023 0.734503
vt 0.014023 0.734525
vt 0.079470 0.859894
vt 0.014226 0.860514
vt 0.014238 0.860531
vt 0.014216 0.860525
vt 0.014243 0.860506
vt 0.014240 0.860520
vt 0.014230 0.860502
vt 0.014258 0.860524
vt 0.014257 0.860536
vt 0.079268 0.859085
vt 0.014084 0.859700
vt 0.014107 0.859701
vt 0.014057 0.859727
vt 0.014099 0.859679
vt 0.014116 0.859681
vt 0.014127 0.859703
vt 0.014057 0.859739
vt 0.014081 0.859679
vt 0.014185 0.859719
vt 0.014169 0.859705
vt 0.014190 0.859706
vt 0.014178 0.859681
vt 0.014188 0.859681
vt 0.014167 0.859734
vt 0.014186 0.859730
vt 0.014166 0.859744
vt 0.014201 0.859680
vt 0.014205 0.859697
vt 0.013625 0.860060
vt 0.013612 0.860060
vt 0.013584 0.860023
vt 0.013583 0.860039
vt 0.014217 0.859679
vt 0.014222 0.859698
vt 0.014234 0.859678
vt 0.014239 0.859706
vt 0.109701 0.858696
vt 0.109717 0.858706
vt 0.109703 0.858708
vt 0.109687 0.858699
vt 0.109715 0.858694
vt 0.110078 0.858101
vt 0.110083 0.858115
vt 0.110067 0.858108
vt 0.110106 0.858107
vt 0.110072 0.858120
vt 0.014089 0.859945
vt 0.014097 0.859953
vt 0.013731 0.860542
vt 0.013717 0.860545
vt 0.013730 0.860536
vt 0.013743 0.860532
vt 0.013744 0.860539
vt 0.014151 0.859995
vt 0.014134 0.860000
vt 0.014115 0.860000
vt 0.014107 0.859995
vt 0.014152 0.860000
vt 0.014136 0.860013
vt 0.014113 0.860013
vt 0.013733 0.860554
vt 0.013722 0.860566
vt 0.013718 0.860555
vt 0.013723 0.860580
vt 0.013706 0.860579
vt 0.013738 0.860566
vt 0.013705 0.860565
vt 0.013703 0.860556
vt 0.013753 0.860578
vt 0.013742 0.860582
vt 0.013746 0.860552
vt 0.013752 0.860565
vt 0.013689 0.860564
vt 0.013688 0.860554
vt 0.013691 0.860579
vt 0.013895 0.860345
vt 0.013874 0.860374
vt 0.013874 0.860345
vt 0.013894 0.860375
vt 0.013886 0.860397
vt 0.013870 0.860394
vt 0.013905 0.860397
vt 0.013916 0.860349
vt 0.013913 0.860376
vt 0.013861 0.860046
vt 0.013875 0.860067
vt 0.013853 0.860069
vt 0.013877 0.860045
vt 0.013895 0.860068
vt 0.013874 0.860083
vt 0.013896 0.860049
vt 0.013912 0.860065
vt 0.013913 0.860042
vt 0.013754 0.860586
vt 0.013728 0.860599
vt 0.109867 0.858476
vt 0.109844 0.858499
vt 0.109843 0.858475
vt 0.109889 0.858483
vt 0.109866 0.858499
vt 0.109887 0.858503
vt 0.109807 0.858224
vt 0.109817 0.858240
vt 0.109797 0.858243
vt 0.109818 0.858199
vt 0.109824 0.858223
vt 0.013847 0.860045
vt 0.013918 0.860328
vt 0.109831 0.858200
vt 0.109828 0.858174
vt 0.109838 0.858179
vt 0.109841 0.858167
vt 0.013858 0.860020
vt 0.013850 0.860012
vt 0.013693 0.860598
vt 0.014157 0.860027
vt 0.014135 0.860026
vt 0.014157 0.860014
vt 0.013712 0.860599
vt 0.013846 0.860086
vt 0.013895 0.860079
vt 0.109825 0.858480
vt 0.109827 0.858502
vt 0.013856 0.860348
vt 0.013857 0.860374
vt 0.013855 0.860392
vt 0.013870 0.860401
vt 0.013865 0.860398
vt 0.013855 0.860397
vt 0.013874 0.860415
vt 0.013927 0.860064
vt 0.013914 0.860021
vt 0.013927 0.860040
vt 0.013895 0.860415
vt 0.013875 0.860429
vt 0.013915 0.860414
vt 0.013899 0.860429
vt 0.013918 0.860397
vt 0.013929 0.860413
vt 0.013756 0.860582
vt 0.013743 0.860600
vt 0.014104 0.859998
vt 0.014099 0.860013
vt 0.013855 0.860402
vt 0.013857 0.860416
vt 0.013742 0.860613
vt 0.013725 0.860613
vt 0.013753 0.860600
vt 0.013855 0.860429
vt 0.014111 0.860026
vt 0.014097 0.860026
vt 0.013706 0.860613
vt 0.013687 0.860612
vt 0.013678 0.860597
vt 0.013682 0.860579
vt 0.013926 0.860080
vt 0.013912 0.860079
vt 0.013704 0.860624
vt 0.013688 0.860624
vt 0.013676 0.860623
vt 0.013673 0.860611
vt 0.079345 0.859870
vt 0.079334 0.859850
vt 0.079337 0.859847
vt 0.079345 0.859896
vt 0.079342 0.859894
vt 0.079342 0.859871
vt 0.079335 0.859917
vt 0.079332 0.859913
vt 0.079013 0.859933
vt 0.079038 0.859914
vt 0.079023 0.859938
vt 0.079018 0.859907
vt 0.079047 0.859934
vt 0.079027 0.859947
vt 0.078997 0.859908
vt 0.013720 0.860624
vt 0.079040 0.859979
vt 0.079025 0.859992
vt 0.079025 0.859971
vt 0.079028 0.859960
vt 0.079047 0.859959
vt 0.079018 0.859978
vt 0.079003 0.859992
vt 0.079007 0.859979
vt 0.014097 0.860037
vt 0.014132 0.860037
vt 0.014111 0.860037
vt 0.013734 0.860624
vt 0.013753 0.860614
vt 0.013746 0.860624
vt 0.046635 0.858710
vt 0.046645 0.858709
vt 0.046644 0.858729
vt 0.046634 0.858728
vt 0.046624 0.858727
vt 0.046623 0.858704
vt 0.046634 0.858700
vt 0.046642 0.858697
vt 0.046650 0.858727
vt 0.046650 0.858746
vt 0.046643 0.858749
vt 0.046623 0.858752
vt 0.046633 0.858751
vt 0.079762 0.859606
vt 0.079768 0.859606
vt 0.079768 0.859610
vt 0.079762 0.859611
vt 0.079751 0.859612
vt 0.079751 0.859607
vt 0.079740 0.859612
vt 0.079740 0.859607
vt 0.047120 0.858397
vt 0.047140 0.858398
vt 0.047120 0.858407
vt 0.047140 0.858391
vt 0.047116 0.858397
vt 0.047140 0.858418
vt 0.047119 0.858418
vt 0.047140 0.858408
vt 0.079745 0.859629
vt 0.079750 0.859622
vt 0.079750 0.859629
vt 0.079745 0.859622
vt 0.046654 0.858743
vt 0.046651 0.858706
vt 0.046653 0.858725
vt 0.046654 0.858756
vt 0.046650 0.858760
vt 0.047131 0.858341
vt 0.047134 0.858348
vt 0.047127 0.858347
vt 0.047129 0.858328
vt 0.047136 0.858329
vt 0.047137 0.858341
vt 0.046618 0.858724
vt 0.046626 0.858698
vt 0.047111 0.858397
vt 0.047105 0.858407
vt 0.047105 0.858397
vt 0.047115 0.858408
vt 0.047111 0.858408
vt 0.047110 0.858423
vt 0.047105 0.858420
vt 0.047133 0.858352
vt 0.047127 0.858352
vt 0.013939 0.860061
vt 0.013940 0.860038
vt 0.013928 0.860017
vt 0.013940 0.860018
vt 0.047148 0.858341
vt 0.047145 0.858348
vt 0.047158 0.858341
vt 0.047156 0.858348
vt 0.047157 0.858329
vt 0.047162 0.858348
vt 0.047156 0.858352
vt 0.047145 0.858352
vt 0.046232 0.858728
vt 0.046224 0.858722
vt 0.046231 0.858723
vt 0.046225 0.858733
vt 0.046219 0.858731
vt 0.046219 0.858721
vt 0.046231 0.858716
vt 0.046242 0.858719
vt 0.079750 0.859657
vt 0.079750 0.859677
vt 0.079745 0.859658
vt 0.079745 0.859648
vt 0.079750 0.859648
vt 0.079750 0.859698
vt 0.079745 0.859678
vt 0.079746 0.859499
vt 0.079742 0.859477
vt 0.079746 0.859478
vt 0.079733 0.859502
vt 0.079735 0.859475
vt 0.079746 0.859451
vt 0.079742 0.859449
vt 0.079741 0.859502
vt 0.078797 0.859958
vt 0.078794 0.859951
vt 0.078797 0.859949
vt 0.078797 0.859977
vt 0.078794 0.859977
vt 0.078794 0.859959
vt 0.078794 0.859943
vt 0.078797 0.859941
vt 0.079720 0.859405
vt 0.079714 0.859404
vt 0.079719 0.859398
vt 0.079729 0.859404
vt 0.079728 0.859414
vt 0.079719 0.859414
vt 0.079729 0.859395
vt 0.079739 0.859396
vt 0.079738 0.859405
vt 0.079737 0.859415
vt 0.079728 0.859423
vt 0.079719 0.859422
vt 0.079714 0.859415
vt 0.079715 0.859407
vt 0.079745 0.859399
vt 0.079744 0.859407
vt 0.079744 0.859416
vt 0.079750 0.859713
vt 0.079753 0.859701
vt 0.079753 0.859714
vt 0.079753 0.859718
vt 0.079750 0.859721
vt 0.079753 0.859677
vt 0.079749 0.859503
vt 0.079743 0.859506
vt 0.079735 0.859506
vt 0.079710 0.859422
vt 0.079711 0.859413
vt 0.079713 0.859422
vt 0.079725 0.859473
vt 0.079724 0.859501
vt 0.079714 0.859497
vt 0.079736 0.859447
vt 0.079716 0.859471
vt 0.079708 0.859490
vt 0.079710 0.859472
vt 0.079718 0.859447
vt 0.079712 0.859448
vt 0.047115 0.858435
vt 0.047114 0.858421
vt 0.047122 0.858452
vt 0.047119 0.858455
vt 0.047120 0.858430
vt 0.047140 0.858448
vt 0.047140 0.858468
vt 0.047140 0.858428
vt 0.046612 0.858751
vt 0.046614 0.858722
vt 0.046619 0.858702
vt 0.046616 0.858752
vt 0.046643 0.858766
vt 0.079745 0.859698
vt 0.079745 0.859720
vt 0.079745 0.859713
vt 0.078802 0.859958
vt 0.078802 0.859978
vt 0.078802 0.860008
vt 0.078797 0.860008
vt 0.078802 0.859950
vt 0.047111 0.858440
vt 0.046633 0.858770
vt 0.046623 0.858772
vt 0.046611 0.858770
vt 0.046615 0.858772
vt 0.078797 0.860028
vt 0.047127 0.858356
vt 0.047133 0.858357
vt 0.046213 0.858750
vt 0.046216 0.858752
vt 0.046197 0.858778
vt 0.046197 0.858747
vt 0.046214 0.858729
vt 0.046197 0.858728
vt 0.046215 0.858712
vt 0.046197 0.858711
vt 0.046215 0.858703
vt 0.046197 0.858719
vt 0.046197 0.858703
vt 0.046219 0.858696
vt 0.046219 0.858704
vt 0.046215 0.858696
vt 0.078802 0.859926
vt 0.078797 0.859933
vt 0.078797 0.859926
vt 0.078802 0.859934
vt 0.078802 0.859942
vt 0.047162 0.858356
vt 0.047156 0.858376
vt 0.047156 0.858357
vt 0.047162 0.858375
vt 0.047146 0.858376
vt 0.047145 0.858357
vt 0.046220 0.858690
vt 0.046197 0.858690
vt 0.046216 0.858690
vt 0.046197 0.858696
vt 0.046215 0.858720
vt 0.046219 0.858713
vt 0.079750 0.859729
vt 0.079745 0.859728
vt 0.079719 0.859391
vt 0.079730 0.859388
vt 0.079740 0.859390
vt 0.079712 0.859400
vt 0.047126 0.858487
vt 0.047140 0.858490
vt 0.047125 0.858494
vt 0.047140 0.858482
vt 0.047139 0.858498
vt 0.047115 0.858021
vt 0.047101 0.858011
vt 0.047115 0.858010
vt 0.047101 0.858022
vt 0.047101 0.858003
vt 0.047114 0.858030
vt 0.047101 0.858032
vt 0.079746 0.859394
vt 0.079743 0.859432
vt 0.079746 0.859433
vt 0.079727 0.859446
vt 0.079706 0.859493
vt 0.079713 0.859500
vt 0.079724 0.859505
vt 0.079747 0.859403
vt 0.079737 0.859423
vt 0.079747 0.859409
vt 0.079747 0.859418
vt 0.079713 0.859431
vt 0.079719 0.859430
vt 0.079728 0.859430
vt 0.079737 0.859431
vt 0.014153 0.860037
vt 0.078983 0.859915
vt 0.079003 0.859935
vt 0.078997 0.859939
vt 0.078975 0.859926
vt 0.078997 0.859975
vt 0.078982 0.859983
vt 0.078992 0.859967
vt 0.079743 0.859424
vt 0.013921 0.860428
vt 0.013877 0.860439
vt 0.013900 0.860440
vt 0.078971 0.859954
vt 0.078991 0.859959
vt 0.078973 0.859970
vt 0.078991 0.859952
vt 0.013938 0.860075
vt 0.013857 0.860439
vt 0.079313 0.859926
vt 0.079312 0.859922
vt 0.079290 0.859921
vt 0.078794 0.859929
vt 0.078794 0.859935
vt 0.047043 0.858136
vt 0.047031 0.858141
vt 0.047031 0.858132
vt 0.047042 0.858144
vt 0.047031 0.858152
vt 0.079319 0.859837
vt 0.079321 0.859833
vt 0.079296 0.859832
vt 0.079750 0.859639
vt 0.079753 0.859634
vt 0.079753 0.859642
vt 0.046211 0.858779
vt 0.046197 0.858798
vt 0.046210 0.858798
vt 0.046223 0.858705
vt 0.046223 0.858713
vt 0.046230 0.858708
vt 0.046224 0.858691
vt 0.046224 0.858697
vt 0.046230 0.858701
vt 0.046231 0.858695
vt 0.047162 0.858352
vt 0.047162 0.858341
vt 0.047135 0.858376
vt 0.013844 0.859995
vt 0.079262 0.859891
vt 0.079269 0.859904
vt 0.079266 0.859906
vt 0.079261 0.859875
vt 0.079264 0.859875
vt 0.079277 0.859915
vt 0.079265 0.859891
vt 0.047147 0.858329
vt 0.046651 0.858693
vt 0.046648 0.858688
vt 0.047093 0.858423
vt 0.047104 0.858430
vt 0.047093 0.858433
vt 0.047092 0.858410
vt 0.046243 0.858697
vt 0.046242 0.858705
vt 0.079263 0.859857
vt 0.079267 0.859858
vt 0.079276 0.859844
vt 0.047042 0.858152
vt 0.047031 0.858158
vt 0.047043 0.858158
vt 0.046242 0.858712
vt 0.046243 0.858691
vt 0.078971 0.859940
vt 0.078993 0.859945
vt 0.079289 0.859925
vt 0.079275 0.859918
vt 0.079708 0.859449
vt 0.079709 0.859431
vt 0.079274 0.859842
vt 0.079297 0.859836
vt 0.079702 0.859253
vt 0.079698 0.859243
vt 0.079702 0.859242
vt 0.079698 0.859253
vt 0.079753 0.859659
vt 0.079747 0.859425
vt 0.079753 0.859650
vt 0.079705 0.859487
vt 0.079706 0.859474
vt 0.078794 0.860024
vt 0.078794 0.860004
vt 0.079706 0.859234
vt 0.079706 0.859242
vt 0.079701 0.859234
vt 0.079706 0.859252
vt 0.047114 0.858003
vt 0.047114 0.857998
vt 0.047100 0.857997
vt 0.079749 0.859400
vt 0.109673 0.858701
vt 0.109689 0.858709
vt 0.109673 0.858710
vt 0.109659 0.858700
vt 0.013716 0.860539
vt 0.014228 0.860489
vt 0.013856 0.860002
vt 0.013861 0.860009
vt 0.109832 0.858163
vt 0.109658 0.858709
vt 0.110105 0.858088
vt 0.110130 0.858100
vt 0.110131 0.858078
vt 0.046243 0.858726
vt 0.046231 0.858690
vt 0.047092 0.858399
vt 0.079788 0.859985
vt 0.079776 0.859975
vt 0.079788 0.859971
vt 0.079775 0.859986
vt 0.079788 0.860002
vt 0.079775 0.860001
vt 0.079775 0.860016
vt 0.079136 0.860039
vt 0.079149 0.860059
vt 0.079136 0.860061
vt 0.079149 0.860038
vt 0.079136 0.860013
vt 0.079149 0.860013
vt 0.079149 0.859994
vt 0.079476 0.860033
vt 0.079463 0.860012
vt 0.079476 0.860009
vt 0.079463 0.860035
vt 0.079476 0.860056
vt 0.079463 0.860055
vt 0.079780 0.859667
vt 0.079794 0.859681
vt 0.079780 0.859681
vt 0.079793 0.859646
vt 0.079793 0.859667
vt 0.079780 0.859643
vt 0.079794 0.859626
vt 0.079781 0.859621
vt 0.079788 0.860018
vt 0.079775 0.860030
vt 0.079788 0.860034
vt 0.079775 0.860042
vt 0.079788 0.860047
vt 0.079136 0.859991
vt 0.079463 0.859998
vt 0.079476 0.859993
vt 0.079706 0.859228
vt 0.079701 0.859227
vt 0.078802 0.860028
vt 0.079706 0.859263
vt 0.079701 0.859263
vt 0.047126 0.858482
vt 0.078802 0.859920
vt 0.078797 0.859920
vt 0.079745 0.859639
vt 0.047125 0.858470
vt 0.047120 0.858391
vt 0.013920 0.860440
vt 0.110343 0.858370
vt 0.110345 0.858377
vt 0.110337 0.858375
vt 0.110330 0.858379
vt 0.110328 0.858372
vt 0.110341 0.858382
vt 0.110338 0.858365
vt 0.110335 0.858382
vt 0.110329 0.858363
vt 0.110337 0.858360
vt 0.110332 0.858368
vt 0.013629 0.860219
vt 0.013644 0.860198
vt 0.013650 0.860219
vt 0.013629 0.860232
vt 0.013628 0.860198
vt 0.013656 0.860198
vt 0.013666 0.860220
vt 0.013651 0.860233
vt 0.110158 0.858730
vt 0.110142 0.858711
vt 0.110159 0.858711
vt 0.110125 0.858711
vt 0.110142 0.858687
vt 0.110126 0.858730
vt 0.110142 0.858730
vt 0.110160 0.858687
vt 0.110113 0.858730
vt 0.110111 0.858710
vt 0.013607 0.860219
vt 0.013612 0.860198
vt 0.013598 0.860198
vt 0.013606 0.860233
vt 0.109582 0.858337
vt 0.109580 0.858325
vt 0.109600 0.858324
vt 0.109599 0.858352
vt 0.109582 0.858352
vt 0.109599 0.858337
vt 0.109614 0.858338
vt 0.109615 0.858352
vt 0.014359 0.860039
vt 0.014354 0.860054
vt 0.014350 0.860040
vt 0.014370 0.860053
vt 0.014370 0.860069
vt 0.014352 0.860070
vt 0.014341 0.860055
vt 0.014338 0.860071
vt 0.110524 0.858395
vt 0.110530 0.858405
vt 0.110521 0.858404
vt 0.110532 0.858396
vt 0.110528 0.858419
vt 0.110518 0.858418
vt 0.110527 0.858391
vt 0.110533 0.858391
vt 0.110540 0.858397
vt 0.110539 0.858407
vt 0.110538 0.858393
vt 0.110142 0.858671
vt 0.110131 0.858656
vt 0.110145 0.858657
vt 0.110125 0.858670
vt 0.110137 0.858645
vt 0.110148 0.858647
vt 0.110161 0.858670
vt 0.110122 0.858651
vt 0.110112 0.858669
vt 0.110162 0.858656
vt 0.110162 0.858645
vt 0.110176 0.858669
vt 0.110175 0.858638
vt 0.110176 0.858651
vt 0.110149 0.858640
vt 0.110162 0.858637
vt 0.110457 0.858570
vt 0.110460 0.858557
vt 0.110474 0.858561
vt 0.110478 0.858571
vt 0.110470 0.858551
vt 0.110480 0.858553
vt 0.110488 0.858566
vt 0.110497 0.858583
vt 0.110478 0.858546
vt 0.110461 0.858547
vt 0.110470 0.858545
vt 0.110462 0.858541
vt 0.110303 0.857907
vt 0.110315 0.857923
vt 0.110301 0.857929
vt 0.110291 0.857915
vt 0.110309 0.857941
vt 0.110338 0.857928
vt 0.110326 0.857941
vt 0.110315 0.857897
vt 0.110327 0.857914
vt 0.110297 0.857942
vt 0.110291 0.857892
vt 0.110124 0.858687
vt 0.110109 0.858687
vt 0.110291 0.857933
vt 0.110313 0.857948
vt 0.110301 0.857948
vt 0.109636 0.858505
vt 0.109650 0.858524
vt 0.109632 0.858524
vt 0.109615 0.858517
vt 0.109618 0.858504
vt 0.109621 0.858487
vt 0.109639 0.858485
vt 0.109610 0.858469
vt 0.109625 0.858467
vt 0.109604 0.858491
vt 0.109642 0.858466
vt 0.109604 0.858503
vt 0.109602 0.858513
vt 0.109625 0.858528
vt 0.109613 0.858524
vt 0.109600 0.858519
vt 0.110176 0.858687
vt 0.109681 0.858487
vt 0.109671 0.858468
vt 0.109682 0.858469
vt 0.109680 0.858505
vt 0.109670 0.858487
vt 0.109668 0.858507
vt 0.109657 0.858467
vt 0.109679 0.858519
vt 0.109666 0.858529
vt 0.109655 0.858486
vt 0.109653 0.858507
vt 0.109679 0.858526
vt 0.109670 0.858533
vt 0.110173 0.858630
vt 0.109635 0.858532
vt 0.109661 0.858536
vt 0.109649 0.858534
vt 0.110512 0.858693
vt 0.110526 0.858691
vt 0.110520 0.858706
vt 0.110533 0.858701
vt 0.110506 0.858710
vt 0.110340 0.857903
vt 0.110342 0.857880
vt 0.110353 0.857893
vt 0.110328 0.857888
vt 0.110328 0.857865
vt 0.110339 0.857860
vt 0.110355 0.857875
vt 0.110537 0.858718
vt 0.110518 0.858724
vt 0.110537 0.858687
vt 0.110536 0.858737
vt 0.110521 0.858741
vt 0.110338 0.857980
vt 0.110341 0.857987
vt 0.110335 0.857989
vt 0.110331 0.857981
vt 0.110341 0.857991
vt 0.110337 0.857993
vt 0.110332 0.857967
vt 0.110329 0.857992
vt 0.110324 0.857984
vt 0.110332 0.857994
vt 0.110324 0.857968
vt 0.109883 0.858697
vt 0.109889 0.858709
vt 0.109877 0.858709
vt 0.109901 0.858727
vt 0.109884 0.858727
vt 0.109892 0.858697
vt 0.109902 0.858709
vt 0.109869 0.858727
vt 0.109888 0.858691
vt 0.109894 0.858690
vt 0.109901 0.858697
vt 0.109899 0.858691
vt 0.013599 0.860264
vt 0.013608 0.860249
vt 0.013612 0.860264
vt 0.013591 0.860250
vt 0.013587 0.860234
vt 0.013629 0.860248
vt 0.013628 0.860264
vt 0.014350 0.860106
vt 0.014354 0.860083
vt 0.014361 0.860106
vt 0.014340 0.860085
vt 0.014371 0.860082
vt 0.014374 0.860105
vt 0.013643 0.860264
vt 0.110309 0.857847
vt 0.110298 0.857856
vt 0.110294 0.857832
vt 0.110315 0.857873
vt 0.110303 0.857883
vt 0.110287 0.857865
vt 0.110284 0.857841
vt 0.110274 0.857850
vt 0.110510 0.857957
vt 0.110493 0.857977
vt 0.110486 0.857956
vt 0.110489 0.857941
vt 0.110510 0.857943
vt 0.110481 0.857978
vt 0.110463 0.857940
vt 0.110460 0.857951
vt 0.110475 0.857962
vt 0.013648 0.860249
vt 0.013655 0.860264
vt 0.013664 0.860250
vt 0.013668 0.860234
vt 0.014438 0.859836
vt 0.014428 0.859813
vt 0.014442 0.859813
vt 0.014463 0.859849
vt 0.014437 0.859849
vt 0.014420 0.859836
vt 0.014462 0.859836
vt 0.014418 0.859850
vt 0.110277 0.857874
vt 0.110254 0.857866
vt 0.110264 0.857858
vt 0.110267 0.857882
vt 0.110281 0.857900
vt 0.014100 0.860258
vt 0.014114 0.860245
vt 0.014116 0.860260
vt 0.014089 0.860243
vt 0.014102 0.860244
vt 0.014126 0.860247
vt 0.014132 0.860262
vt 0.014132 0.860292
vt 0.014123 0.860313
vt 0.014115 0.860289
vt 0.014116 0.860276
vt 0.014134 0.860278
vt 0.014098 0.860274
vt 0.014110 0.860312
vt 0.014097 0.860287
vt 0.110458 0.857956
vt 0.110357 0.857870
vt 0.109673 0.858445
vt 0.109660 0.858444
vt 0.109645 0.858442
vt 0.109674 0.858425
vt 0.109648 0.858422
vt 0.109661 0.858423
vt 0.109633 0.858420
vt 0.109629 0.858441
vt 0.110174 0.858710
vt 0.110172 0.858730
vt 0.110186 0.858686
vt 0.110184 0.858710
vt 0.109620 0.858419
vt 0.109614 0.858442
vt 0.109599 0.858487
vt 0.109602 0.858470
vt 0.109604 0.858453
vt 0.109880 0.858776
vt 0.109880 0.858783
vt 0.109871 0.858775
vt 0.109873 0.858770
vt 0.109881 0.858771
vt 0.109891 0.858781
vt 0.109890 0.858774
vt 0.109876 0.858766
vt 0.109887 0.858765
vt 0.109889 0.858769
vt 0.109882 0.858761
vt 0.109888 0.858761
vt 0.109881 0.858766
vt 0.109875 0.858763
vt 0.110351 0.857855
vt 0.110345 0.857857
vt 0.110350 0.857842
vt 0.110357 0.857852
vt 0.110341 0.857843
vt 0.110360 0.857867
vt 0.110361 0.857841
vt 0.110364 0.857864
vt 0.110365 0.857850
vt 0.110369 0.857860
vt 0.110374 0.857849
vt 0.110376 0.857859
vt 0.110371 0.857841
vt 0.109806 0.858771
vt 0.109792 0.858779
vt 0.109791 0.858769
vt 0.109806 0.858779
vt 0.109781 0.858789
vt 0.109778 0.858779
vt 0.109806 0.858789
vt 0.109793 0.858790
vt 0.109775 0.858769
vt 0.109789 0.858761
vt 0.109806 0.858763
vt 0.109783 0.858798
vt 0.109804 0.858799
vt 0.109794 0.858799
vt 0.109875 0.858800
vt 0.109862 0.858794
vt 0.109877 0.858795
vt 0.109891 0.858804
vt 0.109874 0.858804
vt 0.109859 0.858799
vt 0.109866 0.858788
vt 0.109879 0.858789
vt 0.109892 0.858799
vt 0.109892 0.858794
vt 0.109892 0.858788
vt 0.109868 0.858781
vt 0.110440 0.858138
vt 0.110440 0.858145
vt 0.110436 0.858143
vt 0.110435 0.858133
vt 0.110439 0.858132
vt 0.110435 0.858138
vt 0.110430 0.858139
vt 0.110438 0.858150
vt 0.109565 0.858484
vt 0.109561 0.858493
vt 0.109559 0.858487
vt 0.109575 0.858489
vt 0.109567 0.858491
vt 0.109558 0.858492
vt 0.109555 0.858481
vt 0.109561 0.858476
vt 0.109555 0.858489
vt 0.109554 0.858485
vt 0.109570 0.858471
vt 0.109573 0.858480
vt 0.110382 0.857849
vt 0.110380 0.857841
vt 0.110387 0.857843
vt 0.110388 0.857849
vt 0.110389 0.857856
vt 0.110383 0.857857
vt 0.109871 0.858766
vt 0.110432 0.858146
vt 0.109802 0.858814
vt 0.109794 0.858814
vt 0.109803 0.858808
vt 0.109794 0.858808
vt 0.110427 0.858150
vt 0.110424 0.858141
vt 0.110431 0.858132
vt 0.110279 0.857994
vt 0.110274 0.857999
vt 0.110274 0.857994
vt 0.110281 0.857998
vt 0.110279 0.858003
vt 0.110269 0.857997
vt 0.110268 0.858001
vt 0.110275 0.858005
vt 0.110269 0.858006
vt 0.110037 0.858714
vt 0.110025 0.858732
vt 0.110024 0.858714
vt 0.110035 0.858702
vt 0.110044 0.858702
vt 0.110049 0.858714
vt 0.110026 0.858702
vt 0.110028 0.858697
vt 0.110034 0.858695
vt 0.110040 0.858697
vt 0.110055 0.858732
vt 0.110040 0.858732
vt 0.110387 0.857972
vt 0.110374 0.857968
vt 0.110381 0.857961
vt 0.110382 0.857977
vt 0.110362 0.857955
vt 0.110370 0.857947
vt 0.110389 0.857977
vt 0.110386 0.857982
vt 0.110376 0.857983
vt 0.110367 0.857975
vt 0.110381 0.857985
vt 0.109645 0.858591
vt 0.109640 0.858578
vt 0.109649 0.858579
vt 0.109637 0.858590
vt 0.109644 0.858560
vt 0.109654 0.858562
vt 0.109629 0.858588
vt 0.109630 0.858576
vt 0.110415 0.858378
vt 0.110407 0.858373
vt 0.110412 0.858373
vt 0.110406 0.858380
vt 0.110408 0.858366
vt 0.110402 0.858371
vt 0.110399 0.858375
vt 0.110401 0.858365
vt 0.110404 0.858360
vt 0.110409 0.858360
vt 0.110415 0.858368
vt 0.110414 0.858362
vt 0.109604 0.858567
vt 0.109600 0.858555
vt 0.109608 0.858558
vt 0.109596 0.858564
vt 0.109605 0.858543
vt 0.109615 0.858546
vt 0.109588 0.858566
vt 0.109588 0.858561
vt 0.109591 0.858552
vt 0.109594 0.858569
vt 0.110078 0.858779
vt 0.110086 0.858770
vt 0.110090 0.858779
vt 0.110067 0.858779
vt 0.110076 0.858770
vt 0.110067 0.858792
vt 0.110066 0.858770
vt 0.110068 0.858767
vt 0.110081 0.858791
vt 0.110095 0.858792
vt 0.110345 0.858366
vt 0.110074 0.858765
vt 0.110481 0.858502
vt 0.110483 0.858513
vt 0.110476 0.858510
vt 0.110488 0.858505
vt 0.110478 0.858526
vt 0.110470 0.858522
vt 0.110486 0.858499
vt 0.110492 0.858500
vt 0.110486 0.858528
vt 0.110492 0.858515
vt 0.110496 0.858507
vt 0.110497 0.858502
vt 0.110334 0.857944
vt 0.110353 0.857926
vt 0.110344 0.857935
vt 0.110514 0.858645
vt 0.110519 0.858652
vt 0.110511 0.858653
vt 0.110529 0.858665
vt 0.110516 0.858664
vt 0.110521 0.858644
vt 0.110529 0.858652
vt 0.110505 0.858666
vt 0.110529 0.858644
vt 0.110274 0.858009
vt 0.110267 0.858009
vt 0.110145 0.858596
vt 0.110151 0.858586
vt 0.110153 0.858595
vt 0.110157 0.858612
vt 0.110146 0.858613
vt 0.110138 0.858595
vt 0.110144 0.858587
vt 0.110139 0.858612
vt 0.110138 0.858586
vt 0.110140 0.858582
vt 0.110160 0.858592
vt 0.110150 0.858582
vt 0.110156 0.858584
vt 0.110144 0.858582
vt 0.110152 0.858579
vt 0.109681 0.858564
vt 0.109672 0.858553
vt 0.109681 0.858549
vt 0.109682 0.858573
vt 0.109674 0.858567
vt 0.109676 0.858575
vt 0.109677 0.858578
vt 0.109682 0.858577
vt 0.109785 0.858806
vt 0.109582 0.858476
vt 0.109590 0.858486
vt 0.109583 0.858486
vt 0.109579 0.858465
vt 0.110465 0.858534
vt 0.110473 0.858538
vt 0.110481 0.858540
vt 0.110083 0.858804
vt 0.110067 0.858805
vt 0.110099 0.858805
vt 0.110066 0.858812
vt 0.110084 0.858811
vt 0.109610 0.858531
vt 0.109621 0.858535
vt 0.109595 0.858539
vt 0.109598 0.858526
vt 0.110526 0.858432
vt 0.110515 0.858430
vt 0.110525 0.858439
vt 0.110513 0.858437
vt 0.110538 0.858433
vt 0.110538 0.858420
vt 0.109647 0.858543
vt 0.109658 0.858545
vt 0.109632 0.858558
vt 0.109634 0.858541
vt 0.110350 0.857942
vt 0.110359 0.857934
vt 0.110353 0.857963
vt 0.110341 0.857951
vt 0.110042 0.858749
vt 0.110061 0.858749
vt 0.110026 0.858758
vt 0.110026 0.858749
vt 0.110044 0.858758
vt 0.109880 0.858745
vt 0.109862 0.858744
vt 0.109899 0.858744
vt 0.109899 0.858754
vt 0.109878 0.858754
vt 0.109859 0.858754
vt 0.110170 0.858622
vt 0.110165 0.858607
vt 0.110160 0.858628
vt 0.109680 0.858535
vt 0.109671 0.858540
vt 0.110148 0.858630
vt 0.110139 0.858628
vt 0.110139 0.858637
vt 0.110513 0.858677
vt 0.110500 0.858680
vt 0.110529 0.858678
vt 0.110511 0.858683
vt 0.110497 0.858687
vt 0.110327 0.857955
vt 0.110317 0.857955
vt 0.110324 0.857948
vt 0.110315 0.857970
vt 0.110306 0.857956
vt 0.109595 0.858486
vt 0.109590 0.858473
vt 0.109597 0.858471
vt 0.109597 0.858456
vt 0.109589 0.858460
vt 0.014098 0.860568
vt 0.014120 0.860556
vt 0.014119 0.860569
vt 0.014120 0.860581
vt 0.014096 0.860585
vt 0.014097 0.860554
vt 0.014120 0.860541
vt 0.014407 0.860207
vt 0.014392 0.860224
vt 0.014394 0.860205
vt 0.014410 0.860224
vt 0.014098 0.860602
vt 0.014120 0.860597
vt 0.014120 0.860611
vt 0.014071 0.860439
vt 0.014086 0.860425
vt 0.014087 0.860438
vt 0.014061 0.860423
vt 0.014069 0.860424
vt 0.014343 0.860205
vt 0.014356 0.860220
vt 0.014338 0.860220
vt 0.014340 0.860235
vt 0.014358 0.860206
vt 0.013644 0.860083
vt 0.013649 0.860063
vt 0.013657 0.860083
vt 0.013636 0.860060
vt 0.014115 0.860448
vt 0.014106 0.860427
vt 0.014122 0.860428
vt 0.013628 0.860083
vt 0.013609 0.860083
vt 0.014133 0.860582
vt 0.014133 0.860594
vt 0.014133 0.860570
vt 0.014133 0.860606
vt 0.014132 0.860559
vt 0.014107 0.860414
vt 0.014087 0.860412
vt 0.014113 0.860415
vt 0.014072 0.860411
vt 0.014065 0.860410
vt 0.110510 0.857994
vt 0.110510 0.857976
vt 0.110486 0.857997
vt 0.014460 0.859813
vt 0.014478 0.859813
vt 0.014485 0.859835
vt 0.014478 0.859879
vt 0.014462 0.859865
vt 0.014484 0.859865
vt 0.014439 0.859865
vt 0.014443 0.859880
vt 0.014461 0.859879
vt 0.014487 0.859849
vt 0.014089 0.860390
vt 0.014090 0.860374
vt 0.014105 0.860392
vt 0.014107 0.860376
vt 0.014091 0.860355
vt 0.014109 0.860356
vt 0.014116 0.860393
vt 0.014075 0.860389
vt 0.014075 0.860373
vt 0.014064 0.860388
vt 0.014062 0.860372
vt 0.014074 0.860353
vt 0.110045 0.858543
vt 0.110058 0.858566
vt 0.110043 0.858565
vt 0.110035 0.858564
vt 0.110035 0.858543
vt 0.110059 0.858545
vt 0.110076 0.858546
vt 0.110077 0.858568
vt 0.110087 0.858548
vt 0.110083 0.858569
vt 0.014457 0.859733
vt 0.014440 0.859749
vt 0.014440 0.859733
vt 0.014460 0.859748
vt 0.014461 0.859768
vt 0.014438 0.859768
vt 0.014427 0.859733
vt 0.110444 0.857887
vt 0.110430 0.857903
vt 0.110428 0.857887
vt 0.110449 0.857903
vt 0.110431 0.857923
vt 0.110453 0.857922
vt 0.110410 0.857888
vt 0.110411 0.857866
vt 0.110442 0.857865
vt 0.110427 0.857865
vt 0.110399 0.857866
vt 0.014379 0.860185
vt 0.014377 0.860169
vt 0.014392 0.860184
vt 0.014392 0.860168
vt 0.014375 0.860150
vt 0.014392 0.860149
vt 0.014405 0.860184
vt 0.014366 0.860186
vt 0.014362 0.860170
vt 0.014354 0.860187
vt 0.014349 0.860171
vt 0.014358 0.860151
vt 0.013375 0.734644
vt 0.013373 0.734654
vt 0.013368 0.734655
vt 0.013370 0.734666
vt 0.013366 0.734665
vt 0.013379 0.734643
vt 0.013368 0.734677
vt 0.109586 0.858271
vt 0.109600 0.858287
vt 0.109582 0.858287
vt 0.109575 0.858250
vt 0.109587 0.858250
vt 0.109601 0.858271
vt 0.109600 0.858307
vt 0.109580 0.858307
vt 0.109601 0.858250
vt 0.109614 0.858250
vt 0.109616 0.858271
vt 0.013630 0.860117
vt 0.013646 0.860133
vt 0.013629 0.860132
vt 0.013645 0.860117
vt 0.013629 0.860152
vt 0.014134 0.860380
vt 0.014121 0.860378
vt 0.014128 0.860395
vt 0.014126 0.860358
vt 0.110098 0.858549
vt 0.110094 0.858571
vt 0.014425 0.859749
vt 0.014421 0.859769
vt 0.110397 0.857888
vt 0.014420 0.860167
vt 0.014417 0.860183
vt 0.014408 0.860168
vt 0.014425 0.860147
vt 0.014410 0.860148
vt 0.013557 0.734643
vt 0.013553 0.734655
vt 0.013549 0.734656
vt 0.013551 0.734668
vt 0.013547 0.734668
vt 0.013561 0.734641
vt 0.110375 0.858360
vt 0.110387 0.858338
vt 0.110385 0.858359
vt 0.110376 0.858338
vt 0.013602 0.860118
vt 0.013611 0.860133
vt 0.013596 0.860133
vt 0.013615 0.860117
vt 0.013609 0.860152
vt 0.013592 0.860153
vt 0.109572 0.858272
vt 0.013372 0.734678
vt 0.013375 0.734689
vt 0.013379 0.734691
vt 0.110345 0.858259
vt 0.110359 0.858273
vt 0.110345 0.858274
vt 0.110358 0.858258
vt 0.110332 0.858260
vt 0.110374 0.858273
vt 0.014067 0.860256
vt 0.014080 0.860272
vt 0.014062 0.860271
vt 0.014077 0.860242
vt 0.014083 0.860257
vt 0.014070 0.860308
vt 0.014080 0.860286
vt 0.014083 0.860309
vt 0.014063 0.860285
vt 0.014096 0.860310
vt 0.110039 0.858477
vt 0.110053 0.858463
vt 0.110052 0.858478
vt 0.110040 0.858462
vt 0.110066 0.858464
vt 0.110065 0.858479
vt 0.109627 0.858338
vt 0.109627 0.858353
vt 0.014389 0.860081
vt 0.014389 0.860068
vt 0.014403 0.860103
vt 0.014388 0.860104
vt 0.014408 0.860081
vt 0.014424 0.860080
vt 0.014415 0.860103
vt 0.014425 0.860066
vt 0.014409 0.860067
vt 0.014430 0.859880
vt 0.014422 0.859865
vt 0.013589 0.860220
vt 0.110182 0.858730
vt 0.014371 0.860039
vt 0.014385 0.860038
vt 0.014387 0.860052
vt 0.014399 0.860037
vt 0.014405 0.860051
vt 0.109875 0.858807
vt 0.109896 0.858809
vt 0.109857 0.858804
vt 0.109853 0.858809
vt 0.110475 0.857995
vt 0.109773 0.858762
vt 0.110333 0.857844
vt 0.110490 0.858555
vt 0.110488 0.858546
vt 0.110523 0.858446
vt 0.110537 0.858441
vt 0.110540 0.858447
vt 0.109905 0.858445
vt 0.109911 0.858426
vt 0.109906 0.858445
vt 0.109911 0.858462
vt 0.109905 0.858469
vt 0.109905 0.858419
vt 0.110102 0.858812
vt 0.109877 0.858757
vt 0.109853 0.858761
vt 0.109903 0.858761
vt 0.110044 0.858762
vt 0.110063 0.858758
vt 0.110066 0.858766
vt 0.110021 0.858766
vt 0.110352 0.857918
vt 0.109904 0.858538
vt 0.109900 0.858520
vt 0.109905 0.858514
vt 0.109900 0.858553
vt 0.109903 0.858538
vt 0.109905 0.858560
vt 0.110529 0.858685
vt 0.079129 0.859862
vt 0.079138 0.859881
vt 0.079129 0.859880
vt 0.079121 0.859848
vt 0.079138 0.859859
vt 0.079110 0.859838
vt 0.079129 0.859842
vt 0.079114 0.859831
vt 0.079173 0.859833
vt 0.079157 0.859838
vt 0.079169 0.859825
vt 0.079184 0.859819
vt 0.079164 0.859843
vt 0.079151 0.859855
vt 0.079051 0.859865
vt 0.079057 0.859883
vt 0.079051 0.859885
vt 0.079063 0.859852
vt 0.079058 0.859867
vt 0.079063 0.859896
vt 0.079057 0.859902
vt 0.079083 0.859912
vt 0.079098 0.859920
vt 0.079082 0.859920
vt 0.079097 0.859912
vt 0.079072 0.859907
vt 0.079115 0.859914
vt 0.079233 0.859881
vt 0.079230 0.859901
vt 0.079224 0.859895
vt 0.079241 0.859861
vt 0.079241 0.859884
vt 0.079233 0.859862
vt 0.079227 0.859844
vt 0.079234 0.859839
vt 0.079218 0.859826
vt 0.079057 0.859847
vt 0.079073 0.859841
vt 0.079099 0.859825
vt 0.079085 0.859834
vt 0.079084 0.859826
vt 0.079097 0.859834
vt 0.079069 0.859833
vt 0.079212 0.859905
vt 0.079215 0.859912
vt 0.079198 0.859909
vt 0.079173 0.859902
vt 0.079185 0.859909
vt 0.079169 0.859909
vt 0.079183 0.859917
vt 0.079199 0.859918
vt 0.079157 0.859894
vt 0.079151 0.859875
vt 0.079163 0.859890
vt 0.079158 0.859874
vt 0.079783 0.859186
vt 0.079766 0.859170
vt 0.079782 0.859170
vt 0.079782 0.859155
vt 0.079766 0.859187
vt 0.079766 0.859155
vt 0.079783 0.859141
vt 0.079403 0.859973
vt 0.079419 0.859987
vt 0.079403 0.859987
vt 0.079402 0.860004
vt 0.079419 0.859972
vt 0.079419 0.860004
vt 0.079402 0.860021
vt 0.079780 0.859800
vt 0.079763 0.859799
vt 0.079780 0.859783
vt 0.079763 0.859783
vt 0.079780 0.859764
vt 0.079419 0.859961
vt 0.079402 0.859961
vt 0.079419 0.860038
vt 0.079402 0.860035
vt 0.079419 0.860022
vt 0.079784 0.859519
vt 0.079768 0.859499
vt 0.079785 0.859497
vt 0.079768 0.859541
vt 0.079768 0.859519
vt 0.079785 0.859542
vt 0.079768 0.859558
vt 0.079766 0.859140
vt 0.079780 0.859744
vt 0.079763 0.859745
vt 0.079763 0.859730
vt 0.079780 0.859729
vt 0.079763 0.859764
vt 0.079785 0.859559
vt 0.079766 0.859202
vt 0.079783 0.859201
vt 0.079130 0.859902
vt 0.079111 0.859907
vt 0.079123 0.859897
vt 0.079158 0.859857
vt 0.079068 0.859914
vt 0.079214 0.859833
vt 0.079200 0.859820
vt 0.079199 0.859828
vt 0.079185 0.859828
vt 0.014189 0.859738
vt 0.014165 0.859755
vt 0.013630 0.860095
vt 0.013644 0.860095
vt 0.013654 0.860096
vt 0.014473 0.859698
vt 0.014455 0.859698
vt 0.014463 0.859678
vt 0.014453 0.859679
vt 0.014440 0.859711
vt 0.014440 0.859698
vt 0.014456 0.859711
vt 0.014428 0.859711
vt 0.014427 0.859698
vt 0.014471 0.859711
vt 0.014057 0.859747
vt 0.014482 0.859981
vt 0.014495 0.859977
vt 0.014482 0.859996
vt 0.014495 0.859998
vt 0.014057 0.859914
vt 0.014057 0.859879
vt 0.014056 0.859941
vt 0.014350 0.860121
vt 0.014359 0.860133
vt 0.014344 0.860134
vt 0.014362 0.860120
vt 0.014343 0.860152
vt 0.014374 0.860132
vt 0.013598 0.860183
vt 0.013609 0.860170
vt 0.013612 0.860183
vt 0.013593 0.860170
vt 0.014404 0.860443
vt 0.014414 0.860424
vt 0.014414 0.860443
vt 0.014404 0.860427
vt 0.014391 0.860131
vt 0.014403 0.860118
vt 0.014408 0.860131
vt 0.014389 0.860119
vt 0.014069 0.860323
vt 0.014077 0.860336
vt 0.014061 0.860335
vt 0.014081 0.860324
vt 0.014058 0.860352
vt 0.014093 0.860337
vt 0.014439 0.859786
vt 0.014428 0.859799
vt 0.014422 0.859786
vt 0.014442 0.859798
vt 0.013648 0.860170
vt 0.013656 0.860183
vt 0.013644 0.860183
vt 0.013649 0.860153
vt 0.013663 0.860171
vt 0.013664 0.860153
vt 0.014109 0.860339
vt 0.014122 0.860328
vt 0.014126 0.860341
vt 0.014108 0.860326
vt 0.014095 0.860325
vt 0.013628 0.860183
vt 0.013629 0.860170
vt 0.014375 0.860120
vt 0.014460 0.859798
vt 0.014461 0.859786
vt 0.110448 0.857952
vt 0.110432 0.857940
vt 0.110453 0.857940
vt 0.110431 0.857967
vt 0.110431 0.857953
vt 0.014070 0.734352
vt 0.014054 0.734353
vt 0.014054 0.734341
vt 0.014070 0.734341
vt 0.014070 0.734363
vt 0.014055 0.734365
vt 0.014055 0.734329
vt 0.014070 0.734330
vt 0.014070 0.734318
vt 0.014055 0.734316
vt 0.013550 0.734680
vt 0.013646 0.734306
vt 0.013646 0.734290
vt 0.013651 0.734310
vt 0.013114 0.734141
vt 0.013111 0.734122
vt 0.013116 0.734119
vt 0.013109 0.734138
vt 0.013554 0.734680
vt 0.013557 0.734692
vt 0.013561 0.734693
vt 0.110412 0.857968
vt 0.110398 0.857953
vt 0.110412 0.857953
vt 0.110398 0.857968
vt 0.110385 0.858257
vt 0.110385 0.858272
vt 0.110373 0.858258
vt 0.110080 0.858466
vt 0.110094 0.858467
vt 0.110079 0.858481
vt 0.110093 0.858482
vt 0.110332 0.858275
vt 0.110320 0.858261
vt 0.110321 0.858275
vt 0.109568 0.858352
vt 0.109569 0.858338
vt 0.110449 0.857967
vt 0.013974 0.860607
vt 0.014005 0.860590
vt 0.014004 0.860610
vt 0.014000 0.860625
vt 0.013972 0.860626
vt 0.013954 0.860562
vt 0.013974 0.860563
vt 0.013955 0.860585
vt 0.013972 0.860534
vt 0.013952 0.860534
vt 0.014006 0.860540
vt 0.014006 0.860566
vt 0.013974 0.860587
vt 0.013955 0.860606
vt 0.013954 0.860625
vt 0.014085 0.733953
vt 0.014070 0.733953
vt 0.014072 0.733940
vt 0.014085 0.733941
vt 0.014025 0.734527
vt 0.014038 0.734556
vt 0.014035 0.734552
vt 0.014022 0.734554
vt 0.014024 0.734551
vt 0.014557 0.860004
vt 0.110483 0.858682
vt 0.110482 0.858656
vt 0.110493 0.858683
vt 0.110473 0.858656
vt 0.110482 0.858634
vt 0.110473 0.858634
vt 0.110478 0.858615
vt 0.110488 0.858615
vt 0.110484 0.858598
vt 0.110494 0.858596
vt 0.014011 0.734526
vt 0.014560 0.859917
vt 0.013455 0.734608
vt 0.013466 0.734586
vt 0.013467 0.734609
vt 0.013454 0.734585
vt 0.013464 0.734557
vt 0.013455 0.734628
vt 0.013466 0.734629
vt 0.013455 0.734647
vt 0.013466 0.734648
vt 0.013452 0.734557
vt 0.013670 0.733826
vt 0.013659 0.733839
vt 0.013656 0.733828
vt 0.013672 0.733837
vt 0.014197 0.859750
vt 0.013659 0.860133
vt 0.014423 0.860130
vt 0.014420 0.860051
vt 0.014481 0.859711
vt 0.014487 0.859697
vt 0.014358 0.860228
vt 0.013932 0.860420
vt 0.013940 0.860435
vt 0.013929 0.860434
vt 0.013940 0.860412
vt 0.013616 0.860095
vt 0.140136 0.861273
vt 0.140101 0.861287
vt 0.140098 0.861283
vt 0.140070 0.861311
vt 0.140135 0.861268
vt 0.140174 0.861268
vt 0.140173 0.861273
vt 0.140174 0.861466
vt 0.140208 0.861447
vt 0.140211 0.861451
vt 0.140173 0.861461
vt 0.140235 0.861420
vt 0.140239 0.861423
vt 0.140135 0.861466
vt 0.140136 0.861461
vt 0.140075 0.861314
vt 0.140055 0.861347
vt 0.140249 0.861386
vt 0.140254 0.861387
vt 0.140060 0.861348
vt 0.140249 0.861348
vt 0.140254 0.861347
vt 0.140055 0.861387
vt 0.140060 0.861386
vt 0.140075 0.861420
vt 0.140070 0.861423
vt 0.140235 0.861314
vt 0.140239 0.861311
vt 0.140101 0.861447
vt 0.140098 0.861451
vt 0.140208 0.861287
vt 0.140211 0.861283
vt 0.139754 0.861766
vt 0.139759 0.861804
vt 0.139753 0.861804
vt 0.139760 0.861841
vt 0.139753 0.861843
vt 0.139760 0.861768
vt 0.139778 0.861804
vt 0.140667 0.861608
vt 0.140655 0.861647
vt 0.140655 0.861608
vt 0.140667 0.861685
vt 0.140655 0.861685
vt 0.140667 0.861647
vt 0.140667 0.861575
vt 0.140655 0.861575
vt 0.140521 0.861198
vt 0.140510 0.861228
vt 0.140509 0.861198
vt 0.140509 0.861160
vt 0.140521 0.861160
vt 0.140522 0.861228
vt 0.140521 0.861121
vt 0.140509 0.861121
vt 0.140510 0.861085
vt 0.140522 0.861085
vt 0.139983 0.861884
vt 0.139995 0.861850
vt 0.139995 0.861883
vt 0.139983 0.861851
vt 0.014563 0.859755
vt 0.014555 0.859717
vt 0.014562 0.859717
vt 0.014570 0.859755
vt 0.014563 0.859678
vt 0.014570 0.859678
vt 0.140392 0.861885
vt 0.140380 0.861851
vt 0.140392 0.861852
vt 0.140380 0.861884
vt 0.140436 0.861761
vt 0.140423 0.861721
vt 0.140435 0.861721
vt 0.140424 0.861797
vt 0.140424 0.861761
vt 0.140436 0.861797
vt 0.140436 0.861684
vt 0.140424 0.861655
vt 0.140436 0.861655
vt 0.140424 0.861684
vt 0.140667 0.861718
vt 0.140655 0.861718
vt 0.140533 0.861190
vt 0.140522 0.861154
vt 0.140533 0.861154
vt 0.140533 0.861117
vt 0.140522 0.861190
vt 0.140533 0.861221
vt 0.140522 0.861221
vt 0.140669 0.860936
vt 0.140659 0.860908
vt 0.140670 0.860908
vt 0.140658 0.860936
vt 0.140669 0.860971
vt 0.140658 0.860971
vt 0.140669 0.861008
vt 0.140658 0.861009
vt 0.140659 0.861043
vt 0.140670 0.861043
vt 0.140642 0.861679
vt 0.140655 0.861711
vt 0.140644 0.861711
vt 0.140654 0.861679
vt 0.140642 0.861643
vt 0.140653 0.861643
vt 0.140654 0.861606
vt 0.140642 0.861606
vt 0.140655 0.861575
vt 0.140644 0.861575
vt 0.140673 0.861126
vt 0.140662 0.861093
vt 0.140673 0.861093
vt 0.140661 0.861164
vt 0.140661 0.861126
vt 0.140673 0.861164
vt 0.140661 0.861199
vt 0.140673 0.861199
vt 0.140662 0.861228
vt 0.140673 0.861228
vt 0.140402 0.861481
vt 0.140365 0.861478
vt 0.140367 0.861467
vt 0.140395 0.861491
vt 0.140332 0.861478
vt 0.140329 0.861467
vt 0.140428 0.861508
vt 0.140419 0.861514
vt 0.140533 0.861085
vt 0.140522 0.861117
vt 0.140522 0.861085
vt 0.014340 0.859852
vt 0.014333 0.859840
vt 0.014340 0.859840
vt 0.014333 0.859852
vt 0.013927 0.860479
vt 0.013939 0.860440
vt 0.013939 0.860479
vt 0.013939 0.860518
vt 0.013927 0.860518
vt 0.013927 0.860440
vt 0.014325 0.859852
vt 0.014325 0.859840
vt 0.014015 0.860242
vt 0.013979 0.860227
vt 0.013983 0.860221
vt 0.013951 0.860199
vt 0.013955 0.860193
vt 0.014020 0.860236
vt 0.140300 0.861288
vt 0.140289 0.861325
vt 0.140274 0.861314
vt 0.140334 0.861268
vt 0.140335 0.861273
vt 0.140310 0.861304
vt 0.140300 0.861358
vt 0.140278 0.861353
vt 0.140260 0.861349
vt 0.140297 0.861283
vt 0.140308 0.861339
vt 0.140338 0.861293
vt 0.140260 0.861386
vt 0.140254 0.861347
vt 0.140269 0.861311
vt 0.140278 0.861383
vt 0.140289 0.861410
vt 0.140274 0.861420
vt 0.140406 0.861288
vt 0.140433 0.861314
vt 0.140417 0.861325
vt 0.140373 0.861268
vt 0.140410 0.861283
vt 0.140396 0.861304
vt 0.140372 0.861273
vt 0.140438 0.861311
vt 0.140433 0.861421
vt 0.140406 0.861447
vt 0.140396 0.861432
vt 0.140447 0.861386
vt 0.140453 0.861387
vt 0.140417 0.861411
vt 0.140453 0.861347
vt 0.140438 0.861424
vt 0.140410 0.861452
vt 0.140335 0.861461
vt 0.140297 0.861451
vt 0.140300 0.861447
vt 0.140334 0.861467
vt 0.140269 0.861423
vt 0.140338 0.861443
vt 0.140447 0.861349
vt 0.140428 0.861353
vt 0.140310 0.861432
vt 0.140428 0.861383
vt 0.139778 0.861834
vt 0.140504 0.861122
vt 0.140503 0.861160
vt 0.140368 0.861293
vt 0.046768 0.858438
vt 0.046909 0.858438
vt 0.046755 0.858468
vt 0.046885 0.858415
vt 0.046755 0.858501
vt 0.046921 0.858501
vt 0.046791 0.858555
vt 0.046768 0.858532
vt 0.046909 0.858532
vt 0.046885 0.858555
vt 0.046921 0.858469
vt 0.046791 0.858414
vt 0.046855 0.858402
vt 0.046822 0.858402
vt 0.046822 0.858568
vt 0.046855 0.858568
vt 0.140365 0.861644
vt 0.140329 0.861655
vt 0.140332 0.861644
vt 0.140402 0.861641
vt 0.140367 0.861655
vt 0.140295 0.861641
vt 0.140301 0.861631
vt 0.140301 0.861490
vt 0.140295 0.861481
vt 0.140395 0.861631
vt 0.140268 0.861507
vt 0.140428 0.861614
vt 0.140419 0.861608
vt 0.140431 0.861577
vt 0.140442 0.861580
vt 0.140278 0.861514
vt 0.140254 0.861542
vt 0.140431 0.861545
vt 0.140442 0.861542
vt 0.140254 0.861580
vt 0.140265 0.861544
vt 0.140265 0.861577
vt 0.140278 0.861608
vt 0.140268 0.861614
vt 0.140405 0.861358
vt 0.140397 0.861339
vt 0.140383 0.861324
vt 0.139778 0.861775
vt 0.140363 0.861316
vt 0.140323 0.861324
vt 0.140363 0.861421
vt 0.140368 0.861443
vt 0.140342 0.861421
vt 0.140323 0.861413
vt 0.140405 0.861379
vt 0.140308 0.861398
vt 0.140397 0.861398
vt 0.140300 0.861379
vt 0.140383 0.861413
vt 0.140342 0.861316
vt 0.047156 0.733561
vt 0.047068 0.733583
vt 0.047063 0.733558
vt 0.047244 0.733583
vt 0.047156 0.733580
vt 0.047005 0.733606
vt 0.047000 0.733589
vt 0.047071 0.733594
vt 0.046991 0.733532
vt 0.047063 0.733535
vt 0.046991 0.733558
vt 0.047241 0.733594
vt 0.047156 0.733588
vt 0.015426 0.734034
vt 0.015451 0.733987
vt 0.015463 0.734014
vt 0.015408 0.734072
vt 0.015384 0.734051
vt 0.015403 0.733999
vt 0.015374 0.734100
vt 0.015348 0.733992
vt 0.015378 0.733958
vt 0.015416 0.733967
vt 0.015343 0.734071
vt 0.015303 0.733984
vt 0.015686 0.734401
vt 0.015649 0.734335
vt 0.015686 0.734339
vt 0.015751 0.734410
vt 0.015695 0.734458
vt 0.015657 0.734446
vt 0.015651 0.734393
vt 0.015652 0.734280
vt 0.015691 0.734281
vt 0.015748 0.734345
vt 0.015750 0.734283
vt 0.015610 0.734276
vt 0.015622 0.734232
vt 0.015698 0.734235
vt 0.015758 0.734233
vt 0.015661 0.734236
vt 0.015414 0.734172
vt 0.015435 0.734140
vt 0.015471 0.734197
vt 0.015405 0.734120
vt 0.015361 0.734179
vt 0.015379 0.734151
vt 0.015399 0.734204
vt 0.015321 0.734146
vt 0.015343 0.734126
vt 0.015459 0.734232
vt 0.015483 0.734159
vt 0.015433 0.734090
vt 0.015458 0.734106
vt 0.015495 0.734119
vt 0.015443 0.734049
vt 0.015459 0.734065
vt 0.015475 0.734075
vt 0.015505 0.734082
vt 0.015490 0.734043
vt 0.015514 0.734044
vt 0.015471 0.734027
vt 0.015479 0.734039
vt 0.015256 0.734629
vt 0.015274 0.734597
vt 0.015284 0.734605
vt 0.015246 0.734615
vt 0.047259 0.733027
vt 0.047252 0.733068
vt 0.047244 0.733027
vt 0.047228 0.733066
vt 0.047075 0.733602
vt 0.047156 0.733593
vt 0.047012 0.733620
vt 0.047022 0.733628
vt 0.047081 0.733606
vt 0.046962 0.733162
vt 0.046946 0.733231
vt 0.046952 0.733168
vt 0.046938 0.733304
vt 0.046936 0.733230
vt 0.046947 0.733309
vt 0.046936 0.733172
vt 0.046923 0.733298
vt 0.046926 0.733229
vt 0.015313 0.734077
vt 0.015338 0.733949
vt 0.015263 0.733964
vt 0.015270 0.733927
vt 0.015302 0.733941
vt 0.015580 0.734208
vt 0.015596 0.734190
vt 0.015597 0.734208
vt 0.015582 0.734183
vt 0.015601 0.734183
vt 0.015608 0.734208
vt 0.015584 0.734152
vt 0.015567 0.734179
vt 0.015571 0.734153
vt 0.015352 0.733911
vt 0.015362 0.733943
vt 0.015311 0.733910
vt 0.015273 0.733887
vt 0.047156 0.733540
vt 0.047249 0.733535
vt 0.047247 0.733512
vt 0.047064 0.733512
vt 0.047155 0.733519
vt 0.046994 0.733504
vt 0.046999 0.733479
vt 0.047067 0.733491
vt 0.047155 0.733500
vt 0.015039 0.733952
vt 0.015014 0.734006
vt 0.015004 0.733952
vt 0.015025 0.733809
vt 0.015072 0.733806
vt 0.014976 0.734045
vt 0.014973 0.734005
vt 0.015047 0.734006
vt 0.015020 0.734045
vt 0.014967 0.733953
vt 0.014944 0.733826
vt 0.014982 0.733818
vt 0.015074 0.733952
vt 0.015075 0.734005
vt 0.015050 0.734042
vt 0.015103 0.734005
vt 0.015099 0.734042
vt 0.015075 0.734040
vt 0.047154 0.733433
vt 0.047081 0.733398
vt 0.047154 0.733405
vt 0.047077 0.733425
vt 0.047025 0.733386
vt 0.047035 0.733358
vt 0.047223 0.733368
vt 0.047229 0.733398
vt 0.047086 0.733368
vt 0.047154 0.733373
vt 0.047155 0.733457
vt 0.047074 0.733448
vt 0.047019 0.733412
vt 0.047050 0.733332
vt 0.047095 0.733336
vt 0.047006 0.733457
vt 0.047070 0.733470
vt 0.047012 0.733435
vt 0.047240 0.733470
vt 0.047244 0.733491
vt 0.047155 0.733479
vt 0.015486 0.733772
vt 0.015445 0.733788
vt 0.015455 0.733761
vt 0.015520 0.733749
vt 0.015516 0.733779
vt 0.015478 0.733801
vt 0.015493 0.733744
vt 0.015521 0.733717
vt 0.015463 0.733733
vt 0.015442 0.733704
vt 0.015468 0.733706
vt 0.015496 0.733719
vt 0.015501 0.733691
vt 0.015119 0.734251
vt 0.015095 0.734222
vt 0.015126 0.734226
vt 0.015093 0.734244
vt 0.015066 0.734217
vt 0.015065 0.734196
vt 0.015099 0.734195
vt 0.015134 0.734193
vt 0.015116 0.734274
vt 0.015092 0.734264
vt 0.015068 0.734236
vt 0.015117 0.734296
vt 0.015092 0.734284
vt 0.015066 0.734274
vt 0.015068 0.734255
vt 0.015470 0.733828
vt 0.015509 0.733808
vt 0.015501 0.733835
vt 0.015429 0.733842
vt 0.015436 0.733816
vt 0.015462 0.733854
vt 0.015430 0.733751
vt 0.015413 0.733808
vt 0.015421 0.733780
vt 0.015401 0.733775
vt 0.015399 0.733832
vt 0.015393 0.733803
vt 0.015408 0.733835
vt 0.015404 0.733746
vt 0.015416 0.733720
vt 0.015437 0.733724
vt 0.014998 0.734150
vt 0.014986 0.734159
vt 0.014987 0.734149
vt 0.015016 0.734161
vt 0.014954 0.734182
vt 0.014959 0.734152
vt 0.015008 0.734192
vt 0.014983 0.734185
vt 0.014972 0.734145
vt 0.014929 0.734186
vt 0.014934 0.734159
vt 0.015235 0.734263
vt 0.015242 0.734252
vt 0.015240 0.734262
vt 0.015238 0.734248
vt 0.015242 0.734270
vt 0.015238 0.734276
vt 0.015419 0.733693
vt 0.015397 0.733714
vt 0.015402 0.733722
vt 0.015460 0.733695
vt 0.015437 0.733690
vt 0.015445 0.733695
vt 0.047070 0.733305
vt 0.047154 0.733336
vt 0.047201 0.733307
vt 0.047214 0.733336
vt 0.047108 0.733307
vt 0.047155 0.733302
vt 0.047112 0.733282
vt 0.047123 0.733289
vt 0.015850 0.734127
vt 0.015865 0.734105
vt 0.015868 0.734126
vt 0.015848 0.734106
vt 0.015862 0.734084
vt 0.015877 0.734083
vt 0.015880 0.734107
vt 0.015878 0.734125
vt 0.015861 0.734063
vt 0.015846 0.734085
vt 0.015893 0.734115
vt 0.015893 0.734082
vt 0.014926 0.734223
vt 0.014925 0.734268
vt 0.014907 0.734229
vt 0.014951 0.734261
vt 0.014952 0.734218
vt 0.015372 0.734241
vt 0.015417 0.734232
vt 0.015417 0.734249
vt 0.015374 0.734259
vt 0.015337 0.734255
vt 0.015332 0.734282
vt 0.015476 0.733675
vt 0.015492 0.733700
vt 0.015477 0.733690
vt 0.015467 0.733688
vt 0.015464 0.733681
vt 0.015612 0.734159
vt 0.015614 0.734167
vt 0.015608 0.734165
vt 0.015617 0.734163
vt 0.015234 0.734276
vt 0.015227 0.734282
vt 0.015228 0.734276
vt 0.015235 0.734282
vt 0.015005 0.734226
vt 0.015025 0.734205
vt 0.015024 0.734233
vt 0.015022 0.734263
vt 0.015029 0.734188
vt 0.014979 0.734221
vt 0.015886 0.734139
vt 0.015871 0.734164
vt 0.015871 0.734147
vt 0.015876 0.734059
vt 0.015888 0.734051
vt 0.047155 0.733272
vt 0.047155 0.733283
vt 0.047198 0.733282
vt 0.047186 0.733289
vt 0.015379 0.733885
vt 0.015402 0.733861
vt 0.015390 0.733888
vt 0.015375 0.733915
vt 0.015398 0.733923
vt 0.015412 0.733894
vt 0.015394 0.733859
vt 0.015422 0.733867
vt 0.015435 0.733932
vt 0.015455 0.733878
vt 0.015447 0.733903
vt 0.015565 0.734207
vt 0.015857 0.734573
vt 0.015828 0.734558
vt 0.015857 0.734554
vt 0.015885 0.734572
vt 0.015884 0.734513
vt 0.015885 0.734553
vt 0.015906 0.734555
vt 0.015901 0.734543
vt 0.015751 0.734133
vt 0.015763 0.734159
vt 0.015749 0.734158
vt 0.015765 0.734134
vt 0.015777 0.734163
vt 0.015752 0.734185
vt 0.015792 0.734163
vt 0.015805 0.734133
vt 0.015805 0.734162
vt 0.015791 0.734136
vt 0.015783 0.734166
vt 0.015779 0.734147
vt 0.015795 0.734197
vt 0.015782 0.734192
vt 0.015779 0.734137
vt 0.015766 0.734186
vt 0.015016 0.734073
vt 0.014976 0.734075
vt 0.014940 0.734080
vt 0.014929 0.734051
vt 0.014937 0.734007
vt 0.015012 0.734095
vt 0.014976 0.734099
vt 0.014945 0.734104
vt 0.014980 0.734121
vt 0.014949 0.734124
vt 0.014914 0.734084
vt 0.014923 0.734090
vt 0.014930 0.734122
vt 0.014925 0.734108
vt 0.047236 0.733448
vt 0.047233 0.733425
vt 0.015016 0.734117
vt 0.015149 0.734229
vt 0.015161 0.734195
vt 0.015097 0.734172
vt 0.015144 0.734159
vt 0.015173 0.734166
vt 0.015176 0.734142
vt 0.015185 0.734150
vt 0.015494 0.733860
vt 0.015489 0.733883
vt 0.015460 0.733962
vt 0.015474 0.733933
vt 0.015483 0.733907
vt 0.014913 0.734049
vt 0.014906 0.734081
vt 0.015246 0.733852
vt 0.015255 0.733829
vt 0.015253 0.733857
vt 0.015280 0.733805
vt 0.015265 0.733831
vt 0.015246 0.733827
vt 0.015261 0.733856
vt 0.015265 0.733805
vt 0.015259 0.733885
vt 0.014914 0.734110
vt 0.014925 0.734128
vt 0.015884 0.733820
vt 0.015866 0.733833
vt 0.015878 0.733818
vt 0.015847 0.733819
vt 0.015861 0.733810
vt 0.015863 0.733870
vt 0.015854 0.733841
vt 0.015876 0.733868
vt 0.015886 0.733793
vt 0.015876 0.733799
vt 0.015869 0.733900
vt 0.015123 0.734151
vt 0.015083 0.734162
vt 0.015161 0.734138
vt 0.015291 0.733808
vt 0.015316 0.733782
vt 0.015336 0.733786
vt 0.015355 0.733760
vt 0.015829 0.734544
vt 0.015856 0.734510
vt 0.015806 0.734533
vt 0.015813 0.734529
vt 0.015884 0.734476
vt 0.015829 0.734507
vt 0.015809 0.734504
vt 0.015828 0.734471
vt 0.015855 0.734469
vt 0.015814 0.734481
vt 0.015900 0.734491
vt 0.015906 0.734516
vt 0.015757 0.734215
vt 0.015770 0.734210
vt 0.015779 0.734189
vt 0.015778 0.734207
vt 0.015799 0.734226
vt 0.015788 0.734215
vt 0.015804 0.734204
vt 0.015289 0.733886
vt 0.015318 0.733901
vt 0.015886 0.733925
vt 0.015873 0.733923
vt 0.015864 0.733918
vt 0.015857 0.733899
vt 0.015878 0.733902
vt 0.015855 0.733874
vt 0.015371 0.733765
vt 0.015386 0.733739
vt 0.015370 0.733789
vt 0.015060 0.734178
vt 0.015050 0.734169
vt 0.015376 0.733734
vt 0.015258 0.733912
vt 0.014915 0.734004
vt 0.014920 0.734018
vt 0.014930 0.733960
vt 0.015380 0.733776
vt 0.015632 0.734158
vt 0.015626 0.734159
vt 0.015626 0.734153
vt 0.015635 0.734172
vt 0.015630 0.734173
vt 0.015636 0.734152
vt 0.015623 0.734176
vt 0.015636 0.734183
vt 0.015628 0.734185
vt 0.015634 0.734186
vt 0.015620 0.734179
vt 0.015627 0.734191
vt 0.014979 0.734262
vt 0.015005 0.734265
vt 0.015633 0.734193
vt 0.015238 0.734289
vt 0.015242 0.734287
vt 0.015242 0.734292
vt 0.015238 0.734284
vt 0.015241 0.734209
vt 0.015233 0.734210
vt 0.015238 0.734207
vt 0.015235 0.734214
vt 0.015232 0.734197
vt 0.015240 0.734197
vt 0.015230 0.734262
vt 0.015235 0.734262
vt 0.015233 0.734248
vt 0.015235 0.734251
vt 0.015224 0.734274
vt 0.015227 0.734260
vt 0.015226 0.734195
vt 0.015231 0.734183
vt 0.015224 0.734181
vt 0.015241 0.734185
vt 0.015242 0.734277
vt 0.015235 0.734276
vt 0.014914 0.733845
vt 0.046813 0.733111
vt 0.046844 0.733113
vt 0.046842 0.733136
vt 0.046785 0.733137
vt 0.046782 0.733113
vt 0.046813 0.733135
vt 0.046789 0.733160
vt 0.046761 0.733162
vt 0.046754 0.733141
vt 0.046750 0.733118
vt 0.046754 0.733096
vt 0.046786 0.733092
vt 0.046837 0.733159
vt 0.046813 0.733159
vt 0.046789 0.733066
vt 0.046813 0.733089
vt 0.046813 0.733064
vt 0.046838 0.733065
vt 0.046841 0.733091
vt 0.046758 0.733068
vt 0.015046 0.734209
vt 0.015042 0.734189
vt 0.015038 0.734174
vt 0.015893 0.734165
vt 0.014967 0.733739
vt 0.015015 0.733723
vt 0.015109 0.733951
vt 0.015069 0.733717
vt 0.015068 0.733675
vt 0.015124 0.733721
vt 0.015007 0.733682
vt 0.014932 0.733766
vt 0.015606 0.734327
vt 0.015282 0.734086
vt 0.047237 0.733602
vt 0.047308 0.733606
vt 0.047250 0.733558
vt 0.047322 0.733532
vt 0.047323 0.733558
vt 0.047314 0.733589
vt 0.015606 0.733822
vt 0.015562 0.733845
vt 0.015590 0.733797
vt 0.015631 0.733868
vt 0.015589 0.733864
vt 0.015626 0.733779
vt 0.015659 0.733805
vt 0.015647 0.733917
vt 0.015610 0.733894
vt 0.015574 0.733885
vt 0.015674 0.733886
vt 0.015758 0.734469
vt 0.015694 0.734051
vt 0.015710 0.734094
vt 0.015676 0.734118
vt 0.015638 0.734030
vt 0.015674 0.734010
vt 0.015733 0.734020
vt 0.015749 0.734058
vt 0.015656 0.734074
vt 0.015600 0.734104
vt 0.015617 0.734152
vt 0.015580 0.734056
vt 0.015561 0.734014
vt 0.015617 0.733991
vt 0.015650 0.733972
vt 0.015620 0.733941
vt 0.015592 0.733963
vt 0.015683 0.733947
vt 0.015710 0.733980
vt 0.015546 0.733986
vt 0.015588 0.733918
vt 0.015567 0.733942
vt 0.015533 0.733964
vt 0.015548 0.733927
vt 0.015562 0.733907
vt 0.015521 0.733945
vt 0.015581 0.734629
vt 0.015562 0.734597
vt 0.015592 0.734615
vt 0.015552 0.734605
vt 0.015569 0.734582
vt 0.015600 0.734595
vt 0.015211 0.734346
vt 0.015194 0.734377
vt 0.015188 0.734337
vt 0.015224 0.734384
vt 0.046949 0.733369
vt 0.046926 0.733361
vt 0.046959 0.733376
vt 0.015555 0.733877
vt 0.015706 0.733810
vt 0.015665 0.733773
vt 0.015702 0.733774
vt 0.015709 0.733904
vt 0.015749 0.733812
vt 0.015735 0.733768
vt 0.015550 0.734208
vt 0.015533 0.734190
vt 0.015547 0.734183
vt 0.015562 0.734179
vt 0.015532 0.734208
vt 0.015527 0.734183
vt 0.015545 0.734152
vt 0.015521 0.734208
vt 0.015640 0.733766
vt 0.015727 0.733730
vt 0.015747 0.733758
vt 0.015691 0.733751
vt 0.015091 0.734512
vt 0.015119 0.734480
vt 0.015127 0.734496
vt 0.015078 0.734487
vt 0.015068 0.734515
vt 0.047319 0.733504
vt 0.047313 0.733479
vt 0.015118 0.733808
vt 0.015161 0.733815
vt 0.015135 0.734004
vt 0.015175 0.734042
vt 0.015130 0.734043
vt 0.015144 0.733950
vt 0.015198 0.733822
vt 0.015181 0.733949
vt 0.015176 0.734002
vt 0.047285 0.733386
vt 0.047292 0.733412
vt 0.047276 0.733358
vt 0.047260 0.733332
vt 0.047306 0.733457
vt 0.047299 0.733435
vt 0.015556 0.734321
vt 0.015567 0.734347
vt 0.015537 0.734335
vt 0.015521 0.734308
vt 0.015540 0.734297
vt 0.015502 0.734282
vt 0.014973 0.734381
vt 0.014935 0.734363
vt 0.014965 0.734358
vt 0.014942 0.734388
vt 0.014932 0.734340
vt 0.014960 0.734336
vt 0.014986 0.734330
vt 0.014991 0.734345
vt 0.014983 0.734402
vt 0.014950 0.734409
vt 0.014928 0.734307
vt 0.014936 0.734324
vt 0.014951 0.734321
vt 0.015524 0.734275
vt 0.015092 0.734306
vt 0.015063 0.734293
vt 0.015122 0.734321
vt 0.015059 0.734314
vt 0.015127 0.734352
vt 0.015093 0.734332
vt 0.015052 0.734248
vt 0.015049 0.734266
vt 0.015225 0.734178
vt 0.015242 0.734143
vt 0.015242 0.734181
vt 0.015224 0.734138
vt 0.014992 0.734423
vt 0.014959 0.734428
vt 0.014999 0.734367
vt 0.015007 0.734390
vt 0.014999 0.734444
vt 0.014967 0.734447
vt 0.015547 0.734362
vt 0.015015 0.734415
vt 0.015020 0.734438
vt 0.015030 0.734430
vt 0.015028 0.734381
vt 0.015035 0.734405
vt 0.015024 0.734353
vt 0.015048 0.734381
vt 0.015013 0.734333
vt 0.014980 0.734296
vt 0.014991 0.734315
vt 0.014979 0.734311
vt 0.014964 0.734311
vt 0.014952 0.734300
vt 0.015009 0.734310
vt 0.014982 0.734323
vt 0.015647 0.734192
vt 0.015636 0.734191
vt 0.015641 0.734186
vt 0.015659 0.734187
vt 0.015663 0.734192
vt 0.015649 0.734187
vt 0.015644 0.734172
vt 0.015650 0.734172
vt 0.015031 0.734318
vt 0.015027 0.734329
vt 0.014968 0.734326
vt 0.047240 0.733305
vt 0.015043 0.734284
vt 0.015037 0.734302
vt 0.015861 0.734043
vt 0.015872 0.734043
vt 0.015861 0.734022
vt 0.014906 0.734273
vt 0.014908 0.734321
vt 0.014961 0.734319
vt 0.015240 0.734248
vt 0.015233 0.734242
vt 0.015238 0.734242
vt 0.015232 0.734247
vt 0.015228 0.734240
vt 0.015224 0.734245
vt 0.015025 0.734289
vt 0.015877 0.734028
vt 0.015054 0.734497
vt 0.015050 0.734470
vt 0.015031 0.734504
vt 0.015039 0.734479
vt 0.015026 0.734460
vt 0.015035 0.734452
vt 0.015017 0.734485
vt 0.015007 0.734465
vt 0.014982 0.734484
vt 0.014974 0.734466
vt 0.015558 0.734154
vt 0.015145 0.734413
vt 0.015151 0.734435
vt 0.015127 0.734410
vt 0.015133 0.734430
vt 0.015095 0.734437
vt 0.015085 0.734418
vt 0.015140 0.734455
vt 0.015128 0.734447
vt 0.015111 0.734467
vt 0.015104 0.734454
vt 0.015233 0.734515
vt 0.015223 0.734542
vt 0.015219 0.734517
vt 0.015237 0.734567
vt 0.015223 0.734570
vt 0.015237 0.734540
vt 0.015210 0.734547
vt 0.015077 0.734470
vt 0.015051 0.734460
vt 0.015078 0.734458
vt 0.015045 0.734430
vt 0.015060 0.734449
vt 0.015035 0.734442
vt 0.015135 0.734071
vt 0.015212 0.734003
vt 0.015221 0.734046
vt 0.015211 0.734076
vt 0.015175 0.734072
vt 0.015139 0.734093
vt 0.015207 0.734100
vt 0.015175 0.734096
vt 0.015171 0.734118
vt 0.015135 0.734115
vt 0.015203 0.734120
vt 0.015228 0.734104
vt 0.015222 0.734118
vt 0.015238 0.734079
vt 0.015230 0.734085
vt 0.015229 0.734013
vt 0.015162 0.734138
vt 0.015127 0.734137
vt 0.015163 0.734398
vt 0.015163 0.734418
vt 0.015134 0.734387
vt 0.015153 0.734369
vt 0.015148 0.734420
vt 0.015112 0.734391
vt 0.015088 0.734354
vt 0.015575 0.734373
vt 0.015585 0.734396
vt 0.015554 0.734388
vt 0.015561 0.734411
vt 0.015595 0.734418
vt 0.015568 0.734433
vt 0.015605 0.734441
vt 0.015587 0.733739
vt 0.015568 0.733774
vt 0.015554 0.733757
vt 0.015603 0.733755
vt 0.015535 0.733806
vt 0.015551 0.733826
vt 0.015525 0.733790
vt 0.015575 0.734456
vt 0.015237 0.734043
vt 0.015245 0.734076
vt 0.015239 0.734105
vt 0.015246 0.734104
vt 0.015735 0.733697
vt 0.015738 0.733675
vt 0.015743 0.733698
vt 0.015742 0.733729
vt 0.015729 0.733678
vt 0.015173 0.734444
vt 0.015173 0.734417
vt 0.015182 0.734438
vt 0.015185 0.734428
vt 0.015236 0.734487
vt 0.015221 0.734476
vt 0.015236 0.734443
vt 0.015229 0.734511
vt 0.015228 0.734489
vt 0.015222 0.734442
vt 0.015194 0.734491
vt 0.015210 0.734471
vt 0.015220 0.734507
vt 0.015207 0.734498
vt 0.015163 0.734445
vt 0.015137 0.734422
vt 0.015093 0.734392
vt 0.015057 0.734370
vt 0.015074 0.734364
vt 0.015111 0.734393
vt 0.015075 0.734399
vt 0.015040 0.734409
vt 0.015201 0.734457
vt 0.015197 0.734420
vt 0.015212 0.734439
vt 0.015211 0.734414
vt 0.015199 0.734385
vt 0.015209 0.734393
vt 0.015223 0.734412
vt 0.015236 0.734597
vt 0.015222 0.734594
vt 0.015211 0.734574
vt 0.015214 0.734591
vt 0.015156 0.734466
vt 0.015234 0.734408
vt 0.015218 0.734387
vt 0.015232 0.734384
vt 0.015185 0.734472
vt 0.015043 0.734342
vt 0.015053 0.734331
vt 0.015059 0.734391
vt 0.015234 0.733999
vt 0.015217 0.733955
vt 0.015626 0.733748
vt 0.014984 0.734315
vt 0.014979 0.734320
vt 0.014970 0.734322
vt 0.015228 0.734298
vt 0.015235 0.734300
vt 0.015226 0.734311
vt 0.015230 0.734289
vt 0.015235 0.734286
vt 0.015235 0.734314
vt 0.015242 0.734197
vt 0.015245 0.734181
vt 0.015245 0.734195
vt 0.015241 0.734183
vt 0.015242 0.734206
vt 0.015245 0.734209
vt 0.015224 0.734298
vt 0.015227 0.734285
vt 0.015232 0.734282
vt 0.015246 0.734141
vt 0.015242 0.734144
vt 0.015243 0.734138
vt 0.015246 0.734146
vt 0.015652 0.734157
vt 0.015648 0.734161
vt 0.015659 0.734157
vt 0.015657 0.734161
vt 0.015654 0.734152
vt 0.015236 0.734228
vt 0.015231 0.734227
vt 0.015240 0.734228
vt 0.015235 0.734216
vt 0.015238 0.734214
vt 0.015658 0.734172
vt 0.015228 0.733840
vt 0.046873 0.733139
vt 0.046873 0.733094
vt 0.046877 0.733116
vt 0.046865 0.733160
vt 0.046869 0.733067
vt 0.015172 0.733736
vt 0.015128 0.733680
vt 0.015207 0.733762
vt 0.015745 0.733932
vt 0.015575 0.734566
vt 0.015606 0.734576
vt 0.047300 0.733620
vt 0.203324 0.861308
vt 0.203317 0.861334
vt 0.203308 0.861314
vt 0.203334 0.861330
vt 0.203300 0.861339
vt 0.203293 0.861323
vt 0.203282 0.861312
vt 0.203309 0.861292
vt 0.203338 0.861304
vt 0.203349 0.861327
vt 0.203357 0.861247
vt 0.203343 0.861243
vt 0.203345 0.861236
vt 0.203343 0.861256
vt 0.203342 0.861250
vt 0.203331 0.861226
vt 0.203339 0.861217
vt 0.203349 0.861232
vt 0.203284 0.861345
vt 0.203267 0.861346
vt 0.203279 0.861334
vt 0.203263 0.861341
vt 0.203291 0.861231
vt 0.203272 0.861253
vt 0.203274 0.861228
vt 0.203299 0.861210
vt 0.203309 0.861234
vt 0.203283 0.861204
vt 0.203312 0.861193
vt 0.203315 0.861217
vt 0.203298 0.861186
vt 0.203326 0.861239
vt 0.203326 0.861204
vt 0.203339 0.861355
vt 0.203271 0.861326
vt 0.203304 0.861358
vt 0.203260 0.861225
vt 0.203269 0.861201
vt 0.203258 0.861252
vt 0.170066 0.860375
vt 0.170054 0.860381
vt 0.170064 0.860369
vt 0.170083 0.860382
vt 0.170067 0.860382
vt 0.170058 0.860370
vt 0.170081 0.860369
vt 0.203328 0.861185
vt 0.203339 0.861197
vt 0.203348 0.861212
vt 0.203190 0.861536
vt 0.203196 0.861508
vt 0.203204 0.861525
vt 0.203185 0.861487
vt 0.203208 0.861496
vt 0.203182 0.861519
vt 0.203173 0.861543
vt 0.203166 0.861527
vt 0.203295 0.861300
vt 0.203263 0.861322
vt 0.203270 0.861307
vt 0.202564 0.861564
vt 0.202580 0.861557
vt 0.202581 0.861563
vt 0.202580 0.861569
vt 0.202577 0.861552
vt 0.202572 0.861549
vt 0.202565 0.861547
vt 0.202558 0.861548
vt 0.202575 0.861574
vt 0.202552 0.861551
vt 0.202548 0.861556
vt 0.202546 0.861562
vt 0.202547 0.861568
vt 0.202556 0.861576
vt 0.202551 0.861573
vt 0.203258 0.861340
vt 0.203170 0.861497
vt 0.203142 0.861483
vt 0.203157 0.861473
vt 0.203155 0.861506
vt 0.203128 0.861492
vt 0.203149 0.861532
vt 0.203139 0.861513
vt 0.203354 0.861229
vt 0.203172 0.861464
vt 0.203125 0.861519
vt 0.203106 0.861510
vt 0.203115 0.861502
vt 0.203133 0.861534
vt 0.202411 0.861544
vt 0.202408 0.861537
vt 0.202411 0.861538
vt 0.202406 0.861541
vt 0.202415 0.861545
vt 0.203198 0.861477
vt 0.203186 0.861457
vt 0.203198 0.861451
vt 0.203208 0.861468
vt 0.202531 0.861569
vt 0.202529 0.861558
vt 0.202518 0.861567
vt 0.202515 0.861551
vt 0.202533 0.861546
vt 0.202418 0.861538
vt 0.202420 0.861543
vt 0.202414 0.861538
vt 0.202413 0.861560
vt 0.203143 0.861451
vt 0.203159 0.861443
vt 0.203174 0.861437
vt 0.203189 0.861435
vt 0.203116 0.861473
vt 0.203106 0.861486
vt 0.203129 0.861461
vt 0.202423 0.861561
vt 0.202432 0.861556
vt 0.203113 0.861522
vt 0.202433 0.861574
vt 0.202424 0.861538
vt 0.202445 0.861568
vt 0.202438 0.861547
vt 0.202455 0.861556
vt 0.202460 0.861577
vt 0.202520 0.861535
vt 0.202541 0.861537
vt 0.203148 0.861426
vt 0.203164 0.861422
vt 0.203106 0.861458
vt 0.203132 0.861434
vt 0.202442 0.861535
vt 0.202523 0.861508
vt 0.202531 0.861522
vt 0.202509 0.861524
vt 0.203118 0.861444
vt 0.202478 0.861540
vt 0.202472 0.861561
vt 0.202495 0.861541
vt 0.202488 0.861565
vt 0.202460 0.861538
vt 0.202478 0.861517
vt 0.202552 0.861531
vt 0.169220 0.860561
vt 0.169208 0.860551
vt 0.169222 0.860555
vt 0.169214 0.860562
vt 0.169222 0.860548
vt 0.169239 0.860546
vt 0.169239 0.860559
vt 0.202543 0.861497
vt 0.202518 0.861494
vt 0.202540 0.861483
vt 0.202547 0.861514
vt 0.202566 0.861511
vt 0.202516 0.861483
vt 0.202539 0.861471
vt 0.202565 0.861468
vt 0.202566 0.861494
vt 0.202509 0.861541
vt 0.202502 0.861565
vt 0.202460 0.861519
vt 0.202566 0.861529
vt 0.202495 0.861515
vt 0.202442 0.861522
vt 0.202472 0.861495
vt 0.202424 0.861518
vt 0.202438 0.861509
vt 0.202455 0.861502
vt 0.202578 0.861532
vt 0.202566 0.861479
vt 0.202591 0.861473
vt 0.169220 0.860542
vt 0.202584 0.861515
vt 0.202591 0.861485
vt 0.202509 0.861514
vt 0.202488 0.861491
vt 0.202475 0.861472
vt 0.202432 0.861499
vt 0.202445 0.861487
vt 0.202588 0.861499
vt 0.202589 0.861539
vt 0.202611 0.861498
vt 0.202599 0.861525
vt 0.202502 0.861489
vt 0.202460 0.861478
vt 0.169214 0.860540
vt 0.202445 0.861468
vt 0.202607 0.861511
vt 0.202433 0.861479
vt 0.202420 0.861513
vt 0.202423 0.861493
vt 0.202596 0.861549
vt 0.203281 0.860743
vt 0.203279 0.860725
vt 0.203298 0.860746
vt 0.203278 0.860701
vt 0.203297 0.860727
vt 0.203316 0.860744
vt 0.203296 0.860702
vt 0.203315 0.860726
vt 0.203314 0.860702
vt 0.203331 0.860723
vt 0.203263 0.860721
vt 0.203262 0.860699
vt 0.203296 0.860675
vt 0.203314 0.860676
vt 0.202415 0.861510
vt 0.202413 0.861493
vt 0.202609 0.861539
vt 0.202598 0.861560
vt 0.203331 0.860677
vt 0.203331 0.860701
vt 0.202418 0.861517
vt 0.202414 0.861516
vt 0.202411 0.861510
vt 0.203346 0.860698
vt 0.203346 0.860716
vt 0.203346 0.860679
vt 0.203249 0.860676
vt 0.203262 0.860675
vt 0.203278 0.860675
vt 0.203297 0.860649
vt 0.203250 0.860658
vt 0.203263 0.860653
vt 0.202411 0.861516
vt 0.202407 0.861516
vt 0.203346 0.860660
vt 0.203315 0.860650
vt 0.202419 0.861478
vt 0.202611 0.861555
vt 0.203331 0.860654
vt 0.203249 0.860696
vt 0.203333 0.860637
vt 0.203298 0.860628
vt 0.203316 0.860630
vt 0.203279 0.860649
vt 0.203281 0.860629
vt 0.203347 0.861261
vt 0.203342 0.861279
vt 0.203334 0.861274
vt 0.203351 0.861264
vt 0.203331 0.861292
vt 0.203319 0.861285
vt 0.202406 0.861512
vt 0.203281 0.861382
vt 0.203302 0.861376
vt 0.203297 0.861391
vt 0.203265 0.861374
vt 0.203268 0.861371
vt 0.203275 0.861389
vt 0.203265 0.861367
vt 0.203270 0.861365
vt 0.203285 0.861372
vt 0.203287 0.861401
vt 0.203320 0.861379
vt 0.203313 0.861398
vt 0.203328 0.861264
vt 0.203321 0.861357
vt 0.203286 0.861359
vt 0.203311 0.861271
vt 0.203304 0.861292
vt 0.203294 0.861275
vt 0.203289 0.861254
vt 0.203307 0.861253
vt 0.203325 0.861252
vt 0.203337 0.861380
vt 0.203329 0.861401
vt 0.203352 0.861379
vt 0.203277 0.861277
vt 0.203354 0.861354
vt 0.203263 0.861277
vt 0.170067 0.860389
vt 0.169208 0.860539
vt 0.169211 0.860540
vt 0.170062 0.860391
vt 0.169204 0.860540
vt 0.203261 0.861346
vt 0.169211 0.860562
vt 0.169208 0.860561
vt 0.169204 0.860561
vt 0.202688 0.861481
vt 0.202708 0.861505
vt 0.202693 0.861505
vt 0.202703 0.861484
vt 0.202671 0.861482
vt 0.203353 0.861581
vt 0.203368 0.861590
vt 0.203364 0.861595
vt 0.203370 0.861583
vt 0.203370 0.861576
vt 0.203367 0.861570
vt 0.203362 0.861565
vt 0.203348 0.861563
vt 0.203355 0.861562
vt 0.203357 0.861598
vt 0.203351 0.861599
vt 0.203344 0.861596
vt 0.203339 0.861591
vt 0.203336 0.861585
vt 0.203335 0.861578
vt 0.203338 0.861571
vt 0.203342 0.861566
vt 0.203289 0.861059
vt 0.203277 0.861054
vt 0.203285 0.861040
vt 0.203280 0.861035
vt 0.202637 0.861490
vt 0.202659 0.861508
vt 0.202641 0.861511
vt 0.202621 0.861499
vt 0.202631 0.861475
vt 0.202647 0.861468
vt 0.202625 0.861516
vt 0.202662 0.861534
vt 0.202644 0.861534
vt 0.202617 0.861486
vt 0.202677 0.861506
vt 0.202654 0.861485
vt 0.202696 0.861530
vt 0.202679 0.861532
vt 0.203270 0.861067
vt 0.203287 0.861074
vt 0.203267 0.861045
vt 0.203306 0.861074
vt 0.203366 0.861628
vt 0.203362 0.861614
vt 0.203383 0.861620
vt 0.203374 0.861608
vt 0.203265 0.861077
vt 0.203286 0.861086
vt 0.170088 0.860066
vt 0.170082 0.860063
vt 0.170092 0.860048
vt 0.170086 0.860083
vt 0.170081 0.860055
vt 0.203396 0.861605
vt 0.203383 0.861598
vt 0.203402 0.861587
vt 0.203387 0.861585
vt 0.203257 0.861540
vt 0.203238 0.861519
vt 0.203255 0.861521
vt 0.203222 0.861515
vt 0.203237 0.861495
vt 0.203239 0.861538
vt 0.203254 0.861495
vt 0.203275 0.861539
vt 0.203305 0.861510
vt 0.203291 0.861533
vt 0.203290 0.861516
vt 0.203273 0.861520
vt 0.203306 0.861524
vt 0.203289 0.861494
vt 0.203304 0.861492
vt 0.203272 0.861495
vt 0.203256 0.861053
vt 0.203278 0.861028
vt 0.203262 0.861032
vt 0.203278 0.861021
vt 0.203284 0.861032
vt 0.203262 0.861018
vt 0.203249 0.861035
vt 0.203208 0.861508
vt 0.203221 0.861493
vt 0.203208 0.861490
vt 0.203221 0.861469
vt 0.203237 0.861468
vt 0.203208 0.861471
vt 0.203254 0.861468
vt 0.203272 0.861469
vt 0.203289 0.861470
vt 0.203249 0.861016
vt 0.203386 0.861571
vt 0.203400 0.861567
vt 0.203304 0.861473
vt 0.203284 0.861027
vt 0.203284 0.861022
vt 0.203380 0.861559
vt 0.203280 0.861014
vt 0.203284 0.861017
vt 0.203222 0.861446
vt 0.203238 0.861443
vt 0.203255 0.861442
vt 0.203208 0.861452
vt 0.203290 0.861448
vt 0.203305 0.861455
vt 0.203273 0.861444
vt 0.203267 0.861005
vt 0.203256 0.860998
vt 0.203392 0.861550
vt 0.203285 0.861009
vt 0.203277 0.860995
vt 0.203370 0.861550
vt 0.203384 0.861526
vt 0.203402 0.861542
vt 0.203239 0.861424
vt 0.203257 0.861422
vt 0.203291 0.861431
vt 0.203306 0.861441
vt 0.203275 0.861425
vt 0.203289 0.860990
vt 0.203378 0.861537
vt 0.203270 0.860984
vt 0.203358 0.861545
vt 0.203360 0.861530
vt 0.203331 0.860884
vt 0.203316 0.860862
vt 0.203333 0.860868
vt 0.203314 0.860880
vt 0.203331 0.860905
vt 0.203314 0.860904
vt 0.203262 0.860906
vt 0.203250 0.860891
vt 0.203263 0.860884
vt 0.203249 0.860908
vt 0.203278 0.860904
vt 0.203262 0.860929
vt 0.203249 0.860927
vt 0.203345 0.861546
vt 0.170082 0.860033
vt 0.170088 0.860030
vt 0.170081 0.860041
vt 0.170099 0.860013
vt 0.170095 0.860030
vt 0.203346 0.860927
vt 0.203331 0.860929
vt 0.203346 0.860890
vt 0.203346 0.860908
vt 0.203314 0.860930
vt 0.203297 0.860879
vt 0.203296 0.860930
vt 0.203296 0.860903
vt 0.203279 0.860880
vt 0.203306 0.860976
vt 0.203302 0.860990
vt 0.203287 0.860976
vt 0.203278 0.860930
vt 0.203342 0.861531
vt 0.203314 0.860995
vt 0.203305 0.861009
vt 0.203323 0.860984
vt 0.203333 0.861552
vt 0.203325 0.861540
vt 0.203279 0.860954
vt 0.203297 0.860955
vt 0.203263 0.860951
vt 0.203250 0.860945
vt 0.170102 0.860033
vt 0.203346 0.860945
vt 0.203331 0.860950
vt 0.203314 0.860954
vt 0.170086 0.860014
vt 0.203281 0.860973
vt 0.203264 0.860967
vt 0.203336 0.860997
vt 0.203324 0.861005
vt 0.203310 0.861014
vt 0.203298 0.860975
vt 0.203346 0.860992
vt 0.203324 0.861562
vt 0.203312 0.861554
vt 0.203316 0.860973
vt 0.170102 0.860040
vt 0.203330 0.860975
vt 0.203319 0.861575
vt 0.203331 0.860768
vt 0.203346 0.860792
vt 0.203330 0.860790
vt 0.203314 0.860765
vt 0.203332 0.860751
vt 0.203313 0.860789
vt 0.203295 0.860789
vt 0.203346 0.860774
vt 0.203315 0.860746
vt 0.203343 0.861015
vt 0.203329 0.861018
vt 0.203312 0.861021
vt 0.203347 0.860760
vt 0.203306 0.861573
vt 0.203278 0.860766
vt 0.203296 0.860764
vt 0.203278 0.860791
vt 0.203263 0.860771
vt 0.203296 0.860817
vt 0.203278 0.860817
vt 0.203314 0.860816
vt 0.203343 0.861035
vt 0.203329 0.861031
vt 0.203320 0.861589
vt 0.203307 0.861592
vt 0.203331 0.860814
vt 0.203249 0.860777
vt 0.203262 0.860793
vt 0.203249 0.860796
vt 0.203263 0.860817
vt 0.203249 0.860815
vt 0.203312 0.861028
vt 0.203305 0.861017
vt 0.203306 0.861022
vt 0.203306 0.861027
vt 0.203346 0.860811
vt 0.203297 0.860843
vt 0.203280 0.860842
vt 0.203264 0.860839
vt 0.203251 0.860833
vt 0.203324 0.861044
vt 0.203310 0.861035
vt 0.203306 0.861032
vt 0.203347 0.860829
vt 0.203332 0.860836
vt 0.203315 0.860841
vt 0.203326 0.861601
vt 0.203316 0.861610
vt 0.203300 0.860862
vt 0.203282 0.860861
vt 0.203266 0.860856
vt 0.203336 0.861611
vt 0.203305 0.861040
vt 0.203314 0.861054
vt 0.203323 0.861067
vt 0.203336 0.861053
vt 0.203330 0.861077
vt 0.203330 0.861623
vt 0.203309 0.861086
vt 0.203302 0.861059
vt 0.203349 0.861615
vt 0.202677 0.861578
vt 0.202659 0.861578
vt 0.202679 0.861558
vt 0.202644 0.861556
vt 0.202662 0.861558
vt 0.203346 0.861060
vt 0.202641 0.861574
vt 0.202627 0.861552
vt 0.202613 0.861534
vt 0.202627 0.861534
vt 0.202625 0.861567
vt 0.202710 0.861550
vt 0.202696 0.861555
vt 0.202710 0.861528
vt 0.202613 0.861546
vt 0.202611 0.861520
vt 0.170095 0.860066
vt 0.170099 0.860083
vt 0.170102 0.860063
vt 0.170103 0.860050
vt 0.170103 0.860045
vt 0.170102 0.860055
vt 0.170081 0.860046
vt 0.170081 0.860050
s 1
f 1/1/1 2/2/2 3/3/3
f 2/2/2 1/1/1 4/4/4
f 2/2/2 5/5/5 6/6/6
f 3/3/3 7/7/7 1/1/1
f 3/3/3 6/6/6 8/8/8
f 4/4/4 9/9/9 2/2/2
f 10/10/10 11/11/11 12/12/12
f 11/11/11 13/13/13 12/12/12
f 11/11/11 10/10/10 14/14/14
f 14/14/14 15/15/15 16/16/16
f 14/14/14 17/17/17 15/15/15
f 14/14/14 18/18/18 17/17/17
f 19/19/19 20/20/20 21/21/21
f 19/19/19 22/22/22 23/23/23
f 20/20/20 19/19/19 24/24/24
f 21/21/21 20/20/20 25/25/25
f 25/25/25 26/26/26 27/27/27
f 28/28/28 29/29/29 16/16/16
f 28/28/28 30/30/30 31/31/31
f 29/29/29 28/28/28 32/32/32
f 29/29/29 32/32/32 33/33/33
f 16/16/16 34/34/34 28/28/28
f 32/32/32 28/28/28 31/31/31
f 35/35/35 36/36/36 37/37/37
f 35/35/35 38/38/38 39/39/39
f 35/35/35 37/37/37 40/40/40
f 36/36/36 35/35/35 41/41/41
f 37/37/37 42/42/42 40/40/40
f 41/41/41 39/39/39 43/43/43
f 44/44/44 45/45/45 46/46/46
f 45/45/45 44/44/44 47/47/47
f 45/45/45 48/48/48 46/46/46
f 47/47/49 49/49/50 50/50/51
f 47/47/49 50/50/51 51/45/52
f 38/38/38 35/35/35 40/40/40
f 38/38/38 52/51/53 53/52/54
f 39/39/39 38/38/38 54/53/55
f 39/39/39 41/41/41 35/35/35
f 40/40/40 42/42/42 55/54/56
f 40/40/40 55/54/56 52/51/53
f 56/55/57 43/43/43 39/39/39
f 56/55/57 39/39/39 54/53/55
f 54/53/55 53/52/54 57/56/58
f 54/53/55 38/38/38 53/52/54
f 58/57/59 59/58/60 60/59/61
f 58/57/59 61/60/62 59/58/60
f 58/57/59 62/61/63 63/62/64
f 60/59/61 64/63/65 62/61/63
f 65/64/66 66/65/67 67/66/68
f 65/64/66 60/59/61 59/58/60
f 65/64/66 68/67/69 60/59/61
f 69/68/70 70/69/71 71/70/72
f 69/68/70 72/71/73 73/72/74
f 69/68/70 73/72/74 74/73/75
f 69/68/70 75/74/76 76/75/77
f 75/74/76 69/68/70 74/73/75
f 75/74/76 77/76/78 78/77/79
f 75/74/76 79/78/80 80/79/81
f 76/75/77 75/74/76 80/79/81
f 76/75/77 81/80/82 70/69/71
f 74/73/75 73/72/74 77/76/78
f 78/77/79 82/81/83 83/82/84
f 78/77/79 79/78/80 75/74/76
f 79/78/80 84/83/85 80/79/81
f 79/78/80 78/77/79 85/84/86
f 86/85/87 87/86/88 88/87/89
f 86/85/87 89/88/90 90/89/91
f 87/86/88 86/85/87 90/89/91
f 88/87/89 91/90/92 86/85/87
f 92/91/93 93/92/94 94/93/95
f 92/91/93 95/94/96 96/95/97
f 93/92/94 97/96/98 98/97/99
f 94/93/95 99/98/100 95/94/96
f 100/99/101 94/93/95 93/92/94
f 100/99/101 101/100/102 94/93/95
f 100/99/101 102/101/103 103/102/104
f 100/99/101 98/97/99 102/101/103
f 101/100/102 104/103/105 99/98/100
f 101/100/102 100/99/101 103/102/104
f 91/90/92 88/87/89 105/104/106
f 91/90/92 106/105/107 86/85/87
f 105/104/106 107/106/108 91/90/92
f 108/107/109 109/108/110 110/109/111
f 108/107/109 110/109/111 111/110/112
f 108/107/109 112/111/113 113/112/114
f 112/111/113 114/113/115 115/114/116
f 112/111/113 108/107/109 116/115/117
f 113/112/114 109/108/110 108/107/109
f 113/112/114 115/114/116 117/116/118
f 116/115/117 118/117/119 112/111/113
f 116/115/117 111/110/112 119/118/120
f 118/117/119 116/115/117 120/119/121
f 120/119/121 116/115/117 119/118/120
f 120/119/121 119/118/120 121/120/122
f 122/121/123 114/113/115 123/122/124
f 114/113/115 112/111/113 118/117/119
f 114/113/115 122/121/123 115/114/116
f 123/122/124 124/123/125 122/121/123
f 115/114/116 113/112/114 112/111/113
f 77/76/78 75/74/76 74/73/75
f 63/62/64 125/124/126 58/57/59
f 125/124/126 126/125/127 127/126/128
f 125/124/126 63/62/64 128/127/129
f 128/127/129 126/125/127 125/124/126
f 128/127/129 129/128/130 126/125/127
f 126/125/127 129/128/130 130/129/131
f 126/125/127 130/129/131 131/130/132
f 127/126/128 132/131/133 133/132/134
f 127/126/128 61/60/62 125/124/126
f 61/60/62 134/133/135 59/58/60
f 61/60/62 135/134/136 136/135/137
f 61/60/62 127/126/128 137/136/138
f 61/60/62 58/57/59 125/124/126
f 138/137/139 139/138/140 140/139/141
f 138/137/139 141/140/142 142/141/143
f 138/137/139 143/142/144 141/140/142
f 139/138/140 138/137/139 144/143/145
f 140/139/141 145/144/146 138/137/139
f 143/142/144 146/145/147 141/140/142
f 143/142/144 147/146/148 148/147/149
f 143/142/144 138/137/139 145/144/146
f 145/144/146 149/148/150 147/146/148
f 145/144/146 147/146/148 143/142/144
f 146/145/147 98/97/99 150/149/151
f 146/145/147 143/142/144 148/147/149
f 146/145/147 148/147/149 102/101/103
f 151/150/152 152/151/153 153/152/154
f 151/150/152 154/153/155 155/154/156
f 152/151/153 151/150/152 156/155/157
f 153/152/154 157/156/158 154/153/155
f 137/136/138 133/132/134 158/157/159
f 137/136/138 127/126/128 133/132/134
f 159/158/160 160/159/161 9/9/9
f 160/159/161 159/158/160 161/160/162
f 160/159/161 67/66/68 162/161/163
f 9/9/9 160/159/161 162/161/163
f 9/9/9 4/4/4 159/158/160
f 161/160/162 68/67/69 160/159/161
f 163/162/164 164/163/165 165/164/166
f 163/162/164 8/8/8 166/165/167
f 8/8/8 167/166/168 3/3/3
f 8/8/8 163/162/164 168/167/169
f 166/165/167 8/8/8 6/6/6
f 166/165/167 6/6/6 169/168/170
f 166/165/167 170/169/171 163/162/164
f 171/170/172 172/171/173 173/172/174
f 172/171/173 171/170/172 174/173/175
f 173/172/174 172/171/173 175/174/176
f 175/174/176 176/175/177 177/176/178
f 149/148/150 178/177/179 179/178/180
f 149/148/150 180/179/181 147/146/148
f 178/177/179 181/180/182 182/181/183
f 178/177/179 149/148/150 145/144/146
f 178/177/179 145/144/146 140/139/141
f 179/178/180 182/181/183 31/31/31
f 179/178/180 183/182/184 149/148/150
f 179/178/180 184/183/185 183/182/184
f 31/31/31 184/183/185 179/178/180
f 31/31/31 30/30/30 184/183/185
f 31/31/31 182/181/183 32/32/32
f 182/181/183 179/178/180 178/177/179
f 182/181/183 185/184/186 32/32/32
f 26/26/26 186/185/187 187/186/188
f 26/26/26 187/186/188 171/170/172
f 26/26/26 171/170/172 27/27/27
f 26/26/26 25/25/25 20/20/20
f 27/27/27 171/170/172 173/172/174
f 13/13/13 11/11/11 188/187/189
f 189/188/190 22/22/22 190/189/191
f 22/22/22 191/190/192 23/23/23
f 22/22/22 19/19/19 190/189/191
f 22/22/22 189/188/190 192/191/193
f 190/189/191 19/19/19 21/21/21
f 192/191/193 193/192/194 191/190/192
f 33/33/33 32/32/32 185/184/186
f 185/184/186 182/181/183 181/180/182
f 194/193/195 195/194/196 196/195/197
f 194/193/195 196/195/197 197/196/198
f 195/194/196 194/193/195 198/197/199
f 195/194/196 199/198/200 196/195/197
f 196/195/197 110/109/111 109/108/110
f 199/198/200 200/199/201 196/195/197
f 98/97/99 146/145/147 102/101/103
f 98/97/99 100/99/101 93/92/94
f 98/97/99 201/200/202 150/149/151
f 102/101/103 148/147/149 202/201/203
f 102/101/103 202/201/203 103/102/104
f 202/201/203 203/202/204 204/203/205
f 202/201/203 204/203/205 103/102/104
f 147/146/148 203/202/204 148/147/149
f 203/202/204 202/201/203 148/147/149
f 203/202/204 180/179/181 205/204/206
f 176/175/177 206/205/207 177/176/178
f 176/175/177 175/174/176 172/171/173
f 176/175/177 207/206/208 208/207/209
f 177/176/178 206/205/207 209/208/210
f 206/205/207 210/209/211 209/208/210
f 206/205/207 211/210/212 107/106/108
f 206/205/207 176/175/177 208/207/209
f 212/211/213 213/212/214 214/213/215
f 212/211/213 215/214/216 216/215/217
f 213/212/214 217/216/218 218/217/219
f 214/213/215 219/218/220 212/211/213
f 220/219/221 221/220/222 222/221/223
f 221/220/222 223/222/224 222/221/223
f 221/220/222 220/219/221 119/118/120
f 223/222/224 224/223/225 222/221/223
f 121/120/122 119/118/120 220/219/221
f 111/110/112 116/115/117 108/107/109
f 225/224/226 155/154/156 226/225/227
f 225/224/226 227/226/228 228/227/229
f 227/226/228 229/228/230 230/229/231
f 227/226/228 225/224/226 226/225/227
f 226/225/227 157/156/158 229/228/230
f 226/225/227 154/153/155 157/156/158
f 129/128/130 128/127/129 231/230/232
f 224/223/225 223/222/224 232/231/233
f 233/232/234 234/233/235 235/234/236
f 233/232/234 236/235/237 237/236/238
f 234/233/235 233/232/234 237/236/238
f 200/199/201 199/198/200 238/237/239
f 181/180/182 178/177/179 140/139/141
f 239/238/240 240/239/241 241/240/242
f 240/239/241 242/241/243 243/242/244
f 240/239/241 239/238/240 244/243/245
f 244/243/245 245/244/246 246/245/247
f 5/5/5 9/9/9 162/161/163
f 5/5/5 169/168/170 6/6/6
f 5/5/5 162/161/163 247/246/248
f 5/5/5 2/2/2 9/9/9
f 6/6/6 3/3/3 2/2/2
f 68/67/69 65/64/66 67/66/68
f 68/67/69 161/160/162 64/63/65
f 64/63/65 60/59/61 68/67/69
f 62/61/63 58/57/59 60/59/61
f 109/108/110 113/112/114 197/196/198
f 110/109/111 196/195/197 200/199/201
f 248/247/249 249/248/250 250/249/251
f 248/247/249 251/250/252 252/251/253
f 251/250/252 248/247/249 250/249/251
f 252/251/253 216/215/217 215/214/216
f 142/141/143 144/143/145 138/137/139
f 197/196/198 117/116/118 253/252/254
f 197/196/198 196/195/197 109/108/110
f 246/245/247 254/253/255 255/254/256
f 254/253/255 246/245/247 245/244/246
f 245/244/246 244/243/245 239/238/240
f 218/217/219 214/213/215 213/212/214
f 218/217/219 256/255/257 257/256/258
f 154/153/155 151/150/152 153/152/154
f 155/154/156 154/153/155 226/225/227
f 258/257/259 259/258/260 260/259/261
f 258/257/259 261/260/262 262/261/263
f 258/257/259 263/262/264 264/263/265
f 259/258/260 258/257/259 264/263/265
f 260/259/261 259/258/260 265/264/266
f 266/265/267 267/266/268 268/267/269
f 266/265/267 269/268/270 270/269/271
f 267/266/268 81/80/82 268/267/269
f 267/266/268 266/265/267 270/269/271
f 270/269/271 271/270/272 267/266/268
f 269/268/270 266/265/267 272/271/273
f 269/268/270 273/272/274 270/269/271
f 261/260/262 258/257/259 260/259/261
f 274/273/275 275/274/276 276/275/277
f 274/273/275 193/192/194 277/276/278
f 275/274/276 192/191/193 189/188/190
f 275/274/276 274/273/275 277/276/278
f 277/276/278 192/191/193 275/274/276
f 278/277/279 279/278/280 280/279/281
f 278/277/279 280/279/281 281/280/282
f 278/277/279 282/281/283 283/282/284
f 279/278/280 284/283/285 280/279/281
f 279/278/280 278/277/279 283/282/284
f 279/278/280 285/284/286 284/283/285
f 284/283/285 285/284/286 18/18/18
f 284/283/285 18/18/18 10/10/10
f 283/282/284 286/285/287 279/278/280
f 286/285/287 287/286/288 279/278/280
f 288/287/289 289/288/290 287/286/288
f 289/288/290 290/289/291 291/290/292
f 289/288/290 288/287/289 292/291/293
f 287/286/288 286/285/287 288/287/289
f 281/280/282 280/279/281 293/292/294
f 294/293/295 295/294/296 296/295/297
f 294/293/295 297/296/298 295/294/296
f 295/294/296 298/297/299 296/295/297
f 298/297/299 299/298/300 296/295/297
f 297/296/298 294/293/295 300/299/301
f 300/299/301 294/293/295 301/300/302
f 300/299/301 301/300/302 302/301/303
f 282/281/283 278/277/279 281/280/282
f 303/302/304 167/166/168 304/303/305
f 303/302/304 305/304/306 7/7/7
f 167/166/168 8/8/8 168/167/169
f 167/166/168 303/302/304 7/7/7
f 167/166/168 168/167/169 304/303/305
f 304/303/305 306/305/307 303/302/304
f 7/7/7 3/3/3 167/166/168
f 67/66/68 307/306/308 162/161/163
f 67/66/68 160/159/161 68/67/69
f 308/307/309 309/308/310 304/303/305
f 308/307/309 310/309/311 311/310/312
f 308/307/309 304/303/305 168/167/169
f 306/305/307 304/303/305 309/308/310
f 306/305/307 312/311/313 313/312/314
f 309/308/310 308/307/309 311/310/312
f 314/313/315 301/300/302 315/314/316
f 314/313/315 302/301/303 301/300/302
f 315/314/316 316/315/317 314/313/315
f 305/304/306 303/302/304 313/312/314
f 313/312/314 303/302/304 306/305/307
f 316/315/317 315/314/316 317/316/318
f 43/43/43 56/55/57 318/317/319
f 319/318/320 320/319/321 321/320/322
f 319/318/320 322/321/323 323/322/324
f 322/321/323 319/318/320 321/320/322
f 324/323/325 325/324/326 326/325/327
f 324/323/325 326/325/327 327/326/328
f 327/326/328 328/327/329 329/328/330
f 330/329/331 331/330/332 93/92/94
f 330/329/331 93/92/94 332/331/333
f 331/330/332 97/96/98 93/92/94
f 333/332/334 334/333/335 335/334/336
f 334/333/335 333/332/334 336/335/337
f 336/335/337 337/336/338 334/333/335
f 57/56/58 338/337/339 339/338/340
f 52/51/53 338/337/339 53/52/54
f 52/51/53 55/54/56 340/339/341
f 52/51/53 38/38/38 40/40/40
f 338/337/339 57/56/58 53/52/54
f 338/337/339 52/51/53 340/339/341
f 340/339/341 341/340/342 338/337/339
f 339/338/340 341/340/342 342/341/343
f 343/342/344 344/343/345 345/344/346
f 343/342/344 346/345/347 347/346/348
f 346/345/347 343/342/344 348/347/349
f 347/346/348 349/348/350 343/342/344
f 348/347/349 350/349/351 346/345/347
f 348/347/349 351/350/352 352/351/353
f 348/347/349 345/344/346 353/352/354
f 354/353/355 355/354/356 356/355/357
f 356/355/357 349/348/350 354/353/355
f 349/348/350 357/356/358 344/343/345
f 349/348/350 347/346/348 354/353/355
f 349/348/350 344/343/345 343/342/344
f 358/357/359 359/358/360 360/359/361
f 359/358/360 361/360/362 362/361/363
f 359/358/360 363/362/364 364/363/365
f 359/358/360 358/357/359 365/364/366
f 360/359/361 366/365/367 367/366/368
f 360/359/361 368/367/369 358/357/359
f 360/359/361 359/358/360 364/363/365
f 49/49/50 369/368/370 50/50/51
f 369/368/370 49/49/50 370/369/371
f 369/368/370 371/370/372 50/50/51
f 50/50/51 371/370/372 372/371/373
f 370/369/371 373/372/374 369/368/370
f 371/370/372 369/368/370 374/373/375
f 371/370/372 375/374/376 376/375/377
f 374/373/375 369/368/370 373/372/374
f 51/45/52 50/50/51 372/371/373
f 372/371/373 376/375/377 377/376/378
f 350/349/351 348/347/349 352/351/353
f 351/350/352 378/377/379 379/378/380
f 351/350/352 348/347/349 353/352/354
f 353/352/354 380/379/381 381/380/382
f 382/381/383 383/382/384 384/383/385
f 382/381/383 384/383/385 385/384/386
f 385/384/386 384/383/385 386/385/387
f 387/386/388 388/387/389 389/388/390
f 388/387/389 387/386/388 390/389/391
f 131/130/132 132/131/133 126/125/127
f 229/228/230 227/226/228 226/225/227
f 391/390/392 387/386/388 389/388/390
f 391/390/392 389/388/390 392/391/393
f 392/391/393 393/392/394 391/390/392
f 393/392/394 392/391/393 394/393/395
f 393/392/394 395/394/396 396/395/397
f 132/131/133 127/126/128 126/125/127
f 132/131/133 397/396/398 398/397/399
f 132/131/133 131/130/132 399/398/400
f 397/396/398 132/131/133 399/398/400
f 398/397/399 133/132/134 132/131/133
f 48/48/48 45/45/45 400/371/401
f 357/356/358 349/348/350 356/355/357
f 344/343/345 401/399/402 402/400/403
f 341/340/342 403/401/404 342/341/343
f 341/340/342 339/338/340 338/337/339
f 341/340/342 340/339/341 404/402/405
f 345/344/346 348/347/349 343/342/344
f 345/344/346 344/343/345 402/400/403
f 405/403/406 373/372/374 370/369/371
f 373/372/374 406/404/407 374/373/375
f 407/405/408 383/382/384 408/406/409
f 383/382/384 407/405/408 409/407/410
f 383/382/384 382/381/383 408/406/409
f 157/156/158 153/152/154 410/408/411
f 361/360/362 359/358/360 365/364/366
f 362/361/363 363/362/364 359/358/360
f 363/362/364 362/361/363 411/409/412
f 363/362/364 412/410/413 364/363/365
f 363/362/364 411/409/412 413/411/414
f 364/363/365 414/412/415 415/413/416
f 376/375/377 372/371/373 371/370/372
f 376/375/377 416/414/417 417/415/418
f 377/376/378 376/375/377 417/415/418
f 415/413/416 414/412/415 418/416/419
f 415/413/416 366/365/367 364/363/365
f 366/365/367 360/359/361 364/363/365
f 366/365/367 415/413/416 419/417/420
f 419/417/420 420/418/421 421/419/422
f 419/417/420 422/420/423 366/365/367
f 378/377/379 381/380/382 423/421/424
f 378/377/379 351/350/352 353/352/354
f 55/54/56 424/422/425 340/339/341
f 424/422/425 425/423/426 404/402/405
f 413/411/414 411/409/412 426/424/427
f 413/411/414 426/424/427 427/425/428
f 427/425/428 412/410/413 413/411/414
f 412/410/413 363/362/364 413/411/414
f 412/410/413 428/426/429 414/412/415
f 380/379/381 353/352/354 345/344/346
f 380/379/381 429/427/430 381/380/382
f 381/380/382 378/377/379 353/352/354
f 428/426/429 412/410/413 427/425/428
f 428/426/429 418/416/419 414/412/415
f 414/412/415 364/363/365 412/410/413
f 404/402/405 340/339/341 424/422/425
f 404/402/405 430/428/431 341/340/342
f 425/423/426 431/429/432 404/402/405
f 423/421/424 429/427/430 432/430/433
f 401/399/402 344/343/345 433/356/434
f 401/399/402 434/431/435 402/400/403
f 433/356/434 435/432/436 401/399/402
f 402/400/403 380/379/381 345/344/346
f 402/400/403 436/433/437 380/379/381
f 375/374/376 371/370/372 437/373/438
f 375/374/439 438/434/440 439/435/441
f 422/420/423 419/417/420 440/436/442
f 435/432/436 433/356/434 441/437/443
f 435/432/436 442/438/444 401/399/402
f 442/438/444 435/432/436 443/439/445
f 442/438/444 444/440/446 445/441/447
f 442/438/444 446/442/448 444/440/446
f 447/443/449 448/444/450 449/445/451
f 449/445/451 448/444/450 450/446/452
f 449/445/451 451/447/453 447/443/449
f 452/448/454 453/449/455 454/450/456
f 452/448/454 455/451/457 453/449/455
f 456/452/458 457/453/459 454/450/456
f 456/452/458 454/450/456 453/449/455
f 434/431/435 401/399/402 442/438/444
f 434/431/435 445/441/447 458/454/460
f 434/431/435 442/438/444 445/441/447
f 459/455/461 460/456/462 461/457/463
f 459/455/461 461/457/463 462/458/464
f 462/458/464 461/457/463 463/459/465
f 463/459/465 464/460/466 462/458/464
f 465/461/467 466/462/468 457/453/459
f 466/462/468 465/461/467 460/456/462
f 457/453/459 456/452/458 465/461/467
f 460/456/462 459/455/461 466/462/468
f 431/429/432 467/463/469 430/428/431
f 431/429/432 425/423/426 468/464/470
f 431/429/432 469/465/471 470/466/472
f 429/427/430 471/467/473 432/430/433
f 429/427/430 423/421/424 381/380/382
f 429/427/430 436/433/437 472/468/474
f 429/427/430 380/379/381 436/433/437
f 473/469/475 474/470/476 475/471/477
f 473/469/475 476/472/478 477/473/479
f 474/470/476 478/474/480 479/475/481
f 474/470/476 473/469/475 477/473/479
f 475/471/477 480/476/482 473/469/475
f 475/471/477 481/477/483 482/478/484
f 475/471/477 479/475/481 483/479/485
f 477/473/479 484/480/486 485/481/487
f 477/473/479 486/482/488 474/470/476
f 487/483/489 488/484/490 489/485/491
f 488/484/490 490/486/492 491/487/493
f 488/484/490 487/483/489 492/488/494
f 489/485/491 493/489/495 487/483/489
f 494/490/496 495/491/497 496/492/498
f 494/490/496 497/493/499 498/494/500
f 495/491/497 494/490/496 498/494/500
f 496/492/498 499/495/501 500/496/502
f 501/497/503 502/498/504 503/499/505
f 502/498/504 501/497/503 504/500/506
f 504/500/506 505/501/507 506/502/508
f 507/503/509 479/475/481 478/474/480
f 479/475/481 475/471/477 474/470/476
f 479/475/481 507/503/509 508/504/510
f 478/474/480 509/505/511 507/503/509
f 478/474/480 474/470/476 486/482/488
f 510/506/512 511/507/513 512/508/514
f 511/507/513 513/509/515 514/510/516
f 512/508/514 511/507/513 515/511/517
f 515/511/517 511/507/513 514/510/516
f 516/512/518 480/476/482 517/513/519
f 516/512/518 518/514/520 476/472/478
f 480/476/482 516/512/518 473/469/475
f 480/476/482 475/471/477 482/478/484
f 519/515/521 520/516/522 521/517/523
f 520/516/522 522/518/524 523/519/525
f 520/516/522 519/515/521 524/520/526
f 524/520/526 525/521/527 526/522/528
f 524/520/526 527/523/529 522/518/524
f 524/520/526 526/522/528 527/523/529
f 513/509/515 528/524/530 514/510/516
f 529/415/531 530/414/532 531/525/533
f 529/415/531 531/525/533 532/526/534
f 532/526/534 533/527/535 529/415/531
f 534/528/536 535/511/537 536/529/538
f 534/528/536 537/530/539 538/531/540
f 534/528/536 539/532/541 540/533/542
f 539/532/541 534/528/536 536/529/538
f 540/533/542 541/534/543 542/535/544
f 536/529/538 543/536/545 539/532/541
f 544/537/546 545/538/547 546/539/548
f 544/537/546 547/540/549 548/541/550
f 544/537/546 549/542/551 550/543/552
f 547/540/549 544/537/546 550/543/552
f 548/541/550 551/544/553 545/538/547
f 552/545/554 553/546/555 554/547/556
f 552/545/554 555/548/557 553/546/555
f 555/548/557 556/549/558 557/550/559
f 555/548/557 557/550/559 553/546/555
f 554/547/556 558/551/560 552/545/554
s 0
f 559/552/561 560/553/561 561/554/561
f 560/553/561 559/552/561 562/555/561
f 560/553/561 563/556/561 561/554/561
f 560/553/561 564/557/561 565/558/561
f 562/555/561 564/557/561 560/553/561
s 1
f 566/559/562 567/560/563 568/561/564
f 567/560/563 566/559/562 569/562/565
f 568/561/564 570/563/566 571/564/567
f 569/562/565 572/565/568 567/560/563
s 0
f 573/566/569 574/567/569 575/568/569
f 573/566/570 576/569/570 574/567/570
f 573/566/571 577/570/571 578/571/571
f 574/567/572 579/572/572 580/573/572
f 574/567/573 580/573/573 575/568/573
f 576/569/574 581/574/574 574/567/574
f 576/569/575 573/566/575 582/575/575
f 582/575/576 573/566/576 578/571/576
f 582/575/577 578/571/577 583/576/577
f 581/574/578 576/569/578 584/577/578
f 581/574/579 585/578/579 579/572/579
f 581/574/580 579/572/580 574/567/580
f 584/577/581 586/579/581 581/574/581
f 584/577/582 587/580/582 586/579/582
s 1
f 588/550/583 589/581/584 590/546/585
f 588/550/583 591/582/586 592/583/587
f 591/582/586 593/584/588 594/585/589
f 592/583/587 591/582/586 594/585/589
f 595/554/590 596/556/591 597/586/592
f 595/554/590 598/587/593 599/552/593
f 598/587/593 595/554/590 600/588/594
s 0
f 578/571/595 601/589/595 583/576/595
f 583/576/596 602/590/596 603/591/596
f 583/576/597 604/592/597 582/575/597
f 577/570/598 573/566/598 575/568/598
f 577/570/599 601/589/599 578/571/599
f 605/593/561 606/594/561 607/595/561
f 605/593/561 608/596/561 606/594/561
f 606/594/561 609/597/561 610/598/561
f 606/594/561 611/599/561 612/600/561
f 607/595/561 606/594/561 612/600/561
f 612/600/561 613/601/561 607/595/561
f 612/600/561 614/602/561 615/603/561
s 1
f 616/604/600 617/605/601 618/606/602
f 616/604/600 619/607/603 620/608/604
f 617/605/601 526/522/528 621/609/605
f 617/605/601 616/604/600 622/610/606
f 622/610/606 527/523/529 617/605/601
f 622/610/606 620/608/604 623/611/607
f 493/489/495 489/485/491 624/612/608
f 625/613/609 518/514/520 516/512/518
f 518/514/520 626/614/610 476/472/478
f 518/514/520 627/615/611 626/614/610
f 476/472/478 473/469/475 516/512/518
f 476/472/478 626/614/610 484/480/486
f 486/482/488 477/473/479 485/481/487
f 486/482/488 628/616/612 478/474/480
f 556/549/558 629/617/613 630/582/614
f 556/549/558 630/582/614 557/550/559
f 630/582/614 631/618/615 632/619/616
f 628/616/612 486/482/488 633/620/617
f 497/493/499 494/490/496 634/621/618
f 634/621/618 623/611/607 497/493/499
f 634/621/618 522/518/524 527/523/529
f 635/560/619 636/622/620 637/561/621
f 635/560/619 638/623/622 639/624/623
f 638/623/622 640/625/624 641/626/625
f 641/626/625 639/624/623 638/623/622
f 623/611/607 634/621/618 622/610/606
f 527/523/529 622/610/606 634/621/618
f 522/518/524 634/621/618 494/490/496
f 522/518/524 520/516/522 524/520/526
f 526/522/528 617/605/601 527/523/529
f 484/480/486 477/473/479 476/472/478
f 484/480/486 642/627/626 485/481/487
f 485/481/487 633/620/617 486/482/488
f 485/481/487 642/627/626 633/620/617
f 626/614/610 643/628/627 484/480/486
f 626/614/610 644/629/628 645/630/629
f 642/627/626 484/480/486 643/628/627
f 643/628/627 626/614/610 645/630/629
f 627/615/611 518/514/520 646/631/630
f 647/632/631 641/626/625 640/625/624
f 647/632/631 648/633/632 649/634/633
f 523/519/525 522/518/524 494/490/496
f 523/519/525 494/490/496 496/492/498
f 528/524/530 650/635/634 651/636/635
f 528/524/530 513/509/515 652/637/636
f 650/635/634 528/524/530 652/637/636
f 549/542/551 653/638/637 654/639/638
f 549/542/551 544/537/546 655/640/639
f 549/542/551 655/640/639 656/641/640
f 653/638/637 549/542/551 656/641/640
f 653/638/637 656/641/640 657/642/641
f 656/641/640 658/643/642 657/642/641
f 659/644/643 660/645/644 661/646/645
f 659/644/643 662/647/646 663/648/647
f 659/644/643 664/649/648 662/647/646
f 664/649/648 659/644/643 665/650/649
f 662/647/646 666/651/650 667/652/651
f 665/650/649 661/646/645 668/653/652
f 669/654/653 670/655/654 671/656/655
f 670/655/654 669/654/653 672/657/656
f 671/656/655 673/563/657 674/658/658
f 672/657/656 675/659/659 676/660/660
f 677/661/661 678/662/662 679/663/663
f 678/662/662 677/661/661 680/664/664
f 680/664/664 681/665/665 678/662/662
f 661/646/645 682/666/666 668/653/652
f 661/646/645 665/650/649 659/644/643
f 682/666/666 661/646/645 683/667/667
f 636/622/620 635/560/619 639/624/623
f 637/561/621 674/658/658 673/563/657
f 666/651/650 662/647/646 664/649/648
f 667/652/651 658/643/642 656/641/640
f 667/652/651 684/668/668 662/647/646
f 631/618/615 630/582/614 629/617/613
f 632/619/616 685/669/669 686/670/670
f 597/586/592 600/588/594 595/554/590
f 687/573/671 688/671/672 689/672/673
f 687/573/671 690/673/674 691/568/675
f 690/673/674 692/674/676 691/568/675
f 690/673/674 687/573/671 689/672/673
f 691/568/675 692/674/676 693/570/677
f 694/675/678 695/676/615 696/677/679
f 695/676/615 694/675/678 697/678/680
f 696/677/679 698/679/613 699/680/681
f 700/681/682 701/682/683 702/683/684
f 701/682/683 700/681/682 703/684/685
f 702/683/684 704/685/686 700/681/682
f 703/684/685 705/686/687 701/682/683
f 688/671/672 687/573/671 706/572/688
f 706/572/688 707/687/689 688/671/672
f 704/685/686 702/683/684 708/688/690
s 0
f 608/596/561 565/558/561 609/597/561
f 565/558/561 608/596/561 560/553/561
f 565/558/691 709/689/691 710/690/691
f 609/597/692 710/690/692 711/691/692
f 609/597/561 606/594/561 608/596/561
s 1
f 712/692/693 713/595/694 714/601/588
f 713/595/694 712/692/693 715/693/695
f 715/693/695 716/593/696 713/595/694
s 0
f 587/580/697 717/694/697 718/695/697
f 587/580/698 719/696/698 717/694/698
f 587/580/699 720/697/699 586/579/699
f 720/697/700 721/698/700 586/579/700
f 720/697/701 587/580/701 718/695/701
f 585/578/702 581/574/702 586/579/702
f 585/578/703 586/579/703 721/698/703
f 610/598/561 722/699/561 611/599/561
f 610/598/704 711/691/704 723/700/704
f 722/699/561 610/598/561 723/700/561
f 722/699/705 603/591/705 724/701/705
f 611/599/706 724/701/706 614/602/706
f 611/599/561 606/594/561 610/598/561
f 723/700/707 604/592/707 722/699/707
f 723/700/708 719/696/708 725/702/708
s 1
f 467/463/469 726/703/709 430/428/431
f 467/463/469 431/429/432 470/466/472
f 430/428/431 404/402/405 431/429/432
f 727/704/710 728/705/711 455/451/457
f 728/705/711 727/704/710 729/706/712
f 455/451/457 728/705/711 453/449/455
f 729/706/712 727/704/710 730/707/713
f 403/401/404 341/340/342 430/428/431
f 403/401/404 430/428/431 726/703/709
f 416/414/417 376/375/377 375/374/376
f 417/415/418 533/527/714 377/376/378
f 464/460/466 463/459/465 731/708/715
f 464/460/466 731/708/715 732/709/716
f 732/709/716 733/710/717 464/460/466
f 733/710/717 734/711/718 735/712/719
f 533/527/535 532/526/534 736/713/720
s 0
f 711/691/721 610/598/721 609/597/721
f 711/691/722 710/690/722 717/694/722
f 711/691/723 717/694/723 719/696/723
s 1
f 420/418/421 419/417/420 415/413/416
f 420/418/421 737/714/724 738/715/725
f 421/419/422 738/715/725 739/716/726
f 740/717/727 735/712/719 741/718/728
f 741/718/728 735/712/719 734/711/718
f 734/711/718 733/710/717 732/709/716
f 439/435/441 742/414/729 375/374/439
f 742/414/729 743/719/730 744/525/731
f 418/416/419 420/418/421 415/413/416
f 418/416/419 745/720/732 737/714/724
f 418/416/419 428/426/429 746/721/733
f 747/722/734 450/446/452 748/723/735
f 748/723/735 749/724/736 747/722/734
f 748/723/735 450/446/452 448/444/450
f 749/724/736 748/723/735 750/725/737
f 749/724/736 751/726/738 752/727/739
f 593/584/588 591/582/586 753/619/740
f 754/655/741 755/657/742 756/728/743
f 754/655/741 756/728/743 757/729/744
f 757/729/744 570/563/566 754/655/741
f 570/563/566 757/729/744 571/564/567
f 571/564/567 566/559/562 568/561/564
f 692/674/676 758/730/745 693/570/677
f 759/731/746 760/732/747 761/733/748
f 759/731/746 762/734/749 763/735/750
f 760/732/747 759/731/746 763/735/750
f 525/521/527 524/520/526 519/515/521
f 764/736/751 765/737/752 451/447/453
f 765/737/752 764/736/751 766/738/753
f 765/737/752 767/739/754 768/740/755
f 451/447/453 449/445/451 764/736/751
f 769/589/756 693/570/677 758/730/745
f 770/741/757 653/638/637 771/742/758
f 770/741/757 772/743/633 773/744/759
f 772/743/633 770/741/757 771/742/758
f 684/668/668 663/648/647 662/647/646
f 684/668/668 774/745/760 663/648/647
f 684/668/668 667/652/651 655/640/639
f 655/640/639 546/539/548 684/668/668
f 655/640/639 667/652/651 656/641/640
f 546/539/548 655/640/639 544/537/546
f 546/539/548 775/746/761 774/745/760
f 660/645/644 776/747/762 661/646/645
f 660/645/644 777/748/763 776/747/762
f 660/645/644 659/644/643 663/648/647
f 663/648/647 778/749/764 660/645/644
f 774/745/760 779/750/765 778/749/764
f 774/745/760 684/668/668 546/539/548
f 778/749/764 780/751/766 777/748/763
f 778/749/764 663/648/647 774/745/760
f 543/536/545 541/534/543 539/532/541
f 543/536/545 781/752/767 680/664/664
f 543/536/545 680/664/664 782/753/768
f 543/536/545 536/529/538 781/752/767
f 782/753/768 680/664/664 677/661/661
f 776/747/762 683/667/667 661/646/645
f 777/748/763 660/645/644 778/749/764
f 541/534/543 543/536/545 782/753/768
f 541/534/543 540/533/542 539/532/541
f 783/524/769 784/754/770 781/752/767
f 784/754/770 680/664/664 781/752/767
f 784/754/770 783/524/769 785/636/771
f 784/754/770 786/755/772 681/665/665
f 781/752/767 787/510/773 783/524/769
f 787/510/773 781/752/767 536/529/538
f 133/132/134 398/397/399 788/756/774
f 789/757/775 790/758/776 791/759/777
f 790/758/776 789/757/775 792/760/778
f 792/760/778 793/761/779 790/758/776
f 535/511/537 787/510/773 536/529/538
f 535/511/537 538/531/540 794/508/780
f 795/762/781 482/478/484 481/477/483
f 796/763/782 797/764/783 798/765/784
f 797/764/783 796/763/782 799/521/785
f 799/521/785 800/766/786 797/764/783
f 779/750/765 780/751/766 778/749/764
f 779/750/765 801/767/787 780/751/766
f 779/750/765 774/745/760 775/746/761
f 775/746/761 802/768/788 779/750/765
f 775/746/761 546/539/548 545/538/547
f 803/769/789 804/770/790 805/771/791
f 804/770/790 789/757/775 806/772/792
f 805/771/791 804/770/790 806/772/792
f 805/771/791 807/773/793 803/769/789
f 806/772/792 789/757/775 791/759/777
f 762/734/749 808/774/794 763/735/750
f 808/774/794 809/775/795 810/776/796
f 809/775/795 808/774/794 762/734/749
f 545/538/547 544/537/546 548/541/550
f 545/538/547 811/777/797 775/746/761
f 780/751/766 812/778/798 813/779/799
f 814/780/800 740/717/727 741/718/728
f 814/780/800 815/781/801 740/717/727
f 815/781/801 814/780/800 816/782/802
f 751/726/738 793/761/779 752/727/739
f 751/726/738 749/724/736 750/725/737
f 793/761/779 792/760/778 817/783/803
f 793/761/779 817/783/803 752/727/739
s 0
f 614/602/561 612/600/561 611/599/561
f 614/602/804 818/784/804 819/785/804
f 818/784/805 614/602/805 724/701/805
f 818/784/806 603/591/806 602/590/806
f 819/785/561 615/603/561 614/602/561
f 724/701/807 611/599/807 722/699/807
f 724/701/808 603/591/808 818/784/808
s 1
f 767/739/754 765/737/752 766/738/753
f 767/739/754 807/773/793 768/740/755
f 807/773/793 767/739/754 820/786/809
f 820/786/809 803/769/789 807/773/793
s 0
f 719/696/810 587/580/810 584/577/810
f 719/696/811 584/577/811 725/702/811
f 719/696/812 723/700/812 711/691/812
f 725/702/813 584/577/813 576/569/813
f 725/702/814 576/569/814 582/575/814
f 604/592/815 583/576/815 603/591/815
f 604/592/816 725/702/816 582/575/816
f 604/592/817 723/700/817 725/702/817
s 1
f 821/787/818 822/788/819 823/789/592
f 822/788/819 821/787/818 824/790/820
f 589/581/584 588/550/583 592/583/587
s 0
f 564/557/821 709/689/821 565/558/821
f 710/690/822 609/597/822 565/558/822
f 710/690/823 825/791/823 717/694/823
f 563/556/561 608/596/561 605/593/561
f 563/556/561 560/553/561 608/596/561
s 1
f 509/505/511 478/474/480 628/616/612
f 826/547/824 590/546/585 827/792/825
f 826/547/824 828/793/826 829/794/827
f 827/792/825 590/546/585 589/581/584
s 0
f 613/601/561 612/600/561 615/603/561
f 615/603/561 830/795/561 613/601/561
f 615/603/561 819/785/561 831/796/561
s 1
f 832/625/828 833/797/829 834/633/829
f 833/797/829 832/625/828 835/798/830
f 835/798/830 836/623/831 572/565/568
f 828/793/826 837/799/832 829/794/827
f 828/793/826 826/547/824 827/792/825
f 716/593/696 715/693/695 838/800/833
s 0
f 825/791/834 718/695/834 717/694/834
f 825/791/835 710/690/835 709/689/835
f 603/591/836 722/699/836 604/592/836
f 602/590/837 583/576/837 601/589/837
s 1
f 644/629/628 626/614/610 627/615/611
f 839/801/687 840/802/838 841/803/839
f 840/802/838 842/804/840 843/805/841
f 841/803/839 840/802/838 844/789/842
f 844/789/842 845/806/843 841/803/839
f 210/209/211 206/205/207 107/106/108
f 107/106/108 105/104/106 210/209/211
f 107/106/108 846/807/844 91/90/92
f 204/203/205 101/100/102 103/102/104
f 204/203/205 205/204/206 104/103/105
f 847/808/845 705/686/687 848/809/846
f 705/686/687 703/684/685 848/809/846
f 705/686/687 847/808/845 849/810/840
f 850/502/847 829/794/827 837/799/832
f 836/623/831 835/798/830 832/625/828
f 836/623/831 567/560/563 572/565/568
s 0
f 830/795/561 615/603/561 831/796/561
s 1
f 707/687/689 706/572/688 851/578/848
f 851/578/848 852/811/849 707/687/689
f 852/811/849 851/578/848 853/698/850
f 854/812/851 855/813/852 856/814/853
f 854/812/851 857/815/854 320/319/321
f 857/815/854 854/812/851 856/814/853
f 320/319/321 857/815/854 321/320/322
f 337/336/338 336/335/337 858/816/855
f 859/80/856 80/79/81 860/817/857
f 860/817/857 80/79/81 84/83/85
f 84/83/85 79/78/80 861/818/858
f 81/80/82 76/75/77 80/79/81
f 81/80/82 267/266/268 70/69/71
f 70/69/71 271/270/272 71/70/72
f 70/69/71 69/68/70 76/75/77
f 71/70/72 862/819/859 863/820/860
f 71/70/72 864/821/861 69/68/70
f 71/70/72 271/270/272 862/819/859
f 271/270/272 70/69/71 267/266/268
f 368/367/369 360/359/361 367/366/368
f 436/433/437 458/454/460 472/468/474
f 436/433/437 434/431/435 458/454/460
f 436/433/437 402/400/403 434/431/435
f 471/467/473 429/427/430 472/468/474
f 865/822/862 398/397/399 866/823/863
f 866/823/863 398/397/399 397/396/398
f 395/394/396 393/392/394 394/393/395
f 855/813/852 867/824/864 856/814/853
f 201/200/202 98/97/99 97/96/98
f 328/327/329 327/326/328 326/325/327
f 328/327/329 868/825/865 329/328/330
f 869/826/866 329/328/330 868/825/865
f 538/531/540 535/511/537 534/528/536
f 551/544/553 548/541/550 870/827/867
f 801/767/787 779/750/765 802/768/788
f 802/768/788 775/746/761 811/777/797
f 730/707/713 816/782/802 729/706/712
f 816/782/802 730/707/713 815/781/801
f 811/777/797 545/538/547 551/544/553
f 812/778/798 780/751/766 801/767/787
f 871/515/868 872/828/869 800/766/786
f 872/828/869 871/515/868 521/517/870
f 800/766/786 799/521/785 871/515/868
f 537/530/539 534/528/536 540/533/542
f 873/829/871 874/830/872 875/831/873
f 873/829/871 875/831/873 876/832/874
f 877/833/875 873/829/871 876/832/874
f 877/833/875 876/832/874 878/834/876
f 877/833/875 879/835/877 880/836/878
f 881/837/879 882/838/880 883/839/881
f 881/837/879 884/840/882 882/838/880
f 885/841/883 881/837/879 883/839/881
f 885/841/883 886/842/884 887/843/885
f 885/841/883 883/839/881 888/844/886
f 889/845/887 890/846/888 891/847/889
f 889/845/887 892/848/890 890/846/888
f 893/849/891 889/845/887 891/847/889
f 893/849/891 891/847/889 894/850/892
f 895/851/893 896/852/894 897/853/895
f 895/851/893 897/853/895 898/854/896
f 895/851/893 899/855/897 900/856/898
f 899/855/897 895/851/893 898/854/896
f 900/856/898 901/857/899 902/858/900
f 901/857/899 900/856/898 899/855/897
f 879/835/877 877/833/875 878/834/876
f 880/836/878 903/859/901 904/860/902
f 903/859/901 880/836/878 879/835/877
f 904/860/902 905/861/903 906/862/904
f 905/861/903 904/860/902 903/859/901
f 886/842/884 885/841/883 888/844/886
f 907/848/905 908/863/906 909/864/907
f 909/864/907 910/846/908 907/848/905
f 842/804/840 840/802/838 839/801/687
f 648/633/632 647/632/631 640/625/624
f 911/865/690 912/788/909 913/866/910
f 912/788/909 911/865/690 845/806/843
f 845/806/843 844/789/842 912/788/909
f 685/669/669 632/619/616 631/618/615
f 698/679/613 696/677/679 695/676/615
f 699/680/681 619/607/603 914/867/911
f 674/658/658 637/561/621 636/622/620
f 673/563/657 671/656/655 670/655/654
f 658/643/642 667/652/651 666/651/650
f 675/659/659 672/657/656 669/654/653
f 490/486/492 488/484/490 492/488/494
f 657/642/641 771/742/758 653/638/637
f 558/551/560 554/547/556 915/794/912
f 558/551/560 506/502/508 505/501/507
f 506/502/508 558/551/560 915/794/912
f 505/501/507 504/500/506 501/497/503
f 619/607/603 699/680/681 698/679/613
f 619/607/603 616/604/600 914/867/911
f 620/608/604 622/610/606 616/604/600
f 786/755/772 784/754/770 785/636/771
f 681/665/665 680/664/664 784/754/770
f 499/495/501 496/492/498 495/491/497
f 446/442/448 442/438/444 443/439/445
f 738/715/725 421/419/422 420/418/421
f 469/465/471 431/429/432 468/464/470
f 743/719/730 742/414/729 439/435/441
f 745/720/732 418/416/419 746/721/733
f 737/714/724 420/418/421 418/416/419
f 916/868/913 917/869/914 918/870/915
f 917/869/914 919/871/916 920/872/917
f 917/869/914 916/868/913 921/873/918
f 917/869/914 922/874/919 918/870/915
f 922/874/919 917/869/914 923/875/920
f 921/873/918 924/876/921 917/869/914
f 919/871/916 917/869/914 924/876/921
f 920/872/917 923/875/920 917/869/914
f 925/877/922 926/878/923 927/879/924
f 925/877/922 928/880/925 929/881/926
f 926/878/923 925/877/922 929/881/926
f 926/878/923 929/881/926 930/882/927
f 929/881/926 931/883/928 932/884/929
f 933/885/930 934/886/931 935/887/932
f 934/886/931 933/885/930 936/888/933
f 934/886/931 937/889/934 935/887/932
f 934/886/931 938/890/935 939/891/936
f 936/888/933 938/890/935 934/886/931
f 936/888/933 940/892/937 938/890/935
f 937/889/934 934/886/931 939/891/936
f 939/891/936 941/893/938 937/889/934
f 942/894/939 943/895/940 944/896/941
f 942/894/939 928/880/925 925/877/922
f 942/894/939 925/877/922 945/897/942
f 945/897/942 925/877/922 927/879/924
f 946/898/943 947/899/944 948/900/945
f 946/898/943 949/901/946 950/902/947
f 949/901/946 951/903/948 950/902/947
f 949/901/946 946/898/943 952/904/949
f 953/905/950 954/906/951 955/907/952
f 953/905/950 956/908/953 954/906/951
f 956/908/953 957/909/954 954/906/951
f 954/906/951 958/910/955 959/911/956
f 955/907/952 959/911/956 960/912/957
f 961/913/958 962/914/959 963/915/960
f 962/914/959 964/916/961 965/917/962
f 962/914/959 961/913/958 964/916/961
f 963/915/960 966/918/963 967/919/964
f 964/916/961 968/920/965 965/917/962
f 969/913/966 970/921/967 971/916/968
f 970/921/967 969/913/966 972/922/969
f 971/916/968 970/921/967 973/923/970
f 974/920/970 971/916/968 973/923/970
f 975/924/971 976/925/972 938/890/935
f 975/924/971 940/892/937 977/926/973
f 975/924/971 978/927/974 976/925/972
f 978/927/974 979/928/975 980/929/976
f 978/927/974 975/924/971 979/928/975
f 976/925/972 981/930/977 982/931/978
f 977/926/973 979/928/975 975/924/971
f 977/926/973 983/932/979 979/928/975
f 983/932/979 984/933/980 979/928/975
f 983/932/979 985/934/981 986/935/982
f 984/933/980 983/932/979 987/936/983
f 984/933/980 980/929/976 979/928/975
f 987/936/983 986/935/982 988/937/984
f 980/929/976 984/933/980 989/938/985
f 990/939/986 991/940/987 992/941/988
f 990/939/986 992/941/988 993/942/989
f 993/942/989 994/943/990 995/944/991
f 991/940/987 996/945/992 992/941/988
f 996/945/992 997/946/993 992/941/988
f 996/945/992 991/940/987 998/947/994
f 999/943/995 992/941/988 997/946/993
f 999/943/995 1000/948/996 1001/949/997
f 994/943/990 993/942/989 992/941/988
f 995/944/991 1002/949/998 1003/950/999
f 1004/951/1000 1005/952/977 1006/953/1001
f 1005/952/977 1004/951/1000 1007/954/1002
f 1006/953/1001 1008/955/1003 1009/956/1004
f 1006/953/1001 1010/957/1005 1011/958/1006
f 1006/953/1001 1012/959/1007 1004/951/1000
f 1007/954/1002 1013/960/1008 1014/961/1009
f 981/930/977 976/925/972 978/927/974
f 982/931/978 1015/962/1010 976/925/972
f 1016/963/1011 1005/952/977 1017/964/974
f 1008/955/1003 1005/952/977 1016/963/1011
f 1008/955/1003 1006/953/1001 1005/952/977
f 1008/955/1003 1018/965/1012 1019/966/1013
f 1020/967/1014 1021/968/1015 1022/969/1016
f 1020/967/1014 1023/970/1017 1024/971/1018
f 1020/967/1014 1025/972/1019 1026/973/1020
f 1021/968/1015 1027/974/1021 1028/975/1022
f 1021/968/1015 1020/967/1014 1029/976/1023
f 1022/969/1016 1028/975/1022 1030/977/1024
f 1029/976/1023 1031/978/1025 1032/979/1026
f 1028/975/1022 1022/969/1016 1021/968/1015
f 1030/977/1024 1023/970/1017 1022/969/1016
f 1023/970/1017 1033/980/1027 1024/971/1018
f 1023/970/1017 1034/981/1028 1035/982/1029
f 1023/970/1017 1030/977/1024 1036/983/1030
f 1023/970/1017 1020/967/1014 1022/969/1016
f 985/934/981 983/932/979 977/926/973
f 985/934/981 977/926/973 1037/984/1031
f 986/935/982 987/936/983 983/932/979
f 1038/985/1032 1039/986/1033 1040/987/1034
f 1038/985/1032 1041/988/1035 1042/989/1036
f 1038/985/1032 1042/989/1036 1043/990/1037
f 1039/986/1033 1038/985/1032 1044/991/1038
f 1040/987/1034 1041/988/1035 1038/985/1032
f 1044/991/1038 1043/990/1037 1026/973/1020
f 1044/991/1038 1025/972/1019 1045/992/1039
f 1044/991/1038 1046/993/1040 1039/986/1033
f 1046/993/1040 1044/991/1038 1045/992/1039
f 1045/992/1039 1047/994/1041 1046/993/1040
f 988/937/984 1048/995/1042 987/936/983
f 1043/990/1037 1029/976/1023 1026/973/1020
f 1043/990/1037 1044/991/1038 1038/985/1032
f 1043/990/1037 1031/978/1025 1029/976/1023
f 1026/973/1020 1029/976/1023 1020/967/1014
f 1025/972/1019 1020/967/1014 1024/971/1018
f 1025/972/1019 1049/996/1043 1045/992/1039
f 1025/972/1019 1050/997/1044 1051/998/1045
f 1025/972/1019 1044/991/1038 1026/973/1020
f 1052/999/1046 1053/1000/1047 1054/1001/1048
f 1053/1000/1047 1052/999/1046 1055/1002/1049
f 1054/1001/1048 1056/1003/1050 1057/1004/1051
f 1058/1005/1052 1059/1006/1053 1060/1007/1054
f 1058/1005/1052 1061/1008/1055 1062/1009/1056
f 1058/1005/1052 1063/1010/1057 1061/1008/1055
f 1059/1006/1053 1010/957/1005 1064/1011/1058
f 1059/1006/1053 1058/1005/1052 1062/1009/1056
f 1062/1009/1056 1011/958/1006 1059/1006/1053
f 1065/1012/1058 1056/1003/1050 1053/1000/1047
f 1065/1012/1058 1053/1000/1047 1066/1013/1059
f 1056/1003/1050 1054/1001/1048 1053/1000/1047
f 1067/1014/1060 1068/1015/1061 1069/1016/1062
f 1068/1015/1061 1067/1014/1060 1070/1017/1063
f 1068/1015/1061 1071/1018/1064 1069/1016/1062
f 1070/1017/1063 1072/1019/1065 1073/1020/1066
f 1074/1017/1067 1075/1020/1068 1076/1021/1069
f 1074/1017/1067 1077/1022/1070 1078/1015/1071
f 1077/1022/1070 1074/1017/1067 1076/1021/1069
f 1078/1015/1071 1077/1022/1070 1079/1023/1072
f 1079/1023/1072 1080/1024/1072 1078/1015/1071
f 1071/1018/1064 1068/1015/1061 1081/1024/1064
f 1082/1025/1073 1083/1026/1074 1084/1027/1075
f 1083/1026/1074 1085/1028/1076 1084/1027/1075
f 1083/1026/1074 1082/1025/1073 1086/1029/1077
f 1083/1026/1074 1087/1030/1078 1085/1028/1076
f 1084/1027/1075 1088/1031/1079 1089/1032/1080
f 1084/1027/1075 1085/1028/1076 1088/1031/1079
f 1084/1027/1075 1090/1033/1081 1091/1034/1082
f 1086/1029/1077 1092/1035/1083 1093/1036/1084
f 1086/1029/1077 1093/1036/1084 1083/1026/1074
f 1090/1033/1081 1084/1027/1075 1089/1032/1080
f 1091/1034/1082 1082/1025/1073 1084/1027/1075
f 1094/1037/1085 1095/1038/1086 1096/1039/1087
f 1094/1037/1085 1096/1039/1087 1097/1040/1088
f 1096/1039/1087 1095/1038/1086 928/880/925
f 1098/1041/1089 1097/1040/1088 1096/1039/1087
f 1098/1041/1089 1099/1042/1090 1100/1043/1091
f 1101/1044/1092 1102/1045/1093 1103/1046/1094
f 1102/1045/1093 1104/1047/1095 958/910/955
f 1102/1045/1093 1105/1048/1096 1104/1047/1095
f 1102/1045/1093 1101/1044/1092 1105/1048/1096
f 1103/1046/1094 1102/1045/1093 957/909/954
f 1105/1048/1096 1106/1049/1097 1104/1047/1095
f 1095/1038/1086 1107/1050/1098 1108/1051/1099
f 1095/1038/1086 1094/1037/1085 1109/1052/1100
f 1110/1053/1101 1111/1054/1102 1112/1055/1103
f 1110/1053/1101 1113/1056/1104 1061/1008/1055
f 1111/1054/1102 1114/1057/1105 1112/1055/1103
f 1112/1055/1103 1115/1058/1106 1113/1056/1104
f 1114/1057/1105 1116/1059/1107 1112/1055/1103
f 1117/1060/1108 1118/1061/1109 1119/1062/1110
f 1117/1060/1108 1120/1063/1101 1121/1064/1111
f 1120/1063/1101 1117/1060/1108 1122/1065/1102
f 1121/1064/1111 1123/1066/1112 1118/1061/1109
f 1121/1064/1111 1124/1067/1113 1125/1068/1114
f 1108/1051/1099 928/880/925 1095/1038/1086
f 1108/1051/1099 1107/1050/1098 1126/1069/1115
f 1108/1051/1099 1126/1069/1115 1127/1070/1116
f 1127/1070/1116 931/883/928 1108/1051/1099
f 1107/1050/1098 1095/1038/1086 1109/1052/1100
f 1128/1071/1117 1129/1072/1118 1130/1073/1119
f 1128/1071/1117 1131/1074/1120 1132/1075/1121
f 1131/1074/1120 1128/1071/1117 1133/1076/1122
f 1132/1075/1121 1134/1077/1123 1128/1071/1117
f 941/893/938 939/891/936 1135/1078/1124
f 1135/1078/1124 1015/962/1010 1136/1079/1125
f 1137/1080/1126 1115/1058/1106 1116/1059/1107
f 1137/1080/1126 1138/1081/1127 1139/1082/1128
f 1137/1080/1126 1139/1082/1128 1140/1083/1129
f 1138/1081/1127 1116/1059/1107 1141/1084/1130
f 1140/1083/1129 1013/960/1008 1137/1080/1126
f 1142/1085/1131 1143/1086/1132 1144/1087/1133
f 1142/1085/1131 1145/1088/1134 1146/1089/1135
f 1143/1086/1132 1142/1085/1131 1147/1090/1136
f 1147/1090/1136 1148/1091/1137 1149/1092/1138
f 1147/1090/1136 1150/1093/1139 1143/1086/1132
f 1147/1090/1136 1151/1094/1140 1150/1093/1139
f 1152/1095/1141 1153/1096/1142 1154/1097/1143
f 1152/1095/1141 1148/1091/1137 1155/1098/1144
f 1152/1095/1141 1154/1097/1143 1156/1099/1145
f 1153/1096/1142 1155/1098/1144 1157/1100/1146
f 1156/1099/1145 1149/1092/1138 1152/1095/1141
f 1115/1058/1106 1013/960/1008 1004/951/1000
f 1115/1058/1106 1112/1055/1103 1116/1059/1107
f 1115/1058/1106 1137/1080/1126 1013/960/1008
f 1113/1056/1104 1110/1053/1101 1112/1055/1103
f 1113/1056/1104 1012/959/1007 1062/1009/1056
f 1116/1059/1107 1138/1081/1127 1137/1080/1126
f 1116/1059/1107 1114/1057/1105 1141/1084/1130
f 1013/960/1008 1140/1083/1129 1014/961/1009
f 1013/960/1008 1007/954/1002 1004/951/1000
f 1012/959/1007 1115/1058/1106 1004/951/1000
f 1012/959/1007 1006/953/1001 1011/958/1006
f 1012/959/1007 1113/1056/1104 1115/1058/1106
f 1124/1067/1113 1121/1064/1111 1120/1063/1101
f 1125/1068/1114 1158/1101/1147 1121/1064/1111
f 1061/1008/1055 1113/1056/1104 1062/1009/1056
f 1063/1010/1057 1159/1102/1148 1160/1103/1149
f 1063/1010/1057 1058/1005/1052 1161/1104/1150
f 1162/1105/1151 1042/989/1036 1041/988/1035
f 1042/989/1036 1163/1106/1152 1031/978/1025
f 1042/989/1036 1162/1105/1151 1164/1107/1153
f 1041/988/1035 1040/987/1034 1165/1108/1154
f 1164/1107/1153 1166/1109/1155 1163/1106/1152
f 1164/1107/1153 1167/1110/1156 1168/1111/1157
f 1164/1107/1153 1163/1106/1152 1042/989/1036
f 1163/1106/1152 1166/1109/1155 1169/1112/1158
f 1163/1106/1152 1169/1112/1158 1170/1113/1159
f 1031/978/1025 1170/1113/1159 1032/979/1026
f 1031/978/1025 1043/990/1037 1042/989/1036
f 1171/1114/1160 1172/1115/1161 1173/1116/1151
f 1171/1114/1160 936/888/933 1172/1115/1161
f 1171/1114/1160 940/892/937 936/888/933
f 1171/1114/1160 1174/1117/1162 1037/984/1031
f 940/892/937 975/924/971 938/890/935
f 940/892/937 1171/1114/1160 1037/984/1031
f 1037/984/1031 977/926/973 940/892/937
f 1174/1117/1162 1171/1114/1160 1173/1116/1151
f 1170/1113/1159 1175/1118/1163 1176/1119/1164
f 1170/1113/1159 1031/978/1025 1163/1106/1152
f 1032/979/1026 1021/968/1015 1029/976/1023
f 1032/979/1026 1176/1119/1164 1027/974/1021
f 1032/979/1026 1170/1113/1159 1176/1119/1164
f 1027/974/1021 1177/1120/1165 1178/1121/1166
f 1027/974/1021 1179/1122/1167 1028/975/1022
f 1027/974/1021 1021/968/1015 1032/979/1026
f 1015/962/1010 1135/1078/1124 939/891/936
f 1015/962/1010 982/931/978 1136/1079/1125
f 938/890/935 1015/962/1010 939/891/936
f 938/890/935 976/925/972 1015/962/1010
f 1180/1123/1168 1181/1124/1169 1182/1125/1170
f 1180/1123/1168 1183/1126/1171 1184/1127/1172
f 1180/1123/1168 1185/1128/1173 1183/1126/1171
f 1185/1128/1173 1180/1123/1168 1186/1129/1174
f 1185/1128/1173 1186/1129/1174 1187/1130/1175
f 1186/1129/1174 1180/1123/1168 1182/1125/1170
f 1186/1129/1174 1188/1131/1176 1189/1132/1177
f 1190/1133/1178 1186/1129/1174 1182/1125/1170
f 1188/1131/1176 1186/1129/1174 1190/1133/1178
f 1188/1131/1176 1191/1134/1179 1189/1132/1177
f 1188/1131/1176 1192/1135/1180 1191/1134/1179
f 1189/1132/1177 1187/1130/1175 1186/1129/1174
f 1189/1132/1177 1193/1136/1181 1187/1130/1175
f 1187/1130/1175 1194/1137/1182 1195/1128/1183
f 1196/1138/1184 1197/1139/1185 1198/1140/1186
f 1197/1139/1185 1159/1102/1148 1199/1141/1187
f 1197/1139/1185 1196/1138/1184 1200/1142/1188
f 1198/1140/1186 1201/1143/1189 1196/1138/1184
f 1198/1140/1186 1197/1139/1185 1199/1141/1187
f 1200/1142/1188 1160/1103/1149 1197/1139/1185
f 1202/1144/1190 1198/1140/1186 1199/1141/1187
f 1202/1144/1190 1203/1145/1191 1198/1140/1186
f 1203/1145/1191 1202/1144/1190 1204/1146/1192
f 1204/1146/1192 1205/1147/1193 1206/1148/1194
f 1201/1143/1189 1198/1140/1186 1207/1145/1195
f 1207/1145/1195 1208/1149/1196 1201/1143/1189
f 1209/1150/1197 1210/1151/1198 1211/1152/1199
f 1210/1151/1198 1209/1150/1197 1212/1153/1200
f 1210/1151/1198 1213/1154/1201 1214/1155/1202
f 1211/1152/1199 1210/1151/1198 1215/1156/1203
f 1212/1153/1200 1213/1154/1201 1210/1151/1198
f 1212/1153/1200 1216/1157/1204 1217/1158/1205
f 1213/1154/1201 1212/1153/1200 1218/1159/1206
f 1218/1159/1206 1212/1153/1200 1217/1158/1205
f 1219/1160/1207 1220/1161/1208 1221/1162/1209
f 1219/1160/1207 1222/1163/1210 1215/1156/1203
f 1219/1160/1207 1210/1151/1198 1214/1155/1202
f 1215/1156/1203 1210/1151/1198 1219/1160/1207
f 1223/1164/1211 1224/1165/1212 1225/1166/1213
f 1223/1164/1211 1226/1167/1214 1227/1168/1215
f 1223/1164/1211 1227/1168/1215 1228/1169/1216
f 1226/1167/1214 1223/1164/1211 1229/1170/1217
f 1226/1167/1214 1229/1170/1217 1230/1171/1218
f 1231/1172/1219 1232/1173/1220 1229/1170/1217
f 1231/1172/1219 1229/1170/1217 1225/1166/1213
f 1225/1166/1213 1229/1170/1217 1223/1164/1211
f 1232/1173/1220 1230/1171/1218 1229/1170/1217
f 1232/1173/1220 1233/1174/1221 1230/1171/1218
f 1232/1173/1220 1231/1172/1219 1234/1175/1222
f 1234/1175/1222 1184/1127/1172 1232/1173/1220
f 1235/1176/1179 1236/1177/1223 1237/1178/1224
f 1235/1176/1179 1238/1179/1225 1239/1180/1226
f 1238/1179/1225 1235/1176/1179 1240/1181/1227
f 1239/1180/1226 1236/1177/1223 1235/1176/1179
f 1239/1180/1226 1241/1182/1228 1236/1177/1223
f 1237/1178/1224 1236/1177/1223 1242/1183/1229
f 1193/1136/1181 1189/1132/1177 1191/1134/1179
f 1243/1184/1230 1244/1185/1231 1245/1186/1232
f 1243/1184/1230 1246/1187/1233 1247/1188/1234
f 1244/1185/1231 1248/1189/1235 1249/1190/1236
f 1244/1185/1231 1243/1184/1230 1248/1189/1235
f 1250/1191/1237 1251/1184/1238 1252/1192/1239
f 1251/1184/1238 1250/1191/1237 1253/1189/1240
f 1252/1192/1239 1254/1188/1241 1255/1193/1242
f 1253/1189/1240 1256/1194/1243 1257/1195/1243
f 1253/1189/1240 1250/1191/1237 1256/1194/1243
f 1249/1190/1236 1248/1189/1235 1258/1195/1244
f 1259/1196/1245 1260/1197/1246 1261/1148/1247
f 1259/1196/1245 1262/1198/1248 1260/1197/1246
f 1262/1198/1248 1259/1196/1245 1263/1199/1249
f 1264/1200/1183 1265/1196/1250 1266/1201/1251
f 1265/1196/1250 1205/1147/1193 1266/1201/1251
f 1265/1196/1250 1264/1200/1183 1263/1199/1252
f 1194/1137/1182 1187/1130/1175 1193/1136/1181
f 1267/1202/1253 1242/1183/1229 1236/1177/1223
f 1268/1203/1254 1222/1163/1210 1221/1162/1209
f 1268/1203/1254 1221/1162/1209 1269/1204/1255
f 1268/1203/1254 1270/1205/1256 1271/1206/1257
f 1270/1205/1256 1268/1203/1254 1269/1204/1255
f 1269/1204/1255 1220/1161/1208 1272/1207/1258
f 1273/1208/1258 1241/1182/1228 1274/1209/1259
f 1241/1182/1228 1275/1179/1260 1276/1210/1261
f 1241/1182/1228 1267/1202/1253 1236/1177/1223
f 1241/1182/1228 1273/1208/1258 1267/1202/1253
f 1275/1179/1260 1241/1182/1228 1239/1180/1226
f 1277/1211/1262 1278/1212/1263 1279/1213/1264
f 1278/1212/1263 1277/1211/1262 1280/1214/1265
f 1278/1212/1263 1281/1215/1266 1279/1213/1264
f 1281/1215/1266 1278/1212/1263 1282/1216/1267
f 1280/1214/1265 1283/1217/1268 1278/1212/1263
f 1283/1217/1268 1284/1218/1269 1278/1212/1263
f 1284/1218/1269 1282/1216/1267 1278/1212/1263
f 1284/1218/1269 1283/1217/1268 1285/1219/1270
f 1286/1220/1271 1287/1221/1272 1288/1222/1273
f 1286/1220/1271 1289/1223/1274 1290/1224/1275
f 1286/1220/1271 1291/1225/1276 1287/1221/1272
f 1287/1221/1272 1292/1226/1277 1288/1222/1273
f 1287/1221/1272 1291/1225/1276 1293/1227/1278
f 1287/1221/1272 1293/1227/1278 1294/1228/1279
f 1292/1226/1277 1287/1221/1272 1295/1229/1280
f 1291/1225/1276 1286/1220/1271 1296/1230/1281
f 1296/1230/1281 1290/1224/1275 1297/1231/1282
f 1295/1229/1280 1287/1221/1272 1294/1228/1279
f 1298/1232/1283 1299/1233/1284 1300/1234/1285
f 1299/1233/1284 1298/1232/1283 1301/1235/1286
f 1300/1234/1285 1302/1236/1287 1303/1237/1288
f 1301/1235/1286 1304/1238/1289 1305/1239/1290
f 1301/1235/1286 1305/1239/1290 1299/1233/1284
f 1306/1233/1291 1307/1240/1292 1308/1234/1293
f 1306/1233/1291 1309/1239/1294 1310/1241/1291
f 1307/1240/1292 1306/1233/1291 1310/1241/1291
f 1308/1234/1293 1307/1240/1292 1311/1242/1295
f 1312/1236/1296 1308/1234/1293 1311/1242/1295
f 1303/1237/1288 1298/1232/1283 1300/1234/1285
f 1313/1243/1297 1314/1244/1298 1315/1245/1299
f 1314/1244/1298 1313/1243/1297 1316/1246/1300
f 1316/1246/1300 1317/1247/1301 1314/1244/1298
f 1316/1246/1300 1318/1248/1302 1317/1247/1301
f 1319/1244/1303 1320/1249/1304 1315/1245/1305
f 1319/1244/1303 1321/1247/1306 1322/1250/1307
f 1320/1249/1304 1319/1244/1303 1322/1250/1307
f 1323/1251/1304 1324/1252/1308 1325/1253/1309
f 1324/1252/1308 1323/1251/1304 1326/1254/1310
f 1325/1253/1309 1324/1252/1308 1327/1255/1311
f 1326/1254/1310 1328/1256/1312 1324/1252/1308
f 1329/1257/1297 1325/1253/1309 1327/1255/1311
f 1327/1255/1311 1324/1252/1308 1330/1256/1313
f 1331/1258/1314 1332/1256/1314 1333/1259/1315
f 1332/1256/1314 1334/1260/1316 1333/1259/1315
f 1330/1256/1313 1335/1258/1317 1327/1255/1311
f 1328/1256/1312 1326/1254/1310 1336/1261/1318
f 1336/1261/1081 1337/1262/1319 1338/1256/1320
f 1338/1256/1320 1337/1262/1319 1339/1260/1321
f 1340/1263/1322 1341/1264/1323 1342/1265/1324
f 1341/1264/1323 1340/1263/1322 1343/1266/1325
f 1342/1265/1326 1344/1267/1327 1345/1268/916
f 1343/1266/1325 1346/1269/1328 1341/1264/1323
f 1347/1264/1329 1346/1269/1328 1348/1270/1330
f 1347/1264/1329 1344/1267/1327 1342/1265/1326
f 1344/1267/1327 1347/1264/1329 1348/1270/1330
f 1345/1268/916 1349/1271/921 1342/1265/1326
f 1350/1272/1331 1351/1273/1324 921/873/918
f 1351/1273/1324 924/876/921 921/873/918
f 1352/1274/1332 1353/1275/1333 1354/1276/1334
f 1352/1274/1332 1355/1277/1335 1356/1278/1336
f 1352/1274/1332 1354/1276/1334 1357/1279/1337
f 1354/1276/1334 1358/1280/1338 1357/1279/1337
f 1358/1280/1338 1354/1276/1334 1359/1281/1339
f 1353/1275/1333 1352/1274/1332 1360/1282/1340
f 1360/1282/1340 1356/1278/1336 1361/1283/1341
f 1362/873/1342 1363/868/1343 1364/1284/1344
f 1364/1284/1344 1365/1272/1345 1362/873/1342
f 1359/1281/1339 1354/1276/1334 1366/1285/1346
f 1367/1286/1347 1368/1287/1348 1369/1288/1349
f 1368/1287/1348 1367/1286/1347 1370/1289/1350
f 1369/1288/1349 1371/1290/1351 1372/1291/1352
f 1370/1289/1350 1373/1292/1353 1374/1293/1354
f 1370/1289/1350 1374/1293/1354 1368/1287/1348
f 1375/1287/1355 1376/1294/1356 1377/1288/1357
f 1375/1287/1355 1378/1295/1358 1376/1294/1356
f 1377/1288/1357 1376/1294/1356 1379/1296/1359
f 1379/1296/1359 1380/1290/1360 1377/1288/1357
f 1380/1290/1360 1379/1296/1359 1381/1297/1360
f 1372/1291/1352 1367/1286/1347 1369/1288/1349
f 1011/958/1006 1062/1009/1056 1012/959/1007
f 1010/957/1005 1382/1298/1361 1383/1299/1362
f 1010/957/1005 1384/1300/1363 1064/1011/1058
f 1010/957/1005 1059/1006/1053 1011/958/1006
f 1010/957/1005 1006/953/1001 1009/956/1004
f 1385/1301/1364 1386/1302/1365 1387/1303/1366
f 1386/1302/1365 1388/1304/1367 1387/1303/1366
f 1386/1302/1365 1385/1301/1364 1389/1305/1368
f 1386/1302/1365 1390/1306/1369 1388/1304/1367
f 1387/1303/1366 1388/1304/1367 1391/1307/1370
f 1389/1305/1368 1392/1308/1371 1386/1302/1365
f 1389/1305/1368 1393/1309/1372 1392/1308/1371
f 1394/1216/1373 1395/1218/1374 1396/1310/1366
f 1396/1310/1366 1397/1219/1375 1398/1311/1376
f 1396/1310/1366 1399/1312/1370 1394/1216/1373
f 1397/1219/1375 1396/1310/1366 1395/1218/1374
f 1400/1313/1377 1401/1314/1378 1402/1315/1379
f 1400/1313/1377 1403/1316/1380 1404/1317/1381
f 1400/1313/1377 1405/1318/1382 1406/1319/1383
f 1400/1313/1377 1407/1320/1384 1405/1318/1382
f 1405/1318/1382 1408/1321/1385 1406/1319/1383
f 1405/1318/1382 1409/1322/1386 1410/1323/1387
f 1408/1321/1385 1405/1318/1382 1411/1324/1388
f 1407/1320/1384 1412/1325/1389 1413/1326/1390
f 1407/1320/1384 1400/1313/1377 1402/1315/1379
f 1402/1315/1379 1401/1314/1378 1414/1327/1391
f 1409/1322/1386 1405/1318/1382 1407/1320/1384
f 1409/1322/1386 1413/1326/1390 1415/1328/1268
f 1410/1323/1387 1411/1324/1388 1405/1318/1382
f 1412/1325/1389 1407/1320/1384 1402/1315/1379
f 1413/1326/1390 1409/1322/1386 1407/1320/1384
f 1416/1329/1392 1417/1330/1393 1418/1331/1389
f 1417/1330/1393 1416/1329/1392 1419/1332/1394
f 1417/1330/1393 1419/1332/1394 1420/1333/1270
f 1418/1331/1389 1421/1334/1395 1416/1329/1392
f 1422/1335/1268 1417/1330/1393 1420/1333/1270
f 1222/1163/1210 1219/1160/1207 1221/1162/1209
f 1220/1161/1208 1219/1160/1207 1214/1155/1202
f 1220/1161/1208 1269/1204/1255 1221/1162/1209
f 1208/1149/1196 1207/1145/1195 1261/1148/1247
f 1261/1148/1247 1260/1197/1246 1208/1149/1196
f 1205/1147/1193 1265/1196/1250 1206/1148/1194
f 1206/1148/1194 1203/1145/1191 1204/1146/1192
f 1423/1336/1396 1424/1337/1397 1425/1338/1398
f 1423/1336/1396 1247/1188/1234 1426/1339/1399
f 1247/1188/1234 1246/1187/1233 1426/1339/1399
f 1246/1187/1233 1243/1184/1230 1245/1186/1232
f 1255/1193/1242 1427/1336/1400 1428/1340/1401
f 1427/1336/1400 1255/1193/1242 1254/1188/1241
f 1428/1340/1401 1429/1338/1402 1430/1341/1403
f 1254/1188/1241 1252/1192/1239 1251/1184/1238
f 1233/1174/1221 1232/1173/1220 1184/1127/1172
f 1184/1127/1172 1183/1126/1171 1233/1174/1221
f 1181/1124/1169 1184/1127/1172 1234/1175/1222
f 1181/1124/1169 1180/1123/1168 1184/1127/1172
f 1431/1342/1404 1374/1293/1354 1373/1292/1353
f 1374/1293/1354 1431/1342/1404 1432/1343/1405
f 1432/1343/1405 1003/950/999 1002/949/998
f 1433/1343/1406 1434/1344/1407 1435/1293/1408
f 1433/1343/1406 1000/948/996 1434/1344/1407
f 1435/1293/1408 1434/1344/1407 1378/1295/1358
f 1378/1295/1358 1375/1287/1355 1435/1293/1408
f 1436/1345/1409 1356/1278/1336 1437/1346/1410
f 1436/1345/1409 1361/1283/1341 1356/1278/1336
f 1436/1345/1409 1438/1347/1411 1439/1348/1412
f 1356/1278/1336 1360/1282/1340 1352/1274/1332
f 1356/1278/1336 1355/1277/1335 1437/1346/1410
f 1355/1277/1335 1352/1274/1332 1357/1279/1337
f 1361/1283/1341 1436/1345/1409 1440/1349/1413
f 1440/1349/1413 1439/1348/1412 1441/1350/1414
f 1442/1351/1415 1443/1352/1416 1346/1269/1328
f 1443/1352/1416 1444/1353/1417 1346/1269/1328
f 1443/1352/1416 1442/1351/1415 1445/1354/1418
f 1346/1269/1328 1444/1353/1417 1348/1270/1330
f 1346/1269/1328 1343/1266/1325 1442/1351/1415
f 1445/1354/1418 1035/982/1029 1443/1352/1416
f 1444/1353/1417 1443/1352/1416 1446/1355/1419
f 1446/1355/1419 1443/1352/1416 1035/982/1029
f 1447/1356/1420 966/918/963 1448/1357/1421
f 966/918/963 1447/1356/1420 967/919/964
f 967/919/964 961/913/958 963/915/960
f 1449/1356/1422 1450/1358/1423 1451/919/1424
f 1450/1358/1423 972/922/969 1451/919/1424
f 1450/1358/1423 1449/1356/1422 1452/1359/1425
f 1451/919/1424 972/922/969 969/913/966
f 1318/1248/1302 1453/1360/1426 1317/1247/1301
f 1453/1360/1426 1318/1248/1302 1454/1361/1427
f 1454/1361/1427 1049/996/1043 1051/998/1045
f 1454/1361/1427 1051/998/1045 1453/1360/1426
f 1455/1360/1428 1051/998/1045 1456/1362/1429
f 1455/1360/1428 1457/1363/1430 1321/1247/1306
f 1457/1363/1430 1455/1360/1428 1456/1362/1429
f 1321/1247/1306 1457/1363/1430 1322/1250/1307
f 1304/1238/1289 1458/1364/1431 1305/1239/1290
f 1458/1364/1431 1304/1238/1289 1459/1365/1432
f 1459/1365/1432 1460/1299/1433 1458/1364/1431
f 1459/1365/1432 1461/1300/1434 1460/1299/1433
f 1462/1364/1435 1383/1299/1362 1463/1366/1436
f 1462/1364/1435 1464/1367/1437 1309/1239/1294
f 1464/1367/1437 1462/1364/1435 1463/1366/1436
f 1464/1367/1437 1310/1241/1291 1309/1239/1294
f 1465/1368/1438 1290/1224/1275 1466/1369/1439
f 1465/1368/1438 1467/1370/1440 1468/1371/1441
f 1465/1368/1438 1297/1231/1282 1290/1224/1275
f 1290/1224/1275 1289/1223/1274 1466/1369/1439
f 1290/1224/1275 1296/1230/1281 1286/1220/1271
f 1289/1223/1274 1286/1220/1271 1288/1222/1273
f 1297/1231/1282 1465/1368/1438 1469/1372/1442
f 1469/1372/1442 1468/1371/1441 1470/1373/1443
f 1092/1035/1083 1471/1374/1444 1093/1036/1084
f 1471/1374/1444 1092/1035/1083 1472/1375/1445
f 1471/1374/1444 1473/1376/1446 1093/1036/1084
f 1471/1374/1444 1474/1377/1447 1473/1376/1446
f 1093/1036/1084 1473/1376/1446 1087/1030/1078
f 1472/1375/1445 1475/1378/1448 1476/1379/1449
f 1472/1375/1445 1476/1379/1449 1471/1374/1444
f 1087/1030/1078 1083/1026/1074 1093/1036/1084
f 1401/1314/1378 1400/1313/1377 1404/1317/1381
f 1401/1314/1378 1477/1380/1450 1414/1327/1391
f 1477/1380/1450 1401/1314/1378 1478/1381/1451
f 1414/1327/1391 1412/1325/1389 1402/1315/1379
f 1478/1381/1451 1479/1382/1041 1477/1380/1450
f 1478/1381/1451 1401/1314/1378 1404/1317/1381
f 1480/1383/1452 1481/1384/1453 1482/1385/1454
f 1481/1384/1453 1480/1383/1452 1421/1334/1395
f 1482/1385/1454 1483/1386/1455 1480/1383/1452
f 1421/1334/1395 1418/1331/1389 1481/1384/1453
f 1403/1316/1380 1400/1313/1377 1406/1319/1383
f 1403/1316/1380 1484/1387/1456 1404/1317/1381
f 1404/1317/1381 1485/1388/1457 1478/1381/1451
f 1485/1388/1457 1486/1389/1458 989/938/985
f 1485/1388/1457 1404/1317/1381 1484/1387/1456
f 1485/1388/1457 1048/995/1042 1478/1381/1451
f 1487/1390/1459 1393/1309/1372 1488/1391/1460
f 1487/1390/1459 1489/1392/1461 1392/1308/1371
f 1393/1309/1372 1487/1390/1459 1392/1308/1371
f 1392/1308/1371 1489/1392/1461 1390/1306/1369
f 1489/1392/1461 1487/1390/1459 1490/1393/1462
f 1390/1306/1369 1386/1302/1365 1392/1308/1371
f 1072/1019/1065 1070/1017/1063 1067/1014/1060
f 1072/1019/1065 1491/1394/1463 1073/1020/1066
f 1073/1020/1066 1491/1394/1463 1492/1395/1464
f 1492/1395/1464 1493/1396/1465 1494/966/1465
f 1495/1395/1466 1496/1397/1467 1075/1020/1068
f 1496/1397/1467 1495/1395/1466 1497/1398/1468
f 1075/1020/1068 1496/1397/1467 1076/1021/1069
f 1497/1398/1468 1495/1395/1466 1019/966/1013
f 1498/1399/1469 1499/1400/1470 1425/1338/1398
f 1498/1399/1469 1425/1338/1398 1424/1337/1397
f 1499/1400/1470 1500/1122/1471 1501/1121/1471
f 1424/1337/1397 1423/1336/1396 1426/1339/1399
f 1430/1341/1403 1502/1400/1472 1503/1401/1473
f 1502/1400/1472 1430/1341/1403 1429/1338/1402
f 1429/1338/1402 1428/1340/1401 1427/1336/1400
f 1504/1402/1474 1505/1403/1475 1506/1404/1476
f 1504/1402/1474 1507/1405/1477 1505/1403/1475
f 1506/1404/1476 1508/1406/1478 1504/1402/1474
f 1508/1406/1478 1506/1404/1476 1509/1407/1479
f 1510/1408/1480 1511/1409/1481 1512/1410/1482
f 1513/1411/1483 1512/1410/1482 1511/1409/1481
f 1514/1412/1484 1515/1413/1485 1516/1414/1486
f 1514/1412/1484 1517/1415/1487 1515/1413/1485
f 1518/1416/1488 1519/1417/1489 1520/1418/1490
f 1518/1416/1488 1521/1419/1491 1519/1417/1489
f 1522/1420/1492 1523/1421/1493 1524/1422/1494
f 1523/1421/1493 1522/1420/1492 1525/1423/1495
f 1526/1424/1496 1527/1425/1497 1528/1426/1498
f 1526/1424/1496 1529/1427/1499 1527/1425/1497
f 1529/1427/1499 1526/1424/1496 1530/1428/1500
f 1531/1429/1501 1532/1430/1502 1533/1431/1503
f 1534/312/1504 1528/1426/1498 1535/304/1505
f 1528/1426/1498 1534/312/1504 1536/1432/1506
f 1535/304/1505 1528/1426/1498 1527/1425/1497
f 1537/1433/1507 1538/1405/1508 1539/1434/1509
f 1538/1405/1508 1540/1413/1510 1539/1434/1509
f 1539/1434/1509 1540/1413/1510 1541/1435/1511
f 1542/1436/1512 1543/1403/1513 1538/1405/1508
f 1542/1436/1512 1538/1405/1508 1537/1433/1507
f 1543/1403/1513 1544/1437/1514 1545/1404/1515
f 1546/1438/1516 1547/1419/1517 1548/1439/1518
f 1547/1419/1517 1549/1431/1519 1548/1439/1518
f 1548/1439/1518 1549/1431/1519 1550/1440/1520
f 1551/1441/1521 1552/1417/1522 1553/1419/1523
f 1551/1441/1521 1553/1419/1523 1546/1438/1524
f 1552/1417/1522 1554/1442/1525 1555/1418/1526
f 1556/1443/1527 1118/1061/1109 1557/1444/1528
f 1118/1061/1109 1117/1060/1108 1121/1064/1111
f 1118/1061/1109 1556/1443/1527 1119/1062/1110
f 1557/1444/1528 1123/1066/1112 1558/1445/1529
f 1130/1073/1119 1133/1076/1122 1128/1071/1117
f 1130/1073/1119 1559/1446/1530 1133/1076/1122
f 1130/1073/1119 1560/1447/1531 1559/1446/1530
f 1561/1448/1532 1562/1449/1533 1563/1450/1534
f 1562/1449/1533 1564/1451/1535 1563/1450/1534
f 1562/1449/1533 1561/1448/1532 1565/1452/1536
f 1562/1449/1533 1129/1072/1118 1566/1453/1537
f 1565/1452/1536 1129/1072/1118 1562/1449/1533
f 1567/1454/1538 1568/1455/1539 1569/1456/1540
f 1569/1456/1540 1568/1455/1539 1570/1457/1541
f 1569/1456/1540 1571/1458/1542 1567/1454/1538
f 1570/1457/1541 1572/1459/1543 1569/1456/1540
f 1570/1457/1541 1573/1460/1544 1574/1461/1545
f 1571/1458/1542 1569/1456/1540 1575/1462/1546
f 1575/1462/1546 1576/1463/1547 1571/1458/1542
f 1575/1462/1546 1572/1459/1543 1577/1464/1548
f 1578/1465/1549 1579/1466/1550 1580/1467/1551
f 1578/1465/1549 1581/1468/1552 1582/1469/1553
f 1579/1466/1550 1583/1470/1554 1580/1467/1551
f 1579/1466/1550 1578/1465/1549 1582/1469/1553
f 1583/1470/1554 1579/1466/1550 1584/1471/1555
f 1584/1471/1555 1585/1472/1556 1583/1470/1554
f 1586/1473/1557 1587/1474/1558 1588/1475/1559
f 1587/1474/1558 1589/1476/1560 1590/1477/1561
f 1587/1474/1558 1591/1478/1562 1588/1475/1559
f 1587/1474/1558 1586/1473/1557 1592/1479/1563
f 1593/1480/1564 1594/1481/1565 1595/1482/1566
f 1594/1481/1565 1593/1480/1564 1596/1483/1567
f 1595/1482/1566 1597/1484/1568 1598/1485/1569
f 1596/1483/1567 1599/1486/1570 1600/1487/1571
f 1596/1483/1567 1601/1488/1572 1602/1489/1573
f 1599/1486/1570 1596/1483/1567 1593/1480/1564
f 1601/1488/1572 1596/1483/1567 1600/1487/1571
f 1602/1489/1573 1603/1490/1574 1604/1491/1575
f 1605/1492/1576 1606/1493/1577 1607/1494/1578
f 1606/1493/1577 1605/1492/1576 1608/1495/1579
f 1606/1493/1577 1609/1496/1580 1607/1494/1578
f 1608/1495/1579 1610/1497/1581 1606/1493/1577
f 1608/1495/1579 1611/1498/1582 1612/1499/1583
f 1609/1496/1580 1606/1493/1577 1613/1500/1584
f 1613/1500/1584 1610/1497/1581 1614/1501/1585
f 1613/1500/1584 1615/1502/1586 1609/1496/1580
f 1616/1503/1587 1617/1504/1588 1618/1505/1589
f 1617/1504/1588 1619/1506/1590 1618/1505/1589
f 1617/1504/1588 1620/1507/1591 1619/1506/1590
f 1618/1505/1589 1621/1508/1587 1616/1503/1587
f 1619/1506/1590 1622/1509/1592 1623/1510/1593
f 1624/1511/1594 1625/1512/1595 1626/1513/1596
f 1624/1511/1594 1627/1514/1597 1628/1515/1598
f 1624/1511/1594 1628/1515/1598 1629/1516/1599
f 1627/1514/1597 1630/1517/1600 1628/1515/1598
f 1629/1516/1599 1631/1518/1601 1632/1519/1602
f 1633/1520/1603 1634/1521/1604 1635/1522/1605
f 1634/1521/1604 1633/1520/1603 1636/1523/1606
f 1634/1521/1604 1637/1524/1544 1635/1522/1605
f 1636/1523/1606 1638/1525/1607 1634/1521/1604
f 1639/1526/1608 1629/1516/1599 1632/1519/1602
f 1640/1527/1609 1624/1511/1594 1629/1516/1599
f 1640/1527/1609 1629/1516/1599 1639/1526/1608
f 1637/1524/1544 1634/1521/1604 1641/1528/1610
f 1641/1528/1610 1642/1529/1611 1643/1530/1612
f 1573/1460/1544 1570/1457/1541 1568/1455/1539
f 1574/1461/1545 1644/1531/1613 1570/1457/1541
f 1585/1472/1556 1584/1471/1555 1645/1532/1614
f 1645/1532/1614 1646/1533/1615 1585/1472/1556
f 1646/1533/1615 1645/1532/1614 1647/1534/1616
f 1576/1463/1547 1575/1462/1546 1648/1535/1617
f 1648/1535/1617 1575/1462/1546 1577/1464/1548
f 1589/1476/1560 1587/1474/1558 1592/1479/1563
f 1590/1477/1561 1649/1536/1618 1587/1474/1558
f 1603/1490/1574 1602/1489/1573 1601/1488/1572
f 1581/1468/1552 1578/1465/1549 1650/1537/1619
f 1611/1498/1582 1608/1495/1579 1605/1492/1576
f 1611/1498/1582 1651/1538/1620 1612/1499/1583
f 1651/1538/1620 1611/1498/1582 1652/1539/1564
f 1651/1538/1620 1653/1540/1621 1612/1499/1583
f 1612/1499/1583 1654/1541/1622 1608/1495/1579
f 1655/1542/1623 1656/1543/1624 1657/1544/1625
f 1656/1543/1624 1658/1545/1626 1659/1546/1627
f 1656/1543/1624 1659/1546/1627 1657/1544/1625
f 1657/1544/1625 1660/1547/1623 1655/1542/1623
f 1661/1548/1628 1662/1549/1564 1663/1550/1582
f 1662/1549/1564 1661/1548/1628 1664/1551/1629
f 1615/1502/1586 1613/1500/1584 1665/1552/1630
f 1665/1552/1630 1613/1500/1584 1614/1501/1585
f 1666/1553/1631 1667/1554/1632 1668/1555/1633
f 1667/1554/1632 1666/1553/1631 1669/1556/1634
f 1669/1556/1634 1670/1557/1635 1667/1554/1632
f 1625/1512/1595 1624/1511/1594 1640/1527/1609
f 1671/1558/1636 1623/1510/1593 1622/1509/1592
f 1623/1510/1593 1671/1558/1636 1672/1559/1637
f 1622/1509/1592 1619/1506/1590 1620/1507/1591
f 1673/1560/1638 1674/1561/1639 1675/1562/1640
f 1674/1561/1639 1673/1560/1638 1676/1563/1641
f 1675/1562/1640 1677/1564/1642 1678/1565/1643
f 1679/1566/1644 1146/1089/1135 1680/1567/1645
f 1679/1566/1644 1681/1568/1646 1146/1089/1135
f 1146/1089/1135 1148/1091/1137 1142/1085/1131
f 1680/1567/1645 1146/1089/1135 1145/1088/1134
f 1145/1088/1134 1142/1085/1131 1144/1087/1133
f 1682/1569/1647 1683/1570/1648 1684/1571/1649
f 1683/1570/1648 1148/1091/1137 1681/1568/1646
f 1683/1570/1648 1682/1569/1647 1685/1572/1650
f 1684/1571/1649 1681/1568/1646 1686/1573/1651
f 1685/1572/1650 1155/1098/1144 1683/1570/1648
f 1687/1574/1652 1688/1575/1653 1689/1576/1654
f 1688/1575/1653 1687/1574/1652 1690/1577/1655
f 1688/1575/1653 1690/1577/1655 1691/1578/1656
f 1690/1577/1655 1692/1579/1657 1691/1578/1656
f 951/903/948 949/901/946 1693/1580/1658
f 1693/1580/1658 1694/1581/1659 951/903/948
f 1695/1582/1660 1696/1583/1661 1697/1584/1662
f 1695/1582/1660 958/910/955 1104/1047/1095
f 1696/1583/1661 1695/1582/1660 1698/1585/1663
f 1696/1583/1661 1699/1586/1664 1697/1584/1662
f 1697/1584/1662 1700/1587/1665 1695/1582/1660
f 1697/1584/1662 1699/1586/1664 1701/1588/1666
f 1698/1585/1663 1104/1047/1095 1106/1049/1097
f 1564/1451/1535 1562/1449/1533 1566/1453/1537
f 1175/1118/1163 1170/1113/1159 1169/1112/1158
f 1166/1109/1155 1164/1107/1153 1168/1111/1157
f 943/895/940 942/894/939 945/897/942
f 944/896/941 1099/1042/1090 942/894/939
f 1699/1586/1664 1696/1583/1661 1702/1589/1667
f 1703/1590/1668 1173/1116/1151 1172/1115/1161
f 1172/1115/1161 936/888/933 933/885/930
f 1104/1047/1095 1698/1585/1663 1695/1582/1660
f 1167/1110/1156 1164/1107/1153 1162/1105/1151
f 959/911/956 958/910/955 1704/1591/1669
f 959/911/956 1705/1592/1670 960/912/957
f 959/911/956 955/907/952 954/906/951
f 1705/1592/1670 959/911/956 1704/1591/1669
f 1704/1591/1669 1706/1593/1671 1705/1592/1670
f 1704/1591/1669 1700/1587/1665 1707/1594/1672
f 1704/1591/1669 1707/1594/1672 1706/1593/1671
f 1155/1098/1144 1153/1096/1142 1152/1095/1141
f 1155/1098/1144 1685/1572/1650 1157/1100/1146
f 1560/1447/1531 1130/1073/1119 1708/1595/1673
f 1708/1595/1673 1130/1073/1119 1129/1072/1118
f 1179/1122/1167 1027/974/1021 1178/1121/1166
f 1178/1121/1166 1503/1401/1473 1502/1400/1472
f 1178/1121/1166 1177/1120/1165 1503/1401/1473
f 1177/1120/1165 1027/974/1021 1176/1119/1164
f 1500/1122/1471 1499/1400/1470 1498/1399/1469
f 1709/1596/1674 1710/1165/1675 1228/1169/1216
f 1709/1596/1674 1711/1597/1676 1712/1598/1677
f 1711/1597/1676 1228/1169/1216 1227/1168/1215
f 1711/1597/1676 1709/1596/1674 1228/1169/1216
f 1710/1165/1675 1709/1596/1674 1713/1599/1675
f 1224/1165/1212 1223/1164/1211 1714/1169/1212
f 1123/1066/1112 1557/1444/1528 1118/1061/1109
f 1123/1066/1112 1121/1064/1111 1715/1101/1678
f 1217/1158/1205 1716/1600/1678 1218/1159/1206
f 1216/1157/1204 1212/1153/1200 1209/1150/1197
f 1158/1101/1147 1125/1068/1114 1717/1601/1149
f 1159/1102/1148 1063/1010/1057 1161/1104/1150
f 1159/1102/1148 1197/1139/1185 1160/1103/1149
f 1160/1103/1149 1200/1142/1188 1718/1602/1679
f 1719/1603/1680 1720/1604/1681 1721/1605/1682
f 1719/1603/1680 1722/1606/1683 1723/1607/1684
f 1720/1604/1681 1719/1603/1680 1723/1607/1684
f 1720/1604/1681 1723/1607/1684 1448/1357/1421
f 1723/1607/1684 1447/1356/1420 1448/1357/1421
f 1722/1606/1683 1719/1603/1680 1724/1608/1058
f 1725/1607/1685 1726/1606/1685 1452/1359/1425
f 1725/1607/1685 1452/1359/1425 1449/1356/1422
f 1033/980/1027 1023/970/1017 1035/982/1029
f 1035/982/1029 1445/1354/1418 1033/980/1027
f 1035/982/1029 1034/981/1028 1446/1355/1419
f 1034/981/1028 1023/970/1017 1036/983/1030
f 1727/1609/1686 1728/1610/1687 1729/1611/1688
f 1727/1609/1686 1730/1612/1689 1731/1613/1412
f 1728/1610/1687 1727/1609/1686 1731/1613/1412
f 1730/1612/1689 1727/1609/1686 1732/1614/1690
f 1439/1348/1412 1440/1349/1413 1436/1345/1409
f 1438/1347/1411 1436/1345/1409 1437/1346/1410
f 1002/949/998 995/944/991 994/943/990
f 1003/950/999 1432/1343/1405 1431/1342/1404
f 1000/948/996 1433/1343/1406 1001/949/997
f 1000/948/996 999/943/995 997/946/993
f 1475/1378/1448 1733/1615/1691 1476/1379/1449
f 1733/1615/1691 1474/1377/1447 1476/1379/1449
f 1733/1615/1691 1475/1378/1448 1734/1616/1692
f 1474/1377/1447 1733/1615/1691 1735/1617/1693
f 1474/1377/1447 1471/1374/1444 1476/1379/1449
f 1736/1618/1694 1467/1370/1440 1737/1619/1695
f 1736/1618/1694 1470/1373/1443 1468/1371/1441
f 1467/1370/1440 1465/1368/1438 1466/1369/1439
f 1467/1370/1440 1736/1618/1694 1468/1371/1441
f 1468/1371/1441 1469/1372/1442 1465/1368/1438
f 1470/1373/1443 1736/1618/1694 1738/1620/1696
f 1384/1300/1363 1010/957/1005 1383/1299/1362
f 1383/1299/1362 1382/1298/1361 1463/1366/1436
f 1382/1298/1361 1010/957/1005 1009/956/1004
f 1049/996/1043 1025/972/1019 1051/998/1045
f 1051/998/1045 1050/997/1044 1456/1362/1429
f 1050/997/1044 1025/972/1019 1024/971/1018
f 1019/966/1013 1739/1396/1697 1009/956/1004
f 1019/966/1013 1009/956/1004 1008/955/1003
f 1019/966/1013 1018/965/1012 1497/1398/1468
f 1018/965/1012 1008/955/1003 1016/963/1011
f 1493/1396/1465 1492/1395/1464 1491/1394/1463
f 1740/1621/1698 1741/1622/1699 1742/1623/1700
f 1741/1622/1699 1740/1621/1698 1743/1624/1701
f 1741/1622/1699 1744/1625/1702 1742/1623/1700
f 1744/1625/1702 1741/1622/1699 1745/1626/1703
f 1490/1393/1462 1746/1627/1704 1489/1392/1461
f 1490/1393/1462 1487/1390/1459 1488/1391/1460
f 1747/1628/1705 1490/1393/1462 1488/1391/1460
f 989/938/985 1486/1389/1458 980/929/976
f 989/938/985 984/933/980 987/936/983
f 1486/1389/1458 1485/1388/1457 1484/1387/1456
f 1048/995/1042 989/938/985 987/936/983
f 1048/995/1042 988/937/984 1479/1382/1041
f 1048/995/1042 1485/1388/1457 989/938/985
f 1479/1382/1041 1478/1381/1451 1048/995/1042
f 1047/994/1041 1045/992/1039 1483/1386/1455
f 1483/1386/1455 1482/1385/1454 1047/994/1041
f 1748/1629/1706 1749/1630/1707 1750/1631/1708
f 1749/1630/1707 1748/1629/1706 1751/1632/1709
f 1750/1631/1708 1752/1633/1710 1753/1634/1711
f 1750/1631/1708 1753/1634/1711 1748/1629/1706
f 1751/1632/1709 1754/1635/1712 1749/1630/1707
f 1755/1636/1713 1756/1637/1714 1757/1638/1715
f 1756/1637/1714 1755/1636/1713 1758/1639/1716
f 1756/1637/1714 1759/1640/1717 1757/1638/1715
f 1758/1639/1716 1760/1641/1718 1761/1642/1719
f 1762/1643/1720 1763/1644/1721 1764/1645/1722
f 1762/1643/1720 1765/1646/1723 1766/1647/1724
f 1762/1643/1720 1767/1648/1725 1765/1646/1723
f 1767/1648/1725 1768/1649/1726 1765/1646/1723
f 1767/1648/1725 1769/1650/1727 1768/1649/1726
f 1770/1651/1728 1771/1652/1729 1772/1653/1730
f 1771/1652/1729 1770/1651/1728 1773/1654/1731
f 1772/1653/1730 1774/1655/1732 1775/1656/1733
f 1773/1654/1731 1776/1657/1734 1777/1658/1735
f 1778/1659/1736 1779/1660/1737 1780/1661/1738
f 1778/1659/1736 1781/1662/1739 1782/1663/1740
f 1778/1659/1736 1783/1664/1741 1781/1662/1739
f 1779/1660/1737 1778/1659/1736 1782/1663/1740
f 1779/1660/1737 1784/1665/1742 1780/1661/1738
f 1779/1660/1737 1785/1666/1743 1784/1665/1742
f 1784/1665/1742 1786/1667/1744 1787/1668/1745
f 1763/1644/1721 1762/1643/1720 1766/1647/1724
f 1764/1645/1722 1788/1669/1746 1789/1670/1747
f 1790/1671/1748 1791/1672/1749 1792/1673/1750
f 1790/1671/1748 1792/1673/1750 1793/1674/1751
f 1792/1673/1750 1789/1670/1747 1788/1669/1746
f 1781/1662/1739 1794/1675/1752 1795/1676/1753
f 1794/1675/1752 1781/1662/1739 1783/1664/1741
f 1795/1676/1753 1796/1677/1754 1797/1678/1755
f 1798/1679/1756 1790/1671/1748 1793/1674/1751
f 1798/1679/1756 1793/1674/1751 1754/1635/1712
f 1754/1635/1712 1751/1632/1709 1798/1679/1756
f 1799/1680/1757 1800/1681/1758 1801/1682/1759
f 1800/1681/1758 1799/1680/1757 1802/1683/1760
f 1800/1681/1758 1797/1678/1755 1796/1677/1754
f 1801/1682/1759 1803/1684/1761 1804/1685/1762
f 1801/1682/1759 1804/1685/1762 1799/1680/1757
f 1803/1684/1761 1805/1686/1763 1806/1687/1764
f 1803/1684/1761 1806/1687/1764 1804/1685/1762
f 1769/1650/1727 1777/1658/1735 1776/1657/1734
f 1788/1669/1746 1764/1645/1722 1763/1644/1721
f 1789/1670/1747 1792/1673/1750 1791/1672/1749
f 1796/1677/1754 1795/1676/1753 1794/1675/1752
f 1797/1678/1755 1800/1681/1758 1802/1683/1760
f 1807/1688/1765 1808/1689/1766 1809/1690/1767
f 1808/1689/1766 1810/1691/1768 1811/1692/1769
f 1808/1689/1766 1807/1688/1765 1812/1693/1770
f 1810/1691/1768 1808/1689/1766 1812/1693/1770
f 1811/1692/1769 1813/1694/1771 1814/1695/1772
f 1811/1692/1769 1810/1691/1768 1813/1694/1771
f 1815/1696/1773 1816/1697/1774 1817/1698/1775
f 1816/1697/1774 1815/1696/1773 1818/1699/1776
f 1816/1697/1774 1819/1700/1777 1820/1701/1778
f 1819/1700/1777 1816/1697/1774 1818/1699/1776
f 1820/1701/1778 1821/1702/1779 1822/1703/1780
f 1820/1701/1778 1819/1700/1777 1821/1702/1779
f 1823/1704/1781 1824/1705/1782 1825/1706/1783
f 1825/1706/1783 1824/1705/1782 1826/1707/1784
f 1826/1707/1784 1827/1708/1785 1828/1709/1786
f 1829/1710/1781 1830/1711/1787 1817/1698/1775
f 1830/1711/1787 1815/1696/1773 1817/1698/1775
f 1821/1702/1779 1831/1712/1788 1832/1713/1789
f 1822/1703/1780 1821/1702/1779 1832/1713/1789
f 1833/1714/1790 1834/1715/1791 1835/1716/1792
f 1833/1714/1790 1836/1717/1793 1837/1718/1794
f 1836/1717/1793 1833/1714/1790 1835/1716/1792
f 1837/1718/1794 1838/1719/1795 1839/1720/1796
f 1837/1718/1794 1836/1717/1793 1838/1719/1795
f 1834/1715/1791 1833/1714/1790 1840/1721/1797
f 1841/1722/1798 1842/1723/1799 1843/1724/1800
f 1842/1723/1799 1841/1722/1798 1844/1725/1801
f 1843/1724/1800 1827/1708/1785 1841/1722/1798
f 1845/1726/1802 1846/1727/1803 1809/1690/1767
f 1846/1727/1803 1807/1688/1765 1809/1690/1767
f 1827/1708/1785 1843/1724/1800 1828/1709/1786
f 1827/1708/1785 1826/1707/1784 1824/1705/1782
f 1847/1728/1804 1775/1656/1733 1774/1655/1732
f 1775/1656/1733 1847/1728/1804 1848/1729/1805
f 1774/1655/1732 1772/1653/1730 1771/1652/1729
f 1848/1729/1805 1753/1634/1711 1752/1633/1710
f 1760/1641/1718 1758/1639/1716 1755/1636/1713
f 1761/1642/1719 1806/1687/1764 1805/1686/1763
f 1776/1657/1734 1768/1649/1726 1769/1650/1727
f 1776/1657/1734 1773/1654/1731 1770/1651/1728
f 1753/1634/1711 1848/1729/1805 1847/1728/1804
f 1786/1667/1744 1784/1665/1742 1785/1666/1743
f 1786/1667/1744 1849/1730/1806 1850/1731/1807
f 1850/1731/1807 1787/1668/1745 1786/1667/1744
f 1851/1732/1808 1850/1731/1807 1849/1730/1806
f 1851/1732/1808 1849/1730/1806 1759/1640/1717
f 1759/1640/1717 1756/1637/1714 1851/1732/1808
f 1806/1687/1764 1761/1642/1719 1760/1641/1718
f 1852/1733/1809 198/197/199 194/193/195
f 1852/1733/1809 194/193/195 253/252/254
f 1852/1733/1809 1853/1734/1810 198/197/199
f 1853/1734/1810 1852/1733/1809 299/298/300
f 299/298/300 298/297/299 1853/1734/1810
f 1507/1405/1477 1516/1414/1486 1515/1413/1485
f 1507/1405/1477 1504/1402/1474 1516/1414/1486
f 1521/1419/1491 1518/1416/1488 1854/1735/1811
f 1521/1419/1491 1854/1735/1811 1533/1431/1503
f 1854/1735/1811 1531/1429/1501 1533/1431/1503
f 1855/1736/1812 1856/1424/1813 1857/1426/1814
f 1856/1424/1813 1858/1737/1815 1859/1428/1816
f 1856/1424/1813 1855/1736/1812 1860/1738/1817
f 1857/1426/1814 1861/1739/1818 1855/1736/1812
f 124/123/125 123/122/124 1862/1740/1819
f 1863/1741/1820 1864/1742/1821 1865/1743/1822
f 1864/1742/1821 1866/1744/1823 1865/1743/1822
f 1865/1743/1822 1867/1745/1824 1868/1746/1825
f 1869/1747/1826 1870/1748/1827 1871/1749/1828
f 1869/1747/1826 1871/1749/1828 1872/1750/1829
f 1871/1749/1828 1873/1751/1830 1874/1752/1831
f 1875/1743/1832 1876/1753/1833 1877/1754/1834
f 1876/1753/1833 1875/1743/1832 1878/1746/1835
f 1876/1753/1833 1878/1746/1835 1879/1755/1836
f 1878/1746/1835 1880/1756/1837 1879/1755/1836
f 285/284/286 279/278/280 287/286/288
f 18/18/18 14/14/14 10/10/10
f 1873/1751/1830 1871/1749/1828 1870/1748/1827
f 1881/1757/1838 1882/1758/1839 1883/1759/1840
f 1881/1757/1838 1883/1759/1840 1884/1760/1841
f 82/81/83 1885/1761/1842 1886/1762/1843
f 82/81/83 78/77/79 77/76/78
f 104/103/105 101/100/102 204/203/205
f 99/98/100 94/93/95 101/100/102
f 205/204/206 204/203/205 203/202/204
f 273/272/274 269/268/270 1887/1763/1844
f 273/272/274 271/270/272 270/269/271
f 180/179/181 203/202/204 147/146/148
f 180/179/181 149/148/150 183/182/184
f 30/30/30 28/28/28 34/34/34
f 34/34/34 16/16/16 15/15/15
f 95/94/96 92/91/93 94/93/95
f 1888/1764/1845 1889/1765/1846 1890/1766/1847
f 1889/1765/1846 1610/1497/1581 1891/1767/1848
f 1889/1765/1846 1888/1764/1845 1892/1768/1849
f 1890/1766/1847 1889/1765/1846 1891/1767/1848
f 1890/1766/1847 1891/1767/1848 1893/1769/1850
f 1892/1768/1849 1614/1501/1585 1889/1765/1846
f 1894/1770/1851 1895/1771/1852 1896/1772/1853
f 1895/1771/1852 1894/1770/1851 1897/1773/1854
f 1896/1772/1853 1895/1771/1852 1670/1557/1635
f 1898/1774/1855 1899/1775/1856 1900/1776/1857
f 1899/1775/1856 1898/1774/1855 1901/1777/1858
f 1902/1778/1859 1903/1779/1860 1904/1780/1861
f 1903/1779/1860 1902/1778/1859 1905/1781/1862
f 1905/1781/1862 1653/1540/1621 1906/1782/1863
f 1905/1781/1862 1654/1541/1622 1907/1783/1864
f 1908/1784/1865 1909/1785/1866 1910/1786/1867
f 1909/1785/1866 1908/1784/1865 1911/1787/1868
f 1909/1785/1866 1572/1459/1543 1912/1788/1869
f 1910/1786/1867 1909/1785/1866 1912/1788/1869
f 1910/1786/1867 1912/1788/1869 1913/1789/1870
f 1911/1787/1868 1577/1464/1548 1909/1785/1866
f 1914/1790/1871 1915/1791/1872 1916/1792/1873
f 1915/1791/1872 1914/1790/1871 1917/1793/1874
f 1917/1793/1874 1649/1536/1618 1918/1794/1875
f 1919/1795/1876 1920/1796/1877 1921/1797/1878
f 1919/1795/1876 1638/1525/1607 1922/1798/1879
f 1920/1796/1877 1919/1795/1876 1923/1799/1880
f 1921/1797/1878 1642/1529/1611 1919/1795/1876
f 1924/1800/1881 1925/1801/1882 1926/1802/1883
f 1925/1801/1882 1924/1800/1881 1927/1803/1884
f 1927/1803/1884 1644/1531/1613 1928/1804/1885
f 947/899/944 946/898/943 950/902/947
f 948/900/945 1630/1517/1600 1929/1805/1886
f 1930/1806/1887 1923/1799/1880 1922/1798/1879
f 1922/1798/1879 1923/1799/1880 1919/1795/1876
f 1893/1769/1850 1891/1767/1848 1904/1780/1861
f 1891/1767/1848 1902/1778/1859 1904/1780/1861
f 1891/1767/1848 1610/1497/1581 1902/1778/1859
f 1931/1807/1888 1932/1808/1889 1916/1792/1873
f 1932/1808/1889 1914/1790/1871 1916/1792/1873
f 1932/1808/1889 1591/1478/1562 1914/1790/1871
f 1933/1809/1890 1934/1810/1891 1935/1811/1892
f 1933/1809/1890 1936/1812/1893 1934/1810/1891
f 1933/1809/1890 1935/1811/1892 1937/1813/1894
f 1936/1812/1893 1597/1484/1568 1934/1810/1891
f 1913/1789/1870 1912/1788/1869 1926/1802/1883
f 1912/1788/1869 1924/1800/1881 1926/1802/1883
f 1912/1788/1869 1572/1459/1543 1924/1800/1881
f 1938/1814/1895 1939/1815/1896 1940/1816/1897
f 1939/1815/1896 1941/1817/1898 1942/1818/1899
f 1939/1815/1896 1938/1814/1895 1943/1819/1900
f 1940/1816/1897 1944/1820/1901 1938/1814/1895
f 1941/1817/1898 1939/1815/1896 1943/1819/1900
f 1942/1818/1899 1945/1821/1902 1946/1822/1903
f 1945/1821/1902 1942/1818/1899 1941/1817/1898
f 1944/1820/1901 1940/1816/1897 1947/1823/1904
f 1659/1546/1627 1948/1824/1905 1949/1825/1906
f 1950/1826/1582 1951/1827/1907 1952/1828/1908
f 1951/1827/1907 1950/1826/1582 1953/1829/1909
f 1954/1830/1910 1955/1831/1911 1956/1832/1912
f 1954/1830/1910 1957/1833/1913 1955/1831/1911
f 1958/1834/1914 1949/1825/1906 1948/1824/1905
f 1949/1825/1906 1958/1834/1914 1959/1835/1914
f 1948/1824/1905 1659/1546/1627 1658/1545/1626
f 1960/1836/1915 1961/1837/1916 1962/1838/1917
f 1960/1836/1915 1962/1838/1917 1963/1839/1918
f 932/884/929 930/882/927 929/881/926
f 1151/1094/1140 1149/1092/1138 1964/1840/1919
f 1694/1581/1659 1693/1580/1658 1965/1841/1920
f 1966/1842/1921 1967/1843/1922 1968/1844/1923
f 1966/1842/1921 1968/1844/1923 1969/1845/1924
f 1677/1564/1642 1970/1846/1925 1971/1847/1926
f 1677/1564/1642 1675/1562/1640 1674/1561/1639
f 1678/1565/1643 1677/1564/1642 1971/1847/1926
f 1972/1848/1927 1973/1849/1928 1974/1850/1929
f 1973/1849/1928 1975/1851/1930 1974/1850/1929
f 1707/1594/1672 1701/1588/1666 1976/1852/1931
f 1977/1853/1932 1676/1563/1641 1673/1560/1638
f 1977/1853/1932 1978/1854/1933 1676/1563/1641
f 1979/1855/1934 1978/1854/1933 1977/1853/1932
f 1979/1855/1934 1980/1856/1935 1978/1854/1933
f 1981/1857/1936 952/904/949 1982/1858/1937
f 1982/1858/1937 952/904/949 946/898/943
f 1937/1813/1894 1935/1811/1892 1961/1837/1916
f 1937/1813/1894 1961/1837/1916 1960/1836/1915
f 1983/1859/1938 1933/1809/1890 1937/1813/1894
f 1691/1578/1656 1692/1579/1657 1972/1848/1927
f 1692/1579/1657 1973/1849/1928 1972/1848/1927
f 1984/1860/1939 1985/1861/1940 1986/1862/1941
f 1984/1860/1939 1987/1863/1942 1988/1864/1943
f 1984/1860/1939 1989/1865/1944 1985/1861/1940
f 1990/1866/1945 1991/1867/1946 1992/1868/1947
f 1990/1866/1945 1993/1869/1948 1994/1870/1949
f 1993/1869/1948 1990/1866/1945 1992/1868/1947
f 1992/1868/1947 1995/1871/1950 1993/1869/1948
f 1995/1871/1950 1992/1868/1947 1996/1872/1951
f 1996/1872/1951 1988/1864/1943 1987/1863/1942
f 1997/1873/1952 1988/1864/1943 1991/1867/1946
f 1997/1873/1952 1998/1874/1953 1984/1860/1939
f 1998/1874/1953 1989/1865/1944 1984/1860/1939
f 1988/1864/1943 1996/1872/1951 1992/1868/1947
f 1988/1864/1943 1997/1873/1952 1984/1860/1939
f 1991/1867/1946 1988/1864/1943 1992/1868/1947
f 1987/1863/1942 1984/1860/1939 1986/1862/1941
f 1999/1875/1954 2000/1876/1955 2001/1877/1956
f 2000/1876/1955 1999/1875/1954 2002/1878/1957
f 2003/1879/1958 257/256/258 256/255/257
f 256/255/257 218/217/219 217/216/218
f 2004/1880/1959 257/256/258 2003/1879/1958
f 243/242/244 241/240/242 240/239/241
f 2005/1881/1960 2006/1882/1961 2007/1883/1962
f 2006/1882/1961 2005/1881/1960 2008/1884/1963
f 2007/1883/1962 2009/1885/1964 2010/1886/1965
f 2009/1885/1964 2007/1883/1962 2006/1882/1961
f 2009/1885/1964 2011/1887/1966 2012/1888/1967
f 2013/1889/1968 2012/1888/1967 2011/1887/1966
f 2012/1888/1967 2010/1886/1965 2009/1885/1964
f 2011/1887/1966 2014/1890/1969 2013/1889/1968
f 2015/1891/1970 2003/1879/1958 2016/1892/1971
f 2015/1891/1970 2004/1880/1959 2003/1879/1958
f 2017/1893/1972 2015/1891/1970 2016/1892/1971
f 2017/1893/1972 2016/1892/1971 249/248/250
f 249/248/250 248/247/249 2017/1893/1972
f 215/214/216 212/211/213 219/218/220
f 216/215/217 252/251/253 251/250/252
f 236/235/237 233/232/234 2018/1894/1973
f 2019/1895/1974 2020/1896/1975 2021/1897/1976
f 2019/1895/1974 2022/1898/1977 2023/1899/1978
f 2024/1900/1979 2025/1901/1980 2026/1902/1981
f 2024/1900/1979 2021/1897/1976 2020/1896/1975
f 2022/1898/1977 2027/1903/1982 2023/1899/1978
f 2022/1898/1977 2019/1895/1974 2021/1897/1976
f 2027/1903/1982 2028/1904/1983 2023/1899/1978
f 2025/1901/1980 2024/1900/1979 2020/1896/1975
f 2029/1905/1984 2030/1906/1985 2031/1907/1986
f 2030/1906/1985 2029/1905/1984 2032/1908/1987
f 117/116/118 197/196/198 113/112/114
f 253/252/254 194/193/195 197/196/198
f 2033/1909/1988 2034/1910/1989 2035/1911/1990
f 2033/1909/1988 2036/1912/1991 2034/1910/1989
f 2036/1912/1991 2037/1913/1992 2034/1910/1989
f 2038/1914/1993 2034/1910/1989 2037/1913/1992
f 1572/1459/1543 1570/1457/1541 1644/1531/1613
f 1572/1459/1543 1644/1531/1613 1924/1800/1881
f 1572/1459/1543 1575/1462/1546 1569/1456/1540
f 1572/1459/1543 1909/1785/1866 1577/1464/1548
f 1577/1464/1548 1911/1787/1868 2039/1915/1994
f 1644/1531/1613 1927/1803/1884 1924/1800/1881
f 1644/1531/1613 1574/1461/1545 1928/1804/1885
f 1597/1484/1568 1595/1482/1566 1594/1481/1565
f 1597/1484/1568 1936/1812/1893 1598/1485/1569
f 1591/1478/1562 1587/1474/1558 1649/1536/1618
f 1591/1478/1562 1649/1536/1618 1914/1790/1871
f 1649/1536/1618 1590/1477/1561 1918/1794/1875
f 1649/1536/1618 1917/1793/1874 1914/1790/1871
f 1610/1497/1581 1613/1500/1584 1606/1493/1577
f 1610/1497/1581 1608/1495/1579 1654/1541/1622
f 1610/1497/1581 1654/1541/1622 1902/1778/1859
f 1610/1497/1581 1889/1765/1846 1614/1501/1585
f 1614/1501/1585 1892/1768/1849 2040/1916/1995
f 1654/1541/1622 1905/1781/1862 1902/1778/1859
f 1654/1541/1622 1612/1499/1583 1907/1783/1864
f 1638/1525/1607 1642/1529/1611 1634/1521/1604
f 1638/1525/1607 1919/1795/1876 1642/1529/1611
f 1642/1529/1611 1921/1797/1878 1643/1530/1612
f 1642/1529/1611 1641/1528/1610 1634/1521/1604
f 1630/1517/1600 1627/1514/1597 1929/1805/1886
f 1630/1517/1600 948/900/945 947/899/944
f 2039/1915/1994 1648/1535/1617 1577/1464/1548
f 1907/1783/1864 1612/1499/1583 1653/1540/1621
f 1653/1540/1621 1905/1781/1862 1907/1783/1864
f 2041/1917/1996 1896/1772/1853 1670/1557/1635
f 1670/1557/1635 1669/1556/1634 2041/1917/1996
f 2040/1916/1995 1665/1552/1630 1614/1501/1585
f 1099/1042/1090 1098/1041/1089 1096/1039/1087
f 1099/1042/1090 944/896/941 1100/1043/1091
f 1099/1042/1090 1096/1039/1087 928/880/925
f 928/880/925 1108/1051/1099 931/883/928
f 928/880/925 931/883/928 929/881/926
f 928/880/925 942/894/939 1099/1042/1090
f 931/883/928 2042/1918/1997 932/884/929
f 931/883/928 1127/1070/1116 2042/1918/1997
f 1681/1568/1646 1684/1571/1649 1683/1570/1648
f 1681/1568/1646 1679/1566/1644 1686/1573/1651
f 1134/1077/1123 1132/1075/1121 2043/1919/1998
f 1134/1077/1123 2044/1920/1999 1566/1453/1537
f 2044/1920/1999 1134/1077/1123 2043/1919/1998
f 1149/1092/1138 1151/1094/1140 1147/1090/1136
f 1149/1092/1138 1156/1099/1145 1964/1840/1919
f 1148/1091/1137 1152/1095/1141 1149/1092/1138
f 1148/1091/1137 1147/1090/1136 1142/1085/1131
f 1148/1091/1137 1146/1089/1135 1681/1568/1646
f 1148/1091/1137 1683/1570/1648 1155/1098/1144
f 957/909/954 1102/1045/1093 958/910/955
f 957/909/954 956/908/953 2045/1921/2000
f 958/910/955 954/906/951 957/909/954
f 958/910/955 1695/1582/1660 1700/1587/1665
f 958/910/955 1700/1587/1665 1704/1591/1669
f 1700/1587/1665 2046/1922/2001 1707/1594/1672
f 1700/1587/1665 1697/1584/1662 2046/1922/2001
f 2045/1921/2000 1103/1046/1094 957/909/954
f 2046/1922/2001 1697/1584/1662 1701/1588/1666
f 1701/1588/1666 1707/1594/1672 2046/1922/2001
f 1129/1072/1118 1565/1452/1536 2047/1923/2002
f 1129/1072/1118 1128/1071/1117 1134/1077/1123
f 1129/1072/1118 2047/1923/2002 1708/1595/1673
f 1129/1072/1118 1134/1077/1123 1566/1453/1537
f 2048/1924/2003 2049/1741/2004 2050/1925/2005
f 2049/1741/2004 1875/1743/1832 1877/1754/1834
f 2049/1741/2004 2048/1924/2003 2051/1926/2006
f 2050/1925/2005 2049/1741/2004 1877/1754/1834
f 2052/1415/2007 1541/1435/1511 1540/1413/1510
f 1867/1745/1824 1865/1743/1822 1866/1744/1823
f 1554/1442/1525 1552/1417/1522 1551/1441/1521
f 1858/1737/1815 1856/1424/1813 1860/1738/1817
f 1544/1437/1514 1543/1403/1513 1542/1436/1512
f 2053/1430/2008 1550/1440/1520 1549/1431/1519
f 2054/1927/2009 2055/1928/2010 2056/1929/2011
f 2056/1929/2011 2057/1930/2012 2054/1927/2009
f 1861/1739/1818 1857/1426/1814 2058/1432/2013
f 2059/1931/2014 166/165/167 169/168/170
f 2059/1931/2014 169/168/170 2060/1932/2015
f 169/168/170 5/5/5 247/246/248
f 2060/1932/2015 247/246/248 2061/1933/2016
f 2062/1934/2017 2063/1935/2018 2064/1936/2019
f 2063/1935/2018 2065/1937/2020 2066/1938/2021
f 2063/1935/2018 2062/1934/2017 2067/1939/2022
f 2063/1935/2018 2068/1940/2023 2065/1937/2020
f 2064/1936/2019 2066/1938/2021 2069/1941/2024
f 2064/1936/2019 2063/1935/2018 2066/1938/2021
f 2067/1939/2022 2070/1942/2025 2068/1940/2023
f 2067/1939/2022 2071/1943/2026 2072/1944/2027
f 24/24/24 186/185/187 20/20/20
f 186/185/187 26/26/26 20/20/20
f 2066/1938/2021 2073/1945/2028 2069/1941/2024
f 2066/1938/2021 2074/1946/2029 2075/1947/2030
f 2073/1945/2028 2066/1938/2021 2075/1947/2030
f 2073/1945/2028 2076/1948/2031 2077/1949/2032
f 2069/1941/2024 2078/1950/2033 2064/1936/2019
f 2069/1941/2024 2073/1945/2028 2077/1949/2032
f 2075/1947/2030 2079/1951/2034 2073/1945/2028
f 2080/1952/2035 2081/1953/2036 2082/1954/2037
f 2080/1952/2035 2082/1954/2037 2083/1955/2038
f 2080/1952/2035 2084/1956/2039 2085/1957/2040
f 2084/1956/2039 2080/1952/2035 2083/1955/2038
f 2085/1957/2040 2086/1958/2041 2080/1952/2035
f 2083/1955/2038 2082/1954/2037 2087/1959/2042
f 2088/1960/2043 2089/1961/2044 2090/1962/2045
f 2089/1961/2044 2088/1960/2043 2091/1963/2046
f 2089/1961/2044 2092/1964/2047 2093/1965/2048
f 2081/1953/2036 2080/1952/2035 2086/1958/2041
f 2081/1953/2036 2094/1966/2049 2082/1954/2037
f 2086/1958/2041 2095/1967/2050 2081/1953/2036
f 2086/1958/2041 2085/1957/2040 2096/1968/2051
f 2097/1969/2052 2095/1967/2050 2086/1958/2041
f 2097/1969/2052 2096/1968/2051 2098/1970/2053
f 2095/1967/2050 2099/1971/2054 2081/1953/2036
f 2100/1972/2055 59/58/60 134/133/135
f 2100/1972/2055 65/64/66 59/58/60
f 2100/1972/2055 2101/1973/2056 66/65/67
f 134/133/135 61/60/62 136/135/137
f 134/133/135 2102/1974/2057 2100/1972/2055
f 72/71/73 2103/1975/2058 2104/1976/2059
f 73/72/74 1885/1761/1842 77/76/78
f 73/72/74 2104/1976/2059 2105/1977/2060
f 2105/1977/2060 2106/1978/2061 2107/1979/2062
f 2105/1977/2060 1885/1761/1842 73/72/74
f 1885/1761/1842 2105/1977/2060 2108/1980/2063
f 1885/1761/1842 82/81/83 77/76/78
f 2104/1976/2059 73/72/74 72/71/73
f 89/88/90 86/85/87 106/105/107
f 2109/1981/2064 2110/1982/2065 2111/1983/2066
f 2109/1981/2064 2111/1983/2066 2112/1984/2067
f 2110/1982/2065 2113/1985/2068 2114/1986/2069
f 2110/1982/2065 2115/1987/2070 2111/1983/2066
f 2111/1983/2066 2116/1988/2071 2117/1989/2072
f 2112/1984/2067 2118/1990/2073 2109/1981/2064
f 2113/1985/2068 2110/1982/2065 2109/1981/2064
f 2113/1985/2068 2119/1991/2074 2120/1992/2075
f 2114/1986/2069 2120/1992/2075 2121/1993/2076
f 2114/1986/2069 2122/1994/2077 2110/1982/2065
f 846/807/844 107/106/108 211/210/212
f 846/807/844 106/105/107 91/90/92
f 2123/1995/2078 2124/1996/2079 2125/1997/2080
f 2123/1995/2078 2126/1998/2081 2127/1999/2082
f 2126/1998/2081 2128/2000/2083 2127/1999/2082
f 2126/1998/2081 2129/2001/2084 2130/2002/2085
f 2127/1999/2082 2131/2003/2086 2124/1996/2079
f 2128/2000/2083 2130/2002/2085 2132/2004/2087
f 2128/2000/2083 2133/2005/2088 2127/1999/2082
f 2130/2002/2085 2128/2000/2083 2126/1998/2081
f 2132/2004/2087 2134/2006/2089 2128/2000/2083
f 2129/2001/2084 2135/2007/2090 2136/2008/2091
f 2129/2001/2084 2126/1998/2081 2137/2009/2092
f 2135/2007/2090 2129/2001/2084 2137/2009/2092
f 2136/2008/2091 2138/2010/2093 2139/2011/2094
f 2137/2009/2092 2126/1998/2081 2123/1995/2078
f 2140/2012/2095 136/135/137 2141/2013/2096
f 2140/2012/2095 134/133/135 136/135/137
f 136/135/137 135/134/136 2142/2014/2097
f 2141/2013/2096 136/135/137 2142/2014/2097
f 2141/2013/2096 2143/2015/2098 2144/2016/2099
f 2142/2014/2097 2145/2017/2100 2143/2015/2098
f 2142/2014/2097 2146/2018/2101 2145/2017/2100
f 135/134/136 61/60/62 137/136/138
f 135/134/136 137/136/138 2147/2019/2102
f 135/134/136 2148/2020/2103 2142/2014/2097
f 2149/2021/2104 2150/2022/2105 2151/2023/2106
f 2150/2022/2105 2152/2024/2107 2153/2025/2108
f 2150/2022/2105 2149/2021/2104 2154/2026/2109
f 2151/2023/2106 2155/2027/2110 2156/2028/2111
f 2151/2023/2106 2150/2022/2105 2153/2025/2108
f 2154/2026/2109 2157/2029/2112 2150/2022/2105
f 2152/2024/2107 2150/2022/2105 2158/2030/2113
f 2152/2024/2107 2159/2031/2114 2160/2032/2115
f 2153/2025/2108 2161/2033/2116 2162/2034/2117
f 2158/2030/2113 2150/2022/2105 2157/2029/2112
f 2159/2031/2114 2152/2024/2107 2158/2030/2113
f 2159/2031/2114 2115/1987/2070 2122/1994/2077
f 2159/2031/2114 2122/1994/2077 2160/2032/2115
f 2160/2032/2115 2161/2033/2116 2152/2024/2107
f 2163/2035/2118 2164/2036/2119 2165/2037/2120
f 2163/2035/2118 2166/2038/2121 2167/2039/2122
f 2166/2038/2121 2163/2035/2118 2165/2037/2120
f 2165/2037/2120 2164/2036/2119 2168/2040/2123
f 2165/2037/2120 2168/2040/2123 2169/2041/2124
f 2061/1933/2016 307/306/308 2170/2042/2125
f 307/306/308 67/66/68 66/65/67
f 307/306/308 2061/1933/2016 247/246/248
f 2170/2042/2125 307/306/308 66/65/67
f 247/246/248 162/161/163 307/306/308
f 247/246/248 2060/1932/2015 169/168/170
f 864/821/861 71/70/72 863/820/860
f 864/821/861 72/71/73 69/68/70
f 174/173/175 207/206/208 172/171/173
f 207/206/208 176/175/177 172/171/173
f 2155/2027/2110 2151/2023/2106 2153/2025/2108
f 2155/2027/2110 2162/2034/2117 2171/2043/2126
f 2162/2034/2117 2172/2044/2127 2173/2045/2128
f 2162/2034/2117 2173/2045/2128 2171/2043/2126
f 2162/2034/2117 2155/2027/2110 2153/2025/2108
f 2171/2043/2126 2174/2046/2129 2079/1951/2034
f 2171/2043/2126 2175/2047/2130 2155/2027/2110
f 2079/1951/2034 2075/1947/2030 2175/2047/2130
f 2175/2047/2130 2156/2028/2111 2155/2027/2110
f 2175/2047/2130 2171/2043/2126 2079/1951/2034
f 2175/2047/2130 2176/2048/2131 2156/2028/2111
f 187/186/188 174/173/175 171/170/172
f 2068/1940/2023 2063/1935/2018 2067/1939/2022
f 191/190/192 22/22/22 192/191/193
f 23/23/23 24/24/24 19/19/19
f 2074/1946/2029 2066/1938/2021 2065/1937/2020
f 2074/1946/2029 2176/2048/2131 2075/1947/2030
f 2176/2048/2131 2175/2047/2130 2075/1947/2030
f 2177/2049/2132 2178/2050/2133 2179/2051/2134
f 2177/2049/2132 2125/1997/2080 2178/2050/2133
f 2179/2051/2134 2178/2050/2133 2180/2052/2135
f 2180/2052/2135 2181/2053/2136 2182/2054/2137
f 2115/1987/2070 2183/2055/2138 2116/1988/2071
f 2115/1987/2070 2110/1982/2065 2122/1994/2077
f 2115/1987/2070 2159/2031/2114 2184/2056/2139
f 2122/1994/2077 2121/1993/2076 2160/2032/2115
f 2122/1994/2077 2114/1986/2069 2121/1993/2076
f 2121/1993/2076 2185/2057/2140 2160/2032/2115
f 2161/2033/2116 2153/2025/2108 2152/2024/2107
f 2161/2033/2116 2160/2032/2115 2185/2057/2140
f 2185/2057/2140 2172/2044/2127 2161/2033/2116
f 2185/2057/2140 2121/1993/2076 2120/1992/2075
f 208/207/209 2186/2058/2141 206/205/207
f 2186/2058/2141 211/210/212 206/205/207
f 2187/2059/2142 2188/2060/2143 2189/2061/2144
f 2188/2060/2143 2190/2062/2145 2191/2063/2146
f 2189/2061/2144 2192/2064/2147 2187/2059/2142
f 2191/2063/2146 2189/2061/2144 2188/2060/2143
f 2193/2065/2148 2194/2066/2149 2195/2067/2150
f 2195/2067/2150 2194/2066/2149 2196/2068/2151
f 2196/2068/2151 2197/2069/2152 2198/2070/2153
f 2134/2006/2089 2132/2004/2087 2199/2071/2154
f 2134/2006/2089 2199/2071/2154 2193/2065/2148
f 2134/2006/2089 2193/2065/2148 2195/2067/2150
f 2133/2005/2088 2128/2000/2083 2134/2006/2089
f 2200/2072/2155 2201/2073/2156 2202/2074/2157
f 2200/2072/2155 2203/2075/2158 2201/2073/2156
f 2203/2075/2158 2200/2072/2155 2204/2076/2159
f 2203/2075/2158 2205/2077/2160 2201/2073/2156
f 2201/2073/2156 2168/2040/2123 2164/2036/2119
f 2143/2015/2098 2141/2013/2096 2142/2014/2097
f 2197/2069/2152 2196/2068/2151 2194/2066/2149
f 2206/2078/2161 2207/2079/2162 2208/2080/2163
f 2206/2078/2161 2208/2080/2163 2209/2081/2164
f 2207/2079/2162 2206/2078/2161 2210/2082/2165
f 2181/2053/2136 2180/2052/2135 2178/2050/2133
f 2211/2083/2166 2212/2084/2167 2213/2085/2168
f 2212/2084/2167 2211/2083/2166 2214/2086/2169
f 2213/2085/2168 2215/2087/2170 2211/2083/2166
f 2214/2086/2169 2216/2088/2171 2212/2084/2167
f 66/65/67 2101/1973/2056 2170/2042/2125
f 66/65/67 65/64/66 2100/1972/2055
f 2101/1973/2056 2100/1972/2055 2102/1974/2057
f 2102/1974/2057 134/133/135 2140/2012/2095
f 2131/2003/2086 2127/1999/2082 2133/2005/2088
f 2131/2003/2086 2181/2053/2136 2178/2050/2133
f 2124/1996/2079 2131/2003/2086 2178/2050/2133
f 2124/1996/2079 2123/1995/2078 2127/1999/2082
f 2217/2089/2172 2218/2090/2173 2219/2091/2174
f 2218/2090/2173 2220/2092/2175 2221/2093/2176
f 2218/2090/2173 2217/2089/2172 2220/2092/2175
f 2219/2091/2174 2222/2094/2177 2217/2089/2172
f 2125/1997/2080 2124/1996/2079 2178/2050/2133
f 2125/1997/2080 2223/2095/2178 2123/1995/2078
f 2224/2096/2179 2225/2097/2180 2226/2098/2181
f 2225/2097/2180 2224/2096/2179 2215/2087/2170
f 2215/2087/2170 2213/2085/2168 2225/2097/2180
f 2227/2099/2182 2187/2059/2142 2192/2064/2147
f 2192/2064/2147 2228/2100/2183 2227/2099/2182
f 2164/2036/2119 2163/2035/2118 2202/2074/2157
f 2202/2074/2157 2201/2073/2156 2164/2036/2119
f 264/263/265 2229/2101/2184 259/258/260
f 2230/2102/2185 2231/2103/2186 2232/2104/2187
f 2230/2102/2185 2233/2105/2188 2234/2106/2189
f 2233/2105/2188 2230/2102/2185 2235/2107/2190
f 2233/2105/2188 2103/1975/2058 864/821/861
f 2234/2106/2189 2233/2105/2188 863/820/860
f 2231/2103/2186 2230/2102/2185 2234/2106/2189
f 2231/2103/2186 2236/2108/2191 2237/2109/2192
f 263/262/264 258/257/259 262/261/263
f 193/192/194 192/191/193 277/276/278
f 193/192/194 274/273/275 2238/2110/2193
f 2072/1944/2027 2239/2111/2194 2240/2112/2195
f 2239/2111/2194 2072/1944/2027 2071/1943/2026
f 2239/2111/2194 2071/1943/2026 2241/2113/2196
f 2239/2111/2194 2242/2114/2197 2240/2112/2195
f 2240/2112/2195 2243/2115/2198 2244/2116/2199
f 2240/2112/2195 2244/2116/2199 2072/1944/2027
f 2071/1943/2026 2067/1939/2022 2062/1934/2017
f 2071/1943/2026 2245/2117/2200 2241/2113/2196
f 2242/2114/2197 2239/2111/2194 2246/2118/2201
f 2246/2118/2201 291/290/292 290/289/291
f 290/289/291 289/288/290 292/291/293
f 291/290/292 2239/2111/2194 2241/2113/2196
f 291/290/292 2246/2118/2201 2239/2111/2194
f 2244/2116/2199 2070/1942/2025 2072/1944/2027
f 2070/1942/2025 2067/1939/2022 2072/1944/2027
f 2247/2119/2202 2248/2120/2203 2249/2121/2204
f 2249/2121/2204 2250/2122/2205 2251/2123/2206
f 2252/2124/2207 2248/2120/2203 2247/2119/2202
f 2252/2124/2207 2253/2125/2208 2254/2126/2209
f 2250/2122/2205 2249/2121/2204 2248/2120/2203
f 2251/2123/2206 2255/2127/2210 2256/2128/2211
f 2243/2115/2198 2240/2112/2195 2242/2114/2197
f 164/163/165 2257/2129/2212 2258/2130/2213
f 164/163/165 163/162/164 170/169/171
f 165/164/166 168/167/169 163/162/164
f 165/164/166 308/307/309 168/167/169
f 165/164/166 164/163/165 2259/2131/2214
f 170/169/171 166/165/167 2059/1931/2014
f 2259/2131/2214 2258/2130/2213 2260/2132/2215
f 2259/2131/2214 310/309/311 165/164/166
f 310/309/311 308/307/309 165/164/166
f 2261/2133/2216 2256/2128/2211 2255/2127/2210
f 2256/2128/2211 2249/2121/2204 2251/2123/2206
f 2256/2128/2211 2261/2133/2216 2262/2134/2217
f 2262/2134/2217 2263/2135/2218 2264/2136/2219
f 2257/2129/2212 164/163/165 170/169/171
f 2258/2130/2213 2259/2131/2214 164/163/165
f 2263/2135/2218 2262/2134/2217 2261/2133/2216
f 2096/1968/2051 2097/1969/2052 2086/1958/2041
f 2265/2137/2220 2266/2138/2221 2267/2139/2222
f 2265/2137/2220 2267/2139/2222 2268/2140/2223
f 2266/2138/2221 2265/2137/2220 2269/2141/2224
f 2270/2142/2225 2271/2143/2226 2272/2144/2227
f 2270/2142/2225 2273/2145/2228 2271/2143/2226
f 2272/2144/2227 2271/2143/2226 2274/2146/2229
f 2275/2147/2230 2111/1983/2066 2276/2148/2231
f 2276/2148/2231 2111/1983/2066 2117/1989/2072
f 2277/2149/2232 2278/2150/2233 2279/2151/2234
f 2277/2149/2232 2280/2152/2235 2281/2153/2236
f 2280/2152/2235 2277/2149/2232 2279/2151/2234
f 2099/1971/2054 2095/1967/2050 2282/2154/2237
f 2282/2154/2237 2283/2155/2238 2099/1971/2054
f 2094/1966/2049 2283/2155/2238 2284/2156/2239
f 2094/1966/2049 2284/2156/2239 2285/2157/2240
f 2094/1966/2049 2081/1953/2036 2099/1971/2054
f 2283/2155/2238 2094/1966/2049 2099/1971/2054
f 2283/2155/2238 2282/2154/2237 2286/2158/2241
f 2284/2156/2239 2287/2159/2242 2288/2160/2243
f 2286/2158/2241 2287/2159/2242 2283/2155/2238
f 2289/2161/2244 2290/2162/2245 2291/2163/2246
f 2290/2162/2245 2292/2164/2247 2293/2165/2248
f 2290/2162/2245 2289/2161/2244 2294/2166/2249
f 2291/2163/2246 2295/2167/2250 2296/2168/2251
f 2294/2166/2249 2297/2169/2252 2298/2170/2253
f 2294/2166/2249 2299/2171/2254 2300/2172/2255
f 2294/2166/2249 2292/2164/2247 2290/2162/2245
f 2296/2168/2251 2301/2173/2256 2302/2174/2257
f 2301/2173/2256 2296/2168/2251 2295/2167/2250
f 2295/2167/2250 2303/2175/2258 2301/2173/2256
f 2295/2167/2250 2291/2163/2246 2290/2162/2245
f 2295/2167/2250 2290/2162/2245 2293/2165/2248
f 2304/2176/2259 2305/2177/2260 2306/2178/2261
f 2305/2177/2260 2304/2176/2259 2307/2179/2262
f 2305/2177/2260 2308/2180/2263 2309/2181/2264
f 2307/2179/2262 2310/2182/2265 2308/2180/2263
f 2307/2179/2262 2311/2183/2266 2312/2184/2267
f 2307/2179/2262 2308/2180/2263 2305/2177/2260
f 2313/2185/2268 2314/2186/2269 2315/2187/2270
f 2313/2185/2268 2090/1962/2271 2316/2188/2272
f 2314/2186/2269 2317/2189/2273 2318/2190/2274
f 2314/2186/2269 2319/2191/2275 2317/2189/2273
f 2314/2186/2269 2313/2185/2268 2316/2188/2272
f 2315/2187/2270 2314/2186/2269 2318/2190/2274
f 2316/2188/2272 2320/1965/2276 2319/2191/2275
f 2319/2191/2275 2314/2186/2269 2316/2188/2272
f 2319/2191/2275 2321/2192/2277 2322/2189/2278
f 2320/1965/2276 2316/2188/2272 2323/1961/2279
f 2320/1965/2276 2324/2193/2280 2319/2191/2275
f 2323/1961/2279 2316/2188/2272 2090/1962/2271
f 2299/2171/2254 2294/2166/2249 2289/2161/2244
f 2297/2169/2252 2294/2166/2249 2300/2172/2255
f 2297/2169/2252 2325/2194/2281 2298/2170/2253
f 2298/2170/2253 2326/2195/2282 2292/2164/2247
f 2087/1959/2042 2082/1954/2037 2285/2157/2240
f 2327/2196/2283 2328/2197/2284 2329/2198/2285
f 2327/2196/2283 2330/2199/2286 2331/2200/2287
f 2330/2199/2286 2332/2201/2288 2331/2200/2287
f 2333/2202/2289 2334/2203/2290 2335/2204/2291
f 2333/2202/2289 2336/2205/2292 2337/2206/2293
f 2334/2203/2290 2333/2202/2289 2337/2206/2293
f 2146/2018/2101 2148/2020/2103 2338/2207/2294
f 2205/2077/2160 2203/2075/2158 2339/2208/2295
f 2340/2209/2296 2337/2206/2293 2336/2205/2292
f 2340/2209/2296 2341/2210/2297 2342/2211/2298
f 2341/2210/2297 2343/2212/2299 2342/2211/2298
f 2341/2210/2297 2340/2209/2296 2336/2205/2292
f 2344/2213/2300 2148/2020/2103 2345/2214/2301
f 2148/2020/2103 2146/2018/2101 2142/2014/2097
f 2148/2020/2103 2344/2213/2300 2338/2207/2294
f 2148/2020/2103 135/134/136 2147/2019/2102
f 2345/2214/2301 2148/2020/2103 2147/2019/2102
f 2092/1964/2047 2089/1961/2044 2091/1963/2046
f 2303/2175/2258 2295/2167/2250 2293/2165/2248
f 2293/2165/2248 2346/2215/2302 2347/2175/2303
f 2287/2159/2242 2284/2156/2239 2283/2155/2238
f 2287/2159/2242 2348/2216/2304 2349/2217/2305
f 2287/2159/2242 2286/2158/2241 2350/2218/2306
f 2292/2164/2247 2294/2166/2249 2298/2170/2253
f 2292/2164/2247 2351/2219/2307 2293/2165/2248
f 2352/2220/2308 2315/2187/2270 2318/2190/2274
f 2318/2190/2274 2317/2189/2273 2353/2221/2309
f 2354/2222/2310 2328/2197/2284 2355/2223/2311
f 2328/2197/2284 2354/2222/2310 2329/2198/2285
f 2328/2197/2284 2327/2196/2283 2331/2200/2287
f 2168/2040/2123 2201/2073/2156 2205/2077/2160
f 2356/2224/2312 2306/2178/2261 2305/2177/2260
f 2356/2224/2312 2305/2177/2260 2357/2225/2313
f 2357/2225/2313 2309/2181/2264 2358/2226/2314
f 2309/2181/2264 2359/2227/2315 2360/2228/2316
f 2309/2181/2264 2357/2225/2313 2305/2177/2260
f 2358/2226/2314 2360/2228/2316 2361/2229/2317
f 2358/2226/2314 2309/2181/2264 2360/2228/2316
f 2308/2180/2263 2362/2230/2318 2359/2227/2315
f 2324/2193/2280 2363/2231/2319 2321/2192/2277
f 2324/2193/2280 2320/1965/2276 2364/2232/2320
f 2364/2232/2320 2365/2233/2321 2324/2193/2280
f 2310/2182/2265 2307/2179/2262 2312/2184/2267
f 2310/2182/2265 2366/2234/2322 2308/2180/2263
f 2366/2234/2322 2367/2235/2323 2362/2230/2318
f 2366/2234/2322 2310/2182/2265 2368/2236/2324
f 2368/2236/2324 2369/2237/2325 2366/2234/2322
f 2368/2236/2324 2370/2238/2326 2371/2239/2327
f 2325/2194/2281 2297/2169/2252 2372/2240/2328
f 2325/2194/2281 2373/2241/2329 2298/2170/2253
f 2285/2157/2240 2284/2156/2239 2374/2242/2330
f 2285/2157/2240 2082/1954/2037 2094/1966/2049
f 2374/2242/2330 2288/2160/2243 2375/2243/2331
f 2361/2229/2317 2360/2228/2316 2376/2244/2332
f 2359/2227/2315 2376/2244/2332 2360/2228/2316
f 2359/2227/2315 2309/2181/2264 2308/2180/2263
f 2359/2227/2315 2377/2245/2333 2376/2244/2332
f 2326/2195/2282 2378/2246/2334 2379/2247/2335
f 2326/2195/2282 2298/2170/2253 2373/2241/2329
f 2373/2241/2329 2325/2194/2281 2380/2248/2336
f 2377/2245/2333 2367/2235/2323 2381/2249/2337
f 2377/2245/2333 2359/2227/2315 2362/2230/2318
f 2377/2245/2333 2362/2230/2318 2367/2235/2323
f 2362/2230/2318 2308/2180/2263 2366/2234/2322
f 2288/2160/2243 2287/2159/2242 2349/2217/2305
f 2288/2160/2243 2374/2242/2330 2284/2156/2239
f 2288/2160/2243 2349/2217/2305 2382/2250/2338
f 2375/2243/2331 2382/2250/2338 2383/2251/2339
f 2380/2248/2336 2378/2246/2334 2373/2241/2329
f 2346/2215/2302 2384/2252/2340 2385/2253/2341
f 2346/2215/2302 2293/2165/2248 2351/2219/2307
f 2347/2175/2303 2386/2254/2342 2387/2255/2343
f 2351/2219/2307 2292/2164/2247 2326/2195/2282
f 2351/2219/2307 2326/2195/2282 2379/2247/2335
f 2321/2192/2344 2388/2256/2345 2389/2257/2346
f 2321/2192/2277 2319/2191/2275 2324/2193/2280
f 2370/2238/2326 2368/2236/2324 2310/2182/2265
f 2386/2254/2342 2347/2175/2303 2346/2215/2302
f 2386/2254/2342 2346/2215/2302 2385/2253/2341
f 2385/2253/2341 2390/2258/2347 2391/2259/2348
f 2385/2253/2341 2392/2260/2349 2393/2261/2350
f 2385/2253/2341 2393/2261/2350 2386/2254/2342
f 2394/2262/2351 2395/2263/2352 2396/2264/2353
f 2394/2262/2351 2397/2265/2354 2398/2266/2355
f 2394/2262/2351 2398/2266/2355 2399/2267/2356
f 2397/2265/2354 2400/2268/2357 2401/2269/2358
f 2397/2265/2354 2401/2269/2358 2398/2266/2355
f 2402/2270/2359 2403/2271/2360 2404/2272/2361
f 2403/2271/2360 2402/2270/2359 2405/2273/2362
f 2404/2272/2361 2406/2274/2363 2407/2275/2364
f 2405/2273/2362 2402/2270/2359 2408/2276/2365
f 2384/2252/2340 2346/2215/2302 2351/2219/2307
f 2384/2252/2340 2409/2277/2366 2390/2258/2347
f 2410/2278/2367 2411/2279/2368 2412/2280/2369
f 2410/2278/2367 2413/2281/2370 2414/2282/2371
f 2411/2279/2368 2415/2283/2372 2412/2280/2369
f 2415/2283/2372 2416/2284/2373 2417/2285/2374
f 2407/2275/2364 2414/2282/2371 2413/2281/2370
f 2414/2282/2371 2407/2275/2364 2406/2274/2363
f 2413/2281/2370 2410/2278/2367 2412/2280/2369
f 2406/2274/2363 2404/2272/2361 2403/2271/2360
f 2382/2250/2338 2418/2286/2375 2383/2251/2339
f 2382/2250/2338 2419/2287/2376 2420/2288/2377
f 2382/2250/2338 2375/2243/2331 2288/2160/2243
f 2378/2246/2334 2421/2289/2378 2379/2247/2335
f 2378/2246/2334 2380/2248/2336 2422/2290/2379
f 2378/2246/2334 2423/2291/2380 2421/2289/2378
f 2378/2246/2334 2326/2195/2282 2373/2241/2329
f 2424/2292/2381 2425/2293/2382 2426/2294/2383
f 2424/2292/2381 2426/2294/2383 2427/2295/2384
f 2424/2292/2381 2428/2296/2385 2429/2297/2386
f 2425/2293/2382 2430/2298/2387 2431/2299/2388
f 2425/2293/2382 2432/2300/2389 2426/2294/2383
f 2426/2294/2383 2433/2301/2390 2434/2302/2391
f 2427/2295/2384 2435/2303/2392 2428/2296/2385
f 2427/2295/2384 2434/2302/2391 2436/2304/2393
f 2437/2305/2394 2438/2306/2395 2439/2307/2396
f 2437/2305/2394 2439/2307/2396 2440/2308/2397
f 2437/2305/2394 2441/2309/2398 2442/2310/2399
f 2441/2309/2398 2437/2305/2394 2440/2308/2397
f 2442/2310/2399 2443/2311/2400 2444/2312/2401
f 2445/2313/2402 2446/2314/2403 2447/2315/2404
f 2445/2313/2402 2448/2316/2405 2446/2314/2403
f 2445/2313/2402 2447/2315/2404 2449/2317/2406
f 2447/2315/2404 2450/2318/2407 2451/2319/2408
f 2447/2315/2404 2446/2314/2403 2452/2320/2409
f 2453/2321/2410 2454/2322/2411 2455/2323/2412
f 2454/2322/2411 2453/2321/2410 2456/2324/2413
f 2432/2300/2389 2457/2325/2414 2433/2301/2390
f 2432/2300/2389 2425/2293/2382 2458/2326/2415
f 2457/2325/2414 2432/2300/2389 2459/2327/2416
f 2433/2301/2390 2426/2294/2383 2432/2300/2389
f 2433/2301/2390 2460/2328/2417 2461/2329/2418
f 2462/2330/2419 2463/2331/2420 2464/2332/2421
f 2462/2330/2419 2465/2333/2422 2466/2334/2423
f 2466/2334/2423 2467/2335/2424 2462/2330/2419
f 2467/2335/2424 2463/2331/2420 2462/2330/2419
f 2429/2297/2386 2428/2296/2385 2468/2336/2425
f 2429/2297/2386 2430/2298/2387 2424/2292/2381
f 2430/2298/2387 2429/2297/2386 2469/2337/2426
f 2430/2298/2387 2425/2293/2382 2424/2292/2381
f 2470/2338/2427 2471/2339/2428 2472/2340/2429
f 2470/2338/2427 2473/2341/2430 2474/2342/2431
f 2471/2339/2428 2470/2338/2427 2474/2342/2431
f 2474/2342/2431 2475/2343/2432 2476/2344/2433
f 2464/2332/2421 2477/2345/2434 2478/2346/2435
f 2479/2233/2436 2480/2347/2437 2481/2231/2438
f 2480/2347/2437 2479/2233/2436 2482/2348/2439
f 2482/2348/2439 2483/2349/2440 2484/2350/2441
f 2485/2351/2442 2486/2352/2443 2487/2335/2444
f 2485/2351/2442 2488/2353/2445 2489/2354/2446
f 2485/2351/2442 2490/2355/2447 2488/2353/2445
f 2488/2353/2445 2491/2356/2448 2489/2354/2446
f 2489/2354/2446 2486/2352/2443 2485/2351/2442
f 2486/2352/2443 2492/2357/2449 2493/2358/2450
f 2494/2359/2451 2495/2360/2452 2496/2361/2453
f 2495/2360/2452 2494/2359/2451 2497/2362/2454
f 2495/2360/2452 2498/2363/2455 2499/2364/2456
f 2495/2360/2452 2500/2365/2457 2496/2361/2453
f 2496/2361/2453 2500/2365/2457 2501/2366/2458
f 2502/2367/2459 2503/2368/2460 2504/2369/2461
f 2502/2367/2459 2505/2370/2462 2506/2371/2463
f 2503/2368/2460 2507/2372/2464 2508/2373/2465
f 2508/2373/2465 2504/2369/2461 2503/2368/2460
s 0
f 2509/2374/2466 2510/2375/2466 2511/2376/2466
f 2510/2375/2466 2512/2377/2466 2513/2378/2466
f 2510/2375/2466 2514/2379/2466 2511/2376/2466
f 2510/2375/2466 2515/2380/2466 2514/2379/2466
f 2510/2375/2466 2509/2374/2466 2516/2381/2466
s 1
f 2517/2382/2467 2518/2383/2468 2519/2384/2469
f 2517/2382/2467 2520/2385/2470 2521/2386/2471
f 2517/2382/2467 2521/2386/2471 2522/2387/2472
f 2518/2383/2468 2517/2382/2467 2522/2387/2472
f 2519/2384/2469 2523/2388/2473 2524/2389/2474
s 0
f 2525/2390/2475 2526/2391/2475 2527/2392/2475
f 2525/2390/2476 2527/2392/2476 2528/2393/2476
f 2525/2390/2477 2529/2394/2477 2530/2395/2477
f 2528/2393/2478 2527/2392/2478 2531/2396/2478
f 2528/2393/2479 2531/2396/2479 2532/2397/2479
f 2529/2394/2480 2525/2390/2480 2528/2393/2480
f 2529/2394/2481 2533/2398/2481 2534/2399/2481
f 2530/2395/2482 2535/2400/2482 2536/2401/2482
f 2530/2395/2483 2537/2402/2483 2538/2403/2483
f 2530/2395/2484 2538/2403/2484 2525/2390/2484
f 2533/2398/2485 2539/2404/2485 2540/2405/2485
f 2533/2398/2486 2528/2393/2486 2532/2397/2486
f 2533/2398/2487 2529/2394/2487 2528/2393/2487
f 2534/2399/2488 2533/2398/2488 2540/2405/2488
f 2534/2399/2489 2540/2405/2489 2541/2406/2489
s 1
f 2542/2407/2490 2543/2372/2491 2544/2408/2492
f 2542/2407/2490 2544/2408/2492 2545/2409/2493
f 2542/2407/2490 2546/2410/2494 2547/2411/2495
f 2543/2372/2491 2548/2368/2496 2549/2412/2497
f 2550/2374/2498 2551/2413/2498 2552/2381/2499
f 2551/2413/2498 2553/2414/2500 2552/2381/2499
f 2552/2381/2499 2554/2415/2501 2555/2377/2502
s 0
f 2537/2402/2503 2556/2416/2503 2557/2417/2503
f 2537/2402/2504 2536/2401/2504 2558/2418/2504
f 2526/2391/2505 2525/2390/2505 2538/2403/2505
f 2557/2417/2506 2526/2391/2506 2538/2403/2506
f 2557/2417/2507 2538/2403/2507 2537/2402/2507
f 2559/2419/2466 2560/2420/2466 2561/2421/2466
f 2559/2419/2466 2562/2422/2466 2513/2378/2466
f 2560/2420/2466 2513/2378/2466 2512/2377/2466
f 2561/2421/2466 2563/2423/2466 2559/2419/2466
f 2563/2423/2466 2564/2424/2466 2565/2425/2466
f 2563/2423/2466 2566/2426/2466 2559/2419/2466
f 2563/2423/2466 2567/2427/2466 2566/2426/2466
s 1
f 2568/2428/2508 2475/2343/2432 2569/2429/2509
f 2568/2428/2508 2570/2430/2510 2571/2431/2511
f 2568/2428/2508 2569/2429/2509 2572/2432/2512
f 2570/2430/2510 2572/2432/2512 2573/2433/2513
f 2570/2430/2510 2568/2428/2508 2572/2432/2512
f 2570/2430/2510 2573/2433/2513 2574/2434/2514
f 2572/2432/2512 2575/2435/2515 2573/2433/2513
f 2443/2311/2400 2442/2310/2399 2441/2309/2398
f 2468/2336/2425 2576/2436/2516 2577/2437/2517
f 2468/2336/2425 2578/2438/2518 2429/2297/2386
f 2428/2296/2385 2435/2303/2392 2579/2439/2519
f 2428/2296/2385 2424/2292/2381 2427/2295/2384
f 2434/2302/2391 2580/2440/2520 2436/2304/2393
f 2434/2302/2391 2427/2295/2384 2426/2294/2383
f 2434/2302/2391 2461/2329/2418 2580/2440/2520
f 2507/2372/2464 2581/2407/2521 2582/2441/2522
f 2582/2441/2522 2508/2373/2465 2507/2372/2464
f 2581/2407/2521 2583/2442/2523 2584/2443/2524
f 2584/2443/2524 2582/2441/2522 2581/2407/2521
f 2461/2329/2418 2434/2302/2391 2433/2301/2390
f 2450/2318/2407 2447/2315/2404 2452/2320/2409
f 2451/2319/2408 2473/2341/2430 2447/2315/2404
f 2451/2319/2408 2575/2435/2515 2572/2432/2512
f 2451/2319/2408 2572/2432/2512 2569/2429/2509
f 2585/2444/2525 2586/2445/2526 2587/2385/2527
f 2585/2444/2525 2587/2385/2527 2588/2382/2528
f 2586/2445/2526 2589/2446/2529 2590/2447/2530
f 2586/2445/2526 2590/2447/2530 2587/2385/2527
f 2588/2382/2528 2591/2448/2531 2585/2444/2525
f 2575/2435/2515 2451/2319/2408 2450/2318/2407
f 2569/2429/2509 2474/2342/2431 2473/2341/2430
f 2473/2341/2430 2470/2338/2427 2449/2317/2406
f 2473/2341/2430 2449/2317/2406 2447/2315/2404
f 2473/2341/2430 2451/2319/2408 2569/2429/2509
f 2475/2343/2432 2474/2342/2431 2569/2429/2509
f 2475/2343/2432 2568/2428/2508 2592/2449/2532
f 2435/2303/2392 2427/2295/2384 2436/2304/2393
f 2435/2303/2392 2593/2450/2533 2594/2451/2534
f 2435/2303/2392 2594/2451/2534 2579/2439/2519
f 2579/2439/2519 2595/2452/2535 2576/2436/2516
f 2579/2439/2519 2468/2336/2425 2428/2296/2385
f 2579/2439/2519 2594/2451/2534 2596/2453/2536
f 2593/2450/2533 2435/2303/2392 2436/2304/2393
f 2593/2450/2533 2436/2304/2393 2580/2440/2520
f 2576/2436/2516 2468/2336/2425 2579/2439/2519
f 2589/2446/2529 2597/2454/2537 2590/2447/2530
f 2477/2345/2434 2598/2455/2538 2478/2346/2435
f 2477/2345/2434 2464/2332/2421 2463/2331/2420
f 2598/2455/2538 2477/2345/2434 2599/2456/2539
f 2600/2457/2540 2498/2363/2455 2601/2458/2541
f 2600/2457/2540 2602/2459/2542 2603/2460/2543
f 2498/2363/2455 2600/2457/2540 2604/2461/2544
f 2498/2363/2455 2495/2360/2452 2497/2362/2454
f 2604/2461/2544 2603/2460/2543 2605/2462/2545
f 2604/2461/2544 2499/2364/2456 2498/2363/2455
f 2606/2463/2546 2607/2464/2547 2608/2465/2548
f 2606/2463/2546 2609/2466/2549 2607/2464/2547
f 2608/2465/2548 2607/2464/2547 2610/2467/2550
f 2608/2465/2548 2611/2468/2551 2612/2469/2552
f 2610/2467/2550 2613/2470/2553 2608/2465/2548
f 2614/2471/2554 2615/2472/2555 2616/2473/2556
f 2615/2472/2555 2614/2471/2554 2617/2474/2557
f 2617/2474/2557 2618/2389/2558 2615/2472/2555
f 2617/2474/2557 2619/2475/2559 2618/2389/2558
f 2620/2476/2560 2621/2477/2561 2622/2478/2562
f 2621/2477/2561 2620/2476/2560 2623/2479/2563
f 2622/2478/2562 2493/2358/2450 2492/2357/2449
f 2622/2478/2562 2624/2480/2564 2625/2481/2565
f 2613/2470/2553 2626/2482/2566 2611/2468/2551
f 2613/2470/2553 2627/2483/2567 2628/2484/2568
f 2613/2470/2553 2610/2467/2550 2629/2485/2569
f 2627/2483/2567 2613/2470/2553 2629/2485/2569
f 2591/2448/2531 2588/2382/2528 2630/2384/2570
f 2631/2486/2571 2605/2462/2545 2609/2466/2549
f 2631/2486/2571 2609/2466/2549 2606/2463/2546
f 2631/2486/2571 2632/2487/2572 2499/2364/2456
f 2583/2442/2523 2581/2407/2521 2633/2411/2573
f 2633/2411/2573 2634/2488/2574 2635/2489/2575
f 2554/2415/2501 2552/2381/2499 2553/2414/2500
f 2636/2396/2576 2637/2490/2577 2638/2491/2578
f 2636/2396/2576 2639/2492/2579 2640/2397/2580
f 2637/2490/2577 2636/2396/2576 2641/2392/2581
f 2641/2392/2581 2642/2391/2582 2643/2493/2583
f 2644/2494/2584 2645/2495/2523 2646/2496/2585
f 2644/2494/2584 2647/2497/2524 2645/2495/2523
f 2645/2495/2523 2648/2498/2586 2646/2496/2585
f 2649/2499/2587 2650/2500/2588 2651/2501/2589
f 2650/2500/2588 2649/2499/2587 2652/2502/2590
f 2651/2501/2589 2650/2500/2588 2653/2503/2591
f 2652/2502/2590 2654/2504/2585 2655/2505/2592
f 2639/2492/2579 2636/2396/2576 2638/2491/2578
f 2640/2397/2580 2656/2506/2593 2657/2404/2594
f 2654/2504/2585 2652/2502/2590 2649/2499/2587
s 0
f 2513/2378/2466 2560/2420/2466 2559/2419/2466
f 2513/2378/2466 2515/2380/2466 2510/2375/2466
f 2515/2380/2595 2658/2507/2595 2659/2508/2595
f 2515/2380/2596 2659/2508/2596 2514/2379/2596
f 2515/2380/2466 2513/2378/2466 2562/2422/2466
f 2562/2422/2466 2559/2419/2466 2660/2509/2466
f 2562/2422/2597 2658/2507/2597 2515/2380/2597
s 1
f 2661/2424/2598 2662/2421/2599 2663/2510/2600
f 2662/2421/2599 2664/2511/2601 2663/2510/2600
f 2664/2511/2601 2665/2420/2602 2666/2512/2603
s 0
f 2540/2405/2604 2539/2404/2604 2667/2513/2604
f 2541/2406/2605 2668/2514/2605 2534/2399/2605
f 2541/2406/2606 2669/2515/2606 2670/2516/2606
f 2669/2515/2607 2541/2406/2607 2540/2405/2607
f 2669/2515/2608 2540/2405/2608 2667/2513/2608
f 2539/2404/2609 2533/2398/2609 2532/2397/2609
f 2566/2426/2610 2671/2517/2610 2672/2518/2610
f 2566/2426/2466 2672/2518/2466 2660/2509/2466
f 2566/2426/2466 2660/2509/2466 2559/2419/2466
f 2672/2518/2611 2671/2517/2611 2558/2418/2611
f 2672/2518/2612 2558/2418/2612 2536/2401/2612
f 2660/2509/2466 2672/2518/2466 2673/2519/2466
f 2660/2509/2613 2674/2520/2613 2562/2422/2613
f 2673/2519/2614 2536/2401/2614 2535/2400/2614
f 2673/2519/2615 2668/2514/2615 2674/2520/2615
s 1
f 2419/2287/2376 2382/2250/2338 2349/2217/2305
f 2349/2217/2305 2675/2521/2616 2419/2287/2376
f 2349/2217/2305 2348/2216/2304 2675/2521/2616
f 2676/2522/2617 2677/2523/2618 2678/2524/2619
f 2677/2523/2618 2676/2522/2617 2408/2276/2365
f 2678/2524/2619 2679/2525/2620 2676/2522/2617
f 2408/2276/2365 2402/2270/2359 2677/2523/2618
f 2348/2216/2304 2287/2159/2242 2350/2218/2306
f 2363/2231/2319 2324/2193/2280 2365/2233/2321
f 2365/2233/2321 2364/2232/2320 2483/2349/2621
f 2416/2284/2373 2680/2526/2622 2417/2285/2374
f 2416/2284/2373 2415/2283/2372 2411/2279/2368
f 2416/2284/2373 2681/2527/2623 2680/2526/2622
f 2681/2527/2623 2682/2528/2624 2680/2526/2622
f 2483/2349/2440 2482/2348/2439 2479/2233/2436
s 0
f 2674/2520/2625 2683/2529/2625 2658/2507/2625
f 2674/2520/2626 2660/2509/2626 2673/2519/2626
s 1
f 2369/2237/2325 2368/2236/2324 2684/2530/2627
f 2369/2237/2325 2685/2531/2628 2367/2235/2323
f 2684/2530/2627 2686/2532/2629 2369/2237/2325
f 2687/2533/2630 2688/2534/2631 2689/2535/2632
f 2688/2534/2631 2682/2528/2624 2689/2535/2632
f 2688/2534/2631 2687/2533/2630 2690/2536/2633
f 2682/2528/2624 2681/2527/2623 2689/2535/2632
f 2388/2256/2345 2321/2192/2344 2691/2231/2634
f 2691/2231/2634 2692/2537/2635 2388/2256/2345
f 2367/2235/2323 2366/2234/2322 2369/2237/2325
f 2367/2235/2323 2693/2538/2636 2381/2249/2337
f 2401/2269/2358 2694/2539/2637 2695/2540/2638
f 2694/2539/2637 2401/2269/2358 2400/2268/2357
f 2694/2539/2637 2696/2541/2639 2695/2540/2638
f 2546/2410/2494 2542/2407/2490 2545/2409/2493
f 2697/2473/2640 2698/2472/2641 2699/2542/2642
f 2699/2542/2642 2698/2472/2641 2700/2543/2643
f 2700/2543/2643 2524/2389/2474 2523/2388/2473
f 2524/2389/2474 2700/2543/2643 2698/2472/2641
f 2523/2388/2473 2519/2384/2469 2518/2383/2468
f 2643/2493/2583 2637/2490/2577 2641/2392/2581
f 2701/2544/2644 2702/2545/2645 2703/2546/2646
f 2702/2545/2645 2704/2547/2647 2705/2548/2648
f 2702/2545/2645 2701/2544/2644 2704/2547/2647
f 2476/2344/2433 2471/2339/2428 2474/2342/2431
f 2396/2264/2353 2706/2549/2649 2707/2550/2650
f 2706/2549/2649 2708/2551/2651 2707/2550/2650
f 2706/2549/2649 2396/2264/2353 2395/2263/2352
f 2395/2263/2352 2394/2262/2351 2399/2267/2356
f 2709/2552/2652 2710/2553/2653 2711/2554/2654
f 2709/2552/2652 2712/2323/2655 2710/2553/2653
f 2713/2555/2656 2714/2556/2657 2602/2459/2542
f 2714/2556/2657 2713/2555/2656 2715/2557/2658
f 2602/2459/2542 2600/2457/2540 2713/2555/2656
f 2632/2487/2572 2631/2486/2571 2606/2463/2546
f 2632/2487/2572 2716/2558/2659 2717/2559/2660
f 2499/2364/2456 2604/2461/2544 2631/2486/2571
f 2717/2559/2660 2495/2360/2452 2499/2364/2456
f 2717/2559/2660 2716/2558/2659 2718/2560/2661
f 2717/2559/2660 2499/2364/2456 2632/2487/2572
f 2611/2468/2551 2719/2561/2662 2720/2562/2663
f 2611/2468/2551 2608/2465/2548 2613/2470/2553
f 2612/2469/2552 2632/2487/2572 2606/2463/2546
f 2612/2469/2552 2606/2463/2546 2608/2465/2548
f 2716/2558/2659 2632/2487/2572 2612/2469/2552
f 2716/2558/2659 2721/2563/2664 2718/2560/2661
f 2720/2562/2663 2716/2558/2659 2612/2469/2552
f 2720/2562/2663 2719/2561/2662 2722/2564/2665
f 2720/2562/2663 2612/2469/2552 2611/2468/2551
f 2492/2357/2449 2491/2356/2448 2723/2565/2666
f 2492/2357/2449 2723/2565/2666 2622/2478/2562
f 2492/2357/2449 2486/2352/2443 2489/2354/2446
f 2723/2565/2666 2620/2476/2560 2622/2478/2562
f 2626/2482/2566 2613/2470/2553 2628/2484/2568
f 2719/2561/2662 2611/2468/2551 2626/2482/2566
f 2491/2356/2448 2492/2357/2449 2489/2354/2446
f 2491/2356/2448 2488/2353/2445 2724/2566/2667
f 2625/2481/2565 2725/2567/2668 2726/2456/2669
f 2625/2481/2565 2727/2345/2670 2493/2358/2450
f 2727/2345/2670 2625/2481/2565 2726/2456/2669
f 2493/2358/2450 2622/2478/2562 2625/2481/2565
f 2728/2331/2671 2493/2358/2450 2727/2345/2670
f 2728/2331/2671 2486/2352/2443 2493/2358/2450
f 2147/2019/2102 137/136/138 158/157/159
f 2147/2019/2102 2729/2568/2672 2345/2214/2301
f 2730/2569/2673 2731/2570/2674 2732/2571/2675
f 2730/2569/2673 2733/2572/2676 2734/2573/2677
f 2731/2570/2674 2735/2574/2678 2732/2571/2675
f 2731/2570/2674 2730/2569/2673 2736/2575/2679
f 2487/2335/2444 2737/2576/2680 2485/2351/2442
f 2487/2335/2444 2486/2352/2443 2728/2331/2671
f 2738/2577/2681 2425/2293/2382 2431/2299/2388
f 2738/2577/2681 2431/2299/2388 2739/2578/2682
f 2740/2579/2683 2741/2580/2684 2742/2581/2685
f 2741/2580/2684 2740/2579/2683 2743/2344/2686
f 2743/2344/2686 2744/2582/2687 2745/2339/2688
f 2721/2563/2664 2716/2558/2659 2720/2562/2663
f 2721/2563/2664 2720/2562/2663 2722/2564/2665
f 2721/2563/2664 2722/2564/2665 2746/2583/2689
f 2718/2560/2661 2721/2563/2664 2747/2584/2690
f 2718/2560/2661 2500/2365/2457 2717/2559/2660
f 2733/2572/2676 2748/2585/2691 2749/2586/2692
f 2748/2585/2691 2750/2587/2693 2749/2586/2692
f 2749/2586/2692 2734/2573/2677 2733/2572/2676
f 2734/2573/2677 2736/2575/2679 2730/2569/2673
f 2705/2548/2648 2704/2547/2647 2751/2588/2694
f 2751/2588/2694 2752/2589/2695 2705/2548/2648
f 2752/2589/2695 2751/2588/2694 2753/2590/2696
f 2500/2365/2457 2495/2360/2452 2717/2559/2660
f 2500/2365/2457 2718/2560/2661 2754/2591/2697
f 2722/2564/2665 2755/2592/2698 2746/2583/2689
f 2690/2536/2633 2756/2593/2699 2757/2594/2700
f 2756/2593/2699 2690/2536/2633 2687/2533/2630
f 2758/2595/2701 2735/2574/2678 2696/2541/2639
f 2735/2574/2678 2758/2595/2701 2759/2596/2702
f 2696/2541/2639 2694/2539/2637 2758/2595/2701
f 2759/2596/2702 2732/2571/2675 2735/2574/2678
s 0
f 2760/2597/2466 2567/2427/2466 2565/2425/2466
f 2760/2597/2703 2761/2598/2703 2567/2427/2703
f 2761/2598/2704 2558/2418/2704 2671/2517/2704
f 2761/2598/2705 2671/2517/2705 2567/2427/2705
f 2567/2427/2466 2563/2423/2466 2565/2425/2466
f 2671/2517/2706 2566/2426/2706 2567/2427/2706
s 1
f 2708/2551/2651 2750/2587/2693 2762/2599/2707
f 2708/2551/2651 2706/2549/2649 2763/2600/2708
f 2750/2587/2693 2748/2585/2691 2762/2599/2707
f 2750/2587/2693 2708/2551/2651 2763/2600/2708
s 0
f 2668/2514/2709 2535/2400/2709 2534/2399/2709
f 2668/2514/2710 2673/2519/2710 2535/2400/2710
f 2668/2514/2711 2541/2406/2711 2683/2529/2711
f 2535/2400/2712 2529/2394/2712 2534/2399/2712
f 2535/2400/2713 2530/2395/2713 2529/2394/2713
f 2536/2401/2714 2537/2402/2714 2530/2395/2714
f 2536/2401/2715 2673/2519/2715 2672/2518/2715
s 1
f 2764/2601/2716 2765/2602/2717 2766/2603/2501
f 2765/2602/2717 2764/2601/2716 2767/2604/2718
f 2548/2368/2496 2768/2367/2719 2769/2605/2720
f 2548/2368/2496 2769/2605/2720 2549/2412/2497
f 2549/2412/2497 2544/2408/2492 2543/2372/2491
s 0
f 2658/2507/2721 2770/2606/2721 2659/2508/2721
f 2658/2507/2722 2562/2422/2722 2674/2520/2722
f 2512/2377/2466 2510/2375/2466 2516/2381/2466
s 1
f 2460/2328/2417 2433/2301/2390 2457/2325/2414
f 2768/2367/2719 2771/2607/2723 2769/2605/2720
s 0
f 2564/2424/2466 2563/2423/2466 2561/2421/2466
f 2565/2425/2466 2772/2608/2466 2773/2609/2466
s 1
f 2774/2610/2724 2775/2447/2725 2776/2454/2724
f 2775/2447/2725 2774/2610/2724 2777/2611/2726
f 2777/2611/2726 2520/2385/2470 2775/2447/2725
s 0
f 2773/2609/2466 2760/2597/2466 2565/2425/2466
s 1
f 2771/2607/2723 2768/2367/2719 2778/2371/2727
f 2778/2371/2727 2711/2554/2654 2771/2607/2723
f 2778/2371/2727 2709/2552/2652 2711/2554/2654
f 2665/2420/2602 2664/2511/2601 2662/2421/2599
s 0
f 2683/2529/2728 2541/2406/2728 2670/2516/2728
f 2683/2529/2729 2674/2520/2729 2668/2514/2729
f 2683/2529/2730 2670/2516/2730 2770/2606/2730
f 2770/2606/2731 2658/2507/2731 2683/2529/2731
f 2558/2418/2732 2761/2598/2732 2556/2416/2732
f 2556/2416/2733 2537/2402/2733 2558/2418/2733
s 1
f 2595/2452/2535 2579/2439/2519 2596/2453/2536
f 2779/2612/2591 2780/2613/2588 2781/2614/2734
f 2780/2613/2588 2782/2603/2735 2781/2614/2734
f 2782/2603/2735 2783/2615/2590 2784/2601/2736
f 2120/1992/2075 2114/1986/2069 2113/1985/2068
f 2785/2616/2737 2653/2503/2591 2786/2617/2738
f 2653/2503/2591 2787/2618/2739 2786/2617/2738
f 2653/2503/2591 2785/2616/2737 2651/2501/2589
f 2520/2385/2470 2777/2611/2726 2521/2386/2471
s 0
f 2772/2608/2466 2565/2425/2466 2564/2424/2466
s 1
f 2656/2506/2593 2640/2397/2580 2639/2492/2579
f 2657/2404/2594 2788/2619/2740 2789/2513/2741
f 2788/2619/2740 2657/2404/2594 2656/2506/2593
f 2790/2620/2742 2791/2621/2743 2792/2622/2744
f 2791/2621/2743 2790/2620/2742 2268/2140/2223
f 2792/2622/2744 2793/2623/2745 2790/2620/2742
f 2268/2140/2223 2267/2139/2222 2791/2621/2743
f 2278/2150/2233 2794/2624/2746 2279/2151/2234
f 2795/2625/2747 2106/1978/2061 2104/1976/2059
f 2795/2625/2747 2104/1976/2059 2796/1975/2748
f 2106/1978/2061 2105/1977/2060 2104/1976/2059
f 2103/1975/2058 2233/2105/2188 2235/2107/2190
f 2103/1975/2058 72/71/73 864/821/861
f 863/820/860 2233/2105/2188 864/821/861
f 2311/2183/2266 2307/2179/2262 2304/2176/2259
f 2379/2247/2335 2421/2289/2378 2409/2277/2366
f 2379/2247/2335 2384/2252/2340 2351/2219/2307
f 2423/2291/2380 2378/2246/2334 2422/2290/2379
f 2797/2626/2749 2798/2627/2750 2345/2214/2301
f 2798/2627/2750 2344/2213/2300 2345/2214/2301
f 2343/2212/2299 2341/2210/2297 2799/2628/2751
f 2793/2623/2745 2792/2622/2744 2800/2629/2752
f 2183/2055/2138 2115/1987/2070 2184/2056/2139
f 2116/1988/2071 2111/1983/2066 2115/1987/2070
f 2273/2145/2228 2270/2142/2225 2801/2630/2753
f 2801/2630/2753 2802/2631/2754 2273/2145/2228
f 2801/2630/2753 2803/2632/2755 2802/2631/2754
f 2737/2576/2680 2487/2335/2444 2804/2334/2756
f 2805/2633/2757 2496/2361/2453 2501/2366/2458
f 2501/2366/2458 2500/2365/2457 2754/2591/2697
f 2747/2584/2690 2721/2563/2664 2746/2583/2689
f 2757/2594/2700 2679/2525/2620 2678/2524/2619
f 2757/2594/2700 2756/2593/2699 2679/2525/2620
f 2754/2591/2697 2718/2560/2661 2747/2584/2690
f 2755/2592/2698 2722/2564/2665 2806/2634/2758
f 2807/2635/2759 2745/2339/2688 2744/2582/2687
f 2745/2339/2688 2807/2635/2759 2472/2340/2760
f 2744/2582/2687 2743/2344/2686 2740/2579/2683
f 2490/2355/2447 2485/2351/2442 2737/2576/2680
f 2808/2636/2761 2809/2637/2762 2810/2638/2763
f 2809/2637/2762 2808/2636/2761 2811/2639/2764
f 2811/2639/2764 2812/2640/2765 2813/2641/2766
f 2812/2640/2765 2811/2639/2764 2808/2636/2761
f 2812/2640/2765 2814/2642/2767 2813/2641/2766
f 2815/2643/2768 2816/2644/2769 2817/2645/2770
f 2816/2644/2769 2815/2643/2768 2818/2646/2771
f 2818/2646/2771 2819/2647/2772 2820/2648/2773
f 2819/2647/2772 2821/2649/2774 2820/2648/2773
f 2819/2647/2772 2818/2646/2771 2815/2643/2768
f 2822/2650/2775 2823/2651/2776 2824/2652/2777
f 2823/2651/2776 2822/2650/2775 2825/2653/2778
f 2825/2653/2778 2826/2654/2779 2827/2655/2780
f 2826/2654/2779 2825/2653/2778 2822/2650/2775
f 2828/2656/2781 2829/2657/2782 2830/2658/2783
f 2828/2656/2781 2831/2659/2784 2832/2660/2785
f 2831/2659/2784 2828/2656/2781 2833/2661/2786
f 2833/2661/2786 2834/2662/2787 2831/2659/2784
f 2834/2662/2787 2833/2661/2786 2835/2663/2788
f 2814/2642/2767 2812/2640/2765 2836/2664/2789
f 2836/2664/2789 2837/2665/2790 2814/2642/2767
f 2837/2665/2790 2836/2664/2789 2838/2666/2791
f 2838/2666/2791 2839/2667/2792 2837/2665/2790
f 2839/2667/2792 2838/2666/2791 2840/2668/2793
f 2829/2657/2782 2828/2656/2781 2832/2660/2785
f 2821/2649/2774 2819/2647/2772 2841/2669/2794
f 2842/2652/2795 2843/2670/2796 2844/2671/2797
f 2843/2670/2796 2842/2652/2795 2845/2651/2798
f 2846/2672/2739 2781/2614/2734 2847/2673/2799
f 2846/2672/2739 2779/2612/2591 2781/2614/2734
f 2597/2454/2537 2589/2446/2529 2848/2674/2657
f 2849/2675/2592 2784/2601/2736 2783/2615/2590
f 2784/2601/2736 2849/2675/2592 2850/2676/2800
f 2783/2615/2590 2782/2603/2735 2780/2613/2588
f 2635/2489/2575 2583/2442/2523 2633/2411/2573
f 2647/2497/2524 2644/2494/2584 2851/2677/2801
f 2851/2677/2801 2574/2434/2514 2647/2497/2524
f 2619/2475/2559 2591/2448/2531 2630/2384/2570
f 2619/2475/2559 2630/2384/2570 2618/2389/2558
f 2605/2462/2545 2631/2486/2571 2604/2461/2544
f 2852/2678/2802 2616/2473/2556 2853/2679/2803
f 2852/2678/2802 2614/2471/2554 2616/2473/2556
f 2603/2460/2543 2604/2461/2544 2600/2457/2540
f 2505/2370/2462 2854/2552/2804 2506/2371/2463
f 2505/2370/2462 2855/2680/2805 2854/2552/2804
f 2505/2370/2462 2502/2367/2459 2504/2369/2461
f 2855/2680/2805 2455/2323/2412 2854/2552/2804
f 2855/2680/2805 2453/2321/2410 2455/2323/2412
f 2574/2434/2514 2851/2677/2801 2856/2681/2806
f 2856/2681/2806 2570/2430/2510 2574/2434/2514
f 2725/2567/2668 2625/2481/2565 2624/2480/2564
f 2624/2480/2564 2622/2478/2562 2621/2477/2561
f 2448/2316/2405 2445/2313/2402 2857/2682/2807
f 2392/2260/2349 2385/2253/2341 2391/2259/2348
f 2686/2532/2629 2684/2530/2627 2858/2683/2808
f 2418/2286/2375 2382/2250/2338 2420/2288/2377
f 2409/2277/2366 2384/2252/2340 2379/2247/2335
f 2390/2258/2347 2385/2253/2341 2384/2252/2340
f 2692/2537/2635 2691/2231/2634 2859/2347/2809
f 2693/2538/2636 2367/2235/2323 2685/2531/2628
f 2685/2531/2628 2369/2237/2325 2686/2532/2629
f 2860/2684/2810 2861/2685/2811 2862/2686/2812
f 2862/2686/2812 2863/2687/2813 2864/2688/2814
f 2862/2686/2812 2861/2685/2811 2865/2689/2815
f 2862/2686/2812 2866/2690/2816 2860/2684/2810
f 2862/2686/2812 2865/2689/2815 2867/2691/2817
f 2866/2690/2816 2868/2692/2818 2869/2693/2819
f 2866/2690/2816 2862/2686/2812 2870/2694/2820
f 2864/2688/2814 2870/2694/2820 2862/2686/2812
f 2863/2687/2813 2862/2686/2812 2867/2691/2817
f 2871/2695/2821 2872/2696/2822 2873/2697/2823
f 2871/2695/2821 2873/2697/2823 2874/2698/2824
f 2872/2696/2822 2871/2695/2821 2875/2699/2825
f 2873/2697/2823 2872/2696/2822 2876/2700/2826
f 2873/2697/2823 2876/2700/2826 2877/2701/2827
f 2873/2697/2823 2877/2701/2827 2878/2702/2828
f 2879/2703/2829 2880/2704/2830 2881/2705/2831
f 2880/2704/2830 2882/2706/2832 2883/2707/2833
f 2880/2704/2830 2884/2708/2834 2882/2706/2832
f 2880/2704/2830 2879/2703/2829 2885/2709/2835
f 2881/2705/2831 2883/2707/2833 2886/2710/2836
f 2884/2708/2834 2880/2704/2830 2885/2709/2835
f 2882/2706/2832 2884/2708/2834 2887/2711/2837
f 2882/2706/2832 2887/2711/2837 2888/2712/2838
f 2889/2713/2839 2890/2714/2840 2871/2695/2821
f 2889/2713/2839 2891/2715/2841 2890/2714/2840
f 2889/2713/2839 2874/2698/2824 2892/2716/2842
f 2890/2714/2840 2875/2699/2825 2871/2695/2821
f 2893/2717/2843 2894/2718/2844 2895/2719/2845
f 2893/2717/2843 2896/2720/2846 2897/2721/2847
f 2893/2717/2843 2895/2719/2845 2898/2722/2848
f 2896/2720/2846 2893/2717/2843 2898/2722/2848
f 2896/2720/2846 2899/2723/2849 2900/2724/2850
f 2896/2720/2846 2898/2722/2848 2899/2723/2849
f 2901/2725/2851 2902/2726/2852 2903/2727/2853
f 2901/2725/2851 2904/2728/2854 2902/2726/2852
f 2902/2726/2852 2905/2729/2855 2906/2730/2856
f 2907/2731/2857 2903/2727/2853 2902/2726/2852
f 2907/2731/2857 2906/2730/2856 2908/2732/2858
f 2909/2733/2859 2910/2734/2860 2911/2735/2861
f 2910/2734/2860 2909/2733/2859 2912/2736/2862
f 2911/2735/2861 2913/2737/2863 2914/2738/2864
f 2912/2736/2862 2915/2739/2865 2916/2740/2865
f 2917/2734/2866 2918/2741/2867 2919/2742/2868
f 2918/2741/2867 2920/2736/2869 2921/2743/2870
f 2918/2741/2867 2917/2734/2866 2920/2736/2869
f 2922/2740/2870 2921/2743/2870 2920/2736/2869
f 2915/2739/2865 2912/2736/2862 2909/2733/2859
f 2923/2744/2871 2886/2710/2836 2883/2707/2833
f 2923/2744/2871 2924/2745/2872 2925/2746/2873
f 2923/2744/2871 2883/2707/2833 2926/2747/2874
f 2924/2745/2872 2923/2744/2871 2926/2747/2874
f 2925/2746/2873 2927/2748/2875 2928/2749/2876
f 2925/2746/2873 2929/2750/2877 2923/2744/2871
f 2925/2746/2873 2924/2745/2872 2927/2748/2875
f 2926/2747/2874 2930/2751/2878 2924/2745/2872
f 2926/2747/2874 2931/2752/2879 2930/2751/2878
f 2929/2750/2877 2925/2746/2873 2932/2753/2880
f 2932/2753/2880 2928/2749/2876 2933/2754/2881
f 2932/2753/2880 2934/2755/2882 2929/2750/2877
f 2928/2749/2876 2932/2753/2880 2925/2746/2873
f 2933/2754/2881 2935/2756/2883 2936/2757/2884
f 2933/2754/2881 2937/2758/2885 2938/2759/2886
f 2927/2748/2875 2937/2758/2885 2928/2749/2876
f 2939/2760/2887 2940/2761/2888 2941/2762/2889
f 2939/2760/2887 2941/2762/2889 2942/2763/2890
f 2941/2762/2889 2943/2764/2891 2944/2765/2892
f 2942/2763/2890 2945/2766/2893 2946/2767/2894
f 2940/2761/2888 2947/2764/2895 2941/2762/2889
f 2945/2766/2893 2941/2762/2889 2944/2765/2892
f 2945/2766/2893 2942/2763/2890 2941/2762/2889
f 2943/2764/2891 2948/2768/2896 2944/2765/2892
f 2947/2764/2895 2940/2761/2888 2949/2769/2897
f 2949/2769/2897 2950/2770/2898 2947/2764/2895
f 2949/2769/2897 2951/2771/2899 2950/2770/2898
f 2952/2772/2900 2953/2773/2901 2954/2774/2878
f 2952/2772/2900 2954/2774/2878 2955/2775/2902
f 2953/2773/2901 2956/2776/2903 2954/2774/2878
f 2953/2773/2901 2957/2777/2904 2958/2778/2905
f 2953/2773/2901 2959/2779/2906 2960/2780/2907
f 2954/2774/2878 2956/2776/2903 2961/2781/2908
f 2955/2775/2902 2962/2782/2909 2952/2772/2900
f 2931/2752/2879 2963/2783/2910 2964/2784/2911
f 2965/2785/2872 2954/2774/2878 2961/2781/2908
f 2956/2776/2903 2953/2773/2901 2958/2778/2905
f 2956/2776/2903 2958/2778/2905 2966/2786/2912
f 2956/2776/2903 2967/2787/2913 2961/2781/2908
f 2968/2788/2914 2969/2789/2915 2970/2790/2916
f 2968/2788/2914 2971/2791/2917 2972/2792/2918
f 2968/2788/2914 2973/2793/2919 2974/2794/2920
f 2973/2793/2919 2975/2795/2921 2976/2796/2922
f 2973/2793/2919 2968/2788/2914 2972/2792/2918
f 2973/2793/2919 2972/2792/2918 2977/2797/2887
f 2974/2794/2920 2976/2796/2922 2978/2798/2923
f 2972/2792/2918 2979/2799/2924 2977/2797/2887
f 2979/2799/2924 2971/2791/2917 2980/2800/2925
f 2971/2791/2917 2979/2799/2924 2972/2792/2918
f 2971/2791/2917 2981/2801/2926 2982/2802/2927
f 2971/2791/2917 2983/2803/2928 2980/2800/2925
f 2971/2791/2917 2968/2788/2914 2970/2790/2916
f 2934/2755/2882 2932/2753/2880 2936/2757/2884
f 2934/2755/2882 2984/2804/2929 2929/2750/2877
f 2936/2757/2884 2932/2753/2880 2933/2754/2881
f 2985/2805/2930 2986/2806/2931 2987/2807/2932
f 2985/2805/2930 2988/2808/2933 2989/2809/2934
f 2988/2808/2933 2990/2810/2935 2989/2809/2934
f 2989/2809/2934 2991/2811/2936 2986/2806/2931
f 2990/2810/2935 2992/2812/2937 2993/2813/2938
f 2990/2810/2935 2994/2814/2939 2989/2809/2934
f 2990/2810/2935 2969/2789/2915 2995/2815/2940
f 2992/2812/2937 2990/2810/2935 2988/2808/2933
f 2993/2813/2938 2996/2816/2941 2997/2817/2942
f 2993/2813/2938 2992/2812/2937 2996/2816/2941
f 2935/2756/2883 2938/2759/2886 2998/2818/2941
f 2994/2814/2939 2978/2798/2923 2991/2811/2936
f 2994/2814/2939 2990/2810/2935 2995/2815/2940
f 2994/2814/2939 2995/2815/2940 2974/2794/2920
f 2995/2815/2940 2968/2788/2914 2974/2794/2920
f 2969/2789/2915 2999/2819/2943 2970/2790/2916
f 2969/2789/2915 3000/2820/2944 3001/2821/2945
f 2969/2789/2915 2990/2810/2935 2993/2813/2938
f 2969/2789/2915 2968/2788/2914 2995/2815/2940
f 3002/2822/2946 3003/2823/2947 3004/2824/2948
f 3003/2823/2947 3005/2825/2949 3004/2824/2948
f 3004/2824/2948 3006/2826/2950 3002/2822/2946
f 3007/2827/2951 3008/2828/2952 3009/2829/2953
f 3008/2828/2952 3007/2827/2951 3010/2830/2954
f 3008/2828/2952 3010/2830/2954 3011/2831/2955
f 3008/2828/2952 3012/2832/2956 3013/2833/2957
f 3010/2830/2954 3007/2827/2951 2960/2780/2907
f 3010/2830/2954 2960/2780/2907 2959/2779/2906
f 3014/2834/2958 3015/2835/2951 3004/2824/2948
f 3014/2834/2958 3004/2824/2948 3005/2825/2949
f 3005/2825/2949 3003/2823/2947 3016/2836/2959
f 3015/2835/2951 3017/2837/2960 3018/2838/2907
f 3019/2839/2961 3020/2840/2962 3021/2841/2963
f 3021/2841/2963 3022/2842/2964 3019/2839/2961
f 3021/2841/2963 3020/2840/2962 3023/2843/2965
f 3021/2841/2963 3023/2843/2965 3024/2844/2966
f 3022/2842/2964 3025/2845/2967 3019/2839/2961
f 3026/2846/2968 3027/2842/2969 3028/2841/2970
f 3027/2842/2969 3026/2846/2968 3029/2847/2971
f 3028/2841/2970 3030/2848/2972 3026/2846/2968
f 3029/2847/2971 3031/2849/2973 3027/2842/2969
f 3030/2848/2972 3028/2841/2970 3032/2844/2974
f 3033/2850/2975 3034/2851/2976 3035/2852/2977
f 3034/2851/2976 3036/2853/2978 3037/2854/2979
f 3034/2851/2976 3038/2855/2980 3039/2856/2981
f 3034/2851/2976 3033/2850/2975 3038/2855/2980
f 3035/2852/2977 3037/2854/2979 3040/2857/2982
f 3038/2855/2980 3041/2858/2983 3042/2859/2984
f 3038/2855/2980 3033/2850/2975 3041/2858/2983
f 3038/2855/2980 3043/2860/2985 3039/2856/2981
f 3043/2860/2985 3038/2855/2980 3044/2861/2986
f 3044/2861/2986 3038/2855/2980 3042/2859/2984
f 3045/2862/2987 3046/2863/2988 3047/2864/2989
f 3045/2862/2987 3048/2865/2990 3046/2863/2988
f 3048/2865/2990 2892/2716/2842 3046/2863/2988
f 3048/2865/2990 3049/2866/2991 2892/2716/2842
f 3046/2863/2988 2874/2698/2824 3050/2867/2992
f 3047/2864/2989 3050/2867/2992 3051/2868/2993
f 3052/2869/2994 3053/2870/2995 3054/2871/2996
f 3053/2870/2995 3052/2869/2994 3055/2872/2997
f 3053/2870/2995 3056/2873/2998 3054/2871/2996
f 3053/2870/2995 2905/2729/2855 3056/2873/2998
f 3054/2871/2996 3056/2873/2998 3057/2874/2999
f 3055/2872/2997 2906/2730/2856 3053/2870/2995
f 3050/2867/2992 3047/2864/2989 3046/2863/2988
f 3050/2867/2992 3058/2875/3000 3051/2868/2993
f 3059/2876/3001 3060/2877/3002 3061/2878/3003
f 3059/2876/3001 3062/2879/3004 3060/2877/3002
f 3060/2877/3002 3063/2880/3005 3064/2881/3006
f 3060/2877/3002 3062/2879/3004 3063/2880/3005
f 3061/2878/3003 3060/2877/3002 3065/2882/3007
f 3065/2882/3007 3064/2881/3006 3066/2883/3008
f 3067/2884/3009 3068/2885/3010 3069/2886/3011
f 3067/2884/3009 3070/2887/3001 3071/2888/3012
f 3070/2887/3001 3067/2884/3009 3069/2886/3011
f 3069/2886/3011 3068/2885/3010 3072/2889/3013
f 3069/2886/3011 3073/2890/3014 3070/2887/3001
f 3069/2886/3011 3074/2891/3015 3073/2890/3014
f 3069/2886/3011 3072/2889/3013 3075/2892/3016
f 3076/2893/3017 2874/2698/2824 2878/2702/2828
f 3076/2893/3017 3077/2894/3018 3058/2875/3000
f 3076/2893/3017 3078/2895/3019 3077/2894/3018
f 3058/2875/3000 3050/2867/2992 3076/2893/3017
f 3078/2895/3019 2878/2702/2828 3079/2896/3020
f 3080/2897/3021 3081/2898/3022 3082/2899/3023
f 3080/2897/3021 3083/2900/3024 3084/2901/3025
f 3081/2898/3022 3080/2897/3021 3085/2902/3026
f 3082/2899/3023 3086/2903/3027 3080/2897/3021
f 3085/2902/3026 3084/2901/3025 3087/2904/3028
f 2888/2712/2838 2963/2783/2910 2882/2706/2832
f 3088/2905/3029 3089/2906/3030 3090/2907/3031
f 3089/2906/3030 3088/2905/3029 3091/2908/3032
f 3090/2907/3031 3064/2881/3006 3088/2905/3029
f 3091/2908/3032 2962/2782/2909 3092/2909/3033
f 3093/2910/3034 3094/2911/3035 3095/2912/3036
f 3093/2910/3034 3096/2913/3037 3097/2914/3038
f 3094/2911/3035 3093/2910/3034 3097/2914/3038
f 3095/2912/3036 3098/2915/3039 3099/2916/3040
f 3095/2912/3036 3094/2911/3035 3098/2915/3039
f 3100/2917/3041 3101/2918/3042 3102/2919/3043
f 3100/2917/3041 3103/2920/3044 3104/2921/3045
f 3102/2919/3043 3105/2922/3046 3103/2920/3044
f 3106/2923/3047 3107/2924/3048 3102/2919/3043
f 3106/2923/3047 3102/2919/3043 3101/2918/3042
f 3062/2879/3004 3059/2876/3001 3011/2831/2955
f 3062/2879/3004 2959/2779/2906 3063/2880/3005
f 3063/2880/3005 2952/2772/2900 2962/2782/2909
f 3064/2881/3006 3065/2882/3007 3060/2877/3002
f 3064/2881/3006 3090/2907/3031 3066/2883/3008
f 3064/2881/3006 3063/2880/3005 3088/2905/3029
f 2962/2782/2909 3091/2908/3032 3088/2905/3029
f 2962/2782/2909 2955/2775/2902 3092/2909/3033
f 2962/2782/2909 3088/2905/3029 3063/2880/3005
f 2959/2779/2906 3062/2879/3004 3010/2830/2954
f 2959/2779/2906 2952/2772/2900 3063/2880/3005
f 2959/2779/2906 2953/2773/2901 2952/2772/2900
f 3074/2891/3015 3108/2892/3049 3109/2925/3050
f 3011/2831/2955 3010/2830/2954 3062/2879/3004
f 3012/2832/2956 3110/2926/3051 3013/2833/2957
f 3012/2832/2956 3008/2828/2952 3011/2831/2955
f 3111/2927/3052 2986/2806/2931 2991/2811/2936
f 3111/2927/3052 2991/2811/2936 3112/2928/3053
f 2986/2806/2931 2985/2805/2930 2989/2809/2934
f 2991/2811/2936 2978/2798/2923 3113/2929/3054
f 2991/2811/2936 2989/2809/2934 2994/2814/2939
f 3112/2928/3053 2991/2811/2936 3113/2929/3054
f 3112/2928/3053 3114/2930/3055 3111/2927/3052
f 3112/2928/3053 3115/2931/3056 3116/2932/3057
f 3113/2929/3054 3117/2933/3058 3115/2931/3056
f 2978/2798/2923 3118/2934/3059 3113/2929/3054
f 2978/2798/2923 2994/2814/2939 2974/2794/2920
f 3119/2935/3060 3120/2936/3061 2881/2705/2831
f 3119/2935/3060 3121/2937/3062 3122/2938/3052
f 3119/2935/3060 2886/2710/2836 2984/2804/2929
f 2886/2710/2836 3119/2935/3060 2881/2705/2831
f 2886/2710/2836 2923/2744/2871 2929/2750/2877
f 2984/2804/2929 2886/2710/2836 2929/2750/2877
f 3121/2937/3062 3119/2935/3060 2984/2804/2929
f 3118/2934/3059 2978/2798/2923 2976/2796/2922
f 3118/2934/3059 3123/2939/3063 3117/2933/3058
f 3118/2934/3059 2976/2796/2922 3124/2940/3064
f 2976/2796/2922 2974/2794/2920 2973/2793/2919
f 2975/2795/2921 3124/2940/3064 2976/2796/2922
f 2975/2795/2921 2973/2793/2919 2977/2797/2887
f 2975/2795/2921 3125/2941/3065 3126/2942/3066
f 2975/2795/2921 3127/2943/3067 3124/2940/3064
f 2963/2783/2910 2931/2752/2879 2926/2747/2874
f 2963/2783/2910 2888/2712/2838 2964/2784/2911
f 2883/2707/2833 2963/2783/2910 2926/2747/2874
f 2883/2707/2833 2882/2706/2832 2963/2783/2910
f 2883/2707/2833 2881/2705/2831 2880/2704/2830
f 3128/2944/3068 3129/2945/3069 3130/2946/3070
f 3128/2944/3068 3131/2947/3071 3132/2948/3072
f 3128/2944/3068 3133/2949/3073 3129/2945/3069
f 3131/2947/3071 3128/2944/3068 3130/2946/3070
f 3132/2948/3072 3134/2950/3074 3128/2944/3068
f 3132/2948/3072 3131/2947/3071 3135/2951/3075
f 3132/2948/3072 3136/2952/3076 3137/2953/3077
f 3134/2950/3074 3132/2948/3072 3137/2953/3077
f 3136/2952/3076 3138/2954/3078 3139/2955/3079
f 3136/2952/3076 3132/2948/3072 3140/2956/3080
f 3140/2956/3080 3132/2948/3072 3135/2951/3075
f 3140/2956/3080 3141/2957/3081 3138/2954/3078
f 3142/2958/3082 3110/2926/3051 3143/2959/3083
f 3142/2958/3082 3144/2960/3084 3145/2961/3085
f 3144/2960/3084 3142/2958/3082 3146/2962/3086
f 3145/2961/3085 3147/2963/3087 3142/2958/3082
f 3145/2961/3085 3144/2960/3084 3148/2964/3088
f 3146/2962/3086 3142/2958/3082 3143/2959/3083
f 3147/2963/3087 3145/2961/3085 3149/2965/3089
f 3149/2965/3089 3150/2966/3090 3151/2967/3091
f 3150/2966/3090 3149/2965/3089 3145/2961/3085
f 3151/2967/3091 3152/2968/3092 3153/2969/3093
f 3154/2966/3094 3145/2961/3085 3148/2964/3088
f 3154/2966/3094 3155/2970/3095 3156/2968/3096
f 3157/2971/3097 3158/2972/3098 3159/2973/3099
f 3157/2971/3097 3160/2974/3100 3158/2972/3098
f 3158/2972/3098 3161/2975/3101 3162/2976/3102
f 3158/2972/3098 3163/2977/3103 3164/2978/3104
f 3159/2973/3099 3165/2979/3105 3166/2980/3106
f 3159/2973/3099 3167/2981/3107 3157/2971/3097
f 3159/2973/3099 3162/2976/3102 3165/2979/3105
f 3162/2976/3102 3159/2973/3099 3158/2972/3098
f 3164/2978/3104 3168/2982/3108 3161/2975/3101
f 3164/2978/3104 3169/2983/3109 3170/2984/3110
f 3164/2978/3104 3161/2975/3101 3158/2972/3098
f 3163/2977/3103 3158/2972/3098 3160/2974/3100
f 3171/2985/3111 3172/2986/3112 3173/2987/3113
f 3171/2985/3111 3174/2988/3114 3175/2989/3114
f 3172/2986/3112 3171/2985/3111 3176/2990/3115
f 3173/2987/3113 3172/2986/3112 3177/2991/3116
f 3173/2987/3113 3177/2991/3116 3178/2992/3117
f 3176/2990/3115 3171/2985/3111 3179/2989/3118
f 3180/2993/3119 3173/2987/3113 3181/2994/3120
f 3180/2993/3119 3171/2985/3111 3173/2987/3113
f 3181/2994/3120 3178/2992/3117 3182/2995/3121
f 3178/2992/3117 3183/2996/3122 3129/2945/3069
f 3178/2992/3117 3181/2994/3120 3173/2987/3113
f 3182/2995/3121 3129/2945/3069 3133/2949/3073
f 3184/2997/3123 3185/2998/3124 3186/2999/3125
f 3184/2997/3123 3187/3000/3126 3188/3001/3127
f 3187/3000/3126 3184/2997/3123 3189/3002/3128
f 3189/3002/3128 3184/2997/3123 3186/2999/3125
f 3189/3002/3128 3186/2999/3125 3190/3003/3129
f 3185/2998/3124 3191/3004/3130 3186/2999/3125
f 3141/2957/3081 3140/2956/3080 3135/2951/3075
f 3138/2954/3078 3136/2952/3076 3140/2956/3080
f 3192/3005/3131 3193/3006/3132 3194/3007/3133
f 3192/3005/3131 3195/3008/3134 3196/3009/3135
f 3193/3006/3132 3192/3005/3131 3196/3009/3135
f 3194/3007/3133 3193/3006/3132 3197/3010/3136
f 3198/3011/3137 3199/3005/3138 3200/3007/3139
f 3199/3005/3138 3198/3011/3137 3201/3012/3140
f 3200/3007/3139 3202/3013/3141 3203/3014/3142
f 3201/3012/3140 3204/3015/3143 3205/3016/3144
f 3201/3012/3140 3205/3016/3144 3199/3005/3138
f 3203/3014/3142 3198/3011/3137 3200/3007/3139
f 3197/3010/3136 3206/3013/3145 3194/3007/3133
f 3207/3017/3146 3156/2968/3096 3208/3018/3147
f 3207/3017/3146 3209/3019/3148 3210/3020/3130
f 3209/3019/3148 3207/3017/3146 3208/3018/3147
f 3211/3021/3149 3212/3017/3150 3210/3020/3151
f 3212/3017/3150 3153/2969/3093 3152/2968/3092
f 3212/3017/3150 3211/3021/3149 3213/3022/3152
f 3214/2947/3149 3215/3023/3151 3135/2951/3075
f 3215/3023/3151 3141/2957/3081 3135/2951/3075
f 3191/3004/3130 3216/3024/3153 3186/2999/3125
f 3216/3024/3153 3190/3003/3129 3186/2999/3125
f 3217/3025/3154 3218/3026/3155 3219/3027/3156
f 3218/3026/3155 3220/3028/3157 3219/3027/3156
f 3219/3027/3156 3170/2984/3110 3169/2983/3109
f 3220/3028/3157 3168/2982/3108 3170/2984/3110
f 3221/3029/3158 3222/3030/3159 3190/3003/3129
f 3221/3029/3158 3190/3003/3129 3216/3024/3153
f 3190/3003/3129 3223/3000/3160 3189/3002/3128
f 3223/3000/3160 3190/3003/3129 3224/3031/3161
f 3225/3032/3162 3226/3033/3163 3227/3034/3164
f 3226/3033/3163 3228/3035/3165 3229/3036/3166
f 3226/3033/3163 3225/3032/3162 3228/3035/3165
f 3226/3033/3163 3230/3037/3167 3227/3034/3164
f 3230/3037/3167 3226/3033/3163 3231/3038/3168
f 3231/3038/3168 3232/3039/3169 3233/3040/3170
f 3232/3039/3169 3231/3038/3168 3226/3033/3163
f 3232/3039/3169 3226/3033/3163 3229/3036/3166
f 3234/3041/3171 3235/3042/3172 3236/3043/3173
f 3234/3041/3171 3236/3043/3173 3237/3044/3174
f 3234/3041/3171 3238/3045/3175 3239/3046/3176
f 3237/3044/3174 3236/3043/3173 3240/3047/3177
f 3237/3044/3174 3240/3047/3177 3241/3048/3178
f 3237/3044/3174 3242/3049/3179 3243/3050/3180
f 3238/3045/3175 3234/3041/3171 3237/3044/3174
f 3239/3046/3176 3244/3051/3181 3245/3052/3182
f 3239/3046/3176 3245/3052/3182 3234/3041/3171
f 3243/3050/3180 3238/3045/3175 3237/3044/3174
f 3242/3049/3179 3237/3044/3174 3241/3048/3178
f 3246/3053/3183 3247/3054/3184 3248/3055/3185
f 3247/3054/3184 3246/3053/3183 3249/3056/3186
f 3248/3055/3185 3250/3057/3187 3251/3058/3188
f 3249/3056/3186 3252/3059/3189 3253/3060/3190
f 3254/3054/3191 3255/3061/3192 3256/3062/3193
f 3255/3061/3192 3254/3054/3191 3257/3056/3194
f 3255/3061/3192 3257/3056/3194 3258/3063/3195
f 3259/3060/3196 3258/3063/3195 3257/3056/3194
f 3252/3059/3189 3249/3056/3186 3246/3053/3183
f 3260/3064/3197 3261/3065/3198 3262/3066/3199
f 3261/3065/3198 3260/3064/3197 3263/3067/3200
f 3262/3066/3199 3264/3068/3201 3265/3069/3202
f 3266/3065/3203 3267/3070/3204 3268/3071/3205
f 3267/3070/3204 3266/3065/3203 3263/3067/3206
f 3268/3071/3205 3269/3068/3207 3266/3065/3203
f 3270/3072/3204 3271/3073/3208 3272/3074/3209
f 3271/3073/3208 3270/3072/3204 3273/3075/3210
f 3272/3074/3209 3271/3073/3208 3274/3076/3211
f 3273/3075/3210 3275/3077/3212 3271/3073/3208
f 3275/3077/3212 3273/3075/3210 3276/3078/3197
f 3275/3077/3212 3277/3076/3213 3271/3073/3208
f 3278/3079/3214 3279/3080/3215 3280/3076/3216
f 3280/3076/3216 3279/3080/3215 3281/3081/3217
f 3277/3076/3213 3275/3077/3212 3282/3079/3179
f 3274/3076/3211 3283/3082/3218 3272/3074/3209
f 3283/3082/2984 3284/3076/3219 3285/3083/3220
f 3284/3076/3219 3286/3081/3221 3285/3083/3220
f 3287/3084/3222 3288/3085/3223 3289/3086/3224
f 3288/3085/3223 3287/3084/3222 3290/3087/2818
f 3289/3086/3224 3291/3088/3225 3292/3089/3226
f 3290/3087/2818 3293/3090/2814 3294/3091/3227
f 3294/3091/3227 3295/3085/3228 3290/3087/2818
f 3295/3085/3228 3294/3091/3227 3296/3092/3229
f 3296/3092/3229 3291/3088/3225 3295/3085/3228
f 3293/3090/2814 3290/3087/2818 3297/3093/3230
f 2868/2692/2818 2866/2690/2816 2870/2694/2820
f 3298/3094/3231 3299/3095/3232 3300/3096/3233
f 3298/3094/3231 3301/3097/3234 3302/3098/3235
f 3298/3094/3231 3303/3099/3236 3301/3097/3234
f 3302/3098/3235 3304/3100/3237 3305/3101/3238
f 3302/3098/3235 3301/3097/3234 3304/3100/3237
f 3299/3095/3232 3298/3094/3231 3302/3098/3235
f 3300/3096/3233 3306/3102/3239 3298/3094/3231
f 3300/3096/3233 3307/3103/3240 3306/3102/3239
f 3308/2690/3241 3309/3104/3242 3310/2684/3243
f 3309/3104/3242 3308/2690/3241 3311/2693/3244
f 3305/3101/3238 3312/3105/3245 3302/3098/3235
f 3313/3106/3246 3314/3107/3247 3315/3108/3248
f 3314/3107/3247 3313/3106/3246 3316/3109/3249
f 3315/3108/3248 3317/3110/3250 3318/3111/3251
f 3316/3109/3249 3313/3106/3246 3319/3112/3252
f 3316/3109/3249 3319/3112/3252 3320/3113/3253
f 3321/3107/3254 3322/3114/3255 3323/3110/3256
f 3321/3107/3254 3324/3109/3257 3325/3115/3258
f 3324/3109/3257 3326/3116/3259 3325/3115/3258
f 3326/3116/3259 3327/3113/3260 3328/3117/3260
f 3327/3113/3260 3326/3116/3259 3324/3109/3257
f 2957/2777/2904 2953/2773/2901 2960/2780/2907
f 2957/2777/2904 3329/3118/3261 2958/2778/2905
f 2957/2777/2904 3330/3119/3262 3331/3120/3263
f 3017/2837/2960 3015/2835/2951 3014/2834/2958
f 3332/3121/3264 3333/3122/3265 3334/3123/3266
f 3333/3122/3265 3335/3124/3267 3336/3125/3268
f 3333/3122/3265 3332/3121/3264 3337/3126/3269
f 3333/3122/3265 3337/3126/3269 3338/3127/3270
f 3334/3123/3266 3336/3125/3268 3339/3128/3271
f 3337/3126/3269 3340/3129/3272 3338/3127/3270
f 3341/3036/3273 3342/3130/3269 3343/3039/3274
f 3342/3130/3269 3344/3131/3275 3345/3040/3276
f 3346/1312/3272 3342/3130/3269 3341/3036/3273
f 3345/3040/3276 3343/3039/3274 3342/3130/3269
f 3347/3132/3277 3348/3133/3278 3349/3134/3279
f 3347/3132/3277 3350/3135/3280 3351/3136/3281
f 3347/3132/3277 3352/3137/3282 3353/3138/3283
f 3347/3132/3277 3354/3139/3284 3352/3137/3282
f 3353/3138/3283 3352/3137/3282 3355/3140/3285
f 3353/3138/3283 3355/3140/3285 3356/3141/3162
f 3348/3133/3278 3347/3132/3277 3353/3138/3283
f 3348/3133/3278 3357/3142/3286 3349/3134/3279
f 3358/3143/3287 3359/3144/3288 3348/3133/3278
f 3358/3143/3287 3353/3138/3283 3360/3145/3289
f 3358/3143/3287 3348/3133/3278 3353/3138/3283
f 3360/3145/3289 3353/3138/3283 3356/3141/3162
f 3357/3142/3286 3348/3133/3278 3359/3144/3288
f 3359/3144/3288 3358/3143/3287 3361/3146/3290
f 3362/3147/3286 3363/3148/3291 3364/3149/3292
f 3362/3147/3286 3365/3150/3293 3366/3151/3294
f 3365/3150/3293 3367/3152/3295 3366/3151/3294
f 3367/3152/3295 3365/3150/3293 3368/3153/3170
f 3369/3154/3168 3368/3153/3170 3365/3150/3293
f 3169/2983/3109 3164/2978/3104 3163/2977/3103
f 3170/2984/3110 3219/3027/3156 3220/3028/3157
f 3168/2982/3108 3220/3028/3157 3370/3155/3158
f 3168/2982/3108 3164/2978/3104 3170/2984/3110
f 3155/2970/3095 3154/2966/3094 3148/2964/3088
f 3156/2968/3096 3155/2970/3095 3208/3018/3147
f 3152/2968/3092 3151/2967/3091 3150/2966/3090
f 3153/2969/3093 3212/3017/3150 3213/3022/3152
f 3371/3156/3296 3372/3157/3297 3373/3158/3298
f 3371/3156/3296 3373/3158/3298 3374/3016/3299
f 3374/3016/3299 3373/3158/3298 3195/3008/3134
f 3195/3008/3134 3192/3005/3131 3374/3016/3299
f 3204/3015/3143 3375/3156/3300 3205/3016/3144
f 3375/3156/3300 3204/3015/3143 3376/3159/3301
f 3183/2996/3122 3178/2992/3117 3177/2991/3116
f 3129/2945/3069 3183/2996/3122 3130/2946/3070
f 3129/2945/3069 3182/2995/3121 3178/2992/3117
f 3133/2949/3073 3128/2944/3068 3134/2950/3074
f 3377/3160/3302 3317/3110/3250 3378/3161/3303
f 3377/3160/3302 3318/3111/3251 3317/3110/3250
f 3317/3110/3250 3315/3108/3248 3314/3107/3247
f 3378/3161/3303 2951/2771/2899 3377/3160/3302
f 3379/3161/3304 3323/3110/3256 3380/3162/3305
f 3379/3161/3304 2948/2768/2896 3381/2770/3306
f 3323/3110/3256 3322/3114/3255 3380/3162/3305
f 3322/3114/3255 3321/3107/3254 3325/3115/3258
f 3382/3163/3307 3383/3164/3308 3306/3102/3239
f 3382/3163/3307 3307/3103/3240 3384/3165/3309
f 3382/3163/3307 3385/3166/3310 3383/3164/3308
f 3306/3102/3239 3383/3164/3308 3303/3099/3236
f 3303/3099/3236 3298/3094/3231 3306/3102/3239
f 3307/3103/3240 3382/3163/3307 3306/3102/3239
f 3384/3165/3309 3386/3167/3311 3382/3163/3307
f 3292/3089/3226 3387/3168/3312 3388/3169/3313
f 3387/3168/3312 3292/3089/3226 3291/3088/3225
f 3387/3168/3312 3389/3170/3314 3390/3171/3315
f 3388/3169/3313 2982/2802/2927 2981/2801/2926
f 3291/3088/3225 3296/3092/3229 3389/3170/3314
f 3291/3088/3225 3289/3086/3224 3288/3085/3223
f 3389/3170/3314 3387/3168/3312 3291/3088/3225
f 3390/3171/3315 2982/2802/2927 3387/3168/3312
f 2914/2738/2864 3391/3172/3316 3392/3173/3317
f 3391/3172/3316 2914/2738/2864 2913/2737/2863
f 3392/3173/3317 3393/3174/3318 3394/3175/2896
f 2913/2737/2863 2911/2735/2861 2910/2734/2860
f 3395/3172/3319 3396/3176/3320 3397/3174/3321
f 3395/3172/3319 3398/3177/3322 3396/3176/3320
f 3398/3177/3322 3395/3172/3319 3399/2737/3323
f 3399/2737/3323 2917/2734/2866 2919/2742/2868
f 3399/2737/3323 2919/2742/2868 3398/3177/3322
f 3265/3069/3202 3400/3178/3324 3401/3179/3325
f 3400/3178/3324 3265/3069/3202 3264/3068/3201
f 3401/3179/3325 3001/2821/2945 3000/2820/2944
f 3264/3068/3201 3262/3066/3199 3261/3065/3198
f 3402/3178/3326 3403/3180/3327 3404/3181/3328
f 3403/3180/3327 3402/3178/3326 3269/3068/3207
f 3404/3181/3328 3001/2821/2945 3402/3178/3326
f 3269/3068/3207 3268/3071/3205 3403/3180/3327
f 3251/3058/3188 3405/3182/3329 3406/3183/3330
f 3405/3182/3329 3251/3058/3188 3250/3057/3187
f 3406/3183/3330 3407/3120/3331 3408/3119/3332
f 3250/3057/3187 3248/3055/3185 3247/3054/3184
f 3409/3182/3333 3410/3184/3334 3411/3185/3335
f 3409/3182/3333 3411/3185/3335 3331/3120/3263
f 3410/3184/3334 3409/3182/3333 3412/3057/3336
f 3412/3057/3336 3254/3054/3191 3256/3062/3193
f 3412/3057/3336 3256/3062/3193 3410/3184/3334
f 3413/3186/3337 3244/3051/3181 3414/3187/3338
f 3413/3186/3337 3415/3188/3339 3416/3189/3340
f 3413/3186/3337 3416/3189/3340 3245/3052/3182
f 3245/3052/3182 3416/3189/3340 3235/3042/3172
f 3235/3042/3172 3234/3041/3171 3245/3052/3182
f 3244/3051/3181 3413/3186/3337 3245/3052/3182
f 3414/3187/3338 3417/3190/3341 3413/3186/3337
f 3040/2857/2982 3418/3191/3342 3419/3192/3343
f 3418/3191/3342 3037/2854/2979 3420/3193/3344
f 3418/3191/3342 3040/2857/2982 3037/2854/2979
f 3418/3191/3342 3421/3194/3345 3422/3195/3346
f 3419/3192/3343 3422/3195/3346 3423/3196/3347
f 3037/2854/2979 3035/2852/2977 3034/2851/2976
f 3037/2854/2979 3036/2853/2978 3420/3193/3344
f 3036/2853/2978 3034/2851/2976 3039/2856/2981
f 3424/3197/3348 3350/3135/3280 3425/3198/3349
f 3350/3135/3280 3349/3134/3279 3425/3198/3349
f 3350/3135/3280 3347/3132/3277 3349/3134/3279
f 3350/3135/3280 3424/3197/3348 3426/3199/3350
f 3425/3198/3349 3349/3134/3279 3357/3142/3286
f 3426/3199/3350 3351/3136/3281 3350/3135/3280
f 3426/3199/3350 3424/3197/3348 2998/2818/2941
f 3427/3200/3351 2997/2817/2942 2996/2816/2941
f 3427/3200/3351 3364/3149/3292 3428/3201/3352
f 3364/3149/3292 3363/3148/3291 3428/3201/3352
f 3363/3148/3291 3362/3147/3286 3366/3151/3294
f 3351/3136/3281 3429/3202/3353 3430/3203/3354
f 3351/3136/3281 3430/3203/3354 3354/3139/3284
f 3351/3136/3281 3426/3199/3350 3429/3202/3353
f 3429/3202/3353 3431/3204/3355 3430/3203/3354
f 3429/3202/3353 2938/2759/2886 2937/2758/2885
f 3354/3139/3284 3347/3132/3277 3351/3136/3281
f 3339/3128/3271 3432/3205/3356 3433/3206/3357
f 3432/3205/3356 3336/3125/3268 3434/3207/3358
f 3432/3205/3356 3339/3128/3271 3336/3125/3268
f 3433/3206/3357 3435/3208/3359 3436/3209/3360
f 3336/3125/3268 3335/3124/3267 3434/3207/3358
f 3336/3125/3268 3334/3123/3266 3333/3122/3265
f 3434/3207/3358 3435/3208/3359 3432/3205/3356
f 3335/3124/3267 3333/3122/3265 3338/3127/3270
f 3437/3210/3361 3025/2845/2967 3438/2849/3362
f 3025/2845/2967 3022/2842/2964 3438/2849/3362
f 3438/2849/3362 3439/3211/3363 3437/3210/3361
f 3439/3211/3363 3440/3212/3364 3437/3210/3361
f 3441/3213/3365 3442/3211/3366 3031/2849/2973
f 3442/3211/3366 3441/3213/3365 3443/3214/3367
f 3031/2849/2973 3029/2847/2971 3441/3213/3365
f 3443/3214/3367 2966/2786/2912 3442/3211/3366
f 3444/3215/3368 3445/3216/3369 3446/3217/3370
f 3445/3216/3369 3444/3215/3368 3372/3157/3297
f 3446/3217/3370 3447/2941/3371 3444/3215/3368
f 3372/3157/3297 3371/3156/3296 3445/3216/3369
f 3448/3217/3372 3449/3218/3373 3126/2942/3066
f 3448/3217/3372 3450/3219/3374 3449/3218/3373
f 3450/3219/3374 3451/3216/3375 3376/3159/3301
f 3450/3219/3374 3448/3217/3372 3451/3216/3375
f 3451/3216/3375 3375/3156/3300 3376/3159/3301
f 3452/3220/3376 3453/3221/3377 3454/3222/3378
f 3452/3220/3376 3455/3223/3379 3456/3224/3380
f 3453/3221/3377 3457/3225/3381 3458/3226/3382
f 3457/3225/3381 3453/3221/3377 3452/3220/3376
f 3459/3227/3383 3460/3228/3384 3461/3229/3385
f 3459/3227/3383 3462/3230/3386 3460/3228/3384
f 3463/3231/3387 3464/3232/3388 3465/3233/3389
f 3466/3234/3390 3467/3235/3391 3468/3236/3392
f 3466/3234/3390 3469/3237/3393 3470/3238/3394
f 3471/3239/3395 3472/3240/3396 3473/3241/3397
f 3472/3240/3396 3474/3242/3398 3473/3241/3397
f 3472/3240/3396 3471/3239/3395 3475/3243/3399
f 3476/3244/3400 3477/3245/3401 3478/3246/3402
f 3476/3244/3400 3479/3247/3403 3477/3245/3401
f 3480/3248/3404 3468/3236/3392 3481/3249/3405
f 3480/3248/3404 3481/3249/3405 3482/3250/3406
f 3483/2130/3407 3484/3251/3408 3485/3252/3409
f 3484/3251/3408 3483/2130/3407 3486/2129/3410
f 3484/3251/3408 3486/2129/3410 3479/3247/3403
f 3484/3251/3408 3479/3247/3403 3476/3244/3400
f 3487/3253/3411 3488/3254/3412 3489/3223/3413
f 3489/3223/3413 3490/3255/3414 3487/3253/3411
f 3489/3223/3413 3488/3254/3412 3491/3232/3415
f 3491/3232/3415 3488/3254/3412 3492/3256/3416
f 3491/3232/3415 3492/3256/3416 3493/3233/3417
f 3490/3255/3414 3489/3223/3413 3494/3222/3418
f 3494/3222/3418 3495/3257/3419 3490/3255/3414
f 3496/3258/3420 3497/3235/3421 3498/3259/3422
f 3497/3235/3421 3496/3258/3420 3499/3249/3423
f 3499/3249/3423 3496/3258/3420 3500/3260/3424
f 3501/3261/3425 3502/3235/3426 3503/3238/3427
f 3502/3235/3426 3501/3261/3425 3498/3259/3428
f 3503/3238/3427 3504/3262/3429 3501/3261/3425
f 3505/3263/3430 3068/2885/3010 3506/3264/3431
f 3068/2885/3010 3505/3263/3430 3507/3265/3432
f 3068/2885/3010 3067/2884/3009 3506/3264/3431
f 3086/2903/3027 3082/2899/3023 3508/3266/3433
f 3086/2903/3027 3509/3267/3434 3510/3268/3435
f 3511/3269/3436 3512/3270/3437 3513/3271/3438
f 3512/3270/3437 3514/3272/3439 3083/2900/3024
f 3512/3270/3437 3515/3273/3440 3514/3272/3439
f 3512/3270/3437 3511/3269/3436 3516/3274/3441
f 3513/3271/3438 3083/2900/3024 3517/3275/3442
f 3518/3276/3443 3519/3277/3444 3520/3278/3445
f 3519/3277/3444 3521/3279/3446 3520/3278/3445
f 3521/3279/3446 3522/3280/3447 3523/3281/3448
f 3521/3279/3446 3524/3282/3449 3520/3278/3445
f 3525/3283/3450 3519/3277/3444 3518/3276/3443
f 3525/3283/3450 3526/3284/3451 3519/3277/3444
f 3526/3284/3451 3522/3280/3447 3519/3277/3444
f 3526/3284/3451 3527/3285/3452 3528/3286/3453
f 3526/3284/3451 3529/3287/3454 3522/3280/3447
f 3530/3288/3455 3531/3289/3456 3532/3290/3457
f 3530/3288/3455 3533/3291/3458 3534/3292/3459
f 3531/3289/3456 3530/3288/3455 3535/3293/3460
f 3531/3289/3456 3536/3294/3461 3537/3295/3462
f 3536/3294/3461 3531/3289/3456 3535/3293/3460
f 3537/3295/3462 3538/3296/3463 3539/3297/3464
f 3537/3295/3462 3536/3294/3461 3538/3296/3463
f 3540/3298/3465 3541/3299/3466 3542/3300/3467
f 3541/3299/3466 3540/3298/3465 3543/3301/3468
f 3541/3299/3466 3544/3302/3469 3545/3303/3470
f 3541/3299/3466 3546/3304/3471 3542/3300/3467
f 3547/3305/3472 3548/3306/3473 3549/3307/3474
f 3547/3305/3472 3550/3308/3475 3548/3306/3473
f 3550/3308/3475 3551/3309/3476 3548/3306/3473
f 3550/3308/3475 3552/3310/3477 3551/3309/3476
f 3549/3307/3474 3553/3311/3478 3554/3312/3479
f 3555/3313/3480 3547/3305/3472 3549/3307/3474
f 3555/3313/3480 3549/3307/3474 3556/3314/3481
f 3556/3314/3481 3549/3307/3474 3554/3312/3479
f 3553/3311/3478 3557/3315/3482 3554/3312/3479
f 3558/3316/3483 3559/3317/3484 3560/3318/3485
f 3559/3317/3484 3561/3319/3486 3560/3318/3485
f 3561/3319/3486 3562/3320/3487 3563/3321/3488
f 3561/3319/3486 3564/3322/3489 3560/3318/3485
f 3565/3323/3490 3559/3317/3484 3558/3316/3483
f 3565/3323/3490 3566/3324/3491 3559/3317/3484
f 3566/3324/3491 3567/3325/3492 3568/3326/3493
f 3566/3324/3491 3562/3320/3487 3559/3317/3484
f 3566/3324/3491 3569/3327/3494 3562/3320/3487
f 3570/3328/3495 3571/3329/3496 3572/3330/3497
f 3572/3330/3497 3573/3331/3498 3574/3332/3499
f 3575/3333/3495 3571/3329/3496 3570/3328/3495
f 3573/3331/3498 3572/3330/3497 3571/3329/3496
f 3573/3331/3498 3576/3334/3500 3574/3332/3499
f 3577/3335/3501 3578/3336/3502 3579/3337/3503
f 3577/3335/3501 3580/3338/3504 3581/3339/3505
f 3578/3336/3502 3577/3335/3501 3582/3340/3506
f 3579/3337/3503 3583/3341/3507 3584/3342/3508
f 3582/3340/3506 3581/3339/3505 3585/3343/3509
f 3582/3340/3506 3586/3344/3510 3587/3345/3511
f 3588/3346/3512 3589/3347/3513 3590/3348/3514
f 3589/3347/3513 3588/3346/3512 3591/3349/3515
f 3589/3347/3513 3592/3350/3516 3590/3348/3514
f 3586/3344/3510 3582/3340/3506 3585/3343/3509
f 3581/3339/3505 3582/3340/3506 3577/3335/3501
f 3593/3351/3517 3524/3282/3449 3594/3352/3518
f 3524/3282/3449 3521/3279/3446 3594/3352/3518
f 3524/3282/3449 3593/3351/3517 3595/3353/3519
f 3594/3352/3518 3523/3281/3448 3596/3354/3520
f 3539/3297/3464 3597/3355/3521 3598/3356/3522
f 3597/3355/3521 3539/3297/3464 3538/3296/3463
f 3527/3285/3452 3526/3284/3451 3525/3283/3450
f 3528/3286/3453 3529/3287/3454 3526/3284/3451
f 3546/3304/3471 3541/3299/3466 3599/3357/3523
f 3599/3357/3523 3545/3303/3470 3600/3358/3524
f 3557/3315/3482 3553/3311/3478 3601/3359/3525
f 3533/3291/3458 3530/3288/3455 3532/3290/3457
f 3564/3322/3489 3602/3360/3526 3603/3361/3527
f 3564/3322/3489 3561/3319/3486 3604/3362/3528
f 3602/3360/3526 3564/3322/3489 3604/3362/3528
f 3604/3362/3528 3605/3363/3529 3602/3360/3526
f 3604/3362/3528 3606/3364/3530 3605/3363/3529
f 3604/3362/3528 3563/3321/3488 3606/3364/3530
f 3607/3365/3531 3608/3366/3532 3609/3367/3533
f 3609/3367/3533 3610/3368/3534 3611/3369/3535
f 3612/3370/3531 3608/3366/3532 3607/3365/3531
f 3613/3371/3536 3614/3372/3537 3615/3373/3538
f 3614/3372/3537 3613/3371/3536 3616/3374/3489
f 3567/3325/3492 3566/3324/3491 3565/3323/3490
f 3568/3326/3493 3569/3327/3494 3566/3324/3491
f 3617/3375/3539 3618/3376/3540 3619/3377/3541
f 3618/3376/3540 3617/3375/3539 3620/3378/3542
f 3619/3377/3541 3621/3379/3543 3622/3380/3544
f 3580/3338/3504 3577/3335/3501 3623/3381/3545
f 3624/3382/3546 3625/3383/3547 3576/3334/3500
f 3625/3383/3547 3624/3382/3546 3626/3384/3548
f 3576/3334/3500 3573/3331/3498 3624/3382/3546
f 3627/3385/3549 3628/3386/3550 3629/3387/3551
f 3628/3386/3550 3627/3385/3549 3630/3388/3552
f 3629/3387/3551 3631/3389/3553 3627/3385/3549
f 3630/3388/3552 3632/3390/3554 3628/3386/3550
f 3633/3391/3555 3634/3392/3556 3635/3393/3557
f 3633/3391/3555 3636/3394/3558 3637/3395/3559
f 3636/3394/3558 3096/2913/3037 3637/3395/3559
f 3637/3395/3559 3105/2922/3046 3634/3392/3556
f 3096/2913/3037 3093/2910/3034 3637/3395/3559
f 3638/3396/3560 3639/3397/3561 3640/3398/3562
f 3638/3396/3560 3641/3399/3563 3639/3397/3561
f 3641/3399/3563 3635/3393/3557 3634/3392/3556
f 3641/3399/3563 3634/3392/3556 3639/3397/3561
f 3639/3397/3561 3105/2922/3046 3107/2924/3048
f 3639/3397/3561 3634/3392/3556 3105/2922/3046
f 3640/3398/3562 3107/2924/3048 3642/3400/3564
f 3643/3401/3565 3644/3402/3566 3645/3403/3567
f 3644/3402/3566 3643/3401/3565 3646/3404/3568
f 3644/3402/3566 3647/3405/3569 3645/3403/3567
f 3645/3403/3567 3647/3405/3569 3648/3406/3570
f 2900/2724/2850 3649/3407/3571 3650/3408/3572
f 2900/2724/2850 2899/2723/2849 3649/3407/3571
f 3651/3409/3573 2905/2729/2855 3652/3410/3574
f 3651/3409/3573 3653/3411/3575 3654/3412/3576
f 3653/3411/3575 3651/3409/3573 3655/3413/3577
f 3653/3411/3575 3656/3414/3578 3657/3415/3579
f 3653/3411/3575 3655/3413/3577 3656/3414/3578
f 3655/3413/3577 3658/3416/3580 3656/3414/3578
f 3655/3413/3577 3652/3410/3574 3659/3417/3581
f 3515/3273/3440 3512/3270/3437 3516/3274/3441
f 3514/3272/3439 3660/3418/3582 3661/3419/3583
f 3514/3272/3439 3515/3273/3440 3660/3418/3582
f 3123/2939/3063 3118/2934/3059 3124/2940/3064
f 3117/2933/3058 3113/2929/3054 3118/2934/3059
f 3115/2931/3056 3112/2928/3053 3113/2929/3054
f 2891/2715/2841 2889/2713/2839 3662/3420/3584
f 3662/3420/3584 2892/2716/2842 3049/2866/2991
f 3120/2936/3061 3119/2935/3060 3122/2938/3052
f 3120/2936/3061 3122/2938/3052 3663/3421/3585
f 3120/2936/3061 2879/2703/2829 2881/2705/2831
f 3056/2873/2998 3651/3409/3573 3654/3412/3576
f 3057/2874/2999 3056/2873/2998 3654/3412/3576
f 3114/2930/3055 3112/2928/3053 3116/2932/3057
f 2904/2728/2854 2901/2725/2851 3664/3422/3586
f 2904/2728/2854 3665/3423/3587 3666/3424/3588
f 3665/3423/3587 2904/2728/2854 3664/3422/3586
f 3666/3424/3588 3667/3425/3589 3668/3426/3590
f 3666/3424/3588 3665/3423/3587 3667/3425/3589
f 3666/3424/3588 3668/3426/3590 3652/3410/3574
f 3666/3424/3588 2905/2729/2855 2904/2728/2854
f 3107/2924/3048 3640/3398/3562 3639/3397/3561
f 3107/2924/3048 3106/2923/3047 3642/3400/3564
f 3509/3267/3434 3086/2903/3027 3508/3266/3433
f 3510/3268/3435 3083/2900/3024 3086/2903/3027
f 3125/2941/3065 2975/2795/2921 2977/2797/2887
f 3127/2943/3067 2975/2795/2921 3126/2942/3066
f 3127/2943/3067 3126/2942/3066 3449/3218/3373
f 3447/2941/3371 3446/3217/3370 3669/2942/3371
f 3670/3427/3591 3671/2988/3592 3672/3428/3593
f 3670/3427/3591 3673/3429/3594 3179/2989/3118
f 3673/3429/3594 3670/3427/3591 3674/3430/3595
f 3179/2989/3118 3673/3429/3594 3176/2990/3115
f 3671/2988/3592 3670/3427/3591 3179/2989/3118
f 3174/2988/3114 3171/2985/3111 3180/2993/3119
f 3675/3431/3596 3072/2889/3013 3507/3265/3432
f 3072/2889/3013 3068/2885/3010 3507/3265/3432
f 3676/3432/3016 3166/2980/3106 3165/2979/3105
f 3167/2981/3107 3159/2973/3099 3166/2980/3106
f 3108/2892/3049 3074/2891/3015 3069/2886/3011
f 3110/2926/3051 3012/2832/2956 3143/2959/3083
f 3110/2926/3051 3142/2958/3082 3147/2963/3087
f 3143/2959/3083 3677/3433/3049 3146/2962/3086
f 2948/2768/2896 3678/3434/3597 2944/2765/2892
f 2948/2768/2896 3379/3161/3304 3380/3162/3305
f 2948/2768/2896 2943/2764/2891 3381/2770/3306
f 3678/3434/3597 2948/2768/2896 3679/3435/3318
f 3680/3436/2949 3681/3437/3598 3682/3438/3599
f 3681/3437/3598 3680/3436/2949 3393/3174/3318
f 3393/3174/3318 3392/3173/3317 3391/3172/3316
f 3397/3174/3321 3396/3176/3320 3683/3437/3321
f 2981/2801/2926 2971/2791/2917 2970/2790/2916
f 2982/2802/2927 3388/3169/3313 3387/3168/3312
f 2982/2802/2927 3390/3171/3315 2983/2803/2928
f 2983/2803/2928 2971/2791/2917 2982/2802/2927
f 3684/3439/3600 3685/3440/3601 3686/3441/3311
f 3684/3439/3600 3687/3442/3602 3688/3443/3603
f 3685/3440/3601 3684/3439/3600 3689/3444/3604
f 3687/3442/3602 3684/3439/3600 3686/3441/3311
f 3690/3445/3605 3386/3167/3311 3384/3165/3309
f 3385/3166/3310 3382/3163/3307 3386/3167/3311
f 2951/2771/2899 3378/3161/3303 2950/2770/2898
f 3423/3196/3347 3691/3446/3606 3692/3447/3607
f 3691/3446/3606 3421/3194/3345 3693/3448/3608
f 3691/3446/3606 3423/3196/3347 3422/3195/3346
f 3422/3195/3346 3419/3192/3343 3418/3191/3342
f 3421/3194/3345 3691/3446/3606 3422/3195/3346
f 3421/3194/3345 3418/3191/3342 3420/3193/3344
f 3694/3449/3609 3695/3450/3610 3696/3451/3611
f 3694/3449/3609 3415/3188/3339 3417/3190/3341
f 3415/3188/3339 3694/3449/3609 3697/3452/3612
f 3415/3188/3339 3413/3186/3337 3417/3190/3341
f 3695/3450/3610 3694/3449/3609 3417/3190/3341
f 3695/3450/3610 3417/3190/3341 3414/3187/3338
f 3330/3119/3262 2957/2777/2904 3698/3453/2958
f 3331/3120/3263 3411/3185/3335 3329/3118/3261
f 3329/3118/3261 2957/2777/2904 3331/3120/3263
f 3407/3120/3331 3406/3183/3330 3405/3182/3329
f 3000/2820/2944 2969/2789/2915 2993/2813/2938
f 3001/2821/2945 3401/3179/3325 3400/3178/3324
f 3001/2821/2945 3404/3181/3328 2999/2819/2943
f 2999/2819/2943 2969/2789/2915 3001/2821/2945
f 2966/2786/2912 3443/3214/3367 2967/2787/2913
f 2966/2786/2912 2958/2778/2905 3699/3212/3613
f 2967/2787/2913 2956/2776/2903 2966/2786/2912
f 3440/3212/3364 3439/3211/3363 3700/2786/3614
f 3701/3454/3615 3702/3455/3616 3703/3456/3617
f 3701/3454/3615 3704/3457/3618 3705/3458/3619
f 3704/3457/3618 3701/3454/3615 3706/3459/3620
f 3702/3455/3616 3701/3454/3615 3705/3458/3619
f 3435/3208/3359 3434/3207/3358 3707/3460/3621
f 3435/3208/3359 3433/3206/3357 3432/3205/3356
f 2937/2758/2885 2927/2748/2875 3431/3204/3355
f 2937/2758/2885 2933/2754/2881 2928/2749/2876
f 3431/3204/3355 3429/3202/3353 2937/2758/2885
f 2938/2759/2886 2935/2756/2883 2933/2754/2881
f 2938/2759/2886 3429/3202/3353 3426/3199/3350
f 2998/2818/2941 2938/2759/2886 3426/3199/3350
f 2997/2817/2942 3427/3200/3351 3428/3201/3352
f 3708/3461/3622 3709/3462/3623 3710/3463/3624
f 3708/3461/3622 3711/3464/3625 3712/3465/3626
f 3711/3464/3625 3713/3466/3627 3714/3467/3628
f 3711/3464/3625 3714/3467/3628 3712/3465/3626
f 3712/3465/3626 3709/3462/3623 3708/3461/3622
f 3714/3467/3628 3713/3466/3627 3715/3468/3629
f 3716/3469/3630 3717/3470/3631 3718/3471/3632
f 3716/3469/3630 3718/3471/3632 3719/3472/3633
f 3717/3470/3631 3716/3469/3630 3720/3473/3634
f 3720/3473/3634 3721/3474/3635 3717/3470/3631
f 3722/3475/3636 3723/3476/3637 3724/3477/3638
f 3722/3475/3636 3725/3478/3639 3726/3479/3640
f 3723/3476/3637 3722/3475/3636 3726/3479/3640
f 3724/3477/3638 3727/3480/3641 3728/3481/3642
f 3729/3482/3643 3730/3483/3644 3731/3484/3645
f 3730/3483/3644 3729/3482/3643 3732/3485/3646
f 3731/3484/3645 3733/3486/3647 3729/3482/3643
f 3732/3485/3646 3734/3487/3648 3730/3483/3644
f 3735/3488/3649 3736/3489/3650 3737/3490/3651
f 3735/3488/3649 3738/3491/3652 3739/3492/3653
f 3738/3491/3652 3735/3488/3649 3740/3493/3654
f 3738/3491/3652 3741/3494/3655 3742/3495/3656
f 3739/3492/3653 3736/3489/3650 3735/3488/3649
f 3741/3494/3655 3743/3496/3657 3742/3495/3656
f 3741/3494/3655 3738/3491/3652 3740/3493/3654
f 3725/3478/3639 3722/3475/3636 3744/3497/3658
f 3744/3497/3658 3745/3498/3659 3725/3478/3639
f 3746/3499/3660 3747/3500/3661 3748/3501/3662
f 3747/3500/3661 3746/3499/3660 3749/3502/3663
f 3747/3500/3661 3750/3503/3664 3748/3501/3662
f 3749/3502/3663 3715/3468/3629 3713/3466/3627
f 3736/3489/3650 3751/3504/3665 3737/3490/3651
f 3751/3504/3665 3736/3489/3650 3752/3505/3666
f 3752/3505/3666 3753/3506/3667 3751/3504/3665
f 3715/3468/3629 3749/3502/3663 3746/3499/3660
f 3754/3507/3668 3755/3508/3669 3756/3509/3670
f 3755/3508/3669 3757/3510/3671 3756/3509/3670
f 3755/3508/3669 3758/3511/3672 3757/3510/3671
f 3756/3509/3670 3759/3512/3673 3754/3507/3668
f 3759/3512/3673 3760/3513/3674 3761/3514/3675
f 3761/3514/3675 3754/3507/3668 3759/3512/3673
f 3761/3514/3675 3760/3513/3674 3762/3515/3676
f 3727/3480/3641 3724/3477/3638 3723/3476/3637
f 3745/3498/3659 3744/3497/3658 3750/3503/3664
f 3750/3503/3664 3747/3500/3661 3745/3498/3659
f 3753/3506/3667 3752/3505/3666 3758/3511/3672
f 3758/3511/3672 3755/3508/3669 3753/3506/3667
f 3763/3516/3677 3764/3517/3678 3765/3518/3679
f 3764/3517/3678 3766/3519/3680 3765/3518/3679
f 3764/3517/3678 3763/3516/3677 3767/3520/3681
f 3766/3519/3680 3764/3517/3678 3768/3521/3682
f 3768/3521/3682 3769/3522/3683 3766/3519/3680
f 3770/3523/3684 3771/3524/3685 3772/3525/3686
f 3771/3524/3685 3773/3526/3687 3772/3525/3686
f 3771/3524/3685 3770/3523/3684 3774/3527/3688
f 3773/3526/3687 3771/3524/3685 3775/3528/3689
f 3775/3528/3689 3776/3529/3690 3773/3526/3687
f 3777/3530/3691 3778/3531/3692 3779/3532/3693
f 3778/3531/3692 3780/3533/3694 3779/3532/3693
f 3780/3533/3694 3781/3534/3695 3779/3532/3693
f 3782/3535/3691 3774/3527/3688 3783/3536/3696
f 3783/3536/3696 3774/3527/3688 3770/3523/3684
f 3776/3529/3690 3784/3537/3697 3785/3538/3698
f 3776/3529/3690 3775/3528/3689 3786/3539/3699
f 3786/3539/3699 3784/3537/3697 3776/3529/3690
f 3787/3540/3700 3788/3541/3701 3789/3542/3702
f 3787/3540/3700 3790/3543/3703 3791/3544/3704
f 3790/3543/3703 3787/3540/3700 3792/3545/3705
f 3792/3545/3705 3793/3546/3706 3790/3543/3703
f 3788/3541/3701 3787/3540/3700 3791/3544/3704
f 3769/3522/3683 3768/3521/3682 3794/3547/3707
f 3795/3548/3708 3796/3549/3709 3797/3550/3710
f 3795/3548/3708 3797/3550/3710 3798/3551/3711
f 3796/3549/3709 3781/3534/3695 3799/3552/3712
f 3793/3546/3706 3792/3545/3705 3800/3553/3713
f 3801/3554/3714 3767/3520/3681 3802/3555/3715
f 3802/3555/3715 3767/3520/3681 3763/3516/3677
f 3781/3534/3695 3780/3533/3694 3799/3552/3712
f 3781/3534/3695 3796/3549/3709 3795/3548/3708
f 3803/3556/3716 3804/3557/3717 3805/3558/3718
f 3804/3557/3717 3803/3556/3716 3734/3487/3648
f 3805/3558/3718 3709/3462/3623 3803/3556/3716
f 3734/3487/3648 3732/3485/3646 3804/3557/3717
f 3721/3474/3635 3720/3473/3634 3806/3559/3719
f 3806/3559/3719 3760/3513/3674 3721/3474/3635
f 3733/3486/3647 3728/3481/3642 3727/3480/3641
f 3733/3486/3647 3731/3484/3645 3807/3560/3720
f 3807/3560/3720 3728/3481/3642 3733/3486/3647
f 3709/3462/3623 3805/3558/3718 3710/3463/3624
f 3743/3496/3657 3741/3494/3655 3808/3561/3721
f 3809/3562/3722 3743/3496/3657 3810/3563/3723
f 3810/3563/3723 3743/3496/3657 3808/3561/3721
f 3719/3472/3633 3809/3562/3722 3811/3564/3724
f 3811/3564/3724 3809/3562/3722 3810/3563/3723
f 3811/3564/3724 3716/3469/3630 3719/3472/3633
f 3760/3513/3674 3806/3559/3719 3762/3515/3676
f 3812/3565/3725 2254/2126/2209 2253/2125/2208
f 2254/2126/2209 3812/3565/3725 3813/3566/3726
f 2253/2125/2208 2252/2124/2207 2247/2119/2202
f 3813/3566/3726 3812/3565/3725 2177/2049/2132
f 3813/3566/3726 2177/2049/2132 2179/2051/2134
f 3455/3223/3379 3452/3220/3376 3454/3222/3378
f 3456/3224/3380 3455/3223/3379 3464/3232/3388
f 3456/3224/3380 3464/3232/3388 3463/3231/3387
f 3467/3235/3391 3466/3234/3390 3470/3238/3394
f 3467/3235/3391 3481/3249/3405 3468/3236/3392
f 3814/3567/3727 3815/3244/3728 3816/3568/3729
f 3815/3244/3728 3817/3569/3730 3816/3568/3729
f 3815/3244/3728 3814/3567/3727 3818/3251/3731
f 2138/2010/2093 2136/2008/2091 2135/2007/2090
f 3819/3570/3732 3820/3571/3733 3821/3572/3734
f 3821/3572/3734 3820/3571/3733 3822/3573/3735
f 3823/3571/3736 3824/3574/3737 3825/3575/3738
f 3824/3574/3737 3823/3571/3736 3826/3576/3739
f 3824/3574/3737 3827/3577/3740 3825/3575/3738
f 3825/3575/3738 3827/3577/3740 3828/3578/3741
f 3826/3576/3739 3829/3570/3742 3830/3579/3743
f 2245/2117/2200 2071/1943/2026 2062/1934/2017
f 2245/2117/2200 2064/1936/2019 3831/3580/3744
f 2245/2117/2200 2062/1934/2017 2064/1936/2019
f 3832/3581/3745 3833/3582/3746 3834/3583/3747
f 3835/3584/3748 3834/3583/3747 3833/3582/3746
f 2119/1991/2074 2113/1985/2068 3836/3585/3749
f 3836/3585/3749 2113/1985/2068 2109/1981/2064
f 3836/3585/3749 2109/1981/2064 2118/1990/2073
f 3837/3586/3750 2185/2057/2140 2120/1992/2075
f 3837/3586/3750 2120/1992/2075 2119/1991/2074
f 2236/2108/2191 2231/2103/2186 2234/2106/2189
f 2236/2108/2191 2234/2106/2189 863/820/860
f 2172/2044/2127 2185/2057/2140 3837/3586/3750
f 2172/2044/2127 2162/2034/2117 2161/2033/2116
f 3831/3580/3744 2064/1936/2019 2078/1950/2033
f 2076/1948/2031 2079/1951/2034 2174/2046/2129
f 2076/1948/2031 2073/1945/2028 2079/1951/2034
f 2174/2046/2129 2171/2043/2126 2173/2045/2128
f 2118/1990/2073 2112/1984/2067 3838/3587/3751
f 2078/1950/2033 2069/1941/2024 2077/1949/2032
f 3839/3588/3752 3840/3589/3753 3841/3590/3754
f 3840/3589/3753 3562/3320/3487 3569/3327/3494
f 3840/3589/3753 3839/3588/3752 3842/3591/3755
f 3841/3590/3754 3569/3327/3494 3843/3592/3756
f 3842/3591/3755 3844/3593/3757 3840/3589/3753
f 3845/3594/3758 3846/3595/3759 3847/3596/3760
f 3846/3595/3759 3845/3594/3758 3848/3597/3761
f 3848/3597/3761 3621/3379/3543 3846/3595/3759
f 3849/3598/3762 3850/3599/3763 3851/3600/3764
f 3850/3599/3763 3849/3598/3762 3852/3601/3765
f 3853/3602/3766 3854/3603/3767 3855/3604/3768
f 3854/3603/3767 3853/3602/3766 3856/3605/3769
f 3855/3604/3768 3605/3363/3529 3606/3364/3530
f 3857/3606/3770 3858/3607/3771 3859/3608/3772
f 3858/3607/3771 3522/3280/3447 3529/3287/3454
f 3858/3607/3771 3857/3606/3770 3860/3609/3773
f 3859/3608/3772 3529/3287/3454 3861/3610/3774
f 3860/3609/3773 3862/3611/3775 3858/3607/3771
f 3863/3612/3776 3864/3613/3777 3865/3614/3778
f 3864/3613/3777 3863/3612/3776 3866/3615/3779
f 3867/3616/3780 3868/3617/3781 3869/3618/3782
f 3867/3616/3780 3592/3350/3516 3870/3619/3783
f 3868/3617/3781 3867/3616/3780 3871/3620/3784
f 3871/3620/3784 3870/3619/3783 3872/3621/3785
f 3873/3622/3786 3874/3623/3787 3875/3624/3788
f 3873/3622/3786 3522/3280/3447 3862/3611/3775
f 3874/3623/3787 3873/3622/3786 3876/3625/3789
f 3876/3625/3789 3862/3611/3775 3877/3626/3790
f 2894/2718/2844 3584/3342/3508 3583/3341/3507
f 2894/2718/2844 3583/3341/3507 2895/2719/2845
f 3878/3627/3791 3879/3628/3792 3869/3618/3782
f 3879/3628/3792 3867/3616/3780 3869/3618/3782
f 3880/3629/3793 3856/3605/3769 3844/3593/3757
f 3844/3593/3757 3853/3602/3766 3562/3320/3487
f 3844/3593/3757 3842/3591/3755 3880/3629/3793
f 3844/3593/3757 3856/3605/3769 3853/3602/3766
f 3881/3630/3794 3866/3615/3779 3882/3631/3795
f 3882/3631/3795 3866/3615/3779 3863/3612/3776
f 3882/3631/3795 3863/3612/3776 3544/3302/3469
f 3883/3632/3796 3884/3633/3797 3885/3634/3798
f 3883/3632/3796 3886/3635/3799 3887/3636/3800
f 3884/3633/3797 3883/3632/3796 3887/3636/3800
f 3885/3634/3798 3551/3309/3476 3552/3310/3477
f 3862/3611/3775 3876/3625/3789 3873/3622/3786
f 3862/3611/3775 3860/3609/3773 3877/3626/3790
f 3888/3637/3801 3889/3638/3802 3890/3639/3803
f 3888/3637/3801 3890/3639/3803 3891/3640/3804
f 3889/3638/3802 3892/3641/3805 3893/3642/3806
f 3890/3639/3803 3894/3643/3807 3895/3644/3808
f 3891/3640/3804 3890/3639/3803 3895/3644/3808
f 3894/3643/3807 3896/3645/3809 3895/3644/3808
f 3896/3645/3809 3894/3643/3807 3897/3646/3810
f 3892/3641/3805 3889/3638/3802 3888/3637/3801
f 3610/3368/3534 3609/3367/3533 3608/3366/3532
f 3610/3368/3534 3898/3647/3811 3611/3369/3535
f 3899/1826/3489 3900/3648/3812 3901/3649/3813
f 3900/3648/3812 3899/1826/3489 3902/3650/3814
f 3903/3651/3815 3904/3652/3816 3905/3653/3817
f 3904/3652/3816 3903/3651/3815 3906/3654/3818
f 3907/3655/3819 3908/3656/3820 3898/3647/3811
f 3908/3656/3820 3907/3655/3819 3909/3657/3820
f 3898/3647/3811 3610/3368/3534 3907/3655/3819
f 3910/3658/3821 3911/3659/3822 3912/3660/3823
f 3911/3659/3822 3910/3658/3821 3913/3661/3824
f 3912/3660/3823 3886/3635/3799 3910/3658/3821
f 3632/3390/3554 3914/3662/3825 3915/3663/3826
f 3632/3390/3554 3630/3388/3552 3916/3664/3827
f 3916/3664/3827 3914/3662/3825 3632/3390/3554
f 3917/3665/3828 3918/3666/3829 3919/3667/3830
f 3919/3667/3830 3918/3666/3829 3920/3668/3831
f 3668/3426/3590 3658/3416/3580 3659/3417/3581
f 3631/3389/3553 3629/3387/3551 3921/3669/3832
f 3921/3669/3832 3922/3670/3833 3631/3389/3553
f 3922/3670/3833 3921/3669/3832 3923/3671/3834
f 3924/3672/3835 3925/3673/3836 2897/2721/2847
f 3925/3673/3836 2893/2717/2843 2897/2721/2847
f 3886/3635/3799 3912/3660/3823 3887/3636/3800
f 3926/3674/3837 3886/3635/3799 3883/3632/3796
f 3647/3405/3569 3917/3665/3828 3648/3406/3570
f 3648/3406/3570 3917/3665/3828 3919/3667/3830
f 3927/3675/3838 3928/3676/3839 3929/3677/3840
f 3927/3675/3838 3930/3678/3841 3931/3679/3842
f 3930/3678/3841 3927/3675/3838 3929/3677/3840
f 3932/3680/3843 3933/3681/3844 3934/3682/3845
f 3932/3680/3843 3935/3683/3846 3933/3681/3844
f 3935/3683/3846 3932/3680/3843 3936/3684/3847
f 3933/3681/3844 3937/3685/3848 3938/3686/3849
f 3933/3681/3844 3935/3683/3846 3937/3685/3848
f 3938/3686/3849 3939/3687/3850 3933/3681/3844
f 3940/3688/3851 3927/3675/3838 3941/3689/3852
f 3940/3688/3851 3939/3687/3850 3927/3675/3838
f 3941/3689/3852 3927/3675/3838 3931/3679/3842
f 3939/3687/3850 3938/3686/3849 3928/3676/3839
f 3939/3687/3850 3928/3676/3839 3927/3675/3838
f 3939/3687/3850 3940/3688/3851 3934/3682/3845
f 3934/3682/3845 3933/3681/3844 3939/3687/3850
f 3942/3690/3853 3943/3691/3854 3944/3692/3855
f 3942/3690/3853 3944/3692/3855 3945/3693/3856
f 3946/3694/3857 3947/3695/3858 3948/3696/3859
f 3947/3695/3858 3949/3697/3860 3948/3696/3859
f 3948/3696/3859 2228/2100/2183 3946/3694/3857
f 3948/3696/3859 3949/3697/3860 3950/3698/3861
f 2228/2100/2183 2192/2064/2147 3946/3694/3857
f 3951/3699/3862 2212/2084/2167 2216/2088/2171
f 3952/3700/3863 3953/3701/3864 3954/3702/3865
f 3953/3701/3864 3952/3700/3863 3955/3703/3866
f 3955/3703/3866 3956/3704/3867 3953/3701/3864
f 3956/3704/3867 3955/3703/3866 3957/3705/3868
f 3956/3704/3867 3958/3706/3869 3959/3707/3870
f 3958/3706/3869 3960/3708/3871 3959/3707/3870
f 3958/3706/3869 3956/3704/3867 3957/3705/3868
f 3959/3707/3870 3960/3708/3871 3961/3709/3872
f 3949/3697/3860 3962/3710/3873 3950/3698/3861
f 3950/3698/3861 3962/3710/3873 2221/2093/2176
f 3962/3710/3873 2218/2090/2173 2221/2093/2176
f 2190/2062/2145 2188/2060/2143 2222/2094/2177
f 2222/2094/2177 2219/2091/2174 2190/2062/2145
f 3963/3711/3874 2206/2078/2161 2209/2081/2164
f 3964/3712/3875 3965/3713/3876 3966/3714/3877
f 3964/3712/3875 3967/3715/3878 3965/3713/3876
f 3967/3715/3878 3968/3716/3879 3965/3713/3876
f 3966/3714/3877 3969/3717/3880 3964/3712/3875
f 3969/3717/3880 3966/3714/3877 3970/3718/3881
f 3969/3717/3880 3970/3718/3881 3971/3719/3882
f 3971/3719/3882 3970/3718/3881 3972/3720/3883
f 3968/3716/3879 3967/3715/3878 3973/3721/3884
f 3974/3722/3885 3975/3723/3886 3976/3724/3887
f 3975/3723/3886 3974/3722/3885 3977/3725/3888
f 2223/2095/2178 2137/2009/2092 2123/1995/2078
f 2223/2095/2178 2125/1997/2080 3978/3726/3889
f 3978/3726/3889 2125/1997/2080 2177/2049/2132
f 3978/3726/3889 2177/2049/2132 3812/3565/3725
f 3522/3280/3447 3858/3607/3771 3862/3611/3775
f 3522/3280/3447 3521/3279/3446 3519/3277/3444
f 3522/3280/3447 3873/3622/3786 3523/3281/3448
f 3529/3287/3454 3859/3608/3772 3858/3607/3771
f 3523/3281/3448 3594/3352/3518 3521/3279/3446
f 3523/3281/3448 3873/3622/3786 3875/3624/3788
f 3523/3281/3448 3875/3624/3788 3596/3354/3520
f 3551/3309/3476 3885/3634/3798 3884/3633/3797
f 3544/3302/3469 3541/3299/3466 3543/3301/3468
f 3544/3302/3469 3863/3612/3776 3545/3303/3470
f 3545/3303/3470 3865/3614/3778 3600/3358/3524
f 3545/3303/3470 3863/3612/3776 3865/3614/3778
f 3545/3303/3470 3599/3357/3523 3541/3299/3466
f 3562/3320/3487 3853/3602/3766 3563/3321/3488
f 3562/3320/3487 3561/3319/3486 3559/3317/3484
f 3562/3320/3487 3840/3589/3753 3844/3593/3757
f 3569/3327/3494 3841/3590/3754 3840/3589/3753
f 3563/3321/3488 3604/3362/3528 3561/3319/3486
f 3563/3321/3488 3855/3604/3768 3606/3364/3530
f 3563/3321/3488 3853/3602/3766 3855/3604/3768
f 3592/3350/3516 3867/3616/3780 3879/3628/3792
f 3592/3350/3516 3589/3347/3513 3870/3619/3783
f 3870/3619/3783 3871/3620/3784 3867/3616/3780
f 3870/3619/3783 3979/3727/3890 3872/3621/3785
f 3870/3619/3783 3589/3347/3513 3979/3727/3890
f 3583/3341/3507 3579/3337/3503 3578/3336/3502
f 3861/3610/3774 3529/3287/3454 3528/3286/3453
f 3605/3363/3529 3855/3604/3768 3980/3728/3891
f 3622/3380/3544 3621/3379/3543 3848/3597/3761
f 3621/3379/3543 3619/3377/3541 3618/3376/3540
f 3843/3592/3756 3569/3327/3494 3568/3326/3493
f 2892/2716/2842 2874/2698/2824 3046/2863/2988
f 2892/2716/2842 3662/3420/3584 2889/2713/2839
f 2874/2698/2824 2889/2713/2839 2871/2695/2821
f 2874/2698/2824 3076/2893/3017 3050/2867/2992
f 2874/2698/2824 2873/2697/2823 2878/2702/2828
f 2878/2702/2828 2877/2701/2827 3079/2896/3020
f 2878/2702/2828 3078/2895/3019 3076/2893/3017
f 3634/3392/3556 3633/3391/3555 3637/3395/3559
f 3084/2901/3025 3514/3272/3439 3661/3419/3583
f 3084/2901/3025 3661/3419/3583 3087/2904/3028
f 3084/2901/3025 3085/2902/3026 3080/2897/3021
f 3103/2920/3044 3100/2917/3041 3102/2919/3043
f 3103/2920/3044 3099/2916/3040 3104/2921/3045
f 3103/2920/3044 3095/2912/3036 3099/2916/3040
f 3105/2922/3046 3093/2910/3034 3095/2912/3036
f 3105/2922/3046 3095/2912/3036 3103/2920/3044
f 3105/2922/3046 3102/2919/3043 3107/2924/3048
f 3105/2922/3046 3637/3395/3559 3093/2910/3034
f 2906/2730/2856 2907/2731/2857 2902/2726/2852
f 2906/2730/2856 2905/2729/2855 3053/2870/2995
f 2905/2729/2855 2902/2726/2852 2904/2728/2854
f 2905/2729/2855 3666/3424/3588 3652/3410/3574
f 2905/2729/2855 3651/3409/3573 3056/2873/2998
f 3652/3410/3574 3655/3413/3577 3651/3409/3573
f 3652/3410/3574 3668/3426/3590 3659/3417/3581
f 2908/2732/2858 2906/2730/2856 3055/2872/2997
f 3659/3417/3581 3658/3416/3580 3655/3413/3577
f 3658/3416/3580 3668/3426/3590 3981/3729/3892
f 3517/3275/3442 3083/2900/3024 3510/3268/3435
f 3083/2900/3024 3514/3272/3439 3084/2901/3025
f 3083/2900/3024 3080/2897/3021 3086/2903/3027
f 3083/2900/3024 3513/3271/3438 3512/3270/3437
f 3982/3730/3893 3829/3570/3742 3983/3731/3894
f 3829/3570/3742 3982/3730/3893 3830/3579/3743
f 3829/3570/3742 3826/3576/3739 3823/3571/3736
f 3474/3242/3398 3472/3240/3396 3984/3732/3895
f 3504/3262/3429 3503/3238/3427 3985/3237/3896
f 3817/3569/3730 3815/3244/3728 3986/3246/3897
f 3495/3257/3419 3494/3222/3418 3987/3221/3898
f 3988/3250/3899 3499/3249/3423 3500/3260/3424
f 3989/3733/3900 3990/3734/3901 3991/3735/3902
f 3992/3736/3903 3990/3734/3901 3989/3733/3900
f 3993/3737/3904 3994/3252/3905 3818/3251/3731
f 3993/3737/3904 3818/3251/3731 3814/3567/3727
f 3995/3738/3906 3996/3739/3907 3997/3740/3907
f 3996/3739/3907 3998/3741/3908 3997/3740/3907
f 3997/3740/3907 3999/3742/3906 3995/3738/3906
f 3999/3742/3906 4000/3743/3909 4001/3744/3909
f 4002/3745/3910 4003/3746/3911 4004/3747/3911
f 4003/3746/3911 4002/3745/3910 4005/3748/3912
f 4004/3747/3911 4006/3749/3913 4007/3750/3913
f 4005/3748/3912 4008/3751/3914 4009/3752/3914
f 3998/3741/3908 3996/3739/3907 4010/3753/3908
f 4010/3753/3908 4011/3754/3915 3998/3741/3908
f 4006/3749/3913 4004/3747/3911 4003/3746/3911
f 4007/3750/3913 4012/3755/3916 4013/3756/3916
f 4011/3754/3915 4010/3753/3908 4014/3757/3915
f 4012/3755/3916 4007/3750/3913 4006/3749/3913
f 4013/3756/3916 4015/3758/3917 4016/3759/3917
f 4017/3760/3918 4011/3754/3915 4014/3757/3915
f 4017/3760/3918 4014/3757/3915 4018/3761/3919
f 4018/3761/3919 4019/3762/3920 4020/3763/3920
f 4015/3758/3917 4013/3756/3916 4012/3755/3916
f 4016/3759/3917 4021/3764/3921 4022/3765/3921
f 4019/3762/3920 4023/3766/3922 4024/3767/3922
f 4020/3763/3920 4017/3760/3918 4018/3761/3919
f 4021/3764/3921 4016/3759/3917 4015/3758/3917
f 4022/3765/3921 4025/3768/3923 4026/3769/3923
f 4024/3767/3922 4020/3763/3920 4019/3762/3920
f 4024/3767/3922 4009/3752/3914 4008/3751/3914
f 4025/3768/3923 4001/3744/3909 4000/3743/3909
f 4025/3768/3923 4022/3765/3921 4021/3764/3921
f 4001/3744/3909 3995/3738/3906 3999/3742/3906
f 4000/3743/3909 4026/3769/3923 4025/3768/3923
f 4009/3752/3914 4024/3767/3922 4023/3766/3922
f 4008/3751/3914 4005/3748/3912 4002/3745/3910
f 4027/3770/3924 4028/3771/3925 4029/3772/3926
f 4028/3771/3925 4030/3773/3927 4031/3774/3928
f 4028/3771/3925 4027/3770/3924 4032/3775/3929
f 4032/3775/3929 4033/3776/3930 4028/3771/3925
f 4034/3777/3931 4035/3778/3932 4036/3779/3931
f 4035/3778/3932 4037/3780/3933 4038/3781/3933
f 4035/3778/3932 4034/3777/3931 4039/3782/3932
f 4036/3779/3931 4040/3783/3934 4034/3777/3931
f 4040/3783/3934 4036/3779/3931 4041/3784/3934
f 4042/3785/3935 4043/3786/3934 4044/3787/3935
f 4042/3785/3935 4045/3788/3936 4046/3789/3936
f 4043/3786/3934 4042/3785/3935 4047/3790/3937
f 4045/3788/3936 4048/3791/3938 4046/3789/3936
f 4045/3788/3936 4042/3785/3935 4044/3787/3935
f 4048/3791/3938 4045/3788/3936 4049/3792/3938
f 4048/3791/3938 4050/3793/3939 4051/3794/3939
f 4050/3793/3939 4048/3791/3938 4049/3792/3938
f 4052/3795/3940 4053/3796/3941 4054/3797/3940
f 4053/3796/3941 4052/3795/3940 4055/3798/3939
s 0
f 4056/3799/3942 4057/3800/3942 4058/3801/3942
f 4056/3799/3942 4058/3801/3942 4059/3802/3942
f 4058/3801/3942 4060/3803/3942 4061/3804/3942
f 4060/3803/3942 4058/3801/3942 4057/3800/3942
s 1
f 4062/3805/3943 4063/3806/3944 4064/3807/3944
f 4063/3806/3944 4062/3805/3943 4065/3808/3943
f 4066/3809/3945 4067/3810/3946 4068/3811/3946
f 4066/3809/3945 4069/3812/3947 4070/3813/3945
f 4069/3812/3947 4066/3809/3945 4071/3814/3944
f 4067/3810/3946 4066/3809/3945 4070/3813/3945
f 4067/3810/3946 4072/3815/3948 4068/3811/3946
f 4072/3815/3948 4073/3816/3949 4074/3817/3949
f 4072/3815/3948 4067/3810/3946 4075/3818/3948
f 4073/3816/3949 4072/3815/3948 4075/3818/3948
f 4076/3819/3950 4038/3781/3933 4037/3780/3933
f 4038/3781/3933 4076/3819/3950 4077/3820/3949
f 4037/3780/3933 4035/3778/3932 4039/3782/3932
f 4078/3821/3933 4079/3822/3932 4080/3823/3932
f 4079/3822/3932 4081/3824/3931 4080/3823/3932
f 4079/3822/3932 4078/3821/3933 4082/3825/3933
f 4082/3825/3933 4083/3826/3950 4084/3827/3949
f 4083/3826/3950 4082/3825/3933 4078/3821/3933
f 4085/3828/3948 4086/3829/3949 4087/3830/3949
f 4086/3829/3949 4085/3828/3948 4088/3831/3948
f 4088/3831/3948 4089/3832/3946 4090/3833/3946
f 4089/3832/3946 4088/3831/3948 4085/3828/3948
f 4090/3833/3946 4091/3834/3945 4092/3835/3945
f 4091/3834/3945 4090/3833/3946 4089/3832/3946
f 4091/3834/3945 4093/3836/3947 4092/3835/3945
f 4093/3836/3947 4091/3834/3945 4094/3837/3944
f 4095/3838/3951 4096/3839/3944 4097/3840/3952
f 4096/3839/3944 4095/3838/3951 4098/3841/3951
f 4098/3841/3951 4099/3842/3953 4100/3843/3953
f 4099/3842/3953 4098/3841/3951 4095/3838/3951
f 4099/3842/3953 4101/3844/3954 4100/3843/3953
f 4101/3844/3954 4099/3842/3953 4102/3845/3954
f 4102/3845/3954 4103/3846/3941 4101/3844/3954
f 4103/3846/3941 4102/3845/3954 4104/3847/3939
f 4105/3848/3938 4106/3849/3939 4107/3850/3939
f 4105/3848/3938 4108/3851/3936 4109/3852/3938
f 4106/3849/3939 4105/3848/3938 4109/3852/3938
f 4108/3851/3936 4105/3848/3938 4110/3853/3936
f 4110/3853/3936 4111/3854/3935 4108/3851/3936
f 4111/3854/3935 4110/3853/3936 4112/3855/3935
f 4112/3855/3935 4113/3856/3934 4111/3854/3935
f 4113/3856/3934 4112/3855/3935 4114/3857/3937
s 0
f 4115/3858/3955 4116/3859/3955 4117/3860/3955
f 4116/3859/3955 4115/3858/3955 4118/3861/3955
f 4117/3860/3955 4119/3862/3955 4120/3863/3955
f 4118/3861/3955 4121/3864/3955 4122/3865/3955
s 1
f 4123/3866/3956 4124/3867/3931 4125/3868/3934
f 4124/3867/3931 4123/3866/3956 4081/3824/3931
f 4081/3824/3931 4079/3822/3932 4124/3867/3931
s 0
f 4126/3869/3946 4127/3870/3946 4128/3871/3946
f 4127/3870/3946 4126/3869/3946 4129/3872/3946
s 1
f 4130/3873/3953 4131/3874/3957 4132/3875/3953
f 4130/3873/3953 4133/3876/3958 4134/3877/3958
f 4133/3876/3958 4130/3873/3953 4132/3875/3953
f 4131/3874/3957 4130/3873/3953 4135/3878/3957
s 0
f 4136/3879/3936 4137/3880/3936 4138/3870/3936
f 4138/3870/3936 4139/3872/3936 4136/3879/3936
f 4140/3881/3955 4141/3882/3955 4142/3883/3955
f 4142/3883/3955 4143/3884/3955 4144/3885/3955
f 4142/3883/3955 4145/3886/3955 4140/3881/3955
f 4143/3884/3955 4142/3883/3955 4141/3882/3955
s 1
f 4146/3887/3959 4147/3888/3960 4148/3889/3961
f 4146/3887/3959 4149/3890/3962 4150/3891/3963
f 4147/3888/3960 4146/3887/3959 4151/3892/3964
f 4147/3888/3960 4152/3893/3965 4153/3894/3966
f 4148/3889/3961 4153/3894/3966 4154/3895/3967
f 4148/3889/3961 4155/3896/3968 4146/3887/3959
f 4151/3892/3964 4156/3897/3969 4147/3888/3960
f 4151/3892/3964 4150/3891/3963 4157/3898/3970
f 4158/3756/3971 4154/3895/3967 4159/3899/3972
f 4158/3756/3971 4160/3900/3973 4154/3895/3967
f 4154/3895/3967 4161/3901/3974 4148/3889/3961
f 4154/3895/3967 4162/3902/3975 4159/3899/3972
f 4159/3899/3972 4163/3903/3976 4164/3904/3977
f 4165/3905/3978 4166/3906/3979 4167/3907/3980
f 4165/3905/3978 4168/3908/3981 4169/3909/3982
f 4165/3905/3978 4167/3907/3980 4170/3910/3983
f 4168/3908/3981 4165/3905/3978 4171/3911/3984
f 4169/3909/3982 4166/3906/3979 4165/3905/3978
f 4169/3909/3982 4172/3912/3985 4166/3906/3979
f 4171/3911/3984 4149/3890/3962 4168/3908/3981
f 4171/3911/3984 4165/3905/3978 4170/3910/3983
f 4173/3913/3986 4174/3914/3927 4175/3915/3987
f 4173/3913/3986 4176/3916/3988 4177/3917/3989
f 4176/3916/3988 4173/3913/3986 4178/3918/3990
f 4176/3916/3988 4179/3919/3991 4177/3917/3989
f 4177/3917/3989 4180/3920/3992 4173/3913/3986
f 4180/3920/3992 4181/3921/3993 4174/3914/3927
f 4182/3922/3929 4183/3923/3994 4184/3924/3995
f 4183/3923/3994 4182/3922/3929 4185/3925/3996
f 4184/3924/3995 4186/3926/3997 4164/3904/3977
f 4184/3924/3995 4187/3927/3998 4182/3922/3929
f 4161/3901/3974 4154/3895/3967 4160/3900/3973
f 4166/3906/3979 4179/3919/3991 4188/3928/3999
f 4166/3906/3979 4189/3929/4000 4167/3907/3980
f 4174/3914/3927 4173/3913/3986 4180/3920/3992
f 4186/3926/3997 4184/3924/3995 4183/3923/3994
f 4164/3904/3977 4190/3930/4001 4184/3924/3995
f 4155/3896/3968 4148/3889/3961 4161/3901/3974
f 4179/3919/3991 4176/3916/3988 4188/3928/3999
f 4179/3919/3991 4166/3906/3979 4172/3912/3985
f 4188/3928/3999 4191/3931/4002 4189/3929/4000
f 4030/3773/3927 4028/3771/3925 4033/3776/3930
f 4030/3773/3927 4033/3776/3930 4192/3932/3987
f 4031/3774/3928 4029/3772/3926 4028/3771/3925
f 4193/3788/4003 4194/3933/4004 4195/3792/3997
f 4194/3933/4004 4193/3788/4003 4196/3934/4005
f 4149/3890/3962 4171/3911/3984 4150/3891/3963
f 4149/3890/3962 4146/3887/3959 4155/3896/3968
f 4150/3891/3963 4151/3892/3964 4146/3887/3959
f 4150/3891/3963 4197/3935/4006 4157/3898/3970
s 0
f 4198/3936/3955 4199/3937/3955 4200/3938/3955
f 4199/3937/3955 4198/3936/3955 4201/3939/3955
f 4200/3938/3955 4199/3937/3955 4202/3940/3955
f 4203/3941/3955 4204/3942/3955 4205/3943/3955
f 4204/3942/3955 4206/3944/3955 4207/3945/3955
f 4204/3942/3955 4203/3941/3955 4206/3944/3955
f 4205/3943/3955 4208/3946/3955 4203/3941/3955
f 4208/3946/3955 4205/3943/3955 4202/3940/3955
f 4208/3946/3955 4202/3940/3955 4199/3937/3955
f 4209/3947/3955 4210/3948/3955 4198/3936/3955
f 4210/3948/3955 4209/3947/3955 4211/3949/3955
f 4201/3939/3955 4198/3936/3955 4210/3948/3955
f 4207/3945/3955 4212/3950/3955 4204/3942/3955
f 4212/3950/3955 4207/3945/3955 4213/3951/3955
f 4214/3952/3955 4215/3953/3955 4216/3954/3955
f 4214/3952/3955 4217/3955/3955 4218/3956/3955
f 4215/3953/3955 4214/3952/3955 4218/3956/3955
f 4216/3954/3955 4219/3957/3955 4220/3958/3955
f 4119/3862/3955 4221/3959/3955 4222/3960/3955
f 4119/3862/3955 4117/3860/3955 4116/3859/3955
f 4217/3955/3955 4214/3952/3955 4223/3961/3955
f 4221/3959/3955 4224/3962/3955 4222/3960/3955
f 4222/3960/3955 4120/3863/3955 4119/3862/3955
f 4225/3963/3955 4217/3955/3955 4223/3961/3955
f 4225/3963/3955 4223/3961/3955 4226/3964/3955
f 4226/3964/3955 4227/3965/3955 4228/3966/3955
f 4224/3962/3955 4221/3959/3955 4229/3967/3955
f 4229/3967/3955 4230/3968/3955 4224/3962/3955
f 4227/3965/3955 4231/3969/3955 4232/3970/3955
f 4228/3966/3955 4225/3963/3955 4226/3964/3955
f 4233/3971/3955 4234/3972/3955 4235/3973/3955
f 4233/3971/3955 4236/3974/3955 4237/3975/3955
f 4236/3974/3955 4233/3971/3955 4235/3973/3955
f 4237/3975/3955 4220/3958/3955 4219/3957/3955
f 4230/3968/3955 4229/3967/3955 4234/3972/3955
f 4234/3972/3955 4233/3971/3955 4230/3968/3955
f 4232/3970/3955 4122/3865/3955 4121/3864/3955
f 4232/3970/3955 4228/3966/3955 4227/3965/3955
f 4122/3865/3955 4232/3970/3955 4231/3969/3955
f 4121/3864/3955 4118/3861/3955 4115/3858/3955
f 4220/3958/3955 4237/3975/3955 4236/3974/3955
f 4219/3957/3955 4216/3954/3955 4215/3953/3955
s 1
f 4167/3907/3980 4238/3976/4007 4239/3977/4008
f 4167/3907/3980 4239/3977/4008 4170/3910/3983
f 4170/3910/3983 4239/3977/4008 4240/3978/4009
f 4033/3776/3930 4032/3775/3929 4241/3979/3998
f 4197/3935/4006 4171/3911/3984 4170/3910/3983
f 4197/3935/4006 4170/3910/3983 4240/3978/4009
f 4197/3935/4006 4150/3891/3963 4171/3911/3984
f 4157/3898/3970 4197/3935/4006 4242/3980/4010
f 4157/3898/3970 4243/3981/4011 4151/3892/3964
f 4187/3927/3998 4184/3924/3995 4190/3930/4001
f 4187/3927/3998 4244/3982/4012 4245/3983/3930
f 4190/3930/4001 4246/3984/4013 4187/3927/3998
f 4190/3930/4001 4164/3904/3977 4163/3903/3976
f 4163/3903/3976 4247/3985/4014 4190/3930/4001
f 4163/3903/3976 4159/3899/3972 4162/3902/3975
f 4189/3929/4000 4166/3906/3979 4188/3928/3999
f 4189/3929/4000 4248/3986/4015 4238/3976/4007
f 4162/3902/3975 4249/3987/4016 4163/3903/3976
f 4162/3902/3975 4154/3895/3967 4153/3894/3966
f 4191/3931/4002 4188/3928/3999 4176/3916/3988
f 4191/3931/4002 4178/3918/3990 4250/3988/4017
f 4153/3894/3966 4148/3889/3961 4147/3888/3960
f 4153/3894/3966 4251/3989/4018 4162/3902/3975
f 4178/3918/3990 4175/3915/3987 4252/3990/4019
f 4178/3918/3990 4191/3931/4002 4176/3916/3988
f 4175/3915/3987 4178/3918/3990 4173/3913/3986
f 4175/3915/3987 4244/3982/4012 4252/3990/4019
s 0
f 4253/3980/3942 4254/3990/3942 4255/3991/3942
f 4254/3990/3942 4253/3980/3942 4256/3988/3942
f 4255/3991/3942 4257/3984/3942 4258/3981/3942
f 4256/3988/3942 4259/3977/3942 4260/3986/3942
f 4259/3977/3942 4256/3988/3942 4261/3978/3942
f 4260/3986/3942 4259/3977/3942 4262/3976/3942
f 4257/3984/3942 4263/3897/3942 4258/3981/3942
f 4257/3984/3942 4255/3991/3942 4264/3982/3942
f 4263/3897/3942 4265/3985/3942 4266/3893/3942
f 4263/3897/3942 4257/3984/3942 4265/3985/3942
f 4261/3978/3942 4256/3988/3942 4253/3980/3942
f 4264/3982/3942 4255/3991/3942 4254/3990/3942
f 4267/3987/3942 4266/3893/3942 4265/3985/3942
f 4266/3893/3942 4267/3987/3942 4268/3989/3942
s 1
f 4247/3985/4014 4163/3903/3976 4249/3987/4016
f 4249/3987/4016 4162/3902/3975 4251/3989/4018
f 4238/3976/4007 4167/3907/3980 4189/3929/4000
f 4251/3989/4018 4153/3894/3966 4152/3893/3965
f 4248/3986/4015 4189/3929/4000 4191/3931/4002
f 4152/3893/3965 4147/3888/3960 4156/3897/3969
f 4250/3988/4017 4178/3918/3990 4252/3990/4019
f 4250/3988/4017 4248/3986/4015 4191/3931/4002
f 4156/3897/3969 4151/3892/3964 4243/3981/4011
f 4243/3981/4011 4157/3898/3970 4269/3991/4020
f 4245/3983/3930 4244/3982/4012 4175/3915/3987
f 4244/3982/4012 4187/3927/3998 4246/3984/4013
f 4242/3980/4010 4197/3935/4006 4240/3978/4009
f 4242/3980/4010 4269/3991/4020 4157/3898/3970
f 4246/3984/4013 4190/3930/4001 4247/3985/4014
f 4270/3992/4021 4271/3993/4022 4272/3994/4023
f 4270/3992/4021 4273/3995/4024 4274/3996/4025
f 4271/3993/4022 4270/3992/4021 4274/3996/4025
f 4271/3993/4022 4275/3997/4026 4276/3998/4027
f 4271/3993/4022 4274/3996/4025 4277/3999/4028
f 4272/3994/4023 4278/4000/4029 4279/4001/4030
f 4272/3994/4023 4276/3998/4027 4280/4002/4031
f 4274/3996/4025 4281/4003/4032 4282/4004/4033
f 4274/3996/4025 4273/3995/4024 4281/4003/4032
f 4283/4005/4034 4284/4006/4035 4285/4007/4036
f 4283/4005/4034 4286/4008/4037 4287/4009/4038
f 4283/4005/4034 4287/4009/4038 4288/4010/4039
f 4287/4009/4038 4286/4008/4037 4289/4011/4040
f 4287/4009/4038 4290/4012/4041 4288/4010/4039
f 4288/4010/4039 4291/4013/4042 4292/4014/4043
f 4290/4012/4041 4293/4015/4044 4294/4016/4045
f 4295/4017/4046 4296/4018/4047 4297/4019/4048
f 4295/4017/4046 4298/4020/4049 4299/4021/4050
f 4295/4017/4046 4300/4022/4051 4301/4023/4052
f 4295/4017/4046 4297/4019/4048 4298/4020/4049
f 4297/4019/4048 4302/4024/4053 4303/4025/4054
f 4297/4019/4048 4304/4026/4055 4298/4020/4049
f 4304/4026/4055 4303/4025/4054 4305/4027/4056
f 4296/4018/4047 4306/4028/4057 4302/4024/4053
f 4296/4018/4047 4295/4017/4046 4301/4023/4052
f 4302/4024/4053 4297/4019/4048 4296/4018/4047
f 4302/4024/4053 4306/4028/4057 4307/4029/4058
f 4303/4025/4054 4304/4026/4055 4297/4019/4048
f 4305/4027/4056 4303/4025/4054 4308/4030/4059
f 4308/4030/4059 4309/4031/4060 4305/4027/4056
f 4308/4030/4059 4303/4025/4054 4302/4024/4053
f 4310/4032/4061 4308/4030/4059 4302/4024/4053
f 4311/4033/4062 4312/4034/4063 4313/4035/4064
f 4311/4033/4062 4314/4036/4065 4312/4034/4063
f 4311/4033/4062 4315/4037/4066 4316/4038/4067
f 4315/4037/4066 4311/4033/4062 4317/4039/4068
f 4316/4038/4067 4318/4040/4069 4319/4041/4070
f 4317/4039/4068 4313/4035/4064 4320/4042/4071
f 4313/4035/4064 4317/4039/4068 4311/4033/4062
f 4312/4034/4063 4321/4043/4072 4313/4035/4064
f 4312/4034/4063 4322/4044/4073 4323/4045/4074
f 4321/4043/4072 4323/4045/4074 4324/4046/4075
f 4314/4036/4065 4286/4008/4037 4322/4044/4073
f 4314/4036/4065 4316/4038/4067 4289/4011/4040
f 4314/4036/4065 4311/4033/4062 4316/4038/4067
f 4322/4044/4073 4325/4047/4076 4326/4048/4077
f 4322/4044/4073 4312/4034/4063 4314/4036/4065
f 4323/4045/4074 4321/4043/4072 4312/4034/4063
f 4323/4045/4074 4327/4049/4078 4324/4046/4075
f 4323/4045/4074 4326/4048/4077 4327/4049/4078
f 4327/4049/4078 4328/4050/4079 4324/4046/4075
f 4328/4050/4079 4329/4051/4080 4330/4052/4081
f 4326/4048/4077 4331/4053/4082 4332/4054/4083
f 4326/4048/4077 4323/4045/4074 4322/4044/4073
f 4333/4055/4084 4334/4056/4085 4335/4057/4086
f 4334/4056/4085 4333/4055/4084 4336/4058/4087
f 4329/4051/4080 4328/4050/4079 4327/4049/4078
f 4337/4059/4088 4338/4060/4089 4339/4061/4090
f 4340/4062/4091 4339/4061/4090 4338/4060/4089
f 4341/4063/4092 4282/4004/4033 4342/4064/4093
f 4341/4063/4092 4343/4065/4094 4277/3999/4028
f 4341/4063/4092 4344/4066/4095 4343/4065/4094
f 4344/4066/4095 4341/4063/4092 4345/4067/4096
f 4346/4068/4097 4347/4069/4098 4348/4070/4099
f 4347/4069/4098 4349/4071/4100 4350/4072/4101
f 4347/4069/4098 4351/4073/4102 4349/4071/4100
f 4348/4070/4099 4347/4069/4098 4350/4072/4101
f 4350/4072/4101 4352/4074/4103 4348/4070/4099
f 4350/4072/4101 4353/4075/4104 4354/4076/4105
f 4352/4074/4103 4350/4072/4101 4354/4076/4105
f 4284/4006/4035 4283/4005/4034 4288/4010/4039
f 4284/4006/4035 4288/4010/4039 4292/4014/4043
f 4294/4016/4045 4293/4015/4044 4355/4077/4106
f 4294/4016/4045 4356/4078/4107 4290/4012/4041
f 4293/4015/4044 4319/4041/4070 4355/4077/4106
f 4293/4015/4044 4290/4012/4041 4287/4009/4038
f 4355/4077/4106 4357/4079/4108 4294/4016/4045
f 4357/4079/4108 4358/4080/4109 4359/4081/4110
f 4357/4079/4108 4359/4081/4110 4294/4016/4045
f 4360/4082/4111 4361/4083/4112 4362/4084/4113
f 4360/4082/4111 4363/4085/4114 4361/4083/4112
f 4363/4085/4114 4364/4086/4115 4361/4083/4112
f 4362/4084/4113 4361/4083/4112 4365/4087/4116
f 4364/4086/4115 4363/4085/4114 4366/4088/4117
f 4366/4088/4117 4367/4089/4118 4368/4090/4119
f 4365/4087/4116 4361/4083/4112 4364/4086/4115
f 4356/4078/4107 4369/4091/4120 4370/4092/4121
f 4356/4078/4107 4291/4013/4042 4290/4012/4041
f 4356/4078/4107 4294/4016/4045 4359/4081/4110
f 4356/4078/4107 4371/4093/4122 4369/4091/4120
f 4358/4080/4109 4371/4093/4122 4359/4081/4110
f 4371/4093/4122 4358/4080/4109 4372/4094/4123
f 4371/4093/4122 4356/4078/4107 4359/4081/4110
f 4279/4001/4030 4373/3992/4124 4272/3994/4023
f 4279/4001/4030 4374/4095/4125 4373/3992/4124
f 4374/4095/4125 4375/4096/4126 4373/3992/4124
f 4374/4095/4125 4376/4097/4127 4375/4096/4126
f 4374/4095/4125 4377/4098/4128 4378/4099/4129
f 4278/4000/4029 4272/3994/4023 4280/4002/4031
f 4379/4100/4130 4279/4001/4030 4278/4000/4029
f 4379/4100/4130 4377/4098/4128 4279/4001/4030
f 4377/4098/4128 4380/4101/4131 4381/4102/4132
f 4377/4098/4128 4374/4095/4125 4279/4001/4030
f 4378/4099/4129 4381/4102/4132 4382/4103/4133
f 4383/4104/4134 4384/4105/4135 4385/4106/4136
f 4383/4104/4134 4386/4107/4137 4387/4108/4138
f 4384/4105/4135 4388/4109/4139 4389/4110/4140
f 4384/4105/4135 4383/4104/4134 4390/4111/4141
f 4384/4105/4135 4390/4111/4141 4391/4112/4142
f 4385/4106/4136 4389/4110/4140 4392/4113/4143
f 4385/4106/4136 4393/4114/4144 4394/4115/4145
f 4390/4111/4141 4395/4116/4146 4396/4117/4147
f 4390/4111/4141 4397/4118/4148 4391/4112/4142
f 4395/4116/4146 4390/4111/4141 4383/4104/4134
f 4395/4116/4146 4398/4119/4149 4396/4117/4147
f 4396/4117/4147 4397/4118/4148 4390/4111/4141
f 4396/4117/4147 4399/4120/4150 4400/4121/4151
f 4397/4118/4148 4396/4117/4147 4400/4121/4151
f 4401/4122/4152 4402/4123/4153 4403/4124/4154
f 4402/4123/4153 4401/4122/4152 4404/4125/4155
f 4402/4123/4153 4405/4126/4156 4406/4127/4157
f 4403/4124/4154 4407/4128/4158 4408/4129/4159
f 4403/4124/4154 4409/4130/4160 4410/4131/4161
f 4403/4124/4154 4408/4129/4159 4401/4122/4152
f 4404/4125/4155 4405/4126/4156 4402/4123/4153
f 4404/4125/4155 4411/4132/4162 4412/4133/4163
f 4405/4126/4156 4404/4125/4155 4413/4134/4164
f 4413/4134/4164 4404/4125/4155 4412/4133/4163
f 4406/4127/4157 4409/4130/4160 4402/4123/4153
f 4409/4130/4160 4403/4124/4154 4402/4123/4153
f 4409/4130/4160 4414/4135/4165 4415/4136/4166
f 4380/4101/4131 4377/4098/4128 4379/4100/4130
f 4381/4102/4132 4378/4099/4129 4377/4098/4128
f 4381/4102/4132 4380/4101/4131 4416/4137/4167
f 4416/4137/4167 4417/4138/4168 4381/4102/4132
f 4417/4138/4168 4418/4139/4169 4412/4133/4163
f 4417/4138/4168 4382/4103/4133 4381/4102/4132
f 4382/4103/4133 4419/4140/4170 4420/4141/4171
f 4382/4103/4133 4420/4141/4171 4378/4099/4129
f 4382/4103/4133 4417/4138/4168 4421/4142/4172
f 4421/4142/4172 4412/4133/4163 4411/4132/4162
f 4422/4143/4173 4423/4144/4174 4424/4145/4175
f 4422/4143/4173 4425/4146/4176 4426/4147/4177
f 4422/4143/4173 4426/4147/4177 4427/4148/4178
f 4425/4146/4176 4422/4143/4173 4428/4149/4179
f 4428/4149/4179 4429/4150/4180 4425/4146/4176
f 4424/4145/4175 4430/4151/4181 4428/4149/4179
f 4424/4145/4175 4428/4149/4179 4422/4143/4173
f 4430/4151/4181 4431/4152/4182 4432/4153/4183
f 4430/4151/4181 4433/4154/4184 4428/4149/4179
f 4433/4154/4184 4434/4155/4185 4429/4150/4180
f 4433/4154/4184 4429/4150/4180 4428/4149/4179
f 4433/4154/4184 4430/4151/4181 4432/4153/4183
f 4435/4156/4186 4436/4157/4187 4437/4158/4188
f 4436/4157/4187 4438/4159/4189 4439/4160/4190
f 4436/4157/4187 4435/4156/4186 4438/4159/4189
f 4436/4157/4187 4440/4161/4191 4441/4162/4192
f 4437/4158/4188 4441/4162/4192 4442/4163/4193
f 4438/4159/4189 4443/4164/4194 4444/4165/4195
f 4438/4159/4189 4445/4166/4196 4439/4160/4190
f 4443/4164/4194 4446/4167/4197 4447/4168/4198
f 4443/4164/4194 4438/4159/4189 4435/4156/4186
f 4443/4164/4194 4447/4168/4198 4444/4165/4195
f 4444/4165/4195 4448/4169/4199 4449/4170/4200
f 4444/4165/4195 4445/4166/4196 4438/4159/4189
f 4445/4166/4196 4444/4165/4195 4449/4170/4200
f 4450/4171/4201 4451/4172/4202 4452/4173/4203
f 4450/4171/4201 4453/4174/4204 4454/4175/4205
f 4450/4171/4201 4452/4173/4203 4455/4176/4206
f 4451/4172/4202 4450/4171/4201 4427/4148/4178
f 4427/4148/4178 4426/4147/4177 4451/4172/4202
f 4454/4175/4205 4423/4144/4174 4427/4148/4178
f 4454/4175/4205 4427/4148/4178 4450/4171/4201
f 4423/4144/4174 4422/4143/4173 4427/4148/4178
f 4423/4144/4174 4456/4177/4207 4424/4145/4175
f 4457/4178/4208 4458/4179/4209 4454/4175/4205
f 4457/4178/4208 4459/4180/4210 4458/4179/4209
f 4457/4178/4208 4460/4181/4211 4461/4182/4212
f 4457/4178/4208 4454/4175/4205 4462/4183/4213
f 4458/4179/4209 4423/4144/4174 4454/4175/4205
f 4458/4179/4209 4463/4184/4214 4456/4177/4207
f 4459/4180/4210 4457/4178/4208 4461/4182/4212
f 4463/4184/4214 4458/4179/4209 4459/4180/4210
f 4456/4177/4207 4464/4185/4215 4465/4186/4216
f 4456/4177/4207 4465/4186/4216 4424/4145/4175
f 4456/4177/4207 4423/4144/4174 4458/4179/4209
f 4466/4187/4217 4467/4188/4218 4468/4189/4219
f 4467/4188/4218 4466/4187/4217 4469/4190/4220
f 4467/4188/4218 4470/4191/4221 4471/4192/4222
f 4467/4188/4218 4472/4193/4223 4473/4194/4224
f 4467/4188/4218 4474/4195/4225 4468/4189/4219
f 4474/4195/4225 4467/4188/4218 4471/4192/4222
f 4471/4192/4222 4475/4196/4226 4476/4197/4227
f 4471/4192/4222 4470/4191/4221 4475/4196/4226
f 4477/4198/4228 4478/4199/4229 4479/4200/4230
f 4477/4198/4228 4480/4201/4231 4478/4199/4229
f 4481/4202/4232 4477/4198/4228 4479/4200/4230
f 4482/4203/4233 4477/4198/4228 4481/4202/4232
f 4465/4186/4216 4430/4151/4181 4424/4145/4175
f 4465/4186/4216 4483/4204/4234 4431/4152/4182
f 4464/4185/4215 4456/4177/4207 4463/4184/4214
f 4464/4185/4215 4484/4205/4235 4483/4204/4234
f 4464/4185/4215 4463/4184/4214 4485/4206/4236
f 4483/4204/4234 4465/4186/4216 4464/4185/4215
f 4431/4152/4182 4430/4151/4181 4465/4186/4216
f 4431/4152/4182 4486/4207/4237 4432/4153/4183
f 4431/4152/4182 4487/4208/4238 4488/4209/4239
f 4415/4136/4166 4414/4135/4165 4489/4210/4240
f 4415/4136/4166 4410/4131/4161 4409/4130/4160
f 4415/4136/4166 4490/4211/4241 4410/4131/4161
f 4490/4211/4241 4491/4212/4242 4492/4213/4243
f 4490/4211/4241 4493/4214/4244 4494/4215/4245
f 4490/4211/4241 4492/4213/4243 4410/4131/4161
f 4414/4135/4165 4409/4130/4160 4406/4127/4157
f 4489/4210/4240 4493/4214/4244 4415/4136/4166
f 4493/4214/4244 4495/4216/4246 4496/4217/4247
f 4493/4214/4244 4490/4211/4241 4415/4136/4166
f 4497/4218/4248 4498/4219/4249 4499/4220/4250
f 4497/4218/4248 4500/4221/4251 4498/4219/4249
f 4500/4221/4251 4501/4222/4252 4498/4219/4249
f 4498/4219/4249 4502/4223/4253 4503/4224/4254
f 4499/4220/4250 4503/4224/4254 4504/4225/4255
f 4501/4222/4252 4502/4223/4253 4498/4219/4249
f 4501/4222/4252 4505/4226/4256 4502/4223/4253
f 4501/4222/4252 4500/4221/4251 4506/4227/4257
f 4503/4224/4254 4507/4228/4258 4504/4225/4255
f 4503/4224/4254 4499/4220/4250 4498/4219/4249
f 4503/4224/4254 4508/4229/4259 4507/4228/4258
f 4470/4191/4221 4509/4230/4260 4475/4196/4226
f 4470/4191/4221 4467/4188/4218 4473/4194/4224
f 4509/4230/4260 4510/4231/4261 4511/4232/4262
f 4509/4230/4260 4512/4233/4263 4510/4231/4261
f 4509/4230/4260 4470/4191/4221 4513/4234/4264
f 4514/4235/4265 4515/4236/4266 4516/4237/4267
f 4514/4235/4265 4516/4237/4267 4517/4238/4268
f 4517/4238/4268 4518/4239/4269 4514/4235/4265
f 4518/4239/4269 4517/4238/4268 4519/4240/4270
f 4520/4241/4271 4434/4155/4185 4521/4242/4272
f 4520/4241/4271 4521/4242/4272 4522/4243/4273
f 4521/4242/4272 4433/4154/4184 4432/4153/4183
f 4522/4243/4273 4521/4242/4272 4432/4153/4183
f 4522/4243/4273 4432/4153/4183 4523/4244/4274
f 4434/4155/4185 4433/4154/4184 4521/4242/4272
f 4523/4244/4274 4524/4245/4275 4520/4241/4271
f 4523/4244/4274 4520/4241/4271 4522/4243/4273
f 4523/4244/4274 4432/4153/4183 4486/4207/4237
f 4486/4207/4237 4431/4152/4182 4488/4209/4239
f 4525/4246/4276 4526/4247/4277 4527/4248/4278
f 4526/4247/4277 4525/4246/4276 4528/4249/4279
f 4529/4250/4280 4530/4251/4281 4531/4252/4282
f 4529/4250/4280 4532/4253/4283 4530/4251/4281
f 4533/4254/4284 4534/4255/4285 4535/4256/4286
f 4534/4255/4285 4533/4254/4284 4472/4193/4223
f 4535/4256/4286 4536/4257/4287 4533/4254/4284
f 4472/4193/4223 4537/4258/4288 4534/4255/4285
f 4472/4193/4223 4467/4188/4218 4469/4190/4220
f 4472/4193/4223 4538/4259/4289 4473/4194/4224
f 4537/4258/4288 4472/4193/4223 4469/4190/4220
f 4507/4228/4258 4539/4260/4290 4504/4225/4255
f 4539/4260/4290 4540/4261/4291 4541/4262/4292
f 4539/4260/4290 4541/4262/4292 4504/4225/4255
f 4508/4229/4259 4503/4224/4254 4502/4223/4253
f 4508/4229/4259 4542/4263/4293 4543/4264/4294
f 4495/4216/4246 4544/4265/4295 4496/4217/4247
f 4495/4216/4246 4493/4214/4244 4489/4210/4240
f 4496/4217/4247 4544/4265/4295 4545/4266/4296
f 4496/4217/4247 4545/4266/4296 4494/4215/4245
f 4496/4217/4247 4494/4215/4245 4493/4214/4244
f 4544/4265/4295 4546/4267/4297 4547/4268/4298
f 4544/4265/4295 4547/4268/4298 4545/4266/4296
f 4545/4266/4296 4547/4268/4298 4494/4215/4245
f 4548/4269/4299 4549/4270/4300 4550/4271/4301
f 4548/4269/4299 4551/4272/4302 4369/4091/4120
f 4551/4272/4302 4550/4271/4301 4552/4273/4303
f 4551/4272/4302 4548/4269/4299 4550/4271/4301
f 4550/4271/4301 4553/4274/4304 4552/4273/4303
f 4549/4270/4300 4548/4269/4299 4554/4275/4305
f 4554/4275/4305 4462/4183/4213 4549/4270/4300
f 4555/4270/4306 4462/4183/4213 4556/4276/4307
f 4555/4270/4306 4553/4274/4304 4550/4271/4301
f 4553/4274/4304 4557/4277/4308 4552/4273/4303
f 4553/4274/4304 4555/4270/4306 4556/4276/4307
f 4556/4276/4307 4455/4176/4206 4558/4278/4309
f 4556/4276/4307 4453/4174/4204 4455/4176/4206
f 4556/4276/4307 4559/4279/4310 4553/4274/4304
f 4552/4273/4303 4292/4014/4043 4291/4013/4042
f 4552/4273/4303 4370/4092/4121 4551/4272/4302
f 4367/4089/4118 4366/4088/4117 4363/4085/4114
f 4367/4089/4118 4363/4085/4114 4360/4082/4111
f 4560/4280/4311 4367/4089/4118 4360/4082/4111
f 4561/4281/4312 4562/4282/4313 4563/4283/4314
f 4561/4281/4312 4563/4283/4314 4564/4284/4315
f 4563/4283/4314 4565/4285/4316 4566/4286/4317
f 4564/4284/4315 4563/4283/4314 4566/4286/4317
f 4566/4286/4317 4567/4287/4318 4564/4284/4315
f 4566/4286/4317 4565/4285/4316 4568/4288/4319
f 4567/4287/4318 4566/4286/4317 4568/4288/4319
f 4569/4289/4320 4570/4290/4321 4571/4291/4322
f 4570/4290/4321 4569/4289/4320 4572/4292/4323
f 4570/4290/4321 4572/4292/4323 4573/4293/4324
f 4570/4290/4321 4574/4294/4325 4571/4291/4322
f 4575/4295/4326 4576/4296/4327 4577/4297/4328
f 4576/4296/4327 4575/4295/4326 4578/4298/4329
f 4578/4298/4329 4579/4299/4330 4580/4300/4331
f 4579/4299/4330 4578/4298/4329 4575/4295/4326
f 4579/4299/4330 4581/4301/4332 4582/4302/4333
f 4583/4303/4334 4573/4293/4324 4572/4292/4323
f 4573/4293/4324 4584/4304/4335 4570/4290/4321
f 4388/4109/4139 4585/4305/4336 4586/4306/4337
f 4388/4109/4139 4384/4105/4135 4391/4112/4142
f 4388/4109/4139 4587/4307/4338 4588/4308/4339
f 4388/4109/4139 4589/4309/4340 4389/4110/4140
f 4585/4305/4336 4388/4109/4139 4391/4112/4142
f 4586/4306/4337 4590/4310/4341 4591/4311/4342
f 4586/4306/4337 4591/4311/4342 4592/4312/4343
f 4590/4310/4341 4586/4306/4337 4585/4305/4336
f 4590/4310/4341 4593/4313/4344 4591/4311/4342
f 4591/4311/4342 4594/4314/4345 4592/4312/4343
f 4587/4307/4338 4586/4306/4337 4592/4312/4343
f 4587/4307/4338 4595/4315/4346 4588/4308/4339
f 4587/4307/4338 4388/4109/4139 4586/4306/4337
f 4587/4307/4338 4592/4312/4343 4596/4316/4347
f 4592/4312/4343 4597/4317/4348 4598/4318/4349
f 4418/4139/4169 4417/4138/4168 4416/4137/4167
f 4412/4133/4163 4421/4142/4172 4417/4138/4168
f 4412/4133/4163 4418/4139/4169 4413/4134/4164
f 4411/4132/4162 4404/4125/4155 4401/4122/4152
f 4411/4132/4162 4599/4319/4350 4421/4142/4172
f 4411/4132/4162 4600/4320/4351 4599/4319/4350
f 4593/4313/4344 4590/4310/4341 4601/4321/4352
f 4602/4322/4353 4442/4163/4193 4603/4323/4354
f 4442/4163/4193 4602/4322/4353 4437/4158/4188
f 4442/4163/4193 4604/4324/4355 4605/4325/4356
f 4603/4323/4354 4442/4163/4193 4605/4325/4356
f 4606/4326/4357 4603/4323/4354 4605/4325/4356
f 4606/4326/4357 4607/4327/4358 4608/4328/4359
f 4594/4314/4345 4591/4311/4342 4593/4313/4344
f 4453/4174/4204 4450/4171/4201 4455/4176/4206
f 4455/4176/4206 4452/4173/4203 4609/4329/4360
f 4558/4278/4309 4609/4329/4360 4610/4330/4361
f 4609/4329/4360 4558/4278/4309 4455/4176/4206
f 4610/4330/4361 4559/4279/4310 4558/4278/4309
f 4557/4277/4308 4553/4274/4304 4559/4279/4310
f 4557/4277/4308 4611/4331/4362 4292/4014/4043
f 4557/4277/4308 4559/4279/4310 4612/4332/4363
f 4559/4279/4310 4613/4333/4364 4612/4332/4363
f 4559/4279/4310 4556/4276/4307 4558/4278/4309
f 4559/4279/4310 4610/4330/4361 4613/4333/4364
f 4462/4183/4213 4554/4275/4305 4460/4181/4211
f 4462/4183/4213 4454/4175/4205 4453/4174/4204
f 4462/4183/4213 4453/4174/4204 4556/4276/4307
f 4460/4181/4211 4457/4178/4208 4462/4183/4213
f 4595/4315/4346 4614/4334/4365 4588/4308/4339
f 4595/4315/4346 4587/4307/4338 4596/4316/4347
f 4614/4334/4365 4595/4315/4346 4615/4335/4366
f 4616/4336/4367 4617/4337/4368 4618/4338/4369
f 4617/4337/4368 4619/4339/4370 4620/4340/4371
f 4617/4337/4368 4616/4336/4367 4621/4341/4372
f 4617/4337/4368 4622/4342/4373 4618/4338/4369
f 4617/4337/4368 4623/4343/4374 4619/4339/4370
f 4622/4342/4373 4617/4337/4368 4620/4340/4371
f 4622/4342/4373 4624/4344/4375 4618/4338/4369
f 4624/4344/4375 4622/4342/4373 4372/4094/4123
f 4597/4317/4376 4625/4345/4377 4626/4318/4378
f 4597/4317/4348 4592/4312/4343 4594/4314/4345
f 4607/4327/4358 4606/4326/4357 4605/4325/4356
f 4627/4346/4379 4625/4345/4377 4597/4317/4376
f 4596/4316/4347 4592/4312/4343 4598/4318/4349
f 4596/4316/4347 4598/4318/4349 4628/4345/4380
f 4628/4345/4380 4595/4315/4346 4596/4316/4347
f 4629/4347/4381 4630/4348/4382 4631/4349/4383
f 4630/4348/4382 4632/4350/4384 4633/4351/4385
f 4630/4348/4382 4634/4352/4386 4635/4353/4387
f 4630/4348/4382 4633/4351/4385 4631/4349/4383
f 4630/4348/4382 4629/4347/4381 4636/4354/4388
f 4631/4349/4383 4637/4355/4389 4629/4347/4381
f 4631/4349/4383 4638/4356/4390 4637/4355/4389
f 4631/4349/4383 4633/4351/4385 4638/4356/4390
f 4636/4354/4388 4639/4357/4391 4634/4352/4386
f 4640/4358/4392 4604/4324/4355 4641/4359/4393
f 4640/4358/4392 4642/4360/4394 4605/4325/4356
f 4642/4360/4394 4607/4327/4358 4605/4325/4356
f 4643/4361/4395 4620/4340/4371 4619/4339/4370
f 4643/4361/4395 4644/4362/4396 4645/4363/4397
f 4644/4362/4396 4646/4364/4398 4645/4363/4397
f 4644/4362/4396 4643/4361/4395 4619/4339/4370
f 4623/4343/4374 4617/4337/4368 4647/4341/4399
f 4648/4365/4400 4649/4366/4401 4563/4283/4314
f 4648/4365/4400 4650/4367/4402 4651/4368/4403
f 4648/4365/4400 4563/4283/4314 4562/4282/4313
f 4649/4366/4401 4652/4369/4404 4565/4285/4316
f 4649/4366/4401 4648/4365/4400 4653/4370/4405
f 4653/4370/4405 4648/4365/4400 4651/4368/4403
f 4653/4370/4405 4651/4368/4403 4654/4371/4406
f 4653/4370/4405 4655/4372/4407 4656/4373/4408
f 4657/4374/4409 4653/4370/4405 4654/4371/4406
f 4655/4372/4407 4653/4370/4405 4657/4374/4409
f 4656/4373/4408 4649/4366/4401 4653/4370/4405
f 4565/4285/4316 4652/4369/4404 4658/4375/4410
f 4565/4285/4316 4659/4376/4411 4568/4288/4319
f 4565/4285/4316 4563/4283/4314 4649/4366/4401
f 4659/4376/4411 4565/4285/4316 4658/4375/4410
f 4652/4369/4404 4649/4366/4401 4656/4373/4408
f 4660/4377/4412 4584/4304/4335 4661/4378/4413
f 4660/4377/4412 4574/4294/4325 4584/4304/4335
f 4574/4294/4325 4570/4290/4321 4584/4304/4335
f 4584/4304/4335 4573/4293/4324 4662/4379/4414
f 4584/4304/4335 4662/4379/4414 4663/4380/4415
f 4661/4378/4413 4584/4304/4335 4663/4380/4415
f 4581/4301/4332 4579/4299/4330 4575/4295/4326
f 4581/4301/4332 4664/4381/4416 4665/4382/4417
f 4581/4301/4332 4575/4295/4326 4666/4297/4418
f 4581/4301/4332 4666/4297/4418 4667/4383/4419
f 4668/4093/4420 4669/4384/4421 4670/4385/4422
f 4669/4384/4421 4668/4093/4420 4671/4094/4423
f 4665/4382/4417 4582/4302/4333 4581/4301/4332
f 4639/4357/4391 4672/4386/4424 4673/4387/4425
f 4639/4357/4391 4673/4387/4425 4674/4388/4426
f 4639/4357/4391 4674/4388/4426 4675/4389/4427
f 4639/4357/4391 4636/4354/4388 4676/4390/4428
f 4639/4357/4391 4677/4391/4429 4634/4352/4386
f 4634/4352/4386 4630/4348/4382 4636/4354/4388
f 4672/4386/4424 4639/4357/4391 4676/4390/4428
f 4677/4391/4429 4639/4357/4391 4675/4389/4427
f 4632/4350/4384 4630/4348/4382 4635/4353/4387
f 4650/4367/4402 4648/4365/4400 4562/4282/4313
f 4678/4392/4430 4645/4363/4397 4646/4364/4398
f 4678/4392/4430 4679/4393/4431 4463/4184/4214
f 4678/4392/4430 4680/4394/4432 4645/4363/4397
f 4679/4393/4431 4678/4392/4430 4646/4364/4398
f 4679/4393/4431 4485/4206/4236 4463/4184/4214
f 4604/4324/4355 4442/4163/4193 4441/4162/4192
f 4604/4324/4355 4640/4358/4392 4605/4325/4356
f 4604/4324/4355 4681/4395/4433 4641/4359/4393
f 4681/4395/4433 4604/4324/4355 4441/4162/4192
f 4682/4396/4434 4641/4359/4393 4681/4395/4433
f 4484/4205/4235 4464/4185/4215 4485/4206/4236
f 4683/4397/4435 4485/4206/4236 4679/4393/4431
f 4683/4397/4435 4484/4205/4235 4485/4206/4236
f 4684/4398/4436 4372/4094/4123 4358/4080/4109
f 4684/4398/4436 4624/4344/4375 4372/4094/4123
f 4685/4399/4437 4589/4309/4340 4686/4400/4438
f 4589/4309/4340 4588/4308/4339 4686/4400/4438
f 4589/4309/4340 4685/4399/4437 4687/4401/4439
f 4589/4309/4340 4388/4109/4139 4588/4308/4339
f 4686/4400/4438 4588/4308/4339 4614/4334/4365
f 4687/4401/4439 4389/4110/4140 4589/4309/4340
f 4687/4401/4439 4392/4113/4143 4389/4110/4140
f 4688/4402/4440 4463/4184/4214 4459/4180/4210
f 4688/4402/4440 4459/4180/4210 4461/4182/4212
f 4688/4402/4440 4461/4182/4212 4680/4394/4432
f 4688/4402/4440 4678/4392/4430 4463/4184/4214
f 4680/4394/4432 4678/4392/4430 4688/4402/4440
f 4611/4331/4362 4557/4277/4308 4612/4332/4363
f 4292/4014/4043 4611/4331/4362 4284/4006/4035
f 4292/4014/4043 4552/4273/4303 4557/4277/4308
f 4291/4013/4042 4356/4078/4107 4370/4092/4121
f 4291/4013/4042 4288/4010/4039 4290/4012/4041
f 4370/4092/4121 4552/4273/4303 4291/4013/4042
f 4370/4092/4121 4369/4091/4120 4551/4272/4302
f 4487/4208/4238 4431/4152/4182 4483/4204/4234
f 4689/4403/4441 4690/4404/4442 4691/4405/4443
f 4690/4404/4442 4692/4406/4444 4693/4407/4445
f 4690/4404/4442 4694/4246/4446 4691/4405/4443
f 4691/4405/4443 4695/4408/4447 4689/4403/4441
f 4694/4246/4446 4690/4404/4442 4696/4249/4448
f 4697/4409/4449 4696/4249/4448 4693/4407/4445
f 4693/4407/4445 4692/4406/4444 4698/4410/4450
f 4693/4407/4445 4699/4411/4451 4697/4409/4449
f 4693/4407/4445 4696/4249/4448 4690/4404/4442
f 4692/4406/4444 4690/4404/4442 4689/4403/4441
f 4700/4412/4452 4693/4407/4445 4698/4410/4450
f 4699/4411/4451 4693/4407/4445 4701/4412/4453
f 4699/4411/4451 4702/4413/4454 4703/4409/4455
f 4701/4412/4453 4704/4414/4456 4699/4411/4451
f 4538/4259/4289 4513/4234/4264 4473/4194/4224
f 4538/4259/4289 4705/4415/4457 4513/4234/4264
f 4538/4259/4289 4706/4416/4458 4705/4415/4457
f 4538/4259/4289 4472/4193/4223 4533/4254/4284
f 4473/4194/4224 4513/4234/4264 4470/4191/4221
f 4704/4414/4456 4701/4412/4453 4707/4417/4459
f 4704/4414/4456 4702/4413/4454 4699/4411/4451
f 4708/4418/4460 4709/4419/4460 4710/4420/4460
f 4709/4419/4460 4708/4418/4460 4711/4421/4460
f 4712/4422/4461 4713/4423/4462 4714/4424/4463
f 4713/4423/4462 4712/4422/4461 4715/4425/4464
f 4714/4424/4463 4716/4426/4465 4717/4427/4466
f 4718/4250/4467 4719/4428/4468 4720/4429/4469
f 4719/4428/4468 4721/4430/4470 4722/4431/4470
f 4719/4428/4468 4718/4250/4467 4723/4252/4471
f 4724/4432/4472 4725/4428/4473 4726/4252/4474
f 4725/4428/4473 4724/4432/4472 4727/4433/4475
f 4722/4431/4470 4720/4429/4469 4719/4428/4468
f 4728/4434/4476 4729/4435/4477 4716/4426/4465
f 4729/4435/4477 4728/4434/4476 4730/4436/4478
f 4716/4426/4465 4729/4435/4477 4731/4437/4479
f 4716/4426/4465 4714/4424/4463 4713/4423/4462
f 4717/4427/4466 4716/4426/4465 4731/4437/4479
f 4732/4421/4480 4733/4438/4481 4734/4419/4482
f 4733/4438/4481 4732/4421/4480 4735/4439/4483
f 4393/4114/4144 4385/4106/4136 4392/4113/4143
f 4393/4114/4144 4392/4113/4143 4736/4440/4484
f 4394/4115/4145 4383/4104/4134 4385/4106/4136
f 4737/4441/4485 4738/4442/4486 4739/4443/4487
f 4737/4441/4485 4740/4444/4488 4741/4445/4489
f 4737/4441/4485 4739/4443/4487 4742/4446/4490
f 4740/4444/4488 4743/4447/4491 4744/4448/4492
f 4740/4444/4488 4737/4441/4485 4742/4446/4490
f 4741/4445/4489 4745/4449/4493 4746/4450/4494
f 4741/4445/4489 4747/4451/4495 4748/4452/4496
f 4742/4446/4490 4749/4453/4497 4750/4454/4498
f 4742/4446/4490 4743/4447/4491 4740/4444/4488
f 4743/4447/4491 4742/4446/4490 4750/4454/4498
f 4745/4449/4493 4740/4444/4488 4744/4448/4492
f 4745/4449/4493 4741/4445/4489 4740/4444/4488
f 4751/4455/4499 4752/4456/4500 4748/4452/4496
f 4752/4456/4500 4737/4441/4485 4748/4452/4496
f 4752/4456/4500 4751/4455/4499 4753/4457/4151
f 4752/4456/4500 4754/4458/4501 4755/4459/4502
f 4752/4456/4500 4755/4459/4502 4737/4441/4485
f 4748/4452/4496 4737/4441/4485 4741/4445/4489
f 4747/4451/4495 4741/4445/4489 4746/4450/4494
f 4756/4460/4142 4751/4455/4499 4748/4452/4496
f 4756/4460/4142 4748/4452/4496 4747/4451/4495
f 4440/4161/4191 4436/4157/4187 4439/4160/4190
f 4440/4161/4191 4757/4461/4503 4758/4462/4504
f 4440/4161/4191 4759/4463/4505 4681/4395/4433
f 4759/4463/4505 4440/4161/4191 4758/4462/4504
f 4757/4461/4503 4440/4161/4191 4439/4160/4190
f 4541/4262/4292 4499/4220/4250 4504/4225/4255
f 4540/4261/4291 4539/4260/4290 4760/4464/4506
f 4441/4162/4192 4437/4158/4188 4436/4157/4187
f 4441/4162/4192 4440/4161/4191 4681/4395/4433
f 4389/4110/4140 4385/4106/4136 4384/4105/4135
f 4736/4440/4484 4392/4113/4143 4687/4401/4439
f 4386/4107/4137 4761/4465/4507 4762/4466/4508
f 4386/4107/4137 4383/4104/4134 4394/4115/4145
f 4387/4108/4138 4763/4467/4509 4395/4116/4146
f 4387/4108/4138 4395/4116/4146 4383/4104/4134
f 4764/4468/4510 4387/4108/4138 4762/4466/4508
f 4764/4468/4510 4762/4466/4508 4765/4469/4511
f 4764/4468/4510 4766/4470/4512 4387/4108/4138
f 4764/4468/4510 4765/4469/4511 4766/4470/4512
f 4762/4466/4508 4387/4108/4138 4386/4107/4137
f 4762/4466/4508 4767/4471/4513 4765/4469/4511
f 4761/4465/4507 4386/4107/4137 4394/4115/4145
f 4761/4465/4507 4394/4115/4145 4768/4472/4514
f 4306/4028/4057 4296/4018/4047 4769/4473/4515
f 4307/4029/4058 4310/4032/4061 4302/4024/4053
f 4768/4472/4514 4394/4115/4145 4393/4114/4144
f 4319/4041/4070 4770/4474/4516 4355/4077/4106
f 4319/4041/4070 4293/4015/4044 4289/4011/4040
f 4770/4474/4516 4319/4041/4070 4318/4040/4069
f 4318/4040/4069 4316/4038/4067 4315/4037/4066
f 4289/4011/4040 4316/4038/4067 4319/4041/4070
f 4289/4011/4040 4293/4015/4044 4287/4009/4038
f 4286/4008/4037 4283/4005/4034 4325/4047/4076
f 4286/4008/4037 4314/4036/4065 4289/4011/4040
f 4325/4047/4076 4283/4005/4034 4285/4007/4036
f 4325/4047/4076 4322/4044/4073 4286/4008/4037
f 4331/4053/4082 4326/4048/4077 4325/4047/4076
f 4331/4053/4082 4325/4047/4076 4285/4007/4036
f 4277/3999/4028 4274/3996/4025 4282/4004/4033
f 4275/3997/4026 4277/3999/4028 4343/4065/4094
f 4275/3997/4026 4271/3993/4022 4277/3999/4028
f 4276/3998/4027 4272/3994/4023 4271/3993/4022
f 4282/4004/4033 4341/4063/4092 4277/3999/4028
f 4282/4004/4033 4771/4475/4517 4342/4064/4093
f 4273/3995/4024 4772/4476/4518 4281/4003/4032
f 4273/3995/4024 4270/3992/4021 4773/4477/4519
f 4773/4477/4519 4774/4478/4520 4775/4479/4521
f 4773/4477/4519 4775/4479/4521 4776/4480/4522
f 4773/4477/4519 4373/3992/4124 4375/4096/4126
f 4777/4481/4523 4778/4482/4524 4779/4483/4525
f 4777/4481/4523 4780/4484/4526 4781/4485/4527
f 4777/4481/4523 4782/4486/4528 4783/4487/4529
f 4780/4484/4526 4784/4488/4530 4785/4489/4531
f 4780/4484/4526 4777/4481/4523 4783/4487/4529
f 4781/4485/4527 4785/4489/4531 4786/4490/4532
f 4781/4485/4527 4778/4482/4524 4777/4481/4523
f 4783/4487/4529 4787/4491/4533 4780/4484/4526
f 4299/4021/4050 4298/4020/4049 4788/4492/4534
f 4300/4022/4051 4295/4017/4046 4299/4021/4050
f 4789/4493/4535 4790/4494/4536 4791/4495/4537
f 4789/4493/4535 4792/4496/4538 4793/4497/4539
f 4790/4494/4536 4794/4498/4540 4795/4499/4541
f 4791/4495/4537 4796/4500/4542 4789/4493/4535
f 4796/4500/4542 4797/4501/4543 4792/4496/4538
f 4796/4500/4542 4798/4502/4544 4797/4501/4543
f 4798/4502/4544 4796/4500/4542 4791/4495/4537
f 4792/4496/4538 4797/4501/4543 4799/4503/4545
f 4792/4496/4538 4789/4493/4535 4796/4500/4542
f 4792/4496/4538 4799/4503/4545 4800/4504/4546
f 4793/4497/4539 4801/4505/4547 4802/4506/4548
f 4801/4505/4547 4803/4507/4549 4802/4506/4548
f 4801/4505/4547 4800/4504/4546 4804/4508/4550
f 4801/4505/4547 4793/4497/4539 4792/4496/4538
f 4802/4506/4548 4805/4509/4551 4806/4510/4552
f 4800/4504/4546 4801/4505/4547 4792/4496/4538
f 4804/4508/4550 4800/4504/4546 4807/4511/4553
f 4804/4508/4550 4808/4512/4554 4803/4507/4549
f 4807/4511/4553 4809/4513/4555 4804/4508/4550
f 4803/4507/4549 4785/4489/4531 4784/4488/4530
f 4803/4507/4549 4801/4505/4547 4804/4508/4550
f 4808/4512/4554 4804/4508/4550 4809/4513/4555
f 4809/4513/4555 4807/4511/4553 4810/4514/4556
f 4809/4513/4555 4810/4514/4556 4811/4515/4557
f 4809/4513/4555 4812/4516/4558 4808/4512/4554
f 4811/4515/4557 4810/4514/4556 4813/4517/4559
f 4812/4516/4558 4786/4490/4532 4808/4512/4554
f 4812/4516/4558 4809/4513/4555 4811/4515/4557
f 4814/4518/4560 4815/4519/4561 4816/4520/4562
f 4815/4519/4561 4814/4518/4560 4817/4521/4563
f 4816/4520/4562 4818/4522/4564 4819/4523/4565
f 4820/4524/4566 4821/4525/4567 4822/4526/4568
f 4821/4525/4567 4820/4524/4566 4823/4527/4569
f 4349/4071/4100 4824/4528/4570 4825/4529/4571
f 4349/4071/4100 4825/4529/4571 4353/4075/4104
f 4824/4528/4570 4351/4073/4102 4826/4530/4572
f 4353/4075/4104 4350/4072/4101 4349/4071/4100
f 4351/4073/4102 4824/4528/4570 4349/4071/4100
f 4778/4482/4524 4781/4485/4527 4827/4531/4573
f 4828/4532/4574 4829/4533/4575 4830/4534/4576
f 4828/4532/4574 4831/4535/4577 4787/4491/4533
f 4787/4491/4533 4783/4487/4529 4828/4532/4574
f 4787/4491/4533 4805/4509/4551 4784/4488/4530
f 4832/4536/4578 4831/4535/4577 4828/4532/4574
f 4832/4536/4578 4830/4534/4576 4833/4537/4579
f 4834/4538/4580 4835/4539/4581 4836/4540/4582
f 4834/4538/4580 4837/4541/4583 4838/4280/4584
f 4835/4539/4581 4834/4538/4580 4839/4542/4585
f 4836/4540/4582 4840/4543/4586 4841/4544/4587
f 4840/4543/4586 4836/4540/4582 4835/4539/4581
f 4842/4545/4588 4835/4539/4581 4839/4542/4585
f 4842/4545/4588 4840/4543/4586 4835/4539/4581
f 4829/4533/4575 4828/4532/4574 4783/4487/4529
f 4829/4533/4575 4782/4486/4528 4843/4546/4589
f 4830/4534/4576 4832/4536/4578 4828/4532/4574
f 4833/4537/4579 4844/4547/4590 4845/4548/4591
f 4833/4537/4579 4846/4549/4592 4844/4547/4590
f 4846/4549/4592 4833/4537/4579 4830/4534/4576
f 4847/4550/4593 4848/4551/4594 4849/4552/4595
f 4848/4551/4594 4847/4550/4593 4850/4553/4596
f 4850/4553/4596 4847/4550/4593 4851/4554/4597
f 4375/4096/4126 4852/4555/4598 4774/4478/4520
f 4774/4478/4520 4773/4477/4519 4375/4096/4126
f 4852/4555/4598 4375/4096/4126 4376/4097/4127
f 4376/4097/4127 4378/4099/4129 4420/4141/4171
f 4376/4097/4127 4853/4556/4599 4852/4555/4598
f 4376/4097/4127 4374/4095/4125 4378/4099/4129
f 4763/4467/4509 4854/4557/4600 4855/4558/4601
f 4763/4467/4509 4387/4108/4138 4854/4557/4600
f 4763/4467/4509 4398/4119/4149 4395/4116/4146
f 4763/4467/4509 4856/4559/4602 4398/4119/4149
f 4856/4559/4602 4857/4560/4603 4858/4561/4604
f 4856/4559/4602 4763/4467/4509 4859/4562/4605
f 4856/4559/4602 4858/4561/4604 4398/4119/4149
f 4398/4119/4149 4858/4561/4604 4399/4120/4150
f 4859/4562/4605 4860/4563/4606 4861/4564/4607
f 4859/4562/4605 4861/4564/4607 4862/4565/4608
f 4399/4120/4150 4396/4117/4147 4398/4119/4149
f 4600/4320/4351 4401/4122/4152 4408/4129/4159
f 4600/4320/4351 4863/4566/4609 4864/4567/4610
f 4600/4320/4351 4411/4132/4162 4401/4122/4152
f 4408/4129/4159 4865/4568/4611 4863/4566/4609
f 4863/4566/4609 4600/4320/4351 4408/4129/4159
f 4864/4567/4610 4599/4319/4350 4600/4320/4351
f 4865/4568/4611 4408/4129/4159 4407/4128/4158
f 4407/4128/4158 4410/4131/4161 4492/4213/4243
f 4407/4128/4158 4866/4569/4612 4865/4568/4611
f 4407/4128/4158 4403/4124/4154 4410/4131/4161
f 4853/4556/4599 4376/4097/4127 4420/4141/4171
f 4420/4141/4171 4867/4570/4613 4853/4556/4599
f 4867/4570/4613 4420/4141/4171 4419/4140/4170
f 4419/4140/4170 4868/4571/4614 4867/4570/4613
f 4419/4140/4170 4421/4142/4172 4599/4319/4350
f 4419/4140/4170 4382/4103/4133 4421/4142/4172
f 4869/4572/4615 4870/4573/4616 4871/4574/4617
f 4869/4572/4615 4872/4575/4618 4873/4576/4619
f 4872/4575/4618 4869/4572/4615 4871/4574/4617
f 4873/4576/4619 4872/4575/4618 4874/4577/4620
f 4875/4578/4621 4876/4579/4622 4877/4580/4623
f 4876/4579/4622 4875/4578/4621 4878/4581/4624
f 4877/4580/4623 4879/4582/4625 4880/4583/4626
f 4877/4580/4623 4881/4584/4627 4882/4585/4628
f 4878/4581/4624 4883/4586/4629 4884/4587/4630
f 4879/4582/4625 4877/4580/4623 4876/4579/4622
f 4879/4582/4625 4885/4588/4631 4886/4589/4632
f 4880/4583/4626 4879/4582/4625 4886/4589/4632
f 4880/4583/4626 4886/4589/4632 4887/4590/4633
f 4888/4591/4634 4873/4576/4619 4874/4577/4620
f 4446/4167/4197 4889/4592/4635 4447/4168/4198
f 4889/4592/4635 4890/4593/4636 4447/4168/4198
f 4889/4592/4635 4446/4167/4197 4891/4594/4637
f 4889/4592/4635 4892/4595/4638 4890/4593/4636
f 4447/4168/4198 4890/4593/4636 4448/4169/4199
f 4891/4594/4637 4893/4596/4639 4894/4597/4640
f 4448/4169/4199 4895/4598/4641 4449/4170/4200
f 4448/4169/4199 4444/4165/4195 4447/4168/4198
f 4890/4593/4636 4896/4599/4642 4448/4169/4199
f 4897/4600/4643 4898/4601/4644 4899/4602/4645
f 4898/4601/4644 4897/4600/4643 4900/4603/4646
f 4901/4604/4647 4884/4587/4630 4883/4586/4629
f 4884/4587/4630 4901/4604/4647 4902/4605/4648
f 4883/4586/4629 4903/4606/4649 4904/4607/4650
f 4883/4586/4629 4878/4581/4624 4875/4578/4621
f 4902/4605/4648 4905/4608/4651 4906/4609/4652
f 4870/4573/4616 4907/4610/4653 4871/4574/4617
f 4908/4611/4654 4909/4612/4655 4901/4604/4647
f 4908/4611/4654 4910/4613/4656 4909/4612/4655
f 4908/4611/4654 4901/4604/4647 4904/4607/4650
f 4908/4611/4654 4911/4614/4657 4912/4615/4658
f 4904/4607/4650 4901/4604/4647 4883/4586/4629
f 4904/4607/4650 4903/4606/4649 4913/4616/4659
f 4911/4614/4657 4913/4616/4659 4914/4617/4660
f 4911/4614/4657 4908/4611/4654 4904/4607/4650
f 4913/4616/4659 4911/4614/4657 4904/4607/4650
f 4903/4606/4649 4883/4586/4629 4875/4578/4621
f 4903/4606/4649 4915/4618/4661 4913/4616/4659
f 4903/4606/4649 4875/4578/4621 4882/4585/4628
f 4916/4619/4662 4917/4620/4663 4918/4621/4664
f 4916/4619/4662 4919/4622/4665 4920/4623/4666
f 4916/4619/4662 4512/4233/4263 4705/4415/4457
f 4916/4619/4662 4706/4416/4458 4921/4624/4667
f 4917/4620/4663 4881/4584/4627 4922/4625/4668
f 4917/4620/4663 4916/4619/4662 4921/4624/4667
f 4921/4624/4667 4915/4618/4661 4882/4585/4628
f 4921/4624/4667 4882/4585/4628 4881/4584/4627
f 4919/4622/4665 4916/4619/4662 4918/4621/4664
f 4920/4623/4666 4887/4590/4633 4886/4589/4632
f 4920/4623/4666 4886/4589/4632 4885/4588/4631
f 4920/4623/4666 4510/4231/4261 4512/4233/4263
f 4923/4626/4669 4924/4627/4670 4925/4628/4671
f 4923/4626/4669 4926/4629/4672 4927/4630/4673
f 4926/4629/4672 4923/4626/4669 4928/4631/4674
f 4928/4631/4674 4929/4632/4675 4930/4633/4676
f 4925/4628/4671 4928/4631/4674 4923/4626/4669
f 4882/4585/4628 4875/4578/4621 4877/4580/4623
f 4915/4618/4661 4931/4634/4677 4932/4635/4678
f 4915/4618/4661 4903/4606/4649 4882/4585/4628
f 4881/4584/4627 4917/4620/4663 4921/4624/4667
f 4881/4584/4627 4933/4636/4679 4922/4625/4668
f 4881/4584/4627 4877/4580/4623 4880/4583/4626
f 4492/4213/4243 4934/4637/4680 4866/4569/4612
f 4866/4569/4612 4407/4128/4158 4492/4213/4243
f 4491/4212/4242 4494/4215/4245 4547/4268/4298
f 4491/4212/4242 4546/4267/4297 4934/4637/4680
f 4491/4212/4242 4934/4637/4680 4492/4213/4243
f 4491/4212/4242 4490/4211/4241 4494/4215/4245
f 4896/4599/4642 4890/4593/4636 4935/4638/4681
f 4935/4638/4681 4892/4595/4638 4936/4639/4682
f 4895/4598/4641 4448/4169/4199 4896/4599/4642
f 4505/4226/4256 4542/4263/4293 4502/4223/4253
f 4542/4263/4293 4937/4640/4683 4938/4641/4684
f 4542/4263/4293 4938/4641/4684 4543/4264/4294
f 4542/4263/4293 4508/4229/4259 4502/4223/4253
f 4937/4640/4683 4542/4263/4293 4505/4226/4256
f 4937/4640/4683 4939/4642/4685 4938/4641/4684
f 4512/4233/4263 4916/4619/4662 4920/4623/4666
f 4512/4233/4263 4509/4230/4260 4513/4234/4264
f 4510/4231/4261 4920/4623/4666 4885/4588/4631
f 4940/4643/4686 4511/4232/4262 4510/4231/4261
f 4940/4643/4686 4885/4588/4631 4941/4644/4687
f 4885/4588/4631 4940/4643/4686 4510/4231/4261
f 4885/4588/4631 4879/4582/4625 4941/4644/4687
f 4887/4590/4633 4920/4623/4666 4942/4645/4688
f 4942/4645/4688 4933/4636/4679 4880/4583/4626
f 4942/4645/4688 4880/4583/4626 4887/4590/4633
f 4942/4645/4688 4920/4623/4666 4919/4622/4665
f 4933/4636/4679 4881/4584/4627 4880/4583/4626
f 4943/4646/4689 4944/4647/4690 4945/4648/4691
f 4944/4647/4690 4943/4646/4689 4946/4649/4692
f 4947/4650/4693 4948/4649/4694 4949/4651/4695
f 4948/4649/4694 4947/4650/4693 4950/4647/4696
f 4536/4257/4287 4706/4416/4458 4533/4254/4284
f 4706/4416/4458 4538/4259/4289 4533/4254/4284
f 4706/4416/4458 4916/4619/4662 4705/4415/4457
f 4706/4416/4458 4951/4652/4697 4921/4624/4667
f 4951/4652/4697 4931/4634/4677 4921/4624/4667
f 4951/4652/4697 4706/4416/4458 4536/4257/4287
f 4952/4653/4698 4938/4641/4684 4939/4642/4685
f 4952/4653/4698 4543/4264/4294 4938/4641/4684
f 4546/4267/4297 4491/4212/4242 4547/4268/4298
f 4953/4654/4699 4954/4655/4700 4850/4553/4596
f 4953/4654/4699 4955/4656/4701 4956/4657/4702
f 4954/4655/4700 4953/4654/4699 4956/4657/4702
f 4954/4655/4700 4957/4658/4703 4958/4659/4704
f 4956/4657/4702 4955/4656/4701 4959/4660/4705
f 4957/4658/4703 4909/4612/4655 4958/4659/4704
f 4957/4658/4703 4954/4655/4700 4956/4657/4702
f 4960/4658/4706 4959/4660/4705 4961/4661/4707
f 4959/4660/4705 4960/4658/4706 4956/4657/4702
f 4961/4661/4707 4962/4662/4708 4963/4663/4709
f 4961/4661/4707 4909/4612/4655 4960/4658/4706
f 4961/4661/4707 4959/4660/4705 4962/4662/4708
f 4961/4661/4707 4906/4609/4652 4905/4608/4651
f 4964/4664/4710 4837/4541/4583 4841/4544/4587
f 4837/4541/4583 4834/4538/4580 4836/4540/4582
f 4837/4541/4583 4836/4540/4582 4841/4544/4587
f 4965/4665/4711 4966/4666/4712 4967/4667/4713
f 4966/4666/4712 4968/4668/4714 4967/4667/4713
f 4967/4667/4713 4969/4669/4715 4970/4670/4716
f 4967/4667/4713 4968/4668/4714 4969/4669/4715
f 4968/4668/4714 4971/4671/4717 4972/4672/4718
f 4971/4671/4717 4973/4551/4719 4974/4673/4720
f 4971/4671/4717 4968/4668/4714 4966/4666/4712
f 4972/4672/4718 4974/4673/4720 4975/4674/4721
f 4972/4672/4718 4969/4669/4715 4968/4668/4714
f 4976/4675/4722 4977/4676/4723 4978/4677/4724
f 4977/4676/4723 4979/4678/4725 4980/4679/4726
f 4977/4676/4723 4976/4675/4722 4981/4680/4727
f 4977/4676/4723 4980/4679/4726 4982/4681/4728
f 4983/4682/4729 4984/4655/4730 4985/4683/4731
f 4983/4682/4729 4985/4683/4731 4986/4684/4732
f 4984/4655/4730 4983/4682/4729 4987/4553/4733
f 4985/4683/4731 4988/4685/4734 4989/4686/4735
f 4985/4683/4731 4989/4686/4735 4986/4684/4732
f 4985/4683/4731 4990/4687/4736 4988/4685/4734
f 4986/4684/4732 4975/4674/4721 4974/4673/4720
f 4857/4560/4603 4991/4688/4737 4858/4561/4604
f 4857/4560/4603 4856/4559/4602 4862/4565/4608
f 4857/4560/4603 4992/4689/4738 4993/4690/4739
f 4857/4560/4603 4994/4691/4740 4995/4692/4741
f 4991/4688/4737 4857/4560/4603 4995/4692/4741
f 4991/4688/4737 4995/4692/4741 4996/4693/4742
f 4995/4692/4741 4997/4694/4743 4998/4695/4744
f 4995/4692/4741 4998/4695/4744 4996/4693/4742
f 4996/4693/4742 4999/4696/4745 5000/4697/4746
f 4996/4693/4742 4998/4695/4744 4999/4696/4745
f 4998/4695/4744 5001/4698/4747 4999/4696/4745
f 4997/4694/4743 4995/4692/4741 4994/4691/4740
f 4997/4694/4743 5002/4699/4748 5003/4700/4749
f 4994/4691/4740 4857/4560/4603 4993/4690/4739
f 4994/4691/4740 5004/4701/4750 5005/4702/4751
f 4993/4690/4739 4992/4689/4738 5006/4703/4752
f 4868/4571/4614 4419/4140/4170 4599/4319/4350
f 4599/4319/4350 4864/4567/4610 4868/4571/4614
f 5000/4697/4746 5007/4704/4753 5008/4705/4754
f 5007/4704/4753 5000/4697/4746 4999/4696/4745
f 5009/4706/4755 5010/4707/4756 5011/4708/4757
f 5009/4706/4755 5011/4708/4757 5012/4709/4758
f 5011/4708/4757 5013/4710/4759 5014/4711/4760
f 5012/4709/4758 5011/4708/4757 4893/4596/4639
f 4893/4596/4639 5015/4712/4761 4894/4597/4640
f 5001/4698/4747 4998/4695/4744 4997/4694/4743
f 4906/4609/4652 4961/4661/4707 4963/4663/4709
f 4905/4608/4651 4902/4605/4648 4901/4604/4647
f 5016/4713/4762 5017/4714/4763 5018/4715/4764
f 5017/4714/4763 5019/4716/4765 5018/4715/4764
f 5019/4716/4765 5020/4717/4766 5021/4718/4767
f 5020/4717/4766 5022/4719/4768 5021/4718/4767
f 5020/4717/4766 5019/4716/4765 5017/4714/4763
f 5023/4720/4769 5024/4721/4770 5025/4722/4771
f 5024/4721/4770 5023/4720/4769 5026/4723/4772
f 5024/4721/4770 5027/4724/4773 5025/4722/4771
f 5024/4721/4770 5028/4725/4774 5027/4724/4773
f 5025/4722/4771 5027/4724/4773 5029/4726/4775
f 5026/4723/4772 4779/4483/4525 5024/4721/4770
f 5026/4723/4772 4782/4486/4528 4779/4483/4525
f 5022/4719/4768 5030/4727/4776 5021/4718/4767
f 4910/4613/4656 4908/4611/4654 4912/4615/4658
f 4910/4613/4656 4958/4659/4704 4909/4612/4655
f 4909/4612/4655 4961/4661/4707 4905/4608/4651
f 4909/4612/4655 4905/4608/4651 4901/4604/4647
f 5031/4728/4777 5004/4701/4750 4993/4690/4739
f 5004/4701/4750 5031/4728/4777 5032/4729/4778
f 5004/4701/4750 5033/4730/4779 5005/4702/4751
f 5004/4701/4750 4994/4691/4740 4993/4690/4739
f 5004/4701/4750 5034/4731/4780 5033/4730/4779
f 5034/4731/4780 5004/4701/4750 5032/4729/4778
f 5035/4732/4781 5036/4733/4782 5037/4734/4783
f 5035/4732/4781 5038/4735/4784 4844/4547/4590
f 5036/4733/4782 5035/4732/4781 5039/4736/4785
f 5038/4735/4784 5035/4732/4781 5037/4734/4783
f 5003/4700/4749 5001/4698/4747 4997/4694/4743
f 5010/4707/4756 5040/4737/4786 5013/4710/4759
f 5010/4707/4756 5009/4706/4755 5041/4738/4787
f 5042/4739/4788 5010/4707/4756 5041/4738/4787
f 5042/4739/4788 5041/4738/4787 5043/4740/4789
f 5005/4702/4751 5033/4730/4779 5002/4699/4748
f 5005/4702/4751 4997/4694/4743 4994/4691/4740
f 5005/4702/4751 5002/4699/4748 4997/4694/4743
f 5044/4741/4790 5045/4742/4791 5046/4743/4792
f 5044/4741/4790 5047/4744/4793 5048/4745/4794
f 5045/4742/4791 5044/4741/4790 5048/4745/4794
f 5045/4742/4791 5049/4746/4795 5046/4743/4792
f 5045/4742/4791 5050/4747/4796 5051/4748/4797
f 5048/4745/4794 5047/4744/4793 5052/4749/4798
f 5048/4745/4794 5052/4749/4798 5053/4750/4799
f 5053/4750/4799 5045/4742/4791 5048/4745/4794
f 5013/4710/4759 5040/4737/4786 5054/4751/4800
f 5013/4710/4759 5011/4708/4757 5010/4707/4756
f 5014/4711/4760 5015/4712/4761 5011/4708/4757
f 5014/4711/4760 5055/4752/4801 5056/4753/4802
f 5055/4752/4801 5014/4711/4760 5013/4710/4759
f 5056/4753/4802 5057/4754/4803 5058/4755/4804
f 5054/4751/4800 5055/4752/4801 5013/4710/4759
f 5040/4737/4786 5010/4707/4756 5042/4739/4788
f 5059/4756/4805 4970/4670/4716 5060/4757/4806
f 4970/4670/4716 5059/4756/4805 4967/4667/4713
f 4970/4670/4716 5061/4685/4807 5060/4757/4806
f 4970/4670/4716 5062/4686/4808 5061/4685/4807
f 5060/4757/4806 5061/4685/4807 5063/4758/4809
f 5064/4759/4810 5065/4760/4811 5066/4761/4812
f 5064/4759/4810 5049/4746/4795 5051/4748/4797
f 5065/4760/4811 5067/4762/4813 5066/4761/4812
f 5065/4760/4811 5068/4763/4814 5069/4764/4815
f 5066/4761/4812 5070/4765/4816 5049/4746/4795
f 5067/4762/4813 5065/4760/4811 5069/4764/4815
f 4969/4669/4715 4972/4672/4718 5071/4674/4817
f 5071/4674/4817 5072/4684/4818 4969/4669/4715
f 5062/4686/4808 4970/4670/4716 4969/4669/4715
f 5062/4686/4808 4969/4669/4715 5072/4684/4818
f 5073/4766/4819 4980/4679/4726 4979/4678/4725
f 4980/4679/4726 5073/4766/4819 5074/4767/4820
f 4980/4679/4726 5075/4768/4821 4982/4681/4728
f 4980/4679/4726 5076/4769/4822 5075/4768/4821
f 4979/4678/4725 4977/4676/4723 4981/4680/4727
f 5076/4769/4822 4980/4679/4726 5074/4767/4820
f 4973/4551/4719 5077/4553/4823 4974/4673/4720
f 4973/4551/4719 4971/4671/4717 5078/4770/4824
f 4974/4673/4720 5077/4553/4823 4983/4682/4729
f 4974/4673/4720 4972/4672/4718 4971/4671/4717
f 4974/4673/4720 4983/4682/4729 4986/4684/4732
f 5049/4746/4795 5064/4759/4810 5066/4761/4812
f 5049/4746/4795 5045/4742/4791 5051/4748/4797
f 5049/4746/4795 5070/4765/4816 5046/4743/4792
f 5070/4765/4816 5066/4761/4812 5079/4762/4825
f 5070/4765/4816 5080/4771/4826 5046/4743/4792
f 5070/4765/4816 5081/4772/4827 5082/4773/4828
f 5082/4773/4828 5080/4771/4826 5070/4765/4816
f 5081/4772/4827 5070/4765/4816 5083/4764/4829
f 5083/4764/4829 5070/4765/4816 5079/4762/4825
f 5050/4747/4796 5045/4742/4791 5053/4750/4799
f 5051/4748/4797 5084/4774/4830 5064/4759/4810
f 5051/4748/4797 5085/4747/4831 5084/4774/4830
f 5086/4775/4832 4932/4635/4678 5087/4776/4833
f 5086/4775/4832 5057/4754/4803 4913/4616/4659
f 5057/4754/4803 5086/4775/4832 5058/4755/4804
f 5057/4754/4803 5088/4777/4834 4914/4617/4660
f 5058/4755/4804 5087/4776/4833 5015/4712/4761
f 5058/4755/4804 5086/4775/4832 5087/4776/4833
f 5058/4755/4804 5014/4711/4760 5056/4753/4802
f 5015/4712/4761 5014/4711/4760 5058/4755/4804
f 5015/4712/4761 4893/4596/4639 5011/4708/4757
f 5087/4776/4833 4894/4597/4640 5015/4712/4761
f 4931/4634/4677 4951/4652/4697 4936/4639/4682
f 4931/4634/4677 4892/4595/4638 5087/4776/4833
f 4931/4634/4677 4915/4618/4661 4921/4624/4667
f 4932/4635/4678 5086/4775/4832 4913/4616/4659
f 4932/4635/4678 4913/4616/4659 4915/4618/4661
f 4932/4635/4678 4931/4634/4677 5087/4776/4833
f 4845/4548/4591 4844/4547/4590 5038/4735/4784
f 4992/4689/4738 4857/4560/4603 4862/4565/4608
f 4992/4689/4738 5089/4778/4835 5006/4703/4752
f 5089/4778/4835 4992/4689/4738 5090/4779/4836
f 5006/4703/4752 5031/4728/4777 4993/4690/4739
f 5090/4779/4836 4862/4565/4608 4861/4564/4607
f 4914/4617/4660 4913/4616/4659 5057/4754/4803
f 4914/4617/4660 4912/4615/4658 4911/4614/4657
f 5088/4777/4834 4912/4615/4658 4914/4617/4660
f 5088/4777/4834 5057/4754/4803 5056/4753/4802
f 5028/4725/4774 5024/4721/4770 4779/4483/4525
f 4779/4483/4525 4778/4482/4524 5028/4725/4774
f 4782/4486/4528 4829/4533/4575 4783/4487/4529
f 4782/4486/4528 4777/4481/4523 4779/4483/4525
f 4851/4554/4597 4953/4654/4699 4850/4553/4596
f 5091/4780/4837 4843/4546/4589 5026/4723/4772
f 4843/4546/4589 4782/4486/4528 5026/4723/4772
f 5092/4781/4838 5093/4625/4839 5094/4782/4840
f 5093/4625/4839 5092/4781/4838 5095/4620/4841
f 5094/4782/4840 5096/4636/4842 5097/4783/4843
f 5096/4636/4842 5094/4782/4840 5093/4625/4839
f 5098/4784/4844 5099/4785/4845 5100/4786/4846
f 5099/4785/4845 5101/4787/4847 5102/4788/4848
f 5099/4785/4845 5103/4789/4849 5100/4786/4846
f 5104/4790/4850 5105/4791/4851 5106/4792/4852
f 5105/4791/4851 5104/4790/4850 5107/4793/4853
f 5106/4792/4852 5108/4794/4854 5104/4790/4850
f 5108/4794/4854 5106/4792/4852 5109/4795/4855
f 5101/4787/4847 5099/4785/4845 5098/4784/4844
f 5101/4787/4847 5110/4784/4856 5111/4796/4857
f 5102/4788/4848 5112/4797/4858 5113/4798/4859
f 4705/4415/4457 4512/4233/4263 4513/4234/4264
f 5112/4797/4858 5102/4788/4848 5101/4787/4847
f 5114/4799/4860 5115/4800/4861 5116/4801/4861
f 5115/4800/4861 5114/4799/4860 5117/4802/4861
f 5118/4803/4862 4930/4633/4676 5119/4804/4863
f 5118/4803/4862 5120/4805/4864 5121/4806/4865
f 5120/4805/4864 5118/4803/4862 5122/4807/4866
f 5121/4806/4865 4930/4633/4676 5118/4803/4862
f 5123/4650/4867 5124/4808/4868 5125/4647/4869
f 5123/4650/4867 5126/4809/4870 5124/4808/4868
f 5127/4647/4871 5128/4808/4872 5129/4648/4873
f 5128/4808/4872 5130/4810/4874 5129/4648/4873
f 5111/4796/4857 5112/4797/4858 5101/4787/4847
f 5131/4811/4875 5124/4808/4868 5126/4809/4870
f 5132/4812/4875 5124/4808/4868 5131/4811/4875
f 4929/4632/4675 4928/4631/4674 4925/4628/4671
f 4930/4633/4676 5121/4806/4865 5133/4813/4876
f 4930/4633/4676 4926/4629/4672 4928/4631/4674
f 4930/4633/4676 4929/4632/4675 5119/4804/4863
f 5133/4813/4876 4926/4629/4672 4930/4633/4676
f 4860/4563/4606 4859/4562/4605 4855/4558/4601
f 4855/4558/4601 4859/4562/4605 4763/4467/4509
f 4861/4564/4607 4860/4563/4606 5134/4814/4877
f 4738/4442/4486 5135/4815/4878 4739/4443/4487
f 4738/4442/4486 5136/4816/4879 5137/4817/4880
f 4739/4443/4487 5138/4818/4881 4749/4453/4497
f 4749/4453/4497 4742/4446/4490 4739/4443/4487
f 5135/4815/4878 5138/4818/4881 4739/4443/4487
f 5135/4815/4878 4738/4442/4486 5137/4817/4880
f 4754/4458/4501 4752/4456/4500 4753/4457/4151
f 4755/4459/4502 4738/4442/4486 4737/4441/4485
f 4755/4459/4502 5139/4819/4882 5136/4816/4879
f 5136/4816/4879 4738/4442/4486 4755/4459/4502
f 5139/4819/4882 4755/4459/4502 4754/4458/4501
f 4892/4595/4638 4931/4634/4677 4936/4639/4682
f 4892/4595/4638 4935/4638/4681 4890/4593/4636
f 4892/4595/4638 4889/4592/4635 4894/4597/4640
f 4894/4597/4640 4889/4592/4635 4891/4594/4637
f 4894/4597/4640 5087/4776/4833 4892/4595/4638
f 4862/4565/4608 5090/4779/4836 4992/4689/4738
f 4862/4565/4608 4856/4559/4602 4859/4562/4605
f 5134/4814/4877 5090/4779/4836 4861/4564/4607
f 4854/4557/4600 5140/4820/4883 4855/4558/4601
f 4766/4470/4512 4765/4469/4511 5141/4821/4884
f 4766/4470/4512 4854/4557/4600 4387/4108/4138
f 5140/4820/4883 4854/4557/4600 4766/4470/4512
f 4794/4498/4540 4789/4493/4535 4806/4510/4552
f 4794/4498/4540 4790/4494/4536 4789/4493/4535
f 4806/4510/4552 4789/4493/4535 4793/4497/4539
f 4806/4510/4552 4793/4497/4539 4802/4506/4548
f 5142/4822/4885 4860/4563/4606 4855/4558/4601
f 5142/4822/4885 4855/4558/4601 5140/4820/4883
f 4805/4509/4551 4787/4491/4533 4831/4535/4577
f 4805/4509/4551 5143/4823/4886 4806/4510/4552
f 5143/4823/4886 4805/4509/4551 4831/4535/4577
f 4784/4488/4530 4805/4509/4551 4802/4506/4548
f 4784/4488/4530 4802/4506/4548 4803/4507/4549
f 4784/4488/4530 4780/4484/4526 4787/4491/4533
f 4785/4489/4531 4781/4485/4527 4780/4484/4526
f 4785/4489/4531 4803/4507/4549 4808/4512/4554
f 4786/4490/4532 4785/4489/4531 4808/4512/4554
f 5144/4824/4887 4819/4523/4565 4818/4522/4564
f 4819/4523/4565 5144/4824/4887 5145/4825/4888
f 4818/4522/4564 4816/4520/4562 4815/4519/4561
f 5146/4826/4889 4281/4003/4032 4772/4476/4518
f 4281/4003/4032 5146/4826/4889 4771/4475/4517
f 4772/4476/4518 4273/3995/4024 4776/4480/4522
f 4771/4475/4517 4282/4004/4033 4281/4003/4032
f 4776/4480/4522 4273/3995/4024 4773/4477/4519
f 5147/4827/4890 5148/4828/4891 5149/4829/4892
f 5148/4828/4891 5147/4827/4890 5150/4830/4893
f 5148/4828/4891 5151/4831/4894 5152/4832/4895
f 5149/4829/4892 5152/4832/4895 5153/4833/4896
f 5149/4829/4892 5154/4834/4897 5147/4827/4890
f 5149/4829/4892 5148/4828/4891 5152/4832/4895
f 5150/4830/4893 5155/4835/4898 5156/4836/4899
f 5157/4837/4900 5158/4838/4901 5159/4839/4902
f 5157/4837/4900 5160/4840/4903 5161/4841/4904
f 5157/4837/4900 5161/4841/4904 5158/4838/4901
f 5158/4838/4901 5162/4842/4905 5159/4839/4902
f 5159/4839/4902 5163/4843/4906 5164/4844/4907
f 5165/4845/4908 5166/4846/4909 5167/4847/4910
f 5167/4847/4910 5166/4846/4909 5168/4848/4911
f 5169/4849/4912 5170/4850/4913 5171/4851/4914
f 5169/4849/4912 5172/4852/4915 5173/4853/4916
f 5172/4852/4915 5171/4851/4914 5174/4854/4917
f 5172/4852/4915 5175/4855/4918 5176/4856/4919
f 5172/4852/4915 5177/4857/4920 5175/4855/4918
f 5173/4853/4916 5172/4852/4915 5176/4856/4919
f 5176/4856/4919 5178/4858/4921 5173/4853/4916
f 5176/4856/4919 5175/4855/4918 5179/4859/4922
f 5155/4835/4898 5150/4830/4893 5147/4827/4890
f 5156/4836/4899 5180/4860/4923 5150/4830/4893
f 5152/4832/4895 5151/4831/4894 5167/4847/4910
f 5152/4832/4895 5167/4847/4910 5181/4861/4924
f 5151/4831/4894 5182/4862/4925 5165/4845/4908
f 5151/4831/4894 5165/4845/4908 5167/4847/4910
f 5178/4858/4921 5176/4856/4919 5162/4842/4905
f 5162/4842/4905 5158/4838/4901 5178/4858/4921
f 5162/4842/4905 5179/4859/4922 5163/4843/4906
f 5183/4863/4926 5174/4854/4917 5171/4851/4914
f 5174/4854/4917 5177/4857/4920 5172/4852/4915
f 5174/4854/4917 5183/4863/4926 5184/4864/4927
f 5171/4851/4914 5172/4852/4915 5169/4849/4912
f 5171/4851/4914 5185/4865/4928 5183/4863/4926
f 5186/4866/4929 5187/4867/4930 5188/4868/4931
f 5186/4866/4929 5189/4869/4932 5190/4870/4933
f 5188/4868/4931 5187/4867/4930 5191/4871/4934
f 5188/4868/4931 5192/4872/4935 5186/4866/4929
f 5179/4859/4922 5162/4842/4905 5176/4856/4919
f 5179/4859/4922 5193/4873/4936 5194/4874/4937
f 5179/4859/4922 5194/4874/4937 5163/4843/4906
f 5163/4843/4906 5159/4839/4902 5162/4842/4905
f 5163/4843/4906 5194/4874/4937 5195/4875/4938
f 5196/4876/4939 5197/4877/4920 5198/4878/4940
f 5197/4877/4920 5199/4879/4941 5200/4880/4942
f 5197/4877/4920 5196/4876/4939 5201/4881/4943
f 5201/4881/4943 5199/4879/4941 5197/4877/4920
f 5201/4881/4943 5202/4882/4944 5203/4883/4945
f 5204/4884/4946 5149/4829/4892 5153/4833/4896
f 5153/4833/4896 5205/4885/4947 5206/4886/4948
f 5164/4844/4907 5163/4843/4906 5195/4875/4938
f 5175/4855/4918 5193/4873/4936 5179/4859/4922
f 5154/4834/4897 5149/4829/4892 5204/4884/4946
f 5207/4887/4900 5208/4888/4949 5209/4889/4950
f 5207/4887/4900 5209/4889/4950 5210/4890/4951
f 5207/4887/4900 5211/4891/4952 5208/4888/4949
f 5207/4887/4900 5212/4892/4953 5211/4891/4952
f 5207/4887/4900 5213/4893/4954 5212/4892/4953
f 5207/4887/4900 5214/4894/4955 5213/4893/4954
f 5207/4887/4900 5210/4890/4951 5215/4895/4956
f 5207/4887/4900 5216/4896/4957 5214/4894/4955
f 5207/4887/4900 5217/4897/4958 5216/4896/4957
f 5207/4887/4900 5218/4898/4959 5217/4897/4958
f 5207/4887/4900 5219/4899/4960 5218/4898/4959
f 5207/4887/4900 5220/4900/4961 5221/4901/4907
f 5207/4887/4900 5221/4901/4907 5219/4899/4960
f 5168/4848/4911 5181/4861/4924 5167/4847/4910
f 5181/4861/4924 5153/4833/4896 5152/4832/4895
f 5181/4861/4924 5222/4902/4962 5205/4885/4947
f 5202/4882/4944 5201/4881/4943 5196/4876/4939
f 5203/4883/4945 5223/4903/4963 5201/4881/4943
f 5222/4902/4962 5181/4861/4924 5168/4848/4911
f 5205/4885/4947 5153/4833/4896 5181/4861/4924
f 5223/4903/4963 5224/4904/4964 5225/4905/4965
f 5223/4903/4963 5203/4883/4945 5226/4906/4966
f 5226/4906/4966 5227/4907/4967 5224/4904/4964
f 5226/4906/4966 5228/4908/4946 5229/4909/4968
f 5195/4875/4938 5230/4910/4969 5164/4844/4907
f 5199/4879/4941 5201/4881/4943 5223/4903/4963
f 5199/4879/4941 5225/4905/4965 5231/4911/4970
f 5232/4912/4971 5233/4913/4972 5234/4914/4973
f 5232/4912/4971 5228/4908/4946 5235/4915/4896
f 5228/4908/4946 5232/4912/4971 5229/4909/4968
f 5228/4908/4946 5226/4906/4966 5203/4883/4945
f 5229/4909/4968 5234/4914/4973 5227/4907/4967
f 5236/4916/4974 5237/4917/4934 5238/4918/4975
f 5237/4917/4934 5236/4916/4974 5239/4919/4976
f 5238/4918/4975 5240/4920/4977 5236/4916/4974
f 5200/4880/4942 5199/4879/4941 5241/4921/4978
f 5241/4921/4978 5231/4911/4970 5242/4922/4979
f 5241/4921/4978 5243/4923/4980 5244/4924/4937
f 5219/4899/4960 5245/4925/4938 5246/4926/4981
f 5246/4926/4981 5247/4927/4937 5248/4928/4982
f 5246/4926/4981 5218/4898/4959 5219/4899/4960
f 5218/4898/4959 5246/4926/4981 5249/4929/4983
f 5218/4898/4959 5249/4929/4983 5217/4897/4958
f 5240/4920/4977 5250/4930/4984 5251/4931/4985
f 5240/4920/4977 5238/4918/4975 5252/4932/4986
f 5240/4920/4977 5253/4933/4947 5236/4916/4974
f 5231/4911/4970 5254/4934/4987 5255/4935/4988
f 5231/4911/4970 5256/4936/4989 5242/4922/4979
f 5231/4911/4970 5241/4921/4978 5199/4879/4941
f 5242/4922/4979 5257/4937/4990 5243/4923/4980
f 5227/4907/4967 5226/4906/4966 5229/4909/4968
f 5227/4907/4967 5258/4938/4991 5224/4904/4964
f 5227/4907/4967 5259/4939/4992 5258/4938/4991
f 5224/4904/4964 5258/4938/4991 5260/4940/4993
f 5224/4904/4964 5223/4903/4963 5226/4906/4966
f 5253/4933/4947 5240/4920/4977 5261/4941/4994
f 5261/4941/4994 5251/4931/4985 5262/4942/4995
f 5243/4923/4980 5241/4921/4978 5242/4922/4979
f 5225/4905/4965 5260/4940/4993 5254/4934/4987
f 5225/4905/4965 5199/4879/4941 5223/4903/4963
f 5233/4913/4972 5232/4912/4971 5263/4943/4947
f 5234/4914/4973 5259/4939/4992 5227/4907/4967
f 5234/4914/4973 5229/4909/4968 5232/4912/4971
f 5247/4927/4937 5246/4926/4981 5245/4925/4938
f 5248/4928/4982 5249/4929/4983 5246/4926/4981
f 5262/4942/4995 5264/4944/4996 5261/4941/4994
f 5262/4942/4995 5251/4931/4985 5265/4945/4997
f 5264/4944/4996 5262/4942/4995 5266/4946/4998
f 5266/4946/4998 5262/4942/4995 5267/4947/4999
f 5266/4946/4998 5268/4948/5000 5269/4949/5001
f 5249/4929/4983 5248/4928/4982 5270/4950/5002
f 5249/4929/4983 5271/4951/5003 5217/4897/4958
f 5254/4934/4987 5272/4952/5004 5255/4935/4988
f 5254/4934/4987 5231/4911/4970 5225/4905/4965
f 5255/4935/4988 5273/4953/5005 5256/4936/4989
f 5258/4938/4991 5274/4954/5006 5260/4940/4993
f 5217/4897/4958 5271/4951/5003 5216/4896/4957
f 5250/4930/4984 5240/4920/4977 5252/4932/4986
f 5251/4931/4985 5250/4930/4984 5265/4945/4997
f 5251/4931/4985 5261/4941/4994 5240/4920/4977
f 5256/4936/4989 5231/4911/4970 5255/4935/4988
f 5260/4940/4993 5225/4905/4965 5224/4904/4964
f 5260/4940/4993 5275/4955/5007 5254/4934/4987
f 5257/4937/4990 5242/4922/4979 5256/4936/4989
f 5267/4947/4999 5262/4942/4995 5265/4945/4997
f 5267/4947/4999 5265/4945/4997 5276/4956/5008
f 5277/4957/5009 5278/4958/5010 5270/4950/5002
f 5277/4957/5009 5270/4950/5002 5279/4959/4989
f 5278/4958/5010 5271/4951/5003 5249/4929/4983
f 5278/4958/5010 5249/4929/4983 5270/4950/5002
f 5275/4955/5007 5260/4940/4993 5280/4960/5011
f 5280/4960/5011 5260/4940/4993 5274/4954/5006
f 5268/4948/5000 5266/4946/4998 5267/4947/4999
f 5268/4948/5000 5267/4947/4999 5276/4956/5008
f 5268/4948/5000 5281/4961/5012 5282/4962/5006
f 5271/4951/5003 5214/4894/4955 5216/4896/4957
f 5272/4952/5004 5254/4934/4987 5275/4955/5007
f 5282/4962/5006 5283/4963/5013 5284/4964/5014
f 5282/4962/5006 5269/4949/5001 5268/4948/5000
f 5273/4953/5005 5255/4935/4988 5272/4952/5004
f 5281/4961/5012 5268/4948/5000 5285/4965/5015
f 5285/4965/5015 5268/4948/5000 5276/4956/5008
f 5285/4965/5015 5286/4966/5016 5281/4961/5012
f 5214/4894/4955 5271/4951/5003 5287/4967/5017
f 5287/4967/5017 5213/4893/4954 5214/4894/4955
f 5288/4968/5018 5289/4969/5019 5290/4970/5020
f 5288/4968/5018 5291/4971/4984 5289/4969/5019
f 5290/4970/5020 5289/4969/5019 5292/4972/5021
f 5290/4970/5020 5293/4973/5022 5294/4974/5023
f 5295/4975/5024 5296/4976/5025 5297/4977/5026
f 5295/4975/5024 5298/4978/5027 5278/4958/5010
f 5295/4975/5024 5278/4958/5010 5277/4957/5009
f 5295/4975/5024 5299/4979/5028 5298/4978/5027
f 5296/4976/5025 5295/4975/5024 5277/4957/5009
f 5297/4977/5026 5300/4980/5029 5301/4981/5030
f 5297/4977/5026 5301/4981/5030 5302/4982/5031
f 5297/4977/5026 5303/4983/5032 5295/4975/5024
f 5283/4963/5013 5282/4962/5006 5281/4961/5012
f 5283/4963/5013 5281/4961/5012 5286/4966/5016
f 5284/4964/5014 5304/4984/5033 5305/4985/5034
f 5276/4956/5008 5306/4986/5035 5285/4965/5015
f 5298/4978/5027 5287/4967/5017 5271/4951/5003
f 5298/4978/5027 5271/4951/5003 5278/4958/5010
f 5298/4978/5027 5307/4987/5036 5287/4967/5017
f 5304/4984/5033 5283/4963/5013 5308/4988/5037
f 5304/4984/5033 5284/4964/5014 5283/4963/5013
f 5300/4980/5029 5297/4977/5026 5296/4976/5025
f 5306/4986/5035 5276/4956/5008 5309/4989/5022
f 5306/4986/5035 5310/4990/5038 5286/4966/5016
f 5309/4989/5022 5311/4991/5039 5312/4992/5040
f 5309/4989/5022 5313/4993/5041 5306/4986/5035
f 5307/4987/5036 5298/4978/5027 5299/4979/5028
f 5307/4987/5036 5212/4892/4953 5213/4893/4954
f 5299/4979/5028 5314/4994/5042 5307/4987/5036
f 5299/4979/5028 5295/4975/5024 5303/4983/5032
f 5315/4995/5043 5302/4982/5031 5316/4996/5044
f 5315/4995/5043 5297/4977/5026 5302/4982/5031
f 5286/4966/5016 5285/4965/5015 5306/4986/5035
f 5213/4893/4954 5287/4967/5017 5307/4987/5036
f 5292/4972/5021 5289/4969/5019 5317/4997/5045
f 5303/4983/5032 5318/4998/5046 5299/4979/5028
f 5303/4983/5032 5297/4977/5026 5315/4995/5043
f 5303/4983/5032 5315/4995/5043 5319/4999/5047
f 5308/4988/5037 5286/4966/5016 5310/4990/5038
f 5308/4988/5037 5283/4963/5013 5286/4966/5016
f 5293/4973/5022 5290/4970/5020 5292/4972/5021
f 5294/4974/5023 5288/4968/5018 5290/4970/5020
f 5320/5000/5048 5304/4984/5033 5308/4988/5037
f 5320/5000/5048 5308/4988/5037 5321/5001/5049
f 5321/5001/5049 5308/4988/5037 5310/4990/5038
f 5310/4990/5038 5322/5002/5050 5321/5001/5049
f 5310/4990/5038 5306/4986/5035 5313/4993/5041
f 5212/4892/4953 5307/4987/5036 5314/4994/5042
f 5311/4991/5039 5323/5003/5051 5312/4992/5040
f 5312/4992/5040 5324/5004/5052 5313/4993/5041
f 5318/4998/5046 5303/4983/5032 5325/5005/5053
f 5318/4998/5046 5326/5006/5054 5314/4994/5042
f 5325/5005/5053 5319/4999/5047 5327/5007/5055
f 5325/5005/5053 5303/4983/5032 5319/4999/5047
f 5325/5005/5053 5328/5008/5056 5318/4998/5046
f 5329/5009/5057 5320/5000/5048 5321/5001/5049
f 5313/4993/5041 5330/5010/5058 5310/4990/5038
f 5313/4993/5041 5309/4989/5022 5312/4992/5040
f 5314/4994/5042 5211/4891/4952 5212/4892/4953
f 5314/4994/5042 5299/4979/5028 5318/4998/5046
f 5319/4999/5047 5315/4995/5043 5316/4996/5044
f 5317/4997/5045 5293/4973/5022 5292/4972/5021
f 5317/4997/5045 5289/4969/5019 5331/5011/5059
f 5330/5010/5058 5313/4993/5041 5324/5004/5052
f 5324/5004/5052 5312/4992/5040 5323/5003/5051
f 5324/5004/5052 5332/5012/5060 5330/5010/5058
f 5211/4891/4952 5314/4994/5042 5326/5006/5054
f 5326/5006/5054 5208/4888/4949 5211/4891/4952
f 5326/5006/5054 5318/4998/5046 5328/5008/5056
f 5333/5013/5061 5325/5005/5053 5327/5007/5055
f 5322/5002/5050 5310/4990/5038 5330/5010/5058
f 5323/5003/5051 5334/5014/5062 5324/5004/5052
f 5323/5003/5051 5311/4991/5039 5335/5015/5063
f 5335/5015/5063 5336/5016/5064 5323/5003/5051
f 5328/5008/5056 5337/5017/5065 5326/5006/5054
f 5328/5008/5056 5325/5005/5053 5333/5013/5061
f 5338/5018/5066 5339/5019/5067 5340/5020/5068
f 5339/5019/5067 5341/5021/5069 5342/5022/5070
f 5340/5020/5068 5339/5019/5067 5342/5022/5070
f 5340/5020/5068 5342/5022/5070 5343/5023/5071
f 5342/5022/5070 5341/5021/5069 5344/5024/5072
f 5342/5022/5070 5344/5024/5072 5345/5025/5073
f 5343/5023/5071 5342/5022/5070 5345/5025/5073
f 5345/5025/5073 5346/5026/5074 5347/5027/5061
f 5345/5025/5073 5344/5024/5072 5346/5026/5074
f 5341/5021/5069 5348/5028/5075 5349/5029/5076
f 5341/5021/5069 5350/5030/5077 5344/5024/5072
f 5344/5024/5072 5351/5031/5078 5346/5026/5074
f 5334/5014/5062 5323/5003/5051 5336/5016/5064
f 5336/5016/5064 5335/5015/5063 5352/5032/5079
f 5336/5016/5064 5353/5033/5080 5334/5014/5062
f 5337/5017/5065 5209/4889/4950 5208/4888/4949
f 5337/5017/5065 5328/5008/5056 5354/5034/5081
f 5354/5034/5081 5355/5035/5082 5337/5017/5065
f 5346/5026/5074 5356/5036/5083 5357/5037/5084
f 5332/5012/5060 5324/5004/5052 5334/5014/5062
f 5208/4888/4949 5326/5006/5054 5337/5017/5065
f 5358/5038/5059 5335/5015/5063 5311/4991/5039
f 5358/5038/5059 5352/5032/5079 5335/5015/5063
f 5352/5032/5079 5353/5033/5080 5336/5016/5064
f 5352/5032/5079 5358/5038/5059 5359/5039/5085
f 5359/5039/5085 5360/5040/5086 5352/5032/5079
f 5347/5027/5061 5361/5041/5087 5362/5042/5056
f 5347/5027/5061 5346/5026/5074 5357/5037/5084
f 5357/5037/5084 5363/5043/5088 5361/5041/5087
f 5348/5028/5075 5341/5021/5069 5339/5019/5067
f 5349/5029/5076 5364/5044/5089 5365/5045/5090
f 5349/5029/5076 5366/5046/5091 5341/5021/5069
f 5361/5041/5087 5347/5027/5061 5357/5037/5084
f 5366/5046/5091 5349/5029/5076 5365/5045/5090
f 5366/5046/5091 5367/5047/5092 5350/5030/5077
f 5365/5045/5090 5364/5044/5089 5368/5048/5093
f 5365/5045/5090 5369/5049/5094 5366/5046/5091
f 5209/4889/4950 5337/5017/5065 5355/5035/5082
f 5353/5033/5080 5352/5032/5079 5360/5040/5086
f 5360/5040/5086 5359/5039/5085 5370/5050/5095
f 5360/5040/5086 5370/5050/5095 5371/5051/5096
f 5363/5043/5088 5357/5037/5084 5356/5036/5083
f 5356/5036/5083 5346/5026/5074 5351/5031/5078
f 5356/5036/5083 5372/5052/5097 5363/5043/5088
f 5350/5030/5077 5373/5053/5098 5351/5031/5078
f 5350/5030/5077 5341/5021/5069 5366/5046/5091
f 5374/5054/5099 5334/5014/5062 5353/5033/5080
f 5355/5035/5082 5354/5034/5081 5375/5055/5100
f 5351/5031/5078 5344/5024/5072 5350/5030/5077
f 5351/5031/5078 5376/5056/5101 5356/5036/5083
f 5377/5057/5102 5364/5044/5089 5349/5029/5076
f 5373/5053/5098 5350/5030/5077 5367/5047/5092
f 5373/5053/5098 5378/5058/5103 5376/5056/5101
f 5373/5053/5098 5379/5059/5104 5380/5060/5105
f 5367/5047/5092 5366/5046/5091 5381/5061/5106
f 5367/5047/5092 5382/5062/5107 5379/5059/5104
f 5367/5047/5092 5379/5059/5104 5373/5053/5098
f 5369/5049/5094 5365/5045/5090 5368/5048/5093
f 5383/5063/5108 5384/5064/5109 5385/5065/5110
f 5384/5064/5109 5383/5063/5108 5386/5066/5111
f 5385/5065/5110 5160/4840/4903 5383/5063/5108
f 5385/5065/5110 5387/5067/5100 5388/5068/5097
f 5389/5069/5112 5360/5040/5086 5371/5051/5096
f 5376/5056/5101 5351/5031/5078 5373/5053/5098
f 5381/5061/5106 5382/5062/5107 5367/5047/5092
f 5381/5061/5106 5366/5046/5091 5369/5049/5094
f 5390/5070/5113 5391/5071/5114 5392/5072/5115
f 5390/5070/5113 5393/5073/5116 5394/5074/5112
f 5393/5073/5116 5390/5070/5113 5395/5075/5117
f 5394/5074/5112 5396/5076/5118 5397/5077/5119
f 5394/5074/5112 5398/5078/5120 5390/5070/5113
f 5372/5052/5097 5356/5036/5083 5376/5056/5101
f 5392/5072/5115 5399/5079/5099 5390/5070/5113
f 5392/5072/5115 5400/5080/5121 5401/5081/5122
f 5399/5079/5099 5395/5075/5117 5390/5070/5113
f 5387/5067/5100 5385/5065/5110 5384/5064/5109
f 5388/5068/5097 5402/5082/5123 5385/5065/5110
f 5391/5071/5114 5403/5083/5124 5400/5080/5121
f 5391/5071/5114 5390/5070/5113 5398/5078/5120
f 5398/5078/5120 5394/5074/5112 5397/5077/5119
f 5398/5078/5120 5397/5077/5119 5404/5084/5125
f 5398/5078/5120 5182/4862/4925 5391/5071/5114
f 5402/5082/5123 5161/4841/4904 5160/4840/4903
f 5402/5082/5123 5388/5068/5097 5405/5085/5126
f 5405/5085/5126 5406/5086/5127 5407/5087/5128
f 5405/5085/5126 5408/5088/5129 5409/5089/5130
f 5405/5085/5126 5410/5090/5131 5402/5082/5123
f 5400/5080/5121 5403/5083/5124 5411/5091/5107
f 5400/5080/5121 5412/5092/5132 5401/5081/5122
f 5400/5080/5121 5392/5072/5115 5391/5071/5114
f 5160/4840/4903 5385/5065/5110 5402/5082/5123
f 5378/5058/5103 5373/5053/5098 5380/5060/5105
f 5412/5092/5132 5400/5080/5121 5411/5091/5107
f 5411/5091/5107 5180/4860/4923 5413/5093/5133
f 5411/5091/5107 5403/5083/5124 5180/4860/4923
f 5406/5086/5127 5405/5085/5126 5388/5068/5097
f 5407/5087/5128 5408/5088/5129 5405/5085/5126
f 5407/5087/5128 5170/4850/4913 5408/5088/5129
f 5414/5094/5134 5185/4865/4928 5170/4850/4913
f 5414/5094/5134 5170/4850/4913 5407/5087/5128
f 5170/4850/4913 5169/4849/4912 5408/5088/5129
f 5408/5088/5129 5169/4849/4912 5409/5089/5130
f 5403/5083/5124 5151/4831/4894 5148/4828/4891
f 5403/5083/5124 5148/4828/4891 5180/4860/4923
f 5403/5083/5124 5391/5071/5114 5182/4862/4925
f 5180/4860/4923 5148/4828/4891 5150/4830/4893
f 5180/4860/4923 5156/4836/4899 5415/5095/5135
f 5161/4841/4904 5178/4858/4921 5158/4838/4901
f 5161/4841/4904 5402/5082/5123 5410/5090/5131
f 5409/5089/5130 5173/4853/4916 5410/5090/5131
f 5409/5089/5130 5169/4849/4912 5173/4853/4916
f 5413/5093/5133 5180/4860/4923 5415/5095/5135
f 5182/4862/4925 5404/5084/5125 5165/4845/4908
f 5182/4862/4925 5151/4831/4894 5403/5083/5124
f 5182/4862/4925 5398/5078/5120 5404/5084/5125
f 5410/5090/5131 5178/4858/4921 5161/4841/4904
f 5410/5090/5131 5173/4853/4916 5178/4858/4921
f 5410/5090/5131 5405/5085/5126 5409/5089/5130
f 5416/5096/5133 5185/4865/4928 5414/5094/5134
f 5185/4865/4928 5171/4851/4914 5170/4850/4913
f 5190/4870/4933 5187/4867/4930 5186/4866/4929
f 5189/4869/4932 5417/5097/5136 5190/4870/4933
f 5192/4872/4935 5189/4869/4932 5186/4866/4929
f 5418/5098/5137 5419/5099/5085 5289/4969/5019
f 5419/5099/5085 5331/5011/5059 5289/4969/5019
f 5417/5097/5136 5420/5100/5118 5187/4867/4930
f 5417/5097/5136 5187/4867/4930 5190/4870/4933
f 5421/5101/5138 5418/5098/5137 5289/4969/5019
f 5422/5102/4934 5168/4848/4911 5166/4846/4909
f 5423/5103/4986 5424/5104/5139 5289/4969/5019
f 5424/5104/5139 5425/5105/4934 5289/4969/5019
f 5291/4971/4984 5423/5103/4986 5289/4969/5019
f 5426/5106/5140 5427/5107/5141 5428/5108/5142
f 5427/5107/5141 5426/5106/5140 5429/5109/5143
f 5428/5108/5142 5430/5110/5144 5426/5106/5140
f 5431/5111/5145 5432/5112/5146 5433/5113/5147
f 5431/5111/5145 5434/5114/5148 5432/5112/5146
f 5431/5111/5145 5435/5115/5149 5434/5114/5148
f 5431/5111/5145 5436/5116/5150 5435/5115/5149
f 5431/5111/5145 5437/5117/5151 5436/5116/5150
f 5431/5111/5145 5438/5118/5152 5439/5119/5153
f 5431/5111/5145 5440/5120/5154 5441/5121/5155
f 5431/5111/5145 5439/5119/5153 5437/5117/5151
f 5431/5111/5145 5441/5121/5155 5442/5122/5156
f 5431/5111/5145 5442/5122/5156 5443/5123/5157
f 5431/5111/5145 5443/5123/5157 5444/5124/5158
f 5431/5111/5145 5444/5124/5158 5445/5125/5159
f 5431/5111/5145 5445/5125/5159 5446/5126/5160
f 5431/5111/5145 5446/5126/5160 5447/5127/5161
f 5431/5111/5145 5447/5127/5161 5438/5118/5152
f 5431/5111/5145 5433/5113/5147 5440/5120/5154
f 5448/5128/5162 5449/5129/5163 5450/5130/5164
f 5449/5129/5163 5451/5131/5165 5450/5130/5164
f 5452/5132/5166 5453/5133/5167 5454/5134/5168
f 5452/5132/5166 5455/5135/5169 5456/5136/5170
f 5452/5132/5166 5456/5136/5170 5457/5137/5171
f 5452/5132/5166 5454/5134/5168 5458/5138/5172
f 5454/5134/5168 5459/5139/5173 5460/5140/5174
f 5458/5138/5172 5455/5135/5169 5452/5132/5166
f 5455/5135/5169 5461/5141/5175 5456/5136/5170
f 5430/5110/5144 5428/5108/5142 5462/5142/5176
f 5462/5142/5176 5463/5143/5177 5430/5110/5144
f 5462/5142/5176 5464/5144/5178 5465/5145/5179
f 5466/5146/5180 5449/5129/5163 5467/5147/5181
f 5466/5146/5180 5468/5148/5182 5449/5129/5163
f 5467/5147/5181 5449/5129/5163 5448/5128/5162
f 5467/5147/5181 5448/5128/5162 5469/5149/5183
f 5470/5150/5184 5471/5151/5185 5472/5152/5169
f 5471/5151/5185 5473/5153/5186 5472/5152/5169
f 5471/5151/5185 5440/5120/5154 5473/5153/5186
f 5473/5153/5186 5440/5120/5154 5433/5113/5147
f 5463/5143/5177 5462/5142/5176 5453/5133/5167
f 5463/5143/5177 5452/5132/5166 5457/5137/5171
f 5453/5133/5167 5452/5132/5166 5463/5143/5177
f 5453/5133/5167 5465/5145/5179 5459/5139/5173
f 5474/5154/5187 5466/5146/5180 5475/5155/5188
f 5475/5155/5188 5466/5146/5180 5467/5147/5181
f 5476/5156/5189 5477/5157/5190 5478/5158/5191
f 5477/5157/5190 5476/5156/5189 5479/5159/5162
f 5477/5157/5190 5480/5160/5192 5478/5158/5191
f 5481/5161/5193 5482/5162/5194 5483/5163/5195
f 5481/5161/5193 5472/5152/5169 5473/5153/5186
f 5481/5161/5193 5473/5153/5186 5482/5162/5194
f 5482/5162/5194 5473/5153/5186 5433/5113/5147
f 5482/5162/5194 5433/5113/5147 5432/5112/5146
f 5482/5162/5194 5484/5164/5196 5483/5163/5195
f 5485/5165/5197 5486/5166/5171 5487/5167/5198
f 5486/5166/5171 5488/5168/5199 5489/5169/5200
f 5486/5166/5171 5485/5165/5197 5490/5170/5177
f 5487/5167/5198 5489/5169/5200 5491/5171/5201
f 5487/5167/5198 5492/5172/5202 5485/5165/5197
f 5493/5173/5203 5494/5174/5187 5495/5175/5204
f 5494/5174/5187 5496/5176/5205 5495/5175/5204
f 5494/5174/5187 5493/5173/5203 5497/5177/5180
f 5495/5175/5204 5498/5178/5206 5499/5179/5207
f 5495/5175/5204 5500/5180/5208 5498/5178/5206
f 5432/5112/5146 5484/5164/5196 5482/5162/5194
f 5496/5176/5205 5494/5174/5187 5492/5172/5202
f 5496/5176/5205 5491/5171/5201 5500/5180/5208
f 5492/5172/5202 5487/5167/5198 5496/5176/5205
f 5451/5131/5165 5449/5129/5163 5468/5148/5182
f 5468/5148/5182 5466/5146/5180 5501/5181/5209
f 5468/5148/5182 5502/5182/5210 5451/5131/5165
f 5501/5181/5209 5503/5183/5211 5468/5148/5182
f 5502/5182/5210 5468/5148/5182 5503/5183/5211
f 5502/5182/5210 5503/5183/5211 5504/5184/5212
f 5502/5182/5210 5505/5185/5192 5451/5131/5165
f 5503/5183/5211 5506/5186/5213 5504/5184/5212
f 5503/5183/5211 5501/5181/5209 5507/5187/5214
f 5488/5168/5199 5508/5188/5193 5509/5189/5215
f 5488/5168/5199 5509/5189/5215 5489/5169/5200
f 5508/5188/5193 5510/5190/5216 5509/5189/5215
f 5509/5189/5215 5511/5191/5217 5512/5192/5218
f 5509/5189/5215 5513/5193/5219 5511/5191/5217
f 5491/5171/5201 5514/5194/5220 5515/5195/5221
f 5491/5171/5201 5496/5176/5205 5487/5167/5198
f 5500/5180/5208 5495/5175/5204 5496/5176/5205
f 5500/5180/5208 5515/5195/5221 5516/5196/5222
f 5507/5187/5214 5517/5197/5223 5506/5186/5213
f 5483/5163/5195 5518/5198/5224 5519/5199/5225
f 5484/5164/5196 5432/5112/5146 5434/5114/5148
f 5489/5169/5200 5512/5192/5218 5514/5194/5220
f 5489/5169/5200 5487/5167/5198 5486/5166/5171
f 5499/5179/5207 5493/5173/5203 5495/5175/5204
f 5498/5178/5206 5516/5196/5222 5520/5200/5226
f 5434/5114/5148 5518/5198/5224 5484/5164/5196
f 5505/5185/5192 5450/5130/5164 5451/5131/5165
f 5505/5185/5192 5502/5182/5210 5521/5201/5227
f 5521/5201/5227 5504/5184/5212 5522/5202/5228
f 5435/5115/5149 5518/5198/5224 5434/5114/5148
f 5518/5198/5224 5483/5163/5195 5484/5164/5196
f 5518/5198/5224 5435/5115/5149 5523/5203/5229
f 5504/5184/5212 5524/5204/5230 5525/5205/5231
f 5504/5184/5212 5506/5186/5213 5524/5204/5230
f 5504/5184/5212 5521/5201/5227 5502/5182/5210
f 5522/5202/5228 5504/5184/5212 5525/5205/5231
f 5512/5192/5218 5526/5206/5232 5527/5207/5233
f 5512/5192/5218 5489/5169/5200 5509/5189/5215
f 5512/5192/5218 5527/5207/5233 5528/5208/5234
f 5511/5191/5217 5529/5209/5235 5526/5206/5232
f 5516/5196/5222 5498/5178/5206 5500/5180/5208
f 5516/5196/5222 5530/5210/5236 5531/5211/5237
f 5515/5195/5221 5532/5212/5238 5530/5210/5236
f 5515/5195/5221 5500/5180/5208 5491/5171/5201
f 5506/5186/5213 5503/5183/5211 5507/5187/5214
f 5506/5186/5213 5517/5197/5223 5533/5213/5239
f 5513/5193/5219 5509/5189/5215 5510/5190/5216
f 5514/5194/5220 5528/5208/5234 5532/5212/5238
f 5514/5194/5220 5491/5171/5201 5489/5169/5200
f 5517/5197/5223 5534/5214/5240 5533/5213/5239
f 5519/5199/5225 5523/5203/5229 5535/5215/5241
f 5520/5200/5226 5499/5179/5207 5498/5178/5206
f 5520/5200/5226 5516/5196/5222 5531/5211/5237
f 5533/5213/5239 5536/5216/5242 5524/5204/5230
f 5533/5213/5239 5524/5204/5230 5506/5186/5213
f 5534/5214/5240 5537/5217/5243 5533/5213/5239
f 5523/5203/5229 5519/5199/5225 5518/5198/5224
f 5523/5203/5229 5436/5116/5150 5538/5218/5244
f 5535/5215/5241 5539/5219/5245 5540/5220/5232
f 5528/5208/5234 5514/5194/5220 5512/5192/5218
f 5528/5208/5234 5541/5221/5246 5542/5222/5247
f 5530/5210/5236 5543/5223/5248 5544/5224/5249
f 5530/5210/5236 5544/5224/5249 5531/5211/5237
f 5530/5210/5236 5516/5196/5222 5515/5195/5221
f 5436/5116/5150 5523/5203/5229 5435/5115/5149
f 5524/5204/5230 5536/5216/5242 5525/5205/5231
f 5526/5206/5232 5512/5192/5218 5511/5191/5217
f 5532/5212/5238 5515/5195/5221 5514/5194/5220
f 5532/5212/5238 5542/5222/5247 5545/5225/5250
f 5532/5212/5238 5543/5223/5248 5530/5210/5236
f 5532/5212/5238 5545/5225/5250 5543/5223/5248
f 5529/5209/5235 5511/5191/5217 5513/5193/5219
f 5537/5217/5243 5546/5226/5251 5536/5216/5242
f 5537/5217/5243 5536/5216/5242 5533/5213/5239
f 5539/5219/5245 5535/5215/5241 5547/5227/5252
f 5547/5227/5252 5523/5203/5229 5538/5218/5244
f 5547/5227/5252 5535/5215/5241 5523/5203/5229
f 5542/5222/5247 5532/5212/5238 5528/5208/5234
f 5548/5228/5253 5537/5217/5243 5534/5214/5240
f 5548/5228/5253 5546/5226/5251 5537/5217/5243
f 5538/5218/5244 5439/5119/5153 5549/5229/5254
f 5538/5218/5244 5436/5116/5150 5437/5117/5151
f 5538/5218/5244 5550/5230/5255 5547/5227/5252
f 5541/5221/5246 5528/5208/5234 5527/5207/5233
f 5551/5231/5256 5552/5232/5257 5553/5233/5232
f 5552/5232/5257 5551/5231/5256 5554/5234/5246
f 5554/5234/5246 5555/5235/5258 5556/5236/5259
f 5557/5237/5260 5558/5238/5261 5559/5239/5248
f 5558/5238/5261 5557/5237/5260 5560/5240/5262
f 5559/5239/5248 5561/5241/5263 5557/5237/5260
f 5560/5240/5262 5562/5242/5264 5563/5243/5265
f 5439/5119/5153 5538/5218/5244 5437/5117/5151
f 5549/5229/5254 5438/5118/5152 5564/5244/5266
f 5565/5245/5267 5566/5246/5268 5478/5158/5191
f 5565/5245/5267 5478/5158/5191 5567/5247/5231
f 5566/5246/5268 5568/5248/5269 5569/5249/5270
f 5566/5246/5268 5569/5249/5270 5478/5158/5191
f 5555/5235/5258 5570/5250/5271 5571/5251/5272
f 5555/5235/5258 5554/5234/5246 5551/5231/5256
f 5555/5235/5258 5572/5252/5252 5573/5253/5273
f 5556/5236/5259 5571/5251/5272 5574/5254/5274
f 5556/5236/5259 5575/5255/5275 5554/5234/5246
f 5556/5236/5259 5576/5256/5276 5577/5257/5277
f 5561/5241/5263 5562/5242/5264 5557/5237/5260
f 5561/5241/5263 5559/5239/5248 5578/5258/5278
f 5578/5258/5278 5577/5257/5277 5561/5241/5263
f 5546/5226/5251 5579/5259/5279 5580/5260/5269
f 5546/5226/5251 5548/5228/5253 5581/5261/5280
f 5572/5252/5252 5555/5235/5258 5551/5231/5256
f 5577/5257/5277 5582/5262/5281 5561/5241/5263
f 5577/5257/5277 5578/5258/5278 5575/5255/5275
f 5575/5255/5275 5556/5236/5259 5577/5257/5277
f 5550/5230/5255 5564/5244/5266 5583/5263/5282
f 5550/5230/5255 5538/5218/5244 5549/5229/5254
f 5579/5259/5279 5546/5226/5251 5581/5261/5280
f 5580/5260/5269 5584/5264/5283 5585/5265/5284
f 5580/5260/5269 5586/5266/5285 5584/5264/5283
f 5564/5244/5266 5550/5230/5255 5549/5229/5254
f 5564/5244/5266 5447/5127/5161 5587/5267/5286
f 5583/5263/5282 5587/5267/5286 5588/5268/5287
f 5576/5256/5276 5556/5236/5259 5574/5254/5274
f 5576/5256/5276 5589/5269/5288 5582/5262/5281
f 5574/5254/5274 5590/5270/5289 5576/5256/5276
f 5562/5242/5264 5560/5240/5262 5557/5237/5260
f 5562/5242/5264 5561/5241/5263 5582/5262/5281
f 5563/5243/5265 5591/5271/5290 5592/5272/5285
f 5438/5118/5152 5549/5229/5254 5439/5119/5153
f 5569/5249/5270 5593/5273/5291 5478/5158/5191
f 5571/5251/5272 5594/5274/5292 5595/5275/5293
f 5571/5251/5272 5556/5236/5259 5555/5235/5258
f 5571/5251/5272 5596/5276/5294 5574/5254/5274
f 5582/5262/5281 5577/5257/5277 5576/5256/5276
f 5582/5262/5281 5591/5271/5290 5562/5242/5264
f 5568/5248/5269 5566/5246/5268 5597/5277/5295
f 5597/5277/5295 5566/5246/5268 5565/5245/5267
f 5570/5250/5271 5555/5235/5258 5573/5253/5273
f 5591/5271/5290 5582/5262/5281 5589/5269/5288
f 5591/5271/5290 5598/5278/5296 5599/5279/5297
f 5591/5271/5290 5563/5243/5265 5562/5242/5264
f 5589/5269/5288 5576/5256/5276 5590/5270/5289
f 5589/5269/5288 5590/5270/5289 5598/5278/5296
f 5447/5127/5161 5564/5244/5266 5438/5118/5152
f 5584/5264/5283 5600/5280/5298 5601/5281/5299
f 5585/5265/5284 5601/5281/5299 5602/5282/5300
f 5594/5274/5292 5571/5251/5272 5570/5250/5271
f 5590/5270/5289 5596/5276/5294 5603/5283/5301
f 5590/5270/5289 5603/5283/5301 5598/5278/5296
f 5590/5270/5289 5574/5254/5274 5596/5276/5294
f 5586/5266/5285 5580/5260/5269 5579/5259/5279
f 5586/5266/5285 5604/5284/5297 5600/5280/5298
f 5587/5267/5286 5583/5263/5282 5564/5244/5266
f 5587/5267/5286 5446/5126/5160 5605/5285/5302
f 5588/5268/5287 5605/5285/5302 5606/5286/5303
f 5596/5276/5294 5607/5287/5304 5603/5283/5301
f 5596/5276/5294 5571/5251/5272 5595/5275/5293
f 5593/5273/5291 5569/5249/5270 5568/5248/5269
f 5593/5273/5291 5608/5288/5305 5478/5158/5191
f 5604/5284/5297 5586/5266/5285 5609/5289/5290
f 5600/5280/5298 5584/5264/5283 5586/5266/5285
f 5446/5126/5160 5587/5267/5286 5447/5127/5161
f 5605/5285/5302 5445/5125/5159 5610/5290/5306
f 5605/5285/5302 5588/5268/5287 5587/5267/5286
f 5611/5291/5307 5612/5292/5308 5613/5293/5309
f 5611/5291/5307 5614/5294/5304 5615/5295/5310
f 5611/5291/5307 5613/5293/5309 5616/5296/5311
f 5614/5294/5304 5611/5291/5307 5616/5296/5311
f 5614/5294/5304 5616/5296/5311 5617/5297/5312
f 5615/5295/5310 5618/5298/5313 5611/5291/5307
f 5615/5295/5310 5614/5294/5304 5619/5299/5314
f 5598/5278/5296 5591/5271/5290 5589/5269/5288
f 5601/5281/5299 5620/5300/5315 5621/5301/5316
f 5601/5281/5299 5585/5265/5284 5584/5264/5283
f 5602/5282/5300 5621/5301/5316 5622/5302/5317
f 5618/5298/5313 5615/5295/5310 5623/5303/5287
f 5606/5286/5303 5610/5290/5306 5624/5304/5318
f 5625/5305/5319 5626/5306/5301 5627/5307/5320
f 5626/5306/5301 5614/5294/5304 5617/5297/5312
f 5626/5306/5301 5617/5297/5312 5627/5307/5320
f 5627/5307/5320 5628/5308/5321 5625/5305/5319
f 5627/5307/5320 5629/5309/5322 5630/5310/5323
f 5617/5297/5312 5631/5311/5324 5629/5309/5322
f 5620/5300/5315 5632/5312/5325 5633/5313/5326
f 5620/5300/5315 5633/5313/5326 5621/5301/5316
f 5620/5300/5315 5601/5281/5299 5600/5280/5298
f 5621/5301/5316 5602/5282/5300 5601/5281/5299
f 5610/5290/5306 5444/5124/5158 5634/5314/5327
f 5610/5290/5306 5606/5286/5303 5605/5285/5302
f 5624/5304/5318 5634/5314/5327 5635/5315/5328
f 5616/5296/5311 5636/5316/5329 5631/5311/5324
f 5637/5317/5330 5638/5318/5331 5639/5319/5332
f 5638/5318/5331 5630/5310/5323 5640/5320/5333
f 5638/5318/5331 5640/5320/5333 5641/5321/5334
f 5638/5318/5331 5641/5321/5334 5639/5319/5332
f 5638/5318/5331 5637/5317/5330 5628/5308/5321
f 5628/5308/5321 5627/5307/5320 5638/5318/5331
f 5445/5125/5159 5605/5285/5302 5446/5126/5160
f 5622/5302/5317 5633/5313/5326 5642/5322/5335
f 5622/5302/5317 5643/5323/5305 5602/5282/5300
f 5643/5323/5305 5585/5265/5284 5602/5282/5300
f 5643/5323/5305 5622/5302/5317 5644/5324/5336
f 5644/5324/5336 5642/5322/5335 5645/5325/5337
f 5613/5293/5309 5646/5326/5328 5636/5316/5329
f 5612/5292/5308 5611/5291/5307 5618/5298/5313
f 5630/5310/5323 5638/5318/5331 5627/5307/5320
f 5630/5310/5323 5647/5327/5338 5648/5328/5339
f 5630/5310/5323 5648/5328/5339 5649/5329/5340
f 5630/5310/5323 5649/5329/5340 5640/5320/5333
f 5640/5320/5333 5650/5330/5341 5641/5321/5334
f 5444/5124/5158 5610/5290/5306 5445/5125/5159
f 5633/5313/5326 5622/5302/5317 5621/5301/5316
f 5642/5322/5335 5644/5324/5336 5622/5302/5317
f 5642/5322/5335 5651/5331/5342 5652/5332/5343
f 5642/5322/5335 5653/5333/5344 5645/5325/5337
f 5646/5326/5328 5613/5293/5309 5612/5292/5308
f 5636/5316/5329 5654/5334/5345 5655/5335/5346
f 5636/5316/5329 5616/5296/5311 5613/5293/5309
f 5629/5309/5322 5627/5307/5320 5617/5297/5312
f 5629/5309/5322 5656/5336/5347 5647/5327/5338
f 5632/5312/5325 5651/5331/5342 5633/5313/5326
f 5634/5314/5327 5443/5123/5157 5657/5337/5348
f 5634/5314/5327 5624/5304/5318 5610/5290/5306
f 5635/5315/5328 5657/5337/5348 5658/5338/5345
f 5631/5311/5324 5655/5335/5346 5656/5336/5347
f 5631/5311/5324 5617/5297/5312 5616/5296/5311
f 5656/5336/5347 5629/5309/5322 5631/5311/5324
f 5647/5327/5338 5630/5310/5323 5629/5309/5322
f 5647/5327/5338 5659/5339/5349 5660/5340/5350
f 5649/5329/5340 5648/5328/5339 5661/5341/5351
f 5649/5329/5340 5650/5330/5341 5640/5320/5333
f 5443/5123/5157 5634/5314/5327 5444/5124/5158
f 5657/5337/5348 5635/5315/5328 5634/5314/5327
f 5657/5337/5348 5442/5122/5156 5662/5342/5352
f 5653/5333/5344 5642/5322/5335 5652/5332/5343
f 5652/5332/5343 5663/5343/5353 5653/5333/5344
f 5652/5332/5343 5664/5344/5354 5663/5343/5353
f 5655/5335/5346 5631/5311/5324 5636/5316/5329
f 5648/5328/5339 5660/5340/5350 5661/5341/5351
f 5648/5328/5339 5647/5327/5338 5660/5340/5350
f 5651/5331/5342 5642/5322/5335 5633/5313/5326
f 5651/5331/5342 5665/5345/5355 5664/5344/5354
f 5654/5334/5345 5636/5316/5329 5646/5326/5328
f 5666/5346/5356 5651/5331/5342 5632/5312/5325
f 5666/5346/5356 5667/5347/5357 5665/5345/5355
f 5658/5338/5345 5662/5342/5352 5668/5348/5358
f 5665/5345/5355 5669/5349/5359 5469/5149/5183
f 5665/5345/5355 5651/5331/5342 5666/5346/5356
f 5664/5344/5354 5670/5350/5360 5663/5343/5353
f 5664/5344/5354 5469/5149/5183 5670/5350/5360
f 5664/5344/5354 5652/5332/5343 5651/5331/5342
f 5662/5342/5352 5441/5121/5155 5671/5351/5361
f 5662/5342/5352 5658/5338/5345 5657/5337/5348
f 5672/5352/5362 5673/5353/5363 5674/5354/5364
f 5673/5353/5363 5675/5355/5365 5676/5356/5366
f 5673/5353/5363 5676/5356/5366 5674/5354/5364
f 5674/5354/5364 5465/5145/5179 5464/5144/5178
f 5674/5354/5364 5676/5356/5366 5465/5145/5179
f 5676/5356/5366 5459/5139/5173 5465/5145/5179
f 5667/5347/5357 5666/5346/5356 5677/5357/5340
f 5442/5122/5156 5657/5337/5348 5443/5123/5157
f 5675/5355/5365 5673/5353/5363 5678/5358/5367
f 5675/5355/5365 5459/5139/5173 5676/5356/5366
f 5675/5355/5365 5460/5140/5174 5459/5139/5173
f 5678/5358/5367 5679/5359/5368 5675/5355/5365
f 5679/5359/5368 5680/5360/5369 5681/5361/5370
f 5679/5359/5368 5678/5358/5367 5682/5362/5371
f 5679/5359/5368 5681/5361/5370 5460/5140/5174
f 5679/5359/5368 5460/5140/5174 5675/5355/5365
f 5460/5140/5174 5681/5361/5370 5454/5134/5168
f 5459/5139/5173 5454/5134/5168 5453/5133/5167
f 5683/5363/5372 5684/5364/5373 5685/5365/5374
f 5684/5364/5373 5464/5144/5178 5685/5365/5374
f 5684/5364/5373 5674/5354/5364 5464/5144/5178
f 5464/5144/5178 5428/5108/5142 5427/5107/5141
f 5464/5144/5178 5427/5107/5141 5685/5365/5374
f 5464/5144/5178 5462/5142/5176 5428/5108/5142
f 5441/5121/5155 5440/5120/5154 5471/5151/5185
f 5441/5121/5155 5662/5342/5352 5442/5122/5156
f 5681/5361/5370 5680/5360/5369 5458/5138/5172
f 5681/5361/5370 5458/5138/5172 5454/5134/5168
f 5465/5145/5179 5453/5133/5167 5462/5142/5176
f 5469/5149/5183 5664/5344/5354 5665/5345/5355
f 5469/5149/5183 5448/5128/5162 5670/5350/5360
f 5680/5360/5369 5679/5359/5368 5686/5366/5375
f 5680/5360/5369 5687/5367/5376 5458/5138/5172
f 5669/5349/5359 5475/5155/5188 5467/5147/5181
f 5669/5349/5359 5665/5345/5355 5667/5347/5357
f 5669/5349/5359 5467/5147/5181 5469/5149/5183
f 5671/5351/5361 5441/5121/5155 5471/5151/5185
f 5688/5368/5377 5689/5369/5360 5476/5156/5189
f 5688/5368/5377 5476/5156/5189 5478/5158/5191
f 5479/5159/5162 5476/5156/5189 5689/5369/5360
f 5689/5369/5360 5688/5368/5377 5690/5370/5353
f 5691/5371/5378 5478/5158/5191 5692/5372/5336
f 5692/5372/5336 5478/5158/5191 5608/5288/5305
f 5690/5370/5353 5688/5368/5377 5478/5158/5191
f 5690/5370/5353 5478/5158/5191 5693/5373/5344
f 5693/5373/5344 5478/5158/5191 5691/5371/5378
f 5694/5374/5228 5478/5158/5191 5695/5375/5379
f 5695/5375/5379 5478/5158/5191 5480/5160/5192
f 5567/5247/5231 5478/5158/5191 5694/5374/5228
