# Blender 4.1.0
# www.blender.org
o FinnTheFrog
v 0.718550 1.828445 0.403713
v 0.546116 1.827695 0.444456
v 0.679984 1.800656 0.239981
v 0.507550 1.799905 0.280724
v 0.679096 1.821745 0.236611
v 0.545228 1.848784 0.441086
v 0.717662 1.849535 0.400343
v 0.506662 1.820995 0.277354
v 0.717662 1.849535 0.400343
v 0.679984 1.800656 0.239981
v 0.679096 1.821745 0.236611
v 0.718550 1.828445 0.403713
v 0.545228 1.848784 0.441086
v 0.718550 1.828445 0.403713
v 0.717662 1.849535 0.400343
v 0.546116 1.827695 0.444456
v 0.545228 1.848784 0.441086
v 0.506662 1.820995 0.277354
v 0.507550 1.799905 0.280724
v 0.546116 1.827695 0.444456
v 0.506662 1.820995 0.277354
v 0.679096 1.821745 0.236611
v 0.679984 1.800656 0.239981
v 0.507550 1.799905 0.280724
v 0.715803 1.888454 0.393191
v 0.543368 1.887703 0.433934
v 0.677237 1.860664 0.229459
v 0.504802 1.859914 0.270202
v 0.676349 1.881754 0.226088
v 0.503914 1.881003 0.266832
v 0.542480 1.908793 0.430564
v 0.714915 1.909544 0.389820
v 0.714915 1.909544 0.389820
v 0.677237 1.860664 0.229459
v 0.676349 1.881754 0.226088
v 0.715803 1.888454 0.393191
v 0.542480 1.908793 0.430564
v 0.715803 1.888454 0.393191
v 0.714915 1.909544 0.389820
v 0.543368 1.887703 0.433934
v 0.542480 1.908793 0.430564
v 0.503914 1.881003 0.266832
v 0.504802 1.859914 0.270202
v 0.543368 1.887703 0.433934
v 0.503914 1.881003 0.266832
v 0.676349 1.881754 0.226088
v 0.677237 1.860664 0.229459
v 0.504802 1.859914 0.270202
v 0.713055 1.948463 0.382668
v 0.540621 1.947713 0.423411
v 0.674489 1.920674 0.218936
v 0.502055 1.919923 0.259680
v 0.673601 1.941763 0.215566
v 0.501167 1.941013 0.256309
v 0.539733 1.968802 0.420041
v 0.712167 1.969553 0.379298
v 0.712167 1.969553 0.379298
v 0.674489 1.920674 0.218936
v 0.673601 1.941763 0.215566
v 0.713055 1.948463 0.382668
v 0.539733 1.968802 0.420041
v 0.713055 1.948463 0.382668
v 0.712167 1.969553 0.379298
v 0.540621 1.947713 0.423411
v 0.539733 1.968802 0.420041
v 0.502055 1.919923 0.259680
v 0.540621 1.947713 0.423411
v 0.501167 1.941013 0.256309
v 0.501167 1.941013 0.256309
v 0.673601 1.941763 0.215566
v 0.674489 1.920674 0.218936
v 0.502055 1.919923 0.259680
v 0.710308 2.008472 0.372146
v 0.537873 2.007721 0.412889
v 0.671742 1.980682 0.208414
v 0.499307 1.979932 0.249157
v 0.670854 2.001771 0.205044
v 0.498419 2.001021 0.245787
v 0.536985 2.028811 0.409519
v 0.709419 2.029561 0.368776
v 0.709419 2.029561 0.368776
v 0.671742 1.980682 0.208414
v 0.670854 2.001771 0.205044
v 0.710308 2.008472 0.372146
v 0.536985 2.028811 0.409519
v 0.710308 2.008472 0.372146
v 0.709419 2.029561 0.368776
v 0.537873 2.007721 0.412889
v 0.536985 2.028811 0.409519
v 0.498419 2.001021 0.245787
v 0.499307 1.979932 0.249157
v 0.537873 2.007721 0.412889
v 0.498419 2.001021 0.245787
v 0.670854 2.001771 0.205044
v 0.671742 1.980682 0.208414
v 0.499307 1.979932 0.249157
v 0.707560 2.068481 0.361623
v 0.535126 2.067730 0.402367
v 0.668994 2.040691 0.197892
v 0.496560 2.039940 0.238635
v 0.668106 2.061780 0.194521
v 0.495672 2.061030 0.235265
v 0.534238 2.088820 0.398996
v 0.706672 2.089571 0.358253
v 0.706672 2.089571 0.358253
v 0.668994 2.040691 0.197892
v 0.668106 2.061780 0.194521
v 0.707560 2.068481 0.361623
v 0.534238 2.088820 0.398996
v 0.707560 2.068481 0.361623
v 0.706672 2.089571 0.358253
v 0.535126 2.067730 0.402367
v 0.534238 2.088820 0.398996
v 0.495672 2.061030 0.235265
v 0.496560 2.039940 0.238635
v 0.535126 2.067730 0.402367
v 0.495672 2.061030 0.235265
v 0.668106 2.061780 0.194521
v 0.668994 2.040691 0.197892
v 0.496560 2.039940 0.238635
v 0.704813 2.128490 0.351101
v 0.532378 2.127739 0.391844
v 0.666247 2.100700 0.187369
v 0.493812 2.099950 0.228113
v 0.665359 2.121790 0.183999
v 0.492924 2.121039 0.224742
v 0.531490 2.148829 0.388474
v 0.703925 2.149579 0.347731
v 0.703925 2.149579 0.347731
v 0.666247 2.100700 0.187369
v 0.665359 2.121790 0.183999
v 0.704813 2.128490 0.351101
v 0.531490 2.148829 0.388474
v 0.704813 2.128490 0.351101
v 0.703925 2.149579 0.347731
v 0.532378 2.127739 0.391844
v 0.531490 2.148829 0.388474
v 0.492924 2.121039 0.224742
v 0.493812 2.099950 0.228113
v 0.532378 2.127739 0.391844
v 0.492924 2.121039 0.224742
v 0.665359 2.121790 0.183999
v 0.666247 2.100700 0.187369
v 0.493812 2.099950 0.228113
v -0.827460 1.821714 0.769009
v -0.866026 1.793925 0.605277
v -0.655026 1.822465 0.728265
v -0.693592 1.794676 0.564533
v -0.866914 1.815014 0.601906
v -0.655914 1.843555 0.724895
v -0.694480 1.815765 0.561163
v -0.828349 1.842804 0.765638
v -0.828349 1.842804 0.765638
v -0.866026 1.793925 0.605277
v -0.827460 1.821714 0.769009
v -0.866914 1.815014 0.601906
v -0.655914 1.843555 0.724895
v -0.827460 1.821714 0.769009
v -0.655026 1.822465 0.728265
v -0.828349 1.842804 0.765638
v -0.655914 1.843555 0.724895
v -0.693592 1.794676 0.564533
v -0.694480 1.815765 0.561163
v -0.655026 1.822465 0.728265
v -0.694480 1.815765 0.561163
v -0.866026 1.793925 0.605277
v -0.866914 1.815014 0.601906
v -0.693592 1.794676 0.564533
v -0.830208 1.881723 0.758486
v -0.868774 1.853934 0.594754
v -0.657773 1.882474 0.717743
v -0.696339 1.854684 0.554011
v -0.869662 1.875023 0.591384
v -0.658662 1.903563 0.714373
v -0.697228 1.875774 0.550641
v -0.831096 1.902813 0.755116
v -0.831096 1.902813 0.755116
v -0.868774 1.853934 0.594754
v -0.830208 1.881723 0.758486
v -0.869662 1.875023 0.591384
v -0.658662 1.903563 0.714373
v -0.830208 1.881723 0.758486
v -0.657773 1.882474 0.717743
v -0.831096 1.902813 0.755116
v -0.658662 1.903563 0.714373
v -0.696339 1.854684 0.554011
v -0.697228 1.875774 0.550641
v -0.657773 1.882474 0.717743
v -0.697228 1.875774 0.550641
v -0.868774 1.853934 0.594754
v -0.869662 1.875023 0.591384
v -0.696339 1.854684 0.554011
v -0.832955 1.941733 0.747964
v -0.871521 1.913943 0.584232
v -0.660521 1.942483 0.707221
v -0.699087 1.914694 0.543489
v -0.872409 1.935032 0.580862
v -0.661409 1.963573 0.703850
v -0.699975 1.935783 0.540118
v -0.833844 1.962822 0.744594
v -0.833844 1.962822 0.744594
v -0.871521 1.913943 0.584232
v -0.832955 1.941733 0.747964
v -0.872409 1.935032 0.580862
v -0.661409 1.963573 0.703850
v -0.832955 1.941733 0.747964
v -0.660521 1.942483 0.707221
v -0.833844 1.962822 0.744594
v -0.661409 1.963573 0.703850
v -0.699087 1.914694 0.543489
v -0.699975 1.935783 0.540118
v -0.660521 1.942483 0.707221
v -0.699975 1.935783 0.540118
v -0.871521 1.913943 0.584232
v -0.872409 1.935032 0.580862
v -0.699087 1.914694 0.543489
v -0.835703 2.001741 0.737442
v -0.874269 1.973952 0.573710
v -0.663268 2.002491 0.696698
v -0.701834 1.974702 0.532966
v -0.875157 1.995041 0.570339
v -0.664157 2.023581 0.693328
v -0.702723 1.995791 0.529596
v -0.836591 2.022830 0.734071
v -0.836591 2.022830 0.734071
v -0.874269 1.973952 0.573710
v -0.835703 2.001741 0.737442
v -0.875157 1.995041 0.570339
v -0.664157 2.023581 0.693328
v -0.835703 2.001741 0.737442
v -0.663268 2.002491 0.696698
v -0.836591 2.022830 0.734071
v -0.664157 2.023581 0.693328
v -0.701834 1.974702 0.532966
v -0.702723 1.995791 0.529596
v -0.663268 2.002491 0.696698
v -0.702723 1.995791 0.529596
v -0.874269 1.973952 0.573710
v -0.875157 1.995041 0.570339
v -0.701834 1.974702 0.532966
v -0.838450 2.061750 0.726919
v -0.877016 2.033960 0.563187
v -0.666016 2.062501 0.686176
v -0.704582 2.034711 0.522444
v -0.877905 2.055050 0.559817
v -0.666904 2.083590 0.682806
v -0.705470 2.055800 0.519074
v -0.839339 2.082840 0.723549
v -0.839339 2.082840 0.723549
v -0.877016 2.033960 0.563187
v -0.838450 2.061750 0.726919
v -0.877905 2.055050 0.559817
v -0.666904 2.083590 0.682806
v -0.838450 2.061750 0.726919
v -0.666016 2.062501 0.686176
v -0.839339 2.082840 0.723549
v -0.666904 2.083590 0.682806
v -0.704582 2.034711 0.522444
v -0.705470 2.055800 0.519074
v -0.666016 2.062501 0.686176
v -0.705470 2.055800 0.519074
v -0.877016 2.033960 0.563187
v -0.877905 2.055050 0.559817
v -0.704582 2.034711 0.522444
v -0.841198 2.121759 0.716397
v -0.879764 2.093969 0.552665
v -0.668763 2.122510 0.675654
v -0.707329 2.094720 0.511922
v -0.880652 2.115059 0.549295
v -0.669652 2.143599 0.672283
v -0.708218 2.115810 0.508551
v -0.842086 2.142848 0.713027
v -0.842086 2.142848 0.713027
v -0.879764 2.093969 0.552665
v -0.841198 2.121759 0.716397
v -0.880652 2.115059 0.549295
v -0.669652 2.143599 0.672283
v -0.841198 2.121759 0.716397
v -0.668763 2.122510 0.675654
v -0.842086 2.142848 0.713027
v -0.669652 2.143599 0.672283
v -0.707329 2.094720 0.511922
v -0.708218 2.115810 0.508551
v -0.668763 2.122510 0.675654
v -0.708218 2.115810 0.508551
v -0.879764 2.093969 0.552665
v -0.880652 2.115059 0.549295
v -0.707329 2.094720 0.511922
v 0.426621 2.443490 -0.763258
v 0.394027 2.287487 -0.771565
v 0.394064 2.443601 -0.768532
v 0.378593 2.504391 -0.763691
v 0.404894 2.522975 -0.756574
v 0.426585 2.287377 -0.766291
v 0.445913 2.442966 -0.736512
v 0.426585 2.287377 -0.766291
v 0.426621 2.443490 -0.763258
v 0.445876 2.286853 -0.739544
v 0.440637 2.442335 -0.703961
v 0.445876 2.286853 -0.739544
v 0.445913 2.442966 -0.736512
v 0.440601 2.286222 -0.706993
v 0.418910 2.521819 -0.697277
v 0.413886 2.441967 -0.684673
v 0.440601 2.286222 -0.706993
v 0.440637 2.442335 -0.703961
v 0.413849 2.285853 -0.687706
v 0.398414 2.502757 -0.679832
v 0.381329 2.442077 -0.689947
v 0.413849 2.285853 -0.687706
v 0.413886 2.441967 -0.684673
v 0.381292 2.285963 -0.692980
v 0.372112 2.484173 -0.686949
v 0.362037 2.442601 -0.716693
v 0.381292 2.285963 -0.692980
v 0.381329 2.442077 -0.689947
v 0.362000 2.286487 -0.719726
v 0.355412 2.476954 -0.714458
v 0.355412 2.476954 -0.714458
v 0.358096 2.485328 -0.746246
v 0.367313 2.443232 -0.749245
v 0.362037 2.442601 -0.716693
v 0.362000 2.286487 -0.719726
v 0.367276 2.287118 -0.752277
v 0.394064 2.443601 -0.768532
v 0.367276 2.287118 -0.752277
v 0.367313 2.443232 -0.749245
v 0.358096 2.485328 -0.746246
v 0.378593 2.504391 -0.763691
v 0.394027 2.287487 -0.771565
v 0.445876 2.286853 -0.739544
v 0.394027 2.287487 -0.771565
v 0.426585 2.287377 -0.766291
v 0.362000 2.286487 -0.719726
v 0.413849 2.285853 -0.687706
v 0.381292 2.285963 -0.692980
v 0.367276 2.287118 -0.752277
v 0.440601 2.286222 -0.706993
v 0.325628 2.519848 -0.737899
v 0.254036 2.574125 -0.732891
v 0.338044 2.546243 -0.753291
v 0.421595 2.530194 -0.729064
v 0.404894 2.522975 -0.756574
v 0.398414 2.502757 -0.679832
v 0.339644 2.518693 -0.678602
v 0.338044 2.546243 -0.753291
v 0.356266 2.572160 -0.744122
v 0.421595 2.530194 -0.729064
v 0.369619 2.582417 -0.715762
v 0.370282 2.571005 -0.684824
v 0.372112 2.484173 -0.686949
v 0.418910 2.521819 -0.697277
v 0.357866 2.544610 -0.669432
v 0.270208 2.615297 -0.691623
v 0.370282 2.571005 -0.684824
v 0.369619 2.582417 -0.715762
v 0.275382 2.602421 -0.661781
v -0.326533 2.613187 -0.550614
v -0.319528 2.600176 -0.521207
v 0.326291 2.508435 -0.706962
v 0.266528 2.543041 -0.660845
v 0.257686 2.531320 -0.690300
v 0.372112 2.484173 -0.686949
v 0.339644 2.518693 -0.678602
v 0.355412 2.476954 -0.714458
v 0.275382 2.602421 -0.661781
v 0.273858 2.572491 -0.649032
v 0.370282 2.571005 -0.684824
v 0.369619 2.582417 -0.715762
v 0.404894 2.522975 -0.756574
v 0.356266 2.572160 -0.744122
v 0.421595 2.530194 -0.729064
v 0.270208 2.615297 -0.691623
v 0.326291 2.508435 -0.706962
v 0.325628 2.519848 -0.737899
v 0.273858 2.572491 -0.649032
v 0.266528 2.543041 -0.660845
v 0.357866 2.544610 -0.669432
v 0.261366 2.603576 -0.721078
v 0.257686 2.531320 -0.690300
v -0.333558 2.541298 -0.581671
v 0.252512 2.544196 -0.720142
v -0.326553 2.528288 -0.552264
v -0.910792 2.526232 -0.414208
v -0.919628 2.539093 -0.443186
v 0.326291 2.508435 -0.706962
v 0.254036 2.574125 -0.732891
v -0.333544 2.601332 -0.580505
v 0.252512 2.544196 -0.720142
v -0.336454 2.571554 -0.593369
v -0.319542 2.540143 -0.522373
v -0.326553 2.528288 -0.552264
v -0.319528 2.600176 -0.521207
v -0.316632 2.569920 -0.509509
v 0.261366 2.603576 -0.721078
v -0.326533 2.613187 -0.550614
v 0.325628 2.519848 -0.737899
v -0.316632 2.569920 -0.509509
v -0.319542 2.540143 -0.522373
v -0.907122 2.567349 -0.369987
v -0.905612 2.537937 -0.383888
v -0.923274 2.610101 -0.409624
v -0.914438 2.597241 -0.380647
v -0.336454 2.571554 -0.593369
v -0.926944 2.568984 -0.453846
v -0.928454 2.598396 -0.439944
v -0.333558 2.541298 -0.581671
v -0.919628 2.539093 -0.443186
v -0.926944 2.568984 -0.453846
v -0.910792 2.526232 -0.414208
v -0.905612 2.537937 -0.383888
v -0.914438 2.597241 -0.380647
v -0.907122 2.567349 -0.369987
v -0.928454 2.598396 -0.439944
v -0.923274 2.610101 -0.409624
v -0.333544 2.601332 -0.580505
v -1.067034 2.437239 -0.423300
v -1.067071 2.281126 -0.426332
v -1.093786 2.436871 -0.404012
v -1.093822 2.280757 -0.407045
v -1.051534 2.498164 -0.425777
v -1.093786 2.436871 -0.404012
v -1.093822 2.280757 -0.407045
v -1.099061 2.436240 -0.371461
v -1.072021 2.516545 -0.407604
v -1.099098 2.280126 -0.374494
v -1.099061 2.436240 -0.371461
v -1.058005 2.515390 -0.348307
v -1.074702 2.523679 -0.375515
v -1.099098 2.280126 -0.374494
v -1.079770 2.435716 -0.344715
v -1.079807 2.279602 -0.347747
v -1.079770 2.435716 -0.344715
v -1.079807 2.279602 -0.347747
v -1.047212 2.435606 -0.339441
v -1.031712 2.496531 -0.341917
v -1.058005 2.515390 -0.348307
v -1.047249 2.279492 -0.342473
v -1.047212 2.435606 -0.339441
v -1.047249 2.279492 -0.342473
v -1.020461 2.435974 -0.358728
v -1.011225 2.478150 -0.360090
v -1.031712 2.496531 -0.341917
v -1.020498 2.279860 -0.361761
v -1.020461 2.435974 -0.358728
v -1.020498 2.279860 -0.361761
v -1.015186 2.436605 -0.391279
v -1.008544 2.471016 -0.392179
v -1.011225 2.478150 -0.360090
v -1.015222 2.280491 -0.394312
v -1.008544 2.471016 -0.392179
v -1.034477 2.437129 -0.418026
v -1.025241 2.479306 -0.419387
v -1.015186 2.436605 -0.391279
v -1.015222 2.280491 -0.394312
v -1.034514 2.281015 -0.421058
v -0.979408 2.502751 -0.398447
v -1.034477 2.437129 -0.418026
v -1.034514 2.281015 -0.421058
v -1.067034 2.437239 -0.423300
v -1.067071 2.281126 -0.426332
v -1.025241 2.479306 -0.419387
v -1.015222 2.280491 -0.394312
v -1.099098 2.280126 -0.374494
v -1.067071 2.281126 -0.426332
v -1.034514 2.281015 -0.421058
v -1.047249 2.279492 -0.342473
v -1.079807 2.279602 -0.347747
v -1.093822 2.280757 -0.407045
v -1.020498 2.279860 -0.361761
v -0.992756 2.514108 -0.426388
v -1.051534 2.498164 -0.425777
v -1.010965 2.540370 -0.434544
v -1.074702 2.523679 -0.375515
v -0.978740 2.512953 -0.367090
v -0.991144 2.538737 -0.350684
v -1.072021 2.516545 -0.407604
v -1.023369 2.566154 -0.418138
v -1.010965 2.540370 -0.434544
v -1.009353 2.564999 -0.358840
v -1.022702 2.576355 -0.386780
v -0.991144 2.538737 -0.350684
v -1.009353 2.564999 -0.358840
v -1.009353 2.564999 -0.358840
v -1.022702 2.576355 -0.386780
v -0.979408 2.502751 -0.398447
v -1.011225 2.478150 -0.360090
v -1.008544 2.471016 -0.392179
v -0.978740 2.512953 -0.367090
v -1.072021 2.516545 -0.407604
v -1.022702 2.576355 -0.386780
v -1.023369 2.566154 -0.418138
v -1.074702 2.523679 -0.375515
v -0.992756 2.514108 -0.426388
v -0.979408 2.502751 -0.398447
v -0.992756 2.514108 -0.426388
v 0.482716 1.897683 -0.811630
v 0.430838 1.960360 -0.811522
v 0.479737 1.960572 -0.823077
v 0.433816 1.897470 -0.800076
v 0.481349 2.313071 -0.809759
v 0.258403 1.959609 -0.770779
v 0.530256 1.488740 -0.617964
v 0.481356 1.488527 -0.606410
v 0.138135 1.733460 0.500234
v 0.488507 1.734985 0.417447
v 0.114157 1.763478 0.399308
v 0.051322 1.763205 0.414155
v 0.075300 1.733186 0.515081
v 0.464529 1.765004 0.316521
v 0.239016 2.309595 -0.627866
v 0.532242 2.238562 0.393309
v 0.287916 2.309808 -0.639420
v 0.483342 2.238350 0.404864
v 0.704676 2.239313 0.352566
v 0.460351 2.310559 -0.680163
v 0.211115 2.311895 -0.745907
v 0.260015 2.312108 -0.757462
v -0.139256 2.310369 -0.663121
v 0.432450 2.312858 -0.798205
v -0.032156 1.548088 0.675633
v -0.170620 1.547485 0.708350
v -0.048654 1.428761 0.603611
v 0.106308 1.548691 0.642916
v -0.116130 1.265424 0.315026
v 0.089810 1.429364 0.570894
v 0.152646 1.429638 0.556048
v 0.085169 1.266300 0.267462
v 0.022334 1.266027 0.282309
v 0.519515 1.550490 0.545283
v 0.503017 1.431163 0.473261
v 0.169144 1.548965 0.628069
v 0.435541 1.267826 0.184676
v 0.551917 1.431376 0.461707
v 0.568415 1.550703 0.533728
v -0.312655 2.307193 -0.497515
v -0.307479 2.038448 -0.480561
v -0.174190 2.307796 -0.530232
v -0.445943 2.037846 -0.447844
v -0.320790 1.825191 -0.540828
v -0.451119 2.306591 -0.464799
v -0.169014 2.039051 -0.513278
v -0.106179 2.039325 -0.528125
v -0.182326 1.825794 -0.573544
v 0.483342 2.238350 0.404864
v 0.430203 1.807978 0.172036
v 0.485996 2.175332 0.414934
v 0.451218 1.551746 0.256255
v 0.464529 1.765004 0.316521
v 0.239016 2.309595 -0.627866
v 0.244192 2.040850 -0.610911
v 0.169144 1.548965 0.628069
v 0.519515 1.550490 0.545283
v 0.168812 1.581962 0.627273
v 0.105977 1.581688 0.642120
v 0.106308 1.548691 0.642916
v 0.519183 1.583487 0.544486
v 0.568415 1.550703 0.533728
v 0.568083 1.583700 0.532932
v -0.087142 1.762602 0.446872
v -0.201628 1.731981 0.580514
v -0.063164 1.732584 0.547797
v 0.507436 1.760229 0.498025
v 0.550499 1.805049 0.462588
v 0.501599 1.804836 0.474143
v 0.157064 1.758703 0.580812
v 0.556336 1.760441 0.486471
v 0.151227 1.803310 0.556929
v 0.722933 1.805799 0.421845
v 0.728770 1.761192 0.445728
v 0.771833 1.806012 0.410291
v 0.740518 1.584451 0.492189
v 0.777670 1.761405 0.434173
v 0.789418 1.584664 0.480635
v 0.432450 2.312858 -0.798205
v 0.260015 2.312108 -0.757462
v 0.406976 1.607134 0.070035
v 0.488507 1.734985 0.417447
v 0.151227 1.803310 0.556929
v 0.501599 1.804836 0.474143
v 0.138135 1.733460 0.500234
v 0.075300 1.733186 0.515081
v -0.342168 1.956994 -0.628874
v -0.203704 1.957597 -0.661591
v -0.200725 1.894707 -0.650145
v -0.339189 1.894104 -0.617428
v -0.340556 2.309493 -0.615557
v -0.202092 2.310096 -0.648274
v -0.139256 2.310369 -0.663121
v -0.140868 1.957871 -0.676438
v -0.153185 1.485765 -0.456479
v -0.477653 1.893502 -0.584711
v -0.291649 1.485162 -0.423762
v -0.430113 1.484559 -0.391046
v 0.485996 2.175332 0.414934
v 0.534896 2.175545 0.403380
v 0.484441 1.268039 0.173121
v 0.740849 1.551454 0.492985
v 0.530256 1.488740 -0.617964
v 0.705775 1.269002 0.120824
v 0.656875 1.268789 0.132378
v 0.481356 1.488527 -0.606410
v 0.484441 1.268039 0.173121
v -0.479020 2.308890 -0.582840
v -0.116130 1.265424 0.315026
v -0.430113 1.484559 -0.391046
v -0.291649 1.485162 -0.423762
v -0.153185 1.485765 -0.456479
v 0.022334 1.266027 0.282309
v -0.090350 1.486038 -0.471326
v 0.724352 1.432127 0.420963
v 0.656875 1.268789 0.132378
v 0.773251 1.432339 0.409409
v 0.705775 1.269002 0.120824
v 0.211115 2.311895 -0.745907
v 0.209503 1.959396 -0.759225
v 0.212482 1.896506 -0.747778
v -0.137890 1.894981 -0.664991
v 0.261382 1.896719 -0.759332
v 0.260022 1.487564 -0.554113
v -0.090350 1.486038 -0.471326
v 0.308922 1.487777 -0.565667
v 0.789749 1.551667 0.481431
v 0.740849 1.551454 0.492985
v 0.771833 1.806012 0.410291
v 0.479737 1.960572 -0.823077
v 0.756230 2.176509 0.351082
v 0.482716 1.897683 -0.811630
v 0.509251 2.310772 -0.691717
v 0.753576 2.239526 0.341012
v 0.481349 2.313071 -0.809759
v -0.280626 1.479114 -0.377221
v -0.167206 1.337120 0.100183
v 0.338882 1.481811 -0.523600
v -0.900134 1.476417 -0.230841
v 0.452303 1.339817 -0.046196
v -0.120833 1.326838 0.296252
v 0.498675 1.329535 0.149872
v 0.561229 1.430203 0.416472
v -0.058279 1.427506 0.562851
v 0.576325 1.539390 0.482373
v -0.075609 1.385556 0.488732
v -0.043183 1.536693 0.628752
v 0.561229 1.430203 0.416472
v 0.561172 1.188882 0.411784
v 0.543899 1.388252 0.342353
v 0.576268 1.298069 0.477685
v 0.543842 1.146931 0.337665
v 0.498675 1.329535 0.149872
v 0.452246 1.098495 -0.050884
v -0.280683 1.237793 -0.381908
v 0.338825 1.240490 -0.528287
v -0.167263 1.095798 0.095495
v -0.786771 1.093101 0.241874
v -0.900191 1.235096 -0.235529
v -0.740399 1.082820 0.437943
v 0.576268 1.298069 0.477685
v -0.058336 1.186185 0.558163
v 0.561172 1.188882 0.411784
v -0.043240 1.295372 0.624064
v -0.662748 1.292675 0.770443
v -0.075666 1.144234 0.484045
v 0.543842 1.146931 0.337665
v -0.043240 1.295372 0.624064
v 0.576325 1.539390 0.482373
v -0.043183 1.536693 0.628752
v 0.576268 1.298069 0.477685
v -0.662691 1.533996 0.775131
v -0.280626 1.479114 -0.377221
v 0.338825 1.240490 -0.528287
v -0.280683 1.237793 -0.381908
v 0.338882 1.481811 -0.523600
v -0.900191 1.235096 -0.235529
v 0.576325 1.539390 0.482373
v 0.452303 1.339817 -0.046196
v 0.338825 1.240490 -0.528287
v 0.338882 1.481811 -0.523600
v 0.452246 1.098495 -0.050884
v 0.498618 1.088214 0.145184
v -0.677844 1.183488 0.704542
v -0.695174 1.141537 0.630424
v -0.120890 1.085517 0.291564
v 0.498618 1.088214 0.145184
v 0.245632 1.349208 -0.367820
v 1.213695 1.407754 -0.585616
v 1.211471 1.353413 -0.596031
v 1.213669 1.298709 -0.587734
v 0.247830 1.294504 -0.359523
v 1.220026 1.250237 -0.561726
v 0.254187 1.246032 -0.333515
v 1.229773 1.213846 -0.521143
v 0.263934 1.209641 -0.292932
v 1.241736 1.193924 -0.470881
v 0.275897 1.189719 -0.242669
v 0.263934 1.209641 -0.292932
v 1.229773 1.213846 -0.521143
v 0.288632 1.188670 -0.188790
v 1.254471 1.192875 -0.417001
v 1.266443 1.210824 -0.366003
v 0.300604 1.206619 -0.137792
v 1.276207 1.245607 -0.324038
v 0.310368 1.241402 -0.095826
v 1.282586 1.293028 -0.296166
v 0.316747 1.288823 -0.067955
v 1.284811 1.347369 -0.285751
v 0.316773 1.397869 -0.065837
v 0.318971 1.343163 -0.057540
v 0.316747 1.288823 -0.067955
v 1.282586 1.293028 -0.296166
v 1.282612 1.402074 -0.294048
v 0.310417 1.446340 -0.091845
v 1.276256 1.450545 -0.320057
v 0.300669 1.482731 -0.132428
v 1.266508 1.486936 -0.360639
v 0.288706 1.502653 -0.182690
v 1.266508 1.486936 -0.360639
v 1.254546 1.506858 -0.410902
v 0.300669 1.482731 -0.132428
v 1.241810 1.507907 -0.464781
v 0.263999 1.485754 -0.287568
v 0.275971 1.503703 -0.236570
v 1.229838 1.489959 -0.515779
v 0.254235 1.450970 -0.329534
v 1.220074 1.455176 -0.557745
v 1.211471 1.353413 -0.596031
v 1.278478 1.313733 -0.558708
v 1.213669 1.298709 -0.587734
v 1.278496 1.391583 -0.557196
v 1.276908 1.352788 -0.564631
v 1.283016 1.279129 -0.540140
v 1.220026 1.250237 -0.561726
v 0.254235 1.450970 -0.329534
v 1.220074 1.455176 -0.557745
v 0.247856 1.403549 -0.357405
v 0.254235 1.450970 -0.329534
v 0.288632 1.188670 -0.188790
v 0.310368 1.241402 -0.095826
v 0.275897 1.189719 -0.242669
v 0.288706 1.502653 -0.182690
v 0.263999 1.485754 -0.287568
v 0.318971 1.343163 -0.057540
v 0.316773 1.397869 -0.065837
v 0.300604 1.206619 -0.137792
v 0.254187 1.246032 -0.333515
v 0.245632 1.349208 -0.367820
v 0.247830 1.294504 -0.359523
v 0.247856 1.403549 -0.357405
v 0.263934 1.209641 -0.292932
v 0.316747 1.288823 -0.067955
v 0.300669 1.482731 -0.132428
v 0.310417 1.446340 -0.091845
v 0.275971 1.503703 -0.236570
v 1.290021 1.450270 -0.507338
v 1.278496 1.391583 -0.557196
v 1.283050 1.425438 -0.537298
v 1.276908 1.352788 -0.564631
v 1.307607 1.238177 -0.436819
v 1.278478 1.313733 -0.558708
v 1.283016 1.279129 -0.540140
v 1.327679 1.309678 -0.350553
v 1.323125 1.275823 -0.370450
v 1.316154 1.250991 -0.400410
v 1.316201 1.448112 -0.396581
v 1.327697 1.387528 -0.349040
v 1.329267 1.348473 -0.343117
v 1.307660 1.462335 -0.432464
v 1.298568 1.463084 -0.470930
v 1.298515 1.238926 -0.475284
v 1.289975 1.253148 -0.511167
v 1.323159 1.422132 -0.367608
v 1.266508 1.486936 -0.360639
v 1.316201 1.448112 -0.396581
v 1.254546 1.506858 -0.410902
v 1.307660 1.462335 -0.432464
v 1.213695 1.407754 -0.585616
v 1.316154 1.250991 -0.400410
v 1.276207 1.245607 -0.324038
v 1.266443 1.210824 -0.366003
v 1.254471 1.192875 -0.417001
v 1.307607 1.238177 -0.436819
v 1.241736 1.193924 -0.470881
v 1.298515 1.238926 -0.475284
v 1.323159 1.422132 -0.367608
v 1.282612 1.402074 -0.294048
v 1.327697 1.387528 -0.349040
v 1.276256 1.450545 -0.320057
v 1.284811 1.347369 -0.285751
v 1.329267 1.348473 -0.343117
v 1.283050 1.425438 -0.537298
v 1.229838 1.489959 -0.515779
v 1.290021 1.450270 -0.507338
v 1.220074 1.455176 -0.557745
v 1.241810 1.507907 -0.464781
v 1.298568 1.463084 -0.470930
v 1.229773 1.213846 -0.521143
v 1.289975 1.253148 -0.511167
v 1.241736 1.193924 -0.470881
v 1.298515 1.238926 -0.475284
v 1.327679 1.309678 -0.350553
v 1.282586 1.293028 -0.296166
v 1.323125 1.275823 -0.370450
v 1.266508 1.486936 -0.360639
v 1.323159 1.422132 -0.367608
v 1.316201 1.448112 -0.396581
v 1.276256 1.450545 -0.320057
v 1.283050 1.425438 -0.537298
v 1.213695 1.407754 -0.585616
v 1.220074 1.455176 -0.557745
v 1.278496 1.391583 -0.557196
v 1.229773 1.213846 -0.521143
v 1.289975 1.253148 -0.511167
v 1.276207 1.245607 -0.324038
v 1.323125 1.275823 -0.370450
v 1.282586 1.293028 -0.296166
v 1.327679 1.309678 -0.350553
v 0.308922 1.487777 -0.565667
v 0.435541 1.267826 0.184676
v 0.260022 1.487564 -0.554113
v 0.085169 1.266300 0.267462
v 0.789749 1.551667 0.481431
v 0.707330 2.176296 0.362637
v 0.756230 2.176509 0.351082
v 0.684367 1.778010 0.258113
v 0.707330 2.176296 0.362637
v 0.668764 2.148506 0.198905
v 0.722933 1.805799 0.421845
v -0.032488 1.581086 0.674837
v 0.705775 1.269002 0.120824
v 0.773251 1.432339 0.409409
v 0.789418 1.584664 0.480635
v 0.789749 1.551667 0.481431
v 0.777670 1.761405 0.434173
v 0.530256 1.488740 -0.617964
v 0.481349 2.313071 -0.809759
v 0.753576 2.239526 0.341012
v 0.509251 2.310772 -0.691717
v 0.704676 2.239313 0.352566
v 0.532242 2.238562 0.393309
v 0.753576 2.239526 0.341012
v 0.483342 2.238350 0.404864
v 0.501599 1.804836 0.474143
v 0.488507 1.734985 0.417447
v 0.496330 2.147755 0.239648
v 0.511933 1.777259 0.298856
v 0.668764 2.148506 0.198905
v 0.684367 1.778010 0.258113
v 0.534896 2.175545 0.403380
v 0.496330 2.147755 0.239648
v 0.707330 2.176296 0.362637
v 0.668764 2.148506 0.198905
v 0.511933 1.777259 0.298856
v 0.496330 2.147755 0.239648
v 0.534896 2.175545 0.403380
v 0.550499 1.805049 0.462588
v 0.684367 1.778010 0.258113
v 0.511933 1.777259 0.298856
v 0.550499 1.805049 0.462588
v 0.722933 1.805799 0.421845
v 0.451218 1.551746 0.256255
v 0.114157 1.763478 0.399308
v 0.464529 1.765004 0.316521
v 0.100846 1.550221 0.339041
v 0.051322 1.763205 0.414155
v -0.187118 1.428159 0.636328
v -0.254594 1.264821 0.347743
v -0.044235 1.757826 0.628375
v 0.094229 1.758429 0.595659
v -0.050072 1.802434 0.604493
v -0.188536 1.801831 0.637210
v -0.182699 1.757224 0.661092
v 0.088392 1.803037 0.571776
v 0.230881 1.827593 -0.671178
v -0.202092 2.310096 -0.648274
v -0.340556 2.309493 -0.615557
v -0.174190 2.307796 -0.530232
v -0.111355 2.308070 -0.545079
v -0.312655 2.307193 -0.497515
v -0.451119 2.306591 -0.464799
v -0.050072 1.802434 0.604493
v 0.088392 1.803037 0.571776
v -0.063164 1.732584 0.547797
v -0.201628 1.731981 0.580514
v -0.032156 1.548088 0.675633
v -0.170620 1.547485 0.708350
v -0.170952 1.580483 0.707553
v -0.119491 1.826068 -0.588391
v -0.111355 2.308070 -0.545079
v 0.244192 2.040850 -0.610911
v 0.239016 2.309595 -0.627866
v 0.230881 1.827593 -0.671178
v 0.149685 1.749961 0.549422
v 0.168812 1.581962 0.627273
v 0.157064 1.758703 0.580812
v 0.161433 1.573220 0.595883
v 0.094229 1.758429 0.595659
v 0.105977 1.581688 0.642120
v 0.086850 1.749687 0.564269
v 0.098598 1.572946 0.610730
v 0.086850 1.749687 0.564269
v 0.149685 1.749961 0.549422
v 0.094229 1.758429 0.595659
v 0.157064 1.758703 0.580812
v 0.086850 1.749687 0.564269
v 0.098598 1.572946 0.610730
v 0.149685 1.749961 0.549422
v 0.161433 1.573220 0.595883
v 0.098598 1.572946 0.610730
v 0.168812 1.581962 0.627273
v 0.161433 1.573220 0.595883
v 0.105977 1.581688 0.642120
v 0.100846 1.550221 0.339041
v -0.006231 1.605335 0.167669
v 0.038011 1.549947 0.353888
v 0.451218 1.551746 0.256255
v 0.056605 1.605608 0.152822
v -0.119491 1.826068 -0.588391
v -0.182326 1.825794 -0.573544
v 0.406976 1.607134 0.070035
v 0.230881 1.827593 -0.671178
v -0.320790 1.825191 -0.540828
v -0.144695 1.604732 0.200386
v -0.238917 1.548742 0.419322
v -0.100453 1.549344 0.386605
v -0.283159 1.604129 0.233102
v 0.038011 1.549947 0.353888
v -0.087142 1.762602 0.446872
v -0.100453 1.549344 0.386605
v -0.238917 1.548742 0.419322
v 0.543899 1.388252 0.342353
v -0.786714 1.334423 0.246562
v -0.740342 1.324141 0.442631
v -0.695117 1.382858 0.635112
v -0.677787 1.424809 0.709230
v -1.164073 1.953416 -0.434672
v -1.115173 1.953629 -0.446227
v -1.161094 1.890526 -0.423226
v -1.112194 1.890739 -0.434780
v -0.942738 1.954380 -0.486970
v -1.064654 1.481797 -0.241114
v -1.113554 1.481584 -0.229560
v -0.614835 1.730182 0.678148
v -0.288441 1.761726 0.494435
v -0.638813 1.760200 0.577222
v -0.264464 1.731707 0.595361
v -0.913225 2.304579 -0.355611
v -0.668900 2.233333 0.677119
v -0.864325 2.304792 -0.367165
v -0.841334 2.232582 0.717862
v -0.892227 2.307091 -0.485207
v -0.941127 2.306878 -0.473653
v -0.620000 2.233546 0.665564
v -1.113561 2.306128 -0.432909
v -0.249953 1.427885 0.651175
v -0.317429 1.264548 0.362589
v -0.600324 1.426359 0.733962
v -0.583827 1.545686 0.805983
v -0.632727 1.545473 0.817538
v -0.233455 1.547212 0.723196
v -0.508778 2.037572 -0.432997
v -0.459254 1.824588 -0.508111
v -0.617346 2.170528 0.675635
v -0.638813 1.760200 0.577222
v -0.673139 1.803174 0.432737
v -0.620000 2.233546 0.665564
v -0.652124 1.546943 0.516955
v -0.696366 1.602330 0.330736
v -0.864325 2.304792 -0.367165
v -0.233787 1.580209 0.722400
v -0.584158 1.578684 0.805187
v -0.583827 1.545686 0.805983
v -0.233455 1.547212 0.723196
v -0.595906 1.755425 0.758726
v -0.632727 1.545473 0.817538
v -0.633058 1.578471 0.816741
v -0.644806 1.755212 0.770280
v -0.225606 1.761999 0.479588
v -0.601743 1.800032 0.734843
v -0.617346 2.170528 0.675635
v -0.666246 2.170316 0.687189
v -0.650643 1.799819 0.746397
v -0.823077 1.799069 0.787141
v -0.245534 1.756950 0.675939
v -0.838680 2.169565 0.727932
v -0.887580 2.169352 0.739487
v -0.871977 1.798856 0.798695
v -0.817240 1.754461 0.811023
v -0.866140 1.754248 0.822578
v -0.805493 1.577720 0.857485
v -1.113561 2.306128 -0.432909
v -1.162461 2.305915 -0.421355
v -0.859149 2.036047 -0.350211
v -0.872461 1.822789 -0.410477
v -0.264464 1.731707 0.595361
v -0.614835 1.730182 0.678148
v -0.251372 1.801558 0.652056
v -0.601743 1.800032 0.734843
v -0.540489 1.893228 -0.569864
v -0.480632 1.956392 -0.596158
v -0.543467 1.956118 -0.581311
v -0.805161 1.544723 0.858281
v -0.649225 1.426147 0.745516
v -0.667801 1.263022 0.445376
v -0.938035 1.261846 0.509228
v -1.113554 1.481584 -0.229560
v -0.889135 1.262059 0.497674
v -1.064654 1.481797 -0.241114
v -0.716701 1.262809 0.456930
v -0.541855 2.308617 -0.567994
v -0.254594 1.264821 0.347743
v -0.492948 1.484286 -0.376199
v -0.870559 1.425183 0.797813
v -0.889135 1.262059 0.497674
v -0.821659 1.425396 0.786259
v -0.938035 1.261846 0.509228
v -0.716701 1.262809 0.456930
v -0.854061 1.544510 0.869835
v -0.892227 2.307091 -0.485207
v -0.893838 1.954592 -0.498524
v -0.941127 2.306878 -0.473653
v -0.890860 1.891702 -0.487078
v -0.939760 1.891490 -0.475523
v -0.843320 1.482760 -0.293412
v -0.892220 1.482547 -0.281858
v -0.492948 1.484286 -0.376199
v -0.854393 1.577507 0.869039
v -0.854061 1.544510 0.869835
v -0.805161 1.544723 0.858281
v -1.162461 2.305915 -0.421355
v -1.164073 1.953416 -0.434672
v -1.134560 2.303615 -0.303313
v -0.887580 2.169352 0.739487
v -0.890234 2.232369 0.729416
v -0.871977 1.798856 0.798695
v -0.870559 1.425183 0.797813
v -0.866140 1.754248 0.822578
v -0.662691 1.533996 0.775131
v -0.677844 1.183488 0.704542
v -0.677787 1.424809 0.709230
v -0.695117 1.382858 0.635112
v -0.662748 1.292675 0.770443
v -0.695174 1.141537 0.630424
v -0.740342 1.324141 0.442631
v -0.740399 1.082820 0.437943
v -0.662748 1.292675 0.770443
v -0.900134 1.476417 -0.230841
v -0.662691 1.533996 0.775131
v -0.786714 1.334423 0.246562
v -0.900191 1.235096 -0.235529
v -0.786771 1.093101 0.241874
v -0.900134 1.476417 -0.230841
v -0.743734 1.290187 -0.125234
v -1.709573 1.285982 0.102978
v -0.745932 1.344891 -0.133530
v -1.703217 1.237511 0.128986
v -1.709547 1.395027 0.105096
v -0.743708 1.399232 -0.123115
v -1.711772 1.340687 0.094681
v -0.737377 1.241716 -0.099225
v -1.693469 1.201119 0.169569
v -0.727630 1.205324 -0.058642
v -1.681506 1.181197 0.219831
v -0.727630 1.205324 -0.058642
v -0.715667 1.185403 -0.008380
v -0.702932 1.184353 0.045500
v -1.668771 1.180148 0.273711
v -1.693469 1.201119 0.169569
v -1.656799 1.198097 0.324709
v -0.690960 1.202302 0.096498
v -1.647035 1.232880 0.366674
v -0.681196 1.237085 0.138463
v -1.640656 1.280302 0.394546
v -0.674817 1.284507 0.166334
v -1.638432 1.334642 0.404961
v -0.674791 1.393552 0.168453
v -1.640630 1.389347 0.396664
v -0.674817 1.284507 0.166334
v -0.672592 1.338847 0.176750
v -1.640656 1.280302 0.394546
v -0.681147 1.442023 0.142444
v -1.646987 1.437818 0.370655
v -0.690895 1.478415 0.101861
v -1.656734 1.474210 0.330073
v -0.702858 1.498336 0.051599
v -1.681432 1.495181 0.225931
v -1.668697 1.494132 0.279810
v -1.656734 1.474210 0.330073
v -0.690895 1.478415 0.101861
v -0.715593 1.499386 -0.002280
v -0.727565 1.481437 -0.053279
v -1.693404 1.477232 0.174933
v -0.737329 1.446653 -0.095244
v -1.703168 1.442449 0.132967
v -1.711772 1.340687 0.094681
v -1.754658 1.300528 0.157970
v -1.756228 1.339583 0.152047
v -1.709573 1.285982 0.102978
v -1.750120 1.265924 0.176538
v -0.737329 1.446653 -0.095244
v -1.703168 1.442449 0.132967
v -0.715667 1.185403 -0.008380
v -0.737329 1.446653 -0.095244
v -0.702932 1.184353 0.045500
v -0.745932 1.344891 -0.133530
v -0.743708 1.399232 -0.123115
v -0.737377 1.241716 -0.099225
v -0.681196 1.237085 0.138463
v -0.690960 1.202302 0.096498
v -0.672592 1.338847 0.176750
v -0.674817 1.284507 0.166334
v -0.743734 1.290187 -0.125234
v -0.674791 1.393552 0.168453
v -0.690895 1.478415 0.101861
v -0.681147 1.442023 0.142444
v -0.702858 1.498336 0.051599
v -0.727630 1.205324 -0.058642
v -0.727565 1.481437 -0.053279
v -0.715593 1.499386 -0.002280
v -1.716935 1.434907 0.320097
v -1.705439 1.374322 0.367638
v -1.709977 1.408927 0.349070
v -1.705457 1.296473 0.366125
v -1.703869 1.335267 0.373561
v -1.725529 1.224972 0.279859
v -1.750120 1.265924 0.176538
v -1.734621 1.225721 0.241394
v -1.756228 1.339583 0.152047
v -1.754658 1.300528 0.157970
v -1.743115 1.437065 0.209340
v -1.754640 1.378378 0.159482
v -1.725476 1.449129 0.284214
v -1.734568 1.449879 0.245748
v -1.743161 1.239943 0.205511
v -1.710011 1.262618 0.346228
v -1.716982 1.237785 0.316268
v -1.750086 1.412233 0.179380
v -1.668697 1.494132 0.279810
v -1.716935 1.434907 0.320097
v -1.656734 1.474210 0.330073
v -1.725476 1.449129 0.284214
v -1.681432 1.495181 0.225931
v -1.734568 1.449879 0.245748
v -1.754640 1.378378 0.159482
v -1.709547 1.395027 0.105096
v -1.716982 1.237785 0.316268
v -1.656799 1.198097 0.324709
v -1.647035 1.232880 0.366674
v -1.668771 1.180148 0.273711
v -1.725529 1.224972 0.279859
v -1.681506 1.181197 0.219831
v -1.709977 1.408927 0.349070
v -1.640630 1.389347 0.396664
v -1.646987 1.437818 0.370655
v -1.705439 1.374322 0.367638
v -1.638432 1.334642 0.404961
v -1.750086 1.412233 0.179380
v -1.693404 1.477232 0.174933
v -1.703168 1.442449 0.132967
v -1.743115 1.437065 0.209340
v -1.681506 1.181197 0.219831
v -1.734621 1.225721 0.241394
v -1.743161 1.239943 0.205511
v -1.693469 1.201119 0.169569
v -1.703869 1.335267 0.373561
v -1.705457 1.296473 0.366125
v -1.640656 1.280302 0.394546
v -1.693469 1.201119 0.169569
v -1.743161 1.239943 0.205511
v -1.703217 1.237511 0.128986
v -1.710011 1.262618 0.346228
v -1.656734 1.474210 0.330073
v -1.709977 1.408927 0.349070
v -1.646987 1.437818 0.370655
v -1.716935 1.434907 0.320097
v -1.750086 1.412233 0.179380
v -1.703168 1.442449 0.132967
v -1.709547 1.395027 0.105096
v -1.754640 1.378378 0.159482
v -1.734621 1.225721 0.241394
v -1.647035 1.232880 0.366674
v -1.640656 1.280302 0.394546
v -1.710011 1.262618 0.346228
v -1.705457 1.296473 0.366125
v -0.892220 1.482547 -0.281858
v -0.667801 1.263022 0.445376
v -0.843320 1.482760 -0.293412
v -0.317429 1.264548 0.362589
v -0.841334 2.232582 0.717862
v -0.838680 2.169565 0.727932
v -0.861643 1.771279 0.623409
v -0.877246 2.141775 0.564200
v -0.823077 1.799069 0.787141
v -0.854393 1.577507 0.869039
v -0.938035 1.261846 0.509228
v -0.854061 1.544510 0.869835
v -1.161094 1.890526 -0.423226
v -1.113554 1.481584 -0.229560
v -1.085660 2.303828 -0.314867
v -0.890234 2.232369 0.729416
v -1.162461 2.305915 -0.421355
v -1.134560 2.303615 -0.303313
v -0.890234 2.232369 0.729416
v -0.668900 2.233333 0.677119
v -0.620000 2.233546 0.665564
v -0.614835 1.730182 0.678148
v -0.601743 1.800032 0.734843
v -0.689209 1.772030 0.582666
v -0.704812 2.142526 0.523457
v -0.877246 2.141775 0.564200
v -0.861643 1.771279 0.623409
v -0.666246 2.170316 0.687189
v -0.838680 2.169565 0.727932
v -0.704812 2.142526 0.523457
v -0.877246 2.141775 0.564200
v -0.689209 1.772030 0.582666
v -0.666246 2.170316 0.687189
v -0.704812 2.142526 0.523457
v -0.650643 1.799819 0.746397
v -0.861643 1.771279 0.623409
v -0.650643 1.799819 0.746397
v -0.689209 1.772030 0.582666
v -0.823077 1.799069 0.787141
v -0.638813 1.760200 0.577222
v -0.288441 1.761726 0.494435
v -0.652124 1.546943 0.516955
v -0.301753 1.548468 0.434168
v -0.225606 1.761999 0.479588
v -0.251372 1.801558 0.652056
v -0.479020 2.308890 -0.582840
v -0.513954 2.306317 -0.449952
v -0.541855 2.308617 -0.567994
v -0.188536 1.801831 0.637210
v -0.522089 1.824315 -0.493264
v -0.859149 2.036047 -0.350211
v -0.513954 2.306317 -0.449952
v -0.864325 2.304792 -0.367165
v -0.872461 1.822789 -0.410477
v -0.252913 1.748208 0.644549
v -0.233787 1.580209 0.722400
v -0.241166 1.571467 0.691010
v -0.245534 1.756950 0.675939
v -0.170952 1.580483 0.707553
v -0.190078 1.748482 0.629702
v -0.178330 1.571740 0.676163
v -0.182699 1.757224 0.661092
v -0.252913 1.748208 0.644549
v -0.182699 1.757224 0.661092
v -0.245534 1.756950 0.675939
v -0.190078 1.748482 0.629702
v -0.252913 1.748208 0.644549
v -0.178330 1.571740 0.676163
v -0.190078 1.748482 0.629702
v -0.241166 1.571467 0.691010
v -0.178330 1.571740 0.676163
v -0.241166 1.571467 0.691010
v -0.233787 1.580209 0.722400
v -0.170952 1.580483 0.707553
v -0.345994 1.603855 0.247949
v -0.301753 1.548468 0.434168
v -0.696366 1.602330 0.330736
v -0.652124 1.546943 0.516955
v -0.872461 1.822789 -0.410477
v -0.522089 1.824315 -0.493264
v -0.459254 1.824588 -0.508111
v 0.652585 1.895767 -0.081276
v 0.833911 1.723030 -0.127501
v 1.015741 1.897348 -0.167084
v 0.652544 1.722241 -0.084647
v 0.927169 1.749107 -0.149036
v 0.995452 1.819537 -0.163804
v 0.652661 2.216945 -0.075037
v 1.015741 1.897348 -0.167084
v 0.995452 1.819537 -0.163804
v 0.996248 1.898955 -0.249554
v 0.975959 1.821144 -0.246274
v 0.927169 1.749107 -0.149036
v 0.907676 1.750714 -0.231506
v 0.775852 2.175905 -0.578461
v 0.946783 2.161817 0.144697
v 0.896006 2.147620 0.156422
v 0.725075 2.161708 -0.566736
v 0.845236 2.161376 0.168690
v 0.813030 2.214253 -0.586502
v 0.983961 2.200164 0.136656
v 0.946783 2.161817 0.144697
v 0.775852 2.175905 -0.578461
v 0.826647 2.266474 -0.588703
v 0.997577 2.252386 0.134455
v 0.813055 2.318577 -0.584475
v 0.983985 2.304489 0.138683
v 0.775895 2.356600 -0.574951
v 0.946825 2.342512 0.148207
v 0.725125 2.370356 -0.562682
v 0.946825 2.342512 0.148207
v 0.775895 2.356600 -0.574951
v 0.845279 2.342070 0.172201
v 0.896055 2.356268 0.160475
v 0.674348 2.356158 -0.550957
v 0.674348 2.356158 -0.550957
v 0.808101 2.303723 0.180241
v 0.845279 2.342070 0.172201
v 0.637171 2.317811 -0.542917
v 0.623554 2.265590 -0.540715
v 0.794484 2.251501 0.182442
v 0.637146 2.213487 -0.544943
v 0.808076 2.199399 0.178215
v 0.674306 2.175463 -0.554467
v 0.674348 2.356158 -0.550957
v 0.725075 2.161708 -0.566736
v 0.623554 2.265590 -0.540715
v 0.637171 2.317811 -0.542917
v 0.775895 2.356600 -0.574951
v 0.826647 2.266474 -0.588703
v 0.775852 2.175905 -0.578461
v 0.637146 2.213487 -0.544943
v 0.813055 2.318577 -0.584475
v 0.813030 2.214253 -0.586502
v 0.674306 2.175463 -0.554467
v 0.725125 2.370356 -0.562682
v 0.845236 2.161376 0.168690
v 0.674306 2.175463 -0.554467
v 0.896973 2.356481 0.442188
v 0.879311 2.293474 0.445135
v 0.913055 2.328084 0.437833
v 0.851449 2.309788 0.452038
v 0.959150 2.373771 0.427828
v 0.834775 2.246202 0.454741
v 0.866952 2.246342 0.447138
v 0.925047 2.303557 -0.074480
v 1.051288 2.247145 0.403583
v 1.038950 2.294169 0.407415
v 0.937384 2.256533 -0.078313
v 0.891319 2.337874 -0.065840
v 1.038928 2.200013 0.405586
v 0.959142 2.340899 0.427189
v 1.005223 2.328486 0.416056
v 1.021318 2.357023 0.412807
v 1.038950 2.294169 0.407415
v 1.066821 2.310726 0.401150
v 1.051288 2.247145 0.403583
v 1.083465 2.247285 0.395980
v 1.066790 2.183699 0.398682
v 0.913017 2.165002 0.434665
v 0.959090 2.119717 0.422893
v 0.959098 2.152589 0.423531
v 1.021266 2.137006 0.408533
v 1.005184 2.165403 0.412888
v 0.896921 2.136464 0.437914
v 0.879289 2.199318 0.443306
v 0.851419 2.182762 0.449571
v 1.038928 2.200013 0.405586
v 0.799152 2.337472 -0.044062
v 0.799113 2.174390 -0.047230
v 0.845194 2.161977 -0.058364
v 0.845238 2.350288 -0.054706
v 0.765386 2.208706 -0.038589
v 0.891319 2.337874 -0.065840
v 0.891281 2.174791 -0.069008
v 0.925025 2.209401 -0.076309
v 0.925047 2.303557 -0.074480
v 0.937384 2.256533 -0.078313
v 0.765408 2.302862 -0.036760
v 0.753049 2.255730 -0.034757
v 0.765386 2.208706 -0.038589
v 0.913017 2.165002 0.434665
v 0.799113 2.174390 -0.047230
v 0.879289 2.199318 0.443306
v 0.866952 2.246342 0.447138
v 0.845194 2.161977 -0.058364
v 1.005184 2.165403 0.412888
v 0.891281 2.174791 -0.069008
v 0.959098 2.152589 0.423531
v 0.799113 2.174390 -0.047230
v 0.913017 2.165002 0.434665
v 0.879311 2.293474 0.445135
v 0.765408 2.302862 -0.036760
v 0.913055 2.328084 0.437833
v 0.753049 2.255730 -0.034757
v 0.799152 2.337472 -0.044062
v 1.005223 2.328486 0.416056
v 0.891281 2.174791 -0.069008
v 0.925025 2.209401 -0.076309
v 1.005184 2.165403 0.412888
v 0.959142 2.340899 0.427189
v 0.799152 2.337472 -0.044062
v 0.845238 2.350288 -0.054706
v 1.005223 2.328486 0.416056
v 0.891319 2.337874 -0.065840
v 0.913055 2.328084 0.437833
v 0.898094 2.124744 0.164835
v 0.845236 2.161376 0.168690
v 0.896006 2.147620 0.156422
v 0.946783 2.161817 0.144697
v 0.960270 2.142033 0.150476
v 0.835925 2.141492 0.179856
v 0.808076 2.199399 0.178215
v 0.790423 2.187789 0.191513
v 0.794484 2.251501 0.182442
v 0.773779 2.251230 0.196683
v 0.790453 2.314816 0.193981
v 0.808101 2.303723 0.180241
v 0.835977 2.361509 0.184130
v 0.845279 2.342070 0.172201
v 0.898154 2.378798 0.169770
v 0.896055 2.356268 0.160475
v 0.946825 2.342512 0.148207
v 0.960322 2.362050 0.154750
v 0.983985 2.304489 0.138683
v 1.005824 2.315753 0.143092
v 0.997577 2.252386 0.134455
v 1.022468 2.252312 0.137922
v 1.005794 2.188726 0.140625
v 0.983961 2.200164 0.136656
v 0.960270 2.142033 0.150476
v 1.021266 2.137006 0.408533
v 0.959090 2.119717 0.422893
v 0.898094 2.124744 0.164835
v 0.896921 2.136464 0.437914
v 1.005794 2.188726 0.140625
v 1.066790 2.183699 0.398682
v 1.021266 2.137006 0.408533
v 0.960270 2.142033 0.150476
v 1.022468 2.252312 0.137922
v 1.083465 2.247285 0.395980
v 1.005824 2.315753 0.143092
v 1.066821 2.310726 0.401150
v 0.960322 2.362050 0.154750
v 1.021318 2.357023 0.412807
v 0.898154 2.378798 0.169770
v 1.021318 2.357023 0.412807
v 0.960322 2.362050 0.154750
v 0.959150 2.373771 0.427828
v 0.835977 2.361509 0.184130
v 0.896973 2.356481 0.442188
v 0.790453 2.314816 0.193981
v 0.896973 2.356481 0.442188
v 0.835977 2.361509 0.184130
v 0.851449 2.309788 0.452038
v 0.773779 2.251230 0.196683
v 0.834775 2.246202 0.454741
v 0.790423 2.187789 0.191513
v 0.851419 2.182762 0.449571
v 0.835925 2.141492 0.179856
v 0.896921 2.136464 0.437914
v 0.835925 2.141492 0.179856
v 0.633209 2.392079 -0.154136
v 0.834068 2.391261 -0.114520
v 0.814575 2.392868 -0.196990
v 0.652702 2.390472 -0.071666
v 0.548933 2.399024 -0.510681
v 0.927315 2.365997 -0.137053
v 0.823546 2.374550 -0.576067
v 0.730300 2.399814 -0.553535
v 0.833911 1.723030 -0.127501
v 0.907676 1.750714 -0.231506
v 0.927169 1.749107 -0.149036
v 0.633051 1.723848 -0.167117
v 0.814417 1.724637 -0.209971
v 0.652544 1.722241 -0.084647
v 0.823401 1.757659 -0.588051
v 0.548775 1.730793 -0.523662
v 0.730142 1.731583 -0.566516
v 0.976071 2.297768 -0.237015
v 1.015818 2.218526 -0.160845
v 0.996324 2.220133 -0.243315
v 0.907822 2.367604 -0.219523
v 0.995564 2.296162 -0.154545
v 0.891796 2.304714 -0.593560
v 0.823546 2.374550 -0.576067
v 0.927315 2.365997 -0.137053
v 0.891683 1.828089 -0.602819
v 0.834068 2.391261 -0.114520
v 0.652702 2.390472 -0.071666
v 1.015818 2.218526 -0.160845
v 0.927315 2.365997 -0.137053
v 0.995564 2.296162 -0.154545
v 0.907822 2.367604 -0.219523
v 0.825775 2.234190 -0.964858
v 0.737273 2.381661 -0.941066
v 0.805522 2.311825 -0.958558
v 0.644026 2.406925 -0.918533
v 0.462619 2.232609 -0.879050
v 0.462660 2.406135 -0.875679
v -0.356721 2.229042 -0.685454
v 0.825699 1.913012 -0.971097
v 0.462543 1.911430 -0.885289
v 0.530123 1.732331 -0.602575
v -0.356838 1.734337 -0.695064
v 0.462502 1.737904 -0.888660
v 0.643868 1.738694 -0.931514
v 0.711490 1.733120 -0.645429
v 0.737127 1.764770 -0.953049
v 0.804748 1.759197 -0.666965
v 0.792039 1.905465 0.348882
v 0.568907 1.851555 -0.682671
v 0.811315 1.831575 0.342886
v 0.549631 1.925445 -0.676675
v 0.621606 1.797632 -0.696177
v 0.864013 1.777652 0.329379
v 0.693606 1.778123 -0.713576
v 0.936013 1.758144 0.311981
v 0.864013 1.777652 0.329379
v 0.765615 1.798259 -0.730204
v 0.621606 1.797632 -0.696177
v 1.008023 1.778279 0.295352
v 1.060747 1.832661 0.283949
v 0.765615 1.798259 -0.730204
v 0.818339 1.852640 -0.741607
v 1.008023 1.778279 0.295352
v 0.837651 1.926699 -0.744729
v 1.080058 1.906719 0.280827
v 1.060782 1.980610 0.286823
v 0.818374 2.000589 -0.738733
v 1.008084 2.034533 0.300330
v 0.765676 2.054512 -0.725227
v 0.765676 2.054512 -0.725227
v 0.936083 2.054041 0.317729
v 1.008084 2.034533 0.300330
v 0.693676 2.074020 -0.707828
v 0.864074 2.033906 0.334357
v 0.621666 2.053885 -0.691199
v 0.621666 2.053885 -0.691199
v 0.621606 1.797632 -0.696177
v 0.568942 1.999503 -0.679797
v 0.765615 1.798259 -0.730204
v 0.693606 1.778123 -0.713576
v 0.549631 1.925445 -0.676675
v 0.568907 1.851555 -0.682671
v 0.765676 2.054512 -0.725227
v 0.693676 2.074020 -0.707828
v 0.818374 2.000589 -0.738733
v 0.818339 1.852640 -0.741607
v 0.837651 1.926699 -0.744729
v 0.621666 2.053885 -0.691199
v 0.811350 1.979524 0.345760
v 0.864074 2.033906 0.334357
v 0.568942 1.999503 -0.679797
v 1.090533 2.015293 0.680283
v 1.138095 1.966350 0.668088
v 1.177397 1.989962 0.659258
v 1.200868 1.899481 0.651947
v 1.113231 2.055993 0.675711
v 1.025562 2.079882 0.696899
v 1.025551 2.033002 0.695988
v 0.846577 1.779179 -0.066148
v 1.025487 1.764434 0.690771
v 0.911568 1.797453 -0.081154
v 0.960505 1.782142 0.706475
v 1.090478 1.782708 0.675765
v 1.155492 1.899284 0.662669
v 1.138064 1.832066 0.665479
v 1.177354 1.808797 0.655739
v 1.090478 1.782708 0.675765
v 1.113157 1.742207 0.669616
v 1.025487 1.764434 0.690771
v 1.025476 1.717553 0.689860
v 0.937808 1.741443 0.711047
v 0.912975 1.965370 0.721280
v 0.850170 1.897954 0.734811
v 0.895546 1.898152 0.724090
v 0.873641 1.807474 0.727501
v 0.912943 1.831086 0.718671
v 0.873684 1.988639 0.731020
v 0.960560 2.014728 0.710994
v 0.937882 2.055229 0.717143
v 0.960505 1.782142 0.706475
v 0.959185 1.981096 -0.088831
v 0.716635 1.912897 -0.032829
v 0.976582 1.914029 -0.094250
v 0.734064 1.980116 -0.035639
v 0.781649 2.029473 -0.045925
v 0.959153 1.846812 -0.091440
v 0.734032 1.845832 -0.038248
v 0.781594 1.796887 -0.050443
v 0.911568 1.797453 -0.081154
v 0.846577 1.779179 -0.066148
v 0.911623 2.030039 -0.076636
v 0.846640 2.047747 -0.060931
v 0.912975 1.965370 0.721280
v 0.781649 2.029473 -0.045925
v 0.960560 2.014728 0.710994
v 0.734064 1.980116 -0.035639
v 0.895546 1.898152 0.724090
v 0.716635 1.912897 -0.032829
v 0.912943 1.831086 0.718671
v 0.734032 1.845832 -0.038248
v 0.960505 1.782142 0.706475
v 0.781594 1.796887 -0.050443
v 0.911623 2.030039 -0.076636
v 1.138095 1.966350 0.668088
v 1.090533 2.015293 0.680283
v 0.959185 1.981096 -0.088831
v 1.155492 1.899284 0.662669
v 0.959153 1.846812 -0.091440
v 1.090478 1.782708 0.675765
v 1.138064 1.832066 0.665479
v 0.911568 1.797453 -0.081154
v 0.976582 1.914029 -0.094250
v 1.025551 2.033002 0.695988
v 0.846640 2.047747 -0.060931
v 1.090533 2.015293 0.680283
v 0.960560 2.014728 0.710994
v 0.781649 2.029473 -0.045925
v 0.911623 2.030039 -0.076636
v 0.781594 1.796887 -0.050443
v 0.811350 1.979524 0.345760
v 0.763667 1.905084 0.368843
v 0.787181 1.995769 0.365052
v 0.792039 1.905465 0.348882
v 0.864074 2.033906 0.334357
v 0.851379 2.062359 0.351175
v 0.936083 2.054041 0.317729
v 0.939059 2.087012 0.330931
v 1.026728 2.063123 0.309743
v 1.008084 2.034533 0.300330
v 1.090894 1.997091 0.293290
v 1.060782 1.980610 0.286823
v 1.114366 1.906611 0.285979
v 1.080058 1.906719 0.280827
v 1.060747 1.832661 0.283949
v 1.090852 1.815927 0.289771
v 1.008023 1.778279 0.295352
v 1.026654 1.749337 0.303648
v 0.936013 1.758144 0.311981
v 0.938974 1.724683 0.323892
v 0.851305 1.748573 0.345080
v 0.864013 1.777652 0.329379
v 0.787138 1.814605 0.361533
v 0.811315 1.831575 0.342886
v 1.025476 1.717553 0.689860
v 1.012138 1.718653 0.633428
v 1.099818 1.743306 0.613183
v 0.937808 1.741443 0.711047
v 0.924469 1.742543 0.654615
v 0.860302 1.808574 0.671069
v 0.924469 1.742543 0.654615
v 0.873641 1.807474 0.727501
v 0.937808 1.741443 0.711047
v 1.113157 1.742207 0.669616
v 1.164016 1.809896 0.599306
v 1.177354 1.808797 0.655739
v 1.113157 1.742207 0.669616
v 1.099818 1.743306 0.613183
v 1.187530 1.900581 0.595515
v 1.200868 1.899481 0.651947
v 1.164058 1.991061 0.602826
v 1.177397 1.989962 0.659258
v 1.099892 2.057092 0.619279
v 1.113231 2.055993 0.675711
v 1.012223 2.080981 0.640466
v 1.113231 2.055993 0.675711
v 1.099892 2.057092 0.619279
v 1.025562 2.079882 0.696899
v 0.924543 2.056329 0.660711
v 0.937882 2.055229 0.717143
v 0.924543 2.056329 0.660711
v 0.860345 1.989739 0.674588
v 0.937882 2.055229 0.717143
v 0.836831 1.899054 0.678379
v 0.873684 1.988639 0.731020
v 0.850170 1.897954 0.734811
v 0.849816 1.899874 0.674248
v 0.871709 1.984307 0.670718
v 0.865192 1.984844 0.643145
v 0.931481 2.046306 0.657798
v 0.924964 2.046843 0.630224
v 0.843299 1.900411 0.646675
v 0.865152 1.816168 0.639868
v 0.871669 1.815631 0.667441
v 0.643868 1.738694 -0.931514
v 0.462502 1.737904 -0.888660
v -0.356797 1.907863 -0.691693
v 0.893396 2.228616 -0.678773
v 0.825699 1.913012 -0.971097
v 0.825775 2.234190 -0.964858
v 0.893320 1.907438 -0.685012
v 0.873143 2.306252 -0.672473
v 0.805410 1.835200 -0.967817
v 0.737127 1.764770 -0.953049
v 0.805410 1.835200 -0.967817
v -0.356838 1.734337 -0.695064
v -0.289059 2.396995 -0.395998
v 0.530123 1.732331 -0.602575
v 0.530281 2.400562 -0.589595
v -1.108399 2.393428 -0.202403
v -1.108556 1.725196 -0.215384
v -0.289217 1.728764 -0.408979
v 0.853345 1.990316 0.644973
v 0.787181 1.995769 0.365052
v 0.763667 1.905084 0.368843
v 0.829831 1.899631 0.648764
v 0.787138 1.814605 0.361533
v 0.853302 1.809151 0.641454
v 0.917543 2.056906 0.631096
v 0.851379 2.062359 0.351175
v 0.851379 2.062359 0.351175
v 1.005223 2.081558 0.610852
v 0.939059 2.087012 0.330931
v 0.917543 2.056906 0.631096
v 1.092892 2.057669 0.589664
v 1.026728 2.063123 0.309743
v 1.026728 2.063123 0.309743
v 1.092892 2.057669 0.589664
v 1.157058 1.991638 0.573211
v 1.090894 1.997091 0.293290
v 1.180530 1.901158 0.565900
v 1.114366 1.906611 0.285979
v 1.090852 1.815927 0.289771
v 1.157016 1.810473 0.569692
v 1.026654 1.749337 0.303648
v 1.092818 1.743883 0.583569
v 1.026654 1.749337 0.303648
v 1.092818 1.743883 0.583569
v 1.005138 1.719230 0.603813
v 0.938974 1.724683 0.323892
v 0.917469 1.743120 0.625001
v 0.851305 1.748573 0.345080
v 0.851305 1.748573 0.345080
v 0.917469 1.743120 0.625001
v 1.169820 1.901832 0.569523
v 1.157058 1.991638 0.573211
v 1.147968 1.986075 0.576330
v 1.180530 1.901158 0.565900
v 1.092892 2.057669 0.589664
v 1.088224 2.047554 0.591649
v 1.147928 1.817399 0.573053
v 1.157016 1.810473 0.569692
v 1.094673 1.754863 0.613547
v 1.164016 1.809896 0.599306
v 1.099818 1.743306 0.613183
v 1.154445 1.816862 0.600626
v 1.013037 1.731909 0.632396
v 1.176338 1.901295 0.597096
v 1.187530 1.900581 0.595515
v 0.931481 2.046306 0.657798
v 1.012223 2.080981 0.640466
v 1.013117 2.069259 0.638949
v 0.924543 2.056329 0.660711
v 1.099892 2.057092 0.619279
v 1.094742 2.047017 0.619222
v 0.871709 1.984307 0.670718
v 0.860345 1.989739 0.674588
v 0.843299 1.900411 0.646675
v 0.865192 1.984844 0.643145
v 0.853345 1.990316 0.644973
v 0.917543 2.056906 0.631096
v 0.829831 1.899631 0.648764
v 0.853302 1.809151 0.641454
v 0.865152 1.816168 0.639868
v 1.088156 1.755400 0.585973
v 1.092818 1.743883 0.583569
v 1.006520 1.732446 0.604822
v 1.005138 1.719230 0.603813
v 0.924964 2.046843 0.630224
v 1.005223 2.081558 0.610852
v 1.006599 2.069797 0.611375
v 0.931412 1.754152 0.652122
v 1.012138 1.718653 0.633428
v 0.924469 1.742543 0.654615
v 0.860302 1.808574 0.671069
v 0.871669 1.815631 0.667441
v 1.164058 1.991061 0.602826
v 1.154485 1.985538 0.603903
v 0.924895 1.754689 0.624549
v 0.917469 1.743120 0.625001
v 0.849816 1.899874 0.674248
v 0.836831 1.899054 0.678379
v 1.006599 2.069797 0.611375
v 0.931481 2.046306 0.657798
v 1.013117 2.069259 0.638949
v 0.924964 2.046843 0.630224
v 1.088224 2.047554 0.591649
v 1.094742 2.047017 0.619222
v 1.094742 2.047017 0.619222
v 1.147968 1.986075 0.576330
v 1.088224 2.047554 0.591649
v 1.154485 1.985538 0.603903
v 1.169820 1.901832 0.569523
v 1.176338 1.901295 0.597096
v 1.147928 1.817399 0.573053
v 1.154445 1.816862 0.600626
v 1.088156 1.755400 0.585973
v 1.094673 1.754863 0.613547
v 1.094673 1.754863 0.613547
v 1.013037 1.731909 0.632396
v 1.006520 1.732446 0.604822
v 1.088156 1.755400 0.585973
v 0.924895 1.754689 0.624549
v 0.931412 1.754152 0.652122
v 0.931412 1.754152 0.652122
v 0.924895 1.754689 0.624549
v 0.530281 2.400562 -0.589595
v 0.530123 1.732331 -0.602575
v 0.548933 2.399024 -0.510681
v 0.548775 1.730793 -0.523662
v 0.633209 2.392079 -0.154136
v 0.912049 2.227079 -0.599859
v 0.893320 1.907438 -0.685012
v 0.893396 2.228616 -0.678773
v 0.911973 1.905900 -0.606099
v 0.873031 1.829627 -0.681732
v 0.530123 1.732331 -0.602575
v 0.711490 1.733120 -0.645429
v 0.804748 1.759197 -0.666965
v 0.805522 2.311825 -0.958558
v 0.804894 2.376088 -0.654981
v 0.737273 2.381661 -0.941066
v 0.711647 2.401352 -0.632448
v 0.804894 2.376088 -0.654981
v 0.644026 2.406925 -0.918533
v 0.530281 2.400562 -0.589595
v 0.804748 1.759197 -0.666965
v 0.873031 1.829627 -0.681732
v 0.737127 1.764770 -0.953049
v 0.737273 2.381661 -0.941066
v 0.462660 2.406135 -0.875679
v -0.356680 2.402568 -0.682083
v -0.289059 2.396995 -0.395998
v -1.176019 2.399001 -0.488488
v -1.108399 2.393428 -0.202403
v -0.356680 2.402568 -0.682083
v -1.108556 1.725196 -0.215384
v -1.176177 1.730770 -0.501468
v -0.289217 1.728764 -0.408979
v 0.633051 1.723848 -0.167117
v 0.652661 2.216945 -0.075037
v 0.652702 2.390472 -0.071666
v 0.652544 1.722241 -0.084647
v 0.652585 1.895767 -0.081276
v 0.996248 1.898955 -0.249554
v 0.957905 1.841594 -0.257584
v 0.976474 1.912803 -0.260585
v 0.975959 1.821144 -0.246274
v 0.976543 2.206733 -0.254875
v 0.996324 2.220133 -0.243315
v 0.530281 2.400562 -0.589595
v 0.823401 1.757659 -0.588051
v 0.873143 2.306252 -0.672473
v 0.911973 1.905900 -0.606099
v 0.880780 1.847950 -0.583879
v 0.891683 1.828089 -0.602819
v 0.899418 2.213089 -0.581171
v 0.899348 1.919160 -0.586881
v 0.804748 1.759197 -0.666965
v 0.711647 2.401352 -0.632448
v 0.804894 2.376088 -0.654981
v 0.804894 2.376088 -0.654981
v 0.891683 1.828089 -0.602819
v 0.957905 1.841594 -0.257584
v 0.975959 1.821144 -0.246274
v 0.880780 1.847950 -0.583879
v 0.880883 2.284138 -0.575406
v 0.976543 2.206733 -0.254875
v 0.899418 2.213089 -0.581171
v 0.958008 2.277781 -0.249110
v 0.976474 1.912803 -0.260585
v 0.899348 1.919160 -0.586881
v 0.957905 1.841594 -0.257584
v 0.880780 1.847950 -0.583879
v 0.891796 2.304714 -0.593560
v 0.958008 2.277781 -0.249110
v 0.880883 2.284138 -0.575406
v 0.976071 2.297768 -0.237015
v 0.958008 2.277781 -0.249110
v 0.976071 2.297768 -0.237015
v 0.912049 2.227079 -0.599859
v 0.891796 2.304714 -0.593560
v 0.880883 2.284138 -0.575406
v -1.349251 1.887051 0.391723
v -0.986018 2.209811 0.312155
v -1.349175 2.208230 0.397963
v -1.167502 1.714317 0.345399
v -0.986094 1.888632 0.305916
v -1.260749 1.739581 0.367931
v -0.986135 1.715107 0.302545
v -1.328998 1.809417 0.385424
v -1.349251 1.887051 0.391723
v -1.368744 1.888658 0.309253
v -1.328998 1.809417 0.385424
v -1.368668 2.209837 0.315492
v -1.348491 1.811024 0.302954
v -1.432766 1.817970 -0.053591
v -1.280242 1.741188 0.285461
v -1.150225 2.152688 0.640184
v -1.321156 2.166776 -0.082974
v -1.099455 2.138932 0.627915
v -1.270386 2.153020 -0.095242
v -1.048678 2.153130 0.616190
v -1.187385 2.190711 0.649708
v -1.371908 2.256902 -0.069222
v -1.358315 2.204799 -0.073450
v -1.150225 2.152688 0.640184
v -1.321156 2.166776 -0.082974
v -1.200977 2.242814 0.653936
v -1.358291 2.309124 -0.071423
v -1.187360 2.295036 0.651734
v -1.321113 2.347471 -0.079464
v -1.150182 2.333382 0.643694
v -1.321113 2.347471 -0.079464
v -1.150182 2.333382 0.643694
v -1.270336 2.361668 -0.091189
v -1.048636 2.333824 0.619700
v -1.219566 2.347913 -0.103458
v -1.099406 2.347580 0.631968
v -1.219566 2.347913 -0.103458
v -1.011476 2.295801 0.610176
v -1.182407 2.309889 -0.112982
v -1.048636 2.333824 0.619700
v -1.168814 2.257786 -0.117209
v -0.997884 2.243698 0.605948
v -1.182431 2.205565 -0.115008
v -1.011501 2.191477 0.608149
v -1.219609 2.167218 -0.106968
v -1.219566 2.347913 -0.103458
v -1.270386 2.153020 -0.095242
v -1.371908 2.256902 -0.069222
v -1.321113 2.347471 -0.079464
v -1.270336 2.361668 -0.091189
v -1.321156 2.166776 -0.082974
v -1.358315 2.204799 -0.073450
v -1.358291 2.309124 -0.071423
v -1.182431 2.205565 -0.115008
v -1.219609 2.167218 -0.106968
v -1.168814 2.257786 -0.117209
v -1.182407 2.309889 -0.112982
v -1.048678 2.153130 0.616190
v -1.219609 2.167218 -0.106968
v -0.974143 2.348335 0.884300
v -1.036311 2.365083 0.899321
v -0.990238 2.319798 0.887549
v -0.956511 2.285482 0.878908
v -0.928641 2.302038 0.872643
v -0.944174 2.238457 0.875076
v -0.911997 2.238597 0.867473
v -1.230055 2.294175 0.434733
v -1.116150 2.284787 0.916628
v -1.128509 2.237655 0.918631
v -1.242414 2.247043 0.436736
v -1.196311 2.328785 0.427431
v -1.116172 2.190631 0.914799
v -1.230077 2.200019 0.432904
v -1.082406 2.319397 0.909326
v -1.036319 2.332212 0.898683
v -1.098488 2.347794 0.913681
v -1.116150 2.284787 0.916628
v -1.144012 2.301100 0.923532
v -1.128509 2.237655 0.918631
v -1.160686 2.237515 0.926234
v -1.144042 2.174074 0.921064
v -1.036371 2.111030 0.894386
v -1.082445 2.156314 0.906159
v -1.098540 2.127777 0.909407
v -0.990277 2.156715 0.884381
v -1.036364 2.143901 0.895025
v -0.974195 2.128318 0.880026
v -0.956533 2.191326 0.877079
v -1.116172 2.190631 0.914799
v -0.928671 2.175011 0.870176
v -1.196311 2.328785 0.427431
v -1.196349 2.165702 0.424263
v -1.150268 2.153289 0.413130
v -1.150223 2.341600 0.416788
v -1.230077 2.200019 0.432904
v -1.104143 2.329186 0.405654
v -1.104181 2.166104 0.402486
v -1.070438 2.200714 0.395184
v -1.070415 2.294870 0.397013
v -1.058078 2.247845 0.393181
v -1.230055 2.294175 0.434733
v -1.242414 2.247043 0.436736
v -1.070438 2.200714 0.395184
v -0.990277 2.156715 0.884381
v -0.956533 2.191326 0.877079
v -1.104181 2.166104 0.402486
v -1.150268 2.153289 0.413130
v -1.082445 2.156314 0.906159
v -1.036364 2.143901 0.895025
v -1.196349 2.165702 0.424263
v -1.104181 2.166104 0.402486
v -1.070415 2.294870 0.397013
v -0.956511 2.285482 0.878908
v -0.990238 2.319798 0.887549
v -1.058078 2.247845 0.393181
v -0.944174 2.238457 0.875076
v -1.104143 2.329186 0.405654
v -1.082406 2.319397 0.909326
v -0.990277 2.156715 0.884381
v -1.196349 2.165702 0.424263
v -1.082445 2.156314 0.906159
v -1.150223 2.341600 0.416788
v -1.036319 2.332212 0.898683
v -1.082406 2.319397 0.909326
v -1.104143 2.329186 0.405654
v -1.196311 2.328785 0.427431
v -0.990238 2.319798 0.887549
v -1.048678 2.153130 0.616190
v -1.097368 2.116056 0.636329
v -1.099455 2.138932 0.627915
v -1.035191 2.133346 0.621969
v -1.159536 2.132804 0.651349
v -1.150225 2.152688 0.640184
v -1.011501 2.191477 0.608149
v -0.989667 2.180039 0.612118
v -0.997884 2.243698 0.605948
v -0.972993 2.243625 0.609416
v -1.011476 2.295801 0.610176
v -0.989637 2.307065 0.614586
v -1.035139 2.353363 0.626243
v -1.048636 2.333824 0.619700
v -1.097308 2.370111 0.641264
v -1.150182 2.333382 0.643694
v -1.159484 2.352821 0.655623
v -1.099406 2.347580 0.631968
v -1.187360 2.295036 0.651734
v -1.205008 2.306128 0.665474
v -1.200977 2.242814 0.653936
v -1.221683 2.242542 0.668177
v -1.205038 2.179101 0.663007
v -1.187385 2.190711 0.649708
v -1.098540 2.127777 0.909407
v -1.159536 2.132804 0.651349
v -1.036371 2.111030 0.894386
v -1.097368 2.116056 0.636329
v -0.974195 2.128318 0.880026
v -1.144042 2.174074 0.921064
v -1.221683 2.242542 0.668177
v -1.205038 2.179101 0.663007
v -1.098540 2.127777 0.909407
v -1.159536 2.132804 0.651349
v -1.160686 2.237515 0.926234
v -1.205008 2.306128 0.665474
v -1.144012 2.301100 0.923532
v -1.159484 2.352821 0.655623
v -1.098488 2.347794 0.913681
v -1.159484 2.352821 0.655623
v -1.098488 2.347794 0.913681
v -1.097308 2.370111 0.641264
v -1.036311 2.365083 0.899321
v -1.035139 2.353363 0.626243
v -0.974143 2.348335 0.884300
v -1.035139 2.353363 0.626243
v -0.974143 2.348335 0.884300
v -0.989637 2.307065 0.614586
v -0.928641 2.302038 0.872643
v -0.972993 2.243625 0.609416
v -0.911997 2.238597 0.867473
v -0.989667 2.180039 0.612118
v -0.928671 2.175011 0.870176
v -1.035191 2.133346 0.621969
v -0.974195 2.128318 0.880026
v -1.035191 2.133346 0.621969
v -1.167344 2.382548 0.358380
v -1.005471 2.384944 0.233056
v -1.186837 2.384155 0.275909
v -0.985978 2.383338 0.315526
v -1.364371 2.365025 -0.059100
v -1.280096 2.358078 0.297445
v -1.260603 2.356472 0.379915
v -1.089746 2.391890 -0.123489
v -1.271113 2.391101 -0.080635
v -1.167502 1.714317 0.345399
v -1.280242 1.741188 0.285461
v -1.186995 1.715924 0.262929
v -1.260749 1.739581 0.367931
v -1.364517 1.748134 -0.071083
v -1.005628 1.716713 0.220075
v -1.271271 1.722870 -0.093616
v -1.089904 1.723659 -0.136470
v -1.348378 2.287649 0.312212
v -1.328885 2.286042 0.394683
v -1.280096 2.358078 0.297445
v -1.349175 2.208230 0.397963
v -1.432654 2.294595 -0.044332
v -1.260603 2.356472 0.379915
v -1.260749 1.739581 0.367931
v -1.364517 1.748134 -0.071083
v -1.167344 2.382548 0.358380
v -0.985978 2.383338 0.315526
v -1.260603 2.356472 0.379915
v -1.328885 2.286042 0.394683
v -1.357386 2.398212 -0.445634
v -1.539217 2.223894 -0.406051
v -1.450645 2.372135 -0.424098
v -1.176019 2.399001 -0.488488
v -1.176060 2.225475 -0.491858
v -1.539293 1.902716 -0.412290
v -1.176136 1.904296 -0.498097
v -1.518927 2.301706 -0.409331
v -1.357544 1.729980 -0.458615
v -1.289923 1.724407 -0.172530
v -1.450791 1.755245 -0.436082
v -0.937662 1.823961 0.756139
v -1.180069 1.843940 -0.269418
v -0.918350 1.898019 0.753017
v -1.232793 1.789558 -0.258015
v -1.160758 1.917999 -0.272539
v -0.937626 1.971910 0.759013
v -0.990386 1.769579 0.767542
v -1.062395 1.749444 0.784170
v -1.304803 1.769423 -0.241386
v -0.990386 1.769579 0.767542
v -1.376803 1.788931 -0.223988
v -1.232793 1.789558 -0.258015
v -1.134396 1.768952 0.801569
v -1.187094 1.822875 0.815076
v -1.376803 1.788931 -0.223988
v -1.134396 1.768952 0.801569
v -1.448778 1.916745 -0.204485
v -1.429501 1.842854 -0.210481
v -1.206370 1.896765 0.821071
v -1.187059 1.970824 0.817950
v -1.429466 1.990803 -0.207607
v -1.134335 2.025205 0.806547
v -1.376742 2.045185 -0.219010
v -1.376742 2.045185 -0.219010
v -1.062325 2.045341 0.789918
v -1.304733 2.065320 -0.235638
v -1.134335 2.025205 0.806547
v -0.990325 2.025833 0.772520
v -1.232732 2.045812 -0.253037
v -1.376803 1.788931 -0.223988
v -1.232793 1.789558 -0.258015
v -1.304803 1.769423 -0.241386
v -1.376742 2.045185 -0.219010
v -1.232732 2.045812 -0.253037
v -1.429466 1.990803 -0.207607
v -1.160758 1.917999 -0.272539
v -1.180069 1.843940 -0.269418
v -1.180034 1.991889 -0.266544
v -1.304733 2.065320 -0.235638
v -1.429501 1.842854 -0.210481
v -1.448778 1.916745 -0.204485
v -1.232732 2.045812 -0.253037
v -1.180034 1.991889 -0.266544
v -0.990325 2.025833 0.772520
v -1.037849 2.006027 1.183183
v -1.124725 1.979939 1.203210
v -1.085434 1.956669 1.193469
v -1.060527 2.046529 1.189333
v -1.148239 1.889254 1.207001
v -1.102863 1.889452 1.196280
v -1.216815 1.788187 0.421746
v -0.972921 1.755734 1.162960
v -1.151832 1.770479 0.406041
v -1.037904 1.773441 1.178665
v -0.907930 1.774007 1.147955
v -1.086841 1.788753 0.391036
v -1.085466 1.822385 1.190861
v -1.124768 1.798774 1.199691
v -1.037904 1.773441 1.178665
v -1.060601 1.732743 1.183237
v -0.972921 1.755734 1.162960
v -0.972932 1.708853 1.162050
v -0.885252 1.733506 1.141805
v -0.907930 1.774007 1.147955
v -0.860314 1.957649 1.140277
v -0.797541 1.890781 1.124137
v -0.821012 1.981261 1.131448
v -0.842916 1.890584 1.134859
v -0.907875 2.006594 1.152473
v -0.860345 1.823365 1.137669
v -0.821054 1.800096 1.127928
v -0.885178 2.047292 1.147901
v -0.972858 2.024302 1.168178
v -0.972847 2.071182 1.169088
v -1.264376 1.837131 0.433942
v -1.039255 1.838111 0.380750
v -1.021827 1.905329 0.377940
v -1.281773 1.904197 0.439360
v -1.086841 1.788753 0.391036
v -1.264345 1.971415 0.436550
v -1.039224 1.972395 0.383358
v -1.086786 2.021339 0.395554
v -1.216760 2.020773 0.426264
v -1.151768 2.039047 0.411259
v -1.216815 1.788187 0.421746
v -1.151832 1.770479 0.406041
v -1.086786 2.021339 0.395554
v -0.860314 1.957649 1.140277
v -0.907875 2.006594 1.152473
v -1.039224 1.972395 0.383358
v -0.842916 1.890584 1.134859
v -1.021827 1.905329 0.377940
v -0.860345 1.823365 1.137669
v -1.039255 1.838111 0.380750
v -0.907930 1.774007 1.147955
v -1.216760 2.020773 0.426264
v -1.085434 1.956669 1.193469
v -1.264345 1.971415 0.436550
v -1.037849 2.006027 1.183183
v -1.102863 1.889452 1.196280
v -1.281773 1.904197 0.439360
v -1.264376 1.837131 0.433942
v -1.037904 1.773441 1.178665
v -1.216815 1.788187 0.421746
v -1.085466 1.822385 1.190861
v -1.086841 1.788753 0.391036
v -1.151768 2.039047 0.411259
v -0.907875 2.006594 1.152473
v -0.972858 2.024302 1.168178
v -1.037849 2.006027 1.183183
v -1.216760 2.020773 0.426264
v -1.086786 2.021339 0.395554
v -0.937626 1.971910 0.759013
v -0.884043 1.897911 0.758169
v -0.918350 1.898019 0.753017
v -0.907514 1.988391 0.765480
v -0.937662 1.823961 0.756139
v -0.907557 1.807226 0.761960
v -0.990325 2.025833 0.772520
v -0.971681 2.054422 0.781933
v -1.062325 2.045341 0.789918
v -1.059349 2.078312 0.803120
v -1.147030 2.053659 0.823365
v -1.134335 2.025205 0.806547
v -1.187059 1.970824 0.817950
v -1.211228 1.987069 0.837242
v -1.234742 1.896384 0.841033
v -1.206370 1.896765 0.821071
v -1.187094 1.822875 0.815076
v -1.211270 1.805904 0.833723
v -1.134396 1.768952 0.801569
v -1.147104 1.739873 0.817269
v -1.062395 1.749444 0.784170
v -1.059435 1.715983 0.796082
v -0.971755 1.740636 0.775837
v -0.990386 1.769579 0.767542
v -0.972932 1.708853 1.162050
v -0.986271 1.709953 1.105618
v -0.885252 1.733506 1.141805
v -1.073940 1.733843 1.126805
v -0.898591 1.734606 1.085373
v -0.834393 1.801196 1.071496
v -0.821054 1.800096 1.127928
v -0.898591 1.734606 1.085373
v -0.885252 1.733506 1.141805
v -1.060601 1.732743 1.183237
v -1.138106 1.799874 1.143258
v -1.060601 1.732743 1.183237
v -1.124768 1.798774 1.199691
v -1.073940 1.733843 1.126805
v -1.161577 1.890354 1.150569
v -1.148239 1.889254 1.207001
v -1.138063 1.981038 1.146778
v -1.124725 1.979939 1.203210
v -1.073866 2.047628 1.132901
v -1.060527 2.046529 1.189333
v -0.986185 2.072281 1.112656
v -1.073866 2.047628 1.132901
v -1.060527 2.046529 1.189333
v -0.972847 2.071182 1.169088
v -0.898517 2.048392 1.091469
v -0.885178 2.047292 1.147901
v -0.898517 2.048392 1.091469
v -0.885178 2.047292 1.147901
v -0.834350 1.982360 1.075015
v -0.821012 1.981261 1.131448
v -0.810879 1.891881 1.067705
v -0.797541 1.890781 1.124137
v -0.846199 1.976828 1.076630
v -0.824346 1.892585 1.069824
v -0.852717 1.977365 1.049057
v -0.846239 1.808152 1.073354
v -0.830864 1.893122 1.042250
v -0.852756 1.808689 1.045780
v -1.450791 1.755245 -0.436082
v -1.519040 1.825081 -0.418589
v -1.357544 1.729980 -0.458615
v -1.176177 1.730770 -0.501468
v -1.471596 2.218320 -0.119966
v -1.539293 1.902716 -0.412290
v -1.471672 1.897142 -0.126205
v -1.539217 2.223894 -0.406051
v -1.519040 1.825081 -0.418589
v -1.451419 1.819507 -0.132505
v -1.451306 2.296132 -0.123246
v -1.518927 2.301706 -0.409331
v -0.817879 1.892457 1.038090
v -0.884043 1.897911 0.758169
v -0.841350 1.982938 1.045401
v -0.907557 1.807226 0.761960
v -0.907514 1.988391 0.765480
v -0.905517 2.048969 1.061854
v -0.971681 2.054422 0.781933
v -1.059349 2.078312 0.803120
v -0.993185 2.072858 1.083041
v -0.971681 2.054422 0.781933
v -1.080866 2.048205 1.103286
v -0.905517 2.048969 1.061854
v -1.147030 2.053659 0.823365
v -1.147030 2.053659 0.823365
v -1.145063 1.981615 1.117163
v -1.080866 2.048205 1.103286
v -1.211228 1.987069 0.837242
v -1.168577 1.890930 1.120954
v -1.234742 1.896384 0.841033
v -1.211270 1.805904 0.833723
v -1.145106 1.800450 1.113644
v -1.147104 1.739873 0.817269
v -1.080940 1.734419 1.097190
v -1.080940 1.734419 1.097190
v -1.147104 1.739873 0.817269
v -0.993271 1.710529 1.076003
v -1.059435 1.715983 0.796082
v -0.905591 1.735183 1.055758
v -0.971755 1.740636 0.775837
v -0.841393 1.801773 1.041881
v -0.971755 1.740636 0.775837
v -0.905591 1.735183 1.055758
v -1.145063 1.981615 1.117163
v -1.075720 2.038133 1.102952
v -1.080866 2.048205 1.103286
v -1.157385 1.891700 1.119402
v -1.135493 1.976134 1.115872
v -1.168577 1.890930 1.120954
v -1.135532 1.807458 1.112595
v -1.129015 1.806921 1.140169
v -1.069272 1.745441 1.124850
v -1.138106 1.799874 1.143258
v -1.161577 1.890354 1.150569
v -1.073940 1.733843 1.126805
v -0.905942 2.038306 1.091949
v -0.986185 2.072281 1.112656
v -0.898517 2.048392 1.091469
v -0.987567 2.060549 1.111676
v -0.846199 1.976828 1.076630
v -1.073866 2.047628 1.132901
v -0.830864 1.893122 1.042250
v -0.841350 1.982938 1.045401
v -0.852717 1.977365 1.049057
v -0.905517 2.048969 1.061854
v -0.817879 1.892457 1.038090
v -0.912460 2.038843 1.064376
v -1.075789 1.745979 1.097276
v -1.145106 1.800450 1.113644
v -1.080940 1.734419 1.097190
v -0.994164 1.723736 1.077549
v -0.994084 2.061086 1.084103
v -0.993185 2.072858 1.083041
v -0.906011 1.746152 1.086274
v -0.986271 1.709953 1.105618
v -0.987647 1.723199 1.105123
v -0.898591 1.734606 1.085373
v -1.138063 1.981038 1.146778
v -1.069203 2.037596 1.130525
v -1.128975 1.975597 1.143445
v -1.150868 1.891163 1.146975
v -0.993271 1.710529 1.076003
v -0.912529 1.746689 1.058701
v -0.905591 1.735183 1.055758
v -0.852756 1.808689 1.045780
v -0.834350 1.982360 1.075015
v -0.824346 1.892585 1.069824
v -0.905942 2.038306 1.091949
v -0.912460 2.038843 1.064376
v -0.987567 2.060549 1.111676
v -0.905942 2.038306 1.091949
v -0.994084 2.061086 1.084103
v -1.075720 2.038133 1.102952
v -0.912460 2.038843 1.064376
v -1.069203 2.037596 1.130525
v -1.075720 2.038133 1.102952
v -1.135493 1.976134 1.115872
v -1.069203 2.037596 1.130525
v -1.157385 1.891700 1.119402
v -1.128975 1.975597 1.143445
v -1.150868 1.891163 1.146975
v -1.135532 1.807458 1.112595
v -1.129015 1.806921 1.140169
v -1.075789 1.745979 1.097276
v -1.069272 1.745441 1.124850
v -1.069272 1.745441 1.124850
v -0.994164 1.723736 1.077549
v -0.987647 1.723199 1.105123
v -1.075789 1.745979 1.097276
v -0.912529 1.746689 1.058701
v -0.906011 1.746152 1.086274
v -0.906011 1.746152 1.086274
v -0.912529 1.746689 1.058701
v -0.841393 1.801773 1.041881
v -0.810879 1.891881 1.067705
v -0.846239 1.808152 1.073354
v -0.834393 1.801196 1.071496
v -1.108556 1.725196 -0.215384
v -1.108399 2.393428 -0.202403
v -1.089746 2.391890 -0.123489
v -1.089904 1.723659 -0.136470
v -1.005471 2.384944 0.233056
v -1.452944 2.216783 -0.041052
v -1.471672 1.897142 -0.126205
v -1.453019 1.895604 -0.047291
v -1.451419 1.819507 -0.132505
v -1.471596 2.218320 -0.119966
v -1.289923 1.724407 -0.172530
v -1.108556 1.725196 -0.215384
v -1.383170 1.749671 -0.149997
v -1.383024 2.366562 -0.138014
v -1.450645 2.372135 -0.424098
v -1.450645 2.372135 -0.424098
v -1.289765 2.392638 -0.159549
v -1.357386 2.398212 -0.445634
v -1.383024 2.366562 -0.138014
v -1.383170 1.749671 -0.149997
v -1.450791 1.755245 -0.436082
v -1.383170 1.749671 -0.149997
v -0.986135 1.715107 0.302545
v -0.986018 2.209811 0.312155
v -1.005628 1.716713 0.220075
v -0.985978 2.383338 0.315526
v -0.986094 1.888632 0.305916
v -0.986135 1.715107 0.302545
v -1.356113 1.902648 0.290565
v -1.368668 2.209837 0.315492
v -1.356043 2.196578 0.296275
v -1.337578 1.831600 0.284800
v -1.368744 1.888658 0.309253
v -1.348491 1.811024 0.302954
v -1.289765 2.392638 -0.159549
v -1.383024 2.366562 -0.138014
v -1.108399 2.393428 -0.202403
v -1.383170 1.749671 -0.149997
v -1.451306 2.296132 -0.123246
v -1.364371 2.365025 -0.059100
v -1.414703 1.837956 -0.041496
v -1.453019 1.895604 -0.047291
v -1.432766 1.817970 -0.053591
v -1.433238 1.909005 -0.035731
v -1.383024 2.366562 -0.138014
v -1.432766 1.817970 -0.053591
v -1.337578 1.831600 0.284800
v -1.414703 1.837956 -0.041496
v -1.348491 1.811024 0.302954
v -1.433169 2.202935 -0.030021
v -1.356043 2.196578 0.296275
v -1.414600 2.274144 -0.033023
v -1.356113 1.902648 0.290565
v -1.337475 2.267788 0.293273
v -1.414703 1.837956 -0.041496
v -1.337578 1.831600 0.284800
v -1.433238 1.909005 -0.035731
v -1.337475 2.267788 0.293273
v -1.432654 2.294595 -0.044332
v -1.414600 2.274144 -0.033023
v -1.348378 2.287649 0.312212
v -1.337475 2.267788 0.293273
v -1.348378 2.287649 0.312212
v -1.452944 2.216783 -0.041052
v -1.433169 2.202935 -0.030021
v -1.414600 2.274144 -0.033023
v -1.432654 2.294595 -0.044332
v 0.901934 2.577980 -0.640453
v 0.893064 2.404271 -0.681193
v 0.877732 2.514889 -0.744046
v 0.860335 2.567134 -0.769498
v 0.884678 2.630718 -0.666239
v 0.920638 2.411778 -0.564355
v 0.919992 2.316926 -0.568838
v 0.893751 2.319089 -0.679858
v 0.860335 2.567134 -0.769498
v 0.825921 2.667733 -0.675475
v 0.884678 2.630718 -0.666239
v 0.801949 2.603413 -0.778362
v 0.492211 2.402526 -0.586479
v 0.519139 2.315181 -0.474124
v 0.519785 2.410033 -0.469641
v 0.501081 2.576235 -0.545738
v 0.476878 2.513144 -0.649331
v 0.480613 2.565481 -0.679775
v 0.504536 2.629062 -0.576418
v 0.480613 2.565481 -0.679775
v 0.552638 2.666543 -0.610902
v 0.528556 2.602223 -0.713763
v 0.504536 2.629062 -0.576418
v 0.801949 2.603413 -0.778362
v 0.528556 2.602223 -0.713763
v 0.552638 2.666543 -0.610902
v 0.825921 2.667733 -0.675475
v 0.864227 2.404146 -0.674380
v 0.873670 2.574913 -0.631953
v 0.849425 2.511993 -0.735641
v 0.891802 2.411653 -0.557542
v 0.838399 2.551417 -0.754619
v 0.862899 2.614804 -0.651276
v 0.821209 2.640415 -0.657346
v 0.838399 2.551417 -0.754619
v 0.862899 2.614804 -0.651276
v 0.797219 2.576100 -0.760231
v 0.530185 2.573418 -0.550793
v 0.507017 2.549974 -0.676319
v 0.530839 2.613358 -0.572816
v 0.521049 2.402652 -0.593292
v 0.505976 2.510498 -0.654490
v 0.548622 2.410158 -0.476454
v 0.565191 2.639301 -0.596853
v 0.507017 2.549974 -0.676319
v 0.541125 2.574985 -0.699720
v 0.530839 2.613358 -0.572816
v 0.541125 2.574985 -0.699720
v 0.821209 2.640415 -0.657346
v 0.565191 2.639301 -0.596853
v 0.797219 2.576100 -0.760231
v 0.865039 2.318963 -0.673008
v 0.864227 2.404146 -0.674380
v 0.893064 2.404271 -0.681193
v 0.893751 2.319089 -0.679858
v 0.849425 2.511993 -0.735641
v 0.877732 2.514889 -0.744046
v 0.873670 2.574913 -0.631953
v 0.920638 2.411778 -0.564355
v 0.901934 2.577980 -0.640453
v 0.891350 2.316799 -0.561978
v 0.919992 2.316926 -0.568838
v 0.891802 2.411653 -0.557542
v 0.862899 2.614804 -0.651276
v 0.838399 2.551417 -0.754619
v 0.860335 2.567134 -0.769498
v 0.825921 2.667733 -0.675475
v 0.821209 2.640415 -0.657346
v 0.884678 2.630718 -0.666239
v 0.801949 2.603413 -0.778362
v 0.797219 2.576100 -0.760231
v 0.552638 2.666543 -0.610902
v 0.565191 2.639301 -0.596853
v 0.547823 2.315304 -0.480809
v 0.548622 2.410158 -0.476454
v 0.519785 2.410033 -0.469641
v 0.519139 2.315181 -0.474124
v 0.530185 2.573418 -0.550793
v 0.501081 2.576235 -0.545738
v 0.530839 2.613358 -0.572816
v 0.504536 2.629062 -0.576418
v 0.505976 2.510498 -0.654490
v 0.492211 2.402526 -0.586479
v 0.476878 2.513144 -0.649331
v 0.521639 2.317467 -0.591868
v 0.492897 2.317344 -0.585144
v 0.521049 2.402652 -0.593292
v 0.507017 2.549974 -0.676319
v 0.528556 2.602223 -0.713763
v 0.541125 2.574985 -0.699720
v 0.480613 2.565481 -0.679775
v 0.492897 2.317344 -0.585144
v 0.864227 2.404146 -0.674380
v 0.891350 2.316799 -0.561978
v 0.891802 2.411653 -0.557542
v 0.865039 2.318963 -0.673008
v 0.521049 2.402652 -0.593292
v 0.547823 2.315304 -0.480809
v 0.521639 2.317467 -0.591868
v 0.548622 2.410158 -0.476454
v -1.473831 2.393967 -0.121937
v -1.446903 2.306622 -0.009582
v -1.446257 2.401474 -0.005098
v -1.464961 2.567675 -0.081196
v -1.489164 2.504585 -0.184789
v -1.485430 2.556922 -0.215233
v -1.461506 2.620503 -0.111876
v -1.485430 2.556922 -0.215233
v -1.413405 2.657984 -0.146360
v -1.437487 2.593663 -0.249221
v -1.461506 2.620503 -0.111876
v -1.064108 2.569420 -0.175911
v -1.072978 2.395712 -0.216651
v -1.088310 2.506330 -0.279504
v -1.105707 2.558575 -0.304955
v -1.081364 2.622158 -0.201697
v -1.045404 2.403219 -0.099813
v -1.046050 2.308367 -0.104296
v -1.072291 2.310529 -0.215316
v -1.105707 2.558575 -0.304955
v -1.140121 2.659174 -0.210933
v -1.081364 2.622158 -0.201697
v -1.164093 2.594853 -0.313820
v -1.437487 2.593663 -0.249221
v -1.140121 2.659174 -0.210933
v -1.164093 2.594853 -0.313820
v -1.413405 2.657984 -0.146360
v -1.435857 2.564858 -0.086251
v -1.459025 2.541415 -0.211777
v -1.435203 2.604799 -0.108274
v -1.444993 2.394092 -0.128750
v -1.460066 2.501938 -0.189948
v -1.417420 2.401599 -0.011912
v -1.400851 2.630741 -0.132311
v -1.459025 2.541415 -0.211777
v -1.424917 2.566425 -0.235178
v -1.435203 2.604799 -0.108274
v -1.101815 2.395586 -0.209838
v -1.092372 2.566353 -0.167411
v -1.116617 2.503434 -0.271099
v -1.074240 2.403093 -0.093000
v -1.127643 2.542858 -0.290077
v -1.103143 2.606245 -0.186734
v -1.144833 2.631855 -0.192804
v -1.127643 2.542858 -0.290077
v -1.103143 2.606245 -0.186734
v -1.168823 2.567540 -0.295689
v -1.400851 2.630741 -0.132311
v -1.168823 2.567540 -0.295689
v -1.144833 2.631855 -0.192804
v -1.424917 2.566425 -0.235178
v -1.444993 2.394092 -0.128750
v -1.444403 2.308908 -0.127326
v -1.473831 2.393967 -0.121937
v -1.473145 2.308784 -0.120602
v -1.460066 2.501938 -0.189948
v -1.464961 2.567675 -0.081196
v -1.446257 2.401474 -0.005098
v -1.435857 2.564858 -0.086251
v -1.435203 2.604799 -0.108274
v -1.461506 2.620503 -0.111876
v -1.418220 2.306745 -0.016267
v -1.417420 2.401599 -0.011912
v -1.489164 2.504585 -0.184789
v -1.459025 2.541415 -0.211777
v -1.413405 2.657984 -0.146360
v -1.437487 2.593663 -0.249221
v -1.424917 2.566425 -0.235178
v -1.485430 2.556922 -0.215233
v -1.164093 2.594853 -0.313820
v -1.400851 2.630741 -0.132311
v -1.140121 2.659174 -0.210933
v -1.074693 2.308240 -0.097436
v -1.045404 2.403219 -0.099813
v -1.074240 2.403093 -0.093000
v -1.046050 2.308367 -0.104296
v -1.092372 2.566353 -0.167411
v -1.064108 2.569420 -0.175911
v -1.103143 2.606245 -0.186734
v -1.088310 2.506330 -0.279504
v -1.072978 2.395712 -0.216651
v -1.116617 2.503434 -0.271099
v -1.127643 2.542858 -0.290077
v -1.105707 2.558575 -0.304955
v -1.101004 2.310403 -0.208466
v -1.101815 2.395586 -0.209838
v -1.144833 2.631855 -0.192804
v -1.081364 2.622158 -0.201697
v -1.168823 2.567540 -0.295689
v -1.473145 2.308784 -0.120602
v -1.072291 2.310529 -0.215316
v -1.446903 2.306622 -0.009582
v -1.444993 2.394092 -0.128750
v -1.417420 2.401599 -0.011912
v -1.418220 2.306745 -0.016267
v -1.444403 2.308908 -0.127326
v -1.101815 2.395586 -0.209838
v -1.074693 2.308240 -0.097436
v -1.074240 2.403093 -0.093000
v -1.101004 2.310403 -0.208466
v 1.461386 1.109239 0.592848
v 1.480611 1.024283 0.713879
v 1.525001 1.025302 0.723473
v 1.365895 1.175646 0.478327
v 1.427970 1.093740 0.605789
v 1.508950 0.986276 0.771190
v 1.559248 0.979371 0.792732
v 1.081942 0.773344 -0.049334
v 1.352749 0.871566 -0.118102
v 1.220042 0.399072 -0.096399
v 1.466932 0.488620 -0.159095
v 1.234156 0.583243 0.278554
v 1.364964 0.194890 0.182660
v 1.311070 0.478733 0.432166
v 1.111238 0.951935 0.377439
v 1.081942 0.773344 -0.049334
v 1.220042 0.399072 -0.096399
v 1.285408 0.307539 0.030271
v 1.182903 0.858948 0.526837
v 1.581877 0.576956 0.363397
v 1.311070 0.478733 0.432166
v 1.611854 0.284438 0.119964
v 1.364964 0.194890 0.182660
v 1.466932 0.488620 -0.159095
v 1.504963 0.681466 0.209786
v 1.532298 0.397086 -0.032424
v 1.405962 1.058831 0.302597
v 1.477627 0.965845 0.451995
v 1.352749 0.871566 -0.118102
v 1.611854 0.284438 0.119964
v 1.386369 1.208220 0.438812
v 1.461386 1.109239 0.592848
v 1.581877 0.576956 0.363397
v 1.551900 0.869474 0.606831
v 1.141943 1.094418 0.535197
v 1.166662 1.002342 0.667691
v 1.204019 1.012512 0.662659
v 1.386369 1.208220 0.438812
v 1.091645 1.101323 0.513655
v 1.257177 0.762577 0.681673
v 1.166662 1.002342 0.667691
v 1.264524 0.872474 0.867575
v 1.230277 0.918405 0.798315
v 1.091645 1.101323 0.513655
v 1.111238 0.951935 0.377439
v 1.386369 1.208220 0.438812
v 1.405962 1.058831 0.302597
v 1.091645 1.101323 0.513655
v 1.081942 0.773344 -0.049334
v 1.291424 0.716645 0.750932
v 1.559248 0.979371 0.792732
v 1.264524 0.872474 0.867575
v 1.586147 0.823542 0.676090
v 1.291424 0.716645 0.750932
v 1.257177 0.762577 0.681673
v 1.586147 0.823542 0.676090
v 1.291424 0.716645 0.750932
v 1.551900 0.869474 0.606831
v 1.559248 0.979371 0.792732
v 1.586147 0.823542 0.676090
v 1.525001 1.025302 0.723473
v 1.256659 0.943056 0.770749
v 1.230277 0.918405 0.798315
v 1.284998 0.905048 0.828061
v 1.264524 0.872474 0.867575
v 1.278492 0.818952 0.679469
v 1.284998 0.905048 0.828061
v 1.306831 0.780945 0.736781
v 1.204019 1.012512 0.662659
v 1.256659 0.943056 0.770749
v 1.141943 1.094418 0.535197
v 1.225852 0.888409 0.571380
v 1.163776 0.970315 0.443917
v 1.163776 0.970315 0.443917
v 1.365895 1.175646 0.478327
v 1.141943 1.094418 0.535197
v 1.387728 1.051542 0.387047
v 1.278492 0.818952 0.679469
v 1.449803 0.969637 0.514509
v 1.225852 0.888409 0.571380
v 1.502444 0.900180 0.622599
v 1.387728 1.051542 0.387047
v 1.163776 0.970315 0.443917
v 1.306831 0.780945 0.736781
v 1.530783 0.862173 0.679910
v 1.449803 0.969637 0.514509
v 1.365895 1.175646 0.478327
v 1.387728 1.051542 0.387047
v 1.427970 1.093740 0.605789
v 1.502444 0.900180 0.622599
v 1.480611 1.024283 0.713879
v 1.530783 0.862173 0.679910
v 1.508950 0.986276 0.771190
v 1.530783 0.862173 0.679910
v 1.284998 0.905048 0.828061
v 1.508950 0.986276 0.771190
v 1.306831 0.780945 0.736781
v 1.470763 0.749935 0.337273
v 1.308864 0.625936 0.469358
v 1.269753 0.677028 0.388317
v 1.509873 0.698843 0.418314
v 1.329922 0.597968 0.512335
v 1.424642 0.810184 0.241708
v 1.530931 0.670874 0.461290
v 1.223632 0.737278 0.292752
v 1.201241 1.175751 0.830848
v 1.388480 1.209962 0.670307
v 1.187470 1.137056 0.721351
v 1.402251 1.248658 0.779804
v 1.402251 1.248658 0.779804
v 1.222299 1.147782 0.873825
v 1.423309 1.220689 0.822780
v 1.201241 1.175751 0.830848
v 1.187470 1.137056 0.721351
v 1.342359 1.270212 0.574742
v 1.141350 1.197305 0.625786
v 1.388480 1.209962 0.670307
v 1.470763 0.749935 0.337273
v 1.388480 1.209962 0.670307
v 1.509873 0.698843 0.418314
v 1.342359 1.270212 0.574742
v 1.423309 1.220689 0.822780
v 1.530931 0.670874 0.461290
v 1.402251 1.248658 0.779804
v 1.222299 1.147782 0.873825
v 1.329922 0.597968 0.512335
v 1.423309 1.220689 0.822780
v 1.530931 0.670874 0.461290
v 1.308864 0.625936 0.469358
v 1.222299 1.147782 0.873825
v 1.201241 1.175751 0.830848
v 1.187470 1.137056 0.721351
v 1.269753 0.677028 0.388317
v 1.141350 1.197305 0.625786
v 1.223632 0.737278 0.292752
v 1.223632 0.737278 0.292752
v 1.141350 1.197305 0.625786
v 1.424642 0.810184 0.241708
v 1.342359 1.270212 0.574742
v 1.329922 0.597968 0.512335
v 1.424642 0.810184 0.241708
v 1.466932 0.488620 -0.159095
v 1.285408 0.307539 0.030271
v 1.220042 0.399072 -0.096399
v 1.532298 0.397086 -0.032424
v 1.364964 0.194890 0.182660
v 1.611854 0.284438 0.119964
v 1.551900 0.869474 0.606831
v 1.257177 0.762577 0.681673
v 1.352749 0.871566 -0.118102
v 1.497619 0.268222 -0.175129
v 1.353624 0.268222 0.079404
v 1.566642 0.268222 -0.086509
v 1.284601 0.268222 -0.009216
v 1.436410 0.268222 0.185694
v 1.649429 0.268222 0.019781
v 1.376327 0.009106 0.064564
v 1.491492 0.009106 -0.139007
v 1.546695 0.009106 -0.068131
v 1.321123 0.009106 -0.006313
v 1.442538 0.009106 0.149573
v 1.612906 0.009106 0.016878
v 1.353624 0.268222 0.079404
v 1.442538 0.009106 0.149573
v 1.436410 0.268222 0.185694
v 1.321123 0.009106 -0.006313
v 1.376327 0.009106 0.064564
v 1.566642 0.268222 -0.086509
v 1.491492 0.009106 -0.139007
v 1.497619 0.268222 -0.175129
v 1.612906 0.009106 0.016878
v 1.546695 0.009106 -0.068131
v 1.649429 0.268222 0.019781
v 1.497619 0.268222 -0.175129
v 1.321123 0.009106 -0.006313
v 1.284601 0.268222 -0.009216
v 1.491492 0.009106 -0.139007
v 1.436410 0.268222 0.185694
v 1.612906 0.009106 0.016878
v 1.649429 0.268222 0.019781
v 1.442538 0.009106 0.149573
v 1.284601 0.268222 -0.009216
v 1.309060 1.654511 0.665746
v 1.386152 1.604063 0.897273
v 1.481053 1.379993 0.950947
v 1.386731 1.321500 0.495968
v 1.309261 1.556378 0.526372
v 1.303076 1.616679 0.588142
v 1.353264 1.647800 0.830233
v 1.421190 1.539381 0.942867
v 1.454149 1.461562 0.961508
v 1.326488 1.665324 0.749820
v 1.421769 1.256819 0.541561
v 1.498861 1.206370 0.773088
v 1.454657 1.213082 0.608603
v 1.498660 1.304504 0.912461
v 1.504846 1.244202 0.850693
v 1.353774 1.399315 0.477328
v 1.326866 1.480895 0.487887
v 1.481433 1.195558 0.689015
v 1.140270 1.256390 1.037485
v 0.968277 1.530908 0.752285
v 1.157877 1.180901 0.998999
v 1.012481 1.524197 0.916772
v 0.985705 1.541721 0.836358
v 1.045369 1.480460 0.983811
v 1.080407 1.415779 1.029405
v 1.045948 1.197898 0.582506
v 1.158078 1.082767 0.859627
v 1.164063 1.120600 0.937231
v 1.080986 1.133216 0.628100
v 0.968478 1.432775 0.612911
v 0.962293 1.493077 0.674681
v 1.012991 1.275712 0.563866
v 0.986083 1.357292 0.574425
v 1.113874 1.089479 0.695141
v 1.140650 1.071955 0.775553
v 1.113366 1.337959 1.048046
v 1.326488 1.665324 0.749820
v 1.012481 1.524197 0.916772
v 1.353264 1.647800 0.830233
v 0.985705 1.541721 0.836358
v 1.309060 1.654511 0.665746
v 0.968277 1.530908 0.752285
v 1.164063 1.120600 0.937231
v 1.498861 1.206370 0.773088
v 1.504846 1.244202 0.850693
v 1.158078 1.082767 0.859627
v 1.157877 1.180901 0.998999
v 1.481433 1.195558 0.689015
v 1.303076 1.616679 0.588142
v 0.962293 1.493077 0.674681
v 1.498660 1.304504 0.912461
v 1.140270 1.256390 1.037485
v 1.309261 1.556378 0.526372
v 0.968478 1.432775 0.612911
v 1.481053 1.379993 0.950947
v 1.386731 1.321500 0.495968
v 1.045948 1.197898 0.582506
v 1.353774 1.399315 0.477328
v 1.080986 1.133216 0.628100
v 1.012991 1.275712 0.563866
v 1.326866 1.480895 0.487887
v 1.326866 1.480895 0.487887
v 0.986083 1.357292 0.574425
v 1.113366 1.337959 1.048046
v 1.481053 1.379993 0.950947
v 1.454149 1.461562 0.961508
v 1.421190 1.539381 0.942867
v 1.080407 1.415779 1.029405
v 1.140270 1.256390 1.037485
v 1.421769 1.256819 0.541561
v 1.113874 1.089479 0.695141
v 1.386152 1.604063 0.897273
v 1.045369 1.480460 0.983811
v 1.454657 1.213082 0.608603
v 1.140650 1.071955 0.775553
v 0.986083 1.357292 0.574425
v 1.012481 1.524197 0.916772
v 1.481433 1.195558 0.689015
v 1.353264 1.647800 0.830233
v 1.140650 1.071955 0.775553
v 1.656662 0.153569 -0.075242
v 1.669128 0.206224 0.049055
v 1.667608 0.169619 -0.009213
v 1.522278 0.526438 -0.071868
v 1.661040 0.258964 0.092534
v 1.593848 0.445398 0.094220
v 1.557955 0.293784 -0.263676
v 1.509812 0.473783 -0.196165
v 1.511333 0.510388 -0.137896
v 1.566184 0.491858 0.051641
v 1.620986 0.386223 0.116567
v 1.644322 0.321474 0.115982
v 1.541326 0.520007 -0.006044
v 1.585093 0.234608 -0.241329
v 1.612757 0.188148 -0.198749
v 1.534621 0.358528 -0.263091
v 1.517899 0.421047 -0.239644
v 1.637614 0.160000 -0.141065
v 1.195923 0.408068 0.011007
v 1.294630 0.267853 0.199441
v 1.267492 0.327028 0.177095
v 1.239828 0.373489 0.134515
v 1.214971 0.401637 0.076830
v 1.342772 0.087854 0.131929
v 1.334684 0.140594 0.175409
v 1.258737 0.116238 -0.158455
v 1.330307 0.035199 0.007633
v 1.341252 0.051249 0.073661
v 1.231599 0.175414 -0.180801
v 1.183457 0.355413 -0.113291
v 1.184977 0.392018 -0.055022
v 1.208265 0.240158 -0.180217
v 1.191543 0.302678 -0.156769
v 1.286401 0.069778 -0.115874
v 1.311259 0.041630 -0.058191
v 1.317966 0.203104 0.198856
v 1.541326 0.520007 -0.006044
v 1.239828 0.373489 0.134515
v 1.566184 0.491858 0.051641
v 1.214971 0.401637 0.076830
v 1.593848 0.445398 0.094220
v 1.341252 0.051249 0.073661
v 1.656662 0.153569 -0.075242
v 1.667608 0.169619 -0.009213
v 1.330307 0.035199 0.007633
v 1.342772 0.087854 0.131929
v 1.637614 0.160000 -0.141065
v 1.522278 0.526438 -0.071868
v 1.214971 0.401637 0.076830
v 1.541326 0.520007 -0.006044
v 1.195923 0.408068 0.011007
v 1.511333 0.510388 -0.137896
v 1.184977 0.392018 -0.055022
v 1.669128 0.206224 0.049055
v 1.334684 0.140594 0.175409
v 1.509812 0.473783 -0.196165
v 1.183457 0.355413 -0.113291
v 1.661040 0.258964 0.092534
v 1.317966 0.203104 0.198856
v 1.557955 0.293784 -0.263676
v 1.231599 0.175414 -0.180801
v 1.534621 0.358528 -0.263091
v 1.258737 0.116238 -0.158455
v 1.208265 0.240158 -0.180217
v 1.517899 0.421047 -0.239644
v 1.517899 0.421047 -0.239644
v 1.191543 0.302678 -0.156769
v 1.644322 0.321474 0.115982
v 1.585093 0.234608 -0.241329
v 1.286401 0.069778 -0.115874
v 1.620986 0.386223 0.116567
v 1.317966 0.203104 0.198856
v 1.644322 0.321474 0.115982
v 1.294630 0.267853 0.199441
v 1.267492 0.327028 0.177095
v 1.612757 0.188148 -0.198749
v 1.311259 0.041630 -0.058191
v 1.191543 0.302678 -0.156769
v 1.637614 0.160000 -0.141065
v 1.311259 0.041630 -0.058191
v 1.933698 -0.009099 0.109310
v 1.859811 -0.009099 0.344986
v 1.656650 -0.009099 0.022452
v 2.276664 -0.009099 0.414416
v 1.582763 -0.009099 0.258129
v 1.859811 0.199720 0.344986
v 1.656650 0.199719 0.022452
v 1.582763 0.199719 0.258129
v 2.315578 0.093581 0.290292
v 1.933698 0.199719 0.109310
v 2.315578 -0.009099 0.290292
v 1.933698 0.199719 0.109310
v 1.656650 -0.009099 0.022452
v 1.656650 0.199719 0.022452
v 1.933698 -0.009099 0.109310
v 2.315578 0.093581 0.290292
v 2.315578 -0.009099 0.290292
v 1.859811 0.199720 0.344986
v 1.582763 -0.009099 0.258129
v 1.859811 -0.009099 0.344986
v 1.582763 0.199719 0.258129
v 1.656650 0.199719 0.022452
v 1.582763 -0.009099 0.258129
v 1.582763 0.199719 0.258129
v 1.656650 -0.009099 0.022452
v 2.315578 0.093581 0.290292
v 2.276664 -0.009099 0.414416
v 2.315578 -0.009099 0.290292
v 2.276663 0.093581 0.414417
v 2.276663 0.093581 0.414417
v 2.276664 -0.009099 0.414416
v 2.276663 0.093581 0.414417
v 1.424532 -0.005736 0.255869
v 1.703248 -0.005736 0.498895
v 1.466293 -0.005736 0.534420
v 1.661487 -0.005736 0.220344
v 1.707368 -0.005736 0.908835
v 1.582571 -0.005736 0.927546
v 1.703248 0.195871 0.498895
v 1.424531 0.195871 0.255869
v 1.466293 0.195871 0.534420
v 1.582571 0.092905 0.927545
v 1.707368 0.092905 0.908835
v 1.661487 0.195871 0.220343
v 1.703248 0.195871 0.498895
v 1.661487 -0.005736 0.220344
v 1.661487 0.195871 0.220343
v 1.703248 -0.005736 0.498895
v 1.707368 0.092905 0.908835
v 1.707368 -0.005736 0.908835
v 1.466293 0.195871 0.534420
v 1.424532 -0.005736 0.255869
v 1.466293 -0.005736 0.534420
v 1.424531 0.195871 0.255869
v 1.424531 0.195871 0.255869
v 1.661487 -0.005736 0.220344
v 1.424532 -0.005736 0.255869
v 1.661487 0.195871 0.220343
v 1.582571 0.092905 0.927545
v 1.707368 -0.005736 0.908835
v 1.707368 0.092905 0.908835
v 1.582571 -0.005736 0.927546
v 1.582571 0.092905 0.927545
v 1.582571 -0.005736 0.927546
v 1.702746 0.118296 0.136384
v 1.673194 0.309219 0.174734
v 1.746584 0.283658 0.192669
v 1.629356 0.143856 0.118449
v 1.791583 0.252064 0.250444
v 1.747745 0.086701 0.194159
v 1.702746 0.118296 0.136384
v 1.746584 0.283658 0.192669
v 1.791004 0.226503 0.325991
v 1.747745 0.086701 0.194159
v 1.791583 0.252064 0.250444
v 1.747165 0.061140 0.269707
v 1.747165 0.061140 0.269707
v 1.791004 0.226503 0.325991
v 1.745066 0.216739 0.390455
v 1.701227 0.051377 0.334170
v 1.745066 0.216739 0.390455
v 1.627479 0.061140 0.362926
v 1.701227 0.051377 0.334170
v 1.671317 0.226503 0.419211
v 1.671317 0.226503 0.419211
v 1.554089 0.086701 0.344992
v 1.627479 0.061140 0.362926
v 1.597927 0.252063 0.401277
v 1.554089 0.086701 0.344992
v 1.597927 0.252063 0.401277
v 1.552928 0.283658 0.343502
v 1.509089 0.118296 0.287217
v 1.509089 0.118296 0.287217
v 1.552928 0.283658 0.343502
v 1.553508 0.309219 0.267954
v 1.509669 0.143856 0.211669
v 1.671317 0.226503 0.419211
v 1.553508 0.309219 0.267954
v 1.552928 0.283658 0.343502
v 1.597927 0.252063 0.401277
v 1.745066 0.216739 0.390455
v 1.599445 0.318982 0.203490
v 1.673194 0.309219 0.174734
v 1.791004 0.226503 0.325991
v 1.791583 0.252064 0.250444
v 1.746584 0.283658 0.192669
v 1.553508 0.309219 0.267954
v 1.555607 0.153619 0.147206
v 1.509669 0.143856 0.211669
v 1.599445 0.318982 0.203490
v 1.627479 0.061140 0.362926
v 1.555607 0.153619 0.147206
v 1.701227 0.051377 0.334170
v 1.509669 0.143856 0.211669
v 1.747165 0.061140 0.269707
v 1.702746 0.118296 0.136384
v 1.629356 0.143856 0.118449
v 1.747745 0.086701 0.194159
v 1.509089 0.118296 0.287217
v 1.554089 0.086701 0.344992
v 1.555607 0.153619 0.147206
v 1.599445 0.318982 0.203490
v 1.673194 0.309219 0.174734
v 1.629356 0.143856 0.118449
v 1.828691 0.311307 0.113678
v 1.777501 0.199611 0.047955
v 1.769810 0.299273 0.038080
v 1.910705 0.420540 0.218977
v 1.880383 0.220638 0.180046
v 1.717614 0.192095 0.018743
v 1.962397 0.329871 0.285345
v 1.709923 0.291757 0.008869
v 1.928714 0.459699 0.262041
v 1.980854 0.369420 0.328590
v 1.928714 0.459699 0.262041
v 1.951418 0.399275 0.391649
v 1.980854 0.369420 0.328590
v 1.899133 0.488961 0.324416
v 1.397132 0.288927 0.223922
v 1.380766 0.192095 0.281103
v 1.373075 0.291757 0.271228
v 1.665857 0.189265 0.030485
v 1.404823 0.189265 0.233796
v 1.658166 0.288927 0.020611
v 1.717614 0.192095 0.018743
v 1.709923 0.291757 0.008869
v 1.445615 0.311307 0.412043
v 1.386734 0.299273 0.336445
v 1.394425 0.199611 0.346320
v 1.380766 0.192095 0.281103
v 1.497307 0.220639 0.478411
v 1.579321 0.329871 0.583710
v 1.527629 0.420540 0.517342
v 1.373075 0.291757 0.271228
v 1.564974 0.459699 0.545346
v 1.616731 0.369420 0.612194
v 1.564974 0.459699 0.545346
v 1.685078 0.399275 0.599092
v 1.632693 0.488961 0.531938
v 1.616731 0.369420 0.612194
v 1.632693 0.488961 0.531938
v 1.951418 0.399275 0.391649
v 1.899133 0.488961 0.324416
v 1.685078 0.399275 0.599092
v 1.802302 0.311307 0.134231
v 1.748664 0.300207 0.063979
v 1.756355 0.200545 0.073854
v 1.713548 0.195057 0.051810
v 1.853995 0.220638 0.200599
v 1.882993 0.418322 0.237575
v 1.934611 0.327517 0.303816
v 1.705857 0.294719 0.041936
v 1.898442 0.447180 0.268800
v 1.950599 0.356745 0.335125
v 1.898442 0.447180 0.268800
v 1.929280 0.377330 0.379522
v 1.876983 0.467019 0.312304
v 1.950599 0.356745 0.335125
v 1.430500 0.193331 0.254841
v 1.679975 0.193331 0.060534
v 1.422809 0.292993 0.244967
v 1.413822 0.195057 0.285257
v 1.672284 0.292993 0.050659
v 1.713548 0.195057 0.051810
v 1.705857 0.294719 0.041936
v 1.472004 0.311307 0.391490
v 1.424714 0.200545 0.332159
v 1.417023 0.300207 0.322284
v 1.552446 0.418322 0.495026
v 1.523695 0.220639 0.457859
v 1.413822 0.195057 0.285257
v 1.604033 0.327517 0.561293
v 1.406131 0.294719 0.275383
v 1.578938 0.447180 0.517651
v 1.630474 0.356745 0.584459
v 1.578938 0.447180 0.517651
v 1.678740 0.377330 0.574660
v 1.630474 0.356745 0.584459
v 1.626373 0.467019 0.507496
v 1.406131 0.294719 0.275383
v 1.626373 0.467019 0.507496
v 1.929280 0.377330 0.379522
v 1.678740 0.377330 0.574660
v 1.876983 0.467019 0.312304
v 1.880383 0.220638 0.180046
v 1.756355 0.200545 0.073854
v 1.777501 0.199611 0.047955
v 1.853995 0.220638 0.200599
v 1.713548 0.195057 0.051810
v 1.717614 0.192095 0.018743
v 1.748664 0.300207 0.063979
v 1.828691 0.311307 0.113678
v 1.769810 0.299273 0.038080
v 1.802302 0.311307 0.134231
v 1.709923 0.291757 0.008869
v 1.705857 0.294719 0.041936
v 1.934611 0.327517 0.303816
v 1.880383 0.220638 0.180046
v 1.962397 0.329871 0.285345
v 1.853995 0.220638 0.200599
v 1.950599 0.356745 0.335125
v 1.828691 0.311307 0.113678
v 1.882993 0.418322 0.237575
v 1.910705 0.420540 0.218977
v 1.802302 0.311307 0.134231
v 1.898442 0.447180 0.268800
v 1.928714 0.459699 0.262041
v 1.980854 0.369420 0.328590
v 1.951418 0.399275 0.391649
v 1.929280 0.377330 0.379522
v 1.876983 0.467019 0.312304
v 1.899133 0.488961 0.324416
v 1.626373 0.467019 0.507496
v 1.632693 0.488961 0.531938
v 1.685078 0.399275 0.599092
v 1.678740 0.377330 0.574660
v 1.658166 0.288927 0.020611
v 1.672284 0.292993 0.050659
v 1.397132 0.288927 0.223922
v 1.422809 0.292993 0.244967
v 1.679975 0.193331 0.060534
v 1.404823 0.189265 0.233796
v 1.665857 0.189265 0.030485
v 1.430500 0.193331 0.254841
v 1.424714 0.200545 0.332159
v 1.523695 0.220639 0.457859
v 1.497307 0.220639 0.478411
v 1.394425 0.199611 0.346320
v 1.380766 0.192095 0.281103
v 1.413822 0.195057 0.285257
v 1.417023 0.300207 0.322284
v 1.445615 0.311307 0.412043
v 1.472004 0.311307 0.391490
v 1.386734 0.299273 0.336445
v 1.406131 0.294719 0.275383
v 1.373075 0.291757 0.271228
v 1.604033 0.327517 0.561293
v 1.497307 0.220639 0.478411
v 1.523695 0.220639 0.457859
v 1.579321 0.329871 0.583710
v 1.630474 0.356745 0.584459
v 1.616731 0.369420 0.612194
v 1.552446 0.418322 0.495026
v 1.472004 0.311307 0.391490
v 1.445615 0.311307 0.412043
v 1.527629 0.420540 0.517342
v 1.578938 0.447180 0.517651
v 1.564974 0.459699 0.545346
v 1.092270 1.069594 0.973043
v 1.593054 1.211568 0.757886
v 1.599708 1.253643 0.844185
v 1.085616 1.027519 0.886744
v 1.085393 1.136648 1.041735
v 1.592830 1.320697 0.912876
v 1.065813 1.220595 1.084533
v 1.573251 1.404644 0.955674
v 1.035893 1.311309 1.096275
v 1.573251 1.404644 0.955674
v 1.543331 1.495358 0.967417
v 1.065813 1.220595 1.084533
v 0.999241 1.397848 1.075546
v 1.506679 1.581897 0.946688
v 1.467716 1.653824 0.895987
v 0.960278 1.469775 1.024846
v 1.431142 1.702464 0.821431
v 0.923704 1.518415 0.950290
v 1.064336 1.121162 0.936695
v 1.565530 1.269250 0.731887
v 1.058093 1.085201 0.860745
v 1.571774 1.305211 0.807836
v 1.059171 1.171520 0.988281
v 1.566609 1.355569 0.859423
v 1.044467 1.234564 1.020423
v 1.551905 1.418613 0.891565
v 1.021996 1.302692 1.029242
v 1.551905 1.418613 0.891565
v 1.044467 1.234564 1.020423
v 1.501908 1.551734 0.884816
v 1.529434 1.486740 0.900384
v 0.994470 1.367685 1.013674
v 1.472646 1.605751 0.846739
v 0.965208 1.421702 0.975598
v 1.440772 1.647498 0.780848
v 0.933334 1.463449 0.909707
v 1.058093 1.085201 0.860745
v 1.565530 1.269250 0.731887
v 1.593054 1.211568 0.757886
v 1.085616 1.027519 0.886744
v 1.064336 1.121162 0.936695
v 1.085393 1.136648 1.041735
v 1.059171 1.171520 0.988281
v 1.058093 1.085201 0.860745
v 1.085616 1.027519 0.886744
v 1.092270 1.069594 0.973043
v 1.571774 1.305211 0.807836
v 1.593054 1.211568 0.757886
v 1.565530 1.269250 0.731887
v 1.592830 1.320697 0.912876
v 1.599708 1.253643 0.844185
v 1.044467 1.234564 1.020423
v 1.566609 1.355569 0.859423
v 1.551905 1.418613 0.891565
v 1.573251 1.404644 0.955674
v 1.065813 1.220595 1.084533
v 1.021996 1.302692 1.029242
v 1.529434 1.486740 0.900384
v 1.543331 1.495358 0.967417
v 1.035893 1.311309 1.096275
v 0.999241 1.397848 1.075546
v 0.994470 1.367685 1.013674
v 0.960278 1.469775 1.024846
v 0.965208 1.421702 0.975598
v 1.501908 1.551734 0.884816
v 1.506679 1.581897 0.946688
v 1.472646 1.605751 0.846739
v 1.467716 1.653824 0.895987
v 0.923704 1.518415 0.950290
v 0.933334 1.463449 0.909707
v 1.431142 1.702464 0.821431
v 1.440772 1.647498 0.780848
v 1.440772 1.647498 0.780848
v 0.933334 1.463449 0.909707
v 0.923704 1.518415 0.950290
v 1.431142 1.702464 0.821431
v -1.378494 0.698655 1.022799
v -1.332811 0.567565 1.077241
v -1.340639 0.691936 1.016009
v -1.369035 0.548356 1.096797
v -1.328851 0.500504 1.109169
v -1.322465 0.514284 0.022542
v -1.528801 0.863999 0.299052
v -1.241139 0.848290 0.230370
v -1.584721 0.528606 0.085158
v -1.214082 0.490520 0.425527
v -1.322465 0.514284 0.022542
v -1.241139 0.848290 0.230370
v -1.124546 0.791152 0.675375
v -1.113242 0.622106 0.761385
v -1.306254 0.169646 0.169267
v -1.314921 0.358934 0.089668
v -1.203890 0.308277 0.509896
v -1.101527 0.446908 0.850526
v -1.491552 0.323986 0.578578
v -1.568510 0.183968 0.231883
v -1.203890 0.308277 0.509896
v -1.306254 0.169646 0.169267
v -1.577177 0.373256 0.152284
v -1.501743 0.506229 0.494209
v -1.584721 0.528606 0.085158
v -1.437613 0.808249 0.750123
v -1.528801 0.863999 0.299052
v -1.568510 0.183968 0.231883
v -1.491552 0.323986 0.578578
v -1.426309 0.639203 0.836133
v -1.389649 0.875893 0.935539
v -1.414594 0.464004 0.925273
v -1.378494 0.698655 1.022799
v -1.369035 0.548356 1.096797
v -1.111979 0.825606 0.887004
v -1.389649 0.875893 0.935539
v -1.349869 0.838597 0.943802
v -1.065427 0.681559 0.948052
v -1.076582 0.858796 0.860791
v -1.065427 0.681559 0.948052
v -1.051181 0.450218 1.060633
v -1.096740 0.365865 0.889109
v -1.055968 0.531260 1.022050
v -1.076582 0.858796 0.860791
v -1.124546 0.791152 0.675375
v -1.389649 0.875893 0.935539
v -1.076582 0.858796 0.860791
v -1.437613 0.808249 0.750123
v -1.364248 0.467314 1.135381
v -1.096740 0.365865 0.889109
v -1.051181 0.450218 1.060633
v -1.409807 0.382962 0.963857
v -1.096740 0.365865 0.889109
v -1.409807 0.382962 0.963857
v -1.101527 0.446908 0.850526
v -1.414594 0.464004 0.925273
v -1.364248 0.467314 1.135381
v -1.409807 0.382962 0.963857
v -1.094921 0.554574 1.020442
v -1.090961 0.487513 1.052370
v -1.055968 0.531260 1.022050
v -1.102749 0.678945 0.959210
v -1.090961 0.487513 1.052370
v -1.130921 0.486520 0.885228
v -1.126961 0.419458 0.917156
v -1.102749 0.678945 0.959210
v -1.138749 0.610890 0.823996
v -1.094921 0.554574 1.020442
v -1.111979 0.825606 0.887004
v -1.147979 0.757551 0.751790
v -1.385869 0.770542 0.808588
v -1.147979 0.757551 0.751790
v -1.349869 0.838597 0.943802
v -1.111979 0.825606 0.887004
v -1.051181 0.450218 1.060633
v -1.364248 0.467314 1.135381
v -1.376639 0.623881 0.880795
v -1.130921 0.486520 0.885228
v -1.138749 0.610890 0.823996
v -1.368811 0.499511 0.942027
v -1.126961 0.419458 0.917156
v -1.385869 0.770542 0.808588
v -1.364851 0.432449 0.973954
v -1.147979 0.757551 0.751790
v -1.376639 0.623881 0.880795
v -1.349869 0.838597 0.943802
v -1.340639 0.691936 1.016009
v -1.385869 0.770542 0.808588
v -1.368811 0.499511 0.942027
v -1.332811 0.567565 1.077241
v -1.328851 0.500504 1.109169
v -1.364851 0.432449 0.973954
v -1.364851 0.432449 0.973954
v -1.090961 0.487513 1.052370
v -1.126961 0.419458 0.917156
v -1.328851 0.500504 1.109169
v -1.211231 0.412760 0.619834
v -1.430777 0.516736 0.624455
v -1.217257 0.505075 0.573475
v -1.424750 0.424420 0.670814
v -1.437884 0.625597 0.569788
v -1.224365 0.613937 0.518808
v -1.208175 0.362976 0.644018
v -1.421695 0.374636 0.694998
v -1.298268 0.771887 1.121091
v -1.059281 0.737521 1.181969
v -1.084748 0.760227 1.070111
v -1.272801 0.749181 1.232949
v -1.269745 0.699397 1.257134
v -1.056225 0.687737 1.206154
v -1.272801 0.749181 1.232949
v -1.059281 0.737521 1.181969
v -1.305375 0.880748 1.066424
v -1.084748 0.760227 1.070111
v -1.091855 0.869088 1.015444
v -1.298268 0.771887 1.121091
v -1.298268 0.771887 1.121091
v -1.430777 0.516736 0.624455
v -1.424750 0.424420 0.670814
v -1.305375 0.880748 1.066424
v -1.272801 0.749181 1.232949
v -1.269745 0.699397 1.257134
v -1.421695 0.374636 0.694998
v -1.269745 0.699397 1.257134
v -1.208175 0.362976 0.644018
v -1.056225 0.687737 1.206154
v -1.421695 0.374636 0.694998
v -1.211231 0.412760 0.619834
v -1.059281 0.737521 1.181969
v -1.056225 0.687737 1.206154
v -1.084748 0.760227 1.070111
v -1.217257 0.505075 0.573475
v -1.091855 0.869088 1.015444
v -1.091855 0.869088 1.015444
v -1.224365 0.613937 0.518808
v -1.437884 0.625597 0.569788
v -1.305375 0.880748 1.066424
v -1.224365 0.613937 0.518808
v -1.208175 0.362976 0.644018
v -1.437884 0.625597 0.569788
v -1.584721 0.528606 0.085158
v -1.314921 0.358934 0.089668
v -1.577177 0.373256 0.152284
v -1.322465 0.514284 0.022542
v -1.306254 0.169646 0.169267
v -1.568510 0.183968 0.231883
v -1.414594 0.464004 0.925273
v -1.101527 0.446908 0.850526
v -1.241139 0.848290 0.230370
v -1.528801 0.863999 0.299052
v -1.566763 0.258240 -0.156710
v -1.323353 0.258240 0.005379
v -1.301781 0.258240 -0.104858
v -1.588334 0.258240 -0.046472
v -1.349226 0.258240 0.137598
v -1.614208 0.258240 0.085746
v -1.544986 -0.000876 -0.127247
v -1.350310 -0.000876 0.002389
v -1.562238 -0.000876 -0.039081
v -1.333058 -0.000876 -0.085777
v -1.371003 -0.000876 0.108135
v -1.582931 -0.000876 0.066665
v -1.323353 0.258240 0.005379
v -1.371003 -0.000876 0.108135
v -1.350310 -0.000876 0.002389
v -1.333058 -0.000876 -0.085777
v -1.349226 0.258240 0.137598
v -1.588334 0.258240 -0.046472
v -1.544986 -0.000876 -0.127247
v -1.562238 -0.000876 -0.039081
v -1.582931 -0.000876 0.066665
v -1.566763 0.258240 -0.156710
v -1.614208 0.258240 0.085746
v -1.566763 0.258240 -0.156710
v -1.333058 -0.000876 -0.085777
v -1.544986 -0.000876 -0.127247
v -1.301781 0.258240 -0.104858
v -1.349226 0.258240 0.137598
v -1.582931 -0.000876 0.066665
v -1.371003 -0.000876 0.108135
v -1.614208 0.258240 0.085746
v -1.301781 0.258240 -0.104858
v -1.296246 0.751438 1.461409
v -1.302226 1.166018 1.341540
v -1.315150 0.700806 1.393815
v -1.274396 1.070501 1.479948
v -1.285711 1.130685 1.418792
v -1.269647 0.992739 1.517625
v -1.388006 0.856694 1.053017
v -1.355426 0.683416 1.229102
v -1.335703 0.677179 1.313136
v -1.385617 0.942665 1.043356
v -1.342503 1.148628 1.176826
v -1.321949 1.172254 1.257507
v -1.376380 1.026464 1.062878
v -1.361405 1.098001 1.109235
v -1.383256 0.778932 1.090695
v -1.371941 0.718748 1.151850
v -1.272035 0.906768 1.527286
v -1.281273 0.822964 1.507762
v -0.940234 1.146249 1.255111
v -0.910042 0.887000 1.440856
v -0.934254 0.731669 1.374979
v -0.980510 1.128859 1.090396
v -0.959957 1.152485 1.171077
v -1.023625 0.922897 0.956927
v -0.907654 0.972971 1.431196
v -0.919280 0.803196 1.421333
v -0.912403 1.050733 1.393519
v -0.923718 1.110917 1.332362
v -1.026013 0.836926 0.966588
v -0.993433 0.663648 1.142673
v -1.021263 0.759164 1.004266
v -0.953157 0.681038 1.307385
v -0.973710 0.657411 1.226706
v -1.014387 1.006696 0.976449
v -0.999413 1.078233 1.022806
v -1.009948 0.698980 1.065421
v -1.285711 1.130685 1.418792
v -0.912403 1.050733 1.393519
v -0.923718 1.110917 1.332362
v -1.274396 1.070501 1.479948
v -1.302226 1.166018 1.341540
v -0.973710 0.657411 1.226706
v -1.335703 0.677179 1.313136
v -1.355426 0.683416 1.229102
v -0.993433 0.663648 1.142673
v -1.371941 0.718748 1.151850
v -1.009948 0.698980 1.065421
v -0.940234 1.146249 1.255111
v -1.321949 1.172254 1.257507
v -0.953157 0.681038 1.307385
v -1.315150 0.700806 1.393815
v -0.959957 1.152485 1.171077
v -1.342503 1.148628 1.176826
v -0.934254 0.731669 1.374979
v -1.296246 0.751438 1.461409
v -1.023625 0.922897 0.956927
v -1.376380 1.026464 1.062878
v -1.014387 1.006696 0.976449
v -1.385617 0.942665 1.043356
v -1.026013 0.836926 0.966588
v -1.388006 0.856694 1.053017
v -0.980510 1.128859 1.090396
v -1.361405 1.098001 1.109235
v -0.919280 0.803196 1.421333
v -1.296246 0.751438 1.461409
v -0.934254 0.731669 1.374979
v -1.272035 0.906768 1.527286
v -1.281273 0.822964 1.507762
v -1.021263 0.759164 1.004266
v -1.383256 0.778932 1.090695
v -0.999413 1.078233 1.022806
v -0.910042 0.887000 1.440856
v -1.269647 0.992739 1.517625
v -1.361405 1.098001 1.109235
v -0.999413 1.078233 1.022806
v -0.907654 0.972971 1.431196
v -1.009948 0.698980 1.065421
v -1.371941 0.718748 1.151850
v -0.912403 1.050733 1.393519
v -1.274396 1.070501 1.479948
v -1.605510 0.500543 0.189476
v -1.589352 0.333765 0.295300
v -1.589364 0.400846 0.279905
v -1.594976 0.458772 0.243152
v -1.619629 0.158114 0.208665
v -1.635751 0.131735 0.147171
v -1.682223 0.316020 -0.089619
v -1.666065 0.149242 0.016204
v -1.651879 0.128651 0.080329
v -1.676635 0.384176 -0.081801
v -1.635824 0.518051 0.058509
v -1.619696 0.521134 0.125351
v -1.666121 0.445176 -0.051716
v -1.651946 0.491676 -0.002982
v -1.682211 0.248939 -0.074224
v -1.676599 0.191013 -0.037472
v -1.594940 0.265609 0.287482
v -1.605455 0.204605 0.257394
v -1.319397 0.130311 -0.066566
v -1.289084 0.112803 0.064400
v -1.305212 0.109720 -0.002441
v -1.258843 0.481612 0.106706
v -1.272961 0.139183 0.125895
v -1.248273 0.246678 0.204711
v -1.289156 0.499120 -0.024261
v -1.273029 0.502203 0.042581
v -1.329967 0.365245 -0.164571
v -1.242684 0.314834 0.212529
v -1.258788 0.185674 0.174624
v -1.242697 0.381915 0.197135
v -1.248308 0.439841 0.160382
v -1.335556 0.297089 -0.172389
v -1.335544 0.230007 -0.156994
v -1.319453 0.426245 -0.134486
v -1.305278 0.472744 -0.085753
v -1.329932 0.172082 -0.120242
v -1.594976 0.458772 0.243152
v -1.242697 0.381915 0.197135
v -1.248308 0.439841 0.160382
v -1.589364 0.400846 0.279905
v -1.589352 0.333765 0.295300
v -1.242684 0.314834 0.212529
v -1.305212 0.109720 -0.002441
v -1.666065 0.149242 0.016204
v -1.319397 0.130311 -0.066566
v -1.651879 0.128651 0.080329
v -1.676599 0.191013 -0.037472
v -1.329932 0.172082 -0.120242
v -1.605510 0.500543 0.189476
v -1.248308 0.439841 0.160382
v -1.258843 0.481612 0.106706
v -1.594976 0.458772 0.243152
v -1.619696 0.521134 0.125351
v -1.289084 0.112803 0.064400
v -1.635751 0.131735 0.147171
v -1.273029 0.502203 0.042581
v -1.635824 0.518051 0.058509
v -1.272961 0.139183 0.125895
v -1.619629 0.158114 0.208665
v -1.666121 0.445176 -0.051716
v -1.319453 0.426245 -0.134486
v -1.329967 0.365245 -0.164571
v -1.676635 0.384176 -0.081801
v -1.335556 0.297089 -0.172389
v -1.682223 0.316020 -0.089619
v -1.289156 0.499120 -0.024261
v -1.651946 0.491676 -0.002982
v -1.258788 0.185674 0.174624
v -1.605455 0.204605 0.257394
v -1.335544 0.230007 -0.156994
v -1.682211 0.248939 -0.074224
v -1.305278 0.472744 -0.085753
v -1.594940 0.265609 0.287482
v -1.258788 0.185674 0.174624
v -1.248273 0.246678 0.204711
v -1.605455 0.204605 0.257394
v -1.651946 0.491676 -0.002982
v -1.305278 0.472744 -0.085753
v -1.329932 0.172082 -0.120242
v -1.676599 0.191013 -0.037472
v -1.827423 -0.019081 0.293986
v -1.619445 -0.019081 0.091391
v -1.655081 -0.019081 0.470907
v -1.447103 -0.019081 0.268311
v -1.995669 -0.019081 0.721079
v -1.655081 0.189737 0.470907
v -1.447103 0.189737 0.268311
v -1.619445 0.189737 0.091391
v -1.827423 0.189737 0.293986
v -2.086437 0.083599 0.627899
v -2.086437 -0.019081 0.627899
v -1.827423 0.189737 0.293986
v -1.619445 -0.019081 0.091391
v -1.827423 -0.019081 0.293986
v -1.619445 0.189737 0.091391
v -2.086437 0.083599 0.627899
v -1.655081 0.189737 0.470907
v -1.447103 -0.019081 0.268311
v -1.447103 0.189737 0.268311
v -1.655081 -0.019081 0.470907
v -1.995669 0.083599 0.721079
v -1.995669 -0.019081 0.721079
v -1.619445 0.189737 0.091391
v -1.447103 0.189737 0.268311
v -1.447103 -0.019081 0.268311
v -1.619445 -0.019081 0.091391
v -2.086437 0.083599 0.627899
v -1.995669 -0.019081 0.721079
v -1.995669 0.083599 0.721079
v -2.086437 -0.019081 0.627899
v -2.086437 -0.019081 0.627899
v -1.995669 0.083599 0.721079
v -1.306940 -0.015718 0.194848
v -1.445892 -0.015718 0.537539
v -1.534405 -0.015718 0.270144
v -1.218427 -0.015718 0.462243
v -1.264467 -0.015718 0.905171
v -1.445892 0.185889 0.537539
v -1.306940 0.185889 0.194848
v -1.534406 0.185889 0.270143
v -1.144667 0.082923 0.865514
v -1.218427 0.185889 0.462243
v -1.144667 -0.015718 0.865515
v -1.445892 0.185889 0.537539
v -1.534405 -0.015718 0.270144
v -1.445892 -0.015718 0.537539
v -1.534406 0.185889 0.270143
v -1.264467 0.082923 0.905171
v -1.218427 0.185889 0.462243
v -1.306940 -0.015718 0.194848
v -1.306940 0.185889 0.194848
v -1.218427 -0.015718 0.462243
v -1.144667 0.082923 0.865514
v -1.144667 -0.015718 0.865515
v -1.306940 0.185889 0.194848
v -1.534405 -0.015718 0.270144
v -1.534406 0.185889 0.270143
v -1.306940 -0.015718 0.194848
v -1.144667 0.082923 0.865514
v -1.264467 -0.015718 0.905171
v -1.144667 -0.015718 0.865515
v -1.264467 0.082923 0.905171
v -1.264467 -0.015718 0.905171
v -1.264467 0.082923 0.905171
v -1.565446 0.299237 0.234734
v -1.609130 0.108314 0.213860
v -1.622830 0.273676 0.283875
v -1.551745 0.133874 0.164719
v -1.622830 0.273676 0.283875
v -1.609130 0.108314 0.213860
v -1.636894 0.242082 0.355743
v -1.623193 0.076719 0.285729
v -1.636894 0.242082 0.355743
v -1.623193 0.076719 0.285729
v -1.602264 0.216521 0.422890
v -1.588563 0.051158 0.352875
v -1.602264 0.216521 0.422890
v -1.588563 0.051158 0.352875
v -1.532168 0.206757 0.459665
v -1.518468 0.041395 0.389650
v -1.532168 0.206757 0.459665
v -1.439681 0.051158 0.382008
v -1.453382 0.216521 0.452023
v -1.518468 0.041395 0.389650
v -1.453382 0.216521 0.452023
v -1.382296 0.076719 0.332868
v -1.395997 0.242081 0.402883
v -1.439681 0.051158 0.382008
v -1.382296 0.076719 0.332868
v -1.381933 0.273676 0.331014
v -1.395997 0.242081 0.402883
v -1.368233 0.108314 0.260999
v -1.368233 0.108314 0.260999
v -1.416563 0.299237 0.263868
v -1.381933 0.273676 0.331014
v -1.402863 0.133874 0.193853
v -1.416563 0.299237 0.263868
v -1.453382 0.216521 0.452023
v -1.381933 0.273676 0.331014
v -1.532168 0.206757 0.459665
v -1.486658 0.309000 0.227092
v -1.565446 0.299237 0.234734
v -1.602264 0.216521 0.422890
v -1.395997 0.242081 0.402883
v -1.636894 0.242082 0.355743
v -1.622830 0.273676 0.283875
v -1.416563 0.299237 0.263868
v -1.472958 0.143637 0.157078
v -1.486658 0.309000 0.227092
v -1.402863 0.133874 0.193853
v -1.439681 0.051158 0.382008
v -1.368233 0.108314 0.260999
v -1.382296 0.076719 0.332868
v -1.472958 0.143637 0.157078
v -1.402863 0.133874 0.193853
v -1.588563 0.051158 0.352875
v -1.551745 0.133874 0.164719
v -1.518468 0.041395 0.389650
v -1.609130 0.108314 0.213860
v -1.623193 0.076719 0.285729
v -1.486658 0.309000 0.227092
v -1.472958 0.143637 0.157078
v -1.565446 0.299237 0.234734
v -1.551745 0.133874 0.164719
v -1.731757 0.301325 0.250469
v -1.713356 0.289291 0.156430
v -1.715759 0.189629 0.168713
v -1.675514 0.182113 0.115608
v -1.747912 0.210656 0.333027
v -1.773543 0.319889 0.464012
v -1.757389 0.410558 0.381455
v -1.673111 0.281775 0.103325
v -1.754012 0.449717 0.428010
v -1.770486 0.359438 0.510932
v -1.754012 0.449717 0.428010
v -1.715747 0.389293 0.553905
v -1.699454 0.478979 0.470308
v -1.770486 0.359438 0.510932
v -1.299322 0.179283 0.166254
v -1.624032 0.179283 0.102715
v -1.296918 0.278945 0.153971
v -1.256496 0.182113 0.197602
v -1.621628 0.278945 0.090432
v -1.675514 0.182113 0.115608
v -1.673111 0.281775 0.103325
v -1.255234 0.301325 0.343715
v -1.239236 0.189629 0.261959
v -1.236833 0.289291 0.249676
v -1.280866 0.410558 0.474701
v -1.271389 0.210656 0.426273
v -1.256496 0.182113 0.197602
v -1.297021 0.319889 0.557259
v -1.254093 0.281775 0.185319
v -1.301542 0.449717 0.516550
v -1.317539 0.359438 0.599565
v -1.301542 0.449717 0.516550
v -1.384437 0.389293 0.618736
v -1.317539 0.359438 0.599565
v -1.368019 0.478979 0.535163
v -1.254093 0.281775 0.185319
v -1.368019 0.478979 0.535163
v -1.715747 0.389293 0.553905
v -1.384437 0.389293 0.618736
v -1.699454 0.478979 0.470308
v -1.698931 0.301325 0.256892
v -1.685197 0.190563 0.182274
v -1.682794 0.290225 0.169990
v -1.724265 0.408340 0.385535
v -1.715087 0.210656 0.339450
v -1.656956 0.185075 0.143276
v -1.740412 0.317535 0.467947
v -1.654552 0.284737 0.130993
v -1.723950 0.437198 0.420372
v -1.740540 0.346763 0.503102
v -1.723950 0.437198 0.420372
v -1.701471 0.367348 0.533089
v -1.740540 0.346763 0.503102
v -1.685159 0.457037 0.449500
v -1.623061 0.183349 0.135901
v -1.310326 0.283011 0.184343
v -1.620657 0.283011 0.123617
v -1.312730 0.183349 0.196626
v -1.284115 0.185075 0.216234
v -1.281711 0.284737 0.203951
v -1.656956 0.185075 0.143276
v -1.654552 0.284737 0.130993
v -1.288060 0.301325 0.337292
v -1.270252 0.290225 0.250717
v -1.272655 0.190563 0.263000
v -1.284115 0.185075 0.216234
v -1.304214 0.210656 0.419850
v -1.329192 0.317535 0.548414
v -1.313085 0.408340 0.465995
v -1.281711 0.284737 0.203951
v -1.326507 0.437198 0.498144
v -1.342324 0.346763 0.581024
v -1.326507 0.437198 0.498144
v -1.389814 0.367348 0.594074
v -1.373416 0.457037 0.510502
v -1.342324 0.346763 0.581024
v -1.373416 0.457037 0.510502
v -1.701471 0.367348 0.533089
v -1.685159 0.457037 0.449500
v -1.389814 0.367348 0.594074
v -1.747912 0.210656 0.333027
v -1.685197 0.190563 0.182274
v -1.715087 0.210656 0.339450
v -1.715759 0.189629 0.168713
v -1.656956 0.185075 0.143276
v -1.713356 0.289291 0.156430
v -1.731757 0.301325 0.250469
v -1.682794 0.290225 0.169990
v -1.654552 0.284737 0.130993
v -1.673111 0.281775 0.103325
v -1.698931 0.301325 0.256892
v -1.773543 0.319889 0.464012
v -1.740540 0.346763 0.503102
v -1.770486 0.359438 0.510932
v -1.747912 0.210656 0.333027
v -1.740412 0.317535 0.467947
v -1.715087 0.210656 0.339450
v -1.731757 0.301325 0.250469
v -1.724265 0.408340 0.385535
v -1.698931 0.301325 0.256892
v -1.757389 0.410558 0.381455
v -1.723950 0.437198 0.420372
v -1.715747 0.389293 0.553905
v -1.699454 0.478979 0.470308
v -1.685159 0.457037 0.449500
v -1.754012 0.449717 0.428010
v -1.373416 0.457037 0.510502
v -1.701471 0.367348 0.533089
v -1.384437 0.389293 0.618736
v -1.624032 0.179283 0.102715
v -1.623061 0.183349 0.135901
v -1.675514 0.182113 0.115608
v -1.621628 0.278945 0.090432
v -1.620657 0.283011 0.123617
v -1.310326 0.283011 0.184343
v -1.299322 0.179283 0.166254
v -1.312730 0.183349 0.196626
v -1.304214 0.210656 0.419850
v -1.272655 0.190563 0.263000
v -1.271389 0.210656 0.426273
v -1.284115 0.185075 0.216234
v -1.239236 0.189629 0.261959
v -1.270252 0.290225 0.250717
v -1.255234 0.301325 0.343715
v -1.236833 0.289291 0.249676
v -1.288060 0.301325 0.337292
v -1.281711 0.284737 0.203951
v -1.329192 0.317535 0.548414
v -1.271389 0.210656 0.426273
v -1.297021 0.319889 0.557259
v -1.304214 0.210656 0.419850
v -1.342324 0.346763 0.581024
v -1.288060 0.301325 0.337292
v -1.313085 0.408340 0.465995
v -1.255234 0.301325 0.343715
v -1.326507 0.437198 0.498144
v -1.280866 0.410558 0.474701
v -1.389814 0.367348 0.594074
v -1.317539 0.359438 0.599565
v -1.368019 0.478979 0.535163
v -1.301542 0.449717 0.516550
v -1.256496 0.182113 0.197602
v -1.296918 0.278945 0.153971
v -1.254093 0.281775 0.185319
v -0.886212 0.624855 1.208750
v -1.447166 0.661222 1.243996
v -0.908146 0.631786 1.115300
v -1.425232 0.654290 1.337447
v -0.863356 0.651125 1.298470
v -1.402376 0.680561 1.427166
v -0.842335 0.707429 1.373637
v -1.381355 0.736865 1.502333
v -0.825683 0.786975 1.425185
v -1.381355 0.736865 1.502333
v -0.842335 0.707429 1.373637
v -1.364703 0.816411 1.553881
v -0.815410 0.880169 1.446897
v -1.354430 0.909605 1.575593
v -1.351774 1.005207 1.564851
v -0.812754 0.975771 1.436154
v -1.357056 1.091685 1.522949
v -0.818036 1.062249 1.394253
v -1.442459 0.729943 1.247990
v -0.884308 0.693396 1.201049
v -0.903439 0.700507 1.119294
v -1.423328 0.722832 1.329746
v -0.867143 0.713125 1.268428
v -1.406163 0.742561 1.397124
v -0.851356 0.755409 1.324879
v -1.390376 0.784845 1.453575
v -0.838850 0.815149 1.363593
v -1.390376 0.784845 1.453575
v -1.377870 0.844585 1.492289
v -0.851356 0.755409 1.324879
v -1.370155 0.914576 1.508595
v -0.831135 0.885141 1.379899
v -1.368160 0.986374 1.500527
v -0.829141 0.956938 1.371831
v -1.373028 1.061627 1.462929
v -0.834007 1.032192 1.334233
v -0.903439 0.700507 1.119294
v -1.447166 0.661222 1.243996
v -1.442459 0.729943 1.247990
v -0.908146 0.631786 1.115300
v -0.884308 0.693396 1.201049
v -0.863356 0.651125 1.298470
v -0.886212 0.624855 1.208750
v -0.908146 0.631786 1.115300
v -0.903439 0.700507 1.119294
v -1.447166 0.661222 1.243996
v -1.423328 0.722832 1.329746
v -1.442459 0.729943 1.247990
v -1.425232 0.654290 1.337447
v -1.402376 0.680561 1.427166
v -1.406163 0.742561 1.397124
v -0.867143 0.713125 1.268428
v -0.851356 0.755409 1.324879
v -1.390376 0.784845 1.453575
v -0.842335 0.707429 1.373637
v -0.838850 0.815149 1.363593
v -1.381355 0.736865 1.502333
v -1.377870 0.844585 1.492289
v -0.825683 0.786975 1.425185
v -0.815410 0.880169 1.446897
v -1.364703 0.816411 1.553881
v -1.354430 0.909605 1.575593
v -1.370155 0.914576 1.508595
v -0.831135 0.885141 1.379899
v -0.812754 0.975771 1.436154
v -1.351774 1.005207 1.564851
v -1.368160 0.986374 1.500527
v -0.829141 0.956938 1.371831
v -0.818036 1.062249 1.394253
v -1.357056 1.091685 1.522949
v -1.373028 1.061627 1.462929
v -0.834007 1.032192 1.334233
v -1.373028 1.061627 1.462929
v -0.818036 1.062249 1.394253
v -0.834007 1.032192 1.334233
v -1.357056 1.091685 1.522949
v 0.523385 1.339098 -0.638860
v 0.674292 1.161029 -0.298935
v 0.610722 1.345310 -0.286059
v 0.586954 1.154817 -0.651737
v 1.214850 1.357091 -0.436204
v 1.063943 1.535160 -0.776130
v 1.151280 1.541371 -0.423328
v 1.127512 1.350879 -0.789006
v 0.610722 1.345310 -0.286059
v 1.063943 1.535160 -0.776130
v 0.523385 1.339098 -0.638860
v 1.151280 1.541371 -0.423328
v 0.674292 1.161029 -0.298935
v 1.127512 1.350879 -0.789006
v 1.214850 1.357091 -0.436204
v 0.586954 1.154817 -0.651737
v 0.731419 1.411036 -0.661533
v 0.762775 1.307972 -0.685261
v 0.616588 1.369387 -0.632373
v 0.941640 1.487284 -0.714916
v 0.972997 1.384220 -0.738644
v 0.802424 1.205497 -0.675492
v 0.687593 1.163848 -0.646332
v 0.647944 1.266323 -0.656101
v 0.580457 1.241845 -0.638963
v 0.846484 1.113643 -0.633182
v 0.775811 0.999751 -0.533313
v 0.731652 1.071993 -0.604022
v 1.056705 1.189891 -0.686566
v 0.890642 1.041401 -0.562473
v 0.815745 0.954192 -0.441127
v 0.748258 0.929715 -0.423989
v 0.708324 0.975274 -0.516176
v 1.100864 1.117649 -0.615857
v 0.930576 0.995842 -0.470287
v 0.962377 0.981426 -0.365647
v 1.140798 1.072090 -0.523671
v 1.172599 1.057674 -0.419031
v 0.847546 0.939777 -0.336487
v 0.982931 0.999565 -0.258796
v 0.847546 0.939777 -0.336487
v 0.962377 0.981426 -0.365647
v 1.172599 1.057674 -0.419031
v 1.193153 1.075813 -0.312180
v 0.868101 0.957916 -0.229636
v 1.307327 1.111386 0.188238
v 1.097105 1.035138 0.241622
v 0.982274 0.993489 0.270782
v 0.800614 0.933438 -0.212499
v 0.780059 0.915299 -0.319349
v 1.000607 1.002006 0.355144
v 1.115439 1.043655 0.325984
v 1.325660 1.119903 0.272600
v 1.057652 1.764465 -0.403019
v 0.974621 1.708400 -0.269219
v 1.089453 1.750050 -0.298380
v 0.942821 1.722816 -0.373859
v 0.764400 1.632152 -0.215836
v 1.176102 1.726058 0.549422
v 1.290933 1.767708 0.520262
v 0.732599 1.646568 -0.320476
v 0.649568 1.590503 -0.186676
v 0.617768 1.604918 -0.291315
v 0.922266 1.704676 -0.480710
v 0.712044 1.628429 -0.427327
v 0.529726 1.562301 -0.381029
v 0.550281 1.580441 -0.274178
v 0.851049 1.608161 0.631966
v 0.582081 1.566025 -0.169538
v 0.965880 1.649811 0.602806
v 0.597213 1.586779 -0.398166
v 0.522430 1.513384 -0.479631
v 0.704748 1.579511 -0.525929
v 0.914970 1.655759 -0.579313
v 0.589917 1.537861 -0.496769
v 0.529106 1.438476 -0.560333
v 0.711424 1.504603 -0.606631
v 0.921646 1.580851 -0.660015
v 0.596593 1.462953 -0.577471
v 0.549101 1.344909 -0.615235
v 0.731419 1.411036 -0.661533
v 0.941640 1.487284 -0.714916
v 0.616588 1.369387 -0.632373
v 1.172541 1.431894 -0.425605
v 1.029801 1.697408 -0.608473
v 1.037097 1.746326 -0.509870
v 1.255629 1.113739 -0.552831
v 1.215695 1.159298 -0.645017
v 1.171536 1.231540 -0.715726
v 1.127477 1.323395 -0.758036
v 1.087828 1.425870 -0.767805
v 1.287430 1.099324 -0.448191
v 1.234480 1.330237 -0.326890
v 1.307984 1.117463 -0.341340
v 1.026905 1.054648 0.368669
v 0.989371 1.232351 0.474675
v 0.957503 1.205835 0.476531
v 1.115439 1.043655 0.325984
v 1.106656 1.083574 0.348417
v 1.316878 1.159822 0.295033
v 1.000607 1.002006 0.355144
v 0.664165 1.047516 -0.586884
v 1.012645 1.281745 -0.728875
v 0.987287 1.649646 0.686872
v 0.915314 1.582965 0.683829
v 0.995066 1.611891 0.663577
v 0.872456 1.607996 0.716032
v 0.914786 1.407832 0.596827
v 0.952174 1.408457 0.579729
v 1.161636 1.541100 -0.312570
v 1.057652 1.764465 -0.403019
v 1.089453 1.750050 -0.298380
v 1.334278 1.564675 0.400959
v 1.422158 1.153036 0.159078
v 1.036477 1.622500 -0.689175
v 1.056472 1.528934 -0.744077
v 0.665170 1.247869 -0.296764
v 0.727109 1.146212 -0.198048
v 0.654265 1.357075 -0.183728
v 0.549101 1.344909 -0.615235
v 0.580457 1.241845 -0.638963
v 0.522430 1.513384 -0.479631
v 0.529106 1.438476 -0.560333
v 0.708324 0.975274 -0.516176
v 0.748258 0.929715 -0.423989
v 0.529726 1.562301 -0.381029
v 0.550281 1.580441 -0.274178
v 0.780059 0.915299 -0.319349
v 0.800614 0.933438 -0.212499
v 0.582081 1.566025 -0.169538
v 0.664165 1.047516 -0.586884
v 0.620106 1.139370 -0.629194
v 0.780059 0.915299 -0.319349
v 0.620106 1.139370 -0.629194
v 0.549101 1.344909 -0.615235
v 1.197509 1.725894 0.633488
v 1.285039 1.717065 0.589942
v 1.312340 1.767543 0.604328
v 1.205288 1.688139 0.610194
v 0.758952 1.564984 0.042399
v 0.973019 1.612830 0.578100
v 0.893268 1.583904 0.598353
v 0.838703 1.593910 0.022147
v 1.048925 1.670158 -0.031237
v 1.183241 1.689078 0.524717
v 1.262992 1.718004 0.504465
v 1.128676 1.699084 -0.051489
v 1.238105 1.122537 -0.068428
v 1.371649 1.182629 0.167670
v 1.317856 1.151463 -0.088680
v 1.291898 1.153703 0.187922
v 1.316878 1.159822 0.295033
v 1.396629 1.188748 0.274781
v 1.027883 1.046289 -0.015044
v 1.081676 1.077455 0.241306
v 1.197509 1.725894 0.633488
v 0.872456 1.607996 0.716032
v 0.987287 1.649646 0.686872
v 0.948132 1.017363 0.005208
v 1.001925 1.048529 0.261558
v 1.026905 1.054648 0.368669
v 1.106656 1.083574 0.348417
v 1.396629 1.188748 0.274781
v 1.397387 1.365381 0.364827
v 1.359095 1.366451 0.380787
v 1.325660 1.119903 0.272600
v 1.440491 1.161553 0.243440
v 1.056472 1.528934 -0.744077
v 1.036477 1.622500 -0.689175
v 1.029801 1.697408 -0.608473
v 1.037097 1.746326 -0.509870
v 1.312340 1.767543 0.604328
v 1.440491 1.161553 0.243440
v 1.422158 1.153036 0.159078
v 1.307984 1.117463 -0.341340
v 1.287430 1.099324 -0.448191
v 1.287430 1.099324 -0.448191
v 1.255629 1.113739 -0.552831
v 1.215695 1.159298 -0.645017
v 1.171536 1.231540 -0.715726
v 1.127477 1.323395 -0.758036
v 1.087828 1.425870 -0.767805
v 1.205288 1.688139 0.610194
v 1.176102 1.726058 0.549422
v 1.183241 1.689078 0.524717
v 1.197509 1.725894 0.633488
v 0.965880 1.649811 0.602806
v 0.987287 1.649646 0.686872
v 0.995066 1.611891 0.663577
v 0.973019 1.612830 0.578100
v 1.056472 1.528934 -0.744077
v 1.176102 1.726058 0.549422
v 0.965880 1.649811 0.602806
v 0.973019 1.612830 0.578100
v 1.183241 1.689078 0.524717
v 1.205288 1.688139 0.610194
v 1.285039 1.717065 0.589942
v 0.915314 1.582965 0.683829
v 0.995066 1.611891 0.663577
v 1.321899 1.542557 0.485841
v 1.262992 1.718004 0.504465
v 1.298883 1.541164 0.393218
v 1.285039 1.717065 0.589942
v 1.128676 1.699084 -0.051489
v 1.191165 1.518199 -0.063773
v 1.335102 1.362706 0.280953
v 1.026905 1.054648 0.368669
v 0.965377 1.228606 0.374841
v 0.989371 1.232351 0.474675
v 0.821440 1.384099 0.030114
v 0.929158 1.407064 0.487106
v 1.001925 1.048529 0.261558
v 0.952174 1.408457 0.579729
v 0.884500 1.201559 0.017718
v 1.290933 1.767708 0.520262
v 1.397387 1.365381 0.364827
v 1.378019 1.359784 0.280565
v 1.354670 1.567378 0.485123
v 0.851049 1.608161 0.631966
v 0.649568 1.590503 -0.186676
v 0.894394 1.405128 0.512663
v 0.721752 1.381553 -0.200866
v 0.938136 1.200238 0.392269
v 1.174473 1.306733 -0.055918
v 1.191165 1.518199 -0.063773
v 1.111413 1.489273 -0.043521
v 1.027883 1.046289 -0.015044
v 1.238105 1.122537 -0.068428
v 0.964251 1.230485 -0.002535
v 1.254225 1.335659 -0.076170
v 0.948132 1.017363 0.005208
v 0.838703 1.593910 0.022147
v 0.821440 1.384099 0.030114
v 0.901191 1.413025 0.009862
v 0.758952 1.564984 0.042399
v 1.048925 1.670158 -0.031237
v 0.884500 1.201559 0.017718
v 0.948132 1.017363 0.005208
v 1.128676 1.699084 -0.051489
v 1.354670 1.567378 0.485123
v 1.321899 1.542557 0.485841
v 0.649568 1.590503 -0.186676
v 0.654265 1.357075 -0.183728
v 0.721752 1.381553 -0.200866
v 0.582081 1.566025 -0.169538
v 0.727109 1.146212 -0.198048
v 0.794596 1.170690 -0.215186
v 0.914786 1.407832 0.596827
v 0.872456 1.607996 0.716032
v 1.312340 1.767543 0.604328
v 1.164464 1.319190 -0.101569
v 0.996578 1.087154 -0.055923
v 0.944039 1.239242 -0.045594
v 1.217004 1.167103 -0.111898
v 1.111924 1.471278 -0.091240
v 1.059384 1.623365 -0.080911
v 0.891499 1.391329 -0.035265
v 0.838959 1.543416 -0.024937
v 1.375456 1.334195 0.750739
v 1.155031 1.254247 0.806714
v 1.427996 1.182108 0.740410
v 1.322916 1.486282 0.761068
v 1.102491 1.406334 0.817043
v 1.207571 1.102159 0.796385
v 1.270377 1.638369 0.771397
v 1.049952 1.558421 0.827371
v 1.155031 1.254247 0.806714
v 0.944039 1.239242 -0.045594
v 1.207571 1.102159 0.796385
v 1.102491 1.406334 0.817043
v 0.891499 1.391329 -0.035265
v 0.996578 1.087154 -0.055923
v 0.838959 1.543416 -0.024937
v 1.049952 1.558421 0.827371
v 1.059384 1.623365 -0.080911
v 1.270377 1.638369 0.771397
v 1.375456 1.334195 0.750739
v 1.111924 1.471278 -0.091240
v 1.322916 1.486282 0.761068
v 1.164464 1.319190 -0.101569
v 1.059384 1.623365 -0.080911
v 1.270377 1.638369 0.771397
v 1.427996 1.182108 0.740410
v 1.217004 1.167103 -0.111898
v 1.207571 1.102159 0.796385
v 0.996578 1.087154 -0.055923
v 1.427996 1.182108 0.740410
v 1.217004 1.167103 -0.111898
v 1.049952 1.558421 0.827371
v 0.838959 1.543416 -0.024937
v 1.440491 1.161553 0.243440
v 1.000607 1.002006 0.355144
v 0.957503 1.205835 0.476531
v 0.982274 0.993489 0.270782
v 0.794596 1.170690 -0.215186
v 0.868101 0.957916 -0.229636
v 0.800614 0.933438 -0.212499
v 0.868101 0.957916 -0.229636
v 1.254225 1.335659 -0.076170
v 1.371649 1.182629 0.167670
v 1.317856 1.151463 -0.088680
v 1.317856 1.151463 -0.088680
v 0.758952 1.564984 0.042399
v 0.893268 1.583904 0.598353
v 1.378019 1.359784 0.280565
v 1.161636 1.541100 -0.312570
v 1.334278 1.564675 0.400959
v 1.234480 1.330237 -0.326890
v 0.915314 1.582965 0.683829
v 1.396629 1.188748 0.274781
v 1.359095 1.366451 0.380787
v 1.232511 1.376428 0.768555
v 1.237274 1.365019 0.771016
v 1.236407 1.368141 0.772063
v 1.229903 1.377011 0.759120
v 1.229878 1.375105 0.756298
v 1.233873 1.374212 0.770754
v 1.230326 1.372429 0.754240
v 1.235089 1.361019 0.756700
v 1.237201 1.359530 0.762890
v 1.237696 1.360437 0.766135
v 1.237722 1.362343 0.768958
v 1.232374 1.366113 0.753284
v 1.233727 1.363235 0.754502
v 1.236296 1.359732 0.759613
v 1.231193 1.369306 0.753193
v 1.235226 1.371334 0.771972
v 1.231304 1.377715 0.765642
v 1.230399 1.377917 0.762365
v 1.063943 1.535160 -0.776130
v 0.586954 1.154817 -0.651737
v 0.523385 1.339098 -0.638860
v 1.127512 1.350879 -0.789006
v -1.111715 1.555658 -0.192328
v -1.039778 1.424492 0.138965
v -1.065644 1.242721 0.072206
v -1.137580 1.373888 -0.259088
v -1.685916 1.587015 -0.055232
v -1.639845 1.274078 0.209303
v -1.613980 1.455848 0.276062
v -1.711782 1.405245 -0.121991
v -1.613980 1.455848 0.276062
v -1.039778 1.424492 0.138965
v -1.685916 1.587015 -0.055232
v -1.111715 1.555658 -0.192328
v -1.065644 1.242721 0.072206
v -1.711782 1.405245 -0.121991
v -1.137580 1.373888 -0.259088
v -1.639845 1.274078 0.209303
v -1.319165 1.555464 -0.115312
v -1.197187 1.548803 -0.144436
v -1.336964 1.460243 -0.168082
v -1.214986 1.453582 -0.197205
v -1.143299 1.449667 -0.214321
v -1.225956 1.345907 -0.218520
v -1.347934 1.352568 -0.189397
v -1.350999 1.242979 -0.177171
v -1.223883 1.135543 -0.161723
v -1.345861 1.142204 -0.132600
v -1.229021 1.236318 -0.206294
v -1.139357 1.049531 -0.106287
v -1.211044 1.053445 -0.089171
v -1.333022 1.060107 -0.060048
v -1.152196 1.131628 -0.178839
v -1.313738 1.004724 0.033384
v -1.556328 1.072301 -0.006731
v -1.537044 1.016918 0.086701
v -1.191761 0.998063 0.004261
v -1.120073 0.994148 -0.012855
v -1.289899 0.981477 0.138550
v -1.537044 1.016918 0.086701
v -1.313738 1.004724 0.033384
v -1.513204 0.993672 0.191867
v -1.407789 0.834750 0.669727
v -1.191761 0.998063 0.004261
v -1.167921 0.974816 0.109427
v -1.062505 0.815894 0.587287
v -1.184483 0.822556 0.616411
v -1.044416 0.791657 0.668595
v -1.166394 0.798318 0.697719
v -1.389700 0.810513 0.751035
v -1.565925 1.680167 0.355568
v -1.424664 1.618124 0.419876
v -1.443947 1.673506 0.326444
v -1.546642 1.624785 0.449000
v -1.257332 1.317054 1.189575
v -1.201358 1.605929 0.366560
v -1.589765 1.703414 0.250402
v -1.220641 1.661312 0.273128
v -1.379310 1.323715 1.218699
v -1.079380 1.599268 0.337436
v -1.098663 1.654651 0.244004
v -1.467787 1.696753 0.221278
v -1.244481 1.684559 0.167962
v -1.034026 1.304860 1.136258
v -0.912048 1.298199 1.107135
v -1.122503 1.677898 0.138838
v -1.270544 1.673394 0.061356
v -1.148566 1.666733 0.032233
v -1.493850 1.685589 0.114673
v -1.296278 1.628912 -0.036253
v -1.519584 1.641106 0.017063
v -1.174300 1.622250 -0.065377
v -1.319165 1.555464 -0.115312
v -1.542471 1.567658 -0.061996
v -1.197187 1.548803 -0.144436
v -1.691144 1.161059 -0.050160
v -1.612474 1.351874 0.235696
v -1.696283 1.261835 -0.094731
v -1.641562 1.647767 0.046187
v -1.664449 1.574320 -0.032872
v -1.693217 1.371424 -0.106957
v -1.682248 1.479099 -0.085642
v -1.575888 1.418522 0.373686
v -1.565925 1.680167 0.355568
v -1.678306 1.078962 0.022393
v -1.659022 1.023579 0.115824
v -1.166394 0.798318 0.697719
v -1.072114 0.825414 0.710296
v -1.156829 0.830040 0.730523
v -1.380135 0.842234 0.783839
v -1.389700 0.810513 0.751035
v -1.044416 0.791657 0.668595
v -0.994198 0.950962 0.842489
v -1.154268 1.341992 -0.235636
v -1.157334 1.232404 -0.223410
v -1.096233 0.970901 0.092311
v -1.120073 0.994148 -0.012855
v -1.026558 1.242746 1.181745
v -0.941843 1.238120 1.161518
v -1.017093 1.271938 1.214711
v -0.944430 1.108835 1.014820
v -0.895115 1.265277 1.185588
v -1.125500 1.544888 -0.161552
v -1.102613 1.618336 -0.082493
v -1.076879 1.662818 0.015117
v -1.605401 1.210371 0.297683
v -1.546642 1.624785 0.449000
v -1.429008 1.164405 1.046987
v -1.379310 1.323715 1.218699
v -1.529767 0.841411 0.698851
v -1.479160 1.003637 0.873705
v -1.635182 1.000333 0.220990
v -1.589765 1.703414 0.250402
v -1.615828 1.692250 0.143796
v -1.073525 1.322442 0.107016
v -1.157334 1.232404 -0.223410
v -1.154268 1.341992 -0.235636
v -1.076879 1.662818 0.015117
v -1.050816 1.673983 0.121722
v -1.143299 1.449667 -0.214321
v -1.102613 1.618336 -0.082493
v -1.026976 1.650736 0.226888
v -1.036938 1.389091 0.245006
v -1.066452 1.180940 0.169003
v -1.125500 1.544888 -0.161552
v -1.007693 1.595354 0.320320
v -1.120073 0.994148 -0.012855
v -1.096233 0.970901 0.092311
v -1.139357 1.049531 -0.106287
v -1.152196 1.131628 -0.178839
v -1.050816 1.673983 0.121722
v -1.026976 1.650736 0.226888
v -1.007693 1.595354 0.320320
v -1.125500 1.544888 -0.161552
v -1.334578 1.259567 1.255288
v -1.240398 1.284132 1.268028
v -1.362376 1.290793 1.297151
v -1.411692 1.134352 1.126383
v -1.377609 1.123245 1.106245
v -1.249864 1.254941 1.235061
v -1.073476 1.469815 0.557204
v -0.958963 1.272376 1.081978
v -1.043678 1.277002 1.102205
v -1.381497 1.486636 0.630747
v -1.158191 1.474442 0.577430
v -1.266984 1.289197 1.155521
v -1.351699 1.293823 1.175748
v -1.466212 1.491262 0.650974
v -1.458145 0.946057 0.433363
v -1.487224 0.882392 0.702228
v -1.402509 0.877766 0.682001
v -1.542860 0.950684 0.453589
v -1.380135 0.842234 0.783839
v -1.240398 1.284132 1.268028
v -1.017093 1.271938 1.214711
v -0.895115 1.265277 1.185588
v -1.150124 0.929236 0.359820
v -1.179204 0.865571 0.628685
v -1.094489 0.860945 0.608458
v -1.156829 0.830040 0.730523
v -1.234839 0.933863 0.380046
v -1.072114 0.825414 0.710296
v -1.464850 0.846860 0.804066
v -1.461459 0.976479 0.954052
v -1.511677 0.817174 0.780159
v -1.664449 1.574320 -0.032872
v -1.641562 1.647767 0.046187
v -1.615828 1.692250 0.143796
v -1.362376 1.290793 1.297151
v -1.511677 0.817174 0.780159
v -1.529767 0.841411 0.698851
v -1.635182 1.000333 0.220990
v -1.659022 1.023579 0.115824
v -1.659022 1.023579 0.115824
v -1.678306 1.078962 0.022393
v -1.691144 1.161059 -0.050160
v -1.569167 1.154398 -0.079283
v -1.696283 1.261835 -0.094731
v -1.574305 1.255174 -0.123854
v -1.693217 1.371424 -0.106957
v -1.571239 1.364763 -0.136080
v -1.682248 1.479099 -0.085642
v -1.560270 1.472438 -0.114765
v -1.249864 1.254941 1.235061
v -1.257332 1.317054 1.189575
v -1.240398 1.284132 1.268028
v -1.266984 1.289197 1.155521
v -1.542471 1.567658 -0.061996
v -1.017093 1.271938 1.214711
v -1.034026 1.304860 1.136258
v -1.026558 1.242746 1.181745
v -1.043678 1.277002 1.102205
v -1.664449 1.574320 -0.032872
v -1.464850 0.846860 0.804066
v -1.266984 1.289197 1.155521
v -1.043678 1.277002 1.102205
v -1.257332 1.317054 1.189575
v -1.034026 1.304860 1.136258
v -1.249864 1.254941 1.235061
v -1.334578 1.259567 1.255288
v -0.941843 1.238120 1.161518
v -1.026558 1.242746 1.181745
v -1.396464 1.157923 1.019339
v -1.351699 1.293823 1.175748
v -1.377609 1.123245 1.106245
v -1.491529 1.312704 0.585776
v -1.466212 1.491262 0.650974
v -1.421032 0.985677 0.955837
v -1.334578 1.259567 1.255288
v -1.048904 0.999333 0.767730
v -1.072114 0.825414 0.710296
v -1.028296 0.964230 0.862068
v -1.098794 1.291257 0.492006
v -1.124343 1.111064 0.426211
v -1.094489 0.860945 0.608458
v -1.003729 1.136476 0.925569
v -1.150124 0.929236 0.359820
v -1.461459 0.976479 0.954052
v -1.411692 1.134352 1.126383
v -1.362376 1.290793 1.297151
v -1.079380 1.599268 0.337436
v -0.912048 1.298199 1.107135
v -0.961746 1.138888 0.935424
v -0.944430 1.108835 1.014820
v -1.108626 1.393005 0.262122
v -1.011898 0.978120 0.762141
v -1.432364 1.127885 0.499754
v -1.234839 0.933863 0.380046
v -1.209058 1.115690 0.446438
v -1.491529 1.312704 0.585776
v -1.517079 1.132511 0.519981
v -1.458145 0.946057 0.433363
v -1.150124 0.929236 0.359820
v -1.124343 1.111064 0.426211
v -1.542860 0.950684 0.453589
v -1.158191 1.474442 0.577430
v -1.098794 1.291257 0.492006
v -1.073476 1.469815 0.557204
v -1.183509 1.295883 0.512232
v -1.381497 1.486636 0.630747
v -1.406814 1.308077 0.565549
v -1.466212 1.491262 0.650974
v -1.421032 0.985677 0.955837
v -1.028296 0.964230 0.862068
v -0.984873 1.101799 1.012475
v -1.441639 1.020779 0.861499
v -1.079380 1.599268 0.337436
v -1.036938 1.389091 0.245006
v -1.007693 1.595354 0.320320
v -1.108626 1.393005 0.262122
v -1.066452 1.180940 0.169003
v -0.994198 0.950962 0.842489
v -0.895115 1.265277 1.185588
v -1.445389 1.156214 0.462780
v -1.232532 0.993296 0.352057
v -1.466676 1.006082 0.407961
v -1.211245 1.143427 0.406875
v -1.424102 1.306346 0.517598
v -1.189958 1.293559 0.461694
v -1.402815 1.456477 0.572416
v -1.168671 1.443691 0.516512
v -1.271603 0.839337 1.263129
v -1.292890 0.689206 1.208310
v -1.037458 0.826551 1.207224
v -1.058746 0.676419 1.152406
v -1.250316 0.989469 1.317947
v -1.229029 1.139600 1.372765
v -1.016171 0.976682 1.262042
v -0.994884 1.126813 1.316861
v -1.058746 0.676419 1.152406
v -1.211245 1.143427 0.406875
v -1.037458 0.826551 1.207224
v -1.232532 0.993296 0.352057
v -1.016171 0.976682 1.262042
v -0.994884 1.126813 1.316861
v -1.168671 1.443691 0.516512
v -1.402815 1.456477 0.572416
v -1.229029 1.139600 1.372765
v -1.424102 1.306346 0.517598
v -1.271603 0.839337 1.263129
v -1.250316 0.989469 1.317947
v -1.445389 1.156214 0.462780
v -1.402815 1.456477 0.572416
v -1.292890 0.689206 1.208310
v -1.168671 1.443691 0.516512
v -0.994884 1.126813 1.316861
v -1.189958 1.293559 0.461694
v -1.229029 1.139600 1.372765
v -1.292890 0.689206 1.208310
v -1.232532 0.993296 0.352057
v -1.058746 0.676419 1.152406
v -1.466676 1.006082 0.407961
v -1.466676 1.006082 0.407961
v -1.511677 0.817174 0.780159
v -1.062505 0.815894 0.587287
v -1.167921 0.974816 0.109427
v -1.138139 1.184854 0.186119
v -1.044416 0.791657 0.668595
v -1.138139 1.184854 0.186119
v -1.096233 0.970901 0.092311
v -1.167921 0.974816 0.109427
v -1.517079 1.132511 0.519981
v -1.487224 0.882392 0.702228
v -1.464850 0.846860 0.804066
v -1.542860 0.950684 0.453589
v -0.984873 1.101799 1.012475
v -1.073476 1.469815 0.557204
v -0.958963 1.272376 1.081978
v -0.941843 1.238120 1.161518
v -1.575888 1.418522 0.373686
v -1.479160 1.003637 0.873705
v -1.429008 1.164405 1.046987
v -1.605401 1.210371 0.297683
v -1.145907 0.920346 1.249989
v -1.147737 0.924613 1.241351
v -1.146332 0.922786 1.247651
v -1.146852 0.907823 1.248898
v -1.149300 0.921870 1.235433
v -1.148546 0.923780 1.238150
v -1.146968 0.924267 1.244651
v -1.150244 0.909346 1.234342
v -1.150290 0.915841 1.232664
v -1.149905 0.919113 1.233528
v -1.149184 0.905425 1.239680
v -1.149819 0.906907 1.236680
v -1.150407 0.912449 1.232947
v -1.146246 0.910580 1.250803
v -1.148415 0.905080 1.242979
v -1.145744 0.917243 1.251384
v -1.145862 0.913851 1.251666
v -1.147605 0.905912 1.246181
v -1.685916 1.587015 -0.055232
v -1.111715 1.555658 -0.192328
v -1.137580 1.373888 -0.259088
v -1.711782 1.405245 -0.121991
v -0.001983 1.968263 0.264009
v 0.088866 1.867861 0.231730
v 0.083111 1.977568 0.209568
v -0.001124 2.029210 0.246434
v -0.109486 2.008532 0.301500
v -0.111235 1.955263 0.308717
v -0.000694 1.861833 0.280593
v 0.009106 1.733904 0.296349
v 0.106495 1.736604 0.248410
v -0.115059 1.855574 0.317313
v -0.115879 1.732896 0.331179
v -0.226281 1.958360 0.325660
v -0.231967 1.855649 0.338317
v -0.108616 1.555520 0.352111
v 0.035322 1.554052 0.310584
v 0.163932 1.902256 -0.060666
v 0.161633 2.004290 0.001377
v 0.171349 1.892689 0.021224
v 0.178606 1.768781 -0.049507
v 0.122761 1.770339 -0.141540
v 0.103920 1.897702 -0.144810
v 0.005776 1.890157 -0.210353
v 0.061972 1.591478 -0.227720
v 0.026020 1.769274 -0.214675
v 0.152645 2.018551 -0.078690
v 0.162006 1.587439 -0.147883
v -0.007624 1.997928 -0.215425
v 0.091103 2.009800 -0.156132
v 0.130554 2.094893 -0.094067
v -0.015887 2.072573 -0.217672
v 0.075136 2.084727 -0.164652
v -0.126936 1.999260 -0.236461
v -0.015887 2.072573 -0.217672
v -0.007624 1.997928 -0.215425
v -0.248148 1.889082 -0.222745
v -0.252572 2.001549 -0.222442
v -0.116846 1.889072 -0.235261
v -0.247042 1.765062 -0.227009
v -0.371332 1.884887 -0.175897
v -0.370346 1.992864 -0.176344
v 0.005776 1.890157 -0.210353
v -0.104231 1.767345 -0.241411
v -0.246461 1.588960 -0.234662
v 0.026020 1.769274 -0.214675
v -0.083078 1.591147 -0.253717
v 0.146357 1.552966 0.255929
v -0.242725 1.730057 0.355435
v -0.255938 1.550795 0.378908
v 0.124378 1.979102 0.147411
v 0.151997 1.879161 0.098632
v 0.143617 1.985125 0.078381
v 0.132060 1.872256 0.169923
v 0.186321 1.762730 0.033748
v 0.129621 2.057135 0.049982
v 0.115691 2.052072 0.113858
v 0.151367 1.744168 0.184662
v 0.169389 1.753781 0.111108
v 0.124378 1.979102 0.147411
v 0.079761 2.049297 0.178206
v 0.083111 1.977568 0.209568
v 0.088866 1.867861 0.231730
v 0.132060 1.872256 0.169923
v 0.106495 1.736604 0.248410
v 0.151367 1.744168 0.184662
v 0.146357 1.552966 0.255929
v 0.194960 1.558780 0.189730
v 0.225941 1.574675 0.038326
v 0.211403 1.567428 0.115905
v 0.216754 1.581165 -0.047946
v 0.194960 1.558780 0.189730
v -0.381451 1.763015 -0.176687
v 0.061972 1.591478 -0.227720
v 0.152645 2.018551 -0.078690
v -0.108728 2.039098 0.294771
v 0.079761 2.049297 0.178206
v 0.003464 2.066107 0.229440
v 0.082014 2.095912 0.147066
v 0.012053 2.098515 0.214763
v -0.107899 2.071790 0.284745
v -0.227185 2.015645 0.313830
v -0.232407 2.048451 0.305019
v 0.115691 2.052072 0.113858
v 0.082014 2.095912 0.147066
v 0.141933 2.078666 -0.020582
v 0.112972 2.104235 0.082641
v 0.120469 2.110140 0.026950
v 0.094572 2.130330 0.128424
v 0.082014 2.095912 0.147066
v 0.122988 2.131436 -0.034462
v 0.112972 2.104235 0.082641
v -0.131500 2.078108 -0.233485
v -0.023258 2.127623 -0.212254
v -0.255685 2.083325 -0.216565
v -0.134559 2.134336 -0.223663
v -0.372171 2.125103 -0.160531
v -0.257098 2.139741 -0.204175
v -0.372160 2.070316 -0.171884
v -0.140126 2.176448 -0.206571
v -0.035270 2.176495 -0.196667
v 0.130554 2.094893 -0.094067
v 0.106103 2.147688 -0.100137
v 0.113958 2.179896 -0.034600
v 0.125585 2.159791 0.019708
v 0.057458 2.138512 -0.164691
v -0.023258 2.127623 -0.212254
v -0.076783 2.144597 0.316905
v -0.243785 2.125250 0.336583
v -0.096119 2.129818 0.286883
v 0.046242 2.165494 0.215570
v 0.074395 2.193969 0.245672
v 0.034620 2.147414 0.207724
v 0.129161 2.191504 0.127338
v 0.145245 2.223342 0.139066
v 0.179648 2.277598 0.178523
v 0.208593 2.285914 0.232913
v 0.106591 2.189836 0.296962
v -0.246822 2.112318 0.319140
v -0.102390 2.117635 0.279727
v 0.204550 2.373799 0.131903
v 0.227370 2.460694 0.181271
v 0.235458 2.383792 0.192908
v 0.179648 2.277598 0.178523
v 0.171452 2.291354 0.085012
v 0.149483 2.354040 0.043463
v 0.142154 2.285392 0.026132
v 0.180476 2.476615 0.111647
v 0.103089 2.318211 -0.023148
v 0.099542 2.402076 -0.001494
v 0.113336 2.545580 0.104696
v -0.055158 2.242159 -0.176876
v -0.256814 2.176422 -0.187228
v -0.359959 2.222486 -0.122643
v -0.258878 2.228480 -0.165252
v -0.151846 2.234976 -0.184552
v -0.092864 2.345631 -0.155800
v -0.035270 2.176495 -0.196667
v 0.037951 2.186666 -0.153501
v 0.015216 2.249855 -0.138505
v 0.085982 2.193118 -0.093453
v -0.055158 2.242159 -0.176876
v -0.092864 2.345631 -0.155800
v -0.016621 2.347311 -0.125155
v 0.109628 2.238002 -0.028562
v 0.068597 2.250731 -0.082495
v 0.049183 2.338286 -0.074476
v 0.135450 2.217205 0.019358
v 0.143848 2.189924 0.065687
v 0.125465 2.146436 0.068859
v 0.158729 2.239727 0.072519
v 0.125465 2.146436 0.068859
v 0.112162 2.160982 0.120691
v 0.094572 2.130330 0.128424
v 0.143848 2.189924 0.065687
v 0.129161 2.191504 0.127338
v -0.106507 2.100194 0.277372
v 0.094572 2.130330 0.128424
v 0.023021 2.126022 0.205927
v -0.102390 2.117635 0.279727
v 0.112162 2.160982 0.120691
v -0.247290 2.097013 0.305823
v -0.240947 2.075724 0.301663
v 0.171452 2.291354 0.085012
v 0.145245 2.223342 0.139066
v 0.187607 2.527235 0.174809
v 0.036839 2.437083 -0.023481
v 0.042357 2.611793 0.122165
v 0.099210 2.642024 0.177790
v 0.139486 2.584552 0.169874
v 0.137840 2.706024 0.338157
v 0.154207 2.723659 0.293671
v 0.161306 2.730145 0.327294
v 0.134344 2.700547 0.289680
v 0.160279 2.728543 0.277410
v 0.176548 2.743282 0.320385
v 0.137849 2.676681 0.238408
v 0.114768 2.675890 0.292792
v 0.127133 2.643610 0.255578
v 0.204087 2.534694 0.245364
v 0.220438 2.498746 0.195356
v 0.160539 2.597816 0.224827
v 0.137849 2.676681 0.238408
v -0.039383 2.130106 0.369680
v -0.076783 2.144597 0.316905
v -0.191838 2.134924 0.442340
v -0.149635 2.126956 0.503599
v 0.139973 2.184139 0.356428
v 0.001016 2.116477 0.429226
v 0.237012 2.288186 0.295511
v 0.252901 2.294318 0.344461
v 0.160672 2.190094 0.402682
v -0.147066 2.599531 0.191088
v -0.195838 2.466916 -0.026758
v -0.273738 2.455686 0.004437
v -0.067840 2.641958 0.254913
v -0.088525 2.605180 0.162827
v -0.119703 2.633232 0.281518
v -0.045668 2.660983 0.322527
v 0.020826 2.680902 0.282269
v -0.004228 2.653773 0.217489
v -0.026178 2.609886 0.135803
v -0.041164 2.465034 -0.048652
v -0.114515 2.468931 -0.041414
v -0.202522 2.590442 0.220319
v -0.164666 2.624779 0.304085
v -0.094525 2.645613 0.346568
v -0.133733 2.634824 0.364963
v -0.207606 2.613788 0.329337
v 0.217967 2.257372 0.569403
v 0.108305 2.201916 0.632954
v 0.088682 2.172051 0.588948
v 0.203311 2.233661 0.522267
v 0.292528 2.336148 0.522301
v 0.299522 2.349801 0.577167
v 0.229379 2.283707 0.622175
v 0.126828 2.238382 0.681675
v -0.014648 2.205895 0.696276
v 0.013953 2.236032 0.739686
v 0.067874 2.150645 0.549802
v 0.188670 2.215700 0.481155
v 0.280984 2.322853 0.471385
v 0.294160 2.361685 0.633833
v 0.234116 2.312888 0.679717
v 0.262179 2.302543 0.386417
v 0.027818 2.121071 0.474388
v 0.174644 2.202163 0.442264
v 0.271076 2.311733 0.427567
v -0.093392 2.146247 0.583149
v -0.118719 2.133017 0.547648
v 0.047909 2.135169 0.512379
v 0.313809 2.417389 0.561323
v 0.299522 2.349801 0.577167
v 0.307568 2.410454 0.506873
v 0.287346 2.473035 0.507889
v 0.293059 2.476532 0.562172
v 0.294160 2.361685 0.633833
v 0.309614 2.421960 0.617094
v 0.281126 2.375739 0.691948
v 0.293905 2.480178 0.616533
v 0.301117 2.429847 0.665010
v 0.263253 2.527483 0.658300
v 0.293789 2.487509 0.667678
v 0.291375 2.480973 0.701789
v 0.294484 2.446304 0.695874
v 0.004563 2.639423 0.526934
v 0.069240 2.626289 0.556241
v 0.045360 2.658996 0.502233
v 0.031851 2.615859 0.576765
v 0.095497 2.594393 0.606231
v 0.060035 2.591047 0.622258
v -0.032078 2.626711 0.547982
v -0.002045 2.607672 0.595242
v -0.036156 2.600809 0.613862
v -0.071112 2.622677 0.568198
v -0.004819 2.576694 0.657636
v 0.026533 2.586001 0.638841
v 0.048377 2.574504 0.674221
v 0.083084 2.578243 0.659407
v 0.120108 2.578554 0.647447
v 0.298222 2.403317 0.454764
v 0.280984 2.322853 0.471385
v 0.292584 2.397383 0.406945
v 0.280304 2.464921 0.404207
v 0.281514 2.469299 0.454851
v 0.292528 2.336148 0.522301
v 0.258082 2.517148 0.567172
v 0.258689 2.510380 0.455456
v 0.241961 2.514852 0.405611
v 0.229952 2.540327 0.455276
v 0.262919 2.502385 0.403841
v 0.228280 2.544770 0.509932
v 0.257280 2.514157 0.511239
v 0.215982 2.552774 0.565970
v 0.224196 2.551522 0.618687
v 0.260458 2.522803 0.619187
v 0.250498 2.540348 0.681121
v 0.241051 2.526115 0.717626
v 0.258756 2.526239 0.699396
v 0.220558 2.561560 0.669636
v 0.275297 2.505636 0.711944
v 0.220448 2.476917 0.783356
v 0.271296 2.485537 0.732770
v 0.168776 2.551621 0.732234
v 0.197899 2.520880 0.762614
v 0.294484 2.446304 0.695874
v 0.291375 2.480973 0.701789
v 0.232638 2.423170 0.776454
v 0.276971 2.429488 0.722372
v 0.258756 2.526239 0.699396
v 0.275297 2.505636 0.711944
v 0.267429 2.504330 0.702247
v 0.256722 2.517597 0.694142
v 0.249647 2.485816 0.694696
v 0.240658 2.496535 0.688081
v 0.235994 2.503830 0.678459
v 0.251336 2.526670 0.682349
v 0.250498 2.540348 0.681121
v 0.220558 2.561560 0.669636
v 0.186371 2.576309 0.622804
v 0.283606 2.506758 0.682214
v 0.250498 2.540348 0.681121
v 0.265403 2.527136 0.675612
v 0.281126 2.375739 0.691948
v 0.146589 2.281100 0.735233
v 0.048683 2.271852 0.780868
v 0.230323 2.338651 0.732237
v 0.162900 2.320673 0.781191
v 0.084608 2.306404 0.811723
v 0.232282 2.376188 0.764734
v 0.217198 2.352522 0.771021
v 0.067614 2.567162 0.706509
v 0.106770 2.571707 0.688598
v 0.132730 2.598600 0.589102
v 0.132528 2.573686 0.670772
v 0.018301 2.563906 0.694745
v 0.088374 2.557957 0.740833
v 0.136867 2.565698 0.710217
v 0.168488 2.414829 0.829634
v 0.091528 2.391942 0.853427
v 0.171867 2.369056 0.817259
v 0.085368 2.447023 0.857040
v 0.158112 2.466841 0.831713
v 0.232282 2.376188 0.764734
v 0.281126 2.375739 0.691948
v 0.301117 2.429847 0.665010
v 0.285242 2.499367 0.700271
v 0.285242 2.499367 0.700271
v 0.283606 2.506758 0.682214
v 0.273802 2.500273 0.694726
v 0.285242 2.499367 0.700271
v 0.272686 2.505016 0.683080
v 0.267429 2.504330 0.702247
v 0.285242 2.499367 0.700271
v 0.273802 2.500273 0.694726
v 0.275297 2.505636 0.711944
v 0.111229 2.540808 0.775775
v 0.165582 2.571233 0.674471
v 0.168776 2.551621 0.732234
v 0.037491 2.543706 0.764425
v 0.032605 2.555295 0.729053
v 0.220558 2.561560 0.669636
v 0.186371 2.576309 0.622804
v 0.157131 2.578864 0.635488
v 0.172238 2.344984 0.808173
v 0.232282 2.376188 0.764734
v 0.171867 2.369056 0.817259
v 0.217198 2.352522 0.771021
v 0.097647 2.346393 0.838175
v 0.117841 2.330534 0.825219
v 0.172238 2.344984 0.808173
v 0.117841 2.330534 0.825219
v 0.230233 2.510953 0.303684
v 0.238451 2.500648 0.249952
v 0.253857 2.497429 0.302839
v 0.256859 2.457821 0.250146
v 0.272302 2.457816 0.306228
v 0.230233 2.510953 0.303684
v 0.243576 2.505851 0.355696
v 0.253857 2.497429 0.302839
v 0.262919 2.502385 0.403841
v 0.263328 2.495841 0.354047
v 0.263328 2.495841 0.354047
v 0.278531 2.460228 0.355630
v 0.265723 2.383757 0.261673
v 0.280727 2.386459 0.316032
v 0.287599 2.391728 0.361618
v 0.117346 2.683892 0.345089
v 0.155785 2.683447 0.391430
v 0.137183 2.666968 0.399605
v 0.117346 2.683892 0.345089
v 0.115245 2.644997 0.350767
v 0.114768 2.675890 0.292792
v 0.137183 2.666968 0.399605
v 0.138318 2.567867 0.305810
v 0.110919 2.636179 0.299342
v 0.127133 2.643610 0.255578
v 0.121831 2.619058 0.270364
v 0.137365 2.570719 0.264890
v 0.230233 2.510953 0.303684
v 0.181339 2.531560 0.265332
v 0.205920 2.503394 0.307322
v 0.220530 2.497022 0.359959
v 0.243576 2.505851 0.355696
v 0.241961 2.514852 0.405611
v 0.204087 2.534694 0.245364
v 0.165002 2.532438 0.277629
v 0.152407 2.586874 0.247389
v 0.137365 2.570719 0.264890
v 0.205920 2.503394 0.307322
v 0.181339 2.531560 0.265332
v 0.176736 2.510386 0.309531
v 0.176736 2.510386 0.309531
v 0.189733 2.506152 0.362430
v 0.218446 2.506624 0.410210
v 0.220530 2.497022 0.359959
v 0.094300 2.733377 0.298294
v 0.094985 2.705722 0.248309
v -0.017978 2.676648 0.364806
v 0.041023 2.705256 0.327912
v 0.054330 2.664995 0.190406
v 0.059190 2.717915 0.367956
v 0.104211 2.748812 0.339859
v 0.008567 2.683957 0.400414
v 0.078191 2.710234 0.416058
v 0.121390 2.740322 0.384448
v 0.124311 2.757513 0.293926
v 0.142168 2.763158 0.358142
v 0.133213 2.772015 0.324097
v -0.040551 2.180180 0.654494
v -0.067307 2.160929 0.617825
v 0.027398 2.678173 0.448244
v 0.096819 2.683702 0.470993
v 0.149866 2.710392 0.433332
v 0.271076 2.311733 0.427567
v 0.262179 2.302543 0.386417
v 0.208593 2.285914 0.232913
v 0.252901 2.294318 0.344461
v 0.237012 2.288186 0.295511
v 0.241961 2.514852 0.405611
v 0.135758 2.750953 0.278731
v 0.122509 2.699885 0.234819
v 0.150939 2.739469 0.272828
v 0.135758 2.750953 0.278731
v 0.170678 2.760456 0.317437
v 0.150939 2.739469 0.272828
v 0.153095 2.772945 0.318613
v 0.170678 2.760456 0.317437
v 0.160279 2.728543 0.277410
v 0.150939 2.739469 0.272828
v 0.176548 2.743282 0.320385
v 0.122509 2.699885 0.234819
v 0.153095 2.772945 0.318613
v 0.133213 2.772015 0.324097
v 0.121390 2.740322 0.384448
v 0.159937 2.754856 0.369065
v 0.142168 2.763158 0.358142
v 0.149866 2.710392 0.433332
v 0.159937 2.754856 0.369065
v 0.133213 2.772015 0.324097
v 0.153095 2.772945 0.318613
v 0.182478 2.711883 0.378638
v 0.155785 2.683447 0.391430
v 0.170073 2.708737 0.368762
v 0.163812 2.630912 0.441732
v 0.137183 2.666968 0.399605
v 0.185347 2.642942 0.450000
v 0.170073 2.708737 0.368762
v 0.182478 2.711883 0.378638
v 0.176672 2.679169 0.444638
v 0.176241 2.732502 0.377325
v 0.154711 2.643583 0.513046
v 0.181196 2.623704 0.511805
v 0.159937 2.754856 0.369065
v 0.170678 2.760456 0.317437
v 0.153095 2.772945 0.318613
v 0.182478 2.711883 0.378638
v 0.176672 2.679169 0.444638
v 0.185347 2.642942 0.450000
v 0.176548 2.743282 0.320385
v 0.176241 2.732502 0.377325
v 0.181196 2.623704 0.511805
v 0.170678 2.760456 0.317437
v 0.131234 2.637082 0.402204
v 0.146979 2.570627 0.357909
v 0.163812 2.630912 0.441732
v 0.152020 2.616451 0.432390
v 0.176736 2.510386 0.309531
v 0.154965 2.571558 0.408260
v 0.152020 2.616451 0.432390
v 0.190169 2.513591 0.412717
v 0.189733 2.506152 0.362430
v 0.166764 2.573960 0.445178
v 0.187656 2.536435 0.437858
v 0.165002 2.532438 0.277629
v 0.229952 2.540327 0.455276
v 0.205354 2.534262 0.446135
v 0.190169 2.513591 0.412717
v 0.187656 2.536435 0.437858
v 0.204087 2.534694 0.245364
v 0.160539 2.597816 0.224827
v 0.127133 2.643610 0.255578
v 0.121831 2.619058 0.270364
v 0.137849 2.676681 0.238408
v 0.185347 2.642942 0.450000
v 0.186830 2.581222 0.456933
v 0.205354 2.534262 0.446135
v 0.187656 2.536435 0.437858
v 0.205048 2.584674 0.466545
v 0.229952 2.540327 0.455276
v 0.166764 2.573960 0.445178
v 0.198362 2.595913 0.511790
v 0.189161 2.581726 0.569547
v 0.215982 2.552774 0.565970
v 0.165896 2.596700 0.575374
v 0.198362 2.595913 0.511790
v 0.205048 2.584674 0.466545
v 0.096819 2.683702 0.470993
v 0.113778 2.640017 0.531408
v 0.200043 2.568020 0.608670
v 0.189161 2.581726 0.569547
v 0.165896 2.596700 0.575374
v 0.090769 2.672188 0.194543
v 0.099210 2.642024 0.177790
v 0.090769 2.672188 0.194543
v 0.042357 2.611793 0.122165
v 0.211275 2.575796 0.497012
v 0.251336 2.526670 0.682349
v 0.260928 2.518146 0.678808
v 0.265403 2.527136 0.675612
v 0.235994 2.503830 0.678459
v 0.243849 2.496893 0.675572
v 0.283606 2.506758 0.682214
v 0.250498 2.540348 0.681121
v 0.272686 2.505016 0.683080
v 0.253637 2.486264 0.679060
v 0.227045 2.484175 0.676991
v 0.238078 2.473274 0.677363
v 0.227030 2.475154 0.672856
v 0.227030 2.475154 0.672856
v 0.235498 2.464467 0.682586
v 0.111229 2.540808 0.775775
v 0.044470 2.524112 0.800040
v 0.065056 2.491482 0.835078
v 0.136750 2.509636 0.809914
v 0.223331 2.464705 0.677608
v 0.227030 2.475154 0.672856
v 0.224786 2.474942 0.682230
v 0.223331 2.464705 0.677608
v 0.227045 2.484175 0.676991
v 0.235498 2.464467 0.682586
v 0.224786 2.474942 0.682230
v 0.235663 2.473020 0.687089
v 0.223331 2.464705 0.677608
v 0.249647 2.485816 0.694696
v 0.267429 2.504330 0.702247
v 0.254771 2.482482 0.688562
v 0.235663 2.473020 0.687089
v 0.273802 2.500273 0.694726
v 0.272686 2.505016 0.683080
v 0.254771 2.482482 0.688562
v 0.273802 2.500273 0.694726
v 0.253637 2.486264 0.679060
v 0.238078 2.473274 0.677363
v 0.235498 2.464467 0.682586
v 0.235498 2.464467 0.682586
v 0.227045 2.484175 0.676991
v 0.224786 2.474942 0.682230
v 0.036839 2.437083 -0.023481
v -0.083226 2.630426 0.455792
v -0.134076 2.630161 0.481906
v -0.105522 2.629739 0.524818
v -0.016240 2.649495 0.476149
v -0.037291 2.651576 0.429161
v -0.058587 2.631055 0.501205
v 0.004563 2.639423 0.526934
v 0.045360 2.658996 0.502233
v 0.027398 2.678173 0.448244
v 0.008567 2.683957 0.400414
v -0.017978 2.676648 0.364806
v -0.065211 2.651043 0.390900
v -0.071112 2.622677 0.568198
v -0.032078 2.626711 0.547982
v -0.094525 2.645613 0.346568
v -0.107421 2.634225 0.412977
v -0.151351 2.631984 0.437830
v -0.171244 2.628640 0.388346
v -0.133733 2.634824 0.364963
v -0.045668 2.660983 0.322527
v 0.165896 2.596700 0.575374
v 0.045360 2.658996 0.502233
v 0.069240 2.626289 0.556241
v 0.132730 2.598600 0.589102
v 0.095497 2.594393 0.606231
v -0.092864 2.345631 -0.155800
v -0.182515 2.337770 -0.155428
v -0.256243 2.575394 0.250317
v -0.276611 2.327524 -0.131260
v -0.365227 2.318586 -0.088720
v -0.182515 2.337770 -0.155428
v -0.276611 2.327524 -0.131260
v -0.365227 2.318586 -0.088720
v -0.016621 2.347311 -0.125155
v -0.041164 2.465034 -0.048652
v 0.129161 2.191504 0.127338
v 0.158729 2.239727 0.072519
v 0.158729 2.239727 0.072519
v 0.023021 2.126022 0.205927
v 0.112162 2.160982 0.120691
v 0.034620 2.147414 0.207724
v -0.333465 1.856372 0.337470
v -0.326970 1.959245 0.322661
v -0.350968 1.729548 0.355884
v -0.540673 1.884696 0.113060
v -0.549723 1.757739 0.120822
v -0.508031 1.875251 0.189574
v -0.506226 1.977911 0.180191
v -0.541023 1.993536 0.103243
v -0.540649 1.760311 0.013433
v -0.527541 1.883935 0.007861
v -0.470108 1.881384 -0.097781
v -0.486354 1.761415 -0.095012
v -0.573806 1.578773 0.024616
v -0.519744 1.584520 -0.091373
v -0.578306 1.571855 0.138456
v -0.466095 1.985316 -0.101206
v -0.525649 1.991042 0.000314
v -0.465847 2.057401 -0.101591
v -0.532491 2.063089 0.091319
v -0.520766 2.061993 -0.006946
v -0.541023 1.993536 0.103243
v -0.465847 2.057401 -0.101591
v -0.466095 1.985316 -0.101206
v -0.470108 1.881384 -0.097781
v -0.486354 1.761415 -0.095012
v -0.401293 1.587214 -0.179163
v -0.379637 1.546996 0.379295
v -0.453573 1.863357 0.249181
v -0.518701 1.751594 0.199420
v -0.468527 1.743609 0.261236
v -0.401433 1.857998 0.303100
v -0.395247 1.956517 0.289797
v -0.448663 1.960304 0.239232
v -0.419411 1.735198 0.318937
v -0.395247 1.956517 0.289797
v -0.333465 1.856372 0.337470
v -0.326970 1.959245 0.322661
v -0.330364 2.023076 0.302923
v -0.398126 2.020711 0.267866
v -0.401433 1.857998 0.303100
v -0.419411 1.735198 0.318937
v -0.350968 1.729548 0.355884
v -0.379637 1.546996 0.379295
v -0.548068 1.565692 0.219813
v -0.500421 1.559219 0.282824
v -0.452706 1.551384 0.341622
v -0.452706 1.551384 0.341622
v -0.519744 1.584520 -0.091373
v -0.448021 2.024406 0.219290
v -0.499652 2.043734 0.165202
v -0.330364 2.023076 0.302923
v -0.341471 2.060874 0.287788
v -0.341471 2.060874 0.287788
v -0.408897 2.063853 0.251793
v -0.451468 2.069517 0.206813
v -0.398126 2.020711 0.267866
v -0.356673 2.085635 0.289496
v -0.422414 2.094101 0.261459
v -0.493217 2.091223 0.153920
v -0.408897 2.063853 0.251793
v -0.451803 2.156654 -0.080504
v -0.366464 2.166066 -0.144050
v -0.462717 2.110162 -0.094914
v -0.532491 2.063089 0.091319
v -0.518640 2.111135 0.084456
v -0.458809 2.108373 0.218441
v -0.488142 2.131942 0.162532
v -0.510624 2.112175 -0.007313
v -0.462717 2.110162 -0.094914
v -0.494706 2.156429 0.002421
v -0.451803 2.156654 -0.080504
v -0.228781 2.144117 0.384085
v -0.368758 2.123268 0.333733
v -0.354065 2.182006 0.434339
v -0.365788 2.143916 0.365213
v -0.319301 2.184223 0.497102
v -0.433136 2.191417 0.361526
v -0.464981 2.195394 0.287864
v -0.432830 2.153399 0.325599
v -0.423136 2.253785 0.444281
v -0.463633 2.247812 0.331118
v -0.354065 2.182006 0.434339
v -0.389028 2.259275 0.511834
v -0.413406 2.329358 0.513897
v -0.450926 2.349462 0.435488
v -0.484173 2.234949 0.224160
v -0.480632 2.301126 0.271147
v -0.439153 2.217394 -0.060042
v -0.435921 2.308395 -0.028682
v -0.479713 2.212502 0.020327
v -0.439153 2.217394 -0.060042
v -0.502946 2.152024 0.090558
v -0.490642 2.201444 0.107703
v -0.484791 2.177135 0.186454
v -0.463219 2.146542 0.250094
v -0.431199 2.120376 0.289917
v -0.422414 2.094101 0.261459
v -0.367537 2.104247 0.305865
v -0.431199 2.120376 0.289917
v -0.356673 2.085635 0.289496
v -0.368758 2.123268 0.333733
v -0.432830 2.153399 0.325599
v -0.341471 2.060874 0.287788
v -0.356673 2.085635 0.289496
v -0.367537 2.104247 0.305865
v -0.246822 2.112318 0.319140
v -0.433136 2.191417 0.361526
v -0.365788 2.143916 0.365213
v -0.432830 2.153399 0.325599
v -0.368758 2.123268 0.333733
v -0.440328 2.431173 0.392990
v -0.416491 2.401285 0.491571
v -0.411699 2.466978 0.462898
v -0.469329 2.347742 0.216179
v -0.488549 2.270792 0.138674
v -0.409394 2.514826 0.362936
v -0.402016 2.532639 0.448064
v -0.310955 2.606735 0.582549
v -0.326628 2.578246 0.533048
v -0.288092 2.594195 0.565874
v -0.360773 2.609732 0.574047
v -0.346766 2.594115 0.551577
v -0.269037 2.589456 0.622854
v -0.302689 2.604141 0.626268
v -0.339097 2.619438 0.599788
v -0.378507 2.609350 0.570731
v -0.382199 2.561645 0.521374
v -0.356425 2.625370 0.610616
v -0.380544 2.480322 0.515774
v -0.408422 2.367977 0.524702
v -0.382199 2.561645 0.521374
v -0.393479 2.565331 0.457548
v -0.367570 2.412581 0.549762
v -0.276979 2.184401 0.560225
v -0.242644 2.191684 0.603710
v -0.257269 2.600058 0.357952
v -0.345188 2.439672 0.045219
v -0.403454 2.416778 0.097031
v -0.309305 2.556829 0.281906
v -0.219535 2.622519 0.417197
v -0.291060 2.611907 0.452039
v -0.171244 2.628640 0.388346
v -0.450080 2.392482 0.145437
v -0.363360 2.537097 0.316078
v -0.322442 2.583391 0.390537
v -0.114932 2.245979 0.744514
v -0.146814 2.228348 0.704369
v -0.078278 2.266193 0.783251
v -0.033672 2.289135 0.812659
v -0.211717 2.202467 0.637350
v -0.179589 2.214205 0.669853
v -0.120266 2.321326 0.798103
v -0.033672 2.289135 0.812659
v -0.074546 2.336944 0.826647
v -0.159172 2.307168 0.761407
v -0.078278 2.266193 0.783251
v -0.169105 2.372026 0.756811
v 0.015119 2.316871 0.837050
v -0.034193 2.355642 0.847916
v -0.128948 2.383140 0.792369
v -0.082142 2.446984 0.806069
v -0.121273 2.433196 0.774104
v -0.086513 2.395990 0.824045
v -0.047429 2.411997 0.853806
v -0.053347 2.457418 0.831000
v -0.011377 2.378616 0.862716
v -0.016472 2.412846 0.869714
v -0.074387 2.594505 0.634579
v -0.117411 2.622978 0.590972
v -0.036115 2.565267 0.678023
v -0.194630 2.294260 0.723441
v -0.114932 2.245979 0.744514
v -0.247219 2.348197 0.691707
v -0.231074 2.282511 0.690827
v -0.146814 2.228348 0.704369
v -0.208144 2.360948 0.721782
v -0.165314 2.420640 0.741697
v -0.210081 2.406651 0.710995
v -0.113526 2.479853 0.745711
v -0.162372 2.458322 0.722962
v -0.206124 2.443833 0.692986
v -0.251402 2.388583 0.684132
v -0.243892 2.407350 0.670382
v -0.174833 2.490356 0.707532
v -0.074389 2.485444 0.781560
v 0.005943 2.474085 0.845873
v -0.008548 2.442820 0.866777
v 0.016873 2.429233 0.871553
v -0.032896 2.477632 0.835707
v -0.017459 2.465111 0.850067
v -0.034644 2.505083 0.808844
v -0.011377 2.378616 0.862716
v 0.024118 2.373531 0.860299
v -0.016472 2.412846 0.869714
v -0.017459 2.465111 0.850067
v -0.012157 2.442457 0.854757
v -0.008548 2.442820 0.866777
v -0.032896 2.477632 0.835707
v -0.027812 2.464894 0.834620
v -0.017889 2.456825 0.843937
v -0.008081 2.441489 0.823763
v -0.003560 2.429781 0.832816
v -0.016011 2.448061 0.815923
v -0.060844 2.521599 0.757655
v -0.076207 2.506885 0.759359
v -0.034644 2.505083 0.808844
v -0.037037 2.435799 0.857119
v -0.040250 2.459494 0.842341
v -0.032896 2.477632 0.835707
v 0.015119 2.316871 0.837050
v 0.097647 2.346393 0.838175
v -0.009458 2.549881 0.718123
v -0.069444 2.553859 0.699385
v -0.037217 2.535854 0.741502
v 0.005012 2.545466 0.740330
v 0.097647 2.346393 0.838175
v 0.015119 2.316871 0.837050
v -0.034193 2.355642 0.847916
v -0.020772 2.431645 0.867196
v -0.020772 2.431645 0.867196
v -0.037037 2.435799 0.857119
v -0.020010 2.435252 0.854996
v -0.030464 2.437928 0.848443
v -0.020772 2.431645 0.867196
v -0.012157 2.442457 0.854757
v -0.020772 2.431645 0.867196
v -0.008548 2.442820 0.866777
v -0.020010 2.435252 0.854996
v 0.044470 2.524112 0.800040
v -0.007226 2.532990 0.768734
v -0.034644 2.505083 0.808844
v -0.060844 2.521599 0.757655
v -0.372348 2.371748 0.572875
v -0.369833 2.326931 0.579447
v -0.332947 2.371118 0.617012
v -0.323546 2.390919 0.601420
v -0.328249 2.329526 0.626310
v -0.332947 2.371118 0.617012
v -0.291854 2.374090 0.654842
v -0.283178 2.389821 0.641865
v -0.323546 2.390919 0.601420
v -0.251402 2.388583 0.684132
v -0.291854 2.374090 0.654842
v -0.287738 2.336768 0.661353
v -0.344466 2.258012 0.579764
v -0.305844 2.263397 0.625282
v -0.268533 2.272147 0.659342
v -0.352219 2.537577 0.516385
v -0.288092 2.594195 0.565874
v -0.326628 2.578246 0.533048
v -0.269667 2.559839 0.560388
v -0.306385 2.543864 0.526491
v -0.291990 2.472673 0.540066
v -0.306385 2.543864 0.526491
v -0.352219 2.537577 0.516385
v -0.329589 2.519203 0.515983
v -0.380544 2.480322 0.515774
v -0.353971 2.476177 0.520826
v -0.326628 2.578246 0.533048
v -0.326269 2.468642 0.516398
v -0.323546 2.390919 0.601420
v -0.264683 2.389668 0.624285
v -0.304489 2.391770 0.583256
v -0.336739 2.419131 0.543911
v -0.367570 2.412581 0.549762
v -0.283178 2.389821 0.641865
v -0.243892 2.407350 0.670382
v -0.226043 2.408274 0.652432
v -0.264683 2.389668 0.624285
v -0.250714 2.408703 0.602367
v -0.289435 2.407690 0.562678
v -0.336739 2.419131 0.543911
v -0.304489 2.391770 0.583256
v -0.317726 2.426753 0.538636
v -0.289435 2.407690 0.562678
v -0.331070 2.639274 0.529892
v -0.271889 2.636029 0.498318
v -0.376677 2.569861 0.424474
v -0.362835 2.604447 0.497466
v -0.203880 2.635518 0.466072
v -0.190317 2.639952 0.508780
v -0.252421 2.648973 0.537701
v -0.307270 2.657776 0.563954
v -0.220123 2.644229 0.578607
v -0.158783 2.636977 0.549716
v -0.276676 2.652251 0.601292
v -0.341785 2.666929 0.582763
v -0.315633 2.661874 0.607480
v -0.393479 2.565331 0.457548
v -0.241016 2.623905 0.646327
v -0.175890 2.623359 0.619635
v -0.179589 2.214205 0.669853
v -0.211717 2.202467 0.637350
v -0.276979 2.184401 0.560225
v -0.319301 2.184223 0.497102
v -0.242644 2.191684 0.603710
v -0.243892 2.407350 0.670382
v -0.385249 2.587565 0.511126
v -0.372866 2.638432 0.555645
v -0.381264 2.621733 0.562565
v -0.356207 2.660270 0.595954
v -0.357137 2.651003 0.556067
v -0.372866 2.638432 0.555645
v -0.361606 2.642697 0.607290
v -0.356207 2.660270 0.595954
v -0.381264 2.621733 0.562565
v -0.378507 2.609350 0.570731
v -0.361606 2.642697 0.607290
v -0.381264 2.621733 0.562565
v -0.385249 2.587565 0.511126
v -0.356425 2.625370 0.610616
v -0.276676 2.652251 0.601292
v -0.312688 2.650290 0.626490
v -0.241016 2.623905 0.646327
v -0.315633 2.661874 0.607480
v -0.306562 2.625684 0.640309
v -0.234591 2.588171 0.668760
v -0.356207 2.660270 0.595954
v -0.312688 2.650290 0.626490
v -0.341785 2.666929 0.582763
v -0.341785 2.666929 0.582763
v -0.269037 2.589456 0.622854
v -0.301740 2.604751 0.642402
v -0.302689 2.604141 0.626268
v -0.214827 2.547132 0.648076
v -0.222524 2.552693 0.672295
v -0.247948 2.581757 0.609413
v -0.301740 2.604751 0.642402
v -0.312688 2.650290 0.626490
v -0.156681 2.574677 0.682819
v -0.361606 2.642697 0.607290
v -0.301740 2.604751 0.642402
v -0.234591 2.588171 0.668760
v -0.306562 2.625684 0.640309
v -0.222524 2.552693 0.672295
v -0.361606 2.642697 0.607290
v -0.356425 2.625370 0.610616
v -0.163185 2.515907 0.708930
v -0.163999 2.547317 0.700015
v -0.356207 2.660270 0.595954
v -0.254817 2.481731 0.576766
v -0.233109 2.556470 0.600698
v -0.250714 2.408703 0.602367
v -0.218147 2.489003 0.611569
v -0.289435 2.407690 0.562678
v -0.211922 2.535924 0.630714
v -0.214827 2.547132 0.648076
v -0.247948 2.581757 0.609413
v -0.212567 2.424481 0.632183
v -0.198459 2.451000 0.648295
v -0.194721 2.493974 0.642190
v -0.329589 2.519203 0.515983
v -0.326269 2.468642 0.516398
v -0.317726 2.426753 0.538636
v -0.206124 2.443833 0.692986
v -0.198459 2.451000 0.648295
v -0.212567 2.424481 0.632183
v -0.199619 2.444653 0.666866
v -0.367570 2.412581 0.549762
v -0.382199 2.561645 0.521374
v -0.199479 2.495162 0.687059
v -0.222524 2.552693 0.672295
v -0.197307 2.496223 0.666313
v -0.211922 2.535924 0.630714
v -0.194721 2.493974 0.642190
v -0.199619 2.444653 0.666866
v -0.206124 2.443833 0.692986
v -0.198459 2.451000 0.648295
v -0.247948 2.581757 0.609413
v -0.163185 2.515907 0.708930
v -0.107128 2.516157 0.731167
v -0.163999 2.547317 0.700015
v -0.113526 2.479853 0.745711
v -0.096038 2.538733 0.718255
v -0.199479 2.495162 0.687059
v -0.175890 2.623359 0.619635
v -0.120697 2.588130 0.659271
v -0.096038 2.538733 0.718255
v -0.107128 2.516157 0.731167
v -0.402016 2.532639 0.448064
v -0.409394 2.514826 0.362936
v -0.027812 2.464894 0.834620
v -0.040250 2.459494 0.842341
v -0.032534 2.453202 0.838886
v -0.032896 2.477632 0.835707
v -0.016011 2.448061 0.815923
v -0.037037 2.435799 0.857119
v -0.030464 2.437928 0.848443
v -0.018311 2.426081 0.827403
v -0.019881 2.438529 0.819433
v -0.006396 2.432513 0.804329
v -0.007866 2.418845 0.811522
v -0.006774 2.423413 0.800392
v -0.006774 2.423413 0.800392
v 0.000513 2.412464 0.810767
v 0.002306 2.415792 0.798174
v 0.001980 2.425634 0.803767
v -0.006774 2.423413 0.800392
v 0.002306 2.415792 0.798174
v -0.006396 2.432513 0.804329
v 0.001980 2.425634 0.803767
v 0.000513 2.412464 0.810767
v 0.001269 2.421148 0.814946
v 0.002306 2.415792 0.798174
v -0.009921 2.423905 0.832947
v -0.003560 2.429781 0.832816
v 0.001269 2.421148 0.814946
v -0.012157 2.442457 0.854757
v -0.020010 2.435252 0.854996
v -0.020010 2.435252 0.854996
v -0.009921 2.423905 0.832947
v -0.030464 2.437928 0.848443
v 0.000513 2.412464 0.810767
v -0.007866 2.418845 0.811522
v -0.018311 2.426081 0.827403
v 0.000513 2.412464 0.810767
v -0.006396 2.432513 0.804329
v 0.001980 2.425634 0.803767
v -0.203880 2.635518 0.466072
v -0.190317 2.639952 0.508780
v -0.158783 2.636977 0.549716
v -0.117411 2.622978 0.590972
v -0.219535 2.622519 0.417197
v -0.096038 2.538733 0.718255
v -0.069444 2.553859 0.699385
v -0.074387 2.594505 0.634579
v -0.117411 2.622978 0.590972
v -0.036115 2.565267 0.678023
v -0.469329 2.347742 0.216179
v -0.435921 2.308395 -0.028682
v -0.435921 2.308395 -0.028682
v -0.475300 2.294274 0.049755
v -0.475300 2.294274 0.049755
v -0.450080 2.392482 0.145437
v -0.367537 2.104247 0.305865
v -0.247290 2.097013 0.305823
v 0.252746 2.527688 0.311281
v 0.260322 2.583794 0.311924
v 0.263345 2.547771 0.335825
v 0.249378 2.567839 0.284624
v 0.262932 2.598879 0.341676
v 0.265403 2.569443 0.361193
v 0.245044 2.622341 0.299370
v 0.257502 2.546517 0.387014
v 0.241935 2.496455 0.346538
v 0.232337 2.610817 0.270618
v 0.234328 2.510563 0.289230
v 0.230844 2.552103 0.261633
v 0.054106 2.512961 0.270310
v 0.041142 2.543743 0.268300
v 0.049799 2.544053 0.258681
v 0.032004 2.530686 0.288091
v 0.034893 2.539051 0.278628
v 0.081918 2.499220 0.257807
v 0.079026 2.490857 0.267264
v 0.072775 2.486160 0.277586
v 0.064116 2.485846 0.287202
v 0.054370 2.489961 0.294651
v 0.045018 2.497882 0.298797
v 0.037484 2.508404 0.299007
v 0.059548 2.539929 0.251236
v 0.076440 2.521488 0.246893
v 0.081010 2.509975 0.250654
v 0.032914 2.519925 0.295247
v 0.068904 2.532007 0.247097
v 0.113546 2.490396 0.251432
v 0.107956 2.474242 0.269697
v 0.257031 2.612061 0.371855
v 0.243979 2.611584 0.407496
v 0.258783 2.591229 0.385660
v 0.176478 2.525514 0.234432
v 0.179508 2.489535 0.258354
v 0.144355 2.516474 0.232082
v 0.205980 2.537665 0.244515
v 0.209350 2.497543 0.271181
v 0.169821 2.461552 0.289981
v 0.146833 2.487091 0.251621
v 0.138924 2.464248 0.277445
v 0.111793 2.511172 0.237615
v 0.209350 2.497543 0.271181
v 0.205980 2.537665 0.244515
v 0.258783 2.591229 0.385660
v 0.253203 2.574996 0.403927
v 0.250456 2.630366 0.331428
v 0.257031 2.612061 0.371855
v 0.213200 2.596587 0.247127
v 0.243026 2.622440 0.400410
v 0.221871 2.629304 0.425396
v 0.243979 2.611584 0.407496
v 0.257031 2.612061 0.371855
v 0.235527 2.610739 0.419436
v 0.121839 2.451402 0.305632
v 0.095876 2.465165 0.289632
v 0.234328 2.510563 0.289230
v 0.198545 2.466327 0.306452
v 0.209350 2.497543 0.271181
v 0.223139 2.478236 0.325740
v 0.175208 2.448741 0.344952
v 0.169821 2.461552 0.289981
v 0.179508 2.489535 0.258354
v 0.252746 2.527688 0.311281
v 0.241935 2.496455 0.346538
v 0.253658 2.519730 0.367440
v 0.148897 2.445803 0.324500
v 0.138924 2.464248 0.277445
v 0.241051 2.603231 0.417021
v 0.253203 2.574996 0.403927
v 0.234814 2.598477 0.427357
v 0.241146 2.565817 0.423884
v 0.198983 2.460005 0.365600
v 0.235527 2.610739 0.419436
v 0.230000 2.609943 0.426632
v 0.257502 2.546517 0.387014
v 0.226175 2.598102 0.436999
v 0.224457 2.565073 0.442505
v 0.098185 2.450504 0.331899
v 0.121839 2.451402 0.305632
v 0.218608 2.478816 0.385045
v 0.186332 2.477406 0.420957
v 0.165551 2.458604 0.402759
v 0.203840 2.502538 0.434204
v 0.253658 2.519730 0.367440
v 0.232749 2.503893 0.401970
v 0.240441 2.533555 0.415222
v 0.216837 2.532480 0.441548
v 0.079150 2.464545 0.308208
v 0.142905 2.447436 0.380835
v 0.119930 2.444670 0.356669
v 0.240441 2.533555 0.415222
v 0.257502 2.546517 0.387014
v 0.216837 2.532480 0.441548
v 0.060324 2.472483 0.322600
v 0.098185 2.450504 0.331899
v 0.218002 2.609927 0.439025
v 0.216451 2.602166 0.444478
v 0.224571 2.609747 0.432672
v 0.205680 2.572887 0.456964
v 0.071567 2.461703 0.352258
v 0.087341 2.458333 0.381615
v 0.127958 2.474235 0.431605
v 0.106573 2.462604 0.408675
v 0.171305 2.516055 0.459221
v 0.150039 2.492456 0.448846
v 0.190290 2.543480 0.462000
v 0.187673 2.588089 0.465061
v 0.164808 2.565029 0.473433
v 0.171305 2.516055 0.459221
v 0.203840 2.502538 0.434204
v 0.071567 2.461703 0.352258
v 0.071718 2.492117 0.424220
v 0.042262 2.487781 0.330616
v 0.207118 2.610063 0.448653
v 0.140087 2.542472 0.473211
v 0.091888 2.504769 0.447722
v 0.027712 2.508114 0.331030
v 0.144263 2.593836 0.474089
v 0.173145 2.608443 0.465522
v 0.056077 2.484810 0.395532
v 0.046032 2.483330 0.363607
v 0.071567 2.461703 0.352258
v 0.106573 2.462604 0.408675
v 0.071718 2.492117 0.424220
v 0.087341 2.458333 0.381615
v 0.030888 2.520059 0.396279
v 0.042262 2.487781 0.330616
v 0.060324 2.472483 0.322600
v 0.115211 2.521931 0.464435
v 0.114926 2.577759 0.474016
v 0.140087 2.542472 0.473211
v 0.025459 2.512096 0.364203
v 0.087143 2.561286 0.465327
v 0.115211 2.521931 0.464435
v 0.099619 2.616537 0.461455
v 0.207118 2.610063 0.448653
v 0.218002 2.609927 0.439025
v 0.199592 2.620600 0.448881
v 0.195017 2.632172 0.445124
v 0.164301 2.630836 0.458258
v 0.173145 2.608443 0.465522
v 0.043632 2.531452 0.425074
v 0.012969 2.543612 0.353933
v 0.015582 2.558705 0.383693
v 0.091888 2.504769 0.447722
v 0.062821 2.545507 0.448627
v 0.045128 2.590257 0.434082
v 0.131760 2.625510 0.463825
v 0.018882 2.530381 0.323768
v 0.027712 2.508114 0.331030
v 0.115211 2.521931 0.464435
v 0.087143 2.561286 0.465327
v 0.070070 2.604516 0.451311
v 0.114926 2.577759 0.474016
v 0.099619 2.616537 0.461455
v 0.164301 2.630836 0.458258
v 0.096446 2.652908 0.437346
v 0.194090 2.643010 0.437951
v 0.162471 2.651857 0.444345
v 0.129163 2.655242 0.444135
v 0.017120 2.551182 0.309938
v 0.026548 2.574621 0.411027
v 0.041537 2.632046 0.406336
v 0.066557 2.645000 0.424450
v 0.018882 2.530381 0.323768
v 0.194090 2.643010 0.437951
v 0.023103 2.614918 0.384255
v 0.010469 2.573050 0.334363
v 0.096446 2.652908 0.437346
v 0.017120 2.551182 0.309938
v 0.168002 2.668167 0.426001
v 0.136984 2.678282 0.418186
v 0.012508 2.594791 0.359709
v 0.022696 2.567345 0.291649
v 0.033843 2.646199 0.348876
v 0.022148 2.622813 0.328004
v 0.018347 2.595916 0.308488
v 0.106033 2.681081 0.405572
v 0.203964 2.645220 0.427608
v 0.022696 2.567345 0.291649
v 0.106033 2.681081 0.405572
v 0.100558 2.693934 0.350444
v 0.077265 2.676368 0.389028
v 0.066557 2.645000 0.424450
v 0.096446 2.652908 0.437346
v 0.041537 2.632046 0.406336
v 0.052642 2.664469 0.369689
v 0.196960 2.651449 0.428467
v 0.154025 2.691189 0.389929
v 0.180051 2.677310 0.406023
v 0.023103 2.614918 0.384255
v 0.076761 2.682633 0.329749
v 0.033843 2.646199 0.348876
v 0.057145 2.663729 0.310303
v 0.022148 2.622813 0.328004
v 0.126911 2.696855 0.370972
v 0.155899 2.697882 0.338818
v 0.132891 2.695072 0.314584
v 0.110224 2.683816 0.292605
v 0.089463 2.664872 0.274414
v 0.203193 2.656196 0.418122
v 0.018347 2.595916 0.308488
v 0.034765 2.576410 0.271692
v 0.035412 2.608737 0.280259
v 0.051491 2.577003 0.253110
v 0.072016 2.639546 0.261244
v 0.043044 2.638523 0.293425
v 0.136984 2.678282 0.418186
v 0.154025 2.691189 0.389929
v 0.177684 2.692044 0.363663
v 0.203964 2.645220 0.427608
v 0.209860 2.646598 0.420722
v 0.196766 2.677941 0.387429
v 0.211839 2.656540 0.408488
v 0.035412 2.608737 0.280259
v 0.018347 2.595916 0.308488
v 0.059067 2.609574 0.253981
v 0.204320 2.680783 0.343325
v 0.188530 2.684081 0.313923
v 0.147921 2.667867 0.263889
v 0.215512 2.646574 0.414678
v 0.215592 2.669992 0.373034
v 0.221660 2.646070 0.407738
v 0.125867 2.649474 0.246663
v 0.180051 2.677310 0.406023
v 0.196766 2.677941 0.387429
v 0.215592 2.669992 0.373034
v 0.059067 2.609574 0.253981
v 0.070326 2.569037 0.238730
v 0.104650 2.625744 0.236352
v 0.169294 2.679673 0.286830
v 0.184082 2.637238 0.247920
v 0.085708 2.598307 0.233650
v 0.088402 2.553730 0.230739
v 0.221579 2.652435 0.401029
v 0.230926 2.644514 0.396875
v 0.233657 2.654681 0.365023
v 0.072016 2.639546 0.261244
v 0.104650 2.625744 0.236352
v 0.111274 2.576657 0.222355
v 0.169294 2.679673 0.286830
v 0.219834 2.657556 0.300072
v 0.204216 2.650087 0.271393
v 0.147921 2.667867 0.263889
v 0.184082 2.637238 0.247920
v 0.160804 2.619888 0.231253
v 0.215592 2.669992 0.373034
v 0.229875 2.659124 0.332006
v 0.204320 2.680783 0.343325
v 0.233657 2.654681 0.365023
v 0.188530 2.684081 0.313923
v 0.131869 2.547922 0.221805
v 0.102964 2.533411 0.230348
v 0.161189 2.564030 0.221852
v 0.135966 2.599225 0.222526
v 0.160804 2.619888 0.231253
v 0.125867 2.649474 0.246663
v 0.160804 2.619888 0.231253
v 0.188933 2.580628 0.230495
v 0.248209 2.634340 0.364609
v 0.188933 2.580628 0.230495
v 0.248209 2.634340 0.364609
v 0.176478 2.525514 0.234432
v 0.161189 2.564030 0.221852
v 0.238457 2.633981 0.396658
v 0.257031 2.612061 0.371855
v 0.248209 2.634340 0.364609
v 0.243026 2.622440 0.400410
v 0.238457 2.633981 0.396658
v 0.215512 2.646574 0.414678
v 0.209860 2.646598 0.420722
v 0.230926 2.644514 0.396875
v 0.221660 2.646070 0.407738
v 0.248209 2.634340 0.364609
v 0.224571 2.609747 0.432672
v 0.230000 2.609943 0.426632
v -0.330048 2.398762 0.628530
v -0.351682 2.448406 0.645061
v -0.363183 2.432327 0.618085
v -0.321973 2.418288 0.654422
v -0.309598 2.442244 0.674152
v -0.333858 2.466859 0.666509
v -0.367079 2.486927 0.632580
v -0.333275 2.384996 0.598236
v -0.285992 2.379667 0.633907
v -0.282469 2.401130 0.659244
v -0.277338 2.428204 0.678093
v -0.261671 2.443104 0.442226
v -0.294289 2.439472 0.448738
v -0.293916 2.451741 0.444636
v -0.289683 2.427967 0.452477
v -0.242360 2.469990 0.437456
v -0.233474 2.460993 0.440266
v -0.288620 2.462905 0.440798
v -0.228869 2.449481 0.444004
v -0.229246 2.437209 0.448098
v -0.279208 2.471267 0.437809
v -0.267111 2.475550 0.436125
v -0.234545 2.426047 0.451930
v -0.243960 2.417693 0.454916
v -0.256056 2.413415 0.456603
v -0.268993 2.413867 0.456732
v -0.280801 2.418977 0.455284
v -0.254172 2.475102 0.436001
v -0.310923 2.486422 0.680971
v -0.293765 2.468998 0.686378
v -0.275606 2.496647 0.690256
v -0.263738 2.491568 0.691718
v -0.324654 2.378000 0.532844
v -0.364572 2.411444 0.555144
v -0.354371 2.408076 0.523460
v -0.313401 2.385274 0.502194
v -0.285151 2.360901 0.537675
v -0.337667 2.409836 0.494528
v -0.315604 2.416620 0.470317
v -0.298444 2.399252 0.475739
v -0.281147 2.371318 0.506141
v -0.367579 2.419718 0.587417
v -0.331433 2.377908 0.565601
v -0.380357 2.475275 0.604159
v -0.385361 2.464171 0.572992
v -0.270948 2.459049 0.689171
v -0.293765 2.468998 0.686378
v -0.310923 2.486422 0.680971
v -0.346428 2.498324 0.656322
v -0.364572 2.411444 0.555144
v -0.381753 2.454376 0.541202
v -0.284437 2.505759 0.687465
v -0.275606 2.496647 0.690256
v -0.256204 2.523551 0.685553
v -0.310923 2.486422 0.680971
v -0.261567 2.500778 0.689943
v -0.331433 2.377908 0.565601
v -0.275635 2.389382 0.478532
v -0.250646 2.388506 0.478276
v -0.245809 2.370070 0.505772
v -0.333275 2.384996 0.598236
v -0.287374 2.358830 0.570987
v -0.287663 2.365236 0.603808
v -0.331433 2.377908 0.565601
v -0.285151 2.360901 0.537675
v -0.239102 2.357088 0.570476
v -0.237684 2.363407 0.603281
v -0.330048 2.398762 0.628530
v -0.241872 2.359357 0.537219
v -0.324654 2.378000 0.532844
v -0.281147 2.371318 0.506141
v -0.270948 2.459049 0.689171
v -0.250788 2.491058 0.691601
v -0.285992 2.379667 0.633907
v -0.237711 2.377872 0.633403
v -0.245938 2.458071 0.688933
v -0.238674 2.495275 0.689937
v -0.261567 2.500778 0.689943
v -0.277338 2.428204 0.678093
v -0.241979 2.426840 0.677742
v -0.222536 2.466198 0.685712
v -0.245809 2.370070 0.505772
v -0.212762 2.381716 0.501154
v -0.201396 2.373588 0.531561
v -0.190933 2.379747 0.596754
v -0.192538 2.393598 0.627114
v -0.198650 2.413507 0.653187
v -0.282469 2.401130 0.659244
v -0.208886 2.438310 0.673174
v -0.227279 2.396757 0.475014
v -0.212762 2.381716 0.501154
v -0.193953 2.372919 0.564166
v -0.241979 2.426840 0.677742
v -0.277338 2.428204 0.678093
v -0.239175 2.399498 0.658798
v -0.208886 2.438310 0.673174
v -0.252801 2.503144 0.689354
v -0.245216 2.505828 0.688304
v -0.209088 2.412884 0.469248
v -0.204299 2.482201 0.680007
v -0.229238 2.503579 0.686980
v -0.236948 2.509290 0.686574
v -0.187032 2.404498 0.493004
v -0.169873 2.401435 0.521587
v -0.158778 2.403908 0.553055
v -0.154499 2.411756 0.585272
v -0.167074 2.441208 0.643284
v -0.157327 2.424469 0.616048
v -0.198650 2.413507 0.653187
v -0.183089 2.460891 0.665107
v -0.187032 2.404498 0.493004
v -0.194005 2.503664 0.672690
v -0.138951 2.445517 0.538838
v -0.133956 2.454813 0.570579
v -0.167074 2.441208 0.643284
v -0.149264 2.478471 0.630590
v -0.168542 2.491296 0.654750
v -0.223920 2.514717 0.683178
v -0.137471 2.466040 0.601876
v -0.149264 2.478471 0.630590
v -0.198115 2.458156 0.453952
v -0.198845 2.434444 0.461855
v -0.167471 2.524883 0.643654
v -0.193249 2.527399 0.664838
v -0.152110 2.438758 0.508819
v -0.187032 2.404498 0.493004
v -0.172538 2.434980 0.482562
v -0.158778 2.403908 0.553055
v -0.169873 2.401435 0.521587
v -0.150829 2.479861 0.495166
v -0.209088 2.412884 0.469248
v -0.198845 2.434444 0.461855
v -0.147952 2.519614 0.617003
v -0.171499 2.468526 0.471400
v -0.136012 2.511926 0.586714
v -0.138951 2.445517 0.538838
v -0.137512 2.491383 0.523634
v -0.163370 2.558364 0.604527
v -0.180064 2.556536 0.633463
v -0.207012 2.480409 0.446734
v -0.223920 2.514717 0.683178
v -0.223534 2.527003 0.679104
v -0.236948 2.509290 0.686574
v -0.228142 2.538568 0.675373
v -0.202155 2.549776 0.657628
v -0.184084 2.500020 0.461192
v -0.166250 2.518481 0.482659
v -0.133956 2.454813 0.570579
v -0.154722 2.534522 0.509677
v -0.150279 2.547033 0.540413
v -0.132456 2.502312 0.554862
v -0.137471 2.466040 0.601876
v -0.202155 2.549776 0.657628
v -0.198115 2.458156 0.453952
v -0.207012 2.480409 0.446734
v -0.153211 2.555126 0.572791
v -0.136012 2.511926 0.586714
v -0.137471 2.466040 0.601876
v -0.163370 2.558364 0.604527
v -0.147952 2.519614 0.617003
v -0.193216 2.588832 0.594982
v -0.204436 2.581447 0.625670
v -0.219381 2.567389 0.652131
v -0.237040 2.547642 0.672552
v -0.224181 2.497801 0.441299
v -0.208373 2.524637 0.453495
v -0.186479 2.589025 0.562165
v -0.184680 2.582003 0.529465
v -0.224181 2.497801 0.441299
v -0.237040 2.547642 0.672552
v -0.187930 2.568234 0.499127
v -0.196009 2.548662 0.473217
v -0.193216 2.588832 0.594982
v -0.193249 2.527399 0.664838
v -0.236773 2.595601 0.621610
v -0.242245 2.577416 0.649267
v -0.248869 2.552828 0.671080
v -0.247005 2.507680 0.438480
v -0.240658 2.538618 0.449497
v -0.232054 2.587376 0.493634
v -0.235560 2.565802 0.468306
v -0.232814 2.606122 0.590012
v -0.247005 2.507680 0.438480
v -0.250928 2.544594 0.675151
v -0.272005 2.508544 0.438714
v -0.193216 2.588832 0.594982
v -0.186479 2.589025 0.562165
v -0.232814 2.606122 0.590012
v -0.230633 2.608255 0.556634
v -0.184680 2.582003 0.529465
v -0.278952 2.609977 0.557054
v -0.276142 2.607692 0.590381
v -0.230374 2.601859 0.523760
v -0.272155 2.596910 0.621907
v -0.267265 2.578357 0.649479
v -0.261823 2.553330 0.671188
v -0.187930 2.568234 0.499127
v -0.280393 2.603621 0.524199
v -0.232054 2.587376 0.493634
v -0.235560 2.565802 0.468306
v -0.280364 2.589063 0.494063
v -0.327123 2.587063 0.530721
v -0.324082 2.593978 0.563366
v -0.316607 2.593354 0.596038
v -0.325505 2.573069 0.500357
v -0.240658 2.538618 0.449497
v -0.276017 2.539841 0.449821
v -0.295374 2.500266 0.441968
v -0.309065 2.528132 0.454424
v -0.319344 2.552965 0.474336
v -0.236773 2.595601 0.621610
v -0.272155 2.596910 0.621907
v -0.305204 2.585220 0.626513
v -0.290646 2.570118 0.652717
v -0.267265 2.578357 0.649479
v -0.290646 2.570118 0.652717
v -0.273932 2.549082 0.672857
v -0.250928 2.544594 0.675151
v -0.259816 2.542701 0.676317
v -0.267443 2.539740 0.677506
v -0.278870 2.567306 0.468697
v -0.276017 2.539841 0.449821
v -0.309065 2.528132 0.454424
v -0.240658 2.538618 0.449497
v -0.363466 2.554734 0.542309
v -0.359197 2.562758 0.574543
v -0.348097 2.565367 0.606046
v -0.330922 2.562376 0.634673
v -0.313555 2.484112 0.447746
v -0.308840 2.553980 0.658475
v -0.283355 2.540738 0.675831
v -0.275880 2.536010 0.678508
v -0.360616 2.541850 0.511541
v -0.308840 2.553980 0.658475
v -0.334774 2.505284 0.462600
v -0.350827 2.524979 0.484357
v -0.380362 2.500167 0.525894
v -0.383917 2.511581 0.557154
v -0.323782 2.462543 0.455165
v -0.319081 2.532406 0.665869
v -0.288660 2.529575 0.679652
v -0.319344 2.552965 0.474336
v -0.349235 2.474779 0.473098
v -0.350827 2.524979 0.484357
v -0.368535 2.487615 0.497219
v -0.359197 2.562758 0.574543
v -0.378957 2.521075 0.588869
v -0.365820 2.527997 0.618879
v -0.363466 2.554734 0.542309
v -0.383917 2.511581 0.557154
v -0.308840 2.553980 0.658475
v -0.345398 2.531863 0.645142
v -0.319081 2.532406 0.665869
v -0.330922 2.562376 0.634673
v -0.319812 2.508685 0.673769
v -0.324501 2.438843 0.463092
v -0.350250 2.441263 0.484311
v -0.369779 2.446564 0.510950
v -0.348097 2.565367 0.606046
v -0.381753 2.454376 0.541202
v -0.380362 2.500167 0.525894
v -0.360616 2.541850 0.511541
v -0.319812 2.508685 0.673769
v -0.380362 2.500167 0.525894
v -0.354371 2.408076 0.523460
v -0.289040 2.517293 0.683738
v -0.369779 2.446564 0.510950
v -0.310923 2.486422 0.680971
v -0.284437 2.505759 0.687465
v -0.319812 2.508685 0.673769
v -0.289040 2.517293 0.683738
v -0.267443 2.539740 0.677506
v -0.259816 2.542701 0.676317
v -0.288660 2.529575 0.679652
v -0.275880 2.536010 0.678508
v -0.319812 2.508685 0.673769
v -0.245216 2.505828 0.688304
v -0.252801 2.503144 0.689354
vn 0.0415 -0.9866 0.1577
vn -0.0415 0.9866 -0.1577
vn 0.9732 0.0042 -0.2299
vn 0.2262 0.1630 0.9603
vn -0.9732 -0.0042 0.2299
vn -0.2262 -0.1630 -0.9603
vn 0.9732 0.0042 -0.2300
vn -0.9732 -0.0042 0.2300
vn 0.1633 0.0674 -0.9843
vn 0.1599 0.0191 -0.9869
vn 0.1639 0.0757 -0.9836
vn 0.1158 0.2041 -0.9721
vn 0.1067 0.2179 -0.9701
vn 0.8067 0.1347 -0.5754
vn 0.8111 0.0112 -0.5848
vn 0.8059 0.1432 -0.5745
vn 0.9790 0.1289 0.1578
vn 0.9871 -0.0033 0.1599
vn 0.9801 0.1204 0.1581
vn 0.8657 0.4605 0.1961
vn 0.5874 0.0407 0.8083
vn 0.5849 -0.0159 0.8109
vn 0.5872 0.0325 0.8088
vn 0.5403 0.1691 0.8243
vn -0.1654 -0.0702 0.9837
vn -0.1599 -0.0191 0.9869
vn -0.1647 -0.0634 0.9843
vn -0.1197 -0.1967 0.9731
vn -0.8113 -0.1107 0.5741
vn -0.8111 -0.0112 0.5848
vn -0.8114 -0.1058 0.5748
vn -0.7129 -0.4324 0.5521
vn -0.8884 -0.4179 -0.1902
vn -0.8784 -0.4369 -0.1935
vn -0.9838 -0.0916 -0.1543
vn -0.9833 -0.0966 -0.1539
vn -0.9871 0.0033 -0.1599
vn -0.5883 -0.0285 -0.8081
vn -0.5849 0.0159 -0.8109
vn -0.5888 -0.0353 -0.8075
vn -0.5443 -0.1616 -0.8232
vn -0.5343 -0.1778 -0.8264
vn -0.0002 -0.9998 -0.0194
vn -0.4090 -0.3063 -0.8596
vn -0.2714 -0.3642 -0.8909
vn -0.4077 -0.3071 -0.8599
vn 0.6829 0.4875 -0.5441
vn 0.6904 0.4749 -0.5457
vn -0.1094 -0.2129 0.9709
vn 0.0164 -0.3414 0.9398
vn -0.0186 0.3431 -0.9391
vn -0.0192 0.3435 -0.9389
vn 0.8584 0.4730 0.1985
vn 0.5554 0.7835 0.2787
vn 0.5558 0.7833 0.2786
vn -0.7027 -0.4514 0.5499
vn 0.5315 0.1828 0.8271
vn 0.4067 0.3081 0.8600
vn 0.2290 0.9072 0.3529
vn 0.5557 0.7833 0.2786
vn 0.5553 0.7835 0.2787
vn 0.2294 0.9071 0.3530
vn 0.0867 0.9193 0.3839
vn -0.3919 -0.7893 0.4728
vn -0.0550 -0.9215 0.3845
vn -0.0554 -0.9214 0.3847
vn -0.7027 -0.4515 0.5499
vn -0.3901 -0.7904 0.4724
vn 0.2713 0.3643 0.8909
vn 0.2718 0.3643 0.8907
vn 0.4061 0.3085 0.8602
vn 0.3788 0.7981 -0.4686
vn 0.6904 0.4750 -0.5457
vn 0.3791 0.7978 -0.4688
vn 0.6828 0.4875 -0.5441
vn 0.0547 0.9216 -0.3843
vn -0.5690 -0.7746 -0.2762
vn -0.5672 -0.7758 -0.2766
vn 0.1529 -0.3992 0.9040
vn 0.1524 -0.3992 0.9041
vn 0.0176 -0.3422 0.9395
vn -0.1529 0.3994 -0.9039
vn -0.2297 -0.9070 -0.3529
vn -0.0867 -0.9193 -0.3838
vn -0.2293 -0.9071 -0.3530
vn 0.0550 -0.9058 -0.4202
vn 0.0545 -0.9058 -0.4201
vn -0.5689 -0.7746 -0.2762
vn -0.1524 0.3993 -0.9041
vn -0.2117 0.4068 -0.8886
vn -0.2718 -0.3642 -0.8908
vn -0.2119 -0.3719 -0.9038
vn 0.0863 -0.9336 0.3478
vn 0.0862 -0.9336 0.3478
vn 0.2119 0.3719 0.9038
vn 0.0551 0.9215 -0.3845
vn -0.0863 0.9336 -0.3479
vn -0.5671 -0.7758 -0.2766
vn 0.2117 -0.4068 0.8886
vn 0.2712 -0.3988 0.8760
vn 0.2717 -0.3987 0.8759
vn -0.0543 0.9060 0.4198
vn -0.0547 0.9059 0.4200
vn -0.2716 0.3987 -0.8759
vn -0.2712 0.3988 -0.8760
vn -0.1526 -0.3637 -0.9189
vn -0.1530 -0.3638 -0.9188
vn 0.2293 -0.9201 0.3174
vn 0.2288 -0.9202 0.3175
vn 0.1531 0.3638 0.9188
vn 0.1526 0.3638 0.9189
vn -0.2289 0.9202 -0.3174
vn -0.2285 0.9203 -0.3175
vn -0.5874 0.0724 -0.8061
vn -0.5871 0.0641 -0.8070
vn -0.5403 0.2012 -0.8171
vn -0.9789 0.1354 -0.1527
vn -0.9800 0.1269 -0.1532
vn -0.8655 0.4681 -0.1781
vn -0.8066 0.1126 0.5803
vn -0.6902 0.4538 0.5637
vn -0.6826 0.4663 0.5626
vn -0.8059 0.1212 0.5796
vn -0.1632 0.0291 0.9862
vn -0.1638 0.0375 0.9858
vn -0.1156 0.1663 0.9793
vn -0.1066 0.1801 0.9779
vn 0.5883 -0.0601 0.8064
vn 0.5888 -0.0670 0.8055
vn 0.5442 -0.1937 0.8163
vn 0.5342 -0.2100 0.8189
vn 0.9837 -0.0979 0.1507
vn 0.9833 -0.1029 0.1501
vn 0.8882 -0.4254 0.1738
vn 0.8782 -0.4445 0.1764
vn 0.7127 -0.4109 -0.5685
vn 0.8114 -0.0838 -0.5784
vn 0.7025 -0.4301 -0.5670
vn 0.8112 -0.0888 -0.5780
vn 0.3916 -0.7704 -0.5031
vn 0.1654 -0.0321 -0.9857
vn 0.1647 -0.0252 -0.9860
vn 0.1196 -0.1587 -0.9800
vn -0.0165 -0.3047 -0.9523
vn 0.1094 -0.1750 -0.9785
vn -0.0178 -0.3054 -0.9520
vn -0.8582 0.4808 -0.1800
vn 0.4088 -0.3397 0.8471
vn 0.4076 -0.3405 0.8473
vn -0.5314 0.2151 -0.8193
vn -0.4059 0.3419 -0.8476
vn -0.4066 0.3414 -0.8474
vn -0.3787 0.7792 0.4994
vn -0.3784 0.7794 0.4993
vn 0.0187 0.3064 0.9517
vn 0.0193 0.3068 0.9516
vn -0.3783 0.7795 0.4993
vn 0.5685 -0.7851 0.2458
vn 0.8782 -0.4446 0.1764
vn 0.8881 -0.4254 0.1738
vn 0.5667 -0.7862 0.2463
vn -0.8655 0.4682 -0.1781
vn -0.5550 0.7940 -0.2481
vn -0.5553 0.7938 -0.2480
vn -0.8581 0.4808 -0.1800
vn 0.3897 -0.7716 -0.5027
vn 0.3915 -0.7705 -0.5031
vn 0.3897 -0.7717 -0.5027
vn -0.2170 -0.3143 -0.9242
vn -0.2290 -0.0740 -0.9706
vn -0.2299 0.0378 -0.9725
vn -0.2049 -0.4383 -0.8752
vn 0.0600 0.9606 0.2715
vn 0.0039 0.9994 0.0350
vn 0.0113 0.9977 0.0662
vn 0.0058 0.9991 0.0428
vn 0.0002 0.9998 0.0194
vn 0.1977 -0.5264 0.8269
vn 0.1614 -0.7248 0.6698
vn 0.1146 -0.8758 0.4689
vn 0.2292 0.0657 0.9712
vn 0.2291 -0.1078 0.9674
vn 0.2220 -0.2780 0.9346
vn 0.2298 0.0258 0.9729
vn 0.2282 0.1051 0.9679
vn 0.2269 0.1448 0.9631
vn 0.2116 0.3748 0.9026
vn 0.2110 0.3810 0.9002
vn 0.2079 0.4116 0.8873
vn 0.1994 0.4827 0.8528
vn 0.2159 0.3276 0.9198
vn -0.1793 0.6400 -0.7471
vn -0.0600 -0.9606 -0.2715
vn 0.0340 0.9862 0.1621
vn -0.0314 0.9929 -0.1144
vn -0.1614 0.7248 -0.6698
vn -0.1977 0.5264 -0.8269
vn -0.0925 0.9225 -0.3747
vn -0.0340 -0.9862 -0.1621
vn 0.0314 -0.9929 0.1144
vn 0.2217 -0.2828 0.9332
vn 0.0925 -0.9225 0.3747
vn 0.2217 -0.2827 0.9332
vn 0.2300 -0.0190 0.9730
vn -0.2300 0.0190 -0.9730
vn -0.2160 0.3598 -0.9077
vn -0.2162 -0.3241 -0.9210
vn -0.1763 -0.6281 -0.7579
vn -0.1152 -0.8564 -0.5034
vn -0.0402 -0.9813 -0.1881
vn -0.1152 -0.8564 -0.5033
vn 0.0397 -0.9879 0.1498
vn 0.1148 -0.8753 0.4697
vn 0.1760 -0.6572 0.7329
vn 0.2160 -0.3598 0.9077
vn 0.2162 0.3241 0.9210
vn 0.2160 -0.3597 0.9077
vn 0.1763 0.6281 0.7579
vn 0.1152 0.8564 0.5034
vn 0.0402 0.9813 0.1881
vn 0.1152 0.8564 0.5033
vn -0.0397 0.9879 -0.1498
vn -0.1148 0.8753 -0.4697
vn -0.1760 0.6572 -0.7329
vn 0.4327 0.0174 -0.9014
vn 0.4434 -0.2495 -0.8609
vn 0.4435 0.2825 -0.8506
vn 0.4744 -0.4859 -0.7340
vn 0.9732 0.0043 -0.2300
vn 0.9732 0.0043 -0.2299
vn 0.7012 0.6688 0.2470
vn 0.6428 0.7660 0.0018
vn 0.7009 -0.6782 0.2208
vn 0.7485 -0.5086 0.4256
vn 0.6425 -0.7658 -0.0280
vn 0.5803 -0.7607 -0.2908
vn 0.7488 0.4913 0.4450
vn 0.7798 0.2548 0.5719
vn 0.7905 -0.0121 0.6124
vn 0.4747 0.5139 -0.7146
vn 0.5223 0.6836 -0.5099
vn 0.5807 0.7711 -0.2611
vn 0.5220 -0.6635 -0.5360
vn 0.7796 -0.2772 0.5616
vn 0.7485 -0.5085 0.4256
vn 0.7487 0.4913 0.4450
vn 0.4747 0.5138 -0.7146
vn 0.7796 -0.2772 0.5615
vn -0.2220 0.2780 -0.9346
vn 0.0642 -0.9651 0.2537
vn 0.0642 -0.9652 0.2537
vn 0.2209 0.2617 0.9395
vn -0.0642 0.9652 -0.2537
vn -0.0642 0.9651 -0.2537
vn -0.7905 0.0121 -0.6124
vn -0.7798 -0.2548 -0.5719
vn -0.7488 -0.4913 -0.4450
vn -0.9732 -0.0043 0.2299
vn -0.5803 0.7607 0.2908
vn -0.5220 0.6635 0.5360
vn -0.6425 0.7658 0.0280
vn -0.7796 0.2772 -0.5615
vn -0.7796 0.2772 -0.5616
vn -0.5223 -0.6836 0.5099
vn -0.4747 -0.5139 0.7146
vn -0.5807 -0.7711 0.2611
vn -0.6428 -0.7660 -0.0018
vn -0.4744 0.4859 0.7340
vn -0.4434 0.2495 0.8609
vn -0.4327 -0.0174 0.9014
vn -0.7485 0.5086 -0.4256
vn -0.7009 0.6782 -0.2208
vn -0.7012 -0.6688 -0.2470
vn -0.4435 -0.2825 0.8506
vn -0.7487 -0.4913 -0.4450
vn -0.4744 0.4860 0.7340
vn -0.7485 0.5085 -0.4256
vn -0.4746 -0.5139 0.7146
vn -0.4747 -0.5138 0.7146
vn 0.0641 -0.9651 0.2537
vn -0.0641 0.9652 -0.2537
vn 0.9648 -0.1263 -0.2305
vn 0.8427 -0.4962 -0.2089
vn 0.7960 -0.5715 -0.1993
vn 0.4864 -0.8637 -0.1318
vn 0.4863 -0.8638 -0.1318
vn -0.4868 -0.8680 0.0981
vn 0.8429 0.5036 -0.1894
vn 0.4868 0.8680 -0.0982
vn 0.4868 0.8680 -0.0981
vn -0.4864 0.8638 0.1318
vn -0.4863 0.8638 0.1318
vn -0.4864 0.8637 0.1319
vn -0.8427 0.4962 0.2089
vn -0.4864 0.8637 0.1318
vn -0.8429 -0.5036 0.1894
vn -0.4868 -0.8680 0.0982
vn -0.8419 -0.5054 0.1891
vn -0.4851 -0.8690 0.0977
vn -0.8417 0.4981 0.2086
vn 0.8419 0.5054 -0.1892
vn 0.4850 0.8690 -0.0977
vn 0.8419 0.5054 -0.1891
vn -0.4846 0.8648 0.1314
vn 0.8417 -0.4981 -0.2086
vn 0.4847 -0.8648 -0.1314
vn -0.4850 -0.8690 0.0977
vn 0.4846 -0.8648 -0.1314
vn -0.4850 -0.8691 0.0977
vn -0.2136 -0.3540 -0.9105
vn -0.3920 -0.3037 -0.8684
vn -0.2136 -0.3538 -0.9106
vn -0.0355 -0.3022 -0.9526
vn -0.0340 -0.3011 -0.9530
vn -0.3937 -0.3027 -0.8680
vn -0.5209 -0.1673 -0.8370
vn -0.5214 -0.1658 -0.8371
vn -0.5674 0.0161 -0.8233
vn -0.5672 0.0161 -0.8234
vn -0.5216 0.1986 -0.8297
vn -0.5208 0.2000 -0.8299
vn -0.3935 0.3363 -0.8556
vn -0.3920 0.3374 -0.8559
vn -0.2135 0.3887 -0.8963
vn -0.2134 0.3890 -0.8962
vn -0.0354 0.3389 -0.9401
vn -0.0338 0.3379 -0.9406
vn 0.0927 0.2026 -0.9749
vn 0.0930 0.2011 -0.9752
vn 0.1383 0.0192 -0.9902
vn 0.1386 0.0192 -0.9902
vn 0.0929 -0.1631 -0.9822
vn 0.0926 -0.1647 -0.9820
vn 0.4845 -0.8648 -0.1314
vn 0.4846 -0.8648 -0.1315
vn 0.4851 0.8690 -0.0977
vn 0.4850 0.8691 -0.0977
vn -0.4847 0.8648 0.1314
vn -0.4846 0.8648 0.1315
vn -0.8419 -0.5054 0.1892
vn -0.4850 -0.8691 0.0976
vn 0.1273 0.9918 -0.0108
vn 0.4867 0.8680 -0.0982
vn 0.1268 -0.9907 -0.0493
vn 0.4863 -0.8638 -0.1319
vn 0.4864 -0.8638 -0.1318
vn 0.7963 0.5784 -0.1770
vn 0.9649 0.1347 -0.2254
vn 0.4869 0.8680 -0.0982
vn -0.4881 0.8627 0.1322
vn 0.4886 0.8669 -0.0986
vn 0.8437 -0.4944 -0.2091
vn 0.4882 -0.8627 -0.1322
vn 0.8440 0.5017 -0.1897
vn -0.4886 -0.8669 0.0986
vn -0.8440 -0.5018 0.1897
vn -0.8440 -0.5017 0.1897
vn -0.8437 0.4944 0.2091
vn -0.4882 0.8627 0.1322
vn 0.4881 -0.8627 -0.1322
vn -0.5257 0.1995 -0.8269
vn -0.5752 0.0160 -0.8178
vn -0.5247 0.2010 -0.8272
vn -0.5750 0.0160 -0.8180
vn -0.3931 0.3319 -0.8575
vn -0.3915 0.3328 -0.8579
vn -0.2143 0.3800 -0.8998
vn -0.2143 0.3801 -0.8998
vn -0.0369 0.3340 -0.9419
vn -0.0353 0.3336 -0.9421
vn 0.0973 0.2037 -0.9742
vn 0.0983 0.2022 -0.9744
vn 0.1479 0.0192 -0.9888
vn 0.1478 0.0192 -0.9888
vn 0.0982 -0.1642 -0.9815
vn 0.0974 -0.1655 -0.9814
vn -0.0354 -0.2967 -0.9543
vn -0.0368 -0.2974 -0.9540
vn -0.2144 -0.3446 -0.9139
vn -0.2144 -0.3448 -0.9139
vn -0.3915 -0.2987 -0.8704
vn -0.3930 -0.2983 -0.8698
vn -0.5248 -0.1685 -0.8344
vn -0.5258 -0.1669 -0.8341
vn -0.4886 -0.8669 0.0985
vn 0.4885 0.8669 -0.0986
vn 0.4885 0.8669 -0.0987
vn 0.8440 0.5018 -0.1897
vn 0.4882 -0.8627 -0.1323
vn 0.3194 -0.0172 0.9475
vn 0.3087 0.0285 0.9507
vn 0.3193 -0.0193 0.9475
vn 0.2737 0.0620 0.9598
vn 0.2755 0.0611 0.9594
vn 0.3050 -0.0610 0.9504
vn 0.3031 -0.0637 0.9508
vn -0.1866 -0.0522 -0.9811
vn -0.1551 -0.0260 -0.9876
vn -0.1896 -0.0536 -0.9804
vn -0.1531 -0.0232 -0.9879
vn -0.2278 -0.0602 -0.9718
vn -0.1386 0.0206 -0.9901
vn -0.1387 0.0185 -0.9902
vn -0.2687 0.0927 -0.9588
vn -0.2302 0.1077 -0.9672
vn -0.2272 0.1080 -0.9678
vn -0.2712 0.0908 -0.9582
vn -0.1843 0.0997 -0.9778
vn -0.1825 0.0988 -0.9782
vn -0.2961 0.0598 -0.9533
vn -0.2971 0.0576 -0.9531
vn 0.1544 -0.0183 0.9878
vn 0.1624 0.0220 0.9865
vn 0.1614 0.0198 0.9867
vn 0.1871 0.0530 0.9809
vn 0.1544 -0.0198 0.9878
vn 0.1655 -0.0570 0.9846
vn 0.1654 -0.0568 0.9846
vn 0.2718 -0.0900 0.9581
vn 0.2688 -0.0914 0.9589
vn 0.2307 -0.0980 0.9681
vn 0.2284 -0.0978 0.9687
vn 0.1896 0.0549 0.9803
vn 0.2280 0.0699 0.9712
vn 0.2310 0.0702 0.9704
vn -0.2660 -0.0477 -0.9628
vn -0.2302 -0.0600 -0.9713
vn -0.2670 -0.0470 -0.9626
vn -0.2932 -0.0191 -0.9559
vn -0.2933 -0.0190 -0.9558
vn -0.1492 0.0663 -0.9866
vn 0.1926 -0.0855 0.9775
vn 0.1917 -0.0849 0.9778
vn -0.3043 0.0195 -0.9524
vn -0.3042 0.0180 -0.9524
vn 0.8439 0.5018 -0.1897
vn -0.4885 -0.8669 0.0986
vn 0.4378 -0.0876 -0.8948
vn 0.4037 -0.1434 -0.9036
vn 0.4639 -0.0424 -0.8849
vn 0.4639 0.0765 -0.8826
vn 0.4379 0.1221 -0.8907
vn 0.7912 -0.1167 0.6003
vn 0.7641 -0.1731 0.6214
vn 0.8105 0.0480 0.5837
vn 0.8105 -0.0710 0.5814
vn 0.7840 0.5960 -0.1737
vn 0.9401 0.2629 -0.2171
vn 0.9400 -0.2547 -0.2271
vn 0.7837 -0.5892 -0.1967
vn 0.4038 0.1781 -0.8974
vn 0.7913 0.0929 0.6044
vn 0.7642 0.1484 0.6276
vn -0.9649 -0.1347 0.2254
vn -0.9648 0.1263 0.2305
vn -0.7963 -0.5784 0.1770
vn -0.4869 -0.8680 0.0982
vn -0.4868 -0.8680 0.0980
vn 0.4864 -0.8637 -0.1319
vn -0.0356 -0.3021 -0.9526
vn -0.2136 -0.3537 -0.9106
vn -0.3921 -0.3037 -0.8684
vn 0.0933 -0.1633 -0.9821
vn -0.2134 0.3892 -0.8961
vn -0.3932 0.3365 -0.8556
vn -0.2135 0.3889 -0.8962
vn -0.5215 0.1986 -0.8298
vn -0.5670 0.0161 -0.8236
vn -0.5673 0.0161 -0.8234
vn -0.5216 -0.1659 -0.8369
vn -0.1268 0.9907 0.0493
vn -0.1273 -0.9918 0.0108
vn -0.7960 0.5715 0.1993
vn -0.4867 -0.8680 0.0982
vn -0.4863 0.8638 0.1319
vn 0.0983 0.2020 -0.9744
vn 0.1482 0.0192 -0.9888
vn 0.0975 0.2034 -0.9742
vn 0.0972 -0.1658 -0.9814
vn -0.0365 0.3344 -0.9417
vn -0.2142 0.3804 -0.8997
vn -0.2142 0.3803 -0.8997
vn -0.3928 0.3320 -0.8576
vn -0.5748 0.0160 -0.8181
vn -0.5258 -0.1670 -0.8341
vn -0.2144 -0.3450 -0.9138
vn -0.8427 0.4962 0.2088
vn 0.1492 0.0278 0.9884
vn 0.1826 0.0607 0.9813
vn 0.1843 0.0616 0.9809
vn 0.1386 -0.0179 0.9902
vn 0.1387 -0.0201 0.9901
vn 0.1531 -0.0616 0.9863
vn -0.3051 -0.0239 -0.9520
vn -0.2718 -0.0526 -0.9609
vn -0.3031 -0.0266 -0.9526
vn -0.3193 0.0177 -0.9475
vn -0.2688 -0.0539 -0.9617
vn -0.1896 0.0930 -0.9774
vn -0.2279 0.1077 -0.9677
vn -0.1871 0.0912 -0.9781
vn -0.2309 0.1080 -0.9670
vn -0.1624 0.0604 -0.9849
vn -0.2737 0.0993 -0.9567
vn 0.3043 -0.0177 0.9524
vn 0.2971 0.0204 0.9546
vn 0.2961 0.0226 0.9549
vn 0.2712 0.0534 0.9610
vn 0.3042 -0.0191 0.9524
vn 0.2687 0.0552 0.9616
vn 0.1865 -0.0904 0.9783
vn 0.1550 -0.0644 0.9858
vn 0.1896 -0.0917 0.9776
vn 0.2278 -0.0981 0.9688
vn 0.2272 0.0702 0.9713
vn 0.2302 0.0699 0.9706
vn -0.1926 -0.0473 -0.9801
vn -0.2284 -0.0600 -0.9717
vn -0.2308 -0.0603 -0.9711
vn -0.1917 -0.0467 -0.9803
vn -0.3087 0.0656 -0.9489
vn -0.2754 0.0984 -0.9563
vn -0.3194 0.0198 -0.9474
vn 0.2302 -0.0978 0.9682
vn 0.2660 -0.0851 0.9602
vn 0.2669 -0.0845 0.9600
vn 0.2932 -0.0562 0.9544
vn -0.1614 0.0581 -0.9852
vn -0.1544 0.0201 -0.9878
vn 0.4881 -0.8627 -0.1323
vn 0.2931 -0.0564 0.9544
vn -0.1544 0.0187 -0.9878
vn -0.1654 -0.0184 -0.9861
vn -0.1655 -0.0186 -0.9860
vn -0.8105 -0.0480 -0.5837
vn -0.7912 0.1167 -0.6003
vn -0.8105 0.0710 -0.5814
vn -0.7642 -0.1484 -0.6276
vn -0.7913 -0.0929 -0.6044
vn -0.4038 -0.1781 0.8974
vn -0.4379 -0.1221 0.8907
vn -0.4639 -0.0765 0.8826
vn -0.7837 0.5892 0.1967
vn -0.9400 0.2547 0.2271
vn -0.9401 -0.2629 0.2171
vn -0.7840 -0.5960 0.1737
vn -0.7641 0.1731 -0.6214
vn -0.4378 0.0876 0.8948
vn -0.4639 0.0424 0.8849
vn -0.4037 0.1434 0.9036
vn -0.4037 0.1433 0.9036
vn 0.9578 0.0830 -0.2752
vn 0.9588 0.0792 -0.2730
vn 0.9363 0.1553 -0.3149
vn 0.5055 0.6751 -0.5373
vn 0.5054 0.6751 -0.5373
vn -0.9803 0.0747 0.1827
vn -0.9802 0.0707 0.1852
vn -0.9795 0.1470 0.1378
vn -0.6980 0.6699 -0.2530
vn -0.1231 0.8541 -0.5053
vn -0.9732 -0.0033 0.2298
vn -0.9623 -0.0633 0.2645
vn -0.9631 -0.0598 0.2626
vn -0.9732 -0.0033 0.2299
vn -0.9481 -0.1180 0.2952
vn -0.4912 -0.6841 0.5391
vn 0.9794 -0.0549 -0.1942
vn 0.9809 -0.1096 -0.1606
vn 0.9731 0.0052 -0.2301
vn 0.9792 -0.0514 -0.1964
vn 0.9732 0.0052 -0.2300
vn 0.6862 -0.6790 0.2609
vn 0.6862 -0.6790 0.2610
vn 0.1231 -0.8542 0.5052
vn -0.2310 -0.0175 -0.9728
vn -0.2213 -0.2699 -0.9371
vn -0.2309 -0.0175 -0.9728
vn -0.2066 -0.4924 -0.8455
vn -0.2070 -0.4919 -0.8457
vn 0.2144 0.4520 0.8659
vn 0.2285 0.1950 0.9538
vn 0.2146 0.4533 0.8651
vn 0.2314 -0.0471 0.9717
vn 0.2314 -0.0470 0.9717
vn 0.2285 0.1951 0.9538
vn 0.2070 0.4976 0.8423
vn -0.2068 -0.4976 -0.8424
vn -0.2055 -0.5001 -0.8413
vn 0.1953 0.5184 0.8325
vn 0.1952 0.5182 0.8327
vn 0.2054 0.5004 0.8411
vn -0.1953 -0.5184 -0.8325
vn -0.1952 -0.5182 -0.8327
vn 0.1937 0.5184 0.8329
vn 0.1939 0.5182 0.8330
vn 0.2283 -0.0471 0.9724
vn 0.2210 0.1951 0.9556
vn 0.2210 0.1950 0.9556
vn 0.2284 -0.0470 0.9724
vn 0.1920 0.4519 0.8712
vn 0.1916 0.4533 0.8705
vn 0.1878 0.4975 0.8469
vn 0.1886 0.5003 0.8450
vn -0.1896 -0.4923 -0.8495
vn -0.2193 -0.2698 -0.9376
vn -0.1893 -0.4918 -0.8499
vn -0.2287 -0.0174 -0.9733
vn -0.2287 -0.0175 -0.9733
vn -0.2194 -0.2699 -0.9376
vn -0.1880 -0.4976 -0.8468
vn -0.1937 -0.5184 -0.8329
vn -0.1939 -0.5182 -0.8330
vn -0.1887 -0.5000 -0.8452
vn -0.9731 -0.0059 0.2303
vn -0.9731 -0.0059 0.2302
vn 0.9733 0.0025 -0.2297
vn 0.9733 0.0026 -0.2296
vn -0.9802 0.0708 0.1852
vn -0.9795 0.1471 0.1378
vn 0.9578 0.0833 -0.2752
vn 0.9363 0.1554 -0.3149
vn 0.5054 0.6751 -0.5374
vn -0.9631 -0.0599 0.2626
vn -0.2288 -0.0175 -0.9733
vn 0.1916 0.4532 0.8706
vn -0.1894 -0.4918 -0.8499
vn -0.1938 -0.5183 -0.8330
vn -0.1886 -0.5000 -0.8452
vn 0.2069 0.4976 0.8424
vn -0.2211 -0.2699 -0.9372
vn -0.2067 -0.4924 -0.8455
vn -0.2055 -0.5000 -0.8413
vn -0.1951 -0.5182 -0.8327
vn -0.1445 0.7990 0.5838
vn -0.1453 0.7959 0.5878
vn -0.1462 0.7925 0.5921
vn -0.1428 0.7987 0.5845
vn -0.1440 0.7939 0.5907
vn -0.1440 0.7940 0.5906
vn -0.2553 0.0273 -0.9665
vn -0.9089 -0.3595 0.2115
vn -0.9096 -0.3583 0.2105
vn -0.9092 -0.3588 0.2114
vn -0.9110 -0.3486 0.2203
vn -0.9084 -0.3604 0.2120
vn -0.9084 -0.3606 0.2113
vn -0.9089 -0.3596 0.2111
vn -0.9117 -0.3456 0.2221
vn 0.3896 -0.5652 0.7271
vn 0.9192 0.3021 -0.2527
vn 0.9188 0.3034 -0.2526
vn 0.9187 0.3033 -0.2531
vn 0.9174 0.3145 -0.2439
vn 0.9168 0.3176 -0.2422
vn 0.9192 0.3025 -0.2521
vn 0.9181 0.3046 -0.2536
vn 0.9144 0.3317 -0.2322
vn 0.9144 0.3316 -0.2322
vn 0.9185 0.3041 -0.2527
vn 0.9159 0.3228 -0.2384
vn -0.1403 0.7996 0.5839
vn -0.1396 0.8008 0.5825
vn -0.1427 0.7987 0.5845
vn -0.9127 -0.3404 0.2259
vn -0.9144 -0.3317 0.2322
vn -0.9144 -0.3316 0.2322
vn -0.4048 0.7424 -0.5339
vn -0.3932 0.5908 -0.7045
vn -0.3949 0.8568 -0.3314
vn 0.3810 -0.5110 0.7705
vn 0.1369 -0.7930 -0.5936
vn -0.1354 0.7994 0.5853
vn -0.1310 0.7980 0.5883
vn -0.1339 0.7976 0.5881
vn -0.1340 0.7976 0.5881
vn 0.3798 -0.5038 0.7758
vn -0.1395 0.7965 0.5884
vn -0.1420 0.7999 0.5831
vn -0.1369 0.7930 0.5936
vn -0.3798 0.5038 -0.7758
vn 0.1451 -0.8039 -0.5768
vn 0.1425 -0.8005 -0.5821
vn 0.1400 -0.7971 -0.5874
vn -0.3874 0.8835 -0.2635
vn -0.1400 0.7971 0.5874
vn -0.1451 0.8039 0.5768
vn 0.3713 -0.4583 0.8076
vn -0.3786 0.4974 -0.7806
vn 0.1204 -0.7703 -0.6262
vn -0.0000 1.0000 -0.0000
vn -0.0000 -1.0000 -0.0000
vn -0.7847 -0.1038 0.6112
vn 0.7847 -0.1038 -0.6112
vn -0.6117 -0.0950 -0.7854
vn 0.6117 -0.0950 0.7854
vn -0.3109 0.9426 0.1220
vn -0.2034 0.8723 0.4447
vn -0.2035 0.8723 0.4447
vn -0.3808 0.8992 -0.2154
vn 0.4049 -0.7474 0.5268
vn 0.3808 -0.8992 0.2154
vn 0.3800 -0.5054 0.7747
vn 0.3109 -0.9426 -0.1220
vn -0.4049 0.7474 -0.5268
vn 0.3094 -0.2025 0.9291
vn -0.3800 0.5054 -0.7747
vn -0.0691 -0.4372 -0.8967
vn -0.2014 -0.1249 -0.9715
vn 0.0715 -0.6967 -0.7137
vn -0.3094 0.2024 -0.9291
vn -0.3094 0.2025 -0.9291
vn 0.2014 0.1249 0.9715
vn 0.0691 0.4372 0.8967
vn 0.3094 -0.2024 0.9291
vn 0.0715 -0.6967 -0.7138
vn 0.2034 -0.8723 -0.4447
vn -0.0715 0.6967 0.7138
vn -0.3094 0.2024 -0.9292
vn -0.2034 0.8722 0.4447
vn -0.2034 0.8722 0.4448
vn -0.2429 0.9083 0.3407
vn -0.1175 0.7662 0.6317
vn 0.0221 0.5318 0.8466
vn 0.3943 -0.8597 0.3247
vn 0.3390 -0.9407 -0.0085
vn 0.4019 -0.6750 0.6187
vn 0.2429 -0.9083 -0.3406
vn -0.3390 0.9407 0.0085
vn -0.2429 0.9083 0.3406
vn -0.3943 0.8597 -0.3247
vn 0.3611 -0.4089 0.8381
vn -0.4019 0.6750 -0.6187
vn 0.2768 -0.0935 0.9564
vn -0.1590 -0.2332 -0.9593
vn -0.2768 0.0935 -0.9564
vn -0.0221 -0.5318 -0.8466
vn -0.3612 0.4089 -0.8381
vn -0.3612 0.4090 -0.8380
vn -0.3611 0.4090 -0.8380
vn 0.2768 -0.0936 0.9564
vn 0.1175 -0.7662 -0.6317
vn 0.1590 0.2332 0.9593
vn 0.2768 -0.0934 0.9564
vn 0.2767 -0.0934 0.9564
vn 0.2429 -0.9083 -0.3407
vn -0.3611 0.4089 -0.8381
vn 0.1129 0.9930 0.0354
vn 0.2346 0.9693 0.0735
vn 0.3591 -0.0000 -0.9333
vn 0.2992 -0.0000 -0.9542
vn 0.3646 -0.0000 -0.9312
vn 0.4283 -0.0000 -0.9037
vn -0.2380 -0.0000 0.9713
vn -0.2992 -0.0000 0.9542
vn -0.2323 -0.0000 0.9726
vn -0.9542 -0.0000 -0.2992
vn 0.9542 -0.0000 0.2992
vn -0.1643 -0.0000 0.9864
vn 0.0175 0.9930 0.1170
vn 0.0364 0.9693 0.2431
vn 0.9964 -0.0000 -0.0852
vn 0.9889 -0.0000 -0.1483
vn 0.9968 -0.0000 -0.0794
vn 0.9999 -0.0000 -0.0101
vn -0.9776 -0.0000 0.2107
vn -0.9889 -0.0000 0.1483
vn -0.9763 -0.0000 0.2165
vn -0.1483 -0.0000 -0.9889
vn 0.1483 -0.0000 0.9889
vn -0.9589 -0.0000 0.2836
vn 0.3066 0.2328 -0.9229
vn 0.7889 -0.0000 -0.6145
vn 0.9699 -0.2328 -0.0713
vn 0.7804 -0.3768 0.4991
vn 0.7804 -0.3767 0.4991
vn 0.2928 -0.3767 0.8788
vn -0.3066 -0.2328 0.9229
vn -0.7889 -0.0000 0.6145
vn -0.9699 0.2328 0.0713
vn 0.2434 0.9182 0.3125
vn -0.7804 0.3768 -0.4991
vn -0.7804 0.3767 -0.4991
vn -0.2434 -0.9182 -0.3125
vn -0.2928 0.3767 -0.8788
vn -0.2928 0.3768 -0.8788
vn 0.6322 -0.0279 -0.7743
vn 0.8285 0.0663 -0.5560
vn 0.4433 -0.0544 -0.8947
vn 0.8307 0.0704 -0.5522
vn 0.8620 0.1360 -0.4883
vn 0.8620 0.1360 -0.4882
vn 0.8176 0.5632 0.1193
vn 0.8177 0.5631 0.1193
vn 0.8177 0.5632 0.1193
vn -0.7677 -0.1216 -0.6292
vn -0.8884 -0.1127 -0.4450
vn -0.8884 -0.1126 -0.4450
vn -0.4221 -0.1216 -0.8984
vn -0.2140 -0.1127 -0.9703
vn -0.2140 -0.1126 -0.9703
vn -0.9055 -0.0279 0.4234
vn -0.9760 -0.0544 0.2107
vn -0.7388 0.0704 0.6702
vn -0.7420 0.0663 0.6671
vn -0.6845 0.1360 0.7162
vn -0.6844 0.1360 0.7163
vn -0.0845 0.5632 0.8220
vn -0.0846 0.5631 0.8221
vn 0.4456 0.6886 0.5721
vn -0.7912 -0.0016 0.6116
vn -0.6430 0.0250 0.7655
vn -0.6432 0.0251 0.7653
vn -0.4625 0.0520 0.8851
vn -0.7900 -0.0009 0.6131
vn -0.8190 -0.0498 0.5716
vn -0.8210 -0.0532 0.5685
vn -0.8469 -0.1033 0.5217
vn -0.8114 -0.5692 -0.1331
vn 0.7576 0.1220 0.6412
vn 0.4362 0.1220 0.8916
vn 0.8738 0.1143 0.4727
vn 0.2443 0.1143 0.9629
vn 0.7867 -0.0016 -0.6173
vn 0.8995 0.0251 -0.4362
vn 0.8996 0.0250 -0.4360
vn 0.7547 -0.0498 -0.6542
vn 0.7879 -0.0009 -0.6158
vn 0.9714 0.0520 -0.2317
vn 0.7522 -0.0532 -0.6568
vn 0.7132 -0.1033 -0.6933
vn 0.7132 -0.1033 -0.6934
vn 0.0696 -0.5692 -0.8193
vn -0.4456 -0.6886 -0.5721
vn 0.0766 -0.9922 0.0983
vn -0.0766 0.9922 -0.0983
vn 0.4027 -0.7656 0.5017
vn 0.3917 -0.7743 0.4970
vn 0.4029 -0.7654 0.5018
vn 0.4184 -0.7421 0.5236
vn -0.3915 0.7743 -0.4972
vn -0.4025 0.7656 -0.5018
vn -0.4026 0.7656 -0.5018
vn -0.4183 0.7421 -0.5238
vn -0.4183 0.7421 -0.5237
vn 0.4185 -0.7418 0.5240
vn 0.4229 -0.7265 0.5417
vn 0.4225 -0.7266 0.5418
vn -0.4226 0.7266 -0.5418
vn -0.4225 0.7266 -0.5418
vn -0.4217 0.7265 -0.5425
vn -0.4216 0.7265 -0.5426
vn 0.4219 -0.7266 0.5422
vn 0.4218 -0.7266 0.5424
vn 0.3878 -0.7656 0.5133
vn 0.3860 -0.7743 0.5015
vn 0.3860 -0.7743 0.5014
vn 0.3878 -0.7655 0.5135
vn 0.4052 -0.7421 0.5339
vn 0.4055 -0.7418 0.5341
vn -0.3880 0.7656 -0.5131
vn -0.3862 0.7743 -0.5013
vn -0.3880 0.7655 -0.5133
vn -0.4054 0.7421 -0.5338
vn -0.4053 0.7421 -0.5338
vn 0.3989 -0.8360 0.3768
vn -0.0715 0.6967 0.7137
vn -0.1396 0.7966 0.5882
vn -0.4049 0.7509 -0.5217
vn -0.3980 0.8414 -0.3657
vn 0.0739 -0.7007 -0.7096
vn 0.1443 -0.8028 -0.5785
vn -0.0692 -0.4372 -0.8967
vn 0.2337 0.4413 0.8664
vn 0.2366 0.4372 0.8677
vn 0.2397 0.4328 0.8691
vn 0.2369 0.4338 0.8693
vn -0.1655 0.5498 -0.8188
vn 0.9626 -0.0684 -0.2622
vn 0.9623 -0.0694 -0.2629
vn 0.9625 -0.0695 -0.2622
vn 0.9663 -0.0628 -0.2498
vn 0.9671 -0.0608 -0.2469
vn 0.9626 -0.0668 -0.2626
vn 0.9625 -0.0683 -0.2627
vn 0.9627 -0.0677 -0.2620
vn 0.9687 -0.0580 -0.2413
vn 0.0369 -0.9294 0.3672
vn -0.9789 0.0378 0.2008
vn -0.9788 0.0376 0.2013
vn -0.9790 0.0365 0.2006
vn -0.9759 0.0433 0.2139
vn -0.9789 0.0365 0.2013
vn -0.9788 0.0392 0.2009
vn -0.9787 0.0383 0.2015
vn -0.9752 0.0452 0.2168
vn -0.9713 0.0530 0.2319
vn -0.9738 0.0481 0.2225
vn 0.2299 0.4403 0.8679
vn 0.2325 0.4401 0.8673
vn 0.2325 0.4402 0.8673
vn 0.2285 0.4416 0.8677
vn 0.9713 -0.0530 -0.2319
vn 0.0255 0.9924 -0.1200
vn -0.0288 0.9414 -0.3360
vn 0.0533 -0.9016 0.4293
vn -0.2319 -0.4293 -0.8729
vn 0.2261 0.4378 0.8702
vn 0.2262 0.4344 0.8718
vn 0.2235 0.4337 0.8729
vn 0.0553 -0.8977 0.4371
vn 0.2263 0.4345 0.8718
vn 0.2368 0.4339 0.8693
vn 0.2311 0.4414 0.8670
vn 0.2315 0.4354 0.8700
vn 0.2319 0.4293 0.8729
vn -0.0553 0.8977 -0.4371
vn -0.2310 -0.4426 -0.8664
vn -0.2307 -0.4486 -0.8634
vn -0.2314 -0.4366 -0.8694
vn 0.0958 0.9795 0.1770
vn 0.2314 0.4366 0.8694
vn 0.2307 0.4486 0.8634
vn 0.0682 -0.8717 0.4852
vn -0.0572 0.8941 -0.4441
vn -0.2339 -0.3901 -0.8905
vn -0.2339 -0.3906 -0.8904
vn 0.0795 0.9911 0.1064
vn 0.9761 -0.1038 0.1910
vn -0.9761 -0.1038 -0.1910
vn 0.1912 -0.0950 -0.9769
vn -0.1912 -0.0950 0.9769
vn -0.9713 0.0531 0.2319
vn 0.9713 -0.0531 -0.2319
vn 0.1730 0.8266 0.5356
vn 0.2184 0.5851 0.7810
vn 0.1730 0.8265 0.5356
vn 0.1067 0.9684 0.2256
vn -0.0276 -0.9934 0.1116
vn -0.1067 -0.9684 -0.2256
vn -0.1730 -0.8266 -0.5356
vn 0.0276 0.9934 -0.1116
vn 0.0549 -0.8986 0.4354
vn -0.0549 0.8986 -0.4354
vn 0.1307 -0.6954 0.7066
vn -0.2279 0.0720 -0.9710
vn -0.1908 0.4083 -0.8927
vn -0.2375 -0.2730 -0.9322
vn -0.2375 -0.2730 -0.9323
vn -0.1307 0.6954 -0.7066
vn 0.1908 -0.4083 0.8927
vn 0.1308 -0.6954 0.7066
vn 0.1307 -0.6954 0.7067
vn 0.2279 -0.0720 0.9710
vn -0.2184 -0.5850 -0.7810
vn 0.2375 0.2730 0.9323
vn -0.1307 0.6953 -0.7067
vn -0.1308 0.6953 -0.7067
vn -0.1730 -0.8265 -0.5356
vn 0.2184 0.5850 0.7811
vn 0.2059 0.6755 0.7080
vn 0.2342 0.3832 0.8935
vn 0.2343 0.0448 0.9711
vn -0.0812 -0.9902 -0.1136
vn -0.1528 -0.8863 -0.4371
vn -0.2059 -0.6756 -0.7080
vn 0.1528 0.8863 0.4371
vn 0.2059 0.6756 0.7080
vn 0.0812 0.9902 0.1136
vn 0.0002 -0.9747 0.2237
vn -0.0002 0.9747 -0.2237
vn 0.0815 -0.8416 0.5340
vn -0.1531 0.6069 -0.7799
vn -0.2061 0.2991 -0.9317
vn -0.2343 -0.0448 -0.9711
vn -0.0815 0.8416 -0.5339
vn 0.1530 -0.6070 0.7798
vn 0.1531 -0.6070 0.7798
vn -0.2342 -0.3832 -0.8935
vn 0.2061 -0.2991 0.9317
vn 0.1531 -0.6069 0.7799
vn -0.0815 0.8415 -0.5340
vn -0.0816 0.8415 -0.5340
vn -0.2059 -0.6755 -0.7080
vn -0.0847 0.9930 0.0826
vn -0.0848 0.9930 0.0826
vn -0.1761 0.9693 0.1715
vn -0.7418 -0.0000 -0.6706
vn -0.6978 -0.0000 -0.7163
vn -0.7458 -0.0000 -0.6662
vn -0.7901 -0.0000 -0.6129
vn 0.6509 -0.0000 0.7591
vn 0.6978 -0.0000 0.7163
vn 0.6464 -0.0000 0.7630
vn 0.5920 -0.0000 0.8059
vn 0.7163 -0.0000 -0.6978
vn -0.7163 -0.0000 0.6978
vn 0.0372 0.9930 0.1123
vn 0.0772 0.9693 0.2334
vn -0.9275 -0.0000 0.3738
vn -0.9493 -0.0000 0.3143
vn -0.9253 -0.0000 0.3793
vn -0.8967 -0.0000 0.4425
vn 0.9674 -0.0000 -0.2534
vn 0.9493 -0.0000 -0.3143
vn 0.9688 -0.0000 -0.2477
vn 0.9837 -0.0000 -0.1799
vn -0.3143 -0.0000 -0.9493
vn 0.3142 -0.0000 0.9493
vn 0.3143 -0.0000 0.9493
vn -0.6903 0.2328 -0.6850
vn -0.9814 -0.0000 -0.1920
vn -0.8976 -0.2328 0.3743
vn -0.4710 -0.3768 0.7977
vn -0.4710 -0.3767 0.7977
vn 0.1356 -0.3767 0.9163
vn 0.6903 -0.2328 0.6850
vn 0.9814 -0.0000 0.1920
vn 0.8976 0.2328 -0.3743
vn -0.0761 0.9182 0.3888
vn 0.4710 0.3767 -0.7977
vn 0.4710 0.3768 -0.7977
vn 0.0761 -0.9182 -0.3888
vn -0.1356 0.3767 -0.9163
vn -0.1356 0.3768 -0.9163
vn -0.9137 -0.0279 -0.4054
vn -0.7995 -0.0544 -0.5982
vn -0.9906 0.0704 -0.1177
vn -0.9903 0.0663 -0.1220
vn -0.9896 0.1360 -0.0464
vn -0.6757 0.5631 0.4757
vn -0.6757 0.5632 0.4757
vn 0.4009 -0.1216 -0.9080
vn -0.0290 -0.1216 -0.9922
vn 0.5917 -0.1127 -0.7982
vn -0.2472 -0.1127 -0.9624
vn -0.2472 -0.1126 -0.9624
vn 0.9991 -0.0279 -0.0311
vn 0.9633 0.0663 0.2602
vn 0.9660 -0.0544 -0.2527
vn 0.9618 0.0704 0.2644
vn 0.9341 0.1360 0.3301
vn 0.9341 0.1360 0.3300
vn 0.4465 0.5632 0.6953
vn 0.4466 0.5632 0.6953
vn 0.5917 -0.1126 -0.7982
vn -0.1393 0.6886 0.7116
vn 0.9821 -0.0016 0.1885
vn 0.9194 0.0251 0.3924
vn 0.9193 0.0250 0.3927
vn 0.9889 -0.0498 0.1402
vn 0.9817 -0.0009 0.1903
vn 0.8123 0.0520 0.5809
vn 0.9892 -0.0532 0.1365
vn 0.9912 -0.1033 0.0831
vn 0.6638 -0.5692 -0.4851
vn 0.6639 -0.5692 -0.4851
vn 0.0134 0.1220 0.9924
vn -0.3865 0.1220 0.9142
vn -0.5662 0.1143 0.8163
vn 0.2168 0.1143 0.9695
vn -0.9807 -0.0016 -0.1956
vn -0.9995 0.0250 0.0172
vn -0.9995 0.0251 0.0169
vn -0.9713 0.0520 0.2319
vn -0.9811 -0.0009 -0.1937
vn -0.9677 -0.0532 -0.2464
vn -0.9688 -0.0498 -0.2429
vn -0.9494 -0.1033 -0.2966
vn -0.4320 -0.5692 -0.6996
vn -0.4321 -0.5692 -0.6996
vn 0.1393 -0.6886 -0.7117
vn -0.0239 -0.9922 0.1223
vn 0.0239 0.9922 -0.1223
vn -0.1329 -0.7654 0.6296
vn -0.1369 -0.7421 0.6561
vn -0.1368 -0.7418 0.6565
vn -0.1251 -0.7743 0.6203
vn -0.1328 -0.7656 0.6295
vn -0.1250 -0.7743 0.6203
vn 0.1248 0.7743 -0.6204
vn 0.1326 0.7656 -0.6295
vn 0.1327 0.7656 -0.6295
vn 0.1368 0.7421 -0.6562
vn -0.1327 -0.7265 0.6742
vn 0.1328 0.7265 -0.6743
vn 0.1324 0.7266 -0.6742
vn 0.1368 0.7421 -0.6561
vn 0.1313 0.7265 -0.6745
vn -0.1324 -0.7266 0.6742
vn -0.1312 -0.7265 0.6746
vn -0.1143 -0.7656 0.6331
vn -0.1180 -0.7743 0.6217
vn -0.1142 -0.7654 0.6333
vn -0.1205 -0.7421 0.6593
vn 0.1182 0.7743 -0.6217
vn 0.1145 0.7656 -0.6330
vn 0.1207 0.7421 -0.6594
vn 0.1144 0.7656 -0.6331
vn -0.1313 -0.7265 0.6745
vn -0.1207 -0.7418 0.6596
vn 0.1312 0.7265 -0.6746
vn 0.1207 0.7421 -0.6593
vn -0.0682 -0.9960 -0.0579
vn 0.1308 -0.6954 0.7067
vn 0.2375 0.2730 0.9322
vn 0.2315 0.4356 0.8699
vn 0.0710 0.9950 0.0699
vn 0.0291 0.9940 -0.1056
vn -0.1308 0.6954 -0.7067
vn -0.2374 -0.2789 -0.9305
vn -0.2308 -0.4468 -0.8644
vn -0.3259 0.9432 0.0641
vn 0.3259 -0.9432 -0.0641
vn -0.3292 0.2752 -0.9033
vn -0.2403 -0.0171 -0.9706
vn -0.1278 -0.3077 -0.9428
vn -0.0028 -0.5683 -0.8228
vn 0.1224 -0.7731 -0.6223
vn -0.0028 -0.5682 -0.8229
vn 0.2357 -0.9024 -0.3608
vn 0.3258 -0.9432 -0.0641
vn 0.3258 -0.9433 -0.0641
vn 0.3495 -0.9361 0.0391
vn 0.3259 -0.9433 -0.0640
vn 0.3259 -0.9432 -0.0640
vn 0.3529 -0.9340 0.0556
vn 0.3420 -0.9397 0.0047
vn 0.3594 -0.9290 0.0886
vn 0.3453 -0.9383 0.0197
vn -0.3065 0.9418 0.1380
vn -0.3249 0.9433 0.0679
vn -0.3239 0.9434 0.0718
vn -0.2993 0.9400 0.1639
vn -0.3841 0.8918 -0.2390
vn -0.3842 0.8918 -0.2390
vn -0.3258 0.9432 0.0641
vn -0.2843 0.9343 0.2151
vn -0.4048 0.7531 -0.5187
vn -0.3859 0.5406 -0.7475
vn -0.3292 0.2753 -0.9032
vn 0.3754 -0.4029 0.8347
vn 0.3884 -0.4098 0.8254
vn 0.3894 -0.4095 0.8251
vn 0.3584 -0.3962 0.8453
vn 0.3727 -0.4018 0.8364
vn -0.0029 -0.5683 -0.8229
vn -0.1278 -0.3077 -0.9429
vn 0.3662 -0.4328 0.8238
vn 0.3747 -0.4221 0.8255
vn 0.3737 -0.4235 0.8252
vn 0.3845 -0.4113 0.8264
vn 0.3853 -0.4110 0.8262
vn 0.3547 -0.4293 0.8306
vn 0.3561 -0.4299 0.8297
vn 0.3299 -0.9428 -0.0476
vn 0.3262 -0.9432 -0.0626
vn 0.3243 -0.9433 -0.0701
vn 0.3244 -0.9433 -0.0701
vn -0.3497 0.9360 -0.0404
vn -0.3428 0.9394 -0.0080
vn -0.3354 0.9418 0.0244
vn -0.3209 0.9434 0.0836
vn 0.3465 -0.4134 0.8421
vn 0.3369 -0.4285 0.8384
vn 0.3380 -0.4281 0.8382
vn 0.3484 -0.4107 0.8426
vn -0.3210 0.9434 0.0836
vn 0.3725 -0.4647 0.8033
vn 0.3187 -0.9433 -0.0926
vn 0.3187 -0.9433 -0.0925
vn 0.2403 0.0171 0.9706
vn 0.3419 -0.4268 0.8372
vn 0.3414 -0.4269 0.8374
vn -0.9143 -0.3318 0.2322
vn -0.9143 -0.3317 0.2323
vn -0.9144 -0.3316 0.2323
vn -0.9145 -0.3314 0.2321
vn -0.9145 -0.3313 0.2323
vn -0.2409 -0.0153 -0.9704
vn 0.1320 0.9311 0.3400
vn -0.1320 -0.9311 -0.3400
vn -0.1474 0.6309 -0.7617
vn -0.1979 0.3608 -0.9114
vn -0.2290 0.0555 -0.9718
vn -0.2290 0.0554 -0.9718
vn -0.2377 -0.2554 -0.9372
vn -0.2231 -0.5412 -0.8108
vn -0.1867 -0.7740 -0.6050
vn -0.1103 -0.9641 -0.2415
vn -0.1320 -0.9311 -0.3399
vn -0.1177 -0.9543 -0.2748
vn -0.1067 -0.9684 -0.2255
vn -0.1145 -0.9587 -0.2603
vn 0.1468 0.9008 0.4086
vn 0.1328 0.9297 0.3436
vn 0.0644 0.9971 0.0417
vn 0.1336 0.9282 0.3473
vn 0.1517 0.8889 0.4322
vn -0.0095 0.9654 -0.2606
vn -0.0095 0.9654 -0.2607
vn -0.0825 0.8392 -0.5375
vn 0.1205 -0.7310 0.6717
vn 0.1022 -0.7395 0.6653
vn 0.1051 -0.7382 0.6664
vn 0.0870 -0.7472 0.6589
vn -0.0994 -0.9761 -0.1932
vn 0.1115 -0.7597 0.6407
vn 0.1026 -0.7536 0.6493
vn 0.0922 -0.7476 0.6577
vn 0.1037 -0.7544 0.6482
vn 0.1614 0.8632 0.4784
vn -0.1475 0.6309 -0.7617
vn 0.1240 -0.7547 0.6442
vn 0.1224 -0.7554 0.6437
vn 0.1375 -0.7501 0.6469
vn 0.1380 -0.7501 0.6468
vn -0.1286 -0.9371 -0.3245
vn -0.1333 -0.9289 -0.3457
vn -0.1317 -0.9317 -0.3386
vn -0.1287 -0.9371 -0.3245
vn -0.1333 -0.9289 -0.3456
vn 0.1100 0.9644 0.2403
vn 0.1170 0.9553 0.2716
vn 0.1238 0.9451 0.3025
vn 0.1360 0.9237 0.3583
vn 0.1330 -0.7412 0.6580
vn 0.1429 -0.7502 0.6456
vn 0.1311 -0.7396 0.6602
vn 0.1033 -0.7840 0.6121
vn -0.1378 -0.9201 -0.3666
vn 0.1979 -0.3608 0.9114
vn 0.1416 -0.7502 0.6459
vn 0.0882 -0.7472 0.6587
vn 0.0913 -0.7475 0.6579
vn 0.9713 -0.0529 -0.2318
vn 0.9713 -0.0529 -0.2320
vn 0.9713 -0.0532 -0.2319
vn 0.9713 -0.0531 -0.2318
vn 0.9713 -0.0530 -0.2320
vn -0.1976 0.3626 -0.9107
vn 0.4372 0.1928 0.8785
vn 0.6496 0.1670 0.7417
vn 0.6745 0.2376 0.6990
vn 0.4732 0.2862 0.8332
vn 0.2621 0.2182 0.9400
vn 0.2488 0.1405 0.9583
vn 0.3879 0.1368 0.9115
vn 0.3571 0.1351 0.9243
vn 0.6287 0.1717 0.7585
vn 0.2371 0.1114 0.9651
vn 0.2272 0.1186 0.9666
vn 0.0589 0.1589 0.9855
vn 0.0817 0.1241 0.9889
vn 0.2253 0.1190 0.9670
vn 0.3617 0.1271 0.9236
vn 0.9390 0.0694 -0.3370
vn 0.9762 0.1946 0.0960
vn 0.9891 0.1161 0.0905
vn 0.9421 0.1451 -0.3023
vn 0.7316 0.1333 -0.6686
vn 0.6967 0.0452 -0.7160
vn 0.3790 0.0375 -0.9246
vn 0.4299 0.1419 -0.8916
vn 0.4010 0.1111 -0.9093
vn 0.7901 0.0451 -0.6113
vn 0.7568 0.1806 -0.6282
vn 0.3500 0.0047 -0.9367
vn 0.6667 0.0329 -0.7446
vn 0.7675 0.1636 -0.6198
vn 0.3202 0.0779 -0.9441
vn 0.6408 0.1333 -0.7561
vn 0.0276 0.0115 -0.9996
vn 0.3270 0.0839 -0.9413
vn 0.3555 0.0098 -0.9346
vn -0.2299 0.0129 -0.9731
vn -0.2424 0.0209 -0.9700
vn 0.0470 0.0206 -0.9987
vn -0.2276 0.0413 -0.9729
vn -0.4900 0.0227 -0.8714
vn -0.4915 0.0145 -0.8708
vn 0.3835 0.0429 -0.9225
vn 0.0444 0.0642 -0.9969
vn -0.2281 0.0480 -0.9725
vn 0.4002 0.1113 -0.9096
vn 0.0492 0.0775 -0.9958
vn 0.6413 0.1725 0.7476
vn 0.0879 0.1242 0.9884
vn 0.0839 0.1245 0.9887
vn 0.8847 0.2152 0.4135
vn 0.9545 0.1409 0.2630
vn 0.9445 0.1970 0.2630
vn 0.8856 0.1687 0.4328
vn 0.9824 0.1683 0.0813
vn 0.9352 0.2671 0.2325
vn 0.8876 0.2770 0.3681
vn 0.8801 0.1979 0.4316
vn 0.9511 0.1862 0.2466
vn 0.8870 0.2070 0.4127
vn 0.6901 0.3341 0.6420
vn 0.6735 0.2355 0.7007
vn 0.6493 0.1786 0.7392
vn 0.8852 0.1626 0.4359
vn 0.6290 0.1751 0.7574
vn 0.8796 0.1966 0.4332
vn 0.6416 0.1723 0.7474
vn 0.8784 0.2144 0.4271
vn 0.9748 0.2090 0.0781
vn 0.9475 0.2181 0.2338
vn 0.9417 0.1976 -0.2722
vn 0.8786 0.2138 0.4270
vn -0.4841 0.0572 -0.8731
vn 0.4295 0.1415 -0.8919
vn 0.9791 0.1844 -0.0860
vn 0.2691 0.2572 0.9281
vn 0.6938 0.3294 0.6404
vn 0.5217 0.2877 0.8032
vn 0.7781 0.2081 0.5927
vn 0.5901 0.1192 0.7985
vn 0.2841 0.1906 0.9396
vn 0.0266 0.2366 0.9712
vn 0.0057 0.2140 0.9768
vn 0.8947 0.2679 0.3575
vn 0.7657 0.1742 0.6192
vn 0.9502 0.3039 0.0695
vn 0.9539 0.0720 0.2914
vn 0.9874 0.1127 0.1114
vn 0.8147 -0.1709 0.5542
vn 0.7676 0.2481 0.5909
vn 0.9653 0.2502 -0.0743
vn 0.9568 0.0052 0.2907
vn 0.0056 0.0997 -0.9950
vn 0.2993 0.2525 -0.9202
vn -0.2527 0.1223 -0.9598
vn -0.0097 0.2689 -0.9631
vn -0.4891 0.2767 -0.8272
vn -0.2593 0.2946 -0.9198
vn -0.4903 0.1025 -0.8655
vn -0.0315 0.3564 -0.9338
vn 0.2715 0.3664 -0.8900
vn 0.9424 0.3202 -0.0965
vn 0.8406 0.3333 -0.4269
vn 0.9428 0.1398 -0.3026
vn 0.9840 -0.1031 -0.1450
vn 0.6017 0.2990 -0.7406
vn 0.2878 0.2503 -0.9244
vn 0.2778 -0.9048 0.3228
vn 0.0722 -0.8642 0.4980
vn 0.3083 -0.8066 0.5044
vn 0.5767 -0.7001 0.4211
vn 0.4916 -0.8708 -0.0057
vn 0.6019 -0.4937 0.6276
vn 0.8222 -0.4581 0.3380
vn 0.8349 -0.5265 0.1601
vn 0.7928 -0.5796 -0.1887
vn 0.7231 -0.5996 -0.3430
vn 0.3959 -0.8670 -0.3027
vn 0.1034 -0.7275 0.6783
vn 0.3434 -0.5204 0.7818
vn 0.8888 -0.1170 -0.4432
vn 0.8694 0.2106 -0.4470
vn 0.8918 -0.1620 -0.4225
vn 0.8084 -0.5667 -0.1593
vn 0.8785 -0.0198 -0.4774
vn 0.7977 0.1283 -0.5892
vn 0.8662 0.0093 -0.4996
vn 0.7473 0.3115 -0.5869
vn 0.7507 0.1786 -0.6360
vn 0.6191 0.3529 -0.7015
vn 0.5378 0.5207 -0.6630
vn 0.2490 0.3285 -0.9111
vn -0.2693 0.3718 -0.8884
vn -0.4957 0.3161 -0.8089
vn -0.2995 0.3015 -0.9052
vn -0.0672 0.2922 -0.9540
vn 0.1260 0.4929 -0.8609
vn 0.2560 0.3539 -0.8996
vn 0.5739 0.3817 -0.7246
vn 0.5619 0.3270 -0.7599
vn 0.7982 0.3241 -0.5078
vn 0.2256 0.2952 -0.9284
vn 0.0926 0.4811 -0.8717
vn 0.4188 0.4557 -0.7855
vn 0.8569 0.1031 -0.5050
vn 0.7428 0.2517 -0.6204
vn 0.6249 0.3228 -0.7108
vn 0.9253 -0.0897 -0.3684
vn 0.9551 -0.2960 -0.0137
vn 0.9561 -0.2597 0.1357
vn 0.9169 -0.0993 -0.3865
vn 0.9694 -0.2174 0.1140
vn 0.8275 -0.3608 0.4302
vn 0.8479 -0.0867 0.5230
vn 0.9510 -0.3082 -0.0248
vn 0.8196 -0.4538 0.3497
vn 0.3158 -0.1208 0.9411
vn 0.8389 -0.1243 0.5299
vn 0.6248 -0.2315 0.7457
vn 0.3680 -0.5392 0.7575
vn 0.8133 -0.3667 0.4518
vn 0.0585 -0.4391 0.8965
vn 0.0143 -0.0248 0.9996
vn 0.9288 -0.3658 -0.0599
vn 0.8416 -0.5085 0.1822
vn 0.7349 0.5312 -0.4215
vn 0.4211 0.5240 -0.7404
vn 0.1845 0.7123 -0.6772
vn 0.4753 0.5707 -0.6696
vn 0.6591 0.5275 -0.5360
vn 0.6584 -0.7148 -0.2359
vn 0.7201 -0.6883 0.0874
vn 0.6170 -0.7499 -0.2388
vn 0.7978 -0.5753 0.1804
vn 0.7342 -0.6531 0.1855
vn 0.6014 -0.7750 -0.1942
vn 0.8467 -0.4084 0.3411
vn 0.9358 -0.3038 0.1788
vn 0.8707 0.0132 0.4916
vn 0.7230 0.6533 -0.2249
vn 0.7952 0.4861 -0.3623
vn 0.7594 0.4806 -0.4385
vn 0.6430 0.3852 -0.6619
vn 0.0765 -0.9722 -0.2212
vn 0.0471 -0.9747 -0.2183
vn -0.2039 -0.9790 0.0054
vn -0.1786 -0.9754 0.1295
vn 0.4856 -0.8443 -0.2265
vn 0.1474 -0.9839 -0.1007
vn 0.7733 -0.5697 -0.2784
vn 0.8374 -0.5263 -0.1476
vn 0.5881 -0.8064 -0.0618
vn -0.2822 0.8868 -0.3660
vn -0.2557 0.7586 -0.5993
vn -0.3785 0.7638 -0.5228
vn -0.2991 0.9247 -0.2353
vn -0.2435 0.8686 -0.4315
vn -0.2758 0.9442 -0.1799
vn -0.3640 0.9252 -0.1077
vn -0.4128 0.8772 -0.2450
vn -0.3142 0.8894 -0.3319
vn -0.1403 0.8268 -0.5447
vn 0.1552 0.6691 -0.7268
vn -0.1000 0.7470 -0.6573
vn -0.3639 0.8778 -0.3113
vn -0.2899 0.9454 -0.1485
vn -0.2955 0.9553 -0.0074
vn -0.2161 0.9764 -0.0003
vn -0.3217 0.9341 -0.1547
vn 0.6610 -0.7278 0.1828
vn 0.3955 -0.8349 0.3828
vn 0.3711 -0.8708 0.3226
vn 0.6616 -0.7403 0.1189
vn 0.8899 -0.4558 -0.0190
vn 0.8935 -0.4392 0.0931
vn 0.6484 -0.7155 0.2601
vn 0.4099 -0.8076 0.4239
vn 0.0691 -0.8578 0.5094
vn 0.1312 -0.8299 0.5422
vn 0.3313 -0.9087 0.2538
vn 0.6467 -0.7602 0.0628
vn 0.8829 -0.4662 -0.0558
vn 0.8746 -0.4275 0.2287
vn 0.6378 -0.6903 0.3416
vn 0.8663 -0.4936 -0.0764
vn 0.2521 -0.9625 0.1004
vn 0.6312 -0.7751 0.0274
vn 0.8765 -0.4771 -0.0644
vn -0.0537 -0.9140 0.4022
vn -0.1016 -0.9454 0.3096
vn 0.3045 -0.9297 0.2072
vn 0.9981 0.0544 -0.0304
vn 0.8936 -0.4391 0.0930
vn 0.9899 0.0368 -0.1366
vn 0.8876 0.4460 -0.1147
vn 0.8767 0.4755 -0.0723
vn 0.8746 -0.4274 0.2287
vn 0.9945 0.0193 0.1027
vn 0.8414 -0.3776 0.3866
vn 0.8980 0.4390 -0.0282
vn 0.9778 -0.0385 0.2058
vn 0.7020 0.7021 -0.1194
vn 0.9314 0.3637 0.0163
vn 0.9230 0.1777 0.3413
vn 0.9378 -0.0352 0.3453
vn -0.1469 0.9124 0.3820
vn 0.0268 0.8562 0.5160
vn -0.1429 0.8744 0.4636
vn 0.0113 0.8896 0.4567
vn 0.0776 0.9061 0.4160
vn 0.0531 0.9215 0.3848
vn -0.0494 0.9538 0.2964
vn 0.0270 0.9081 0.4179
vn 0.0720 0.9030 0.4235
vn 0.0807 0.9629 0.2576
vn -0.0169 0.9060 0.4230
vn 0.0088 0.9209 0.3898
vn -0.0475 0.9529 0.2996
vn 0.0313 0.9654 0.2589
vn 0.0618 0.9656 0.2526
vn 0.9914 -0.0000 -0.1308
vn 0.8832 -0.4663 -0.0509
vn 0.9937 -0.0462 -0.1021
vn 0.9481 0.3107 -0.0671
vn 0.9217 0.3777 -0.0879
vn 0.8904 -0.4549 -0.0182
vn 0.7174 0.6936 -0.0652
vn 0.7773 0.6248 -0.0738
vn 0.5718 0.8092 -0.1349
vn 0.7574 0.6501 -0.0599
vn 0.7553 0.6492 -0.0901
vn 0.7884 0.6150 0.0168
vn 0.7565 0.6523 -0.0469
vn 0.7180 0.6953 0.0322
vn 0.6071 0.7896 -0.0889
vn 0.7041 0.7028 -0.1014
vn 0.4163 0.8055 0.4218
vn 0.4543 0.7201 0.5245
vn 0.4505 0.7336 0.5087
vn 0.4286 0.8896 0.1578
vn 0.6456 0.5145 0.5644
vn 0.6079 0.3213 0.7261
vn 0.7223 0.2951 0.6255
vn 0.2484 0.8696 0.4267
vn 0.4116 0.6999 0.5836
vn 0.9378 -0.0353 0.3453
vn 0.9230 0.1777 0.3414
vn 0.7096 -0.0763 0.7004
vn 0.8283 -0.1148 0.5484
vn 0.8521 0.1094 -0.5118
vn 0.7440 0.2121 -0.6337
vn 0.6588 0.0758 -0.7485
vn 0.7541 -0.0584 -0.6542
vn 0.4815 -0.0951 -0.8713
vn 0.6280 -0.2386 -0.7407
vn 0.7301 -0.3660 -0.5770
vn 0.8610 -0.1276 -0.4924
vn 0.9169 0.0228 -0.3985
vn 0.4287 0.8896 0.1578
vn 0.3708 0.9202 0.1257
vn 0.8635 0.5028 -0.0394
vn 0.6142 0.7830 -0.0982
vn 0.7114 0.6909 -0.1288
vn 0.8413 -0.3777 0.3867
vn 0.4240 -0.7795 0.4611
vn 0.1942 -0.7885 0.5836
vn 0.6510 -0.6233 0.4332
vn 0.4340 -0.7569 0.4886
vn 0.2400 -0.7143 0.6574
vn 0.7356 -0.2894 0.6125
vn 0.6432 -0.5020 0.5782
vn -0.0627 0.9596 0.2744
vn 0.0236 0.9758 0.2176
vn 0.1430 0.8869 0.4393
vn 0.0515 0.9815 0.1845
vn -0.1227 0.9313 0.3429
vn -0.0065 0.9307 0.3656
vn 0.0981 0.9505 0.2947
vn 0.4911 -0.0810 0.8673
vn 0.2482 -0.1784 0.9521
vn 0.5053 -0.2409 0.8286
vn 0.1876 0.2283 0.9554
vn 0.4048 0.3000 0.8638
vn 0.7355 -0.2894 0.6126
vn 0.8414 -0.3776 0.3867
vn 0.9778 -0.0386 0.2058
vn 0.8844 0.3519 0.3066
vn 0.8844 0.3519 0.3067
vn -0.1150 0.9159 0.3846
vn -0.1147 0.9158 0.3848
vn -0.1147 0.9159 0.3847
vn 0.2236 0.9249 -0.3075
vn 0.2235 0.9249 -0.3077
vn 0.1024 0.8422 0.5293
vn 0.1386 0.9645 0.2249
vn -0.1213 0.9020 0.4144
vn -0.1560 0.9360 0.3156
vn 0.4286 0.8896 0.1579
vn 0.3707 0.9202 0.1257
vn 0.1300 0.9605 0.2460
vn 0.4371 -0.7495 0.4972
vn 0.6432 -0.5019 0.5782
vn 0.2345 -0.4002 0.8859
vn 0.3213 -0.5732 0.7538
vn 0.5067 -0.2793 0.8156
vn 0.5772 0.8152 -0.0480
vn 0.7972 0.5639 -0.2155
vn 0.7619 0.6337 -0.1339
vn 0.9248 0.2096 -0.3174
vn 0.9497 0.2398 -0.2015
vn 0.5734 0.8177 -0.0517
vn 0.4748 0.8757 -0.0884
vn 0.7624 0.6335 -0.1319
vn 0.7569 0.6468 -0.0933
vn 0.4758 0.8750 -0.0891
vn 0.9117 0.3985 -0.0999
vn 0.9581 0.2646 -0.1095
vn 0.9310 -0.1604 -0.3279
vn 0.9715 -0.1279 -0.1995
vn 0.9888 -0.0879 -0.1205
vn 0.6637 -0.7106 -0.2333
vn 0.4678 -0.6776 -0.5674
vn 0.6991 -0.4483 -0.5571
vn 0.9768 -0.1132 -0.1815
vn 0.9749 0.0965 -0.2007
vn 0.9347 -0.3068 0.1794
vn 0.6987 -0.4478 -0.5580
vn 0.8847 0.4632 -0.0516
vn 0.9888 0.1342 0.0660
vn 0.8695 0.0111 0.4938
vn 0.9014 0.2012 0.3834
vn 0.8912 0.4497 0.0595
vn -0.1482 0.9380 0.3133
vn 0.3418 0.7500 0.5664
vn 0.0604 0.9585 0.2787
vn -0.3383 0.9410 -0.0074
vn -0.3359 0.9419 0.0031
vn -0.2969 0.8862 -0.3558
vn 0.0221 0.8975 0.4405
vn 0.3826 0.6963 0.6072
vn 0.6555 0.3670 0.6600
vn 0.5625 0.3874 0.7305
vn 0.0618 0.9588 0.2774
vn 0.3316 0.7488 0.5739
vn 0.2814 0.9190 0.2763
vn 0.2908 0.9195 0.2645
vn 0.2540 0.9651 -0.0637
vn 0.0638 0.9622 0.2646
vn -0.0333 0.9244 -0.3800
vn 0.2516 0.9655 -0.0677
vn -0.5568 0.7818 -0.2807
vn -0.2943 0.8175 -0.4950
vn -0.4336 0.9005 0.0330
vn -0.4967 0.8563 -0.1413
vn -0.1437 0.8420 -0.5201
vn -0.4608 0.8770 0.1362
vn -0.5361 0.8381 0.1014
vn -0.4308 0.8807 0.1967
vn -0.2771 0.8755 0.3959
vn -0.2505 0.8547 0.4547
vn -0.4300 0.8263 -0.3638
vn -0.1397 0.9110 0.3881
vn -0.5869 0.8059 0.0783
vn 0.0211 -0.8775 0.4791
vn -0.0233 -0.8985 0.4383
vn -0.3305 0.8815 0.3372
vn -0.0552 0.8421 0.5364
vn 0.2468 0.7852 0.5679
vn -0.1414 0.8736 0.4656
vn 0.8753 -0.4797 -0.0604
vn 0.8649 -0.4963 -0.0749
vn 0.7241 -0.6007 -0.3389
vn 0.8360 -0.5281 -0.1492
vn 0.7714 -0.5721 -0.2787
vn 0.5708 0.8083 -0.1441
vn -0.0744 0.7946 -0.6026
vn -0.0834 0.7592 -0.6455
vn 0.1444 0.7139 -0.6851
vn -0.0743 0.7956 -0.6013
vn 0.4122 0.7263 -0.5501
vn 0.1458 0.7150 -0.6838
vn 0.4121 0.7263 -0.5502
vn 0.8231 0.3202 -0.4689
vn 0.7353 0.3012 -0.6071
vn 0.7251 0.2995 -0.6201
vn 0.8234 0.3202 -0.4684
vn 0.6085 0.3522 -0.7111
vn -0.1404 0.9105 0.3889
vn 0.1467 0.9500 0.2756
vn 0.1465 0.9501 0.2753
vn -0.2504 0.8544 0.4553
vn -0.0137 0.8649 0.5018
vn -0.1388 0.9104 0.3897
vn 0.2469 0.7845 0.5688
vn -0.0135 0.8645 0.5024
vn -0.1182 0.8982 -0.4235
vn -0.1181 0.8981 -0.4236
vn 0.4409 -0.6962 -0.5665
vn 0.4678 -0.6779 -0.5672
vn 0.4795 -0.7145 -0.5095
vn 0.5522 -0.2653 -0.7904
vn 0.6987 -0.4478 -0.5579
vn 0.4212 -0.6115 -0.6698
vn 0.4794 -0.7139 -0.5104
vn 0.4413 -0.6955 -0.5670
vn 0.5455 0.6584 0.5185
vn 0.8045 0.5147 0.2965
vn 0.2464 0.7856 0.5676
vn 0.3531 0.7585 0.5478
vn 0.7319 0.5869 0.3462
vn 0.6510 0.6929 0.3101
vn 0.7939 0.5841 0.1688
vn 0.6777 0.7027 0.2166
vn 0.9436 0.2834 0.1714
vn 0.9315 0.2982 0.2086
vn 0.9175 0.3626 0.1635
vn 0.9483 0.3110 0.0639
vn 0.8039 0.5153 0.2968
vn 0.7317 0.5857 0.3486
vn 0.7934 0.5846 0.1696
vn 0.9058 0.0424 -0.4216
vn 0.8808 0.4459 -0.1591
vn 0.5516 -0.2648 -0.7910
vn 0.6577 -0.1096 -0.7453
vn 0.8274 0.5535 -0.0949
vn 0.8784 0.4073 -0.2498
vn 0.8951 0.2552 -0.3656
vn 0.8352 0.5151 -0.1925
vn 0.8343 0.5337 -0.1382
vn 0.8573 0.3840 -0.3430
vn 0.8128 0.4870 -0.3198
vn 0.8176 0.5733 0.0538
vn -0.1881 0.8090 -0.5569
vn 0.1779 0.6311 -0.7550
vn 0.2430 0.8799 -0.4084
vn 0.3313 0.5735 -0.7492
vn 0.5769 0.5483 0.6054
vn 0.7225 0.3402 0.6019
vn 0.8635 0.0170 0.5041
vn 0.8966 0.2036 0.3933
vn 0.7918 0.1908 0.5802
vn 0.4374 -0.0900 -0.8948
vn 0.4354 0.1452 -0.8885
vn 0.1774 0.6333 -0.7533
vn 0.3308 0.5755 -0.7479
vn 0.3731 0.1692 -0.9122
vn 0.3065 0.3589 -0.8816
vn 0.4951 0.1655 -0.8529
vn 0.8592 0.4864 0.1587
vn 0.6641 0.7186 0.2065
vn 0.7182 0.6952 0.0308
vn 0.3904 0.8387 0.3796
vn 0.8595 0.4855 0.1599
vn 0.9045 0.4261 0.0157
vn -0.0554 0.8431 0.5349
vn 0.0994 0.8217 0.5611
vn 0.5991 0.8007 -0.0031
vn 0.6640 0.7181 0.2085
vn 0.3908 0.8375 0.3818
vn 0.2369 0.7012 -0.6725
vn 0.4767 0.5738 -0.6660
vn 0.2378 0.7033 -0.6699
vn 0.1768 0.7149 -0.6765
vn 0.8850 0.4637 0.0422
vn 0.3225 -0.0302 0.9461
vn 0.0768 0.0791 0.9939
vn 0.2727 0.1994 0.9412
vn 0.1945 -0.2589 0.9461
vn -0.0327 -0.0841 0.9959
vn 0.0219 0.3263 0.9450
vn 0.4266 0.1068 0.8981
vn -0.1052 0.2201 0.9698
vn -0.2749 0.1041 0.9558
vn 0.2805 -0.2678 0.9217
vn -0.4446 0.4422 0.7790
vn -0.2881 0.3679 0.8841
vn -0.4277 0.5655 0.7052
vn 0.1024 0.8422 0.5294
vn -0.0606 0.8012 0.5953
vn 0.0430 0.6184 0.7847
vn 0.2390 0.6647 0.7078
vn -0.2843 0.5125 0.8103
vn 0.9583 -0.1757 0.2254
vn 0.9583 -0.1756 0.2254
vn 0.3935 0.3739 -0.8399
vn 0.4328 0.2110 -0.8764
vn 0.4499 0.1130 -0.8859
vn -0.3133 0.6198 -0.7195
vn -0.3815 0.6392 -0.6677
vn -0.3094 0.6186 -0.7222
vn -0.2339 0.5923 -0.7711
vn -0.3818 0.6393 -0.6675
vn -0.6980 0.6353 0.3304
vn -0.6739 0.6250 0.3939
vn -0.6981 0.6353 0.3303
vn -0.6741 0.6251 0.3933
vn -0.4447 0.4422 0.7789
vn -0.4277 0.5655 0.7051
vn -0.2339 0.5923 -0.7710
vn 0.7646 -0.3659 -0.5306
vn 0.4237 0.5521 -0.7180
vn -0.1541 0.9813 0.1157
vn 0.0574 0.9982 -0.0147
vn 0.0649 0.9965 0.0529
vn -0.3162 0.9121 0.2610
vn -0.3680 0.9041 0.2173
vn -0.1402 0.9801 0.1407
vn -0.1473 0.9119 0.3830
vn -0.1427 0.8737 0.4650
vn -0.3310 0.8812 0.3374
vn -0.4315 0.8803 0.1973
vn -0.4344 0.9001 0.0343
vn -0.3393 0.9297 0.1429
vn 0.0817 0.9627 0.2579
vn -0.0496 0.9538 0.2963
vn -0.2965 0.9550 -0.0093
vn -0.1611 0.9816 0.1030
vn -0.0251 0.9993 -0.0284
vn -0.1774 0.9813 -0.0742
vn -0.2172 0.9761 -0.0022
vn -0.3654 0.9245 -0.1086
vn 0.3907 0.8376 0.3818
vn -0.1418 0.8743 0.4642
vn 0.0272 0.8564 0.5155
vn 0.1426 0.8878 0.4376
vn 0.0770 0.9064 0.4152
vn 0.1138 0.4832 -0.8681
vn -0.1588 0.4831 -0.8610
vn -0.4366 0.8571 -0.2733
vn -0.3543 0.4772 -0.8042
vn -0.5195 0.4761 -0.7095
vn -0.1477 0.4893 -0.8595
vn -0.3393 0.4751 -0.8119
vn -0.5308 0.4535 -0.7160
vn 0.4171 0.4541 -0.7873
vn 0.1757 0.6593 -0.7311
vn 0.8338 -0.4600 0.3053
vn 0.9205 -0.3672 0.1333
vn 0.9197 -0.3509 0.1763
vn 0.6764 -0.1926 0.7109
vn 0.8318 -0.3770 0.4075
vn 0.5688 -0.4852 0.6641
vn -0.2231 0.1622 0.9612
vn -0.2279 0.2002 0.9529
vn -0.2274 0.1627 0.9601
vn -0.9873 0.0575 0.1479
vn -0.9792 0.1362 0.1505
vn -0.8313 0.0954 0.5475
vn -0.8042 0.1389 0.5780
vn -0.8941 0.1232 0.4307
vn -0.9554 0.1230 -0.2685
vn -0.9531 0.0431 -0.2996
vn -0.7627 0.0428 -0.6453
vn -0.7650 0.0976 -0.6366
vn -0.9612 0.1582 -0.2258
vn -0.7843 0.1249 -0.6076
vn -0.9685 0.1754 0.1766
vn -0.7552 0.0066 -0.6554
vn -0.9486 0.0194 -0.3159
vn -0.7518 0.0792 -0.6546
vn -0.9806 0.1524 -0.1236
vn -0.9419 0.1163 -0.3152
vn -0.9896 0.0384 -0.1389
vn -0.7447 0.0721 -0.6635
vn -0.7502 0.0015 -0.6612
vn -0.7589 0.0359 -0.6502
vn -0.7650 0.0975 -0.6366
vn -0.4879 0.0693 -0.8702
vn -0.2457 0.1636 0.9554
vn -0.7167 0.1337 0.6845
vn -0.8437 0.1569 0.5134
vn -0.7406 0.1812 0.6470
vn -0.5796 0.1583 0.7994
vn -0.5593 0.1883 0.8073
vn -0.6856 0.1615 0.7098
vn -0.5956 0.1914 0.7801
vn -0.5611 0.1937 0.8047
vn -0.2249 0.1498 0.9628
vn -0.2332 0.2038 0.9508
vn -0.2596 0.2607 0.9299
vn -0.5609 0.2122 0.8003
vn -0.5829 0.1649 0.7957
vn -0.5983 0.1923 0.7778
vn -0.2262 0.1604 0.9608
vn -0.2462 0.1640 0.9552
vn -0.8423 0.1908 0.5041
vn -0.7488 0.2022 0.6313
vn -0.6013 0.2002 0.7736
vn -0.6012 0.2002 0.7736
vn -0.7842 0.1249 -0.6079
vn -0.6813 0.1869 0.7078
vn -0.7908 0.2153 0.5729
vn -0.2553 0.2640 0.9301
vn -0.2757 0.0423 0.9603
vn -0.3185 0.0796 0.9446
vn -0.6176 -0.1574 0.7706
vn -0.7656 -0.0485 0.6415
vn -0.5662 0.2033 0.7988
vn -0.2946 -0.4267 0.8551
vn -0.5977 -0.5349 0.5972
vn -0.8697 0.1255 0.4773
vn -0.6328 -0.0869 0.7694
vn -0.7146 0.3595 -0.6001
vn -0.4822 0.3727 -0.7928
vn -0.7317 0.2494 -0.6343
vn -0.8718 0.2299 0.4327
vn -0.9551 0.2698 0.1222
vn -0.8444 -0.3117 0.4358
vn -0.9486 -0.0085 0.3163
vn -0.9139 0.2780 -0.2960
vn -0.7456 0.2499 -0.6177
vn -0.8986 0.3458 -0.2702
vn -0.7316 0.3665 -0.5748
vn -0.0868 -0.9763 0.1981
vn -0.2103 -0.7637 0.6104
vn -0.4503 -0.7965 0.4035
vn -0.2783 -0.7789 0.5620
vn -0.4938 -0.8245 0.2764
vn -0.8924 -0.2775 0.3559
vn -0.9282 -0.2336 0.2897
vn -0.8650 -0.3332 0.3751
vn -0.8033 -0.4353 0.4066
vn -0.9545 -0.1439 0.2612
vn -0.4518 -0.8091 0.3758
vn -0.7600 -0.4777 0.4407
vn -0.8703 -0.1242 0.4765
vn -0.9520 -0.0067 0.3059
vn -0.9920 -0.0329 0.1216
vn -0.9895 0.1102 0.0934
vn -0.7376 0.2889 -0.6103
vn -0.7165 0.4393 -0.5420
vn -0.9304 0.2335 -0.2826
vn -0.7593 0.3099 -0.5722
vn -0.9684 0.2381 0.0740
vn -0.9935 0.1132 0.0081
vn -0.9812 -0.0665 0.1811
vn -0.8942 -0.3121 0.3208
vn -0.6336 -0.6025 0.4853
vn -0.5557 -0.5766 0.5989
vn -0.2070 -0.7371 0.6433
vn -0.6112 -0.6077 0.5071
vn -0.1948 -0.4978 0.8451
vn -0.2262 -0.7680 0.5992
vn -0.4358 -0.7039 0.5608
vn -0.2592 -0.0032 0.9658
vn -0.2456 -0.4520 0.8576
vn -0.2491 -0.7425 0.6218
vn 0.0427 -0.7440 0.6668
vn -0.5146 -0.6626 0.5442
vn -0.2886 -0.7901 0.5408
vn -0.4113 -0.6884 0.5974
vn -0.1887 -0.7607 0.6211
vn -0.9598 0.2423 0.1415
vn -0.8727 0.2151 0.4383
vn -0.9244 0.2113 0.3177
vn -0.9408 0.3380 -0.0273
vn -0.9890 0.1464 -0.0199
vn -0.8392 0.5360 -0.0916
vn -0.9518 0.2835 0.1173
vn -0.2758 -0.9215 0.2733
vn -0.2110 -0.5578 0.8027
vn -0.2778 -0.9190 0.2798
vn -0.0534 -0.8595 0.5084
vn -0.0530 -0.7638 0.6432
vn -0.4635 -0.8841 -0.0593
vn -0.4111 -0.9113 -0.0245
vn -0.2466 -0.9410 0.2319
vn 0.0075 -0.8140 0.5807
vn -0.0024 -0.5966 0.8025
vn -0.1947 -0.9511 0.2397
vn -0.8812 0.1390 0.4518
vn -0.8359 0.1687 0.5224
vn -0.9751 0.0339 0.2193
vn -0.8803 0.4719 -0.0484
vn -0.7361 0.3651 0.5699
vn -0.4553 -0.8098 0.3701
vn -0.3832 -0.7719 0.5072
vn -0.3471 0.9147 -0.2069
vn -0.5022 0.7494 -0.4316
vn -0.6228 0.7002 -0.3492
vn -0.4891 0.8310 -0.2651
vn -0.2139 0.9585 -0.1886
vn -0.2848 0.9058 -0.3136
vn -0.1763 0.9817 -0.0721
vn -0.7979 0.5670 -0.2045
vn -0.6072 0.7540 -0.2505
vn -0.3974 0.8755 -0.2749
vn -0.2970 -0.7158 0.6319
vn -0.3163 -0.7204 0.6172
vn -0.2136 -0.6842 0.6973
vn -0.0987 -0.6429 0.7596
vn -0.3353 -0.7380 0.5856
vn -0.3196 -0.7228 0.6128
vn -0.5265 -0.2830 0.8017
vn -0.0987 -0.6428 0.7596
vn -0.4058 -0.2906 0.8666
vn -0.6025 -0.3155 0.7331
vn -0.2138 -0.6841 0.6974
vn -0.6697 0.1013 0.7357
vn 0.0291 -0.5574 0.8297
vn -0.2952 -0.3202 0.9002
vn -0.6400 0.1399 0.7556
vn -0.6549 0.4021 0.6399
vn -0.6287 0.3957 0.6695
vn -0.6030 0.1068 0.7906
vn -0.5583 0.0341 0.8289
vn -0.6682 0.3988 0.6281
vn -0.1638 -0.2790 0.9462
vn -0.2299 -0.0774 0.9701
vn 0.1234 0.8777 0.4631
vn 0.1570 0.9411 0.2996
vn 0.0016 0.8892 0.4574
vn -0.5821 -0.3456 0.7360
vn -0.2971 -0.7167 0.6309
vn -0.6054 -0.0286 0.7954
vn -0.5386 -0.3686 0.7576
vn -0.3173 -0.7225 0.6142
vn -0.6423 0.0315 0.7658
vn -0.6189 0.3478 0.7043
vn -0.6419 0.3107 0.7010
vn -0.5507 0.4146 0.7245
vn -0.5706 0.3139 0.7589
vn -0.6294 0.3432 0.6972
vn -0.6464 0.3406 0.6828
vn -0.6525 0.5384 0.5333
vn -0.5474 0.1463 0.8240
vn -0.6262 0.5167 0.5839
vn -0.0322 0.6124 0.7899
vn -0.0252 0.3661 0.9303
vn 0.0592 0.1484 0.9872
vn -0.1251 0.6857 0.7170
vn -0.0476 0.6234 0.7805
vn -0.3725 0.7123 0.5949
vn -0.1637 -0.2790 0.9462
vn 0.0801 -0.2803 0.9566
vn -0.2298 -0.0774 0.9702
vn -0.8641 -0.2705 0.4244
vn -0.9510 -0.2806 0.1298
vn -0.9442 -0.1615 0.2871
vn -0.7753 -0.3517 0.5246
vn -0.7748 -0.4896 0.3999
vn -0.8768 -0.4193 0.2354
vn -0.8265 -0.5605 0.0527
vn -0.9083 -0.4027 -0.1132
vn -0.7016 -0.6828 0.2039
vn -0.3806 0.7539 0.5355
vn -0.5565 0.5449 0.6272
vn -0.3726 0.7123 0.5949
vn -0.6163 0.1753 0.7678
vn -0.6767 0.3837 0.6284
vn -0.6350 0.5066 0.5832
vn 0.0291 -0.5575 0.8297
vn 0.2344 -0.4003 0.8859
vn -0.1428 0.9203 0.3642
vn -0.0050 0.8541 0.5200
vn -0.1795 0.8920 0.4148
vn -0.1981 0.9262 0.3207
vn -0.2951 -0.3203 0.9002
vn -0.2963 0.0906 0.9508
vn -0.2964 0.0906 0.9508
vn 0.0663 0.9560 0.2856
vn 0.0664 0.9559 0.2860
vn 0.0664 0.9560 0.2859
vn 0.0664 0.9559 0.2861
vn -0.6617 0.7290 0.1753
vn -0.6618 0.7289 0.1752
vn -0.6617 0.7290 0.1754
vn -0.0607 0.8012 0.5952
vn -0.2020 0.8891 0.4107
vn -0.3725 0.7123 0.5948
vn -0.3805 0.7540 0.5355
vn -0.7379 0.2591 0.6232
vn -0.7837 -0.1282 0.6078
vn -0.6584 0.3512 0.6657
vn -0.5514 0.5964 0.5832
vn -0.6993 -0.0907 0.7091
vn -0.6623 0.3514 0.6617
vn -0.5560 0.6666 0.4965
vn -0.5586 0.6654 0.4952
vn -0.5537 0.5952 0.5824
vn -0.6457 0.3439 0.6818
vn -0.6402 0.0766 0.7644
vn -0.6266 -0.0646 0.7767
vn -0.6905 -0.4802 0.5409
vn -0.6065 -0.4423 0.6607
vn -0.5444 -0.4013 0.7366
vn -0.0308 -0.1870 0.9819
vn -0.5845 -0.4588 0.6693
vn -0.2094 -0.5598 0.8017
vn -0.6679 -0.2671 0.6947
vn -0.4732 -0.1887 0.8605
vn -0.6238 0.1325 0.7703
vn -0.4710 -0.1891 0.8616
vn -0.0385 -0.1982 0.9794
vn -0.2015 -0.0484 0.9783
vn -0.0029 0.1678 0.9858
vn 0.0644 0.2290 0.9713
vn -0.2081 -0.5604 0.8016
vn 0.1598 0.2971 0.9414
vn 0.0415 0.9724 0.2297
vn -0.1327 0.9844 -0.1157
vn -0.1148 0.9225 0.3684
vn 0.0544 0.6883 0.7233
vn 0.0782 0.8992 0.4306
vn -0.1162 0.9883 -0.0985
vn -0.4310 0.8573 -0.2815
vn -0.5951 0.8003 -0.0731
vn -0.1086 0.9221 0.3713
vn -0.4863 0.8024 0.3459
vn -0.4833 0.8039 0.3467
vn -0.2071 0.8184 0.5361
vn 0.0471 0.6769 0.7346
vn -0.1126 0.9209 0.3731
vn 0.0607 0.6324 0.7723
vn -0.2134 0.8122 0.5429
vn -0.2129 0.8581 -0.4673
vn -0.1542 0.9321 -0.3276
vn -0.6155 0.7498 -0.2428
vn -0.5250 0.7681 -0.3666
vn -0.0584 0.9835 -0.1712
vn 0.0790 0.9936 -0.0812
vn 0.0458 0.9891 -0.1400
vn 0.0670 0.9715 -0.2273
vn 0.1669 0.9739 0.1536
vn 0.1435 0.9865 0.0787
vn 0.2084 0.9565 0.2042
vn 0.0837 0.9542 -0.2871
vn 0.0821 0.9602 0.2668
vn -0.8799 0.4720 -0.0538
vn 0.0812 0.7488 0.6577
vn 0.1839 0.8953 0.4057
vn 0.1583 0.9401 0.3020
vn -0.3201 -0.7240 0.6111
vn -0.3345 -0.7393 0.5844
vn -0.4516 -0.8138 0.3658
vn -0.4869 -0.8307 0.2701
vn -0.3808 -0.7741 0.5057
vn -0.6494 0.5389 0.5364
vn -0.7307 0.6181 -0.2899
vn -0.7124 0.6540 -0.2544
vn -0.8593 0.4927 -0.1375
vn -0.5804 0.7961 -0.1714
vn -0.3567 0.8428 -0.4032
vn -0.7119 0.6550 -0.2535
vn -0.8844 0.4397 0.1565
vn -0.8592 0.4932 -0.1360
vn -0.9480 -0.0707 0.3102
vn -0.8850 -0.0576 0.4619
vn -0.9531 -0.0713 0.2942
vn -0.9873 0.0003 0.1590
vn -0.8848 -0.0577 0.4624
vn 0.2087 0.9563 0.2047
vn 0.1278 0.8965 0.4243
vn 0.0820 0.7484 0.6582
vn 0.0830 0.9598 0.2683
vn 0.0810 0.7492 0.6574
vn -0.3206 0.2658 0.9092
vn -0.0619 0.5241 0.8494
vn -0.1608 0.8821 0.4429
vn 0.1287 0.8962 0.4246
vn 0.0833 0.9602 0.2667
vn -0.1610 0.8821 0.4426
vn -0.4630 -0.8844 -0.0588
vn -0.4435 -0.8924 -0.0836
vn -0.4102 -0.9117 -0.0239
vn -0.8208 -0.5698 -0.0407
vn -0.5456 -0.8260 -0.1416
vn -0.6432 -0.7455 0.1747
vn -0.4447 -0.8918 -0.0837
vn -0.2936 0.4839 0.8244
vn 0.0226 0.6854 0.7278
vn -0.4416 0.3108 0.8417
vn -0.4130 -0.0169 0.9106
vn -0.3816 0.0074 0.9243
vn -0.3201 0.2667 0.9091
vn -0.4320 0.0638 0.8996
vn -0.4408 0.3116 0.8418
vn -0.5116 -0.0120 0.8591
vn -0.4467 0.1963 0.8729
vn -0.2653 0.3651 0.8924
vn -0.3855 0.4675 0.7955
vn -0.7027 0.0964 0.7049
vn -0.7950 -0.3343 0.5062
vn -0.6902 0.1967 0.6963
vn -0.7626 0.0440 0.6453
vn -0.6570 0.2277 0.7187
vn -0.8143 -0.1234 0.5672
vn -0.8212 -0.5691 -0.0415
vn -0.6436 -0.7453 0.1744
vn -0.7306 0.1686 0.6616
vn -0.8134 0.1271 0.5676
vn -0.8201 0.0126 0.5722
vn -0.1958 -0.0445 0.9796
vn -0.5330 0.1373 0.8349
vn -0.5399 0.2778 0.7945
vn -0.6255 0.7126 -0.3177
vn -0.9561 0.2892 -0.0464
vn -0.7377 0.6631 0.1269
vn -0.9053 0.3920 -0.1635
vn -0.0088 0.4154 0.9096
vn -0.0034 -0.0101 0.9999
vn -0.9759 -0.1294 -0.1756
vn -0.9075 -0.3882 -0.1605
vn -0.9789 -0.1681 -0.1163
vn -0.8867 -0.4519 0.0978
vn -0.9857 -0.1623 -0.0445
vn -0.9046 0.3941 -0.1625
vn -0.9811 0.0742 -0.1786
vn -0.9556 0.2910 -0.0456
vn -0.6435 -0.7453 0.1745
vn -0.4477 0.1968 0.8723
vn -0.3908 0.4851 0.7823
vn -0.2676 0.3655 0.8915
vn -0.5517 0.4138 0.7241
vn -0.1576 0.7175 0.6785
vn -0.5658 0.1005 0.8184
vn 0.1824 0.8960 0.4048
vn 0.1357 0.8300 0.5410
vn -0.1556 0.7166 0.6799
vn -0.3894 0.4850 0.7830
vn -0.9534 0.2801 0.1123
vn -0.8407 0.5328 -0.0964
vn 0.6199 0.0356 0.7839
vn 0.5647 0.2640 0.7819
vn 0.7420 0.2266 0.6309
vn 0.4855 0.1199 0.8660
vn 0.7572 -0.1344 0.6392
vn 0.6478 0.4648 0.6036
vn 0.7645 0.4125 0.4954
vn 0.8736 0.3583 0.3294
vn 0.8504 0.1113 0.5142
vn 0.6987 -0.1753 0.6936
vn 0.7015 0.6958 0.1538
vn 0.7352 0.5943 0.3259
vn 0.5931 0.7914 0.1484
vn 0.6260 0.7139 0.3137
vn -0.2247 -0.4375 0.8707
vn -0.2248 -0.4374 0.8707
vn -0.2248 -0.4375 0.8707
vn -0.2247 -0.4374 0.8707
vn -0.9895 -0.1038 -0.1006
vn -0.9943 0.0667 -0.0828
vn -0.9733 -0.2019 -0.1096
vn -0.9943 0.0668 -0.0828
vn -0.6383 0.5458 -0.5428
vn -0.6346 0.5487 -0.5442
vn -0.7059 0.4878 -0.5136
vn -0.5657 0.5986 -0.5672
vn 0.3976 0.8778 -0.2673
vn 0.4408 0.8717 -0.2141
vn 0.5930 0.7914 0.1483
vn 0.7015 0.6959 0.1537
vn 0.4404 0.8718 -0.2146
vn -0.7059 0.4878 -0.5135
vn -0.6807 -0.6857 0.2577
vn -0.0572 0.9835 -0.1713
vn 0.0798 0.9935 -0.0816
vn 0.1441 0.9865 0.0781
vn 0.1584 0.9405 0.3005
vn -0.2143 0.9579 -0.1909
vn -0.1556 0.7167 0.6798
vn -0.0066 0.8549 0.5188
vn 0.1226 0.8777 0.4633
vn 0.1569 0.9407 0.3008
vn 0.0011 0.8897 0.4566
vn -0.9469 0.3183 -0.0452
vn -0.7327 0.4132 -0.5407
vn -0.7433 0.4293 -0.5131
vn -0.9138 0.3065 -0.2664
vn -0.9165 0.2914 -0.2742
vn -0.7826 0.5877 -0.2054
vn -0.1940 -0.7181 0.6683
vn 0.1408 -0.4718 0.8704
vn 0.8940 -0.3431 -0.2883
vn 0.9534 0.0938 -0.2868
vn 0.9769 -0.1887 -0.1005
vn 0.8680 -0.0294 -0.4957
vn 0.9758 0.2109 -0.0584
vn 0.9953 -0.0213 0.0947
vn 0.8339 0.3960 -0.3845
vn 0.9330 -0.2021 0.2976
vn 0.8092 -0.5873 -0.0142
vn 0.7353 0.3065 -0.6045
vn 0.7522 -0.4750 -0.4567
vn 0.7254 -0.1506 -0.6716
vn -0.6539 -0.4565 -0.6034
vn -0.7597 -0.2017 -0.6182
vn -0.6881 -0.1992 -0.6977
vn -0.8351 -0.3091 -0.4551
vn -0.8113 -0.2403 -0.5330
vn -0.4226 -0.5690 -0.7054
vn -0.4465 -0.6378 -0.6276
vn -0.4982 -0.6763 -0.5426
vn -0.5697 -0.6787 -0.4634
vn -0.6503 -0.6447 -0.4019
vn -0.7276 -0.5792 -0.3675
vn -0.7898 -0.4925 -0.3656
vn -0.6075 -0.2333 -0.7593
vn -0.4679 -0.3855 -0.7953
vn -0.4301 -0.4804 -0.7643
vn -0.8275 -0.3976 -0.3963
vn -0.5302 -0.2987 -0.7935
vn -0.1761 -0.6351 -0.7521
vn -0.2208 -0.7637 -0.6066
vn 0.9332 0.3143 0.1742
vn 0.8361 0.3070 0.4546
vn 0.9473 0.1480 0.2840
vn 0.3089 -0.3562 -0.8819
vn 0.3325 -0.6379 -0.6946
vn 0.0619 -0.4269 -0.9022
vn 0.5349 -0.2620 -0.8032
vn 0.5611 -0.5754 -0.5950
vn 0.2565 -0.8569 -0.4471
vn 0.0813 -0.6584 -0.7483
vn 0.0189 -0.8382 -0.5450
vn -0.1901 -0.4694 -0.8623
vn 0.5609 -0.5754 -0.5953
vn 0.5350 -0.2618 -0.8033
vn 0.9473 0.1478 0.2841
vn 0.9029 0.0183 0.4295
vn 0.8775 0.4592 -0.1385
vn 0.9332 0.3140 0.1746
vn 0.5882 0.1968 -0.7844
vn 0.8279 0.3965 0.3968
vn 0.6546 0.4551 0.6037
vn 0.8359 0.3074 0.4548
vn 0.9331 0.3146 0.1743
vn 0.7361 0.3568 0.5752
vn -0.1160 -0.9391 -0.3235
vn -0.3173 -0.8359 -0.4478
vn 0.7521 -0.4748 -0.4571
vn 0.4765 -0.8185 -0.3210
vn 0.5609 -0.5751 -0.5955
vn 0.6648 -0.7267 -0.1734
vn 0.2945 -0.9554 -0.0223
vn 0.2565 -0.8565 -0.4480
vn 0.3323 -0.6377 -0.6949
vn 0.8938 -0.3433 -0.2884
vn 0.8093 -0.5872 -0.0146
vn 0.9009 -0.4087 0.1463
vn 0.0925 -0.9796 -0.1785
vn 0.0189 -0.8378 -0.5457
vn 0.8119 0.2391 0.5326
vn 0.9031 0.0188 0.4290
vn 0.7606 0.1998 0.6177
vn 0.8073 -0.0541 0.5877
vn 0.4770 -0.8685 0.1351
vn 0.7362 0.3567 0.5751
vn 0.7115 0.3377 0.6163
vn 0.9335 -0.2016 0.2966
vn 0.6895 0.1970 0.6970
vn 0.6746 -0.0592 0.7358
vn -0.3027 -0.9458 -0.1179
vn -0.1160 -0.9390 -0.3238
vn 0.6281 -0.7246 0.2836
vn 0.3763 -0.7362 0.5625
vn 0.2165 -0.8799 0.4231
vn 0.5121 -0.5430 0.6655
vn 0.9012 -0.4085 0.1452
vn 0.7384 -0.5322 0.4141
vn 0.7995 -0.3034 0.5185
vn 0.6146 -0.3104 0.7252
vn -0.4511 -0.8406 -0.3000
vn 0.0421 -0.9658 0.2557
vn -0.1346 -0.9883 0.0719
vn 0.7995 -0.3043 0.5179
vn 0.9334 -0.2018 0.2966
vn 0.6143 -0.3117 0.7249
vn -0.6017 -0.7770 -0.1851
vn -0.3028 -0.9458 -0.1172
vn 0.6393 0.3524 0.6835
vn 0.6092 0.2310 0.7586
vn 0.6776 0.3363 0.6541
vn 0.5247 0.0042 0.8513
vn -0.5130 -0.8573 0.0418
vn -0.3904 -0.8814 0.2661
vn -0.0790 -0.7571 0.6485
vn -0.2434 -0.8471 0.4725
vn 0.2555 -0.4360 0.8629
vn 0.0912 -0.6172 0.7815
vn 0.4042 -0.2229 0.8871
vn 0.3795 0.1266 0.9165
vn 0.2009 -0.0516 0.9783
vn 0.2564 -0.4341 0.8636
vn 0.5133 -0.5412 0.6661
vn -0.5130 -0.8573 0.0430
vn -0.5168 -0.6156 0.5949
vn -0.7463 -0.6546 -0.1205
vn 0.5320 0.2972 0.7929
vn 0.0090 -0.2273 0.9738
vn -0.3618 -0.5179 0.7752
vn -0.8625 -0.4924 -0.1168
vn 0.0376 0.1763 0.9836
vn 0.2623 0.2900 0.9204
vn -0.6374 -0.6724 0.3764
vn -0.7155 -0.6859 0.1325
vn -0.5138 -0.8568 0.0425
vn -0.2443 -0.8462 0.4736
vn -0.5170 -0.6147 0.5957
vn -0.3921 -0.8804 0.2669
vn -0.8344 -0.3958 0.3837
vn -0.7465 -0.6542 -0.1214
vn -0.6021 -0.7765 -0.1858
vn -0.1826 -0.3856 0.9044
vn -0.1891 0.0516 0.9806
vn 0.0087 -0.2253 0.9742
vn -0.8776 -0.4591 0.1383
vn -0.4024 -0.0759 0.9123
vn -0.1837 -0.3831 0.9053
vn -0.3082 0.3548 0.8827
vn 0.5315 0.2965 0.7935
vn 0.6391 0.3530 0.6833
vn 0.4693 0.3839 0.7952
vn 0.4313 0.4789 0.7646
vn 0.1917 0.4674 0.8630
vn 0.2628 0.2896 0.9204
vn -0.7360 -0.3067 0.6035
vn -0.9757 -0.2111 0.0585
vn -0.9533 -0.0939 0.2869
vn -0.3631 -0.5159 0.7758
vn -0.5891 -0.1978 0.7835
vn -0.7252 0.1501 0.6720
vn -0.0608 0.4251 0.9031
vn -0.9331 -0.3146 -0.1744
vn -0.8626 -0.4921 -0.1173
vn -0.1844 -0.3838 0.9048
vn -0.4027 -0.0758 0.9122
vn -0.5344 0.2606 0.8041
vn -0.1896 0.0520 0.9805
vn -0.3082 0.3539 0.8830
vn 0.1908 0.4679 0.8629
vn -0.3315 0.6368 0.6961
vn 0.4232 0.5676 0.7062
vn 0.1769 0.6335 0.7533
vn -0.0804 0.6568 0.7498
vn -0.9471 -0.1491 -0.2841
vn -0.8679 0.0292 0.4959
vn -0.7521 0.4742 0.4578
vn -0.5604 0.5744 0.5967
vn -0.9330 -0.3149 -0.1743
vn 0.4237 0.5674 0.7061
vn -0.8942 0.3421 0.2888
vn -0.9953 0.0201 -0.0948
vn -0.3316 0.6366 0.6962
vn -0.9470 -0.1493 -0.2843
vn 0.2214 0.7625 0.6079
vn -0.0182 0.8373 0.5465
vn -0.9771 0.1875 0.1005
vn -0.9027 -0.0205 -0.4298
vn -0.8103 0.5858 0.0136
vn -0.9017 0.4065 -0.1472
vn -0.9333 0.1999 -0.2983
vn -0.2558 0.8560 0.4493
vn 0.5620 0.5461 0.6212
vn -0.9026 -0.0206 -0.4300
vn -0.2553 0.8561 0.4494
vn -0.2935 0.9557 0.0207
vn -0.4761 0.8184 0.3219
vn -0.5601 0.5738 0.5975
vn -0.3310 0.6360 0.6971
vn -0.7519 0.4737 0.4586
vn -0.6651 0.7263 0.1734
vn 0.4470 0.6366 0.6285
vn 0.1170 0.9387 0.3244
vn 0.3180 0.8352 0.4486
vn -0.8940 0.3421 0.2894
vn -0.4764 0.8683 -0.1382
vn -0.8101 0.5862 0.0135
vn -0.6279 0.7231 -0.2879
vn -0.9016 0.4067 -0.1473
vn -0.0914 0.9797 0.1783
vn 0.1361 0.9879 -0.0742
vn -0.0403 0.9648 -0.2599
vn -0.2143 0.8778 -0.4284
vn -0.3747 0.7323 -0.5687
vn 0.4985 0.6754 0.5434
vn -0.9332 0.1998 -0.2986
vn -0.8062 0.0516 -0.5894
vn -0.7986 0.3008 -0.5213
vn -0.6724 0.0563 -0.7380
vn -0.5101 0.5381 -0.6710
vn -0.7377 0.5298 -0.4184
vn -0.0178 0.8372 0.5466
vn 0.1170 0.9386 0.3245
vn 0.3039 0.9455 0.1168
vn 0.5619 0.5462 0.6213
vn 0.5864 0.5647 0.5808
vn 0.4518 0.8401 0.3003
vn 0.5700 0.6781 0.4640
vn -0.7986 0.3011 -0.5212
vn -0.9332 0.2001 -0.2984
vn -0.6118 0.3077 -0.7287
vn 0.5140 0.8567 -0.0438
vn 0.3918 0.8797 -0.2695
vn 0.0801 0.7533 -0.6528
vn 0.6204 0.5659 0.5430
vn 0.6021 0.7766 0.1852
vn 0.6588 0.5497 0.5136
vn -0.0895 0.6121 -0.7857
vn 0.3183 0.8348 0.4492
vn 0.4520 0.8399 0.3005
vn 0.6024 0.7764 0.1854
vn -0.6116 0.3075 -0.7290
vn -0.5217 -0.0074 -0.8531
vn -0.2536 0.4301 -0.8664
vn 0.2438 0.8444 -0.4770
vn 0.3619 0.5139 -0.7778
vn -0.4010 0.2187 -0.8896
vn -0.3770 -0.1297 -0.9171
vn 0.6506 0.6441 0.4023
vn 0.7279 0.5784 0.3682
vn 0.7464 0.6544 0.1209
vn -0.5101 0.5376 -0.6714
vn -0.2537 0.4296 -0.8666
vn -0.1990 0.0478 -0.9788
vn 0.2437 0.8444 -0.4771
vn 0.6366 0.6719 -0.3784
vn 0.5161 0.6133 -0.5980
vn 0.0798 0.7533 -0.6528
vn 0.3615 0.5141 -0.7778
vn 0.1830 0.3809 -0.9063
vn 0.6022 0.7765 0.1853
vn 0.7152 0.6860 -0.1335
vn 0.5138 0.8568 -0.0439
vn 0.7465 0.6542 0.1211
vn 0.3915 0.8798 -0.2695
vn -0.0365 -0.1789 -0.9832
vn -0.2606 -0.2919 -0.9203
vn 0.1895 -0.0542 -0.9804
vn -0.0079 0.2219 -0.9750
vn 0.1834 0.3808 -0.9063
vn -0.0897 0.6117 -0.7860
vn 0.1832 0.3805 -0.9064
vn 0.4026 0.0738 -0.9124
vn 0.8626 0.4921 0.1172
vn 0.4023 0.0739 -0.9125
vn 0.8628 0.4918 0.1173
vn 0.3091 -0.3559 -0.8819
vn 0.1897 -0.0540 -0.9804
vn 0.7900 0.4918 0.3661
vn 0.9331 0.3144 0.1746
vn 0.8626 0.4921 0.1170
vn 0.8278 0.3963 0.3971
vn 0.7902 0.4916 0.3660
vn 0.6207 0.5655 0.5430
vn 0.5866 0.5644 0.5808
vn 0.7279 0.5787 0.3677
vn 0.6590 0.5494 0.5137
vn 0.8626 0.4922 0.1171
vn 0.6773 0.3368 0.6540
vn 0.7113 0.3380 0.6163
vn -0.5556 -0.6639 0.5005
vn -0.7271 -0.2781 0.6277
vn -0.8140 -0.4016 0.4196
vn -0.4948 -0.5144 0.7004
vn -0.4009 -0.3302 0.8545
vn -0.5917 -0.1359 0.7946
vn -0.8474 0.0240 0.5305
vn -0.5795 -0.7696 0.2680
vn -0.2122 -0.8133 0.5417
vn -0.1858 -0.6491 0.7376
vn -0.1469 -0.4411 0.8854
vn -0.0203 -0.3162 -0.9485
vn -0.2895 -0.3459 -0.8925
vn -0.2863 -0.2446 -0.9264
vn -0.2516 -0.4408 -0.8616
vn 0.1395 -0.0934 -0.9858
vn 0.2126 -0.1674 -0.9627
vn -0.2425 -0.1524 -0.9581
vn 0.2504 -0.2623 -0.9319
vn 0.2471 -0.3636 -0.8982
vn -0.1646 -0.0833 -0.9828
vn -0.0646 -0.0478 -0.9968
vn 0.2031 -0.4558 -0.8666
vn 0.1253 -0.5249 -0.8419
vn 0.0255 -0.5604 -0.8278
vn -0.0812 -0.5568 -0.8266
vn -0.1784 -0.5148 -0.8385
vn 0.0422 -0.0514 -0.9978
vn -0.4166 0.0156 0.9090
vn -0.2800 -0.1235 0.9520
vn -0.1401 0.0911 0.9859
vn -0.0427 0.0500 0.9978
vn -0.5143 -0.8252 -0.2337
vn -0.8242 -0.5627 -0.0635
vn -0.7469 -0.5897 -0.3072
vn -0.4288 -0.7711 -0.4707
vn -0.2050 -0.9590 -0.1959
vn -0.6200 -0.5776 -0.5310
vn -0.4512 -0.5270 -0.7202
vn -0.3144 -0.6655 -0.6769
vn -0.1747 -0.8810 -0.4397
vn -0.8471 -0.4985 0.1841
vn -0.5654 -0.8246 0.0178
vn -0.9480 -0.0660 0.3115
vn -0.9858 -0.1516 0.0722
vn -0.0980 -0.2031 0.9742
vn -0.2799 -0.1237 0.9520
vn -0.4163 0.0154 0.9091
vn -0.6904 0.1123 0.7147
vn -0.8243 -0.5626 -0.0635
vn -0.9585 -0.2272 -0.1720
vn -0.2121 0.1663 0.9630
vn -0.1399 0.0914 0.9859
vn 0.0204 0.3146 0.9490
vn -0.4166 0.0160 0.9089
vn -0.0100 0.1916 0.9814
vn -0.5653 -0.8247 0.0181
vn -0.1326 -0.7441 -0.6548
vn 0.0667 -0.7509 -0.6571
vn 0.1034 -0.8905 -0.4430
vn -0.5798 -0.7695 0.2677
vn -0.2226 -0.9731 0.0595
vn -0.2249 -0.9235 0.3108
vn -0.5658 -0.8243 0.0177
vn -0.2058 -0.9587 -0.1964
vn 0.1529 -0.9867 0.0548
vn 0.1629 -0.9379 0.3062
vn -0.5556 -0.6641 0.5003
vn 0.1326 -0.9707 -0.2004
vn -0.5145 -0.8249 -0.2340
vn -0.1755 -0.8807 -0.4400
vn -0.0985 -0.2028 0.9743
vn 0.0641 0.0456 0.9969
vn -0.2126 -0.8132 0.5417
vn 0.1622 -0.8276 0.5374
vn 0.1006 -0.2104 0.9724
vn 0.1639 0.0806 0.9832
vn -0.0101 0.1915 0.9814
vn -0.1479 -0.4409 0.8853
vn 0.1305 -0.4514 0.8827
vn 0.2870 -0.1449 0.9469
vn 0.1031 -0.8905 -0.4431
vn 0.3631 -0.7984 -0.4802
vn 0.4489 -0.8592 -0.2456
vn 0.5268 -0.8109 0.2546
vn 0.5146 -0.7051 0.4878
vn 0.4681 -0.5523 0.6898
vn -0.1868 -0.6491 0.7374
vn 0.3903 -0.3599 0.8474
vn 0.2531 -0.6847 -0.6834
vn 0.3636 -0.7984 -0.4800
vn 0.5045 -0.8634 0.0044
vn 0.1302 -0.4522 0.8824
vn -0.1479 -0.4410 0.8852
vn 0.1509 -0.6621 0.7341
vn 0.3904 -0.3609 0.8469
vn 0.0416 0.1893 0.9810
vn 0.0891 0.2060 0.9745
vn 0.3985 -0.5557 -0.7297
vn 0.4327 -0.0162 0.9014
vn 0.2418 0.1496 0.9587
vn 0.1263 0.2388 0.9628
vn 0.5658 -0.6186 -0.5451
vn 0.6956 -0.6409 -0.3245
vn 0.7799 -0.6203 -0.0837
vn 0.8125 -0.5593 0.1640
vn 0.7173 -0.3331 0.6120
vn 0.7912 -0.4617 0.4011
vn 0.4677 -0.5509 0.6912
vn 0.5947 -0.1805 0.7834
vn 0.5665 -0.6185 -0.5446
vn 0.5157 0.1565 0.8424
vn 0.9359 -0.2938 -0.1945
vn 0.9738 -0.2219 0.0492
vn 0.7170 -0.3318 0.6130
vn 0.8580 -0.0375 0.5124
vn 0.7108 0.0611 0.7007
vn 0.2855 0.2424 0.9272
vn 0.9474 -0.1350 0.2901
vn 0.8581 -0.0389 0.5120
vn 0.4871 -0.1937 -0.8516
vn 0.4809 -0.3831 -0.7886
vn 0.7197 0.3266 0.6127
vn 0.5221 0.3468 0.7792
vn 0.8364 -0.3463 -0.4249
vn 0.5666 -0.6178 -0.5452
vn 0.6814 -0.3769 -0.6274
vn 0.7808 -0.6192 -0.0836
vn 0.6968 -0.6394 -0.3251
vn 0.8472 -0.0239 -0.5307
vn 0.3983 -0.5552 -0.7301
vn 0.4805 -0.3828 -0.7891
vn 0.8685 0.2851 0.4056
vn 0.6903 -0.1123 -0.7147
vn 0.9590 0.2252 0.1722
vn 0.9362 -0.2931 -0.1941
vn 0.9479 0.0656 -0.3118
vn 0.7481 0.5874 0.3087
vn 0.6211 0.5748 0.5327
vn 0.4165 -0.0163 -0.9090
vn 0.2863 0.2419 0.9271
vn 0.2894 0.3437 0.8934
vn 0.1261 0.2393 0.9627
vn 0.2519 0.4387 0.8626
vn 0.4521 0.5244 0.7216
vn 0.5919 0.1356 -0.7945
vn 0.7275 0.2777 -0.6274
vn 0.9743 -0.2200 0.0491
vn 0.8147 0.4010 -0.4189
vn 0.8480 0.4975 -0.1828
vn 0.9860 0.1503 -0.0723
vn 0.9477 -0.1328 0.2902
vn 0.4521 0.5247 0.7213
vn 0.4870 -0.1935 -0.8517
vn 0.4166 -0.0160 -0.9090
vn 0.8255 0.5605 0.0653
vn 0.9590 0.2249 0.1723
vn 0.9478 -0.1333 0.2895
vn 0.7485 0.5867 0.3091
vn 0.8684 0.2852 0.4056
vn 0.5160 0.8235 0.2360
vn 0.4306 0.7690 0.4725
vn 0.3158 0.6635 0.6783
vn 0.1792 0.5131 0.8394
vn 0.2800 0.1224 -0.9522
vn 0.4011 0.3291 -0.8549
vn 0.5676 0.8232 -0.0161
vn 0.5812 0.7687 -0.2671
vn 0.2798 0.1222 -0.9523
vn 0.1790 0.5129 0.8395
vn 0.5567 0.6629 -0.5006
vn 0.4954 0.5132 -0.7009
vn 0.5163 0.8233 0.2360
vn 0.5223 0.3463 0.7793
vn 0.1762 0.8799 0.4412
vn 0.1337 0.7428 0.6561
vn 0.0820 0.5555 0.8275
vn 0.0981 0.2010 -0.9747
vn 0.1470 0.4389 -0.8864
vn 0.2128 0.8121 -0.5433
vn 0.1861 0.6471 -0.7393
vn 0.2071 0.9581 0.1981
vn 0.0977 0.2008 -0.9747
vn 0.0498 0.4325 0.9002
vn -0.1019 0.2076 -0.9729
vn 0.5165 0.8230 0.2365
vn 0.5678 0.8230 -0.0158
vn 0.2066 0.9581 0.1983
vn 0.2233 0.9730 -0.0585
vn 0.5816 0.7685 -0.2668
vn -0.1547 0.9864 -0.0549
vn -0.1334 0.9704 0.2012
vn 0.2253 0.9233 -0.3111
vn -0.1029 0.8899 0.4444
vn -0.0662 0.7501 0.6581
vn -0.0249 0.5594 0.8285
vn 0.5570 0.6630 -0.5002
vn -0.1656 0.9370 -0.3075
vn 0.2125 0.8124 -0.5431
vn 0.1856 0.6472 -0.7393
vn -0.1653 0.8254 -0.5397
vn -0.5311 0.8077 -0.2561
vn -0.5080 0.8613 -0.0055
vn -0.4512 0.8580 0.2455
vn -0.5188 0.7003 -0.4903
vn 0.1465 0.4388 -0.8866
vn -0.1324 0.4483 -0.8840
vn -0.2889 0.1412 -0.9469
vn -0.3937 0.3557 -0.8476
vn -0.4719 0.5465 -0.6919
vn 0.1757 0.8799 0.4415
vn -0.1030 0.8899 0.4444
vn -0.3644 0.7977 0.4806
vn -0.2531 0.6839 0.6843
vn -0.0660 0.7497 0.6585
vn -0.2531 0.6841 0.6841
vn -0.1249 0.5242 0.8424
vn 0.0498 0.4326 0.9002
vn -0.0010 0.4345 0.9007
vn -0.0485 0.4178 0.9073
vn -0.1540 0.6589 -0.7363
vn -0.1324 0.4485 -0.8839
vn -0.3935 0.3561 -0.8476
vn 0.1466 0.4391 -0.8864
vn -0.8150 0.5552 -0.1658
vn -0.7824 0.6174 0.0815
vn -0.6981 0.6386 0.3237
vn -0.5674 0.6175 0.5448
vn -0.4344 0.0120 -0.9006
vn -0.3986 0.5552 0.7300
vn -0.2029 0.4552 0.8670
vn -0.0857 0.3848 0.9190
vn -0.7935 0.4563 -0.4026
vn -0.3986 0.5550 0.7302
vn -0.5969 0.1754 -0.7829
vn -0.7193 0.3270 -0.6129
vn -0.9479 0.1305 -0.2907
vn -0.9746 0.2182 -0.0506
vn -0.5163 -0.1603 -0.8412
vn -0.4807 0.3829 0.7888
vn -0.2466 0.3627 0.8987
vn -0.4721 0.5460 -0.6921
vn -0.7112 -0.0655 -0.7000
vn -0.7193 0.3266 -0.6132
vn -0.8582 0.0337 -0.5122
vn -0.7824 0.6174 0.0812
vn -0.9369 0.2918 0.1927
vn -0.8372 0.3459 0.4236
vn -0.8149 0.5553 -0.1661
vn -0.9745 0.2185 -0.0509
vn -0.3987 0.5551 0.7300
vn -0.6819 0.3769 0.6269
vn -0.4807 0.3827 0.7890
vn -0.5675 0.6176 0.5445
vn -0.4869 0.1932 0.8518
vn -0.5222 -0.3496 -0.7779
vn -0.7192 -0.3298 -0.6115
vn -0.8678 -0.2881 -0.4048
vn -0.6982 0.6387 0.3234
vn -0.9586 -0.2274 -0.1717
vn -0.9478 0.1303 -0.2909
vn -0.7936 0.4559 -0.4030
vn -0.4869 0.1935 0.8517
vn -0.9478 0.1306 -0.2910
vn -0.7470 -0.5896 -0.3071
vn -0.2500 0.2616 0.9322
vn -0.8678 -0.2880 -0.4048
vn -0.4164 0.0157 0.9091
vn -0.2119 0.1662 0.9630
vn -0.4871 0.1935 0.8517
vn -0.2502 0.2614 0.9323
vn -0.0485 0.4173 0.9075
vn -0.0010 0.4342 0.9008
vn -0.2469 0.3630 0.8985
vn -0.0856 0.3845 0.9191
vn -0.4870 0.1935 0.8517
vn 0.0891 0.2065 0.9744
vn 0.0415 0.1896 0.9810
vt 0.171635 0.673145
vt 0.171635 0.673151
vt 0.171629 0.673145
vt 0.171629 0.673151
vt 0.171408 0.673229
vt 0.171414 0.673222
vt 0.171414 0.673229
vt 0.171408 0.673222
vt 0.171459 0.673178
vt 0.171458 0.673172
vt 0.171459 0.673172
vt 0.171458 0.673178
vt 0.171445 0.673122
vt 0.171446 0.673128
vt 0.171445 0.673128
vt 0.171446 0.673122
vt 0.171377 0.673169
vt 0.171377 0.673162
vt 0.171378 0.673162
vt 0.171378 0.673169
vt 0.171459 0.673146
vt 0.171459 0.673153
vt 0.171458 0.673153
vt 0.171458 0.673146
vt 0.171635 0.673138
vt 0.171629 0.673138
vt 0.171521 0.673230
vt 0.171521 0.673223
vt 0.171527 0.673223
vt 0.171527 0.673230
vt 0.171584 0.673070
vt 0.171583 0.673064
vt 0.171584 0.673064
vt 0.171583 0.673070
vt 0.171345 0.673139
vt 0.171345 0.673146
vt 0.171345 0.673146
vt 0.171345 0.673139
vt 0.171329 0.673163
vt 0.171329 0.673169
vt 0.171328 0.673169
vt 0.171328 0.673163
vt 0.171378 0.673156
vt 0.171378 0.673162
vt 0.171377 0.673156
vt 0.171394 0.673224
vt 0.171394 0.673231
vt 0.171388 0.673224
vt 0.171388 0.673231
vt 0.171494 0.673222
vt 0.171494 0.673229
vt 0.171488 0.673229
vt 0.171488 0.673222
vt 0.171422 0.673190
vt 0.171421 0.673183
vt 0.171422 0.673183
vt 0.171421 0.673190
vt 0.171445 0.673102
vt 0.171446 0.673109
vt 0.171445 0.673109
vt 0.171446 0.673102
vt 0.171331 0.673163
vt 0.171332 0.673157
vt 0.171332 0.673163
vt 0.171331 0.673157
vt 0.171508 0.673155
vt 0.171508 0.673161
vt 0.171508 0.673161
vt 0.171508 0.673155
vt 0.171634 0.673053
vt 0.171634 0.673059
vt 0.171628 0.673053
vt 0.171628 0.673059
vt 0.171385 0.673222
vt 0.171385 0.673229
vt 0.171379 0.673229
vt 0.171379 0.673222
vt 0.171459 0.673191
vt 0.171458 0.673185
vt 0.171459 0.673185
vt 0.171458 0.673191
vt 0.171345 0.673152
vt 0.171345 0.673152
vt 0.171571 0.672936
vt 0.171571 0.672930
vt 0.171572 0.672930
vt 0.171572 0.672936
vt 0.171345 0.673152
vt 0.171345 0.673159
vt 0.171345 0.673159
vt 0.171576 0.673223
vt 0.171576 0.673230
vt 0.171570 0.673223
vt 0.171570 0.673230
vt 0.171315 0.673223
vt 0.171315 0.673230
vt 0.171309 0.673230
vt 0.171309 0.673223
vt 0.171407 0.673176
vt 0.171408 0.673182
vt 0.171407 0.673182
vt 0.171408 0.673176
vt 0.171445 0.673115
vt 0.171446 0.673115
vt 0.171408 0.673170
vt 0.171407 0.673170
vt 0.171332 0.673150
vt 0.171331 0.673150
vt 0.171406 0.673225
vt 0.171406 0.673232
vt 0.171400 0.673225
vt 0.171400 0.673232
vt 0.171529 0.673230
vt 0.171529 0.673223
vt 0.171536 0.673223
vt 0.171536 0.673230
vt 0.171421 0.673196
vt 0.171421 0.673190
vt 0.171421 0.673196
vt 0.171458 0.673140
vt 0.171459 0.673140
vt 0.171459 0.673159
vt 0.171459 0.673166
vt 0.171458 0.673166
vt 0.171458 0.673159
vt 0.171508 0.673148
vt 0.171508 0.673148
vt 0.171326 0.673231
vt 0.171320 0.673231
vt 0.171326 0.673224
vt 0.171320 0.673224
vt 0.171450 0.673228
vt 0.171444 0.673221
vt 0.171450 0.673221
vt 0.171444 0.673228
vt 0.171345 0.673165
vt 0.171345 0.673172
vt 0.171345 0.673165
vt 0.171345 0.673172
vt 0.171445 0.673135
vt 0.171446 0.673135
vt 0.171408 0.673189
vt 0.171407 0.673189
vt 0.171377 0.673149
vt 0.171378 0.673156
vt 0.171378 0.673149
vt 0.171635 0.672984
vt 0.171629 0.672984
vt 0.171635 0.672978
vt 0.171629 0.672978
vt 0.171509 0.673229
vt 0.171503 0.673222
vt 0.171509 0.673222
vt 0.171503 0.673229
vt 0.171327 0.673169
vt 0.171327 0.673163
vt 0.171376 0.673131
vt 0.171377 0.673124
vt 0.171377 0.673131
vt 0.171376 0.673124
vt 0.171582 0.673064
vt 0.171582 0.673070
vt 0.171537 0.673154
vt 0.171537 0.673160
vt 0.171537 0.673160
vt 0.171537 0.673154
vt 0.171459 0.673230
vt 0.171452 0.673230
vt 0.171459 0.673224
vt 0.171452 0.673224
vt 0.171368 0.673222
vt 0.171374 0.673229
vt 0.171368 0.673229
vt 0.171374 0.673222
vt 0.171508 0.673168
vt 0.171508 0.673168
vt 0.171345 0.673178
vt 0.171345 0.673178
vt 0.171345 0.673165
vt 0.171345 0.673165
vt 0.171562 0.673230
vt 0.171556 0.673230
vt 0.171562 0.673223
vt 0.171556 0.673223
vt 0.171474 0.673230
vt 0.171468 0.673223
vt 0.171474 0.673223
vt 0.171468 0.673230
vt 0.171508 0.673142
vt 0.171508 0.673148
vt 0.171508 0.673142
vt 0.171421 0.673183
vt 0.171536 0.673154
vt 0.171536 0.673160
vt 0.171564 0.673230
vt 0.171564 0.673223
vt 0.171345 0.673230
vt 0.171338 0.673223
vt 0.171345 0.673223
vt 0.171338 0.673230
vt 0.171327 0.673175
vt 0.171328 0.673175
vt 0.171407 0.673145
vt 0.171407 0.673138
vt 0.171407 0.673145
vt 0.171407 0.673138
vt 0.171459 0.673185
vt 0.171459 0.673159
vt 0.171422 0.673231
vt 0.171416 0.673231
vt 0.171422 0.673225
vt 0.171416 0.673225
vt 0.171366 0.673127
vt 0.171373 0.673134
vt 0.171366 0.673134
vt 0.171373 0.673127
vt 0.171329 0.673175
vt 0.171550 0.672951
vt 0.171550 0.672944
vt 0.171550 0.672951
vt 0.171550 0.672944
vt 0.171408 0.673195
vt 0.171407 0.673195
vt 0.171330 0.673150
vt 0.171330 0.673157
vt 0.235010 0.671877
vt 0.235016 0.671878
vt 0.235010 0.671878
vt 0.235008 0.671879
vt 0.235007 0.671878
vt 0.235016 0.671877
vt 0.235131 0.671882
vt 0.235130 0.671888
vt 0.235130 0.671882
vt 0.235131 0.671888
vt 0.235132 0.671882
vt 0.235132 0.671888
vt 0.235132 0.671879
vt 0.234896 0.671862
vt 0.234902 0.671863
vt 0.234896 0.671863
vt 0.234902 0.671862
vt 0.234894 0.671861
vt 0.234896 0.671861
vt 0.234902 0.671861
vt 0.234895 0.671861
vt 0.235141 0.671769
vt 0.235140 0.671775
vt 0.235140 0.671769
vt 0.235141 0.671775
vt 0.235141 0.671768
vt 0.235142 0.671768
vt 0.235142 0.671769
vt 0.235142 0.671775
vt 0.235016 0.671879
vt 0.235010 0.671879
vt 0.235009 0.671880
vt 0.234901 0.671976
vt 0.234903 0.671975
vt 0.234902 0.671976
vt 0.234902 0.671973
vt 0.234900 0.671974
vt 0.234901 0.671973
vt 0.234903 0.671974
vt 0.234900 0.671975
vt 0.235007 0.671881
vt 0.235005 0.671883
vt 0.235006 0.671880
vt 0.235131 0.671879
vt 0.235130 0.671879
vt 0.234894 0.671859
vt 0.235006 0.671880
vt 0.235131 0.671877
vt 0.235132 0.671878
vt 0.235140 0.671768
vt 0.234893 0.671862
vt 0.234893 0.671860
vt 0.234901 0.671901
vt 0.234900 0.671898
vt 0.234901 0.671897
vt 0.234900 0.671901
vt 0.234901 0.671924
vt 0.234900 0.671924
vt 0.235174 0.671932
vt 0.235172 0.671929
vt 0.235173 0.671929
vt 0.235173 0.671934
vt 0.235172 0.671932
vt 0.235174 0.671933
vt 0.234890 0.671857
vt 0.234892 0.671857
vt 0.234892 0.671860
vt 0.234903 0.671896
vt 0.234903 0.671898
vt 0.234902 0.671895
vt 0.235141 0.671767
vt 0.235142 0.671766
vt 0.234893 0.671856
vt 0.235005 0.671883
vt 0.235174 0.671907
vt 0.235174 0.671929
vt 0.235173 0.671907
vt 0.235173 0.671885
vt 0.235174 0.671885
vt 0.235005 0.671906
vt 0.235007 0.671884
vt 0.235005 0.671906
vt 0.235172 0.671907
vt 0.234890 0.671834
vt 0.234892 0.671834
vt 0.234902 0.671901
vt 0.235174 0.671932
vt 0.234893 0.671834
vt 0.234892 0.671812
vt 0.234893 0.671812
vt 0.234901 0.671947
vt 0.234900 0.671946
vt 0.235005 0.671928
vt 0.235005 0.671929
vt 0.235007 0.671906
vt 0.235007 0.671928
vt 0.235172 0.671885
vt 0.234890 0.671811
vt 0.234902 0.671946
vt 0.234902 0.671924
vt 0.235010 0.671934
vt 0.235016 0.671934
vt 0.235010 0.671935
vt 0.235016 0.671935
vt 0.235008 0.671933
vt 0.235147 0.672031
vt 0.235147 0.672025
vt 0.235148 0.672031
vt 0.235147 0.672034
vt 0.235148 0.672025
vt 0.235149 0.672034
vt 0.235148 0.672034
vt 0.235149 0.672031
vt 0.235149 0.672025
vt 0.234896 0.671805
vt 0.234902 0.671805
vt 0.234896 0.671806
vt 0.234894 0.671807
vt 0.234893 0.671806
vt 0.234902 0.671806
vt 0.234896 0.671807
vt 0.234895 0.671808
vt 0.234902 0.671807
vt 0.235064 0.672013
vt 0.235064 0.672007
vt 0.235065 0.672013
vt 0.235065 0.672014
vt 0.235064 0.672014
vt 0.235065 0.672007
vt 0.235066 0.672013
vt 0.235066 0.672014
vt 0.235066 0.672007
vt 0.235065 0.672015
vt 0.235010 0.671933
vt 0.235016 0.671933
vt 0.235009 0.671932
vt 0.235097 0.671825
vt 0.235096 0.671822
vt 0.235098 0.671823
vt 0.235098 0.671824
vt 0.235095 0.671824
vt 0.235095 0.671823
vt 0.235097 0.671822
vt 0.235096 0.671825
vt 0.235007 0.671931
vt 0.235006 0.671932
vt 0.234894 0.671809
vt 0.234893 0.671808
vt 0.235007 0.671934
vt 0.235006 0.671932
vt 0.235149 0.672036
vt 0.235148 0.672036
vt 0.234892 0.671808
vt 0.234900 0.671950
vt 0.234901 0.671950
vt 0.235174 0.671882
vt 0.235173 0.671881
vt 0.235174 0.671881
vt 0.235172 0.671882
vt 0.234903 0.671952
vt 0.234903 0.671950
vt 0.234902 0.671952
vt 0.235066 0.672015
vt 0.235174 0.671882
vt 0.171399 0.673030
vt 0.171401 0.673029
vt 0.171401 0.673030
vt 0.171399 0.673029
vt 0.171413 0.673030
vt 0.171401 0.673022
vt 0.171382 0.673030
vt 0.171382 0.673029
vt 0.203157 0.672317
vt 0.203157 0.672303
vt 0.203161 0.672317
vt 0.203161 0.672319
vt 0.203157 0.672319
vt 0.203161 0.672303
vt 0.171347 0.672915
vt 0.171309 0.672914
vt 0.171347 0.672914
vt 0.171309 0.672915
vt 0.171309 0.672907
vt 0.171347 0.672907
vt 0.171352 0.672915
vt 0.171352 0.672914
vt 0.171352 0.672929
vt 0.171352 0.672907
vt 0.171422 0.672936
vt 0.171422 0.672942
vt 0.171418 0.672936
vt 0.171422 0.672931
vt 0.171406 0.672936
vt 0.171418 0.672931
vt 0.171418 0.672929
vt 0.171406 0.672929
vt 0.171406 0.672931
vt 0.171422 0.672915
vt 0.171418 0.672915
vt 0.171422 0.672929
vt 0.171406 0.672915
vt 0.171418 0.672914
vt 0.171422 0.672914
vt 0.203267 0.672349
vt 0.203277 0.672349
vt 0.203267 0.672354
vt 0.203277 0.672343
vt 0.203284 0.672349
vt 0.203267 0.672343
vt 0.203277 0.672354
vt 0.203277 0.672356
vt 0.203284 0.672354
vt 0.203293 0.672134
vt 0.203277 0.672142
vt 0.203291 0.672133
vt 0.203267 0.672138
vt 0.203275 0.672136
vt 0.203293 0.672173
vt 0.203283 0.672172
vt 0.171459 0.673012
vt 0.171459 0.672999
vt 0.171460 0.673012
vt 0.171460 0.673015
vt 0.171459 0.673015
vt 0.171460 0.672999
vt 0.171459 0.672997
vt 0.171460 0.672997
vt 0.203161 0.672324
vt 0.203157 0.672330
vt 0.203157 0.672324
vt 0.171467 0.672999
vt 0.171469 0.672997
vt 0.171469 0.672999
vt 0.171467 0.673012
vt 0.171467 0.672997
vt 0.171469 0.673012
vt 0.171469 0.672990
vt 0.171467 0.672990
vt 0.171469 0.672989
vt 0.171460 0.672990
vt 0.171467 0.672989
vt 0.171460 0.672989
vt 0.171413 0.673029
vt 0.171413 0.673022
vt 0.203269 0.672145
vt 0.171378 0.673078
vt 0.171376 0.673092
vt 0.171376 0.673078
vt 0.171378 0.673092
vt 0.171378 0.673094
vt 0.171401 0.672999
vt 0.171401 0.673004
vt 0.171399 0.673004
vt 0.171399 0.672999
vt 0.171413 0.672999
vt 0.171413 0.673004
vt 0.171413 0.673007
vt 0.171401 0.673007
vt 0.171382 0.673004
vt 0.171399 0.672994
vt 0.171382 0.672999
vt 0.171382 0.672994
vt 0.171483 0.672999
vt 0.171483 0.672997
vt 0.171406 0.672914
vt 0.171422 0.672907
vt 0.171382 0.672905
vt 0.171406 0.672905
vt 0.171406 0.672907
vt 0.171382 0.672907
vt 0.171413 0.672994
vt 0.171382 0.672942
vt 0.171382 0.672936
vt 0.171382 0.672931
vt 0.171382 0.672929
vt 0.171418 0.672907
vt 0.171418 0.672905
vt 0.171413 0.673020
vt 0.171401 0.673020
vt 0.171399 0.673020
vt 0.171399 0.673007
vt 0.171399 0.673022
vt 0.171382 0.673020
vt 0.171382 0.673007
vt 0.171382 0.673022
vt 0.171459 0.672989
vt 0.171459 0.672990
vt 0.171443 0.673036
vt 0.171446 0.672989
vt 0.171457 0.673033
vt 0.171443 0.672990
vt 0.171459 0.672993
vt 0.171459 0.673032
vt 0.171459 0.672989
vt 0.265169 0.671891
vt 0.265186 0.671891
vt 0.265169 0.671915
vt 0.265169 0.671868
vt 0.265186 0.671915
vt 0.265193 0.671891
vt 0.265193 0.671915
vt 0.265204 0.671915
vt 0.265204 0.671891
vt 0.265207 0.671915
vt 0.265201 0.671891
vt 0.265207 0.671891
vt 0.265334 0.671779
vt 0.265325 0.671778
vt 0.265332 0.671776
vt 0.265329 0.671781
vt 0.265323 0.671775
vt 0.265331 0.671768
vt 0.265254 0.671742
vt 0.265238 0.671766
vt 0.265238 0.671742
vt 0.265254 0.671766
vt 0.265254 0.671790
vt 0.265238 0.671790
vt 0.265261 0.671790
vt 0.265275 0.671742
vt 0.265272 0.671766
vt 0.265272 0.671742
vt 0.265275 0.671766
vt 0.265275 0.671790
vt 0.265268 0.671766
vt 0.265268 0.671742
vt 0.265200 0.671829
vt 0.265209 0.671805
vt 0.265209 0.671829
vt 0.265200 0.671805
vt 0.265209 0.671852
vt 0.265195 0.671939
vt 0.265203 0.671915
vt 0.265203 0.671939
vt 0.265195 0.671915
vt 0.265203 0.671962
vt 0.265338 0.671782
vt 0.265331 0.671761
vt 0.265329 0.671742
vt 0.265338 0.671743
vt 0.265322 0.671760
vt 0.265322 0.671768
vt 0.265272 0.671790
vt 0.265268 0.671790
vt 0.265261 0.671766
vt 0.265261 0.671742
vt 0.235066 0.671979
vt 0.235064 0.671942
vt 0.235066 0.671942
vt 0.235068 0.671942
vt 0.235068 0.671979
vt 0.235070 0.671942
vt 0.235070 0.671979
vt 0.235072 0.671942
vt 0.235072 0.671979
vt 0.234967 0.671964
vt 0.234967 0.672001
vt 0.234966 0.672001
vt 0.234966 0.671964
vt 0.234969 0.672001
vt 0.234969 0.671964
vt 0.234971 0.671964
vt 0.234971 0.672001
vt 0.234973 0.671964
vt 0.234973 0.672001
vt 0.234975 0.671964
vt 0.234975 0.672001
vt 0.234938 0.671914
vt 0.234936 0.671877
vt 0.234938 0.671877
vt 0.234940 0.671877
vt 0.234940 0.671914
vt 0.234936 0.671914
vt 0.234934 0.671877
vt 0.234934 0.671914
vt 0.234933 0.671877
vt 0.234933 0.671914
vt 0.235137 0.671975
vt 0.235139 0.672012
vt 0.235137 0.672012
vt 0.235139 0.671975
vt 0.235135 0.672012
vt 0.235133 0.671975
vt 0.235135 0.671975
vt 0.235133 0.672012
vt 0.235132 0.671975
vt 0.235132 0.672012
vt 0.235068 0.671940
vt 0.235065 0.671940
vt 0.235067 0.671940
vt 0.235069 0.671940
vt 0.235063 0.671979
vt 0.235063 0.671942
vt 0.235064 0.671979
vt 0.235167 0.671848
vt 0.235167 0.671859
vt 0.235163 0.671859
vt 0.235169 0.671858
vt 0.235161 0.671849
vt 0.235165 0.671848
vt 0.235160 0.671857
vt 0.235159 0.671855
vt 0.235165 0.671860
vt 0.235171 0.671855
vt 0.235170 0.671851
vt 0.235171 0.671853
vt 0.235169 0.671849
vt 0.235170 0.671857
vt 0.235161 0.671858
vt 0.235160 0.671851
vt 0.235159 0.671853
vt 0.235163 0.671848
vt 0.235127 0.671817
vt 0.235124 0.671818
vt 0.235125 0.671817
vt 0.235123 0.671819
vt 0.235127 0.671825
vt 0.235123 0.671821
vt 0.235123 0.671822
vt 0.235131 0.671823
vt 0.235130 0.671824
vt 0.235128 0.671825
vt 0.235131 0.671818
vt 0.235132 0.671821
vt 0.235131 0.671822
vt 0.235130 0.671817
vt 0.235128 0.671817
vt 0.235125 0.671824
vt 0.235124 0.671823
vt 0.235131 0.671819
vt 0.235138 0.672014
vt 0.235137 0.672014
vt 0.234971 0.671962
vt 0.234970 0.671962
vt 0.234968 0.671962
vt 0.234935 0.671916
vt 0.234936 0.671916
vt 0.234938 0.671916
vt 0.235133 0.672014
vt 0.235134 0.672014
vt 0.235135 0.672014
vt 0.235123 0.671824
vt 0.235125 0.671826
vt 0.234939 0.671916
vt 0.234973 0.671962
vt 0.235132 0.671817
vt 0.235133 0.671819
vt 0.235123 0.671817
vt 0.235125 0.671816
vt 0.235071 0.671940
vt 0.235130 0.671826
vt 0.235132 0.671824
vt 0.171382 0.672914
vt 0.171382 0.672915
vt 0.171422 0.672905
vt 0.171483 0.672990
vt 0.171483 0.672989
vt 0.171345 0.673223
vt 0.171338 0.673209
vt 0.171345 0.673209
vt 0.171460 0.673020
vt 0.171422 0.673027
vt 0.171429 0.673037
vt 0.171435 0.673039
vt 0.171434 0.673040
vt 0.171441 0.673037
vt 0.171429 0.672998
vt 0.171352 0.672905
vt 0.171309 0.672905
vt 0.171347 0.672905
vt 0.171485 0.672990
vt 0.171485 0.672997
vt 0.171485 0.672989
vt 0.171485 0.672999
vt 0.203277 0.672130
vt 0.203275 0.672132
vt 0.171495 0.673223
vt 0.171495 0.673209
vt 0.171502 0.673223
vt 0.171502 0.673209
vt 0.171364 0.673231
vt 0.171358 0.673231
vt 0.171364 0.673224
vt 0.171358 0.673224
vt 0.171622 0.672950
vt 0.171622 0.672936
vt 0.171629 0.672936
vt 0.171629 0.672950
vt 0.171495 0.673229
vt 0.171501 0.673223
vt 0.171501 0.673229
vt 0.203360 0.672213
vt 0.203353 0.672227
vt 0.203353 0.672213
vt 0.203360 0.672227
vt 0.203353 0.672229
vt 0.171418 0.672942
vt 0.171406 0.672942
vt 0.171467 0.673020
vt 0.171467 0.673015
vt 0.171469 0.673020
vt 0.171469 0.673025
vt 0.171467 0.673025
vt 0.171469 0.673015
vt 0.203275 0.672174
vt 0.171352 0.672931
vt 0.171352 0.672936
vt 0.171347 0.672931
vt 0.171347 0.672929
vt 0.171347 0.672936
vt 0.171347 0.672942
vt 0.171376 0.673100
vt 0.171376 0.673094
vt 0.171378 0.673100
vt 0.171378 0.673105
vt 0.171459 0.673020
vt 0.171459 0.673025
vt 0.171460 0.673025
vt 0.203284 0.672356
vt 0.203267 0.672356
vt 0.203277 0.672370
vt 0.203267 0.672370
vt 0.203284 0.672370
vt 0.171459 0.673061
vt 0.171458 0.673068
vt 0.171458 0.673061
vt 0.171459 0.673068
vt 0.171458 0.673075
vt 0.171459 0.673075
vt 0.171374 0.673087
vt 0.171374 0.673085
vt 0.171376 0.673087
vt 0.171376 0.673085
vt 0.171502 0.673195
vt 0.171502 0.673202
vt 0.171500 0.673195
vt 0.171500 0.673202
vt 0.171446 0.673137
vt 0.171448 0.673139
vt 0.171446 0.673139
vt 0.171448 0.673137
vt 0.203121 0.672312
vt 0.203115 0.672309
vt 0.203121 0.672309
vt 0.203121 0.672325
vt 0.203115 0.672312
vt 0.203088 0.672312
vt 0.203088 0.672309
vt 0.203115 0.672325
vt 0.203088 0.672325
vt 0.203088 0.672304
vt 0.203115 0.672304
vt 0.203121 0.672299
vt 0.203121 0.672304
vt 0.203115 0.672299
vt 0.203360 0.672229
vt 0.203353 0.672234
vt 0.203360 0.672234
vt 0.203360 0.672240
vt 0.265201 0.671915
vt 0.265186 0.671868
vt 0.265193 0.671868
vt 0.265201 0.671868
vt 0.265204 0.671868
vt 0.171401 0.672968
vt 0.171401 0.672970
vt 0.171399 0.672968
vt 0.171399 0.672970
vt 0.171401 0.672976
vt 0.171382 0.672970
vt 0.171382 0.672968
vt 0.203157 0.672345
vt 0.203161 0.672332
vt 0.203161 0.672345
vt 0.203157 0.672332
vt 0.171347 0.672959
vt 0.171309 0.672959
vt 0.171347 0.672958
vt 0.171309 0.672966
vt 0.171352 0.672958
vt 0.171352 0.672959
vt 0.171309 0.672958
vt 0.171352 0.672966
vt 0.171418 0.672944
vt 0.171406 0.672944
vt 0.171418 0.672958
vt 0.171422 0.672958
vt 0.171422 0.672959
vt 0.171422 0.672944
vt 0.203277 0.672341
vt 0.203284 0.672343
vt 0.203185 0.672343
vt 0.203169 0.672340
vt 0.203170 0.672335
vt 0.203187 0.672342
vt 0.203161 0.672339
vt 0.203163 0.672331
vt 0.203187 0.672303
vt 0.171460 0.673028
vt 0.171460 0.673041
vt 0.171459 0.673041
vt 0.171459 0.673028
vt 0.171467 0.673041
vt 0.171459 0.673043
vt 0.171460 0.673043
vt 0.171467 0.673043
vt 0.203161 0.672330
vt 0.171469 0.673041
vt 0.171483 0.673041
vt 0.171483 0.673043
vt 0.171469 0.673043
vt 0.171469 0.673049
vt 0.171467 0.673028
vt 0.171483 0.673049
vt 0.171483 0.673051
vt 0.171469 0.673051
vt 0.171467 0.673049
vt 0.171467 0.673051
vt 0.171460 0.673049
vt 0.171413 0.672970
vt 0.171413 0.672968
vt 0.203177 0.672304
vt 0.203169 0.672303
vt 0.171378 0.673107
vt 0.171378 0.673121
vt 0.171376 0.673107
vt 0.171376 0.673121
vt 0.171399 0.672991
vt 0.171401 0.672994
vt 0.171401 0.672991
vt 0.171422 0.672966
vt 0.171418 0.672959
vt 0.171406 0.672958
vt 0.171406 0.672968
vt 0.171406 0.672966
vt 0.171382 0.672966
vt 0.171406 0.672959
vt 0.171413 0.672991
vt 0.171382 0.672944
vt 0.171418 0.672968
vt 0.171418 0.672966
vt 0.171422 0.672968
vt 0.171413 0.672978
vt 0.171401 0.672978
vt 0.171413 0.672976
vt 0.171399 0.672978
vt 0.171399 0.672976
vt 0.171382 0.672978
vt 0.171382 0.672976
vt 0.171382 0.672991
vt 0.171460 0.673051
vt 0.171459 0.673051
vt 0.171459 0.673049
vt 0.171382 0.673040
vt 0.171369 0.673039
vt 0.171382 0.673035
vt 0.171380 0.672995
vt 0.171382 0.672996
vt 0.171366 0.672992
vt 0.171352 0.672991
vt 0.171365 0.672991
vt 0.265207 0.671868
vt 0.265325 0.671892
vt 0.265333 0.671891
vt 0.265332 0.671894
vt 0.265328 0.671889
vt 0.265323 0.671895
vt 0.265330 0.671902
vt 0.265321 0.671902
vt 0.265200 0.671852
vt 0.265195 0.671962
vt 0.265337 0.671889
vt 0.265331 0.671909
vt 0.265328 0.671928
vt 0.265322 0.671910
vt 0.265337 0.671927
vt 0.234931 0.671971
vt 0.234931 0.672008
vt 0.234929 0.671971
vt 0.234933 0.672008
vt 0.234927 0.672008
vt 0.234927 0.671971
vt 0.234929 0.672008
vt 0.234933 0.671971
vt 0.234935 0.672008
vt 0.234935 0.671971
vt 0.235131 0.671938
vt 0.235132 0.671975
vt 0.235131 0.671975
vt 0.235129 0.671975
vt 0.235129 0.671938
vt 0.235132 0.671938
vt 0.235127 0.671938
vt 0.235127 0.671975
vt 0.235125 0.671938
vt 0.235125 0.671975
vt 0.235123 0.671938
vt 0.235123 0.671975
vt 0.235138 0.671938
vt 0.235136 0.671975
vt 0.235136 0.671938
vt 0.235140 0.671975
vt 0.235138 0.671975
vt 0.235140 0.671938
vt 0.235134 0.671975
vt 0.235134 0.671938
vt 0.235132 0.671777
vt 0.235134 0.671813
vt 0.235132 0.671813
vt 0.235130 0.671813
vt 0.235130 0.671777
vt 0.235134 0.671777
vt 0.235136 0.671777
vt 0.235136 0.671813
vt 0.235138 0.671777
vt 0.235138 0.671813
vt 0.234931 0.672010
vt 0.234930 0.672010
vt 0.234932 0.672010
vt 0.234926 0.671971
vt 0.234926 0.672008
vt 0.234967 0.672047
vt 0.234972 0.672038
vt 0.234968 0.672049
vt 0.234968 0.672040
vt 0.234970 0.672038
vt 0.234966 0.672043
vt 0.234972 0.672050
vt 0.234970 0.672050
vt 0.234976 0.672049
vt 0.234974 0.672050
vt 0.234967 0.672041
vt 0.234977 0.672047
vt 0.234978 0.672043
vt 0.234978 0.672045
vt 0.234977 0.672041
vt 0.234966 0.672045
vt 0.234974 0.672038
vt 0.234976 0.672040
vt 0.235115 0.671818
vt 0.235114 0.671821
vt 0.235115 0.671819
vt 0.235115 0.671823
vt 0.235115 0.671822
vt 0.235119 0.671825
vt 0.235122 0.671822
vt 0.235121 0.671824
vt 0.235122 0.671819
vt 0.235123 0.671821
vt 0.235119 0.671817
vt 0.235122 0.671818
vt 0.235116 0.671817
vt 0.235118 0.671817
vt 0.235122 0.671823
vt 0.235116 0.671824
vt 0.235118 0.671825
vt 0.235121 0.671817
vt 0.235131 0.671816
vt 0.235132 0.671816
vt 0.235134 0.671816
vt 0.234928 0.672010
vt 0.235127 0.671936
vt 0.235128 0.671936
vt 0.235135 0.671936
vt 0.235136 0.671936
vt 0.235137 0.671816
vt 0.235135 0.671816
vt 0.235121 0.671826
vt 0.235137 0.671936
vt 0.235139 0.671936
vt 0.234934 0.672010
vt 0.235126 0.671936
vt 0.235114 0.671817
vt 0.235113 0.671819
vt 0.235121 0.671816
vt 0.235130 0.671936
vt 0.235116 0.671826
vt 0.235114 0.671824
vt 0.171382 0.672959
vt 0.171382 0.672958
vt 0.171485 0.673049
vt 0.171622 0.672978
vt 0.171628 0.672964
vt 0.171628 0.672978
vt 0.171622 0.672964
vt 0.171358 0.672989
vt 0.171346 0.673002
vt 0.171357 0.672989
vt 0.171366 0.673039
vt 0.171352 0.673030
vt 0.171347 0.672966
vt 0.171309 0.672968
vt 0.171352 0.672968
vt 0.171347 0.672968
vt 0.171485 0.673051
vt 0.171485 0.673043
vt 0.171485 0.673041
vt 0.203168 0.672344
vt 0.203171 0.672346
vt 0.171538 0.673223
vt 0.171538 0.673209
vt 0.171544 0.673209
vt 0.171544 0.673223
vt 0.171635 0.673088
vt 0.171635 0.673094
vt 0.171629 0.673088
vt 0.171629 0.673094
vt 0.171468 0.673209
vt 0.171474 0.673209
vt 0.171544 0.673229
vt 0.171544 0.673223
vt 0.171538 0.673229
vt 0.203353 0.672256
vt 0.203353 0.672242
vt 0.203360 0.672256
vt 0.203360 0.672242
vt 0.203353 0.672240
vt 0.171469 0.673028
vt 0.171352 0.672942
vt 0.171347 0.672944
vt 0.171352 0.672944
vt 0.171376 0.673105
vt 0.203284 0.672341
vt 0.203277 0.672328
vt 0.203267 0.672341
vt 0.203267 0.672328
vt 0.203284 0.672328
vt 0.171459 0.673082
vt 0.171458 0.673082
vt 0.171346 0.673047
vt 0.171344 0.673054
vt 0.171344 0.673047
vt 0.171346 0.673054
vt 0.171458 0.673096
vt 0.171459 0.673094
vt 0.171459 0.673096
vt 0.171458 0.673094
vt 0.171360 0.673193
vt 0.171358 0.673200
vt 0.171358 0.673193
vt 0.171360 0.673200
vt 0.171421 0.673125
vt 0.171421 0.673122
vt 0.171422 0.673122
vt 0.171422 0.673125
vt 0.203115 0.672296
vt 0.203121 0.672296
vt 0.203115 0.672283
vt 0.203121 0.672283
vt 0.203088 0.672283
vt 0.203088 0.672296
vt 0.203088 0.672299
vt 0.171458 0.673158
vt 0.171451 0.673164
vt 0.171444 0.673158
vt 0.171458 0.673164
vt 0.171447 0.673163
vt 0.171445 0.673160
vt 0.171458 0.673146
vt 0.171549 0.672989
vt 0.171552 0.672989
vt 0.171549 0.672992
vt 0.171552 0.672992
vt 0.171555 0.672989
vt 0.171555 0.672992
vt 0.297578 0.671219
vt 0.297578 0.671244
vt 0.297576 0.671244
vt 0.297576 0.671218
vt 0.297574 0.671244
vt 0.297554 0.670998
vt 0.297554 0.671025
vt 0.297553 0.671025
vt 0.297553 0.670998
vt 0.297556 0.670998
vt 0.297556 0.671025
vt 0.297558 0.670998
vt 0.297558 0.671025
vt 0.297559 0.670998
vt 0.297559 0.671025
vt 0.297507 0.671244
vt 0.297505 0.671271
vt 0.297505 0.671244
vt 0.297509 0.671271
vt 0.297507 0.671271
vt 0.297509 0.671244
vt 0.297554 0.671200
vt 0.297555 0.671228
vt 0.297554 0.671228
vt 0.297555 0.671200
vt 0.297557 0.671200
vt 0.297557 0.671228
vt 0.297559 0.671200
vt 0.297559 0.671228
vt 0.297561 0.671200
vt 0.297541 0.671282
vt 0.297535 0.671286
vt 0.297537 0.671281
vt 0.297539 0.671281
vt 0.297542 0.671286
vt 0.297539 0.671289
vt 0.297536 0.671288
vt 0.297536 0.671282
vt 0.297541 0.671288
vt 0.297537 0.671289
vt 0.297535 0.671284
vt 0.297542 0.671284
vt 0.297561 0.671228
vt 0.297574 0.671219
vt 0.297554 0.671159
vt 0.297551 0.671159
vt 0.297553 0.671158
vt 0.297552 0.671160
vt 0.297555 0.671157
vt 0.297549 0.671160
vt 0.297550 0.671159
vt 0.297571 0.671124
vt 0.297573 0.671143
vt 0.297571 0.671142
vt 0.297573 0.671124
vt 0.297570 0.671124
vt 0.297575 0.671142
vt 0.297554 0.671156
vt 0.297554 0.671155
vt 0.297555 0.671154
vt 0.297553 0.671153
vt 0.297554 0.671152
vt 0.297551 0.671152
vt 0.297552 0.671151
vt 0.297549 0.671151
vt 0.297547 0.671157
vt 0.297546 0.671154
vt 0.297547 0.671155
vt 0.297547 0.671152
vt 0.297548 0.671153
vt 0.297546 0.671157
vt 0.297548 0.671158
vt 0.297547 0.671159
vt 0.297550 0.671152
vt 0.297440 0.671224
vt 0.297434 0.671222
vt 0.297434 0.671220
vt 0.297441 0.671222
vt 0.297435 0.671224
vt 0.297441 0.671220
vt 0.297435 0.671219
vt 0.297437 0.671218
vt 0.297440 0.671219
vt 0.297439 0.671218
vt 0.297439 0.671225
vt 0.297437 0.671225
vt 0.297355 0.671260
vt 0.297353 0.671278
vt 0.297353 0.671259
vt 0.297355 0.671278
vt 0.297356 0.671278
vt 0.297333 0.671238
vt 0.297332 0.671257
vt 0.297332 0.671239
vt 0.297333 0.671257
vt 0.297335 0.671239
vt 0.297335 0.671257
vt 0.297358 0.671278
vt 0.297358 0.671260
vt 0.297359 0.671278
vt 0.297356 0.671260
vt 0.297359 0.671259
vt 0.297570 0.671142
vt 0.297576 0.671124
vt 0.297575 0.671124
vt 0.297576 0.671142
vt 0.297330 0.671271
vt 0.297332 0.671288
vt 0.297330 0.671288
vt 0.297328 0.671271
vt 0.297328 0.671288
vt 0.297332 0.671271
vt 0.297474 0.671280
vt 0.297476 0.671278
vt 0.297475 0.671280
vt 0.297475 0.671282
vt 0.297474 0.671282
vt 0.297475 0.671277
vt 0.297478 0.671277
vt 0.297477 0.671276
vt 0.297479 0.671277
vt 0.297480 0.671276
vt 0.297482 0.671277
vt 0.297481 0.671278
vt 0.297483 0.671279
vt 0.297482 0.671280
vt 0.297483 0.671282
vt 0.297482 0.671282
vt 0.297481 0.671283
vt 0.297482 0.671284
vt 0.297479 0.671284
vt 0.297480 0.671285
vt 0.297478 0.671284
vt 0.297477 0.671285
vt 0.297475 0.671284
vt 0.297476 0.671284
vt 0.297586 0.671124
vt 0.297586 0.671134
vt 0.297584 0.671133
vt 0.297584 0.671124
vt 0.297582 0.671134
vt 0.297264 0.671276
vt 0.297264 0.671286
vt 0.297262 0.671286
vt 0.297262 0.671276
vt 0.297266 0.671276
vt 0.297266 0.671286
vt 0.297269 0.671276
vt 0.297269 0.671286
vt 0.297271 0.671276
vt 0.297271 0.671286
vt 0.297584 0.671036
vt 0.297586 0.671026
vt 0.297586 0.671036
vt 0.297584 0.671026
vt 0.297582 0.671036
vt 0.297582 0.671026
vt 0.297524 0.671286
vt 0.297525 0.671276
vt 0.297525 0.671286
vt 0.297524 0.671276
vt 0.297521 0.671286
vt 0.297521 0.671276
vt 0.297519 0.671286
vt 0.297519 0.671276
vt 0.297517 0.671286
vt 0.297517 0.671276
vt 0.297582 0.671124
vt 0.171355 0.672916
vt 0.171352 0.672909
vt 0.171355 0.672909
vt 0.171352 0.672916
vt 0.171368 0.672916
vt 0.171352 0.672905
vt 0.171368 0.672905
vt 0.171368 0.672909
vt 0.171423 0.672985
vt 0.171425 0.672989
vt 0.171422 0.672989
vt 0.171426 0.672978
vt 0.171426 0.672985
vt 0.171423 0.672978
vt 0.171438 0.672989
vt 0.171438 0.672978
vt 0.171438 0.672985
vt 0.171534 0.672992
vt 0.171537 0.672989
vt 0.171537 0.672992
vt 0.171532 0.672992
vt 0.171534 0.672989
vt 0.171534 0.673005
vt 0.171532 0.673005
vt 0.171532 0.672989
vt 0.171552 0.673005
vt 0.171451 0.673140
vt 0.171444 0.673146
vt 0.171447 0.673141
vt 0.171445 0.673143
vt 0.171355 0.672905
vt 0.297280 0.671120
vt 0.297285 0.671117
vt 0.297282 0.671119
vt 0.297286 0.671113
vt 0.297280 0.671106
vt 0.297286 0.671106
vt 0.297280 0.671075
vt 0.297268 0.671120
vt 0.297268 0.671106
vt 0.297395 0.671040
vt 0.297405 0.671009
vt 0.297405 0.671040
vt 0.297405 0.671047
vt 0.297395 0.671047
vt 0.297405 0.671051
vt 0.297394 0.671051
vt 0.297514 0.671161
vt 0.297511 0.671200
vt 0.297511 0.671161
vt 0.297514 0.671200
vt 0.297509 0.671200
vt 0.297509 0.671161
vt 0.297464 0.671204
vt 0.297464 0.671240
vt 0.297462 0.671241
vt 0.297467 0.671204
vt 0.297462 0.671204
vt 0.297467 0.671241
vt 0.297402 0.671199
vt 0.297400 0.671160
vt 0.297402 0.671160
vt 0.297400 0.671199
vt 0.297405 0.671160
vt 0.297405 0.671199
vt 0.297407 0.671199
vt 0.297407 0.671160
vt 0.297409 0.671199
vt 0.297409 0.671160
vt 0.297375 0.671179
vt 0.297373 0.671140
vt 0.297375 0.671140
vt 0.297373 0.671178
vt 0.297370 0.671140
vt 0.297370 0.671179
vt 0.297440 0.671111
vt 0.297448 0.671109
vt 0.297442 0.671113
vt 0.297447 0.671104
vt 0.297448 0.671106
vt 0.297445 0.671113
vt 0.297447 0.671112
vt 0.297438 0.671106
vt 0.297438 0.671109
vt 0.297440 0.671104
vt 0.297445 0.671102
vt 0.297442 0.671102
vt 0.297518 0.671200
vt 0.297516 0.671161
vt 0.297518 0.671161
vt 0.297516 0.671200
vt 0.297285 0.671269
vt 0.297288 0.671270
vt 0.297287 0.671271
vt 0.297291 0.671272
vt 0.297284 0.671270
vt 0.297283 0.671267
vt 0.297284 0.671266
vt 0.297438 0.671191
vt 0.297438 0.671162
vt 0.297441 0.671190
vt 0.297436 0.671162
vt 0.297441 0.671162
vt 0.297290 0.671270
vt 0.297292 0.671269
vt 0.297293 0.671270
vt 0.297294 0.671266
vt 0.297295 0.671267
vt 0.297294 0.671264
vt 0.297295 0.671263
vt 0.297293 0.671260
vt 0.297285 0.671261
vt 0.297287 0.671259
vt 0.297288 0.671260
vt 0.297291 0.671259
vt 0.297290 0.671260
vt 0.297284 0.671260
vt 0.297284 0.671264
vt 0.297283 0.671263
vt 0.297292 0.671262
vt 0.297284 0.671280
vt 0.297288 0.671272
vt 0.297286 0.671281
vt 0.297286 0.671272
vt 0.297284 0.671273
vt 0.297288 0.671281
vt 0.297291 0.671273
vt 0.297292 0.671275
vt 0.297291 0.671280
vt 0.297292 0.671278
vt 0.297283 0.671278
vt 0.297283 0.671275
vt 0.297544 0.671156
vt 0.297546 0.671127
vt 0.297546 0.671155
vt 0.297544 0.671127
vt 0.297542 0.671156
vt 0.297542 0.671127
vt 0.297539 0.671156
vt 0.297539 0.671127
vt 0.297537 0.671155
vt 0.297537 0.671127
vt 0.297553 0.671027
vt 0.297551 0.670998
vt 0.297553 0.670998
vt 0.297551 0.671027
vt 0.297548 0.670998
vt 0.297546 0.671027
vt 0.297544 0.670998
vt 0.297546 0.670998
vt 0.297544 0.671027
vt 0.297548 0.671027
vt 0.297569 0.670998
vt 0.297569 0.671025
vt 0.297567 0.670998
vt 0.297572 0.670998
vt 0.297572 0.671025
vt 0.297567 0.671025
vt 0.297436 0.671190
vt 0.297563 0.671107
vt 0.297560 0.671106
vt 0.297563 0.671106
vt 0.297560 0.671107
vt 0.297565 0.671108
vt 0.297566 0.671108
vt 0.297566 0.671111
vt 0.297567 0.671111
vt 0.297567 0.671114
vt 0.297566 0.671114
vt 0.297566 0.671117
vt 0.297565 0.671116
vt 0.297563 0.671119
vt 0.297563 0.671117
vt 0.297560 0.671117
vt 0.297560 0.671119
vt 0.297558 0.671116
vt 0.297557 0.671117
vt 0.297556 0.671113
vt 0.297555 0.671114
vt 0.297555 0.671110
vt 0.297556 0.671111
vt 0.297557 0.671107
vt 0.297558 0.671108
vt 0.297542 0.671264
vt 0.297544 0.671264
vt 0.297544 0.671268
vt 0.297542 0.671261
vt 0.297544 0.671261
vt 0.297426 0.671246
vt 0.297426 0.671243
vt 0.297428 0.671246
vt 0.297428 0.671243
vt 0.297542 0.671268
vt 0.297506 0.671236
vt 0.297508 0.671236
vt 0.297508 0.671238
vt 0.297506 0.671238
vt 0.297506 0.671232
vt 0.297508 0.671232
vt 0.297506 0.671229
vt 0.297508 0.671229
vt 0.297506 0.671226
vt 0.297508 0.671226
vt 0.297532 0.671265
vt 0.297534 0.671269
vt 0.297532 0.671269
vt 0.297535 0.671265
vt 0.297532 0.671262
vt 0.297534 0.671262
vt 0.297426 0.671255
vt 0.297426 0.671252
vt 0.297428 0.671255
vt 0.297426 0.671249
vt 0.297428 0.671252
vt 0.297428 0.671249
vt 0.297412 0.671118
vt 0.297412 0.671121
vt 0.297411 0.671121
vt 0.297412 0.671124
vt 0.297411 0.671124
vt 0.297411 0.671118
vt 0.297411 0.671115
vt 0.297412 0.671115
vt 0.297262 0.671113
vt 0.297262 0.671106
vt 0.297268 0.671075
vt 0.297491 0.671071
vt 0.297503 0.671082
vt 0.297491 0.671082
vt 0.297503 0.671071
vt 0.297488 0.671071
vt 0.297505 0.671082
vt 0.297263 0.671117
vt 0.297266 0.671119
vt 0.297262 0.671075
vt 0.297376 0.671133
vt 0.297400 0.671164
vt 0.297376 0.671164
vt 0.297376 0.671102
vt 0.297400 0.671102
vt 0.297400 0.671133
vt 0.297576 0.671192
vt 0.297566 0.671192
vt 0.297566 0.671189
vt 0.297576 0.671189
vt 0.297566 0.671186
vt 0.297576 0.671186
vt 0.297576 0.671195
vt 0.297566 0.671195
vt 0.297576 0.671161
vt 0.297579 0.671150
vt 0.297579 0.671161
vt 0.297576 0.671150
vt 0.297583 0.671150
vt 0.297583 0.671161
vt 0.297273 0.671276
vt 0.297262 0.671276
vt 0.297262 0.671273
vt 0.297273 0.671273
vt 0.297262 0.671270
vt 0.297273 0.671270
vt 0.297273 0.671266
vt 0.297262 0.671266
vt 0.297273 0.671264
vt 0.297262 0.671264
vt 0.297575 0.671278
vt 0.297575 0.671288
vt 0.297571 0.671288
vt 0.297571 0.671278
vt 0.297568 0.671288
vt 0.297568 0.671278
vt 0.297566 0.671183
vt 0.297576 0.671183
vt 0.297384 0.671271
vt 0.297380 0.671271
vt 0.297381 0.671271
vt 0.297384 0.671271
vt 0.297378 0.671270
vt 0.297378 0.671269
vt 0.297386 0.671269
vt 0.297387 0.671270
vt 0.297408 0.671263
vt 0.297405 0.671261
vt 0.297408 0.671263
vt 0.297405 0.671261
vt 0.297409 0.671266
vt 0.297402 0.671261
vt 0.297402 0.671261
vt 0.297399 0.671271
vt 0.297397 0.671269
vt 0.297398 0.671269
vt 0.297399 0.671272
vt 0.297397 0.671265
vt 0.297398 0.671265
vt 0.297402 0.671273
vt 0.297402 0.671274
vt 0.297381 0.671259
vt 0.297378 0.671261
vt 0.297378 0.671260
vt 0.297376 0.671263
vt 0.297380 0.671259
vt 0.297384 0.671259
vt 0.297384 0.671259
vt 0.297388 0.671267
vt 0.297388 0.671267
vt 0.297388 0.671264
vt 0.297388 0.671263
vt 0.297376 0.671263
vt 0.297376 0.671267
vt 0.297376 0.671267
vt 0.297409 0.671269
vt 0.297410 0.671266
vt 0.297410 0.671269
vt 0.297408 0.671272
vt 0.297408 0.671272
vt 0.297399 0.671262
vt 0.297399 0.671263
vt 0.297386 0.671261
vt 0.297387 0.671260
vt 0.297405 0.671273
vt 0.297405 0.671274
vt 0.297411 0.671153
vt 0.297412 0.671150
vt 0.297412 0.671153
vt 0.297411 0.671150
vt 0.297411 0.671156
vt 0.297412 0.671156
vt 0.297299 0.671099
vt 0.297298 0.671101
vt 0.297298 0.671099
vt 0.297299 0.671101
vt 0.297298 0.671104
vt 0.297299 0.671104
vt 0.297298 0.671107
vt 0.297299 0.671107
vt 0.297298 0.671110
vt 0.297299 0.671110
vt 0.297374 0.671185
vt 0.297374 0.671182
vt 0.297375 0.671182
vt 0.297375 0.671185
vt 0.297375 0.671179
vt 0.297374 0.671179
vt 0.297412 0.671113
vt 0.297411 0.671113
vt 0.171508 0.673145
vt 0.171508 0.673169
vt 0.171505 0.673145
vt 0.171505 0.673169
vt 0.171491 0.673145
vt 0.171537 0.673005
vt 0.171549 0.673008
vt 0.171537 0.673008
vt 0.171549 0.673005
vt 0.171552 0.673008
vt 0.171441 0.672978
vt 0.171441 0.672985
vt 0.171441 0.672989
vt 0.297488 0.671082
vt 0.297485 0.671071
vt 0.297336 0.670967
vt 0.297325 0.670971
vt 0.297325 0.670967
vt 0.297335 0.670971
vt 0.297325 0.670978
vt 0.297508 0.671071
vt 0.297505 0.671071
vt 0.297508 0.671081
vt 0.297485 0.671081
vt 0.297335 0.670978
vt 0.297335 0.671009
vt 0.297325 0.671009
vt 0.297335 0.671040
vt 0.297325 0.671040
vt 0.297286 0.671075
vt 0.297395 0.670978
vt 0.297405 0.670978
vt 0.297395 0.671009
vt 0.171491 0.673169
vt 0.171488 0.673151
vt 0.171488 0.673145
vt 0.171488 0.673169
vt 0.171488 0.673163
vt 0.171536 0.673140
vt 0.171537 0.673138
vt 0.171536 0.673140
vt 0.171537 0.673137
vt 0.171536 0.673151
vt 0.171536 0.673151
vt 0.171371 0.672916
vt 0.171555 0.673005
vt 0.171534 0.673008
vt 0.171345 0.673008
vt 0.171344 0.673006
vt 0.171345 0.673006
vt 0.171345 0.673019
vt 0.171345 0.673009
vt 0.171555 0.673008
vt 0.171371 0.672909
vt 0.171532 0.673008
vt 0.171371 0.672905
vt 0.171551 0.672992
vt 0.171551 0.673005
vt 0.171535 0.673005
vt 0.171538 0.672992
vt 0.171538 0.673005
vt 0.171535 0.672992
vt 0.171549 0.672992
vt 0.171549 0.673005
vt 0.171537 0.673153
vt 0.171537 0.673154
vt 0.171345 0.673020
vt 0.171345 0.673023
vt 0.171344 0.673022
vt 0.171582 0.673069
vt 0.171568 0.673057
vt 0.171582 0.673057
vt 0.171575 0.673075
vt 0.171568 0.673069
vt 0.171579 0.673074
vt 0.171568 0.673075
vt 0.171581 0.673072
vt 0.171537 0.673019
vt 0.171537 0.673023
vt 0.171534 0.673019
vt 0.171549 0.673023
vt 0.171534 0.673022
vt 0.171534 0.673036
vt 0.171532 0.673022
vt 0.297572 0.671024
vt 0.297574 0.671024
vt 0.297574 0.670998
vt 0.297576 0.671024
vt 0.297559 0.671256
vt 0.297557 0.671228
vt 0.297559 0.671228
vt 0.297561 0.671256
vt 0.297561 0.671228
vt 0.297557 0.671256
vt 0.297555 0.671228
vt 0.297555 0.671256
vt 0.297554 0.671228
vt 0.297554 0.671256
vt 0.297332 0.671238
vt 0.297332 0.671211
vt 0.297334 0.671238
vt 0.297336 0.671211
vt 0.297336 0.671238
vt 0.297334 0.671211
vt 0.297355 0.671232
vt 0.297355 0.671259
vt 0.297353 0.671232
vt 0.297357 0.671259
vt 0.297357 0.671232
vt 0.297359 0.671259
vt 0.297359 0.671232
vt 0.297360 0.671259
vt 0.297283 0.671282
vt 0.297290 0.671286
vt 0.297285 0.671289
vt 0.297283 0.671286
vt 0.297283 0.671284
vt 0.297289 0.671287
vt 0.297287 0.671289
vt 0.297283 0.671288
vt 0.297289 0.671282
vt 0.297290 0.671284
vt 0.297287 0.671281
vt 0.297285 0.671281
vt 0.297360 0.671232
vt 0.297576 0.670998
vt 0.297439 0.671045
vt 0.297439 0.671047
vt 0.297437 0.671045
vt 0.297437 0.671043
vt 0.297437 0.671043
vt 0.297435 0.671043
vt 0.297435 0.671041
vt 0.297575 0.671106
vt 0.297573 0.671124
vt 0.297573 0.671106
vt 0.297576 0.671106
vt 0.297571 0.671124
vt 0.297571 0.671106
vt 0.297437 0.671048
vt 0.297437 0.671047
vt 0.297437 0.671049
vt 0.297435 0.671049
vt 0.297435 0.671050
vt 0.297433 0.671049
vt 0.297433 0.671050
vt 0.297431 0.671049
vt 0.297430 0.671045
vt 0.297431 0.671047
vt 0.297430 0.671047
vt 0.297432 0.671043
vt 0.297431 0.671045
vt 0.297431 0.671043
vt 0.297433 0.671043
vt 0.297432 0.671048
vt 0.297433 0.671041
vt 0.297585 0.671241
vt 0.297579 0.671242
vt 0.297578 0.671241
vt 0.297585 0.671239
vt 0.297580 0.671243
vt 0.297584 0.671238
vt 0.297578 0.671239
vt 0.297579 0.671237
vt 0.297582 0.671237
vt 0.297580 0.671237
vt 0.297584 0.671243
vt 0.297582 0.671243
vt 0.297571 0.671161
vt 0.297570 0.671143
vt 0.297571 0.671143
vt 0.297570 0.671161
vt 0.297319 0.671222
vt 0.297321 0.671241
vt 0.297319 0.671240
vt 0.297321 0.671222
vt 0.297317 0.671222
vt 0.297575 0.671161
vt 0.297575 0.671143
vt 0.297576 0.671143
vt 0.297573 0.671161
vt 0.297573 0.671143
vt 0.297576 0.671161
vt 0.297576 0.671124
vt 0.297317 0.671241
vt 0.297570 0.671106
vt 0.297387 0.671289
vt 0.297387 0.671271
vt 0.297388 0.671272
vt 0.297385 0.671289
vt 0.297388 0.671289
vt 0.297385 0.671272
vt 0.297312 0.671283
vt 0.297312 0.671281
vt 0.297312 0.671281
vt 0.297312 0.671283
vt 0.297313 0.671279
vt 0.297313 0.671279
vt 0.297313 0.671285
vt 0.297313 0.671285
vt 0.297315 0.671286
vt 0.297315 0.671286
vt 0.297317 0.671286
vt 0.297317 0.671286
vt 0.297319 0.671285
vt 0.297319 0.671284
vt 0.297320 0.671283
vt 0.297320 0.671281
vt 0.297320 0.671280
vt 0.297320 0.671283
vt 0.297319 0.671279
vt 0.297319 0.671278
vt 0.297317 0.671278
vt 0.297317 0.671277
vt 0.297315 0.671277
vt 0.297315 0.671278
vt 0.297582 0.671115
vt 0.297582 0.671106
vt 0.297584 0.671115
vt 0.297584 0.671106
vt 0.297586 0.671115
vt 0.297532 0.671286
vt 0.297529 0.671276
vt 0.297532 0.671276
vt 0.297533 0.671286
vt 0.297533 0.671276
vt 0.297529 0.671286
vt 0.297527 0.671276
vt 0.297527 0.671286
vt 0.297525 0.671286
vt 0.297581 0.671289
vt 0.297581 0.671279
vt 0.297583 0.671289
vt 0.297583 0.671279
vt 0.297586 0.671289
vt 0.297586 0.671279
vt 0.297517 0.671286
vt 0.297515 0.671276
vt 0.297515 0.671286
vt 0.297513 0.671276
vt 0.297513 0.671286
vt 0.297511 0.671276
vt 0.297511 0.671286
vt 0.297509 0.671276
vt 0.297509 0.671286
vt 0.297586 0.671106
vt 0.171352 0.672985
vt 0.171355 0.672978
vt 0.171355 0.672985
vt 0.171352 0.672978
vt 0.171368 0.672989
vt 0.171355 0.672989
vt 0.171352 0.672989
vt 0.171368 0.672978
vt 0.171368 0.672985
vt 0.171423 0.672909
vt 0.171425 0.672905
vt 0.171426 0.672909
vt 0.171438 0.672905
vt 0.171426 0.672916
vt 0.171438 0.672909
vt 0.171438 0.672916
vt 0.171552 0.673022
vt 0.171552 0.673019
vt 0.171555 0.673022
vt 0.171549 0.673019
vt 0.171552 0.673036
vt 0.171555 0.673019
vt 0.171532 0.673019
vt 0.171532 0.673036
vt 0.171575 0.673051
vt 0.171568 0.673051
vt 0.171579 0.673052
vt 0.171581 0.673055
vt 0.297286 0.671037
vt 0.297280 0.671030
vt 0.297285 0.671033
vt 0.297286 0.671044
vt 0.297280 0.671044
vt 0.297268 0.671030
vt 0.297268 0.671044
vt 0.297282 0.671031
vt 0.297405 0.670971
vt 0.297395 0.670971
vt 0.297405 0.670967
vt 0.297322 0.671190
vt 0.297322 0.671151
vt 0.297324 0.671190
vt 0.297320 0.671151
vt 0.297324 0.671150
vt 0.297327 0.671190
vt 0.297320 0.671190
vt 0.297552 0.671121
vt 0.297552 0.671085
vt 0.297555 0.671122
vt 0.297550 0.671085
vt 0.297555 0.671085
vt 0.297550 0.671122
vt 0.297288 0.671162
vt 0.297286 0.671201
vt 0.297286 0.671162
vt 0.297291 0.671201
vt 0.297288 0.671201
vt 0.297291 0.671162
vt 0.297294 0.671162
vt 0.297294 0.671201
vt 0.297296 0.671162
vt 0.297296 0.671201
vt 0.297370 0.671226
vt 0.297373 0.671187
vt 0.297373 0.671226
vt 0.297370 0.671187
vt 0.297376 0.671187
vt 0.297376 0.671226
vt 0.297457 0.671111
vt 0.297459 0.671106
vt 0.297459 0.671109
vt 0.297450 0.671104
vt 0.297450 0.671112
vt 0.297455 0.671102
vt 0.297457 0.671104
vt 0.297452 0.671102
vt 0.297455 0.671113
vt 0.297452 0.671113
vt 0.297329 0.671151
vt 0.297327 0.671151
vt 0.297329 0.671190
vt 0.297415 0.671261
vt 0.297417 0.671259
vt 0.297417 0.671260
vt 0.297414 0.671260
vt 0.297420 0.671258
vt 0.297420 0.671260
vt 0.297331 0.671211
vt 0.297333 0.671183
vt 0.297333 0.671211
vt 0.297331 0.671183
vt 0.297336 0.671183
vt 0.297336 0.671211
vt 0.297422 0.671261
vt 0.297423 0.671260
vt 0.297423 0.671264
vt 0.297425 0.671263
vt 0.297423 0.671266
vt 0.297425 0.671267
vt 0.297423 0.671270
vt 0.297422 0.671268
vt 0.297415 0.671268
vt 0.297417 0.671271
vt 0.297414 0.671270
vt 0.297417 0.671270
vt 0.297414 0.671266
vt 0.297420 0.671270
vt 0.297420 0.671271
vt 0.297412 0.671267
vt 0.297414 0.671264
vt 0.297412 0.671263
vt 0.297405 0.671275
vt 0.297403 0.671283
vt 0.297401 0.671283
vt 0.297403 0.671274
vt 0.297405 0.671282
vt 0.297401 0.671274
vt 0.297399 0.671282
vt 0.297397 0.671280
vt 0.297399 0.671275
vt 0.297397 0.671277
vt 0.297407 0.671277
vt 0.297407 0.671280
vt 0.297548 0.671093
vt 0.297550 0.671093
vt 0.297548 0.671122
vt 0.297545 0.671093
vt 0.297545 0.671122
vt 0.297543 0.671093
vt 0.297543 0.671122
vt 0.297541 0.671093
vt 0.297538 0.670996
vt 0.297539 0.670967
vt 0.297539 0.670996
vt 0.297538 0.670967
vt 0.297542 0.670967
vt 0.297542 0.670996
vt 0.297544 0.670996
vt 0.297546 0.670967
vt 0.297546 0.670996
vt 0.297544 0.670967
vt 0.297541 0.671122
vt 0.297438 0.671191
vt 0.297441 0.671218
vt 0.297438 0.671218
vt 0.297436 0.671218
vt 0.297436 0.671191
vt 0.297441 0.671191
vt 0.297565 0.671268
vt 0.297561 0.671269
vt 0.297562 0.671268
vt 0.297565 0.671269
vt 0.297560 0.671266
vt 0.297559 0.671267
vt 0.297567 0.671266
vt 0.297568 0.671267
vt 0.297568 0.671264
vt 0.297569 0.671264
vt 0.297569 0.671260
vt 0.297568 0.671261
vt 0.297567 0.671258
vt 0.297568 0.671257
vt 0.297565 0.671256
vt 0.297565 0.671257
vt 0.297562 0.671257
vt 0.297561 0.671256
vt 0.297560 0.671259
vt 0.297559 0.671258
vt 0.297558 0.671261
vt 0.297557 0.671261
vt 0.297557 0.671264
vt 0.297558 0.671264
vt 0.297410 0.671264
vt 0.297412 0.671264
vt 0.297410 0.671267
vt 0.297412 0.671261
vt 0.297412 0.671267
vt 0.297488 0.671250
vt 0.297490 0.671250
vt 0.297488 0.671253
vt 0.297490 0.671253
vt 0.297410 0.671261
vt 0.297296 0.671246
vt 0.297298 0.671243
vt 0.297298 0.671246
vt 0.297296 0.671243
vt 0.297296 0.671249
vt 0.297298 0.671249
vt 0.297296 0.671252
vt 0.297298 0.671252
vt 0.297296 0.671255
vt 0.297298 0.671255
vt 0.297426 0.671265
vt 0.297426 0.671262
vt 0.297428 0.671262
vt 0.297428 0.671265
vt 0.297426 0.671269
vt 0.297428 0.671269
vt 0.297488 0.671241
vt 0.297490 0.671241
vt 0.297488 0.671243
vt 0.297490 0.671243
vt 0.297488 0.671247
vt 0.297490 0.671247
vt 0.297299 0.671090
vt 0.297299 0.671094
vt 0.297298 0.671090
vt 0.297299 0.671097
vt 0.297298 0.671094
vt 0.297298 0.671097
vt 0.297263 0.671033
vt 0.297266 0.671031
vt 0.297262 0.671037
vt 0.297262 0.671044
vt 0.297502 0.671101
vt 0.297491 0.671112
vt 0.297491 0.671101
vt 0.297502 0.671112
vt 0.297488 0.671112
vt 0.297488 0.671101
vt 0.297505 0.671101
vt 0.297505 0.671112
vt 0.297457 0.671269
vt 0.297467 0.671269
vt 0.297457 0.671272
vt 0.297467 0.671266
vt 0.297467 0.671272
vt 0.297457 0.671275
vt 0.297467 0.671275
vt 0.297579 0.671040
vt 0.297579 0.671051
vt 0.297575 0.671040
vt 0.297582 0.671050
vt 0.297575 0.671050
vt 0.297582 0.671040
vt 0.297557 0.671280
vt 0.297568 0.671278
vt 0.297568 0.671280
vt 0.297557 0.671278
vt 0.297568 0.671275
vt 0.297557 0.671275
vt 0.297557 0.671271
vt 0.297568 0.671271
vt 0.297557 0.671269
vt 0.297568 0.671269
vt 0.297429 0.671288
vt 0.297429 0.671278
vt 0.297432 0.671288
vt 0.297432 0.671278
vt 0.297435 0.671288
vt 0.297435 0.671278
vt 0.297457 0.671266
vt 0.297467 0.671263
vt 0.297457 0.671263
vt 0.297496 0.671258
vt 0.297493 0.671260
vt 0.297493 0.671260
vt 0.297499 0.671259
vt 0.297496 0.671259
vt 0.297499 0.671258
vt 0.297502 0.671260
vt 0.297563 0.671153
vt 0.297565 0.671151
vt 0.297563 0.671153
vt 0.297559 0.671153
vt 0.297566 0.671152
vt 0.297557 0.671143
vt 0.297555 0.671145
vt 0.297557 0.671142
vt 0.297555 0.671145
vt 0.297559 0.671141
vt 0.297555 0.671149
vt 0.297496 0.671271
vt 0.297493 0.671269
vt 0.297493 0.671269
vt 0.297491 0.671266
vt 0.297496 0.671271
vt 0.297491 0.671266
vt 0.297503 0.671263
vt 0.297502 0.671260
vt 0.297504 0.671263
vt 0.297503 0.671266
vt 0.297491 0.671263
vt 0.297491 0.671263
vt 0.297567 0.671145
vt 0.297567 0.671149
vt 0.297567 0.671148
vt 0.297567 0.671145
vt 0.297557 0.671152
vt 0.297555 0.671149
vt 0.297557 0.671151
vt 0.297559 0.671153
vt 0.297504 0.671266
vt 0.297502 0.671269
vt 0.297502 0.671269
vt 0.297499 0.671271
vt 0.297559 0.671141
vt 0.297563 0.671141
vt 0.297299 0.671088
vt 0.297298 0.671088
vt 0.297412 0.671147
vt 0.297411 0.671147
vt 0.297411 0.671144
vt 0.297412 0.671144
vt 0.297411 0.671110
vt 0.297411 0.671107
vt 0.297412 0.671110
vt 0.297412 0.671107
vt 0.297411 0.671104
vt 0.297412 0.671104
vt 0.297411 0.671102
vt 0.297412 0.671102
vt 0.297328 0.671141
vt 0.297329 0.671144
vt 0.297328 0.671144
vt 0.297329 0.671141
vt 0.297329 0.671147
vt 0.297328 0.671147
vt 0.297299 0.671099
vt 0.297499 0.671271
vt 0.297563 0.671140
vt 0.297565 0.671142
vt 0.297566 0.671142
vt 0.171574 0.672989
vt 0.171574 0.673013
vt 0.171571 0.673013
vt 0.171571 0.672989
vt 0.171558 0.673013
vt 0.171549 0.673036
vt 0.171537 0.673039
vt 0.171537 0.673036
vt 0.171534 0.673039
vt 0.171549 0.673039
vt 0.171441 0.672909
vt 0.171441 0.672916
vt 0.171441 0.672905
vt 0.297508 0.671101
vt 0.297508 0.671112
vt 0.297336 0.671051
vt 0.297325 0.671047
vt 0.297335 0.671047
vt 0.297325 0.671051
vt 0.297485 0.671101
vt 0.297485 0.671112
vt 0.297394 0.670967
vt 0.171423 0.672916
vt 0.171555 0.673007
vt 0.171558 0.672989
vt 0.171555 0.673013
vt 0.171555 0.672995
vt 0.171407 0.673125
vt 0.171408 0.673135
vt 0.171407 0.673135
vt 0.171407 0.673122
vt 0.171408 0.673124
vt 0.171407 0.673121
vt 0.171371 0.672985
vt 0.171371 0.672989
vt 0.171371 0.672978
vt 0.171532 0.673039
vt 0.171552 0.673039
vt 0.171555 0.673036
vt 0.171345 0.672989
vt 0.171344 0.672991
vt 0.171345 0.672988
vt 0.171345 0.672992
vt 0.171555 0.673039
vt 0.171535 0.673023
vt 0.171535 0.673036
vt 0.171549 0.673036
vt 0.171549 0.673023
vt 0.171551 0.673036
vt 0.171538 0.673023
vt 0.171551 0.673023
vt 0.171538 0.673036
vt 0.171407 0.673137
vt 0.171407 0.673138
vt 0.171344 0.673003
vt 0.171345 0.673002
vt 0.171345 0.673005
vt 0.171345 0.673006
vt 0.265204 0.672060
vt 0.265208 0.672055
vt 0.265209 0.672059
vt 0.265209 0.672061
vt 0.265205 0.672062
vt 0.265204 0.672053
vt 0.265205 0.672050
vt 0.265209 0.672051
vt 0.265410 0.671973
vt 0.265414 0.671971
vt 0.265415 0.671973
vt 0.265410 0.671971
vt 0.265244 0.672056
vt 0.265242 0.672061
vt 0.265240 0.672058
vt 0.265241 0.672051
vt 0.265245 0.672052
vt 0.265245 0.672050
vt 0.265241 0.672049
vt 0.265410 0.671958
vt 0.265414 0.671960
vt 0.265410 0.671960
vt 0.265415 0.671958
vt 0.265416 0.671867
vt 0.265412 0.671862
vt 0.265417 0.671862
vt 0.265412 0.671868
vt 0.265417 0.671861
vt 0.265412 0.671860
vt 0.265369 0.671900
vt 0.265374 0.671901
vt 0.265369 0.671901
vt 0.265374 0.671900
vt 0.265415 0.672052
vt 0.265420 0.672053
vt 0.265415 0.672054
vt 0.265419 0.672047
vt 0.265419 0.672052
vt 0.265414 0.672046
vt 0.265369 0.671890
vt 0.265374 0.671889
vt 0.265374 0.671890
vt 0.265369 0.671889
vt 0.265399 0.671803
vt 0.265396 0.671803
vt 0.265396 0.671802
vt 0.265399 0.671802
vt 0.265392 0.671803
vt 0.265392 0.671802
vt 0.265120 0.672033
vt 0.265126 0.672034
vt 0.265120 0.672034
vt 0.265130 0.672033
vt 0.265130 0.672034
vt 0.265126 0.672033
vt 0.265118 0.672032
vt 0.265390 0.671803
vt 0.265390 0.671802
vt 0.265116 0.672031
vt 0.265117 0.672031
vt 0.265117 0.672033
vt 0.265388 0.671804
vt 0.265389 0.671805
vt 0.265116 0.672021
vt 0.265117 0.672021
vt 0.265130 0.672019
vt 0.265126 0.672019
vt 0.265126 0.672018
vt 0.265130 0.672018
vt 0.265120 0.672019
vt 0.265120 0.672018
vt 0.265118 0.672020
vt 0.265117 0.672019
vt 0.265392 0.671816
vt 0.265396 0.671817
vt 0.265392 0.671817
vt 0.265399 0.671816
vt 0.265399 0.671817
vt 0.265396 0.671816
vt 0.265390 0.671816
vt 0.265388 0.671815
vt 0.265389 0.671814
vt 0.265390 0.671817
vt 0.265245 0.672059
vt 0.265413 0.671871
vt 0.265417 0.671870
vt 0.265416 0.672042
vt 0.265420 0.672044
vt 0.265387 0.671969
vt 0.265384 0.671973
vt 0.265382 0.671970
vt 0.265383 0.671963
vt 0.265387 0.671964
vt 0.265388 0.671962
vt 0.265383 0.671961
vt 0.265185 0.672061
vt 0.265182 0.672059
vt 0.265186 0.672059
vt 0.265181 0.672061
vt 0.265411 0.671986
vt 0.265415 0.671980
vt 0.265416 0.671985
vt 0.265416 0.671987
vt 0.265411 0.671988
vt 0.265411 0.671979
vt 0.265412 0.671975
vt 0.265416 0.671977
vt 0.265185 0.672046
vt 0.265182 0.672048
vt 0.265181 0.672046
vt 0.265186 0.672048
vt 0.265415 0.672041
vt 0.265420 0.672042
vt 0.265415 0.672042
vt 0.265419 0.672035
vt 0.265419 0.672040
vt 0.265414 0.672034
vt 0.265415 0.671938
vt 0.265419 0.671936
vt 0.265420 0.671938
vt 0.265415 0.671936
vt 0.265416 0.672026
vt 0.265413 0.672020
vt 0.265417 0.672021
vt 0.265412 0.672027
vt 0.265417 0.672019
vt 0.265413 0.672019
vt 0.265415 0.671948
vt 0.265419 0.671949
vt 0.265415 0.671949
vt 0.265420 0.671948
vt 0.265396 0.671973
vt 0.265399 0.671973
vt 0.265396 0.671974
vt 0.265399 0.671974
vt 0.265392 0.671973
vt 0.265249 0.672018
vt 0.265256 0.672018
vt 0.265250 0.672019
vt 0.265248 0.672020
vt 0.265247 0.672019
vt 0.265259 0.672019
vt 0.265256 0.672019
vt 0.265392 0.671974
vt 0.265390 0.671972
vt 0.265246 0.672021
vt 0.265388 0.671971
vt 0.265389 0.671971
vt 0.265389 0.671973
vt 0.265388 0.671961
vt 0.265247 0.672021
vt 0.265246 0.672031
vt 0.265259 0.672032
vt 0.265256 0.672034
vt 0.265256 0.672032
vt 0.265259 0.672034
vt 0.265250 0.672032
vt 0.265249 0.672034
vt 0.265248 0.672032
vt 0.265392 0.671958
vt 0.265396 0.671958
vt 0.265392 0.671959
vt 0.265390 0.671960
vt 0.265389 0.671959
vt 0.265399 0.671959
vt 0.265396 0.671959
vt 0.265247 0.672031
vt 0.265247 0.672033
vt 0.265389 0.671961
vt 0.265388 0.671972
vt 0.265399 0.671958
vt 0.265259 0.672018
vt 0.265416 0.672031
vt 0.265420 0.672032
vt 0.265414 0.672030
vt 0.265417 0.672029
vt 0.171346 0.673200
vt 0.171347 0.673204
vt 0.171346 0.673205
vt 0.171347 0.673195
vt 0.171347 0.673200
vt 0.171347 0.673207
vt 0.171346 0.673208
vt 0.171592 0.673014
vt 0.171581 0.673014
vt 0.171592 0.673001
vt 0.171582 0.673001
vt 0.171529 0.673114
vt 0.171538 0.673101
vt 0.171536 0.673115
vt 0.171520 0.673126
vt 0.171514 0.673110
vt 0.171524 0.673099
vt 0.171530 0.673100
vt 0.171527 0.673128
vt 0.171333 0.673039
vt 0.171344 0.673039
vt 0.171333 0.673052
vt 0.171343 0.673052
vt 0.171319 0.673138
vt 0.171324 0.673123
vt 0.171325 0.673137
vt 0.171315 0.673111
vt 0.171322 0.673109
vt 0.171309 0.673127
vt 0.171333 0.673136
vt 0.171315 0.673103
vt 0.171322 0.673102
vt 0.171331 0.673122
vt 0.171329 0.673108
vt 0.171356 0.673195
vt 0.171358 0.673200
vt 0.171356 0.673200
vt 0.171346 0.673193
vt 0.171534 0.673129
vt 0.171527 0.673135
vt 0.171536 0.673137
vt 0.171533 0.673136
vt 0.171520 0.673134
vt 0.171584 0.672922
vt 0.171572 0.672929
vt 0.171572 0.672922
vt 0.171584 0.672929
vt 0.171584 0.672905
vt 0.171629 0.673076
vt 0.171622 0.673088
vt 0.171622 0.673076
vt 0.171629 0.673088
vt 0.171538 0.673130
vt 0.171422 0.673163
vt 0.171419 0.673175
vt 0.171419 0.673163
vt 0.171422 0.673175
vt 0.171331 0.673100
vt 0.171333 0.673107
vt 0.171328 0.673101
vt 0.171356 0.673204
vt 0.171358 0.673205
vt 0.171356 0.673207
vt 0.171358 0.673208
vt 0.171628 0.673065
vt 0.171622 0.673062
vt 0.171628 0.673062
vt 0.171622 0.673070
vt 0.171622 0.673065
vt 0.171622 0.673076
vt 0.171628 0.673070
vt 0.171628 0.673076
vt 0.171596 0.673022
vt 0.171601 0.673013
vt 0.171601 0.673022
vt 0.171596 0.673013
vt 0.171355 0.673217
vt 0.171346 0.673213
vt 0.171355 0.673213
vt 0.171346 0.673217
vt 0.171355 0.673208
vt 0.171355 0.673220
vt 0.171346 0.673220
vt 0.171628 0.672956
vt 0.171622 0.672950
vt 0.171628 0.672950
vt 0.171622 0.672956
vt 0.171628 0.672961
vt 0.171622 0.672961
vt 0.171628 0.672964
vt 0.171622 0.672964
vt 0.171604 0.673220
vt 0.171599 0.673229
vt 0.171599 0.673220
vt 0.171604 0.673229
vt 0.203308 0.672444
vt 0.203316 0.672441
vt 0.203316 0.672444
vt 0.203308 0.672441
vt 0.203316 0.672439
vt 0.203308 0.672448
vt 0.203308 0.672439
vt 0.203316 0.672448
vt 0.203195 0.672349
vt 0.203200 0.672341
vt 0.203200 0.672349
vt 0.203195 0.672341
vt 0.203261 0.672363
vt 0.203259 0.672371
vt 0.203259 0.672363
vt 0.203261 0.672371
vt 0.203391 0.672205
vt 0.203387 0.672213
vt 0.203387 0.672205
vt 0.203391 0.672213
vt 0.203365 0.672412
vt 0.203365 0.672391
vt 0.203369 0.672412
vt 0.203360 0.672391
vt 0.203369 0.672388
vt 0.203371 0.672412
vt 0.203367 0.672388
vt 0.203388 0.672324
vt 0.203388 0.672346
vt 0.203380 0.672324
vt 0.203380 0.672346
vt 0.203362 0.672388
vt 0.203361 0.672363
vt 0.203363 0.672363
vt 0.203366 0.672366
vt 0.203366 0.672388
vt 0.203371 0.672366
vt 0.203371 0.672388
vt 0.203388 0.672265
vt 0.203388 0.672247
vt 0.203397 0.672265
vt 0.203397 0.672247
vt 0.203360 0.672388
vt 0.203360 0.672412
vt 0.171592 0.672996
vt 0.171582 0.672996
vt 0.171592 0.672989
vt 0.171582 0.672989
vt 0.171332 0.673026
vt 0.171344 0.673026
vt 0.171573 0.672905
vt 0.265218 0.672047
vt 0.265214 0.672057
vt 0.265214 0.672047
vt 0.265218 0.672057
vt 0.265209 0.672057
vt 0.265209 0.672047
vt 0.265334 0.671928
vt 0.265337 0.671936
vt 0.265334 0.671936
vt 0.265337 0.671928
vt 0.265330 0.671928
vt 0.265330 0.671936
vt 0.265408 0.672020
vt 0.265404 0.672030
vt 0.265403 0.672020
vt 0.265411 0.672030
vt 0.265408 0.672030
vt 0.265171 0.672060
vt 0.265174 0.672050
vt 0.265175 0.672060
vt 0.265167 0.672050
vt 0.265171 0.672050
vt 0.265166 0.672060
vt 0.265359 0.671766
vt 0.265369 0.671775
vt 0.265359 0.671776
vt 0.265369 0.671767
vt 0.265333 0.672046
vt 0.265342 0.672055
vt 0.265333 0.672056
vt 0.265342 0.672047
vt 0.265412 0.672020
vt 0.171468 0.673162
vt 0.171476 0.673167
vt 0.171476 0.673176
vt 0.171459 0.673173
vt 0.171462 0.673165
vt 0.171465 0.673163
vt 0.171474 0.673165
vt 0.171477 0.673170
vt 0.171477 0.673173
vt 0.171471 0.673163
vt 0.171460 0.673176
vt 0.171468 0.673181
vt 0.171462 0.673179
vt 0.171474 0.673179
vt 0.171471 0.673180
vt 0.171459 0.673170
vt 0.171460 0.673167
vt 0.171465 0.673180
vt 0.171531 0.673166
vt 0.171523 0.673180
vt 0.171529 0.673164
vt 0.171529 0.673178
vt 0.171526 0.673180
vt 0.171531 0.673175
vt 0.171532 0.673172
vt 0.171514 0.673169
vt 0.171523 0.673162
vt 0.171526 0.673162
vt 0.171515 0.673166
vt 0.171517 0.673178
vt 0.171520 0.673180
vt 0.171514 0.673172
vt 0.171515 0.673175
vt 0.171517 0.673164
vt 0.171520 0.673162
vt 0.171532 0.673169
vt 0.171538 0.673193
vt 0.171551 0.673196
vt 0.171538 0.673196
vt 0.171551 0.673193
vt 0.171538 0.673190
vt 0.171551 0.673190
vt 0.171608 0.673078
vt 0.171604 0.673064
vt 0.171608 0.673064
vt 0.171604 0.673078
vt 0.171611 0.673078
vt 0.171601 0.673064
vt 0.171538 0.673187
vt 0.171551 0.673187
vt 0.171611 0.673064
vt 0.171613 0.673078
vt 0.171538 0.673184
vt 0.171551 0.673184
vt 0.171613 0.673064
vt 0.171422 0.673190
vt 0.171436 0.673190
vt 0.171422 0.673194
vt 0.171436 0.673187
vt 0.171436 0.673194
vt 0.171422 0.673196
vt 0.171538 0.673182
vt 0.171551 0.673182
vt 0.171497 0.673195
vt 0.171500 0.673209
vt 0.171497 0.673209
vt 0.171494 0.673209
vt 0.171494 0.673195
vt 0.171422 0.673187
vt 0.171436 0.673184
vt 0.171491 0.673209
vt 0.171491 0.673195
vt 0.171422 0.673184
vt 0.171436 0.673182
vt 0.171436 0.673196
vt 0.171488 0.673195
vt 0.171422 0.673182
vt 0.171488 0.673209
vt 0.171601 0.673078
vt 0.203367 0.672239
vt 0.203363 0.672240
vt 0.203365 0.672239
vt 0.203367 0.672253
vt 0.203361 0.672242
vt 0.203361 0.672250
vt 0.203375 0.672245
vt 0.203372 0.672252
vt 0.203370 0.672253
vt 0.203363 0.672252
vt 0.203360 0.672247
vt 0.203360 0.672245
vt 0.203365 0.672253
vt 0.203374 0.672242
vt 0.203372 0.672240
vt 0.203375 0.672247
vt 0.203374 0.672250
vt 0.203370 0.672239
vt 0.203337 0.672323
vt 0.203344 0.672317
vt 0.203343 0.672320
vt 0.203341 0.672322
vt 0.203339 0.672323
vt 0.203341 0.672310
vt 0.203343 0.672312
vt 0.203330 0.672312
vt 0.203337 0.672309
vt 0.203339 0.672309
vt 0.203330 0.672315
vt 0.203332 0.672322
vt 0.203334 0.672323
vt 0.203330 0.672317
vt 0.203330 0.672320
vt 0.203332 0.672310
vt 0.203334 0.672309
vt 0.203344 0.672315
vt 0.203392 0.672203
vt 0.203394 0.672189
vt 0.203394 0.672203
vt 0.203392 0.672189
vt 0.203396 0.672203
vt 0.203353 0.672425
vt 0.203355 0.672438
vt 0.203353 0.672438
vt 0.203355 0.672425
vt 0.203350 0.672425
vt 0.203357 0.672438
vt 0.203256 0.672427
vt 0.203254 0.672440
vt 0.203254 0.672427
vt 0.203256 0.672440
vt 0.203259 0.672427
vt 0.203259 0.672440
vt 0.203350 0.672438
vt 0.203348 0.672425
vt 0.203261 0.672427
vt 0.203261 0.672440
vt 0.203348 0.672438
vt 0.203346 0.672425
vt 0.203311 0.672439
vt 0.203311 0.672426
vt 0.203314 0.672439
vt 0.203309 0.672426
vt 0.203314 0.672426
vt 0.203315 0.672439
vt 0.203264 0.672427
vt 0.203264 0.672440
vt 0.203346 0.672438
vt 0.203309 0.672439
vt 0.203306 0.672426
vt 0.203399 0.672203
vt 0.203401 0.672189
vt 0.203401 0.672203
vt 0.203399 0.672189
vt 0.203396 0.672189
vt 0.203306 0.672439
vt 0.203304 0.672426
vt 0.203315 0.672426
vt 0.203304 0.672439
vt 0.203357 0.672425
vt 0.265178 0.672018
vt 0.265169 0.672017
vt 0.265178 0.672008
vt 0.265171 0.672032
vt 0.265169 0.672007
vt 0.265293 0.672017
vt 0.265284 0.672007
vt 0.265293 0.672007
vt 0.265286 0.672032
vt 0.265284 0.672018
vt 0.265176 0.672033
vt 0.265301 0.672024
vt 0.265293 0.672016
vt 0.265301 0.672016
vt 0.265293 0.672025
vt 0.265297 0.672038
vt 0.265293 0.672038
vt 0.265131 0.671814
vt 0.265139 0.671805
vt 0.265139 0.671814
vt 0.265131 0.671805
vt 0.265418 0.671752
vt 0.265410 0.671742
vt 0.265418 0.671744
vt 0.265410 0.671750
vt 0.265123 0.671890
vt 0.265119 0.671894
vt 0.265119 0.671890
vt 0.265123 0.671894
vt 0.265135 0.671826
vt 0.265139 0.671826
vt 0.265290 0.672032
vt 0.265351 0.672037
vt 0.265342 0.672028
vt 0.265351 0.672027
vt 0.265342 0.672038
vt 0.265344 0.672013
vt 0.265349 0.672013
vt 0.265379 0.671836
vt 0.265388 0.671826
vt 0.265388 0.671836
vt 0.265386 0.671851
vt 0.265381 0.671851
vt 0.265379 0.671826
vt 0.265389 0.671755
vt 0.265396 0.671764
vt 0.265389 0.671764
vt 0.265396 0.671755
vt 0.265392 0.671742
vt 0.265396 0.671743
vt 0.265154 0.672030
vt 0.265147 0.672039
vt 0.265147 0.672030
vt 0.265154 0.672039
vt 0.265397 0.672056
vt 0.265390 0.672065
vt 0.265390 0.672057
vt 0.265397 0.672063
vt 0.265159 0.671965
vt 0.265163 0.671969
vt 0.265159 0.671969
vt 0.265163 0.671965
vt 0.265151 0.672016
vt 0.265147 0.672016
vt 0.297383 0.671287
vt 0.297376 0.671289
vt 0.297376 0.671287
vt 0.297383 0.671289
vt 0.297376 0.671284
vt 0.297383 0.671284
vt 0.297376 0.671281
vt 0.297383 0.671281
vt 0.297514 0.671076
vt 0.297514 0.671081
vt 0.297511 0.671081
vt 0.297511 0.671076
vt 0.297508 0.671076
vt 0.297508 0.671081
vt 0.297585 0.671096
vt 0.297578 0.671099
vt 0.297578 0.671096
vt 0.297585 0.671099
vt 0.297585 0.671102
vt 0.297578 0.671102
vt 0.297585 0.671104
vt 0.297578 0.671104
vt 0.297492 0.671161
vt 0.297496 0.671156
vt 0.297496 0.671159
vt 0.297495 0.671161
vt 0.297490 0.671160
vt 0.297495 0.671154
vt 0.297492 0.671153
vt 0.297488 0.671157
vt 0.297488 0.671155
vt 0.297490 0.671153
vt 0.297513 0.671108
vt 0.297509 0.671111
vt 0.297508 0.671108
vt 0.297514 0.671111
vt 0.297579 0.671220
vt 0.297585 0.671223
vt 0.297578 0.671223
vt 0.297584 0.671220
vt 0.297579 0.671226
vt 0.297582 0.671228
vt 0.297584 0.671226
vt 0.297580 0.671228
vt 0.297582 0.671218
vt 0.297580 0.671218
vt 0.297513 0.671113
vt 0.297508 0.671113
vt 0.265408 0.671749
vt 0.265406 0.671745
vt 0.265410 0.671746
vt 0.265410 0.671755
vt 0.265404 0.671750
vt 0.265407 0.671742
vt 0.265405 0.671757
vt 0.265410 0.671744
vt 0.265410 0.671758
vt 0.265406 0.671759
vt 0.265190 0.672003
vt 0.265194 0.672001
vt 0.265194 0.672003
vt 0.265190 0.672001
vt 0.265419 0.671960
vt 0.265418 0.671958
vt 0.265415 0.671972
vt 0.265415 0.671960
vt 0.265419 0.671972
vt 0.265415 0.671974
vt 0.265418 0.671974
vt 0.265408 0.671946
vt 0.265409 0.671949
vt 0.265406 0.671951
vt 0.265407 0.671953
vt 0.265404 0.671945
vt 0.265405 0.671939
vt 0.265410 0.671940
vt 0.265410 0.671952
vt 0.265410 0.671938
vt 0.265406 0.671936
vt 0.265190 0.671986
vt 0.265194 0.671988
vt 0.265190 0.671988
vt 0.265194 0.671986
vt 0.265413 0.672055
vt 0.265414 0.672058
vt 0.265410 0.672059
vt 0.265411 0.672061
vt 0.265408 0.672054
vt 0.265414 0.672049
vt 0.265410 0.672047
vt 0.265414 0.672060
vt 0.265414 0.672047
vt 0.265410 0.672046
vt 0.265414 0.671951
vt 0.265411 0.671950
vt 0.265415 0.671950
vt 0.265410 0.671951
vt 0.265415 0.671800
vt 0.265415 0.671788
vt 0.265419 0.671800
vt 0.265415 0.671801
vt 0.265419 0.671788
vt 0.265415 0.671787
vt 0.265419 0.671787
vt 0.265413 0.671851
vt 0.265410 0.671846
vt 0.265414 0.671848
vt 0.265414 0.671857
vt 0.265408 0.671852
vt 0.265411 0.671845
vt 0.265410 0.671858
vt 0.265415 0.671846
vt 0.265415 0.671858
vt 0.265410 0.671860
vt 0.265414 0.671936
vt 0.265411 0.671938
vt 0.265410 0.671936
vt 0.265415 0.671938
vt 0.265419 0.671801
vt 0.265360 0.671985
vt 0.265359 0.671979
vt 0.265360 0.671979
vt 0.265359 0.671985
vt 0.265358 0.671977
vt 0.265359 0.671976
vt 0.265128 0.672002
vt 0.265125 0.672000
vt 0.265128 0.672000
vt 0.265125 0.672002
vt 0.265131 0.672001
vt 0.265130 0.672002
vt 0.265359 0.671991
vt 0.265360 0.671991
vt 0.265359 0.671992
vt 0.265119 0.672002
vt 0.265119 0.672000
vt 0.265118 0.672002
vt 0.265117 0.672001
vt 0.265360 0.671993
vt 0.265358 0.671994
vt 0.265357 0.671993
vt 0.265117 0.672004
vt 0.265116 0.672003
vt 0.265117 0.672015
vt 0.265116 0.672016
vt 0.265345 0.671994
vt 0.265346 0.671993
vt 0.265131 0.672003
vt 0.265130 0.672004
vt 0.265131 0.672015
vt 0.265130 0.672015
vt 0.265357 0.671977
vt 0.265345 0.671975
vt 0.265358 0.671975
vt 0.265346 0.671977
vt 0.265344 0.671979
vt 0.265344 0.671985
vt 0.265342 0.671985
vt 0.265342 0.671979
vt 0.265344 0.671976
vt 0.265344 0.671977
vt 0.265128 0.672017
vt 0.265125 0.672018
vt 0.265125 0.672017
vt 0.265128 0.672018
vt 0.265130 0.672016
vt 0.265131 0.672017
vt 0.265344 0.671991
vt 0.265342 0.671991
vt 0.265344 0.671992
vt 0.265343 0.671993
vt 0.265119 0.672017
vt 0.265119 0.672018
vt 0.265118 0.672017
vt 0.265117 0.672018
vt 0.234881 0.672039
vt 0.234877 0.672019
vt 0.234881 0.672019
vt 0.234877 0.672039
vt 0.234884 0.672039
vt 0.234884 0.672019
vt 0.234887 0.672039
vt 0.234887 0.672019
vt 0.235142 0.671868
vt 0.235146 0.671889
vt 0.235142 0.671889
vt 0.235146 0.671868
vt 0.235139 0.671868
vt 0.235139 0.671889
vt 0.235135 0.671889
vt 0.235135 0.671868
vt 0.235132 0.671889
vt 0.235132 0.671868
vt 0.235170 0.671996
vt 0.235173 0.671975
vt 0.235173 0.671996
vt 0.235170 0.671975
vt 0.235167 0.671996
vt 0.235167 0.671975
vt 0.235165 0.671996
vt 0.235165 0.671975
vt 0.235080 0.672038
vt 0.235082 0.672017
vt 0.235082 0.672038
vt 0.235077 0.672017
vt 0.235080 0.672017
vt 0.235077 0.672038
vt 0.235075 0.672017
vt 0.235075 0.672038
vt 0.235072 0.672017
vt 0.235072 0.672038
vt 0.235130 0.671877
vt 0.235130 0.671857
vt 0.235132 0.671857
vt 0.235132 0.671877
vt 0.235170 0.672012
vt 0.235166 0.672011
vt 0.235169 0.672010
vt 0.235173 0.672013
vt 0.235172 0.672015
vt 0.235169 0.672014
vt 0.235172 0.671830
vt 0.235174 0.671826
vt 0.235175 0.671828
vt 0.235168 0.671830
vt 0.235171 0.671828
vt 0.235168 0.672007
vt 0.235171 0.671832
vt 0.235170 0.671834
vt 0.235167 0.671834
vt 0.235165 0.672008
vt 0.235168 0.672004
vt 0.235170 0.671837
vt 0.235167 0.671837
vt 0.235165 0.672004
vt 0.235166 0.672001
vt 0.235169 0.672002
vt 0.235169 0.671998
vt 0.235170 0.672000
vt 0.235171 0.671839
vt 0.235168 0.671841
vt 0.235172 0.671842
vt 0.235171 0.671843
vt 0.235172 0.671996
vt 0.235173 0.671998
vt 0.235174 0.671845
vt 0.235175 0.671843
vt 0.234980 0.671868
vt 0.234980 0.671888
vt 0.234978 0.671888
vt 0.234978 0.671868
vt 0.171592 0.673202
vt 0.171593 0.673197
vt 0.171593 0.673202
vt 0.171592 0.673196
vt 0.171593 0.673195
vt 0.171580 0.672952
vt 0.171591 0.672964
vt 0.171580 0.672964
vt 0.171590 0.672952
vt 0.171474 0.673123
vt 0.171469 0.673138
vt 0.171459 0.673127
vt 0.171465 0.673111
vt 0.171472 0.673109
vt 0.171483 0.673136
vt 0.171475 0.673137
vt 0.171481 0.673122
vt 0.171479 0.673108
vt 0.171488 0.672966
vt 0.171487 0.672979
vt 0.171477 0.672966
vt 0.171477 0.672979
vt 0.171505 0.672950
vt 0.171503 0.672964
vt 0.171498 0.672949
vt 0.171495 0.672976
vt 0.171488 0.672960
vt 0.171512 0.672951
vt 0.171510 0.672965
vt 0.171502 0.672977
vt 0.171494 0.672983
vt 0.171509 0.672979
vt 0.171501 0.672985
vt 0.171507 0.672986
vt 0.171602 0.673207
vt 0.171592 0.673208
vt 0.171593 0.673207
vt 0.171604 0.673202
vt 0.171604 0.673208
vt 0.171472 0.673102
vt 0.171481 0.673100
vt 0.171483 0.673107
vt 0.171478 0.673100
vt 0.171465 0.673103
vt 0.171333 0.673156
vt 0.171345 0.673163
vt 0.171333 0.673163
vt 0.171345 0.673156
vt 0.171521 0.673226
vt 0.171514 0.673214
vt 0.171521 0.673214
vt 0.171514 0.673226
vt 0.171568 0.673084
vt 0.171568 0.673096
vt 0.171565 0.673084
vt 0.171565 0.673096
vt 0.171511 0.672987
vt 0.171512 0.672979
vt 0.171602 0.673197
vt 0.171602 0.673195
vt 0.171604 0.673196
vt 0.171602 0.673202
vt 0.171526 0.673050
vt 0.171531 0.673048
vt 0.171531 0.673050
vt 0.171526 0.673042
vt 0.171531 0.673042
vt 0.171526 0.673048
vt 0.171526 0.673036
vt 0.171531 0.673036
vt 0.171352 0.673229
vt 0.171352 0.673220
vt 0.171358 0.673229
vt 0.171358 0.673220
vt 0.171604 0.673194
vt 0.171592 0.673194
vt 0.171592 0.673215
vt 0.171601 0.673211
vt 0.171601 0.673215
vt 0.171592 0.673211
vt 0.171601 0.673208
vt 0.171592 0.673220
vt 0.171601 0.673220
vt 0.171628 0.673051
vt 0.171622 0.673057
vt 0.171622 0.673051
vt 0.171628 0.673057
vt 0.171628 0.673046
vt 0.171622 0.673046
vt 0.171622 0.673043
vt 0.171628 0.673043
vt 0.171633 0.672945
vt 0.171633 0.672936
vt 0.171629 0.672945
vt 0.203107 0.672447
vt 0.203099 0.672444
vt 0.203107 0.672444
vt 0.203099 0.672447
vt 0.203099 0.672440
vt 0.203107 0.672440
vt 0.203107 0.672449
vt 0.203099 0.672449
vt 0.203358 0.672211
vt 0.203354 0.672203
vt 0.203358 0.672203
vt 0.203354 0.672211
vt 0.203110 0.672371
vt 0.203110 0.672363
vt 0.203111 0.672371
vt 0.203111 0.672363
vt 0.203121 0.672421
vt 0.203125 0.672429
vt 0.203121 0.672429
vt 0.203125 0.672421
vt 0.203262 0.672391
vt 0.203262 0.672412
vt 0.203258 0.672412
vt 0.203266 0.672391
vt 0.203259 0.672387
vt 0.203257 0.672387
vt 0.203256 0.672412
vt 0.203388 0.672213
vt 0.203380 0.672235
vt 0.203380 0.672213
vt 0.203388 0.672235
vt 0.203369 0.672349
vt 0.203368 0.672324
vt 0.203370 0.672324
vt 0.203365 0.672327
vt 0.203365 0.672349
vt 0.203361 0.672327
vt 0.203167 0.672420
vt 0.203167 0.672438
vt 0.203159 0.672438
vt 0.203159 0.672420
vt 0.203361 0.672349
vt 0.203371 0.672349
vt 0.203267 0.672412
vt 0.171580 0.672946
vt 0.171590 0.672946
vt 0.171580 0.672939
vt 0.171590 0.672939
vt 0.171488 0.672952
vt 0.171476 0.672952
vt 0.171333 0.673139
vt 0.171344 0.673139
vt 0.265255 0.672056
vt 0.265251 0.672046
vt 0.265255 0.672046
vt 0.265251 0.672056
vt 0.265246 0.672046
vt 0.265246 0.672056
vt 0.265395 0.671817
vt 0.265392 0.671825
vt 0.265395 0.671825
vt 0.265388 0.671825
vt 0.265388 0.671817
vt 0.265295 0.672060
vt 0.265291 0.672050
vt 0.265295 0.672050
vt 0.265298 0.672050
vt 0.265290 0.672060
vt 0.265199 0.672060
vt 0.265196 0.672050
vt 0.265199 0.672050
vt 0.265203 0.672050
vt 0.265195 0.672060
vt 0.265204 0.672060
vt 0.265399 0.671825
vt 0.265409 0.671816
vt 0.265409 0.671824
vt 0.265399 0.671815
vt 0.265368 0.672056
vt 0.265377 0.672047
vt 0.265377 0.672055
vt 0.265368 0.672046
vt 0.265299 0.672060
vt 0.171347 0.673174
vt 0.171355 0.673160
vt 0.171349 0.673176
vt 0.171349 0.673162
vt 0.171352 0.673161
vt 0.171347 0.673165
vt 0.171363 0.673174
vt 0.171355 0.673179
vt 0.171352 0.673178
vt 0.171364 0.673171
vt 0.171361 0.673162
vt 0.171358 0.673161
vt 0.171364 0.673168
vt 0.171363 0.673165
vt 0.171361 0.673176
vt 0.171358 0.673178
vt 0.171346 0.673168
vt 0.171346 0.673171
vt 0.171318 0.673163
vt 0.171327 0.673170
vt 0.171326 0.673177
vt 0.171312 0.673165
vt 0.171315 0.673163
vt 0.171309 0.673174
vt 0.171326 0.673167
vt 0.171327 0.673174
vt 0.171324 0.673165
vt 0.171321 0.673163
vt 0.171310 0.673177
vt 0.171318 0.673181
vt 0.171312 0.673179
vt 0.171324 0.673179
vt 0.171321 0.673181
vt 0.171309 0.673170
vt 0.171310 0.673167
vt 0.171315 0.673181
vt 0.171582 0.673126
vt 0.171595 0.673124
vt 0.171595 0.673126
vt 0.171582 0.673124
vt 0.171582 0.673129
vt 0.171394 0.673209
vt 0.171394 0.673195
vt 0.171397 0.673195
vt 0.171397 0.673209
vt 0.171400 0.673195
vt 0.171400 0.673209
vt 0.171595 0.673129
vt 0.171582 0.673133
vt 0.171391 0.673209
vt 0.171391 0.673195
vt 0.171595 0.673133
vt 0.171582 0.673136
vt 0.171388 0.673209
vt 0.171388 0.673195
vt 0.171444 0.673193
vt 0.171458 0.673196
vt 0.171444 0.673196
vt 0.171458 0.673193
vt 0.171444 0.673189
vt 0.171458 0.673189
vt 0.171595 0.673136
vt 0.171582 0.673138
vt 0.171371 0.673195
vt 0.171368 0.673209
vt 0.171368 0.673195
vt 0.171374 0.673209
vt 0.171371 0.673209
vt 0.171444 0.673187
vt 0.171458 0.673187
vt 0.171595 0.673138
vt 0.171374 0.673195
vt 0.171377 0.673209
vt 0.171458 0.673198
vt 0.171444 0.673198
vt 0.171377 0.673195
vt 0.171444 0.673184
vt 0.171458 0.673184
vt 0.171380 0.673195
vt 0.171380 0.673209
vt 0.203297 0.672261
vt 0.203291 0.672265
vt 0.203293 0.672263
vt 0.203295 0.672262
vt 0.203291 0.672272
vt 0.203293 0.672274
vt 0.203304 0.672272
vt 0.203297 0.672276
vt 0.203295 0.672276
vt 0.203305 0.672270
vt 0.203302 0.672263
vt 0.203300 0.672262
vt 0.203305 0.672267
vt 0.203304 0.672265
vt 0.203302 0.672274
vt 0.203300 0.672276
vt 0.203290 0.672267
vt 0.203290 0.672270
vt 0.203132 0.672404
vt 0.203127 0.672405
vt 0.203129 0.672404
vt 0.203132 0.672418
vt 0.203126 0.672407
vt 0.203125 0.672412
vt 0.203137 0.672416
vt 0.203134 0.672418
vt 0.203139 0.672410
vt 0.203126 0.672414
vt 0.203125 0.672410
vt 0.203127 0.672416
vt 0.203129 0.672418
vt 0.203138 0.672407
vt 0.203137 0.672405
vt 0.203139 0.672412
vt 0.203138 0.672414
vt 0.203134 0.672404
vt 0.203108 0.672440
vt 0.203106 0.672427
vt 0.203108 0.672427
vt 0.203106 0.672440
vt 0.203104 0.672440
vt 0.203104 0.672427
vt 0.203341 0.672438
vt 0.203344 0.672425
vt 0.203344 0.672438
vt 0.203341 0.672425
vt 0.203139 0.672440
vt 0.203137 0.672427
vt 0.203139 0.672427
vt 0.203137 0.672440
vt 0.203142 0.672440
vt 0.203339 0.672438
vt 0.203339 0.672425
vt 0.203142 0.672427
vt 0.203144 0.672440
vt 0.203337 0.672438
vt 0.203337 0.672425
vt 0.203295 0.672439
vt 0.203295 0.672426
vt 0.203297 0.672426
vt 0.203297 0.672439
vt 0.203299 0.672426
vt 0.203299 0.672439
vt 0.203144 0.672427
vt 0.203147 0.672440
vt 0.203335 0.672438
vt 0.203335 0.672425
vt 0.203302 0.672426
vt 0.203302 0.672439
vt 0.203147 0.672427
vt 0.203101 0.672440
vt 0.203099 0.672427
vt 0.203101 0.672427
vt 0.203293 0.672439
vt 0.203293 0.672426
vt 0.265187 0.672022
vt 0.265187 0.672032
vt 0.265178 0.672022
vt 0.265178 0.672033
vt 0.265180 0.672007
vt 0.265284 0.672022
vt 0.265284 0.672032
vt 0.265275 0.672032
vt 0.265275 0.672022
vt 0.265276 0.672007
vt 0.265185 0.672007
vt 0.265368 0.672028
vt 0.265360 0.672037
vt 0.265360 0.672028
vt 0.265368 0.672037
vt 0.265364 0.672014
vt 0.265396 0.671869
vt 0.265388 0.671860
vt 0.265396 0.671860
vt 0.265388 0.671869
vt 0.265392 0.671881
vt 0.265389 0.671881
vt 0.265194 0.672053
vt 0.265194 0.672061
vt 0.265187 0.672062
vt 0.265187 0.672055
vt 0.265127 0.671894
vt 0.265127 0.671890
vt 0.265360 0.672014
vt 0.265281 0.672007
vt 0.265360 0.672013
vt 0.265351 0.672023
vt 0.265351 0.672013
vt 0.265360 0.672023
vt 0.265353 0.672037
vt 0.265379 0.671951
vt 0.265388 0.671961
vt 0.265379 0.671961
vt 0.265386 0.671936
vt 0.265388 0.671951
vt 0.265358 0.672038
vt 0.265368 0.672034
vt 0.265375 0.672025
vt 0.265375 0.672034
vt 0.265368 0.672025
vt 0.265372 0.672046
vt 0.265231 0.672028
vt 0.265223 0.672020
vt 0.265231 0.672020
vt 0.265223 0.672029
vt 0.265227 0.672042
vt 0.265223 0.672043
vt 0.265418 0.671768
vt 0.265411 0.671759
vt 0.265418 0.671760
vt 0.265411 0.671767
vt 0.265127 0.671894
vt 0.265130 0.671890
vt 0.265130 0.671894
vt 0.265127 0.671890
vt 0.265375 0.672046
vt 0.265381 0.671936
vt 0.297306 0.671290
vt 0.297299 0.671287
vt 0.297306 0.671287
vt 0.297299 0.671290
vt 0.297306 0.671285
vt 0.297299 0.671285
vt 0.297306 0.671282
vt 0.297299 0.671282
vt 0.297516 0.671081
vt 0.297516 0.671076
vt 0.297519 0.671076
vt 0.297519 0.671081
vt 0.297389 0.671282
vt 0.297396 0.671284
vt 0.297389 0.671284
vt 0.297396 0.671282
vt 0.297389 0.671287
vt 0.297396 0.671287
vt 0.297389 0.671290
vt 0.297396 0.671290
vt 0.297564 0.670995
vt 0.297570 0.670993
vt 0.297567 0.670996
vt 0.297570 0.670990
vt 0.297563 0.670992
vt 0.297563 0.670990
vt 0.297569 0.670988
vt 0.297569 0.670996
vt 0.297567 0.670987
vt 0.297564 0.670987
vt 0.297514 0.671108
vt 0.297518 0.671111
vt 0.297519 0.671108
vt 0.297579 0.671235
vt 0.297582 0.671237
vt 0.297585 0.671232
vt 0.297584 0.671235
vt 0.297579 0.671229
vt 0.297584 0.671229
vt 0.297578 0.671232
vt 0.297514 0.671113
vt 0.297519 0.671113
vt 0.265229 0.672012
vt 0.265230 0.672015
vt 0.265226 0.672016
vt 0.265227 0.672018
vt 0.265224 0.672010
vt 0.265226 0.672004
vt 0.265230 0.672005
vt 0.265231 0.672017
vt 0.265231 0.672003
vt 0.265226 0.672002
vt 0.265320 0.671999
vt 0.265323 0.672001
vt 0.265319 0.672001
vt 0.265324 0.671999
vt 0.265418 0.671846
vt 0.265418 0.671858
vt 0.265415 0.671846
vt 0.265418 0.671844
vt 0.265415 0.671858
vt 0.265418 0.671860
vt 0.265415 0.671860
vt 0.265408 0.671833
vt 0.265406 0.671828
vt 0.265409 0.671829
vt 0.265410 0.671839
vt 0.265404 0.671834
vt 0.265407 0.671826
vt 0.265405 0.671840
vt 0.265410 0.671827
vt 0.265410 0.671841
vt 0.265406 0.671842
vt 0.265320 0.672016
vt 0.265323 0.672014
vt 0.265324 0.672016
vt 0.265319 0.672014
vt 0.265415 0.671844
vt 0.265179 0.672052
vt 0.265177 0.672048
vt 0.265181 0.672049
vt 0.265181 0.672058
vt 0.265175 0.672054
vt 0.265178 0.672046
vt 0.265176 0.672060
vt 0.265181 0.672048
vt 0.265181 0.672060
vt 0.265177 0.672061
vt 0.265414 0.671826
vt 0.265411 0.671828
vt 0.265410 0.671826
vt 0.265415 0.671828
vt 0.265415 0.671839
vt 0.265419 0.671827
vt 0.265419 0.671839
vt 0.265415 0.671827
vt 0.265415 0.671826
vt 0.265419 0.671826
vt 0.265415 0.671840
vt 0.265419 0.671840
vt 0.265413 0.672040
vt 0.265414 0.672043
vt 0.265410 0.672044
vt 0.265411 0.672046
vt 0.265408 0.672039
vt 0.265410 0.672033
vt 0.265414 0.672034
vt 0.265414 0.672045
vt 0.265414 0.672032
vt 0.265410 0.672031
vt 0.265414 0.671841
vt 0.265411 0.671839
vt 0.265415 0.671839
vt 0.265342 0.672003
vt 0.265344 0.671997
vt 0.265344 0.672003
vt 0.265342 0.671997
vt 0.265344 0.671996
vt 0.265368 0.671931
vt 0.265364 0.671931
vt 0.265367 0.671929
vt 0.265369 0.671929
vt 0.265370 0.671930
vt 0.265364 0.671929
vt 0.265342 0.672009
vt 0.265344 0.672011
vt 0.265343 0.672011
vt 0.265344 0.672009
vt 0.265359 0.671929
vt 0.265359 0.671931
vt 0.265357 0.671929
vt 0.265345 0.672013
vt 0.265355 0.671928
vt 0.265356 0.671928
vt 0.265357 0.671930
vt 0.265356 0.671916
vt 0.265346 0.672012
vt 0.265358 0.672013
vt 0.265345 0.671994
vt 0.265346 0.671995
vt 0.265344 0.671995
vt 0.265371 0.671928
vt 0.265370 0.671928
vt 0.265370 0.671916
vt 0.265358 0.671994
vt 0.265357 0.671995
vt 0.265359 0.672003
vt 0.265359 0.671997
vt 0.265360 0.672003
vt 0.265358 0.671996
vt 0.265360 0.671997
vt 0.265367 0.671914
vt 0.265364 0.671913
vt 0.265368 0.671913
vt 0.265364 0.671914
vt 0.265369 0.671915
vt 0.265359 0.672009
vt 0.265360 0.672009
vt 0.265359 0.672011
vt 0.265359 0.671914
vt 0.265357 0.671914
vt 0.265359 0.671913
vt 0.265357 0.672012
vt 0.265360 0.672011
vt 0.265355 0.671915
vt 0.265357 0.671913
vt 0.265359 0.671995
vt 0.265371 0.671916
vt 0.265370 0.671914
vt 0.234871 0.672019
vt 0.234867 0.672039
vt 0.234867 0.672019
vt 0.234871 0.672039
vt 0.234874 0.672019
vt 0.234874 0.672039
vt 0.234877 0.672039
vt 0.235012 0.672022
vt 0.235015 0.672001
vt 0.235015 0.672022
vt 0.235012 0.672001
vt 0.235009 0.672022
vt 0.235009 0.672001
vt 0.235005 0.672001
vt 0.235005 0.672022
vt 0.235002 0.672001
vt 0.235002 0.672022
vt 0.235171 0.671794
vt 0.235168 0.671773
vt 0.235171 0.671773
vt 0.235168 0.671794
vt 0.235166 0.671773
vt 0.235166 0.671794
vt 0.235164 0.671773
vt 0.235164 0.671794
vt 0.235084 0.672038
vt 0.235084 0.672017
vt 0.235087 0.672017
vt 0.235087 0.672038
vt 0.235090 0.672017
vt 0.235090 0.672038
vt 0.235092 0.672017
vt 0.235092 0.672038
vt 0.235014 0.671955
vt 0.235017 0.671976
vt 0.235014 0.671976
vt 0.235017 0.671955
vt 0.235172 0.671746
vt 0.235169 0.671747
vt 0.235171 0.671744
vt 0.235174 0.671742
vt 0.235175 0.671745
vt 0.235174 0.671956
vt 0.235172 0.671952
vt 0.235175 0.671953
vt 0.235171 0.671954
vt 0.235168 0.671951
vt 0.235171 0.671950
vt 0.235171 0.671748
vt 0.235170 0.671751
vt 0.235170 0.671947
vt 0.235167 0.671750
vt 0.235170 0.671754
vt 0.235167 0.671948
vt 0.235170 0.671945
vt 0.235167 0.671754
vt 0.235169 0.671757
vt 0.235167 0.671944
vt 0.235168 0.671941
vt 0.235171 0.671942
vt 0.235171 0.671756
vt 0.235171 0.671760
vt 0.235171 0.671938
vt 0.235172 0.671940
vt 0.235172 0.671758
vt 0.235174 0.671762
vt 0.235174 0.671936
vt 0.235175 0.671939
vt 0.235175 0.671760
vt 0.234980 0.671909
vt 0.234978 0.671909
vt 0.203404 0.672261
vt 0.203397 0.672261
vt 0.203404 0.672247
vt 0.203154 0.672434
vt 0.203147 0.672447
vt 0.203147 0.672434
vt 0.203154 0.672447
vt 0.203359 0.672211
vt 0.203370 0.672189
vt 0.203370 0.672211
vt 0.203359 0.672189
vt 0.203380 0.672211
vt 0.203380 0.672189
vt 0.171564 0.672951
vt 0.171564 0.672948
vt 0.171569 0.672951
vt 0.171555 0.672951
vt 0.171555 0.672948
vt 0.171564 0.672945
vt 0.171569 0.672945
vt 0.171569 0.672948
vt 0.171571 0.672948
vt 0.171564 0.672941
vt 0.171569 0.672937
vt 0.171569 0.672941
vt 0.171555 0.672941
vt 0.171564 0.672937
vt 0.171569 0.672933
vt 0.171571 0.672933
vt 0.171571 0.672937
vt 0.171555 0.672937
vt 0.171564 0.672933
vt 0.171564 0.672930
vt 0.171555 0.672933
vt 0.171555 0.672930
vt 0.171569 0.672930
vt 0.171527 0.672948
vt 0.171532 0.672951
vt 0.171527 0.672951
vt 0.171519 0.672951
vt 0.171519 0.672948
vt 0.171532 0.672948
vt 0.171519 0.672933
vt 0.171527 0.672933
vt 0.171532 0.672933
vt 0.171535 0.672948
vt 0.171535 0.672951
vt 0.171532 0.672930
vt 0.171527 0.672930
vt 0.171519 0.672930
vt 0.171514 0.673067
vt 0.171519 0.673070
vt 0.171514 0.673070
vt 0.171519 0.673067
vt 0.171527 0.673070
vt 0.171519 0.673096
vt 0.171514 0.673096
vt 0.171527 0.673067
vt 0.171532 0.673070
vt 0.171532 0.673067
vt 0.171519 0.673063
vt 0.171527 0.673063
vt 0.171534 0.673063
vt 0.171534 0.673067
vt 0.171532 0.673096
vt 0.171534 0.673070
vt 0.171527 0.673096
vt 0.171532 0.673063
vt 0.171534 0.673059
vt 0.171527 0.673059
vt 0.171519 0.673059
vt 0.171532 0.673059
vt 0.171534 0.673055
vt 0.171527 0.673055
vt 0.171519 0.673055
vt 0.171532 0.673055
vt 0.171534 0.673051
vt 0.171527 0.673051
vt 0.171519 0.673051
vt 0.171532 0.673051
vt 0.171501 0.673064
vt 0.171511 0.673056
vt 0.171513 0.673060
vt 0.171488 0.673060
vt 0.171490 0.673057
vt 0.171493 0.673054
vt 0.171497 0.673052
vt 0.171501 0.673051
vt 0.171488 0.673064
vt 0.171497 0.673068
vt 0.171488 0.673069
vt 0.171531 0.672928
vt 0.171531 0.672921
vt 0.171532 0.672922
vt 0.171527 0.672928
vt 0.171519 0.672928
vt 0.171571 0.672941
vt 0.171555 0.672945
vt 0.171527 0.672905
vt 0.171531 0.672907
vt 0.171527 0.672907
vt 0.171532 0.672905
vt 0.171532 0.672913
vt 0.171531 0.672914
vt 0.171505 0.673068
vt 0.171514 0.673064
vt 0.171513 0.673068
vt 0.171506 0.673095
vt 0.171490 0.673088
vt 0.171508 0.673054
vt 0.171505 0.673052
vt 0.171568 0.673032
vt 0.171572 0.673028
vt 0.171572 0.673037
vt 0.171555 0.673036
vt 0.171555 0.673032
vt 0.171560 0.673043
vt 0.171557 0.673040
vt 0.171560 0.673022
vt 0.171564 0.673020
vt 0.171564 0.673045
vt 0.171568 0.673045
vt 0.171568 0.673019
vt 0.171572 0.673020
vt 0.171572 0.673045
vt 0.171557 0.673025
vt 0.171555 0.673028
vt 0.171571 0.672945
vt 0.171571 0.672951
vt 0.171519 0.672905
vt 0.171516 0.672907
vt 0.171514 0.672905
vt 0.171519 0.672907
vt 0.171531 0.672925
vt 0.171527 0.672909
vt 0.171531 0.672909
vt 0.171527 0.672925
vt 0.171519 0.672925
vt 0.171519 0.672909
vt 0.171516 0.672909
vt 0.171516 0.672925
vt 0.171420 0.673189
vt 0.171411 0.673186
vt 0.171420 0.673186
vt 0.171411 0.673189
vt 0.171408 0.673189
vt 0.171408 0.673186
vt 0.171420 0.673198
vt 0.171411 0.673198
vt 0.171519 0.673099
vt 0.171532 0.673099
vt 0.171527 0.673099
vt 0.171420 0.673201
vt 0.171411 0.673201
vt 0.171408 0.673201
vt 0.171408 0.673198
vt 0.171516 0.672928
vt 0.171514 0.672922
vt 0.171516 0.672921
vt 0.171514 0.672930
vt 0.171514 0.673051
vt 0.171514 0.673055
vt 0.171514 0.673059
vt 0.171514 0.673063
vt 0.171514 0.673099
vt 0.171514 0.672933
vt 0.171514 0.672948
vt 0.171514 0.672951
vt 0.171551 0.672930
vt 0.171551 0.672933
vt 0.171551 0.672937
vt 0.171551 0.672941
vt 0.171551 0.672945
vt 0.171551 0.672948
vt 0.171480 0.673147
vt 0.171482 0.673149
vt 0.171480 0.673150
vt 0.171482 0.673146
vt 0.171482 0.673151
vt 0.171482 0.673154
vt 0.171480 0.673153
vt 0.171551 0.672951
vt 0.171519 0.672908
vt 0.171527 0.672908
vt 0.171324 0.673141
vt 0.171330 0.673141
vt 0.171324 0.673145
vt 0.171330 0.673138
vt 0.171330 0.673162
vt 0.171323 0.673162
vt 0.171317 0.673149
vt 0.171423 0.673154
vt 0.171430 0.673153
vt 0.171430 0.673157
vt 0.171437 0.673140
vt 0.171437 0.673157
vt 0.171423 0.673149
vt 0.171437 0.673161
vt 0.171430 0.673140
vt 0.171514 0.673099
vt 0.171498 0.673095
vt 0.171498 0.673092
vt 0.171506 0.673099
vt 0.171476 0.672956
vt 0.171476 0.672987
vt 0.171468 0.672960
vt 0.171468 0.672987
vt 0.171460 0.672964
vt 0.171541 0.673176
vt 0.171538 0.673170
vt 0.171541 0.673170
vt 0.171549 0.673182
vt 0.171541 0.673182
vt 0.171549 0.673176
vt 0.171538 0.673176
vt 0.171553 0.673182
vt 0.171549 0.673164
vt 0.171553 0.673170
vt 0.171549 0.673170
vt 0.171553 0.673164
vt 0.171541 0.673164
vt 0.171553 0.673176
vt 0.171422 0.673140
vt 0.171538 0.673164
vt 0.171514 0.672913
vt 0.171516 0.672914
vt 0.171342 0.673115
vt 0.171345 0.673122
vt 0.171342 0.673122
vt 0.171345 0.673115
vt 0.171345 0.673129
vt 0.171342 0.673129
vt 0.171468 0.672956
vt 0.171476 0.672952
vt 0.171514 0.673103
vt 0.171615 0.673143
vt 0.171624 0.673138
vt 0.171624 0.673143
vt 0.171615 0.673138
vt 0.171615 0.673147
vt 0.171615 0.673152
vt 0.171624 0.673147
vt 0.171624 0.673152
vt 0.171413 0.673025
vt 0.171422 0.673025
vt 0.171413 0.673030
vt 0.171413 0.673020
vt 0.171422 0.673020
vt 0.171422 0.673030
vt 0.171413 0.673015
vt 0.171422 0.673015
vt 0.171549 0.672985
vt 0.171549 0.672952
vt 0.171555 0.672985
vt 0.171543 0.672985
vt 0.171543 0.672952
vt 0.171555 0.672952
vt 0.171592 0.673166
vt 0.171601 0.673194
vt 0.171601 0.673166
vt 0.171556 0.673084
vt 0.171562 0.673051
vt 0.171562 0.673084
vt 0.171556 0.673051
vt 0.171568 0.673084
vt 0.171550 0.673084
vt 0.171550 0.673051
vt 0.171601 0.673089
vt 0.171593 0.673064
vt 0.171593 0.673089
vt 0.171537 0.672985
vt 0.171537 0.672952
vt 0.171490 0.673091
vt 0.171453 0.672965
vt 0.171461 0.672961
vt 0.171452 0.672968
vt 0.171460 0.672987
vt 0.171451 0.672987
vt 0.171345 0.673135
vt 0.171342 0.673135
vt 0.171316 0.673163
vt 0.171310 0.673153
vt 0.171309 0.673163
vt 0.171444 0.673140
vt 0.171444 0.673161
vt 0.235056 0.671929
vt 0.235063 0.671906
vt 0.235064 0.671933
vt 0.235055 0.671906
vt 0.171444 0.673164
vt 0.171310 0.673149
vt 0.171317 0.673145
vt 0.234972 0.671867
vt 0.234971 0.671867
vt 0.234972 0.671867
vt 0.234972 0.671867
vt 0.234972 0.671867
vt 0.234972 0.671867
vt 0.234972 0.671867
vt 0.234972 0.671868
vt 0.234972 0.671868
vt 0.234972 0.671868
vt 0.234971 0.671867
vt 0.234972 0.671868
vt 0.234972 0.671868
vt 0.234972 0.671868
vt 0.234972 0.671868
vt 0.234972 0.671867
vt 0.234972 0.671867
vt 0.234972 0.671867
vt 0.203394 0.672381
vt 0.203400 0.672403
vt 0.203394 0.672403
vt 0.203400 0.672381
vt 0.203267 0.672447
vt 0.203267 0.672434
vt 0.203274 0.672434
vt 0.203274 0.672447
vt 0.203403 0.672160
vt 0.203396 0.672146
vt 0.203403 0.672146
vt 0.203396 0.672160
vt 0.203187 0.672411
vt 0.203187 0.672389
vt 0.203198 0.672411
vt 0.203198 0.672389
vt 0.203157 0.672398
vt 0.203147 0.672420
vt 0.203147 0.672398
vt 0.203157 0.672420
vt 0.171395 0.673149
vt 0.171400 0.673149
vt 0.171395 0.673151
vt 0.171400 0.673151
vt 0.171403 0.673151
vt 0.171400 0.673155
vt 0.171395 0.673155
vt 0.171395 0.673159
vt 0.171400 0.673163
vt 0.171395 0.673163
vt 0.171400 0.673159
vt 0.171403 0.673167
vt 0.171400 0.673167
vt 0.171395 0.673167
vt 0.171403 0.673163
vt 0.171395 0.673170
vt 0.171387 0.673167
vt 0.171387 0.673170
vt 0.171400 0.673170
vt 0.171403 0.673170
vt 0.171353 0.673131
vt 0.171362 0.673134
vt 0.171353 0.673134
vt 0.171362 0.673131
vt 0.171362 0.673116
vt 0.171348 0.673134
vt 0.171348 0.673131
vt 0.171348 0.673116
vt 0.171353 0.673116
vt 0.171348 0.673113
vt 0.171353 0.673113
vt 0.171362 0.673113
vt 0.171511 0.673021
vt 0.171516 0.673018
vt 0.171516 0.673021
vt 0.171511 0.673018
vt 0.171516 0.672991
vt 0.171524 0.673018
vt 0.171511 0.673025
vt 0.171524 0.673021
vt 0.171511 0.672991
vt 0.171529 0.673018
vt 0.171529 0.673021
vt 0.171516 0.673025
vt 0.171524 0.673025
vt 0.171524 0.672991
vt 0.171529 0.672991
vt 0.171529 0.673025
vt 0.171524 0.673029
vt 0.171529 0.673029
vt 0.171516 0.673029
vt 0.171524 0.673033
vt 0.171516 0.673033
vt 0.171529 0.673033
vt 0.171524 0.673036
vt 0.171516 0.673036
vt 0.171529 0.673036
vt 0.171487 0.673034
vt 0.171498 0.673027
vt 0.171490 0.673037
vt 0.171506 0.673038
vt 0.171502 0.673039
vt 0.171494 0.673039
vt 0.171498 0.673040
vt 0.171502 0.673023
vt 0.171511 0.673027
vt 0.171486 0.673031
vt 0.171485 0.673027
vt 0.171350 0.673111
vt 0.171353 0.673111
vt 0.171362 0.673111
vt 0.171348 0.673105
vt 0.171403 0.673155
vt 0.171403 0.673159
vt 0.171346 0.673131
vt 0.171346 0.673134
vt 0.171353 0.673090
vt 0.171350 0.673090
vt 0.171353 0.673088
vt 0.171348 0.673096
vt 0.171348 0.673088
vt 0.171532 0.673036
vt 0.171532 0.673033
vt 0.171532 0.673029
vt 0.171494 0.673023
vt 0.171511 0.673023
vt 0.171503 0.672996
vt 0.171511 0.672992
vt 0.171487 0.673004
vt 0.171495 0.673000
vt 0.171486 0.673023
vt 0.171510 0.673031
vt 0.171508 0.673035
vt 0.171568 0.672965
vt 0.171557 0.672973
vt 0.171556 0.672969
vt 0.171560 0.672954
vt 0.171564 0.672953
vt 0.171555 0.672965
vt 0.171557 0.672957
vt 0.171568 0.672952
vt 0.171572 0.672961
vt 0.171572 0.672969
vt 0.171556 0.672961
vt 0.171572 0.672953
vt 0.171568 0.672978
vt 0.171572 0.672978
vt 0.171564 0.672978
vt 0.171560 0.672976
vt 0.171532 0.673025
vt 0.171532 0.673021
vt 0.171532 0.673018
vt 0.171403 0.673149
vt 0.171365 0.673090
vt 0.171362 0.673088
vt 0.171366 0.673088
vt 0.171366 0.673096
vt 0.171365 0.673097
vt 0.171362 0.673090
vt 0.171350 0.673108
vt 0.171350 0.673092
vt 0.171353 0.673092
vt 0.171362 0.673108
vt 0.171353 0.673108
vt 0.171362 0.673092
vt 0.171365 0.673092
vt 0.171365 0.673108
vt 0.171475 0.673190
vt 0.171484 0.673187
vt 0.171484 0.673190
vt 0.171475 0.673187
vt 0.171487 0.673190
vt 0.171516 0.672989
vt 0.171524 0.672989
vt 0.171529 0.672989
vt 0.171475 0.673202
vt 0.171484 0.673199
vt 0.171484 0.673202
vt 0.171487 0.673199
vt 0.171475 0.673199
vt 0.171487 0.673202
vt 0.171365 0.673111
vt 0.171366 0.673105
vt 0.171366 0.673113
vt 0.171511 0.673036
vt 0.171511 0.673033
vt 0.171511 0.673029
vt 0.171511 0.672989
vt 0.171366 0.673116
vt 0.171366 0.673131
vt 0.171366 0.673134
vt 0.171382 0.673170
vt 0.171382 0.673167
vt 0.171382 0.673163
vt 0.171387 0.673163
vt 0.171382 0.673159
vt 0.171387 0.673159
vt 0.171382 0.673155
vt 0.171387 0.673155
vt 0.171382 0.673151
vt 0.171387 0.673151
vt 0.171330 0.673149
vt 0.171332 0.673147
vt 0.171332 0.673150
vt 0.171331 0.673146
vt 0.171387 0.673149
vt 0.171422 0.673072
vt 0.171422 0.673075
vt 0.171420 0.673072
vt 0.171420 0.673076
vt 0.171382 0.673149
vt 0.171487 0.673187
vt 0.171362 0.673091
vt 0.171353 0.673091
vt 0.171565 0.672923
vt 0.171572 0.672927
vt 0.171565 0.672926
vt 0.171565 0.672905
vt 0.171572 0.672906
vt 0.171559 0.672923
vt 0.171467 0.673149
vt 0.171460 0.673149
vt 0.171467 0.673145
vt 0.171473 0.673162
vt 0.171466 0.673162
vt 0.171460 0.673153
vt 0.171474 0.673145
vt 0.171459 0.673162
vt 0.171495 0.672996
vt 0.171503 0.672992
vt 0.171511 0.672989
vt 0.171537 0.672952
vt 0.171537 0.672983
vt 0.171529 0.672979
vt 0.171529 0.672983
vt 0.171529 0.672952
vt 0.171521 0.672975
vt 0.171434 0.673176
vt 0.171426 0.673182
vt 0.171426 0.673176
vt 0.171437 0.673170
vt 0.171437 0.673176
vt 0.171434 0.673182
vt 0.171422 0.673176
vt 0.171437 0.673182
vt 0.171426 0.673164
vt 0.171422 0.673170
vt 0.171422 0.673164
vt 0.171426 0.673170
vt 0.171434 0.673164
vt 0.171434 0.673170
vt 0.171437 0.673164
vt 0.171365 0.673104
vt 0.171350 0.673104
vt 0.171350 0.673097
vt 0.171559 0.672919
vt 0.171456 0.673118
vt 0.171459 0.673111
vt 0.171459 0.673118
vt 0.171456 0.673111
vt 0.171459 0.673104
vt 0.171521 0.672978
vt 0.171537 0.672987
vt 0.171622 0.673013
vt 0.171613 0.673009
vt 0.171622 0.673009
vt 0.171613 0.673013
vt 0.171622 0.673018
vt 0.171613 0.673018
vt 0.171622 0.673022
vt 0.171613 0.673022
vt 0.171616 0.673188
vt 0.171616 0.673193
vt 0.171607 0.673188
vt 0.171607 0.673193
vt 0.171616 0.673183
vt 0.171616 0.673178
vt 0.171607 0.673183
vt 0.171607 0.673178
vt 0.171556 0.673132
vt 0.171550 0.673164
vt 0.171550 0.673132
vt 0.171556 0.673164
vt 0.171544 0.673132
vt 0.171601 0.673138
vt 0.171592 0.673138
vt 0.171544 0.673099
vt 0.171550 0.673099
vt 0.171538 0.673099
vt 0.171538 0.673132
vt 0.171544 0.673164
vt 0.171556 0.673099
vt 0.171593 0.672930
vt 0.171602 0.672905
vt 0.171602 0.672930
vt 0.171593 0.672905
vt 0.171487 0.673000
vt 0.171513 0.672971
vt 0.171512 0.672952
vt 0.171520 0.672952
vt 0.171513 0.672974
vt 0.171456 0.673104
vt 0.171459 0.673097
vt 0.171456 0.673097
vt 0.171558 0.672905
vt 0.171552 0.672915
vt 0.171552 0.672919
vt 0.171551 0.672905
vt 0.171474 0.673141
vt 0.171480 0.673162
vt 0.171480 0.673141
vt 0.171480 0.673138
vt 0.235060 0.671860
vt 0.235053 0.671837
vt 0.235061 0.671833
vt 0.235052 0.671860
vt 0.234973 0.671868
vt 0.234973 0.671868
vt 0.234973 0.671868
vt 0.234973 0.671867
vt 0.234973 0.671867
vt 0.234973 0.671868
vt 0.234973 0.671867
vt 0.234973 0.671867
vt 0.234973 0.671867
vt 0.234972 0.671867
vt 0.234972 0.671867
vt 0.234973 0.671867
vt 0.234972 0.671868
vt 0.234972 0.671867
vt 0.234972 0.671868
vt 0.234972 0.671868
vt 0.203400 0.672418
vt 0.203400 0.672440
vt 0.203395 0.672440
vt 0.203395 0.672418
vt 0.265308 0.671991
vt 0.265311 0.671995
vt 0.265307 0.671995
vt 0.265305 0.671991
vt 0.265306 0.671987
vt 0.265308 0.671987
vt 0.265311 0.671991
vt 0.265316 0.671991
vt 0.265316 0.671995
vt 0.265312 0.671987
vt 0.265316 0.671987
vt 0.265308 0.671982
vt 0.265311 0.671982
vt 0.265323 0.671987
vt 0.265323 0.671992
vt 0.171360 0.673075
vt 0.171359 0.673071
vt 0.171362 0.673073
vt 0.171363 0.673079
vt 0.171360 0.673081
vt 0.171357 0.673077
vt 0.171354 0.673079
vt 0.171361 0.673088
vt 0.171357 0.673083
vt 0.171357 0.673072
vt 0.171364 0.673086
vt 0.171352 0.673076
vt 0.171354 0.673074
vt 0.171354 0.673070
vt 0.171350 0.673074
vt 0.171352 0.673072
vt 0.171361 0.673145
vt 0.171365 0.673143
vt 0.171365 0.673146
vt 0.171357 0.673149
vt 0.171357 0.673145
vt 0.171362 0.673149
vt 0.171357 0.673153
vt 0.171352 0.673149
vt 0.171352 0.673145
vt 0.171366 0.673150
vt 0.171362 0.673153
vt 0.171357 0.673159
vt 0.171366 0.673154
vt 0.171363 0.673159
vt 0.265322 0.671997
vt 0.265316 0.671982
vt 0.265323 0.671981
vt 0.171364 0.673068
vt 0.171365 0.673072
vt 0.171362 0.673070
vt 0.171367 0.673071
vt 0.171365 0.673077
vt 0.171360 0.673068
vt 0.171361 0.673067
vt 0.171370 0.673074
vt 0.171368 0.673075
vt 0.171520 0.673159
vt 0.171518 0.673157
vt 0.171520 0.673157
vt 0.171524 0.673157
vt 0.171524 0.673159
vt 0.171529 0.673158
vt 0.171528 0.673160
vt 0.171536 0.673159
vt 0.171535 0.673162
vt 0.171370 0.673082
vt 0.171372 0.673081
vt 0.171367 0.673084
vt 0.171374 0.673079
vt 0.171351 0.673153
vt 0.171368 0.673160
vt 0.265305 0.671987
vt 0.265304 0.671995
vt 0.265304 0.671991
vt 0.265303 0.671995
vt 0.265303 0.671992
vt 0.265304 0.671987
vt 0.265305 0.671982
vt 0.265304 0.671982
vt 0.171517 0.673159
vt 0.171516 0.673158
vt 0.171357 0.673069
vt 0.171360 0.673066
vt 0.171358 0.673067
vt 0.171360 0.673064
vt 0.171361 0.673065
vt 0.171356 0.673068
vt 0.171515 0.673160
vt 0.171361 0.673142
vt 0.171365 0.673141
vt 0.171357 0.673142
vt 0.171361 0.673141
vt 0.171352 0.673141
vt 0.171357 0.673140
vt 0.171352 0.673142
vt 0.171361 0.673139
vt 0.171365 0.673140
vt 0.171353 0.673069
vt 0.171355 0.673066
vt 0.171357 0.673066
vt 0.171351 0.673071
vt 0.171349 0.673073
vt 0.265181 0.671980
vt 0.265187 0.671981
vt 0.265181 0.671981
vt 0.265175 0.671981
vt 0.265175 0.671980
vt 0.265175 0.671982
vt 0.265171 0.671983
vt 0.265171 0.671982
vt 0.265170 0.671979
vt 0.265170 0.671977
vt 0.265175 0.671978
vt 0.265187 0.671982
vt 0.265181 0.671982
vt 0.171358 0.673057
vt 0.171358 0.673053
vt 0.171360 0.673055
vt 0.171361 0.673059
vt 0.171358 0.673060
vt 0.171355 0.673059
vt 0.171356 0.673062
vt 0.171355 0.673054
vt 0.171353 0.673062
vt 0.171352 0.673059
vt 0.171353 0.673052
vt 0.171364 0.673138
vt 0.171357 0.673139
vt 0.171353 0.673137
vt 0.171357 0.673137
vt 0.171361 0.673137
vt 0.171364 0.673135
vt 0.171348 0.673071
vt 0.171350 0.673069
vt 0.171349 0.673067
vt 0.171352 0.673067
vt 0.171347 0.673068
vt 0.171346 0.673065
vt 0.171347 0.673064
vt 0.171354 0.673065
vt 0.171351 0.673066
vt 0.171350 0.673063
vt 0.171356 0.673064
vt 0.171358 0.673064
vt 0.171359 0.673065
vt 0.171358 0.673062
vt 0.171383 0.673149
vt 0.171385 0.673147
vt 0.171385 0.673147
vt 0.171383 0.673148
vt 0.171384 0.673146
vt 0.265303 0.671987
vt 0.265302 0.671996
vt 0.265302 0.671992
vt 0.265302 0.671987
vt 0.265301 0.671996
vt 0.265302 0.671981
vt 0.265303 0.671982
vt 0.171360 0.673061
vt 0.171356 0.673051
vt 0.171350 0.673059
vt 0.171351 0.673050
vt 0.171353 0.673048
vt 0.171354 0.673050
vt 0.171567 0.673049
vt 0.171568 0.673048
vt 0.171568 0.673049
vt 0.171567 0.673048
vt 0.171568 0.673048
vt 0.171569 0.673049
vt 0.171567 0.673045
vt 0.171566 0.673047
vt 0.171566 0.673046
vt 0.171358 0.673049
vt 0.171358 0.673051
vt 0.171356 0.673048
vt 0.171354 0.673045
vt 0.265181 0.671978
vt 0.265187 0.671978
vt 0.265187 0.671975
vt 0.265175 0.671975
vt 0.265181 0.671976
vt 0.265170 0.671974
vt 0.265171 0.671973
vt 0.265175 0.671974
vt 0.171432 0.673117
vt 0.171432 0.673108
vt 0.171435 0.673108
vt 0.171430 0.673121
vt 0.171430 0.673117
vt 0.171432 0.673121
vt 0.171430 0.673124
vt 0.171427 0.673123
vt 0.171427 0.673121
vt 0.171427 0.673117
vt 0.171426 0.673109
vt 0.171429 0.673108
vt 0.171434 0.673117
vt 0.171434 0.673121
vt 0.171432 0.673124
vt 0.171434 0.673124
vt 0.171436 0.673121
vt 0.265176 0.671967
vt 0.265181 0.671967
vt 0.265181 0.671969
vt 0.265176 0.671969
vt 0.265172 0.671966
vt 0.265173 0.671964
vt 0.265177 0.671965
vt 0.265181 0.671965
vt 0.265186 0.671967
vt 0.265186 0.671965
vt 0.265181 0.671971
vt 0.265176 0.671970
vt 0.265172 0.671968
vt 0.265174 0.671962
vt 0.265177 0.671962
vt 0.265171 0.671971
vt 0.265181 0.671974
vt 0.265175 0.671972
vt 0.265171 0.671970
vt 0.265187 0.671972
vt 0.265187 0.671974
vt 0.265181 0.671973
vt 0.171371 0.673046
vt 0.171372 0.673048
vt 0.171370 0.673047
vt 0.171368 0.673045
vt 0.171369 0.673044
vt 0.171374 0.673046
vt 0.171372 0.673045
vt 0.171374 0.673045
vt 0.171371 0.673043
vt 0.171373 0.673043
vt 0.171370 0.673041
vt 0.171372 0.673042
vt 0.171373 0.673041
vt 0.171373 0.673042
vt 0.171432 0.673131
vt 0.171430 0.673133
vt 0.171430 0.673131
vt 0.171432 0.673133
vt 0.171431 0.673134
vt 0.171432 0.673134
vt 0.171434 0.673131
vt 0.171433 0.673133
vt 0.171435 0.673133
vt 0.171435 0.673131
vt 0.171435 0.673135
vt 0.171433 0.673134
vt 0.171433 0.673136
vt 0.171432 0.673136
vt 0.171430 0.673136
vt 0.171368 0.673049
vt 0.171370 0.673051
vt 0.171367 0.673050
vt 0.171365 0.673048
vt 0.171367 0.673047
vt 0.171371 0.673049
vt 0.171368 0.673043
vt 0.171365 0.673045
vt 0.171364 0.673046
vt 0.171364 0.673045
vt 0.171364 0.673047
vt 0.171366 0.673043
vt 0.171367 0.673044
vt 0.171367 0.673042
vt 0.171368 0.673041
vt 0.171369 0.673042
vt 0.171443 0.673206
vt 0.171442 0.673207
vt 0.171442 0.673207
vt 0.171444 0.673207
vt 0.171441 0.673206
vt 0.171440 0.673210
vt 0.171440 0.673207
vt 0.171443 0.673210
vt 0.171442 0.673210
vt 0.171439 0.673206
vt 0.171440 0.673206
vt 0.171438 0.673209
vt 0.171438 0.673207
vt 0.171513 0.672949
vt 0.171514 0.672949
vt 0.171514 0.672949
vt 0.171513 0.672949
vt 0.171514 0.672950
vt 0.171513 0.672950
vt 0.171513 0.672950
vt 0.171512 0.672949
vt 0.171512 0.672949
vt 0.171369 0.673040
vt 0.171367 0.673040
vt 0.171372 0.673041
vt 0.171370 0.673040
vt 0.171371 0.673040
vt 0.265175 0.671960
vt 0.265181 0.671962
vt 0.265185 0.671962
vt 0.265178 0.671960
vt 0.265181 0.671960
vt 0.265184 0.671960
vt 0.265178 0.671959
vt 0.265179 0.671959
vt 0.171433 0.673137
vt 0.171432 0.673137
vt 0.171429 0.673134
vt 0.171430 0.673137
vt 0.171435 0.673136
vt 0.171433 0.673138
vt 0.171431 0.673138
vt 0.171438 0.673212
vt 0.171438 0.673215
vt 0.171437 0.673212
vt 0.171440 0.673215
vt 0.171440 0.673212
vt 0.171436 0.673210
vt 0.171436 0.673207
vt 0.171438 0.673205
vt 0.171372 0.673041
vt 0.171441 0.673206
vt 0.171448 0.673139
vt 0.171448 0.673138
vt 0.171448 0.673139
vt 0.171448 0.673138
vt 0.171449 0.673138
vt 0.171449 0.673139
vt 0.171433 0.673140
vt 0.171429 0.673137
vt 0.171430 0.673139
vt 0.171435 0.673138
vt 0.171435 0.673137
vt 0.171428 0.673138
vt 0.171428 0.673136
vt 0.171429 0.673136
vt 0.265181 0.671959
vt 0.265223 0.672047
vt 0.265223 0.672050
vt 0.265223 0.672048
vt 0.265223 0.672053
vt 0.265223 0.672052
vt 0.265223 0.672050
vt 0.265183 0.671959
vt 0.171361 0.673049
vt 0.171360 0.673050
vt 0.171361 0.673049
vt 0.171361 0.673051
vt 0.171363 0.673050
vt 0.171420 0.673178
vt 0.171420 0.673180
vt 0.171419 0.673177
vt 0.171420 0.673181
vt 0.171419 0.673179
vt 0.171363 0.673048
vt 0.171364 0.673049
vt 0.171363 0.673053
vt 0.171364 0.673052
vt 0.171366 0.673051
vt 0.171566 0.673049
vt 0.171567 0.673051
vt 0.171566 0.673051
vt 0.171356 0.673043
vt 0.171357 0.673044
vt 0.171355 0.673044
vt 0.171359 0.673042
vt 0.171358 0.673047
vt 0.171356 0.673045
vt 0.171355 0.673046
vt 0.171356 0.673046
vt 0.171357 0.673048
vt 0.171421 0.673176
vt 0.171421 0.673178
vt 0.171421 0.673180
vt 0.171420 0.673181
vt 0.171421 0.673175
vt 0.171474 0.673198
vt 0.171474 0.673196
vt 0.171475 0.673196
vt 0.171474 0.673200
vt 0.171474 0.673198
vt 0.171475 0.673199
vt 0.171422 0.673178
vt 0.171422 0.673180
vt 0.171421 0.673181
vt 0.171425 0.673125
vt 0.171424 0.673123
vt 0.171430 0.673126
vt 0.171427 0.673125
vt 0.171425 0.673121
vt 0.171427 0.673127
vt 0.171425 0.673127
vt 0.171429 0.673127
vt 0.171427 0.673129
vt 0.171425 0.673129
vt 0.171423 0.673126
vt 0.171424 0.673128
vt 0.171424 0.673127
vt 0.265186 0.671969
vt 0.265187 0.671970
vt 0.171430 0.673129
vt 0.171428 0.673131
vt 0.171425 0.673130
vt 0.171369 0.673052
vt 0.171368 0.673053
vt 0.171363 0.673057
vt 0.171366 0.673054
vt 0.171365 0.673056
vt 0.171423 0.673125
vt 0.171423 0.673123
vt 0.171422 0.673125
vt 0.171354 0.673042
vt 0.171355 0.673041
vt 0.171354 0.673043
vt 0.171355 0.673041
vt 0.171355 0.673043
vt 0.171356 0.673042
vt 0.171353 0.673045
vt 0.171423 0.673127
vt 0.171509 0.673049
vt 0.171510 0.673050
vt 0.171509 0.673050
vt 0.171509 0.673047
vt 0.171423 0.673129
vt 0.171377 0.673121
vt 0.171376 0.673122
vt 0.171377 0.673121
vt 0.171377 0.673124
vt 0.171376 0.673123
vt 0.171377 0.673124
vt 0.171568 0.673051
vt 0.171568 0.673051
vt 0.171510 0.673046
vt 0.171511 0.673049
vt 0.171509 0.673044
vt 0.171510 0.673043
vt 0.171511 0.673051
vt 0.171510 0.673051
vt 0.171358 0.673041
vt 0.171360 0.673041
vt 0.171361 0.673042
vt 0.171357 0.673041
vt 0.171363 0.673041
vt 0.171359 0.673043
vt 0.171360 0.673046
vt 0.171361 0.673042
vt 0.171361 0.673043
vt 0.171360 0.673049
vt 0.171361 0.673045
vt 0.171363 0.673046
vt 0.171362 0.673048
vt 0.171362 0.673044
vt 0.171363 0.673045
vt 0.171359 0.673049
vt 0.171421 0.673183
vt 0.171422 0.673183
vt 0.171422 0.673181
vt 0.171422 0.673183
vt 0.171473 0.673198
vt 0.171473 0.673195
vt 0.171474 0.673194
vt 0.171475 0.673195
vt 0.171473 0.673193
vt 0.171363 0.673043
vt 0.171364 0.673045
vt 0.171363 0.673043
vt 0.171511 0.673042
vt 0.171510 0.673041
vt 0.171511 0.673040
vt 0.171509 0.673041
vt 0.171364 0.673042
vt 0.171507 0.673046
vt 0.171507 0.673043
vt 0.171367 0.673041
vt 0.171366 0.673041
vt 0.171365 0.673041
vt 0.171352 0.673047
vt 0.171423 0.673120
vt 0.171424 0.673121
vt 0.171425 0.673118
vt 0.171364 0.673043
vt 0.171345 0.673023
vt 0.171345 0.673023
vt 0.171345 0.673023
vt 0.171345 0.673024
vt 0.171345 0.673024
vt 0.171344 0.673024
vt 0.171345 0.673023
vt 0.171344 0.673024
vt 0.171345 0.673024
vt 0.171345 0.673025
vt 0.171345 0.673025
vt 0.171345 0.673025
vt 0.171345 0.673025
vt 0.171443 0.673212
vt 0.171443 0.673215
vt 0.171442 0.673215
vt 0.171442 0.673212
vt 0.171345 0.673025
vt 0.171513 0.672951
vt 0.171514 0.672951
vt 0.171514 0.672951
vt 0.171513 0.672951
vt 0.171514 0.672951
vt 0.171514 0.672951
vt 0.171449 0.673138
vt 0.171448 0.673138
vt 0.171449 0.673137
vt 0.171448 0.673137
vt 0.171448 0.673137
vt 0.171449 0.673137
vt 0.171424 0.673111
vt 0.265221 0.671965
vt 0.265223 0.671965
vt 0.265222 0.671967
vt 0.265219 0.671966
vt 0.265219 0.671965
vt 0.265221 0.671966
vt 0.265219 0.671968
vt 0.265217 0.671968
vt 0.265217 0.671966
vt 0.265216 0.671965
vt 0.265217 0.671963
vt 0.265219 0.671963
vt 0.265222 0.671968
vt 0.265220 0.671968
vt 0.265219 0.671961
vt 0.265221 0.671963
vt 0.265223 0.671963
vt 0.265222 0.671961
vt 0.265221 0.671961
vt 0.265217 0.671961
vt 0.171428 0.673134
vt 0.171505 0.673044
vt 0.171505 0.673042
vt 0.171507 0.673041
vt 0.171506 0.673041
vt 0.171428 0.673103
vt 0.171432 0.673102
vt 0.171437 0.673117
vt 0.171357 0.673134
vt 0.171353 0.673134
vt 0.171360 0.673134
vt 0.171435 0.673102
vt 0.171439 0.673103
vt 0.171426 0.673105
vt 0.171347 0.673059
vt 0.171360 0.673062
vt 0.171382 0.673146
vt 0.265176 0.671983
vt 0.265171 0.671984
vt 0.265301 0.671992
vt 0.265311 0.671978
vt 0.265307 0.671979
vt 0.265316 0.671978
vt 0.171473 0.673064
vt 0.171476 0.673061
vt 0.171475 0.673066
vt 0.171473 0.673069
vt 0.171470 0.673067
vt 0.171473 0.673059
vt 0.171470 0.673062
vt 0.171468 0.673060
vt 0.171470 0.673057
vt 0.171477 0.673053
vt 0.171474 0.673051
vt 0.171481 0.673056
vt 0.171465 0.673063
vt 0.171467 0.673065
vt 0.171463 0.673065
vt 0.171468 0.673069
vt 0.171465 0.673067
vt 0.171348 0.673143
vt 0.171348 0.673146
vt 0.171348 0.673150
vt 0.171347 0.673154
vt 0.171351 0.673159
vt 0.265322 0.671977
vt 0.171478 0.673067
vt 0.171479 0.673063
vt 0.171481 0.673064
vt 0.171480 0.673069
vt 0.171477 0.673071
vt 0.171475 0.673070
vt 0.171483 0.673065
vt 0.171520 0.673139
vt 0.171524 0.673141
vt 0.171520 0.673141
vt 0.171518 0.673141
vt 0.171517 0.673139
vt 0.171524 0.673139
vt 0.171528 0.673138
vt 0.171529 0.673141
vt 0.171536 0.673139
vt 0.171483 0.673057
vt 0.171486 0.673059
vt 0.171488 0.673060
vt 0.171535 0.673137
vt 0.171346 0.673160
vt 0.171473 0.673071
vt 0.171470 0.673070
vt 0.265304 0.671979
vt 0.265303 0.671978
vt 0.171516 0.673141
vt 0.171473 0.673073
vt 0.171471 0.673072
vt 0.171475 0.673073
vt 0.171474 0.673075
vt 0.171472 0.673074
vt 0.171469 0.673072
vt 0.171515 0.673139
vt 0.171349 0.673140
vt 0.171352 0.673139
vt 0.171348 0.673141
vt 0.171466 0.673071
vt 0.171470 0.673074
vt 0.171468 0.673073
vt 0.171464 0.673069
vt 0.171462 0.673067
vt 0.171463 0.673070
vt 0.171462 0.673069
vt 0.265187 0.671980
vt 0.265191 0.671983
vt 0.265192 0.671979
vt 0.265192 0.671982
vt 0.265192 0.671977
vt 0.171471 0.673079
vt 0.171469 0.673078
vt 0.171471 0.673077
vt 0.171472 0.673083
vt 0.171468 0.673080
vt 0.171474 0.673081
vt 0.171474 0.673085
vt 0.171472 0.673087
vt 0.171469 0.673086
vt 0.171466 0.673077
vt 0.171465 0.673080
vt 0.171349 0.673138
vt 0.171350 0.673135
vt 0.171462 0.673072
vt 0.171461 0.673071
vt 0.171466 0.673072
vt 0.171465 0.673074
vt 0.171467 0.673075
vt 0.171470 0.673075
vt 0.171472 0.673076
vt 0.171405 0.673149
vt 0.171404 0.673147
vt 0.171406 0.673148
vt 0.171403 0.673147
vt 0.171404 0.673146
vt 0.171406 0.673146
vt 0.171475 0.673074
vt 0.265302 0.671978
vt 0.265301 0.671977
vt 0.265301 0.671981
vt 0.171473 0.673078
vt 0.171473 0.673077
vt 0.171466 0.673087
vt 0.171470 0.673088
vt 0.171467 0.673090
vt 0.171463 0.673081
vt 0.171463 0.673077
vt 0.171464 0.673089
vt 0.171466 0.673092
vt 0.171568 0.673017
vt 0.171568 0.673015
vt 0.171569 0.673017
vt 0.171567 0.673016
vt 0.171568 0.673015
vt 0.171568 0.673019
vt 0.171567 0.673018
vt 0.171567 0.673017
vt 0.171566 0.673015
vt 0.171567 0.673013
vt 0.171566 0.673017
vt 0.171469 0.673091
vt 0.171471 0.673088
vt 0.171467 0.673094
vt 0.171466 0.673093
vt 0.171472 0.673090
vt 0.265192 0.671974
vt 0.265192 0.671973
vt 0.171438 0.673121
vt 0.171438 0.673108
vt 0.171441 0.673109
vt 0.171439 0.673118
vt 0.171438 0.673124
vt 0.171441 0.673124
vt 0.171436 0.673124
vt 0.171443 0.673110
vt 0.171442 0.673118
vt 0.171441 0.673121
vt 0.265190 0.671966
vt 0.265190 0.671968
vt 0.265189 0.671964
vt 0.265188 0.671962
vt 0.265191 0.671971
vt 0.265191 0.671970
vt 0.171484 0.673093
vt 0.171487 0.673093
vt 0.171485 0.673095
vt 0.171483 0.673092
vt 0.171486 0.673092
vt 0.171481 0.673094
vt 0.171488 0.673095
vt 0.171486 0.673096
vt 0.171483 0.673095
vt 0.171483 0.673098
vt 0.171481 0.673096
vt 0.171484 0.673096
vt 0.171485 0.673098
vt 0.171484 0.673099
vt 0.171487 0.673097
vt 0.171486 0.673098
vt 0.171437 0.673133
vt 0.171437 0.673131
vt 0.171436 0.673135
vt 0.171481 0.673091
vt 0.171484 0.673090
vt 0.171479 0.673092
vt 0.171480 0.673090
vt 0.171483 0.673089
vt 0.171480 0.673093
vt 0.171480 0.673095
vt 0.171479 0.673094
vt 0.171480 0.673097
vt 0.171479 0.673096
vt 0.171478 0.673095
vt 0.171478 0.673093
vt 0.171477 0.673093
vt 0.171478 0.673097
vt 0.171481 0.673098
vt 0.171442 0.673217
vt 0.171441 0.673219
vt 0.171440 0.673218
vt 0.171443 0.673219
vt 0.171442 0.673218
vt 0.171444 0.673218
vt 0.171439 0.673219
vt 0.171438 0.673218
vt 0.171440 0.673219
vt 0.171345 0.673057
vt 0.171345 0.673056
vt 0.171346 0.673057
vt 0.171344 0.673056
vt 0.171344 0.673056
vt 0.171345 0.673056
vt 0.171345 0.673055
vt 0.171345 0.673055
vt 0.171344 0.673055
vt 0.171480 0.673099
vt 0.171480 0.673099
vt 0.171482 0.673100
vt 0.171485 0.673099
vt 0.171484 0.673099
vt 0.171484 0.673099
vt 0.265187 0.671960
vt 0.265184 0.671959
vt 0.171436 0.673136
vt 0.171438 0.673135
vt 0.171437 0.673136
vt 0.171436 0.673137
vt 0.171436 0.673215
vt 0.171436 0.673218
vt 0.171438 0.673220
vt 0.171441 0.673219
vt 0.171486 0.673099
vt 0.171445 0.673135
vt 0.171446 0.673135
vt 0.171446 0.673136
vt 0.171446 0.673135
vt 0.171446 0.673135
vt 0.171446 0.673135
vt 0.171436 0.673139
vt 0.171437 0.673138
vt 0.171439 0.673138
vt 0.171439 0.673137
vt 0.171473 0.673089
vt 0.171474 0.673088
vt 0.171475 0.673090
vt 0.171474 0.673091
vt 0.171476 0.673089
vt 0.171485 0.672985
vt 0.171485 0.672983
vt 0.171486 0.672983
vt 0.171486 0.672985
vt 0.171485 0.672981
vt 0.171476 0.673091
vt 0.171477 0.673090
vt 0.171476 0.673086
vt 0.171478 0.673087
vt 0.171479 0.673088
vt 0.171568 0.673014
vt 0.171470 0.673096
vt 0.171469 0.673095
vt 0.171471 0.673095
vt 0.171469 0.673094
vt 0.171471 0.673092
vt 0.171535 0.673192
vt 0.171536 0.673191
vt 0.171535 0.673192
vt 0.171537 0.673193
vt 0.171536 0.673194
vt 0.171535 0.673190
vt 0.171535 0.673194
vt 0.171487 0.672983
vt 0.171487 0.672985
vt 0.171487 0.672986
vt 0.171486 0.672987
vt 0.171486 0.672981
vt 0.171487 0.672981
vt 0.171488 0.672983
vt 0.171488 0.672985
vt 0.171536 0.673196
vt 0.171536 0.673198
vt 0.171535 0.673196
vt 0.171535 0.673197
vt 0.171443 0.673126
vt 0.171441 0.673126
vt 0.171443 0.673122
vt 0.171444 0.673125
vt 0.171438 0.673126
vt 0.171438 0.673128
vt 0.171440 0.673128
vt 0.171443 0.673128
vt 0.171440 0.673130
vt 0.171438 0.673129
vt 0.171442 0.673130
vt 0.171444 0.673128
vt 0.171444 0.673129
vt 0.171444 0.673122
vt 0.171442 0.673131
vt 0.171439 0.673131
vt 0.171482 0.673087
vt 0.171481 0.673086
vt 0.171478 0.673084
vt 0.171476 0.673082
vt 0.171480 0.673085
vt 0.171445 0.673125
vt 0.171445 0.673127
vt 0.171445 0.673127
vt 0.171445 0.673128
vt 0.171444 0.673127
vt 0.171467 0.673097
vt 0.171468 0.673098
vt 0.171468 0.673099
vt 0.171467 0.673097
vt 0.171468 0.673097
vt 0.171467 0.673095
vt 0.171469 0.673098
vt 0.171485 0.673218
vt 0.171487 0.673217
vt 0.171486 0.673219
vt 0.171486 0.673216
vt 0.171487 0.673218
vt 0.171487 0.673220
vt 0.171444 0.673130
vt 0.171540 0.672987
vt 0.171541 0.672988
vt 0.171541 0.672988
vt 0.171541 0.672985
vt 0.171541 0.672985
vt 0.171569 0.673019
vt 0.171566 0.673019
vt 0.171485 0.673223
vt 0.171488 0.673216
vt 0.171471 0.673098
vt 0.171474 0.673099
vt 0.171471 0.673099
vt 0.171475 0.673098
vt 0.171477 0.673097
vt 0.171476 0.673098
vt 0.171487 0.673215
vt 0.171473 0.673093
vt 0.171472 0.673096
vt 0.171475 0.673092
vt 0.171474 0.673094
vt 0.171473 0.673091
vt 0.171474 0.673096
vt 0.171474 0.673097
vt 0.171472 0.673097
vt 0.171476 0.673093
vt 0.171476 0.673094
vt 0.171475 0.673095
vt 0.171469 0.673093
vt 0.171470 0.673091
vt 0.171472 0.673091
vt 0.171486 0.672979
vt 0.171488 0.672980
vt 0.171488 0.672981
vt 0.171487 0.672980
vt 0.171537 0.673196
vt 0.171537 0.673190
vt 0.171476 0.673096
vt 0.171476 0.673096
vt 0.171477 0.673094
vt 0.171540 0.672986
vt 0.171487 0.673224
vt 0.171486 0.673225
vt 0.171487 0.673223
vt 0.171488 0.673226
vt 0.171485 0.673225
vt 0.171484 0.673221
vt 0.171484 0.673223
vt 0.171478 0.673099
vt 0.171479 0.673098
vt 0.171445 0.673122
vt 0.171444 0.673119
vt 0.171542 0.672987
vt 0.171542 0.672987
vt 0.171542 0.672987
vt 0.171543 0.672987
vt 0.171543 0.672986
vt 0.171541 0.672986
vt 0.171541 0.672986
vt 0.171542 0.672986
vt 0.171542 0.672986
vt 0.171543 0.672985
vt 0.171542 0.672985
vt 0.171542 0.672985
vt 0.171542 0.672985
vt 0.171542 0.672985
vt 0.171345 0.673055
vt 0.171345 0.673054
vt 0.171345 0.673054
vt 0.171345 0.673055
vt 0.171346 0.673054
vt 0.171345 0.673055
vt 0.171446 0.673136
vt 0.171446 0.673136
vt 0.171446 0.673137
vt 0.171446 0.673137
vt 0.171446 0.673137
vt 0.171446 0.673136
vt 0.265225 0.671963
vt 0.265225 0.671965
vt 0.265225 0.671967
vt 0.265224 0.671969
vt 0.265225 0.671961
vt 0.171439 0.673135
vt 0.171484 0.673225
vt 0.171482 0.673224
vt 0.171482 0.673222
vt 0.171483 0.673226
vt 0.171445 0.673112
vt 0.171442 0.673104
vt 0.171459 0.673074
vt 0.171461 0.673075
vt 0.171444 0.673106
vt 0.171461 0.673081
vt 0.265191 0.671984
vt 0.265187 0.671983
vt 0.327789 0.671798
vt 0.327791 0.671798
vt 0.327790 0.671799
vt 0.327791 0.671797
vt 0.327792 0.671799
vt 0.327791 0.671800
vt 0.327793 0.671797
vt 0.327790 0.671801
vt 0.327788 0.671799
vt 0.327792 0.671796
vt 0.327789 0.671797
vt 0.327790 0.671796
vt 0.327721 0.671787
vt 0.327720 0.671787
vt 0.327720 0.671787
vt 0.327720 0.671788
vt 0.327720 0.671788
vt 0.327722 0.671786
vt 0.327722 0.671786
vt 0.327722 0.671787
vt 0.327722 0.671787
vt 0.327722 0.671788
vt 0.327722 0.671788
vt 0.327721 0.671788
vt 0.327720 0.671786
vt 0.327721 0.671786
vt 0.327721 0.671786
vt 0.327721 0.671788
vt 0.327720 0.671786
vt 0.327722 0.671785
vt 0.327723 0.671786
vt 0.327808 0.671758
vt 0.327808 0.671758
vt 0.327809 0.671758
vt 0.327722 0.671782
vt 0.327723 0.671783
vt 0.327722 0.671783
vt 0.327722 0.671782
vt 0.327723 0.671782
vt 0.327724 0.671784
vt 0.327723 0.671784
vt 0.327724 0.671785
vt 0.327722 0.671785
vt 0.327788 0.671796
vt 0.327789 0.671795
vt 0.327792 0.671800
vt 0.327792 0.671801
vt 0.327793 0.671798
vt 0.327793 0.671800
vt 0.327792 0.671795
vt 0.358037 0.673308
vt 0.358037 0.673307
vt 0.358037 0.673308
vt 0.358037 0.673309
vt 0.358038 0.673307
vt 0.327724 0.671786
vt 0.327723 0.671786
vt 0.327644 0.672056
vt 0.327643 0.672058
vt 0.327643 0.672057
vt 0.327644 0.672058
vt 0.327643 0.672060
vt 0.327642 0.672058
vt 0.327642 0.672057
vt 0.327646 0.672057
vt 0.327646 0.672058
vt 0.327789 0.671800
vt 0.327642 0.672060
vt 0.327641 0.672059
vt 0.327809 0.671757
vt 0.327810 0.671758
vt 0.327809 0.671757
vt 0.327810 0.671758
vt 0.327644 0.672060
vt 0.327809 0.671757
vt 0.327809 0.671757
vt 0.327810 0.671759
vt 0.327809 0.671757
vt 0.327811 0.671757
vt 0.327641 0.672061
vt 0.327641 0.672060
vt 0.327646 0.672060
vt 0.327646 0.672061
vt 0.327644 0.672061
vt 0.327647 0.672061
vt 0.327647 0.672058
vt 0.327647 0.672060
vt 0.327811 0.671758
vt 0.327812 0.671757
vt 0.327723 0.671787
vt 0.327643 0.672061
vt 0.327642 0.672061
vt 0.327648 0.672060
vt 0.327648 0.672059
vt 0.327648 0.672061
vt 0.327723 0.671788
vt 0.327724 0.671787
vt 0.327809 0.671756
vt 0.327809 0.671756
vt 0.327809 0.671757
vt 0.327811 0.671756
vt 0.327641 0.672062
vt 0.327642 0.672063
vt 0.327644 0.672063
vt 0.327643 0.672063
vt 0.327647 0.672063
vt 0.327646 0.672063
vt 0.327812 0.671756
vt 0.327810 0.671755
vt 0.327811 0.671754
vt 0.327813 0.671755
vt 0.327813 0.671757
vt 0.327724 0.671788
vt 0.327643 0.672064
vt 0.327722 0.671789
vt 0.327809 0.671756
vt 0.327647 0.672064
vt 0.327645 0.672064
vt 0.327722 0.671789
vt 0.327810 0.671753
vt 0.327810 0.671754
vt 0.327786 0.671930
vt 0.327785 0.671930
vt 0.327785 0.671930
vt 0.327787 0.671929
vt 0.327787 0.671930
vt 0.327786 0.671929
vt 0.327786 0.671932
vt 0.327784 0.671931
vt 0.327784 0.671930
vt 0.327646 0.672064
vt 0.327811 0.671753
vt 0.327812 0.671754
vt 0.327785 0.671932
vt 0.327811 0.671752
vt 0.327813 0.671753
vt 0.327809 0.671752
vt 0.358038 0.673306
vt 0.358038 0.673306
vt 0.358038 0.673306
vt 0.358037 0.673305
vt 0.358038 0.673304
vt 0.358038 0.673305
vt 0.327788 0.671931
vt 0.327785 0.671933
vt 0.327786 0.671933
vt 0.327789 0.671930
vt 0.327789 0.671931
vt 0.327789 0.671933
vt 0.327809 0.671753
vt 0.327784 0.671933
vt 0.327784 0.671932
vt 0.327790 0.671930
vt 0.327790 0.671931
vt 0.327790 0.671933
vt 0.327791 0.671932
vt 0.327791 0.671933
vt 0.327809 0.671754
vt 0.327808 0.671752
vt 0.327808 0.671755
vt 0.327808 0.671754
vt 0.327808 0.671753
vt 0.327784 0.671934
vt 0.327788 0.671933
vt 0.327789 0.671935
vt 0.327790 0.671935
vt 0.327721 0.671789
vt 0.358037 0.673305
vt 0.327787 0.671935
vt 0.327785 0.671934
vt 0.327791 0.671935
vt 0.327720 0.671789
vt 0.327807 0.671754
vt 0.327807 0.671753
vt 0.327786 0.671935
vt 0.327784 0.671934
vt 0.327787 0.671936
vt 0.327786 0.671936
vt 0.327785 0.671935
vt 0.327806 0.671752
vt 0.358037 0.673306
vt 0.327719 0.671788
vt 0.327806 0.671877
vt 0.327804 0.671877
vt 0.327805 0.671876
vt 0.327806 0.671875
vt 0.327807 0.671876
vt 0.327805 0.671874
vt 0.327804 0.671875
vt 0.327807 0.671755
vt 0.327806 0.671754
vt 0.327806 0.671755
vt 0.327804 0.671873
vt 0.327803 0.671876
vt 0.327803 0.671874
vt 0.327802 0.671876
vt 0.327802 0.671874
vt 0.327805 0.671878
vt 0.327804 0.671879
vt 0.327803 0.671879
vt 0.327802 0.671878
vt 0.327801 0.671877
vt 0.327807 0.671756
vt 0.327718 0.671788
vt 0.327719 0.671787
vt 0.327718 0.671787
vt 0.327719 0.671786
vt 0.327800 0.671877
vt 0.327801 0.671875
vt 0.327807 0.671878
vt 0.327806 0.671879
vt 0.327805 0.671880
vt 0.327808 0.671756
vt 0.327808 0.671756
vt 0.327806 0.671756
vt 0.327807 0.671756
vt 0.327801 0.671875
vt 0.327801 0.671874
vt 0.327800 0.671876
vt 0.327805 0.671881
vt 0.327804 0.671880
vt 0.327801 0.671880
vt 0.327807 0.671756
vt 0.327806 0.671757
vt 0.327807 0.671757
vt 0.327801 0.671879
vt 0.327807 0.671879
vt 0.327806 0.671880
vt 0.327806 0.671881
vt 0.327718 0.671786
vt 0.327719 0.671786
vt 0.327800 0.671878
vt 0.327803 0.671880
vt 0.327801 0.671881
vt 0.327718 0.671785
vt 0.327720 0.671785
vt 0.327807 0.671757
vt 0.327807 0.671757
vt 0.327806 0.671757
vt 0.327717 0.671786
vt 0.327718 0.671784
vt 0.327719 0.671784
vt 0.327795 0.671795
vt 0.327794 0.671797
vt 0.327794 0.671796
vt 0.327795 0.671794
vt 0.327793 0.671795
vt 0.327793 0.671794
vt 0.327795 0.671799
vt 0.327794 0.671798
vt 0.327795 0.671798
vt 0.327794 0.671799
vt 0.327795 0.671797
vt 0.327720 0.671784
vt 0.327721 0.671785
vt 0.327720 0.671782
vt 0.327719 0.671783
vt 0.327800 0.671880
vt 0.327717 0.671784
vt 0.327718 0.671782
vt 0.327720 0.671782
vt 0.327807 0.671758
vt 0.327791 0.671794
vt 0.327794 0.671799
vt 0.327789 0.671794
vt 0.327790 0.671794
vt 0.358036 0.673307
vt 0.358022 0.673350
vt 0.358022 0.673350
vt 0.358022 0.673351
vt 0.358023 0.673351
vt 0.358036 0.673306
vt 0.358036 0.673306
vt 0.358036 0.673307
vt 0.358036 0.673307
vt 0.358036 0.673308
vt 0.358038 0.673307
vt 0.358038 0.673307
vt 0.327785 0.671767
vt 0.327787 0.671767
vt 0.327786 0.671768
vt 0.327786 0.671766
vt 0.327787 0.671765
vt 0.327788 0.671766
vt 0.327789 0.671768
vt 0.327785 0.671768
vt 0.327784 0.671766
vt 0.327785 0.671765
vt 0.327786 0.671764
vt 0.327729 0.671784
vt 0.327728 0.671785
vt 0.327728 0.671784
vt 0.327729 0.671785
vt 0.327728 0.671783
vt 0.327728 0.671782
vt 0.327727 0.671784
vt 0.327729 0.671782
vt 0.327729 0.671783
vt 0.327727 0.671784
vt 0.327727 0.671783
vt 0.327730 0.671783
vt 0.327730 0.671783
vt 0.327730 0.671784
vt 0.327730 0.671784
vt 0.327729 0.671785
vt 0.327728 0.671783
vt 0.327808 0.671952
vt 0.327809 0.671952
vt 0.327808 0.671953
vt 0.327809 0.671953
vt 0.327731 0.671788
vt 0.327729 0.671789
vt 0.327729 0.671788
vt 0.327730 0.671787
vt 0.327732 0.671787
vt 0.327729 0.671787
vt 0.327729 0.671786
vt 0.327730 0.671786
vt 0.327731 0.671786
vt 0.327786 0.671769
vt 0.327784 0.671769
vt 0.327788 0.671769
vt 0.327787 0.671770
vt 0.327788 0.671764
vt 0.327788 0.671765
vt 0.327789 0.671765
vt 0.327789 0.671767
vt 0.327785 0.671770
vt 0.327787 0.671771
vt 0.358037 0.673503
vt 0.358037 0.673503
vt 0.358037 0.673504
vt 0.358037 0.673502
vt 0.358037 0.673503
vt 0.327731 0.671788
vt 0.327730 0.671785
vt 0.327731 0.671784
vt 0.327732 0.671785
vt 0.327732 0.672064
vt 0.327731 0.672063
vt 0.327732 0.672063
vt 0.327731 0.672064
vt 0.327729 0.672063
vt 0.327731 0.672061
vt 0.327732 0.672061
vt 0.327733 0.672064
vt 0.327729 0.672061
vt 0.327729 0.672064
vt 0.327728 0.672062
vt 0.327809 0.671952
vt 0.327809 0.671953
vt 0.327733 0.672063
vt 0.327733 0.672061
vt 0.327810 0.671953
vt 0.327809 0.671954
vt 0.327808 0.671953
vt 0.327810 0.671951
vt 0.327811 0.671952
vt 0.327810 0.671953
vt 0.327728 0.672061
vt 0.327728 0.672060
vt 0.327729 0.672060
vt 0.327732 0.672059
vt 0.327733 0.672059
vt 0.327734 0.672060
vt 0.327734 0.672063
vt 0.327812 0.671953
vt 0.327731 0.671783
vt 0.327732 0.671784
vt 0.327731 0.672059
vt 0.327735 0.672061
vt 0.327735 0.672062
vt 0.327734 0.672061
vt 0.327735 0.672060
vt 0.327809 0.671953
vt 0.327809 0.671954
vt 0.327731 0.671783
vt 0.327810 0.671954
vt 0.327809 0.671954
vt 0.327809 0.671954
vt 0.327728 0.672058
vt 0.327729 0.672058
vt 0.327731 0.672058
vt 0.327732 0.672058
vt 0.327734 0.672058
vt 0.327733 0.672058
vt 0.327812 0.671953
vt 0.327812 0.671955
vt 0.327731 0.671782
vt 0.327810 0.671955
vt 0.327731 0.672056
vt 0.327732 0.672056
vt 0.327812 0.671955
vt 0.327812 0.671956
vt 0.327811 0.671956
vt 0.327809 0.671954
vt 0.327733 0.672056
vt 0.327734 0.672057
vt 0.327729 0.671782
vt 0.327730 0.671782
vt 0.327810 0.671957
vt 0.327809 0.671956
vt 0.327789 0.671895
vt 0.327790 0.671895
vt 0.327790 0.671896
vt 0.327788 0.671894
vt 0.327789 0.671894
vt 0.327788 0.671897
vt 0.327791 0.671896
vt 0.327791 0.671896
vt 0.327811 0.671958
vt 0.327790 0.671897
vt 0.327811 0.671958
vt 0.327787 0.671895
vt 0.327787 0.671897
vt 0.327809 0.671958
vt 0.327809 0.671957
vt 0.327728 0.671782
vt 0.358038 0.673505
vt 0.358038 0.673505
vt 0.358038 0.673504
vt 0.358037 0.673505
vt 0.358037 0.673506
vt 0.327790 0.671898
vt 0.327788 0.671898
vt 0.327786 0.671895
vt 0.327787 0.671898
vt 0.327786 0.671898
vt 0.327786 0.671897
vt 0.327812 0.671957
vt 0.327809 0.671956
vt 0.327791 0.671897
vt 0.327791 0.671898
vt 0.327785 0.671898
vt 0.327785 0.671897
vt 0.327785 0.671895
vt 0.327784 0.671898
vt 0.327784 0.671897
vt 0.327808 0.671958
vt 0.327808 0.671957
vt 0.327808 0.671956
vt 0.327808 0.671955
vt 0.327791 0.671899
vt 0.327790 0.671899
vt 0.327785 0.671900
vt 0.327786 0.671900
vt 0.327727 0.671782
vt 0.358037 0.673505
vt 0.327787 0.671900
vt 0.327789 0.671900
vt 0.327784 0.671900
vt 0.358038 0.673506
vt 0.327806 0.671957
vt 0.327807 0.671956
vt 0.327807 0.671955
vt 0.327791 0.671900
vt 0.327790 0.671900
vt 0.327788 0.671901
vt 0.327789 0.671901
vt 0.327806 0.671958
vt 0.327727 0.671782
vt 0.358036 0.673505
vt 0.327726 0.671783
vt 0.327774 0.672060
vt 0.327775 0.672059
vt 0.327775 0.672061
vt 0.327775 0.672060
vt 0.327776 0.672058
vt 0.327776 0.672061
vt 0.327775 0.672062
vt 0.327776 0.672059
vt 0.327806 0.671956
vt 0.327806 0.671955
vt 0.327807 0.671955
vt 0.327777 0.672058
vt 0.327778 0.672061
vt 0.327778 0.672059
vt 0.327779 0.672058
vt 0.327779 0.672060
vt 0.327778 0.672062
vt 0.327777 0.672063
vt 0.327776 0.672063
vt 0.327779 0.672061
vt 0.327726 0.671782
vt 0.327725 0.671783
vt 0.327726 0.671784
vt 0.327725 0.671784
vt 0.327780 0.672061
vt 0.327774 0.672062
vt 0.327775 0.672063
vt 0.327775 0.672064
vt 0.327774 0.672064
vt 0.327774 0.672063
vt 0.327806 0.671955
vt 0.327807 0.671954
vt 0.327808 0.671955
vt 0.327807 0.671954
vt 0.327807 0.671954
vt 0.327779 0.672059
vt 0.327780 0.672059
vt 0.327781 0.672060
vt 0.327780 0.672058
vt 0.327779 0.672064
vt 0.327778 0.672064
vt 0.327777 0.672065
vt 0.327776 0.672065
vt 0.327726 0.671785
vt 0.327806 0.671954
vt 0.327807 0.671954
vt 0.327807 0.671954
vt 0.327780 0.672063
vt 0.327775 0.672065
vt 0.327726 0.671786
vt 0.327781 0.672062
vt 0.327781 0.672064
vt 0.327780 0.672065
vt 0.327727 0.671786
vt 0.327806 0.671953
vt 0.327807 0.671953
vt 0.327724 0.671785
vt 0.327727 0.671787
vt 0.327725 0.671786
vt 0.327726 0.671788
vt 0.327791 0.671770
vt 0.327790 0.671769
vt 0.327790 0.671768
vt 0.327790 0.671771
vt 0.327789 0.671771
vt 0.327791 0.671766
vt 0.327790 0.671767
vt 0.327790 0.671766
vt 0.327791 0.671767
vt 0.327789 0.671766
vt 0.327728 0.671786
vt 0.327728 0.671787
vt 0.327728 0.671788
vt 0.327791 0.671769
vt 0.327727 0.671789
vt 0.327726 0.671788
vt 0.327725 0.671787
vt 0.327807 0.671952
vt 0.327788 0.671771
vt 0.327785 0.671771
vt 0.358036 0.673503
vt 0.327786 0.671772
vt 0.358017 0.673315
vt 0.358018 0.673315
vt 0.358018 0.673316
vt 0.358019 0.673315
vt 0.358036 0.673504
vt 0.358036 0.673504
vt 0.358036 0.673503
vt 0.358036 0.673504
vt 0.358036 0.673502
vt 0.358038 0.673504
vt 0.358037 0.673504
s 0
f 1/1/1 2/2/1 3/3/1
f 2/2/1 4/4/1 3/3/1
f 5/5/2 6/6/2 7/7/2
f 5/5/2 8/8/2 6/6/2
f 9/9/3 10/10/3 11/11/3
f 10/10/3 9/9/3 12/12/3
f 13/13/4 14/14/4 15/15/4
f 14/14/4 13/13/4 16/16/4
f 17/17/5 18/18/5 19/19/5
f 17/17/5 19/19/5 20/20/5
f 21/21/6 22/22/6 23/23/6
f 21/21/6 23/23/6 24/24/6
f 25/25/1 26/1/1 27/26/1
f 26/1/1 28/3/1 27/26/1
f 29/27/2 30/28/2 31/29/2
f 29/27/2 31/29/2 32/30/2
f 33/31/3 34/32/3 35/33/3
f 34/32/3 33/31/3 36/34/3
f 37/35/4 38/36/4 39/37/4
f 38/36/4 37/35/4 40/38/4
f 41/39/5 42/40/5 43/41/5
f 41/39/5 43/41/5 44/42/5
f 45/43/6 46/44/6 47/18/6
f 45/43/6 47/18/6 48/45/6
f 49/46/1 50/47/1 51/48/1
f 50/47/1 52/49/1 51/48/1
f 53/50/2 54/51/2 55/52/2
f 53/50/2 55/52/2 56/53/2
f 57/54/3 58/55/3 59/56/3
f 58/55/3 57/54/3 60/57/3
f 61/58/4 62/59/4 63/60/4
f 62/59/4 61/58/4 64/61/4
f 65/62/5 66/63/5 67/64/5
f 65/62/5 68/65/5 66/63/5
f 69/66/6 70/67/6 71/68/6
f 69/66/6 71/68/6 72/69/6
f 73/70/1 74/71/1 75/72/1
f 74/71/1 76/73/1 75/72/1
f 77/74/2 78/75/2 79/76/2
f 77/74/2 79/76/2 80/77/2
f 81/78/3 82/79/3 83/80/3
f 82/79/3 81/78/3 84/81/3
f 85/37/4 86/82/4 87/83/4
f 86/82/4 85/37/4 88/36/4
f 89/84/5 90/85/5 91/86/5
f 89/84/5 91/86/5 92/87/5
f 93/88/6 94/89/6 95/90/6
f 93/88/6 95/90/6 96/83/6
f 97/91/1 98/92/1 99/93/1
f 98/92/1 100/94/1 99/93/1
f 101/95/2 102/96/2 103/97/2
f 101/95/2 103/97/2 104/98/2
f 105/99/7 106/100/7 107/101/7
f 106/100/3 105/99/3 108/102/3
f 109/103/4 110/16/4 111/13/4
f 110/16/4 109/103/4 112/104/4
f 113/105/5 114/102/5 115/99/5
f 113/105/5 115/99/5 116/106/5
f 117/107/6 118/63/6 119/65/6
f 117/107/6 119/65/6 120/108/6
f 121/109/1 122/110/1 123/111/1
f 122/110/1 124/112/1 123/111/1
f 125/113/2 126/114/2 127/115/2
f 125/113/2 127/115/2 128/116/2
f 129/117/3 130/118/3 131/57/3
f 130/118/7 129/117/7 132/119/7
f 133/120/4 134/21/4 135/24/4
f 134/21/4 133/120/4 136/121/4
f 137/122/5 138/123/5 139/124/5
f 137/122/5 139/124/5 140/125/5
f 141/126/6 142/66/6 143/69/6
f 141/126/6 143/69/6 144/127/6
f 145/128/1 146/129/1 147/130/1
f 147/130/1 146/129/1 148/131/1
f 149/132/2 150/133/2 151/134/2
f 150/133/2 149/132/2 152/135/2
f 153/136/5 154/137/5 155/138/5
f 154/137/5 153/136/5 156/139/5
f 157/140/4 158/14/4 159/141/4
f 158/14/4 157/140/4 160/15/4
f 161/142/3 162/101/3 163/100/3
f 162/101/3 161/142/3 164/143/3
f 165/144/6 166/145/6 167/45/6
f 166/145/6 165/144/6 168/146/6
f 169/147/1 170/148/1 171/149/1
f 171/149/1 170/148/1 172/150/1
f 173/151/2 174/152/2 175/153/2
f 174/152/2 173/151/2 176/154/2
f 177/155/5 178/42/5 179/41/5
f 178/42/5 177/155/5 180/156/5
f 181/157/4 182/158/4 183/159/4
f 182/158/4 181/157/4 184/160/4
f 185/161/3 186/34/3 187/162/3
f 186/34/3 185/161/3 188/32/3
f 189/163/6 190/164/6 191/165/6
f 190/164/6 189/163/6 192/166/6
f 193/167/1 194/168/1 195/169/1
f 195/169/1 194/168/1 196/170/1
f 197/171/2 198/172/2 199/173/2
f 198/172/2 197/171/2 200/174/2
f 201/175/5 202/67/5 203/176/5
f 202/67/5 201/175/5 204/68/5
f 205/103/4 206/59/4 207/104/4
f 206/59/4 205/103/4 208/60/4
f 209/177/3 210/137/3 211/139/3
f 210/137/3 209/177/3 212/178/3
f 213/90/6 214/179/6 215/180/6
f 214/179/6 213/90/6 216/89/6
f 217/181/1 218/182/1 219/183/1
f 219/183/1 218/182/1 220/184/1
f 221/185/2 222/186/2 223/187/2
f 222/186/2 221/185/2 224/188/2
f 225/123/5 226/10/5 227/124/5
f 226/10/5 225/123/5 228/11/5
f 229/127/4 230/189/4 231/190/4
f 230/189/4 229/127/4 232/191/4
f 233/192/7 234/57/7 235/118/7
f 234/57/7 233/192/7 236/55/7
f 237/193/6 238/165/6 239/194/6
f 238/165/6 237/193/6 240/163/6
f 241/94/1 242/195/1 243/93/1
f 243/93/1 242/195/1 244/196/1
f 245/197/2 246/198/2 247/199/2
f 246/198/2 245/197/2 248/200/2
f 249/201/5 250/41/5 251/202/5
f 250/41/5 249/201/5 252/155/5
f 253/203/4 254/204/4 255/205/4
f 254/204/4 253/203/4 256/206/4
f 257/207/3 258/12/3 259/9/3
f 258/12/3 257/207/3 260/79/3
f 261/23/6 262/208/6 263/125/6
f 262/208/6 261/23/6 264/22/6
f 265/209/1 266/210/1 267/211/1
f 267/211/1 266/210/1 268/212/1
f 269/213/2 270/214/2 271/215/2
f 270/214/2 269/213/2 272/216/2
f 273/40/8 274/202/8 275/41/8
f 274/202/5 273/40/5 276/217/5
f 277/218/4 278/219/4 279/220/4
f 278/219/4 277/218/4 280/221/4
f 281/222/3 282/143/3 283/142/3
f 282/143/7 281/222/7 284/223/7
f 285/224/6 286/65/6 287/225/6
f 286/65/6 285/224/6 288/108/6
s 1
f 289/226/9 290/227/10 291/228/11
f 289/226/9 292/229/12 293/230/13
f 290/227/10 289/226/9 294/231/10
f 295/232/14 296/233/15 297/234/16
f 296/233/15 295/232/14 298/235/15
f 299/236/17 300/235/18 301/232/19
f 300/235/18 299/236/17 302/237/18
f 301/232/19 303/238/20 299/236/17
f 304/239/21 305/240/22 306/241/23
f 305/240/22 304/239/21 307/242/22
f 306/241/23 308/243/24 304/239/21
f 309/244/25 310/242/26 311/239/27
f 310/242/26 309/244/25 312/245/26
f 311/239/27 313/246/28 309/244/25
f 314/247/29 315/248/30 316/249/31
f 315/248/30 314/247/29 317/250/30
f 316/249/31 318/251/32 314/247/29
f 319/251/33 320/252/34 321/253/35
f 319/251/33 321/253/35 322/247/36
f 321/253/35 323/250/37 322/247/36
f 323/250/37 321/253/35 324/254/37
f 325/228/38 326/255/39 327/256/40
f 325/228/38 328/257/41 329/229/42
f 326/255/39 325/228/38 330/227/39
s 0
f 331/258/43 332/259/43 333/260/43
f 331/258/43 334/261/43 332/259/43
f 334/261/43 335/262/43 336/263/43
f 334/261/43 331/258/43 335/262/43
f 332/259/43 334/261/43 337/264/43
f 335/262/43 331/258/43 338/265/43
s 1
f 339/266/44 340/267/45 341/268/46
f 339/266/44 329/229/42 328/257/41
f 329/229/42 339/266/44 341/268/46
f 328/257/41 325/228/38 327/256/40
f 342/269/47 295/232/14 343/270/48
f 343/270/48 295/232/14 297/234/16
f 313/246/28 311/239/27 344/243/49
f 344/243/49 345/271/50 313/246/28
f 292/229/12 289/226/9 291/228/11
f 293/230/13 346/268/51 347/272/52
f 303/238/20 301/232/19 348/269/53
f 303/238/20 349/273/54 350/274/55
f 318/251/32 316/249/31 351/275/56
f 308/243/24 306/241/23 352/276/57
f 352/276/57 353/277/58 308/243/24
f 354/278/59 355/279/60 356/280/61
f 355/279/60 354/278/59 357/281/62
f 357/281/62 358/282/63 359/283/63
f 360/284/64 361/285/65 362/286/66
f 360/284/64 363/287/67 364/288/68
f 363/287/67 360/284/64 365/289/32
f 353/277/58 366/290/69 367/291/70
f 353/277/58 352/276/57 368/292/71
f 368/292/71 366/290/69 353/277/58
f 369/280/72 370/293/73 371/294/74
f 370/293/73 369/280/72 372/295/75
f 371/294/74 373/278/76 369/280/72
f 374/296/77 375/297/78 320/252/34
f 374/296/77 320/252/34 319/251/33
f 345/271/50 376/291/79 377/298/80
f 345/271/50 344/243/49 378/277/81
f 378/277/81 376/291/79 345/271/50
f 349/273/54 303/238/20 348/269/53
f 346/268/51 379/299/82 347/272/52
f 346/268/51 293/230/13 292/229/12
f 380/286/83 381/300/84 382/301/85
f 381/300/84 380/286/83 383/302/84
f 381/300/84 384/303/86 385/304/87
f 382/301/85 386/284/88 380/286/83
f 379/299/82 346/268/51 387/267/89
f 387/267/89 388/305/90 379/299/82
f 340/267/45 339/266/44 389/306/91
f 389/306/91 390/307/92 340/267/45
f 361/285/65 360/284/64 364/288/68
f 362/286/66 391/308/93 392/302/94
f 367/291/70 393/309/95 394/310/95
f 373/278/76 371/294/74 395/311/96
f 395/311/96 396/282/97 373/278/76
f 386/284/88 382/301/85 397/312/98
f 377/298/80 398/310/99 399/313/99
f 398/310/99 377/298/80 376/291/79
f 398/310/99 400/314/100 401/315/101
f 398/310/99 401/315/101 399/313/99
f 358/282/63 357/281/62 354/278/59
f 358/282/63 402/316/102 403/317/103
f 358/282/63 403/317/103 359/283/63
f 388/305/90 387/267/89 404/307/90
f 388/305/90 405/318/104 406/319/105
f 390/307/92 389/306/91 407/320/92
f 390/307/92 408/321/106 409/318/107
f 391/308/93 362/286/66 361/285/65
f 391/308/93 410/303/108 392/302/94
f 391/308/93 411/322/109 410/303/108
f 393/309/95 412/323/110 413/314/111
f 393/309/95 413/314/111 394/310/95
f 393/309/95 367/291/70 366/290/69
f 396/282/97 414/324/112 415/316/113
f 396/282/97 395/311/96 416/325/97
f 417/326/114 418/327/39 419/328/115
f 419/328/115 418/327/39 420/329/39
f 419/328/115 421/330/116 417/326/114
f 422/331/117 423/332/37 424/333/118
f 424/333/118 425/334/119 422/331/117
f 424/333/118 423/332/37 426/335/37
f 427/333/120 428/336/121 429/337/122
f 427/333/120 430/335/30 431/338/123
f 431/338/123 430/335/30 432/339/30
f 433/340/124 434/341/26 435/342/125
f 433/340/124 436/343/126 437/344/127
f 435/342/125 434/341/26 438/345/26
f 439/342/128 440/345/22 441/346/129
f 439/342/128 442/347/130 443/343/131
f 441/346/129 440/345/22 444/348/22
f 445/349/132 446/350/18 447/351/133
f 445/349/132 448/352/134 449/353/135
f 447/351/133 446/350/18 450/354/18
f 451/352/136 452/355/137 453/356/138
f 452/355/137 451/352/136 454/351/139
f 452/355/137 455/354/15 456/357/15
f 453/356/138 457/358/140 451/352/136
f 454/351/139 455/354/15 452/355/137
f 458/359/141 459/360/10 460/326/142
f 460/326/142 459/360/10 461/327/10
f 460/326/142 462/361/143 458/359/141
s 0
f 463/362/43 464/363/43 465/364/43
f 463/362/43 465/364/43 466/365/43
f 464/363/43 463/362/43 467/366/43
f 464/363/43 467/366/43 468/367/43
f 465/364/43 464/363/43 469/368/43
f 467/366/43 463/362/43 470/369/43
s 1
f 471/370/144 409/318/107 408/321/106
f 471/370/144 462/361/143 472/330/145
f 462/361/143 460/326/142 472/330/145
f 472/330/145 473/371/146 471/370/144
f 425/334/119 424/333/118 474/337/147
f 442/347/130 439/342/128 441/346/129
f 443/343/131 475/372/148 476/373/149
f 421/330/116 419/328/115 477/374/150
f 477/374/150 478/375/151 479/371/152
f 428/336/121 427/333/120 431/338/123
f 428/336/121 480/376/153 481/377/154
f 448/352/134 445/349/132 447/351/133
f 436/343/126 433/340/124 435/342/125
f 437/344/127 482/373/155 483/378/156
f 402/316/102 484/379/153 403/317/103
f 402/316/102 485/380/157 484/379/153
f 486/381/158 487/382/159 488/383/160
f 487/382/159 486/381/158 489/384/161
f 482/373/155 437/344/127 436/343/126
f 490/385/162 491/380/163 492/386/164
f 491/380/163 490/385/162 493/387/165
f 492/386/164 415/316/113 414/324/112
f 457/358/140 453/356/138 494/388/166
f 475/372/148 443/343/131 442/347/130
f 481/377/154 429/337/122 428/336/121
f 479/371/152 406/319/105 405/318/104
f 479/371/152 421/330/116 477/374/150
f 384/303/86 381/300/84 383/302/84
f 385/304/87 495/381/167 496/389/168
f 406/319/105 479/371/152 478/375/151
f 405/318/104 388/305/90 404/307/90
f 409/318/107 471/370/144 473/371/146
f 408/321/106 390/307/92 407/320/92
f 411/322/109 486/381/158 410/303/108
f 411/322/109 489/384/161 486/381/158
f 412/323/110 482/373/155 413/314/111
f 412/323/110 483/378/156 482/373/155
f 415/316/113 492/386/164 491/380/163
f 414/324/112 396/282/97 416/325/97
f 495/381/167 385/304/87 384/303/86
f 400/314/100 475/372/148 401/315/101
f 400/314/100 476/373/149 475/372/148
f 497/390/169 498/391/170 499/392/170
f 498/391/170 497/390/169 500/393/169
f 498/391/170 501/394/171 499/392/170
f 500/393/169 502/395/170 498/391/170
f 500/393/169 503/396/172 504/397/172
s 0
f 505/398/173 506/399/173 507/400/173
f 505/398/173 508/401/173 509/402/173
f 510/403/173 507/400/173 506/399/173
s 1
f 511/404/174 512/405/175 513/406/176
f 512/405/175 511/404/174 514/407/175
f 513/406/176 515/408/175 516/409/176
f 517/410/177 511/404/174 518/411/177
f 517/410/177 519/412/177 511/404/174
f 518/411/177 511/404/174 513/406/176
f 518/411/177 513/406/176 520/413/177
f 521/414/178 522/415/178 523/416/179
f 521/414/178 523/416/179 524/417/178
f 523/416/179 525/418/180 526/419/179
f 524/417/178 526/419/179 527/420/179
f 524/417/178 523/416/179 526/419/179
f 526/419/179 528/421/180 527/420/179
f 526/419/179 525/418/180 529/422/180
f 530/423/178 527/420/179 531/424/179
f 530/423/178 532/425/178 527/420/179
f 527/420/179 532/425/178 524/417/178
f 531/424/179 533/426/180 534/427/179
f 531/424/179 535/428/178 530/423/178
f 531/424/179 527/420/179 528/421/180
f 531/424/179 528/421/180 533/426/180
f 536/429/181 537/430/182 538/431/181
f 537/430/182 539/432/182 540/433/183
f 537/430/182 536/429/181 541/434/181
f 538/431/181 542/435/182 543/436/182
f 538/431/181 537/430/182 542/435/182
f 542/435/182 540/433/183 544/437/183
s 0
f 545/438/5 546/439/5 547/440/5
f 546/439/5 548/441/5 549/442/5
f 546/439/5 550/443/5 551/444/5
f 547/440/5 546/439/5 549/442/5
s 1
f 552/445/184 553/446/184 554/447/185
f 552/445/184 555/448/185 556/449/184
f 557/450/186 554/447/185 553/446/184
f 557/450/186 558/451/184 559/452/186
s 0
f 508/401/173 505/398/173 507/400/173
f 508/401/173 560/453/173 509/402/173
f 560/453/173 561/454/173 562/455/173
f 560/453/173 562/455/173 509/402/173
s 1
f 563/456/187 564/457/188 565/458/188
f 563/456/187 554/447/185 557/450/186
f 563/456/187 566/459/189 554/447/185
f 563/456/187 557/450/186 567/460/187
f 564/457/188 563/456/187 567/460/187
f 565/458/188 568/461/190 563/456/187
f 567/460/187 557/450/186 559/452/186
f 569/462/188 567/460/187 570/463/187
f 569/462/188 564/457/188 567/460/187
f 569/462/188 570/463/187 571/464/191
f 570/463/187 567/460/187 559/452/186
f 570/463/187 559/452/186 572/465/186
f 570/463/187 572/465/186 573/466/187
f 571/464/191 570/463/187 573/466/187
f 573/466/187 572/465/186 574/467/186
f 501/394/171 498/391/170 575/468/171
f 575/468/171 502/395/170 576/469/171
s 0
f 550/443/5 546/439/5 545/438/5
f 551/444/5 577/470/5 546/439/5
f 578/471/192 579/472/192 580/473/192
f 579/472/192 581/474/192 582/475/192
f 579/472/192 578/471/192 581/474/192
s 1
f 583/476/170 584/477/170 585/478/169
f 583/476/170 585/478/169 586/479/169
f 583/476/170 587/480/171 588/481/171
f 584/477/170 589/482/171 590/483/170
f 584/477/170 590/483/170 585/478/169
f 585/478/169 591/484/172 586/479/169
f 586/479/169 592/485/169 583/476/170
f 586/479/169 593/486/172 594/487/172
f 586/479/169 591/484/172 593/486/172
f 595/488/4 565/458/188 596/489/4
f 596/489/4 565/458/188 564/457/188
f 535/428/178 531/424/179 534/427/179
f 534/427/179 533/426/180 597/490/180
f 534/427/179 598/491/178 535/428/178
s 0
f 599/492/193 600/493/193 601/494/193
f 601/494/193 602/495/193 599/492/193
f 602/495/193 601/494/193 603/490/193
s 1
f 587/480/171 583/476/170 604/496/171
f 588/481/171 584/477/170 583/476/170
s 0
f 605/418/193 606/497/193 607/498/193
f 605/418/193 608/499/193 609/422/193
f 608/499/193 605/418/193 607/498/193
f 609/422/193 608/499/193 610/500/193
s 1
f 611/501/179 534/427/179 597/490/180
f 611/501/179 597/490/180 612/494/180
f 611/501/179 612/494/180 613/502/179
f 613/502/179 612/494/180 614/493/180
f 589/482/171 615/503/171 590/483/170
f 589/482/171 584/477/170 588/481/171
f 615/503/171 616/504/170 590/483/170
f 590/483/170 617/505/169 618/506/169
f 590/483/170 616/504/170 617/505/169
f 590/483/170 618/506/169 585/478/169
f 616/504/170 576/469/171 502/395/170
f 616/504/170 619/507/169 617/505/169
f 591/484/172 585/478/169 618/506/169
f 503/396/172 500/393/169 497/390/169
f 504/397/172 619/507/169 500/393/169
f 620/508/172 618/506/169 617/505/169
f 618/506/169 620/508/172 621/509/172
f 618/506/169 621/509/172 591/484/172
f 617/505/169 622/510/172 620/508/172
f 572/465/186 623/511/184 574/467/186
f 623/511/184 572/465/186 624/512/184
f 624/512/184 559/452/186 558/451/184
s 0
f 625/513/3 626/514/3 627/515/3
f 625/513/3 628/516/3 626/514/3
f 626/514/3 629/517/3 627/515/3
f 629/517/3 630/518/3 627/515/3
f 629/517/3 626/514/3 631/519/3
s 1
f 632/520/173 633/521/194 634/522/173
f 632/520/173 635/523/173 633/521/194
f 634/522/173 633/521/194 636/524/194
f 636/524/194 637/525/195 638/526/195
f 636/524/194 633/521/194 637/525/195
f 639/527/196 640/528/196 641/529/197
f 640/528/196 639/527/196 642/530/198
f 643/531/197 641/529/197 640/528/196
s 0
f 644/532/3 645/533/3 646/534/3
f 645/533/3 644/532/3 647/535/3
f 648/536/3 646/534/3 645/533/3
f 648/536/3 649/537/3 646/534/3
s 1
f 650/538/199 651/539/193 652/540/193
f 651/539/193 650/538/199 653/541/199
f 651/539/193 654/542/199 655/543/193
f 653/541/199 656/544/200 654/542/199
f 657/545/201 658/546/179 659/547/179
f 657/545/201 660/548/201 658/546/179
f 660/548/201 661/549/201 658/546/179
f 659/547/179 658/546/179 662/550/202
f 659/547/179 662/550/202 663/551/202
f 664/552/203 665/553/204 666/554/204
f 665/553/204 664/552/203 667/555/203
f 666/554/204 668/556/204 664/552/203
s 0
f 669/557/205 670/558/205 671/559/205
f 669/557/205 672/560/205 670/558/205
f 671/559/205 673/561/205 669/557/205
f 674/562/3 647/535/3 644/532/3
f 675/563/3 676/564/3 677/565/3
f 676/564/3 675/563/3 678/566/3
f 678/566/3 649/537/3 679/567/3
s 1
f 662/550/202 680/568/179 681/569/202
f 663/551/202 682/570/200 683/571/200
f 663/551/202 662/550/202 682/570/200
f 684/572/205 685/573/206 686/574/205
f 684/572/205 686/574/205 687/575/207
f 684/572/205 687/575/207 688/576/207
f 688/576/207 689/577/208 690/578/208
f 688/576/207 687/575/207 689/577/208
f 691/579/209 692/580/209 690/578/208
f 691/579/209 690/578/208 689/577/208
f 693/581/210 694/582/210 695/583/211
f 693/581/210 695/583/211 696/584/211
f 693/581/210 697/585/212 694/582/210
f 697/585/212 693/581/210 698/586/212
f 699/587/213 697/585/212 698/586/212
f 699/587/213 700/588/213 697/585/212
f 701/589/214 702/590/214 700/588/213
f 701/589/214 700/588/213 699/587/213
f 703/591/215 704/592/215 702/590/214
f 703/591/215 702/590/214 701/589/214
f 705/593/204 706/594/216 707/595/204
f 705/593/204 707/595/204 708/596/217
f 705/593/204 708/596/217 709/597/217
f 706/594/216 705/593/204 710/598/216
f 710/598/216 711/599/218 706/594/216
f 711/599/218 710/598/216 712/600/218
f 712/600/218 713/601/219 711/599/218
f 713/601/219 712/600/218 714/602/219
f 715/603/220 716/604/221 717/605/220
f 716/604/221 715/603/220 718/606/221
f 719/607/222 720/608/223 721/609/222
f 719/607/222 715/603/220 717/605/220
f 719/607/222 721/609/222 715/603/220
f 720/608/223 719/607/222 722/610/223
f 722/610/223 723/611/224 720/608/223
f 723/611/224 722/610/223 724/612/224
f 725/574/225 726/613/226 727/575/226
f 725/574/225 728/614/227 729/615/225
f 726/613/226 725/574/225 729/615/225
f 727/575/226 730/616/228 731/577/228
f 732/617/224 733/618/224 685/573/206
f 732/617/224 685/573/206 734/619/206
f 685/573/206 684/572/205 734/619/206
s 0
f 735/620/5 736/621/5 737/622/5
f 735/620/5 738/623/5 736/621/5
f 735/620/5 739/624/5 740/625/5
f 737/622/5 741/626/5 742/627/5
f 737/622/5 736/621/5 743/628/5
f 742/627/5 735/620/5 737/622/5
f 744/629/5 745/630/5 746/631/5
f 744/629/5 735/620/5 745/630/5
f 745/630/5 735/620/5 747/632/5
f 738/623/5 744/629/5 748/633/5
f 738/623/5 735/620/5 744/629/5
f 741/626/5 737/622/5 749/634/5
f 739/624/5 735/620/5 742/627/5
f 739/624/8 742/627/8 750/635/8
f 750/635/8 742/627/8 751/636/8
f 740/625/8 739/624/8 752/637/8
f 753/638/229 754/639/229 755/640/229
f 753/638/7 756/641/7 754/639/7
f 756/641/3 757/642/3 758/643/3
f 757/642/3 759/644/3 758/643/3
f 757/642/3 760/645/3 761/646/3
f 757/642/3 761/646/3 762/647/3
f 763/648/3 764/649/3 765/650/3
f 763/648/3 757/642/3 766/651/3
f 766/651/230 753/638/230 767/652/230
f 766/651/3 757/642/3 756/641/3
f 766/651/3 756/641/3 753/638/3
f 760/645/7 763/648/7 765/650/7
f 760/645/3 757/642/3 763/648/3
f 759/644/3 768/653/3 769/654/3
f 764/649/3 763/648/3 770/655/3
f 768/653/7 759/644/7 757/642/7
s 1
f 771/604/231 772/656/231 773/605/232
f 774/657/232 773/605/232 772/656/231
f 728/614/227 725/574/225 775/573/227
f 776/658/233 777/589/234 778/587/233
f 776/658/233 779/586/235 780/659/235
f 779/586/235 776/658/233 778/587/233
f 780/659/235 781/581/236 782/660/236
f 783/661/237 784/598/238 785/662/238
f 784/598/238 783/661/237 786/600/237
f 785/662/238 787/593/239 788/663/239
f 789/664/240 790/610/241 791/665/241
f 790/610/241 789/664/240 792/612/240
f 791/665/241 793/607/242 794/666/242
f 795/667/243 796/654/243 797/668/236
f 798/653/236 797/668/236 796/654/243
f 788/663/239 787/593/239 799/669/244
f 787/593/239 785/662/238 784/598/238
f 787/593/239 800/597/244 799/669/244
f 794/666/242 793/607/242 774/657/232
f 793/607/242 791/665/241 790/610/241
f 793/607/242 773/605/232 774/657/232
f 730/616/228 727/575/226 726/613/226
f 777/589/234 776/658/233 801/670/245
f 802/671/231 803/655/246 804/648/231
f 803/655/246 802/671/231 805/672/246
f 806/640/240 807/673/227 808/674/247
f 807/673/227 806/640/240 809/639/227
f 781/581/236 780/659/235 779/586/235
f 810/579/243 730/616/228 811/675/243
f 810/579/243 731/577/228 730/616/228
f 812/676/245 813/646/245 814/677/244
f 815/645/248 814/677/244 813/646/245
f 619/507/169 504/397/172 622/510/172
f 619/507/169 622/510/172 617/505/169
f 816/678/193 603/490/193 817/426/193
s 0
f 603/490/193 816/678/193 602/495/193
f 817/426/193 818/679/193 816/678/193
f 818/679/193 819/421/193 610/500/193
s 1
f 598/491/178 534/427/179 611/501/179
f 598/491/178 611/501/179 820/680/178
f 820/680/178 611/501/179 613/502/179
f 821/681/4 569/462/188 822/682/4
f 822/682/4 569/462/188 571/464/191
s 0
f 823/683/5 824/684/5 825/685/5
f 824/684/5 823/683/5 826/198/5
s 1
f 576/469/171 616/504/170 615/503/171
f 502/395/170 500/393/169 619/507/169
f 502/395/170 619/507/169 616/504/170
f 502/395/170 575/468/171 498/391/170
f 555/448/185 552/445/184 554/447/185
f 555/448/185 827/686/186 556/449/184
s 0
f 828/687/3 625/513/3 829/688/3
f 829/688/3 830/689/3 831/690/3
f 829/688/3 832/691/3 830/689/3
f 829/688/3 625/513/3 832/691/3
f 833/692/3 625/513/3 828/687/3
f 628/516/3 625/513/3 833/692/3
s 1
f 559/452/186 624/512/184 572/465/186
f 558/451/184 557/450/186 553/446/184
f 516/409/176 834/693/177 520/413/177
f 516/409/176 835/694/175 836/695/176
f 834/693/177 516/409/176 836/695/176
f 520/413/177 513/406/176 516/409/176
f 835/694/175 516/409/176 515/408/175
f 515/408/175 513/406/176 512/405/175
f 837/696/4 838/697/4 596/489/4
s 0
f 837/696/4 596/489/4 821/681/4
f 837/696/4 821/681/4 839/698/4
f 838/697/4 595/488/4 596/489/4
f 839/698/4 821/681/4 822/682/4
f 840/699/4 595/488/4 838/697/4
f 819/421/193 818/679/193 817/426/193
f 610/500/193 819/421/193 609/422/193
f 841/700/5 547/440/5 549/442/5
f 841/700/5 549/442/5 842/701/5
f 843/702/4 844/703/4 845/704/4
f 845/704/4 844/703/4 846/705/4
f 847/706/1 848/707/1 849/708/1
f 849/708/1 848/707/1 850/709/1
f 851/710/3 852/711/3 853/712/3
f 853/712/3 854/713/3 851/710/3
f 855/714/2 856/702/2 857/715/2
f 855/714/2 857/715/2 858/716/2
f 859/717/249 860/718/249 861/719/249
f 860/718/249 862/720/249 863/721/249
f 860/718/249 859/717/249 862/720/249
s 1
f 525/418/180 864/722/179 865/723/180
f 866/724/187 867/725/189 868/726/190
f 867/725/189 866/724/187 827/686/186
f 867/725/189 827/686/186 555/448/185
f 868/726/190 869/727/190 870/728/189
f 868/726/190 870/728/189 866/724/187
f 871/729/190 566/459/189 568/461/190
f 871/729/190 868/726/190 867/725/189
f 528/421/180 526/419/179 529/422/180
s 0
f 548/441/5 546/439/5 577/470/5
f 577/470/5 551/444/5 872/730/5
f 873/731/177 874/732/177 875/733/177
f 873/731/177 876/734/177 519/412/177
f 874/732/177 877/735/177 875/733/177
f 874/732/177 878/736/177 877/735/177
f 876/734/177 873/731/177 875/733/177
s 1
f 876/734/177 511/404/174 519/412/177
s 0
f 879/737/192 880/738/192 582/475/192
f 879/737/192 582/475/192 881/739/192
f 880/738/192 579/472/192 582/475/192
f 881/739/192 882/740/192 879/737/192
s 1
f 883/741/184 556/449/184 827/686/186
f 827/686/186 884/742/184 883/741/184
f 827/686/186 870/728/189 885/743/185
f 540/433/183 542/435/182 537/430/182
f 544/437/183 543/436/182 542/435/182
f 543/436/182 544/437/183 886/744/183
f 543/436/182 887/745/181 538/431/181
f 543/436/182 886/744/183 888/746/182
f 887/745/181 543/436/182 889/747/181
f 566/459/189 871/729/190 867/725/189
f 566/459/189 563/456/187 568/461/190
f 888/746/182 886/744/183 890/748/183
f 889/747/181 543/436/182 888/746/182
s 0
f 891/749/5 892/750/5 893/751/5
f 892/750/5 891/749/5 894/752/5
f 895/753/3 896/750/3 897/754/3
f 897/754/3 896/750/3 898/752/3
f 899/755/250 900/756/250 901/757/250
f 902/758/251 901/757/251 900/756/251
f 903/759/252 904/760/252 905/761/252
f 905/761/252 904/760/252 906/762/252
f 907/763/253 908/764/253 909/765/253
f 908/764/254 907/763/254 910/766/254
f 911/767/173 912/768/173 913/769/173
f 911/767/173 914/770/173 915/771/173
f 915/771/173 916/772/173 917/773/173
f 918/774/173 916/772/173 915/771/173
f 918/774/173 915/771/173 914/770/173
f 916/772/173 918/774/173 919/775/173
f 912/768/173 911/767/173 915/771/173
f 912/768/173 920/776/173 921/777/173
f 912/768/173 921/777/173 913/769/173
f 921/777/173 922/778/173 923/779/173
f 921/777/173 923/779/173 913/769/173
f 920/776/173 912/768/173 917/773/173
f 920/776/173 924/780/173 921/777/173
f 917/773/173 912/768/173 915/771/173
f 863/721/249 862/720/249 925/781/249
f 863/721/249 925/781/249 926/782/249
f 926/782/249 925/781/249 927/783/249
f 926/782/249 927/783/249 928/784/249
s 1
f 638/526/195 637/525/195 642/530/198
f 638/526/195 642/530/198 929/785/198
f 637/525/195 930/786/194 931/787/195
f 642/530/198 931/787/195 932/788/198
f 642/530/198 933/789/196 640/528/196
f 642/530/198 932/788/198 933/789/196
f 929/785/198 642/530/198 639/527/196
f 683/571/200 682/570/200 653/541/199
f 683/571/200 653/541/199 650/538/199
f 682/570/200 681/569/202 656/544/200
s 0
f 649/537/3 648/536/3 679/567/3
f 649/537/3 678/566/3 675/563/3
s 1
f 934/790/170 935/791/170 936/792/169
f 935/791/170 937/793/169 936/792/169
f 935/791/170 938/794/170 937/793/169
f 937/793/169 939/795/172 940/796/172
s 0
f 941/797/173 942/798/173 943/799/173
f 942/798/173 941/797/173 944/800/173
s 1
f 945/801/176 946/802/175 947/803/174
f 945/801/176 948/804/175 946/802/175
f 947/803/174 949/805/177 950/806/177
f 947/803/174 946/802/175 951/807/175
f 950/806/177 945/801/176 947/803/174
f 950/806/177 952/808/177 945/801/176
f 522/415/178 953/809/179 864/722/179
f 522/415/178 864/722/179 523/416/179
f 864/722/179 954/810/180 865/723/180
f 864/722/179 525/418/180 523/416/179
f 955/811/179 953/809/179 956/812/178
f 955/811/179 956/812/178 957/813/178
f 955/811/179 954/810/180 953/809/179
f 953/809/179 954/810/180 864/722/179
f 958/814/178 956/812/178 953/809/179
f 958/814/178 953/809/179 522/415/178
f 541/434/181 539/432/182 537/430/182
f 541/434/181 959/815/182 539/432/182
f 539/432/182 960/816/183 540/433/183
s 0
f 961/817/3 962/818/3 963/819/3
f 961/817/3 963/819/3 964/820/3
f 963/819/3 965/821/3 966/822/3
f 963/819/3 967/823/3 964/820/3
s 1
f 968/824/185 969/825/186 970/826/184
f 968/824/185 970/826/184 971/827/184
f 968/824/185 972/828/187 969/825/186
f 969/825/186 973/829/184 970/826/184
f 969/825/186 974/830/186 973/829/184
f 969/825/186 975/831/187 974/830/186
s 0
f 976/832/173 942/798/173 944/800/173
f 976/832/173 944/800/173 561/454/173
f 976/832/173 561/454/173 560/453/173
s 1
f 977/833/188 978/834/4 979/835/4
f 977/833/188 980/836/188 972/828/187
f 980/836/188 975/831/187 972/828/187
f 980/836/188 981/837/188 975/831/187
f 972/828/187 968/824/185 982/838/189
f 975/831/187 969/825/186 972/828/187
f 981/837/188 983/839/4 984/840/4
f 981/837/188 985/841/191 986/842/187
f 985/841/191 987/843/187 986/842/187
f 986/842/187 975/831/187 981/837/188
f 986/842/187 974/830/186 975/831/187
f 987/843/187 988/844/186 986/842/187
f 989/845/171 935/791/170 990/846/171
f 989/845/171 938/794/170 935/791/170
f 990/846/171 935/791/170 934/790/170
s 0
f 967/823/3 963/819/3 991/847/3
f 991/847/3 966/822/3 992/848/3
f 993/849/192 994/850/192 995/851/192
f 995/851/192 882/740/192 993/849/192
f 996/852/192 995/851/192 994/850/192
s 1
f 592/485/169 594/487/172 997/853/169
f 998/854/170 583/476/170 592/485/169
f 998/854/170 592/485/169 999/855/170
f 979/835/4 980/836/188 977/833/188
f 957/813/178 1000/856/178 1001/857/179
f 957/813/178 1001/857/179 955/811/179
f 1001/857/179 1002/858/180 955/811/179
s 0
f 1003/859/193 1004/796/193 1005/860/193
f 1005/860/193 1006/861/193 1007/862/193
f 1005/860/193 1004/796/193 1006/861/193
s 1
f 604/496/171 998/854/170 1008/863/171
f 604/496/171 583/476/170 998/854/170
s 0
f 1009/723/193 1010/864/193 606/497/193
f 1009/723/193 606/497/193 605/418/193
s 1
f 1011/865/179 1012/860/180 1013/866/179
f 1012/860/180 1011/865/179 1014/859/180
f 1013/866/179 1015/862/180 1001/857/179
f 1013/866/179 1000/856/178 1016/867/178
f 1008/863/171 999/855/170 1017/868/171
f 1008/863/171 998/854/170 999/855/170
f 999/855/170 592/485/169 997/853/169
f 1017/868/171 1018/869/170 1019/870/171
f 1017/868/171 999/855/170 1018/869/170
f 1018/869/170 1020/871/169 1021/872/169
f 1018/869/170 999/855/170 1020/871/169
f 594/487/172 592/485/169 586/479/169
f 940/796/172 936/792/169 937/793/169
f 939/795/172 937/793/169 1021/872/169
f 1020/871/169 1022/873/172 1023/874/172
f 1020/871/169 997/853/169 1022/873/172
f 997/853/169 1020/871/169 999/855/170
f 997/853/169 1024/875/172 1022/873/172
f 997/853/169 594/487/172 1024/875/172
f 988/844/186 1025/876/186 1026/877/184
f 988/844/186 987/843/187 1025/876/186
f 988/844/186 1026/877/184 1027/878/184
s 0
f 1028/879/5 1029/880/5 1030/881/5
f 1030/881/5 1031/882/5 1032/883/5
f 1031/882/5 1030/881/5 1029/880/5
f 1031/882/5 1029/880/5 1033/884/5
f 1033/884/5 1034/885/5 1035/886/5
s 1
f 635/523/173 930/786/194 633/521/194
f 930/786/194 637/525/195 633/521/194
f 1036/887/197 640/528/196 933/789/196
f 1036/887/197 643/531/197 640/528/196
s 0
f 1037/888/5 1038/889/5 1039/890/5
f 1038/889/5 1037/888/5 1040/891/5
f 1039/890/5 1041/892/5 1037/888/5
f 1041/892/5 1042/893/5 1043/894/5
s 1
f 654/542/199 651/539/193 653/541/199
f 680/568/179 658/546/179 661/549/201
f 680/568/179 662/550/202 658/546/179
f 1044/895/203 664/552/203 668/556/204
s 0
f 1045/896/205 669/557/205 673/561/205
f 1040/891/5 1046/897/5 1038/889/5
f 1047/898/5 1048/899/5 1049/900/5
f 1048/899/5 1047/898/5 1050/901/5
s 1
f 681/569/202 682/570/200 662/550/202
f 1051/902/207 1052/903/207 1053/904/205
f 1052/903/207 1051/902/207 1054/905/208
f 1053/904/205 1055/906/206 1056/907/206
f 1057/908/205 1053/904/205 1052/903/207
f 1058/909/208 1059/910/209 1054/905/208
f 1058/909/208 1054/905/208 1051/902/207
f 1059/910/209 1058/909/208 1060/911/209
f 1061/912/210 1062/913/211 1063/914/210
f 1061/912/210 1064/915/212 1065/916/212
f 1062/913/211 1061/912/210 1066/917/211
f 1064/915/212 1061/912/210 1063/914/210
f 1064/915/212 1067/918/213 1065/916/212
f 1067/918/213 1064/915/212 1068/919/213
f 1068/919/213 1069/920/214 1067/918/213
f 1069/920/214 1068/919/213 1070/921/214
f 1070/921/214 1071/922/215 1069/920/214
f 1071/922/215 1070/921/214 1072/923/215
f 1073/924/204 1074/925/216 1075/926/216
f 1073/924/204 1076/927/217 1077/928/204
f 1076/927/217 1073/924/204 1078/929/217
f 1074/925/216 1073/924/204 1077/928/204
f 1075/926/216 1079/930/218 1080/931/218
f 1079/930/218 1075/926/216 1074/925/216
f 1080/931/218 1081/913/219 1082/917/219
f 1081/913/219 1080/931/218 1079/930/218
f 1083/932/220 1084/933/222 1085/934/220
f 1083/932/220 1086/935/221 1087/936/221
f 1086/935/221 1083/932/220 1085/934/220
f 1084/933/222 1083/932/220 1088/937/222
f 1084/933/222 1089/938/223 1090/939/223
f 1089/938/223 1084/933/222 1088/937/222
f 1090/939/223 1091/940/224 1092/941/224
f 1091/940/224 1090/939/223 1089/938/223
f 1093/908/255 1094/942/256 1095/943/255
f 1094/942/256 1093/908/255 1096/903/256
f 1096/903/256 1097/944/257 1094/942/256
f 1056/907/206 1055/906/206 1098/945/224
f 1055/906/206 1053/904/205 1057/908/205
f 1099/946/224 1098/945/224 1055/906/206
s 0
f 1100/947/3 1101/948/3 1102/949/3
f 1101/948/3 1103/950/3 1104/951/3
f 1101/948/7 1105/952/7 1103/950/7
f 1102/949/3 1101/948/3 1106/953/3
f 1102/949/3 1106/953/3 1107/954/3
f 1106/953/3 1108/955/3 1109/956/3
f 1103/950/3 1105/952/3 1110/957/3
f 1111/958/3 1106/953/3 1101/948/3
f 1111/958/7 1112/959/7 1113/960/7
f 1112/959/3 1111/958/3 1114/961/3
f 1105/952/3 1101/948/3 1100/947/3
f 1105/952/3 1100/947/3 1115/962/3
f 1114/961/3 1111/958/3 1101/948/3
f 1114/961/3 1101/948/3 1116/963/3
f 1114/961/3 1116/963/3 1117/964/3
f 1108/955/3 1106/953/3 1111/958/3
f 1118/965/5 1119/966/5 1120/967/5
f 1118/965/8 1121/968/8 1122/969/8
f 1118/965/5 1122/969/5 1119/966/5
f 1123/970/5 1124/971/5 1125/972/5
f 1123/970/5 1126/973/5 1127/974/5
f 1126/973/8 1128/975/8 1129/976/8
f 1126/973/5 1130/977/5 1128/975/5
f 1130/977/5 1126/973/5 1123/970/5
f 1130/977/8 1123/970/8 1118/965/8
f 1128/975/5 1130/977/5 1131/978/5
f 1124/971/5 1123/970/5 1127/974/5
f 1125/972/8 1124/971/8 1132/979/8
f 1133/980/8 1123/970/8 1134/981/8
f 1121/968/5 1118/965/5 1123/970/5
f 1121/968/258 1123/970/258 1133/980/258
f 1129/976/5 1128/975/5 1135/982/5
s 1
f 1136/934/259 1137/983/260 1138/935/260
f 1136/934/259 1139/984/259 1137/983/260
f 1139/984/259 1140/933/261 1141/985/261
f 1142/986/262 1093/908/255 1095/943/255
f 1142/986/262 1143/906/263 1093/908/255
f 1144/987/264 1145/918/264 1146/920/265
f 1144/987/264 1147/916/266 1145/918/264
f 1147/916/266 1144/987/264 1148/988/266
f 1148/988/266 1149/912/267 1147/916/266
f 1150/989/268 1151/926/269 1152/931/268
f 1151/926/269 1150/989/268 1153/990/269
f 1153/990/269 1154/924/270 1151/926/269
f 1155/991/271 1156/939/272 1157/941/271
f 1156/939/272 1155/991/271 1158/992/272
f 1158/992/272 1140/933/261 1156/939/272
f 1159/993/267 1160/972/267 1161/979/273
f 1159/993/267 1161/979/273 1162/667/273
f 1163/994/270 1164/995/274 1154/924/270
f 1154/924/270 1153/990/269 1163/994/270
f 1154/924/270 1164/995/274 1165/929/274
f 1140/933/261 1158/992/272 1141/985/261
f 1140/933/261 1139/984/259 1136/934/259
f 1097/944/257 1166/910/273 1167/996/273
f 1097/944/257 1096/903/256 1168/905/275
f 1146/920/265 1169/997/265 1144/987/264
f 1170/998/260 1171/967/276 1172/999/276
f 1171/967/276 1170/998/260 1173/965/260
f 1174/982/277 1175/1000/277 1176/673/262
f 1174/982/277 1176/673/262 1177/976/262
f 1149/912/267 1148/988/266 1178/1001/267
f 1166/910/273 1097/944/257 1168/905/275
f 1179/1002/278 1180/1003/274 1181/980/279
f 1180/1003/274 1182/968/274 1181/980/279
f 1023/874/172 1021/872/169 1020/871/169
f 1021/872/169 937/793/169 938/794/170
f 1021/872/169 1023/874/172 939/795/172
f 1002/858/180 1001/857/179 1015/862/180
f 1015/862/180 1013/866/179 1012/860/180
f 1007/862/193 1183/1004/193 1184/858/193
s 0
f 1007/862/193 1006/861/193 1183/1004/193
f 1184/858/193 1183/1004/193 1185/1005/193
f 1184/858/193 1185/1005/193 1186/810/193
s 1
f 1000/856/178 1013/866/179 1001/857/179
f 1016/867/178 1011/865/179 1013/866/179
s 0
f 983/839/4 979/835/4 1187/1006/4
s 1
f 984/840/4 985/841/191 981/837/188
s 0
f 1188/1007/3 1189/1008/3 1190/1009/3
f 1189/1008/3 1188/1007/3 1191/1010/3
s 1
f 1019/870/171 1018/869/170 938/794/170
f 1019/870/171 938/794/170 989/845/171
f 938/794/170 1018/869/170 1021/872/169
f 885/743/185 968/824/185 971/827/184
f 885/743/185 971/827/184 884/742/184
f 884/742/184 827/686/186 885/743/185
s 0
f 1035/886/5 1034/885/5 1192/1011/5
f 1034/885/5 1033/884/5 1193/1012/5
f 1192/1011/5 1034/885/5 1194/1013/5
f 1195/1014/5 1033/884/5 1029/880/5
f 1196/1015/5 1033/884/5 1195/1014/5
f 1193/1012/5 1033/884/5 1196/1015/5
s 1
f 974/830/186 986/842/187 988/844/186
f 974/830/186 1027/878/184 973/829/184
f 974/830/186 988/844/186 1027/878/184
f 1197/1016/176 1198/1017/175 948/804/175
f 1197/1016/176 948/804/175 945/801/176
f 1197/1016/176 952/808/177 1199/1018/177
f 952/808/177 1197/1016/176 945/801/176
f 1199/1018/177 1200/1019/176 1197/1016/176
f 1200/1019/176 1198/1017/175 1197/1016/176
s 0
f 1187/1006/4 1201/1020/4 983/839/4
s 1
f 1202/1021/4 1187/1006/4 979/835/4
s 0
f 1202/1021/4 979/835/4 978/834/4
f 1201/1020/4 984/840/4 983/839/4
f 1203/1022/4 1202/1021/4 978/834/4
f 1186/810/193 1010/864/193 1009/723/193
f 1186/810/193 1185/1005/193 1010/864/193
f 1204/1023/3 962/818/3 1205/1024/3
f 1205/1024/3 962/818/3 961/817/3
f 1206/1025/4 1207/1026/4 1208/1027/4
f 1208/1027/4 1209/1028/4 1206/1025/4
f 1210/1029/1 1211/1030/1 1212/1031/1
f 1211/1030/1 1213/1032/1 1212/1031/1
f 1214/1033/5 1215/187/5 1216/186/5
f 1215/187/5 1214/1033/5 1217/1034/5
f 1218/1035/2 1219/1025/2 1220/1036/2
f 1219/1025/2 1218/1035/2 1221/1037/2
f 1222/1038/249 1223/1039/249 1224/1040/249
f 1223/1039/249 1225/1041/249 1224/1040/249
f 1225/1041/249 1223/1039/249 1226/1042/249
s 1
f 869/727/190 1227/1043/190 982/838/189
f 869/727/190 982/838/189 870/728/189
f 870/728/189 827/686/186 866/724/187
f 954/810/180 955/811/179 1002/858/180
s 0
f 965/821/3 963/819/3 962/818/3
f 966/822/3 991/847/3 963/819/3
f 1228/1044/177 1229/1045/177 878/736/177
f 1228/1044/177 878/736/177 874/732/177
f 1230/1046/177 1229/1045/177 1228/1044/177
s 1
f 1230/1046/177 949/805/177 947/803/174
f 1230/1046/177 947/803/174 1229/1045/177
s 0
f 1231/1047/192 882/740/192 995/851/192
f 1231/1047/192 879/737/192 882/740/192
s 1
f 960/816/183 539/432/182 959/815/182
f 959/815/182 1232/1048/183 960/816/183
f 959/815/182 1233/1049/182 1232/1048/183
f 1234/1050/181 1235/1051/181 959/815/182
f 1234/1050/181 959/815/182 541/434/181
f 1227/1043/190 977/833/188 972/828/187
f 1227/1043/190 972/828/187 982/838/189
f 1233/1049/182 1236/1052/183 1232/1048/183
f 1235/1051/181 1233/1049/182 959/815/182
s 0
f 1237/753/3 1238/1053/3 1239/1054/3
f 1238/1053/3 1237/753/3 1240/754/3
f 1241/1055/5 1242/1056/5 1243/1057/5
f 1242/1056/5 1241/1055/5 1244/1058/5
f 1245/1059/280 1246/1060/280 1247/1061/280
f 1246/1060/280 1245/1059/280 1248/1062/280
f 1249/1063/252 1250/1064/252 1251/1065/252
f 1250/1064/252 1249/1063/252 1252/1066/252
f 1253/1067/281 1254/1068/281 1255/1069/281
f 1253/1067/254 1255/1069/254 1256/1070/254
f 1257/1071/173 1258/1072/173 924/780/173
f 1257/1071/173 1259/1073/173 1260/1074/173
f 1257/1071/173 1260/1074/173 1258/1072/173
f 1261/1075/173 1259/1073/173 1262/1076/173
f 1262/1076/173 1257/1071/173 1263/1077/173
f 1262/1076/173 1259/1073/173 1257/1071/173
f 924/780/173 1258/1072/173 922/778/173
f 924/780/173 922/778/173 921/777/173
f 1263/1077/173 924/780/173 920/776/173
f 1263/1077/173 1257/1071/173 924/780/173
f 1226/1042/249 928/784/249 1225/1041/249
f 1226/1042/249 926/782/249 928/784/249
s 1
f 931/787/195 642/530/198 637/525/195
f 656/544/200 653/541/199 682/570/200
s 0
f 1042/893/5 1049/900/5 1043/894/5
f 1042/893/5 1041/892/5 1039/890/5
f 1042/893/5 1047/898/5 1049/900/5
f 1264/1078/204 1265/1079/204 1266/1080/204
f 1265/1079/204 1264/1078/204 1267/1081/204
f 1266/1080/204 1268/1082/204 1269/1083/204
f 1266/1080/204 1270/1084/204 1264/1078/204
f 1268/1082/204 1266/1080/204 1265/1079/204
s 1
f 1271/1085/282 1272/1086/283 1273/1087/282
f 1273/1087/282 1272/1086/283 1274/1088/284
f 1274/1088/284 1275/1089/285 1276/1090/285
f 1277/1091/286 1278/1092/286 1279/1093/43
f 1279/1093/43 1280/1094/43 1277/1091/286
f 1280/1094/43 1279/1093/43 1281/1095/287
f 1282/1096/283 1283/1097/283 1284/1098/285
f 1284/1098/285 1285/1099/285 1282/1096/283
f 1286/1100/3 1283/1097/283 1282/1096/283
f 1286/1100/3 1287/1101/3 1283/1097/283
f 1288/1102/288 1287/1101/3 1286/1100/3
f 1288/1102/288 1289/1103/288 1287/1101/3
f 1289/1103/288 1290/1104/289 1291/1105/289
f 1290/1104/289 1289/1103/288 1288/1102/288
f 1292/1106/177 1293/1107/289 1294/1108/290
f 1292/1106/177 1295/1109/291 1296/1110/177
f 1293/1107/289 1292/1106/177 1296/1110/177
f 1295/1109/291 1292/1106/177 1297/1111/292
f 1298/1112/293 1299/1113/294 1300/1114/295
f 1299/1113/294 1298/1112/293 1301/1115/294
f 1299/1113/294 1302/1116/5 1303/1117/5
f 1299/1113/294 1301/1115/294 1302/1116/5
f 1303/1117/5 1304/1118/296 1305/1119/296
f 1303/1117/5 1302/1116/5 1304/1118/296
f 1305/1119/296 1304/1118/296 1306/1120/297
s 0
f 1307/1121/205 1308/1122/205 1309/1123/205
f 1307/1121/205 1309/1123/205 1310/1124/205
f 1307/1121/205 1311/1125/205 1312/1126/205
f 1308/1122/205 1307/1121/205 1312/1126/205
f 1308/1122/205 1312/1126/205 1313/1127/205
f 1309/1123/205 1308/1122/205 1314/1128/205
f 1312/1126/205 1311/1125/205 1315/1129/205
f 1313/1127/205 1312/1126/205 1316/1130/205
f 1314/1128/205 1308/1122/205 1317/1131/205
f 1311/1125/205 1307/1121/205 1318/1132/205
s 1
f 1306/1120/297 1319/1133/297 1305/1119/296
f 1281/1095/287 1320/1134/297 1280/1094/43
s 0
f 1321/1135/204 1322/1136/204 1323/1137/204
f 1322/1136/204 1321/1135/204 1324/1138/204
f 1323/1137/204 1325/1139/204 1321/1135/204
f 1324/1138/204 1326/1140/204 1327/1141/204
s 1
f 1328/1142/298 1329/1143/5 1330/1144/298
f 1329/1143/5 1328/1142/298 1331/1145/5
f 1330/1144/298 1332/1146/299 1328/1142/298
f 1331/1145/5 1333/1147/300 1329/1143/5
s 0
f 1325/1139/204 1323/1137/204 1334/1148/204
f 1325/1139/204 1335/1149/204 1336/1150/204
f 1335/1149/204 1325/1139/204 1334/1148/204
f 1336/1150/204 1337/1151/204 1338/1152/204
f 1337/1151/204 1336/1150/204 1335/1149/204
f 1338/1152/204 1339/1153/204 1340/1154/204
f 1339/1153/204 1341/1155/204 1340/1154/204
f 1339/1153/204 1338/1152/204 1337/1151/204
f 1342/1156/204 1343/1157/204 1344/1158/204
f 1343/1157/204 1345/1159/204 1346/1160/204
f 1343/1157/204 1342/1156/204 1347/1161/204
f 1347/1161/204 1348/1162/204 1349/1163/204
f 1346/1160/204 1344/1158/204 1343/1157/204
f 1345/1159/204 1341/1155/204 1350/1164/204
f 1345/1159/204 1350/1164/204 1346/1160/204
f 1341/1155/204 1339/1153/204 1350/1164/204
f 1348/1162/204 1347/1161/204 1342/1156/204
f 1349/1163/204 1327/1141/204 1326/1140/204
f 1327/1141/204 1322/1136/204 1324/1138/204
f 1327/1141/204 1349/1163/204 1348/1162/204
f 1351/1165/204 1352/1166/204 1353/1167/204
f 1351/1165/204 1353/1167/204 1354/1168/204
f 1352/1166/204 1351/1165/204 1355/1169/204
f 1356/1170/204 1357/1171/204 1358/1172/204
f 1356/1170/204 1353/1167/204 1357/1171/204
f 1358/1172/204 1359/1173/204 1356/1170/204
f 1359/1173/204 1358/1172/204 1360/1174/204
f 1354/1168/204 1353/1167/204 1356/1170/204
f 1355/1169/204 1361/1175/204 1362/1176/204
f 1355/1169/204 1351/1165/204 1361/1175/204
s 1
f 1363/1177/301 1364/1178/302 1365/1179/302
f 1364/1178/302 1363/1177/301 1366/1180/303
f 1366/1180/303 1363/1177/301 1367/1181/3
f 1368/1182/177 1369/1183/304 1370/1184/304
f 1369/1183/304 1368/1182/177 1371/1185/177
f 1371/1185/177 1372/1186/302 1373/1187/302
f 1374/1188/305 1375/1189/305 1376/1190/306
f 1375/1189/305 1374/1188/305 1377/1191/3
f 1376/1190/306 1375/1189/305 1378/1192/306
f 1379/1193/307 1332/1146/299 1330/1144/298
f 1372/1186/302 1371/1185/177 1368/1182/177
f 1380/1194/304 1333/1147/300 1381/1195/300
f 1333/1147/300 1380/1194/304 1382/1196/304
f 1333/1147/300 1331/1145/5 1381/1195/300
f 1367/1181/3 1377/1191/3 1374/1188/305
f 1377/1191/3 1367/1181/3 1363/1177/301
f 1383/1197/43 1384/1198/308 1385/1199/43
f 1383/1197/43 1385/1199/43 1386/1200/309
f 1386/1200/309 1385/1199/43 1387/1201/309
f 1388/1202/308 1384/1198/308 1383/1197/43
f 1389/1203/310 1390/1204/311 1391/1205/312
f 1389/1203/310 1392/1206/313 1393/1207/314
f 1390/1204/311 1389/1203/310 1394/1208/315
f 1394/1208/315 1395/1209/316 1390/1204/311
f 1395/1209/316 1394/1208/315 1396/1210/317
f 1396/1210/317 1397/1211/318 1395/1209/316
f 1397/1211/318 1396/1210/317 1398/1212/319
f 1397/1211/318 1399/1213/320 1400/1214/321
f 1399/1213/320 1397/1211/318 1398/1212/319
f 1400/1214/321 1401/1215/322 1402/1216/323
f 1401/1215/322 1400/1214/321 1399/1213/320
f 1401/1215/322 1403/1217/324 1402/1216/323
f 1403/1217/324 1404/1218/325 1402/1216/323
f 1403/1217/324 1405/1219/326 1404/1218/325
f 1405/1219/326 1403/1217/324 1406/1220/327
f 1406/1220/327 1407/1221/328 1405/1219/326
f 1407/1221/328 1406/1220/327 1408/1222/329
f 1408/1222/329 1409/1223/330 1407/1221/328
f 1409/1223/330 1408/1222/329 1410/1224/331
f 1410/1224/331 1411/1225/332 1409/1223/330
f 1411/1225/332 1412/1226/333 1409/1223/330
f 1411/1225/332 1393/1207/314 1412/1226/333
f 1412/1226/333 1393/1207/314 1392/1206/313
f 1392/1206/313 1389/1203/310 1391/1205/312
f 1413/1227/308 1414/1228/334 1415/1229/43
f 1415/1229/43 1416/1230/43 1413/1227/308
f 1416/1230/43 1415/1229/43 1417/1231/309
f 1418/1232/305 1419/1233/305 1420/1234/306
f 1420/1234/306 1421/1235/335 1418/1232/305
f 1422/1236/3 1419/1233/305 1418/1232/305
f 1422/1236/3 1423/1237/3 1419/1233/305
f 1424/1238/303 1423/1237/3 1422/1236/3
f 1424/1238/303 1425/1239/301 1423/1237/3
f 1425/1239/301 1426/1240/302 1427/1241/336
f 1426/1240/302 1425/1239/301 1424/1238/303
f 1428/1242/177 1429/1243/337 1430/1244/337
f 1429/1243/337 1428/1242/177 1431/1245/177
f 1431/1245/177 1432/1246/304 1433/1247/304
f 1432/1246/304 1431/1245/177 1428/1242/177
f 1434/1248/300 1435/1249/338 1436/1250/339
f 1435/1249/338 1434/1248/300 1437/1251/300
f 1437/1251/300 1434/1248/300 1438/1252/5
f 1437/1251/300 1438/1252/5 1439/1253/5
f 1439/1253/5 1440/1254/298 1441/1255/340
f 1439/1253/5 1438/1252/5 1440/1254/298
f 1441/1255/340 1440/1254/298 1442/1256/299
f 1442/1256/299 1443/1257/299 1441/1255/340
f 1417/1231/309 1444/1258/341 1416/1230/43
f 1445/1259/177 1446/1260/342 1447/1261/342
f 1446/1260/342 1445/1259/177 1448/1262/177
f 1447/1261/342 1449/1263/177 1445/1259/177
f 1447/1261/342 1446/1260/342 1450/1264/343
f 1447/1261/342 1451/1265/290 1452/1266/342
f 1453/1267/344 1454/1268/286 1455/1269/345
f 1453/1267/344 1456/1270/43 1457/1271/344
f 1453/1267/344 1458/1272/43 1456/1270/43
f 1454/1268/286 1453/1267/344 1457/1271/344
f 1457/1271/344 1459/1273/346 1454/1268/286
f 1457/1271/344 1460/1274/43 1461/1275/344
f 1462/1276/347 1463/1277/348 1464/1278/348
f 1462/1276/347 1465/1279/349 1466/1280/288
f 1465/1279/349 1467/1281/347 1468/1282/349
f 1465/1279/349 1469/1283/289 1466/1280/288
f 1466/1280/288 1463/1277/348 1462/1276/347
f 1275/1089/285 1274/1088/284 1272/1086/283
f 1276/1090/285 1470/1284/284 1274/1088/284
s 0
f 1270/1084/204 1471/1285/204 1472/120/204
f 1270/1084/204 1266/1080/204 1473/1286/204
f 1471/1285/204 1473/1286/204 1474/1287/204
f 1473/1286/204 1471/1285/204 1270/1084/204
f 1474/1287/204 1473/1286/204 1475/1288/204
s 1
f 1476/1289/290 1447/1261/342 1450/1264/343
f 1463/1277/348 1271/1085/282 1464/1278/348
f 1464/1278/348 1271/1085/282 1273/1087/282
s 0
f 1477/1290/205 1478/1291/205 1479/1292/205
f 1478/1291/205 1477/1290/205 1480/1293/205
f 1480/1293/205 1477/1290/205 1481/1294/205
f 1480/1293/205 1481/1294/205 1482/1295/205
f 1481/1294/205 1483/1296/205 1482/1295/205
f 1481/1294/205 1484/1297/205 1485/1298/205
f 1481/1294/205 1477/1290/205 1484/1297/205
f 1486/1299/43 1487/1300/43 1488/1301/43
s 1
f 1486/1299/43 1489/1302/344 1490/1303/344
f 1489/1302/344 1486/1299/43 1488/1301/43
f 1490/1303/344 1491/1304/286 1492/1305/286
f 1493/1306/5 1494/1307/296 1495/1308/296
f 1493/1306/5 1496/1309/5 1494/1307/296
f 1495/1308/296 1494/1307/296 1497/1310/297
f 1497/1310/297 1498/1311/297 1495/1308/296
f 1499/1312/43 1500/1313/43 1501/1314/287
f 1500/1313/43 1499/1312/43 1502/1315/346
f 1501/1314/287 1503/1316/297 1499/1312/43
f 1502/1315/346 1504/1317/286 1500/1313/43
f 1505/1318/283 1506/1319/285 1507/1320/283
f 1506/1319/285 1505/1318/283 1508/1321/285
f 1509/1322/3 1510/1323/3 1505/1318/283
f 1509/1322/3 1505/1318/283 1507/1320/283
f 1509/1322/3 1511/1324/288 1510/1323/3
f 1511/1324/288 1509/1322/3 1512/1325/288
f 1512/1325/288 1513/1326/289 1511/1324/288
f 1513/1326/289 1512/1325/288 1514/1327/289
f 1515/1328/290 1516/1329/177 1517/1330/289
f 1516/1329/177 1515/1328/290 1518/1331/177
f 1518/1331/177 1519/1332/292 1516/1329/177
f 1519/1332/292 1518/1331/177 1520/1333/292
s 0
f 1521/1334/205 1522/1335/205 1523/1336/205
f 1522/1335/205 1521/1334/205 1524/1337/205
f 1522/1335/205 1524/1337/205 1525/1338/205
f 1523/1336/205 1522/1335/205 1526/1339/205
f 1526/1339/205 1522/1335/205 1527/1340/205
f 1528/1341/205 1524/1337/205 1521/1334/205
f 1528/1341/205 1521/1334/205 1529/1342/205
f 1524/1337/205 1528/1341/205 1530/1343/205
f 1524/1337/205 1530/1343/205 1531/1344/205
f 1531/1344/205 1530/1343/205 1532/1345/205
s 1
f 1533/1346/295 1534/1347/294 1535/1348/295
f 1534/1347/294 1496/1309/5 1493/1306/5
f 1534/1347/294 1536/1349/294 1496/1309/5
f 1534/1347/294 1533/1346/295 1536/1349/294
s 0
f 1537/1350/204 1538/1351/204 1539/1352/204
f 1538/1351/204 1540/1353/204 1539/1352/204
f 1539/1352/204 1541/1354/204 1537/1350/204
f 1541/1354/204 1542/1355/204 1543/1356/204
f 1541/1354/204 1543/1356/204 1537/1350/204
s 1
f 1544/1357/177 1545/1358/177 1546/1359/350
f 1544/1357/177 1547/1360/351 1545/1358/177
f 1546/1359/350 1545/1358/177 1548/1361/350
s 0
f 1540/1353/204 1538/1351/204 1549/1362/204
f 1540/1353/204 1550/1363/204 1551/1364/204
f 1550/1363/204 1540/1353/204 1549/1362/204
f 1551/1364/204 1552/1365/204 1553/1366/204
f 1552/1365/204 1551/1364/204 1550/1363/204
f 1553/1366/204 1554/1367/204 1555/1368/204
f 1554/1367/204 1553/1366/204 1552/1365/204
f 1554/1367/204 1556/1369/204 1555/1368/204
f 1557/1370/204 1558/1371/204 1559/1372/204
f 1558/1371/204 1560/1373/204 1561/1374/204
f 1558/1371/204 1561/1374/204 1559/1372/204
f 1558/1371/204 1557/1370/204 1562/1375/204
f 1562/1375/204 1563/1376/204 1564/1377/204
f 1560/1373/204 1565/1378/204 1561/1374/204
f 1556/1369/204 1554/1367/204 1565/1378/204
f 1565/1378/204 1560/1373/204 1556/1369/204
f 1563/1376/204 1562/1375/204 1557/1370/204
f 1564/1377/204 1543/1356/204 1542/1355/204
f 1543/1356/204 1564/1377/204 1563/1376/204
f 1566/1379/204 1567/1380/204 1568/1381/204
f 1566/1379/204 1569/1382/204 1567/1380/204
f 1569/1382/204 1566/1379/204 1570/1383/204
f 1568/1381/204 1567/1380/204 1571/1384/204
f 1571/1384/204 1567/1380/204 1572/1385/204
f 1571/1384/204 1572/1385/204 1573/1386/204
f 1573/1386/204 1574/1387/204 1571/1384/204
f 1574/1387/204 1573/1386/204 1575/1388/204
f 1570/1383/204 1576/1389/204 1577/1390/204
f 1570/1383/204 1566/1379/204 1576/1389/204
s 1
f 1578/1391/352 1579/1392/353 1580/1393/353
f 1579/1392/353 1578/1391/352 1581/1394/352
f 1581/1394/352 1582/1395/3 1583/1396/3
f 1584/1397/354 1583/1396/3 1582/1395/3
f 1583/1396/3 1584/1397/354 1585/1398/354
f 1582/1395/3 1581/1394/352 1578/1391/352
f 1585/1398/354 1586/1399/351 1587/1400/351
f 1588/1401/355 1589/1402/356 1590/1403/355
f 1589/1402/356 1588/1401/355 1591/1404/357
f 1591/1404/357 1592/1405/5 1589/1402/356
f 1593/1406/358 1594/1407/359 1595/1408/358
f 1594/1407/359 1593/1406/358 1596/1409/359
f 1595/1408/358 1597/1410/5 1593/1406/358
f 1586/1399/351 1585/1398/354 1584/1397/354
f 1598/1411/43 1599/1412/43 1600/1413/355
f 1599/1412/43 1601/1414/360 1602/1415/360
f 1600/1413/355 1599/1412/43 1603/1416/355
f 1597/1410/5 1595/1408/358 1592/1405/5
f 1592/1405/5 1591/1404/357 1597/1410/5
f 1604/1417/351 1547/1360/351 1544/1357/177
f 1601/1414/360 1599/1412/43 1598/1411/43
f 1605/1418/361 1606/1419/362 1607/1420/363
f 1606/1419/362 1605/1418/361 1608/1421/364
f 1607/1420/363 1609/1422/365 1605/1418/361
f 1609/1422/365 1607/1420/363 1610/1423/366
f 1610/1423/366 1611/1424/367 1609/1422/365
f 1611/1424/367 1610/1423/366 1612/1425/368
f 1611/1424/367 1613/1426/369 1614/1427/370
f 1612/1425/368 1613/1426/369 1611/1424/367
f 1614/1427/370 1615/1428/371 1616/1429/372
f 1615/1428/371 1614/1427/370 1613/1426/369
f 1616/1429/372 1617/1430/373 1618/1431/374
f 1617/1430/373 1616/1429/372 1615/1428/371
f 1617/1430/373 1619/1432/375 1618/1431/374
f 1619/1432/375 1617/1430/373 1620/1433/376
f 1620/1433/376 1621/1434/377 1619/1432/375
f 1621/1434/377 1620/1433/376 1622/1435/378
f 1622/1435/378 1623/1436/379 1621/1434/377
f 1623/1436/379 1622/1435/378 1624/1437/380
f 1623/1436/379 1625/1438/381 1626/1439/382
f 1625/1438/381 1623/1436/379 1624/1437/380
f 1625/1438/381 1627/1440/383 1626/1439/382
f 1627/1440/383 1628/1441/384 1626/1439/382
f 1627/1440/383 1606/1419/362 1628/1441/384
f 1628/1441/384 1606/1419/362 1608/1421/364
f 1629/1442/43 1630/1443/43 1631/1444/360
f 1629/1442/43 1632/1445/355 1630/1443/43
f 1632/1445/355 1633/1446/385 1630/1443/43
f 1634/1447/357 1635/1448/355 1636/1449/357
f 1636/1449/357 1635/1448/355 1637/1450/385
f 1638/1451/360 1629/1442/43 1631/1444/360
f 1639/1452/352 1640/1453/352 1641/1454/353
f 1639/1452/352 1641/1454/353 1642/1455/353
f 1643/1456/3 1640/1453/352 1639/1452/352
f 1643/1456/3 1644/1457/3 1640/1453/352
f 1645/1458/354 1646/1459/354 1644/1457/3
f 1645/1458/354 1644/1457/3 1643/1456/3
f 1647/1460/351 1648/1461/351 1646/1459/354
f 1647/1460/351 1646/1459/354 1645/1458/354
f 1649/1462/177 1650/1463/386 1651/1464/351
f 1650/1463/386 1649/1462/177 1652/1465/177
f 1652/1465/177 1653/1466/350 1654/1467/350
f 1653/1466/350 1652/1465/177 1649/1462/177
f 1655/1468/359 1656/1469/358 1657/1470/359
f 1656/1469/358 1658/1471/5 1659/1472/358
f 1657/1470/359 1656/1469/358 1659/1472/358
f 1659/1472/358 1658/1471/5 1660/1473/5
f 1658/1471/5 1634/1447/357 1660/1473/5
f 1660/1473/5 1634/1447/357 1636/1449/357
f 1661/1474/5 1662/1475/358 1663/1476/358
f 1662/1475/358 1664/1477/359 1665/1478/359
f 1663/1476/358 1666/1479/5 1661/1474/5
f 1666/1479/5 1667/1480/357 1668/1481/356
s 0
f 1484/1297/205 1669/1482/205 1485/1298/205
f 1485/1298/205 1669/1482/205 1670/1483/205
f 1485/1298/205 1671/1484/205 1481/1294/205
s 1
f 1672/1485/348 1673/1486/282 1674/1487/348
f 1673/1486/282 1672/1485/348 1675/1488/282
f 1674/1487/348 1676/1489/288 1672/1485/348
f 1675/1488/282 1677/1490/283 1673/1486/282
s 0
f 1669/1482/205 1484/1297/205 1678/1491/205
f 1678/1491/205 1484/1297/205 1679/1492/205
f 1670/1483/205 1680/1493/205 1485/1298/205
f 1681/1494/204 1682/1495/204 1683/1496/204
f 1681/1494/204 1684/1497/204 1685/1498/204
f 1681/1494/204 1685/1498/204 1686/1499/204
f 1682/1495/204 1681/1494/204 1686/1499/204
s 1
f 1687/1500/358 1688/1501/358 1689/1502/5
f 1687/1500/358 1689/1502/5 1690/1503/5
f 1690/1503/5 1691/1504/356 1692/1505/357
f 1693/1506/359 1694/1507/359 1688/1501/358
f 1693/1506/359 1688/1501/358 1687/1500/358
f 1695/1508/350 1696/1509/177 1697/1510/177
f 1696/1509/177 1695/1508/350 1698/1511/350
f 1697/1510/177 1699/1512/386 1700/1513/387
f 1699/1512/386 1697/1510/177 1696/1509/177
f 1701/1514/351 1702/1515/351 1703/1516/354
f 1701/1514/351 1703/1516/354 1704/1517/388
f 1704/1517/388 1703/1516/354 1705/1518/3
f 1704/1517/388 1705/1518/3 1706/1519/3
f 1705/1518/3 1707/1520/352 1706/1519/3
f 1707/1520/352 1705/1518/3 1708/1521/352
f 1708/1521/352 1709/1522/389 1707/1520/352
f 1709/1522/389 1708/1521/352 1710/1523/353
f 1711/1524/360 1712/1525/360 1713/1526/43
f 1713/1526/43 1714/1527/43 1711/1524/360
f 1714/1527/43 1713/1526/43 1715/1528/355
f 1715/1528/355 1716/1529/355 1714/1527/43
f 1691/1504/356 1690/1503/5 1689/1502/5
f 1692/1505/357 1691/1504/356 1717/1530/355
f 1692/1505/357 1717/1530/355 1718/1531/355
f 1719/1532/390 1720/1533/391 1721/1534/391
f 1720/1533/391 1719/1532/390 1722/1535/392
f 1720/1533/391 1723/1536/393 1724/1537/394
f 1722/1535/392 1725/1538/395 1726/1539/396
f 1727/1540/397 1728/1541/398 1729/1542/399
f 1728/1541/398 1727/1540/397 1730/1543/400
f 1729/1542/399 1731/1544/401 1727/1540/397
f 1730/1543/400 1732/1545/402 1733/1546/403
f 1734/1547/404 1735/1548/405 1736/1549/406
f 1735/1548/405 1734/1547/404 1737/1550/407
f 1736/1549/406 1738/1551/408 1739/1552/409
f 1737/1550/407 1740/1553/410 1741/1554/411
f 1742/1555/412 1743/1556/413 1744/1557/414
f 1743/1556/413 1745/1558/415 1744/1557/414
f 1744/1557/414 1746/1559/416 1742/1555/412
f 1746/1559/416 1747/1560/417 1748/1561/418
f 1749/1562/419 1726/1539/396 1725/1538/395
f 1726/1539/396 1749/1562/419 1750/1563/420
f 1725/1538/395 1722/1535/392 1719/1532/390
f 1750/1563/420 1751/1564/421 1752/1565/422
f 1753/1566/423 1754/1567/424 1745/1558/415
f 1754/1567/424 1753/1566/423 1755/1568/425
f 1745/1558/415 1743/1556/413 1753/1566/423
f 1755/1568/425 1724/1537/394 1723/1536/393
f 1756/1569/426 1731/1544/401 1757/1570/427
f 1731/1544/401 1729/1542/399 1757/1570/427
f 1757/1570/427 1758/1571/428 1756/1569/426
f 1758/1571/428 1759/1572/429 1760/1573/430
f 1739/1552/409 1761/1574/431 1762/1575/431
f 1761/1574/431 1739/1552/409 1738/1551/408
f 1761/1574/431 1733/1546/403 1732/1545/402
f 1738/1551/408 1736/1549/406 1735/1548/405
f 1763/1576/432 1752/1565/422 1751/1564/421
f 1752/1565/422 1763/1576/432 1764/1577/433
f 1751/1564/421 1750/1563/420 1749/1562/419
f 1764/1577/433 1748/1561/418 1747/1560/417
f 1724/1537/394 1721/1534/391 1720/1533/391
f 1723/1536/393 1754/1567/424 1755/1568/425
f 1732/1545/402 1762/1575/431 1761/1574/431
f 1733/1546/403 1728/1541/398 1730/1543/400
f 1740/1553/410 1737/1550/407 1734/1547/404
f 1741/1554/411 1765/1578/434 1766/1579/435
f 1665/1478/359 1663/1476/358 1662/1475/358
f 1767/1580/177 1768/1581/350 1769/1582/177
f 1767/1580/177 1770/1583/350 1768/1581/350
f 1771/1584/351 1767/1580/177 1769/1582/177
f 1771/1584/351 1769/1582/177 1772/1585/386
f 1773/1586/351 1774/1587/354 1775/1588/351
f 1774/1587/354 1773/1586/351 1776/1589/436
f 1776/1589/436 1777/1590/7 1774/1587/354
f 1777/1590/7 1776/1589/436 1778/1591/7
f 1778/1591/7 1779/1592/352 1777/1590/7
f 1779/1592/352 1778/1591/7 1780/1593/352
f 1780/1593/352 1781/1594/353 1779/1592/352
f 1781/1594/353 1780/1593/352 1782/1595/353
f 1783/1596/360 1784/1597/43 1785/1598/43
f 1783/1596/360 1785/1598/43 1786/1599/360
f 1784/1597/43 1787/1600/437 1785/1598/43
f 1784/1597/43 1788/1601/355 1787/1600/437
f 1789/1602/355 1668/1481/356 1667/1480/357
f 1668/1481/356 1661/1474/5 1666/1479/5
f 1667/1480/357 1790/1603/355 1789/1602/355
f 1748/1561/418 1764/1577/433 1763/1576/432
f 1748/1561/418 1742/1555/412 1746/1559/416
f 1765/1578/434 1741/1554/411 1740/1553/410
f 1766/1579/435 1760/1573/430 1759/1572/429
f 1760/1573/430 1756/1569/426 1758/1571/428
f 1760/1573/430 1766/1579/435 1765/1578/434
s 0
f 1791/1604/5 1792/1605/5 1793/1606/5
f 1793/1606/5 1794/1607/5 1795/1608/5
f 1793/1606/5 1792/1605/5 1794/1607/5
s 1
f 1796/1609/348 1797/1610/282 1798/1611/348
f 1797/1610/282 1796/1609/348 1799/1612/282
f 1797/1610/282 1470/1284/284 1800/1613/283
f 1799/1612/282 1470/1284/284 1797/1610/282
f 1461/1275/344 1460/1274/43 1801/1614/43
f 1461/1275/344 1801/1614/43 1802/1615/344
f 1461/1275/344 1803/1616/286 1459/1273/346
f 1676/1489/288 1674/1487/348 1804/1617/288
f 1804/1617/288 1805/1618/289 1676/1489/288
f 1806/1619/290 1807/1620/342 1808/1621/343
f 1807/1620/342 1806/1619/290 1809/1622/342
f 1809/1622/342 1810/1623/177 1807/1620/342
f 1811/1624/285 1677/1490/283 1812/1625/283
f 1677/1490/283 1811/1624/285 1813/1626/285
f 1677/1490/283 1675/1488/282 1812/1625/283
f 1805/1618/289 1804/1617/288 1814/1627/349
f 1491/1304/286 1490/1303/344 1489/1302/344
f 1815/1628/177 1810/1623/177 1809/1622/342
s 0
f 1810/1623/177 1816/1629/177 1817/1630/177
f 1816/1629/177 1818/1631/177 1819/1632/177
f 1816/1629/177 1819/1632/177 1817/1630/177
f 1816/1629/177 1810/1623/177 1815/1628/177
f 1671/1484/205 1485/1298/205 1680/1493/205
f 1483/1296/205 1481/1294/205 1671/1484/205
f 1820/1633/205 1482/1295/205 1483/1296/205
f 1487/1300/43 1821/1634/43 1822/1635/43
f 1487/1300/43 1486/1299/43 1823/1636/43
s 1
f 1456/1270/43 1460/1274/43 1457/1271/344
s 0
f 1795/1608/5 1794/1607/5 1824/1637/5
f 1795/1608/5 1825/1638/5 1826/1639/5
f 1795/1608/5 1824/1637/5 1825/1638/5
f 1824/1637/5 1827/1640/5 1828/1641/5
f 1825/1638/5 1824/1637/5 1828/1641/5
s 1
f 1829/1642/438 1830/1643/439 1831/1644/440
f 1829/1642/438 1832/1645/439 1830/1643/439
f 1831/1644/440 1833/1646/441 1834/1647/442
f 1451/1265/290 1447/1261/342 1476/1289/290
f 1452/1266/342 1835/1648/177 1449/1263/177
f 1470/1284/284 1276/1090/285 1836/1649/285
f 1836/1649/285 1800/1613/283 1470/1284/284
f 1467/1281/347 1465/1279/349 1462/1276/347
f 1467/1281/347 1796/1609/348 1837/1650/288
f 1459/1273/346 1457/1271/344 1461/1275/344
f 1449/1263/177 1447/1261/342 1452/1266/342
f 1838/1651/443 1839/1652/444 1840/1653/444
f 1838/1651/443 1841/1654/445 1842/1655/446
f 1839/1652/444 1838/1651/443 1842/1655/446
f 1800/1613/283 1836/1649/285 1843/1656/285
f 1835/1648/177 1452/1266/342 1844/1657/342
f 1844/1657/342 1452/1266/342 1451/1265/290
f 1803/1616/286 1461/1275/344 1802/1615/344
f 1837/1650/288 1845/1658/289 1467/1281/347
f 1837/1650/288 1796/1609/348 1798/1611/348
f 1845/1658/289 1468/1282/349 1467/1281/347
f 1846/1659/290 1844/1657/342 1451/1265/290
s 0
f 1847/1284/447 1848/1660/447 1849/1088/447
f 1848/1660/447 1847/1284/447 1850/1661/447
s 1
f 1851/1662/448 1852/1663/348 1853/1664/348
f 1851/1662/448 1854/1665/448 1852/1663/348
f 1853/1664/348 1852/1663/348 1855/1666/282
f 1853/1664/348 1855/1666/282 1856/1667/282
f 1857/1660/449 1856/1667/282 1855/1666/282
f 1856/1667/282 1857/1660/449 1858/1661/449
f 1859/1281/450 1860/1665/450 1861/1662/450
s 0
f 1859/1281/450 1862/1276/450 1860/1665/450
s 1
f 1863/1668/451 1834/1647/442 1833/1646/441
f 1834/1647/442 1829/1642/438 1831/1644/440
f 1834/1647/442 1863/1668/451 1864/1669/451
f 1841/1654/445 1838/1651/443 1865/1670/452
f 1865/1670/452 1866/1671/453 1867/1672/453
f 1867/1672/453 1841/1654/445 1865/1670/452
s 0
f 1868/1673/204 1869/1674/204 1870/1675/204
f 1868/1673/204 1871/1676/204 1872/1677/204
f 1871/1676/204 1868/1673/204 1873/1678/204
f 1872/1677/204 1871/1676/204 1874/1679/204
f 1873/1678/204 1868/1673/204 1875/1680/204
s 1
f 1876/1681/454 1877/1682/454 1878/1683/296
f 1876/1681/454 1879/1684/455 1877/1682/454
f 1877/1682/454 1880/1685/456 1878/1683/296
f 1880/1685/456 1881/1686/456 1882/1687/457
f 1883/1688/287 1884/1414/458 1885/1689/43
f 1885/1689/43 1884/1414/458 1886/1690/43
f 1885/1689/43 1886/1690/43 1887/1691/286
f 1888/1692/296 1889/1693/5 1890/1694/296
f 1888/1692/296 1890/1694/296 1891/1695/297
f 1891/1695/297 1890/1694/296 1892/1696/297
f 1889/1693/5 1888/1692/296 1893/1697/5
f 1893/1697/5 1894/1698/294 1889/1693/5
f 1894/1698/294 1893/1697/5 1895/1699/294
f 1894/1698/294 1895/1699/294 1896/1700/293
f 1896/1700/293 1895/1699/294 1897/1701/295
f 1898/1702/292 1899/1703/291 1900/1704/177
f 1900/1704/177 1901/1705/289 1902/1706/290
f 1900/1704/177 1899/1703/291 1903/1707/177
f 1901/1705/289 1900/1704/177 1903/1707/177
f 1904/1179/289 1905/1708/288 1906/1709/288
f 1905/1708/288 1904/1179/289 1907/1710/289
f 1906/1709/288 1905/1708/288 1908/1711/3
f 1909/1712/3 1908/1711/3 1905/1708/288
f 1908/1711/3 1909/1712/3 1910/1713/283
f 1911/1714/283 1910/1713/283 1909/1712/3
f 1911/1714/283 1912/1715/459 1910/1713/283
s 0
f 1913/1716/205 1914/1717/205 1915/1718/205
f 1913/1716/205 1916/1719/205 1917/1720/205
f 1913/1716/205 1915/1718/205 1916/1719/205
f 1915/1718/205 1918/1721/205 1919/1722/205
f 1915/1718/205 1914/1717/205 1918/1721/205
f 1916/1719/205 1915/1718/205 1920/1723/205
f 1914/1717/205 1921/1724/205 1922/1725/205
f 1914/1717/205 1913/1716/205 1923/1726/205
f 1923/1726/205 1913/1716/205 1924/1727/205
f 1921/1724/205 1914/1717/205 1923/1726/205
s 1
f 1925/1728/285 1912/1715/459 1911/1714/283
f 1887/1691/286 1886/1690/43 1926/1729/286
s 0
f 1927/1730/204 1928/1731/204 1929/1732/204
f 1927/1730/204 1930/1733/204 1931/1734/204
f 1930/1733/204 1927/1730/204 1929/1732/204
f 1931/1734/204 1932/1735/204 1933/1736/204
s 1
f 1934/1737/305 1935/1195/305 1936/1738/7
f 1934/1737/305 1936/1738/7 1937/1739/7
f 1935/1195/305 1934/1737/305 1938/1740/306
f 1937/1739/7 1936/1738/7 1939/1741/301
f 1937/1739/7 1939/1741/301 1940/1742/301
s 0
f 1928/1731/204 1941/1743/204 1942/1744/204
f 1928/1731/204 1942/1744/204 1929/1732/204
f 1941/1743/204 1928/1731/204 1943/1745/204
f 1943/1745/204 1944/1746/204 1941/1743/204
f 1944/1746/204 1943/1745/204 1945/1747/204
f 1945/1747/204 1946/1748/204 1944/1746/204
f 1946/1748/204 1945/1747/204 1947/1749/204
f 1947/1749/204 1948/1750/204 1946/1748/204
f 1949/1751/204 1950/1752/204 1951/1753/204
f 1949/1751/204 1952/1754/204 1953/1755/204
f 1952/1754/204 1949/1751/204 1954/1756/204
f 1954/1756/204 1955/1757/204 1952/1754/204
f 1950/1752/204 1949/1751/204 1953/1755/204
f 1948/1750/204 1951/1753/204 1956/1758/204
f 1948/1750/204 1956/1758/204 1946/1748/204
f 1956/1758/204 1951/1753/204 1950/1752/204
f 1955/1757/204 1954/1756/204 1957/1759/204
f 1957/1759/204 1932/1735/204 1955/1757/204
f 1932/1735/204 1931/1734/204 1930/1733/204
f 1932/1735/204 1957/1759/204 1933/1736/204
f 1958/1760/204 1959/1761/204 1960/1762/204
f 1958/1760/204 1960/1762/204 1961/1763/204
f 1959/1761/204 1958/1760/204 1962/1764/204
f 1963/1765/204 1964/1766/204 1965/1767/204
f 1963/1765/204 1960/1762/204 1964/1766/204
f 1965/1767/204 1966/1768/204 1963/1765/204
f 1966/1768/204 1965/1767/204 1967/1769/204
f 1961/1763/204 1960/1762/204 1963/1765/204
f 1962/1764/204 1968/1770/204 1969/1771/204
f 1962/1764/204 1958/1760/204 1968/1770/204
s 1
f 1970/1772/300 1971/1773/304 1972/1774/300
f 1971/1773/304 1970/1772/300 1973/1775/304
f 1974/1776/177 1975/1777/302 1976/1778/177
f 1975/1777/302 1974/1776/177 1977/1779/302
f 1976/1778/177 1978/1780/304 1974/1776/177
f 1979/1781/340 1980/1782/340 1981/1783/299
f 1980/1782/340 1979/1781/340 1982/1784/5
f 1980/1782/340 1982/1784/5 1983/1785/8
f 1981/1783/299 1984/1786/299 1979/1781/340
f 1938/1740/306 1985/1787/308 1935/1195/305
f 1978/1780/304 1976/1778/177 1986/1788/304
f 1987/1789/302 1939/1741/301 1988/1146/302
f 1939/1741/301 1987/1789/302 1940/1742/301
f 1983/1785/8 1970/1772/300 1972/1774/300
f 1983/1785/8 1982/1784/5 1970/1772/300
f 1989/1790/43 1990/1791/43 1991/1792/334
f 1990/1791/43 1989/1790/43 1992/1793/309
f 1991/1792/334 1993/1794/334 1989/1790/43
f 1992/1793/309 1994/1795/309 1990/1791/43
f 1995/1796/460 1996/1797/310 1997/1798/461
f 1996/1797/310 1995/1796/460 1998/1799/314
f 1996/1797/310 1999/1800/315 2000/1801/462
f 1998/1799/314 2001/1802/333 2002/1803/463
f 2001/1802/333 1998/1799/314 1995/1796/460
f 2002/1803/463 2003/1804/331 2004/1805/331
f 2003/1804/331 2002/1803/463 2001/1802/333
f 2003/1804/331 2005/1806/328 2006/1807/329
f 2005/1806/328 2007/1808/327 2006/1807/329
f 2006/1807/329 2004/1805/331 2003/1804/331
f 2007/1808/327 2005/1806/328 2008/1809/326
f 2008/1809/326 2009/1810/464 2007/1808/327
f 2009/1810/464 2010/1811/323 2011/1812/465
f 2009/1810/464 2008/1809/326 2012/1813/466
f 2010/1811/323 2009/1810/464 2012/1813/466
f 2011/1812/465 2013/1814/321 2014/1815/467
f 2013/1814/321 2011/1812/465 2010/1811/323
f 2014/1815/467 2015/1816/468 2016/1817/469
f 2015/1816/468 2017/1818/470 2016/1817/469
f 2015/1816/468 2014/1815/467 2013/1814/321
f 2017/1818/470 2015/1816/468 2018/1819/316
f 1999/1800/315 2017/1818/470 2018/1819/316
f 1999/1800/315 2018/1819/316 2000/1801/462
f 2000/1801/462 1997/1798/461 1996/1797/310
f 2019/1820/309 2020/1821/307 2021/1822/43
f 2021/1822/43 2020/1821/307 2022/1823/43
f 2021/1822/43 2022/1823/43 2023/1824/334
f 2024/1825/340 2025/1826/5 2026/1827/340
f 2024/1825/340 2026/1827/340 2027/1828/299
f 2027/1828/299 2026/1827/340 2028/1829/299
f 2025/1826/5 2024/1825/340 2029/1830/5
f 2029/1830/5 2030/1831/300 2025/1826/5
f 2030/1831/300 2029/1830/5 2031/1832/300
f 2030/1831/300 2031/1832/300 2032/1249/304
f 2032/1249/304 2031/1832/300 2033/1833/338
f 2034/1834/304 2035/1835/304 2036/1836/177
f 2036/1836/177 2035/1835/304 2037/1837/177
f 2036/1836/177 2037/1837/177 2038/1838/337
f 2038/1838/337 2037/1837/177 2039/1839/337
f 2040/1257/336 2041/1840/336 2042/1841/301
f 2042/1841/301 2041/1840/336 2043/1842/303
f 2042/1841/301 2043/1842/303 2044/1843/3
f 2045/1844/3 2044/1843/3 2043/1842/303
f 2044/1843/3 2045/1844/3 2046/1845/305
f 2047/1846/305 2048/1847/306 2046/1845/305
f 2047/1846/305 2046/1845/305 2045/1844/3
f 2049/1848/306 2048/1847/306 2047/1846/305
f 2023/1824/334 2022/1823/43 2050/1849/308
f 2051/1850/471 2052/1851/177 2053/1852/471
f 2052/1851/177 2051/1850/471 2054/1853/177
f 2053/1852/471 2055/1854/292 2056/1855/292
f 2053/1852/471 2057/1856/292 2051/1850/471
f 2053/1852/471 2058/1857/177 2059/1858/471
f 2060/1859/472 2061/1860/287 2062/1861/472
f 2060/1859/472 2063/680/287 2061/1860/287
f 2061/1860/287 2064/1862/287 2062/1861/472
f 2062/1861/472 2065/1863/43 2060/1859/472
f 2062/1861/472 2066/1864/472 2067/1865/43
f 2062/1861/472 2064/1862/287 2066/1864/472
f 2068/1866/473 2069/1867/294 2070/1868/295
f 2068/1866/473 1879/1684/455 2071/1869/455
f 2069/1867/294 2068/1866/473 2071/1869/455
f 2070/1868/295 2072/1870/473 2068/1866/473
f 2070/1868/295 2069/1867/294 2073/1871/295
f 2074/1872/457 1878/1683/296 1880/1685/456
f 2074/1872/457 1880/1685/456 1882/1687/457
f 1882/1687/457 1881/1686/456 2075/1873/457
s 0
f 2076/1874/204 1869/1674/204 2077/1875/204
f 1869/1674/204 1868/1673/204 1872/1677/204
f 1869/1674/204 2076/1874/204 1870/1675/204
f 1870/1675/204 2078/1876/204 2079/1877/204
f 1870/1675/204 2076/1874/204 2078/1876/204
s 1
f 2057/1856/292 2053/1852/471 2056/1855/292
f 1879/1684/455 1876/1681/454 2071/1869/455
s 0
f 2080/1878/205 2081/1879/205 2082/1880/205
f 2080/1878/205 2083/1881/205 2084/1882/205
f 2083/1881/205 1483/1296/205 2084/1882/205
f 2083/1881/205 1820/1633/205 1483/1296/205
f 2084/1882/205 2085/1883/205 2081/1879/205
f 2084/1882/205 1671/1484/205 2086/1884/205
f 2084/1882/205 1483/1296/205 1671/1484/205
f 2081/1879/205 2080/1878/205 2084/1882/205
f 2082/1880/205 2081/1879/205 2087/1885/205
s 1
f 1821/1634/43 2088/1886/472 1822/1635/43
s 0
f 1821/1634/43 1487/1300/43 1823/1636/43
s 1
f 2088/1886/472 1821/1634/43 2089/1887/472
f 2089/1887/472 2090/1888/474 2088/1886/472
f 2091/1889/283 2092/1890/283 2093/1891/3
f 2091/1889/283 2094/1892/285 2092/1890/283
f 2093/1891/3 2095/1893/3 2096/1894/288
f 2095/1893/3 2093/1891/3 2092/1890/283
f 2097/1895/285 2094/1892/285 2091/1889/283
f 2098/1896/43 2099/1897/43 2100/1898/286
f 2098/1896/43 2101/1899/297 2099/1897/43
f 2100/1898/286 2099/1897/43 2102/1900/346
f 2103/1901/287 2101/1899/297 2098/1896/43
f 2104/1902/296 2105/1903/297 2106/1904/297
f 2104/1902/296 2107/1905/5 2108/1906/296
f 2105/1903/297 2104/1902/296 2108/1906/296
f 2107/1905/5 2104/1902/296 2109/1907/5
f 2107/1905/5 2110/1908/294 2111/1909/294
f 2110/1908/294 2107/1905/5 2109/1907/5
f 2111/1909/294 2112/1910/295 2113/1911/295
f 2112/1910/295 2111/1909/294 2110/1908/294
f 2114/1912/292 2115/1913/177 2116/1914/177
f 2115/1913/177 2114/1912/292 2117/1915/475
f 2116/1914/177 2118/1916/289 2119/1917/290
f 2118/1916/289 2116/1914/177 2115/1913/177
s 0
f 2120/1918/205 2121/1919/205 2122/1920/205
f 2120/1918/205 2123/1335/205 2121/1919/205
f 2123/1335/205 2124/1921/205 2121/1919/205
f 2123/1335/205 2120/1918/205 2125/1922/205
f 2121/1919/205 2126/1923/205 2127/1924/205
f 2121/1919/205 2124/1921/205 2128/1925/205
f 2124/1921/205 2123/1335/205 2129/1338/205
f 2125/1922/205 2130/1926/205 2131/1927/205
f 2130/1926/205 2125/1922/205 2120/1918/205
f 2126/1923/205 2121/1919/205 2128/1925/205
s 1
f 2132/1928/289 2096/1894/288 2133/1929/288
f 2096/1894/288 2132/1928/289 2134/1930/289
f 2133/1929/288 2096/1894/288 2095/1893/3
s 0
f 2135/1931/204 2136/1932/204 2137/1933/204
f 2136/1932/204 2135/1931/204 2138/1934/204
f 2137/1933/204 2139/1935/204 2140/1936/204
s 1
f 2141/1937/351 2142/1938/177 2143/1939/177
f 2142/1938/177 2141/1937/351 2144/1940/351
f 2143/1939/177 2145/1941/350 2146/1942/350
s 0
f 2139/1935/204 2137/1933/204 2136/1932/204
f 2139/1935/204 2147/1943/204 2140/1936/204
f 2147/1943/204 2139/1935/204 2148/1944/204
f 2148/1944/204 2149/1945/204 2147/1943/204
f 2149/1945/204 2148/1944/204 2150/1946/204
f 2150/1946/204 2151/1947/204 2149/1945/204
f 2151/1947/204 2150/1946/204 2152/1948/204
f 2151/1947/204 2153/1949/204 2154/1950/204
f 2155/1951/204 2156/1952/204 2157/1953/204
f 2156/1952/204 2155/1951/204 2158/1954/204
f 2157/1953/204 2159/1955/204 2155/1951/204
f 2160/1956/204 2156/1952/204 2158/1954/204
f 2161/1957/204 2160/1956/204 2154/1950/204
f 2161/1957/204 2156/1952/204 2160/1956/204
f 2153/1949/204 2161/1957/204 2154/1950/204
f 2153/1949/204 2151/1947/204 2152/1948/204
f 2159/1955/204 2157/1953/204 2162/1958/204
f 2162/1958/204 2163/1959/204 2159/1955/204
f 2163/1959/204 2162/1958/204 2164/1960/204
f 2163/1959/204 2138/1934/204 2135/1931/204
f 2164/1960/204 2138/1934/204 2163/1959/204
f 2165/1961/204 2166/1962/204 2167/1963/204
f 2165/1961/204 2167/1963/204 2168/1964/204
f 2166/1962/204 2165/1961/204 2169/1965/204
f 2168/1964/204 2167/1963/204 2170/1966/204
f 2170/1966/204 2167/1963/204 2171/1967/204
f 2170/1966/204 2171/1967/204 2172/1968/204
f 2172/1968/204 2173/1969/204 2170/1966/204
f 2173/1969/204 2172/1968/204 2174/1970/204
f 2169/1965/204 2165/1961/204 2175/1971/204
f 2169/1965/204 2175/1971/204 2176/1972/204
s 1
f 2177/1901/355 2178/1973/357 2179/1974/355
f 2178/1973/357 2177/1901/355 2180/1975/357
f 2180/1975/357 2181/1976/5 2178/1973/357
f 2182/1977/5 2183/1978/358 2181/1976/5
f 2183/1978/358 2182/1977/5 2184/1979/358
f 2181/1976/5 2180/1975/357 2182/1977/5
f 2184/1979/358 2185/1980/359 2183/1978/358
f 2186/1981/353 2187/1982/352 2188/1983/352
f 2186/1981/353 2189/1984/353 2187/1982/352
f 2188/1983/352 2190/1985/3 2191/1986/3
f 2188/1983/352 2187/1982/352 2190/1985/3
f 2192/1987/354 2193/1988/351 2194/1989/351
f 2192/1987/354 2195/1990/354 2193/1988/351
f 2185/1980/359 2184/1979/358 2196/1991/359
f 2197/1992/43 2198/1993/355 2199/1994/43
f 2197/1992/43 2199/1994/43 2200/1995/360
f 2200/1995/360 2201/1996/360 2197/1992/43
f 2191/1986/3 2195/1990/354 2192/1987/354
f 2191/1986/3 2190/1985/3 2195/1990/354
f 2145/1941/350 2143/1939/177 2142/1938/177
f 2198/1993/355 2197/1992/43 2202/1997/355
f 2203/1998/476 2204/1999/477 2205/2000/374
f 2204/1999/477 2203/1998/476 2206/2001/478
f 2204/1999/477 2207/2002/375 2205/2000/374
f 2204/1999/477 2208/2003/479 2207/2002/375
f 2206/2001/478 2209/2004/370 2210/2005/480
f 2209/2004/370 2206/2001/478 2203/1998/476
f 2210/2005/480 2211/2006/481 2212/2007/482
f 2211/2006/481 2210/2005/480 2209/2004/370
f 2213/2008/366 2212/2007/482 2211/2006/481
f 2213/2008/366 2211/2006/481 2214/2009/483
f 2214/2009/483 2215/2010/361 2216/2011/363
f 2215/2010/361 2217/2012/484 2216/2011/363
f 2216/2011/363 2213/2008/366 2214/2009/483
f 2217/2012/484 2215/2010/361 2218/2013/364
f 2217/2012/484 2219/2014/485 2220/2015/383
f 2219/2014/485 2217/2012/484 2218/2013/364
f 2220/2015/383 2221/2016/382 2222/2017/381
f 2221/2016/382 2220/2015/383 2219/2014/485
f 2222/2017/381 2223/2018/486 2224/2019/486
f 2223/2018/486 2222/2017/381 2221/2016/382
f 2223/2018/486 2225/2020/378 2224/2019/486
f 2225/2020/378 2223/2018/486 2226/2021/377
f 2226/2021/377 2208/2003/479 2225/2020/378
f 2208/2003/479 2226/2021/377 2207/2002/375
f 2227/2022/43 2228/2023/43 2229/2024/360
f 2227/2022/43 2230/2025/385 2228/2023/43
f 2229/2024/360 2228/2023/43 2231/2026/360
f 2232/2027/352 2233/2028/352 2234/2029/353
f 2233/2028/352 2235/2030/353 2234/2029/353
f 2236/2031/355 2230/2025/385 2227/2022/43
f 2237/2032/357 2238/2033/355 2239/2034/357
f 2238/2033/355 2237/2032/357 2240/2035/355
f 2239/2034/357 2241/2036/5 2237/2032/357
f 2241/2036/5 2239/2034/357 2242/2037/5
f 2242/2037/5 2243/2038/358 2241/2036/5
f 2243/2038/358 2242/2037/5 2244/2039/358
f 2244/2039/358 2245/2040/359 2243/2038/358
f 2245/2040/359 2244/2039/358 2246/2041/359
f 2247/2042/177 2248/2043/350 2249/2044/350
f 2247/2042/177 2249/2044/350 2250/2045/177
f 2251/2046/351 2250/2045/177 2252/2047/386
f 2251/2046/351 2247/2042/177 2250/2045/177
f 2253/2048/351 2254/2049/351 2255/2050/354
f 2254/2049/351 2256/2051/354 2255/2050/354
f 2255/2050/354 2256/2051/354 2257/2052/3
f 2256/2051/354 2258/2053/3 2257/2052/3
f 2257/2052/3 2258/2053/3 2232/2027/352
f 2258/2053/3 2233/2028/352 2232/2027/352
f 2259/2054/354 2260/2055/3 2261/2056/436
f 2260/2055/3 2262/2057/352 2263/2058/3
f 2261/2056/436 2260/2055/3 2263/2058/3
f 2263/2058/3 2262/2057/352 2264/2059/352
s 0
f 2085/1883/205 2084/1882/205 2086/1884/205
f 2085/1883/205 2265/2060/205 2266/2061/205
f 2086/1884/205 2267/2062/205 2085/1883/205
f 2086/1884/205 1680/1493/205 2268/2063/205
f 2086/1884/205 1671/1484/205 1680/1493/205
s 1
f 2269/2064/455 2270/2065/454 2271/2066/454
f 2270/2065/454 2269/2064/455 2272/2067/455
f 2271/2066/454 2273/2068/296 2274/2069/296
f 2272/2067/455 2275/2070/487 2276/2071/294
s 0
f 2267/2062/205 2086/1884/205 2268/2063/205
f 2265/2060/205 2085/1883/205 2267/2062/205
s 1
f 2277/2072/3 2278/2073/3 2279/2074/388
f 2278/2073/3 2277/2072/3 2280/2075/352
f 2279/2074/388 2281/2076/354 2282/2077/351
f 2281/2076/354 2279/2074/388 2278/2073/3
f 2283/2078/351 2282/2077/351 2281/2076/354
f 2284/2079/177 2285/2080/177 2286/2081/351
f 2284/2079/177 2287/2082/350 2285/2080/177
f 2286/2081/351 2285/2080/177 2288/2083/386
f 2289/2084/350 2287/2082/350 2284/2079/177
f 2290/2085/359 2291/2086/358 2292/2087/359
f 2291/2086/358 2290/2085/359 2293/2088/358
f 2293/2088/358 2294/2089/5 2291/2086/358
f 2294/2089/5 2293/2088/358 2295/2090/5
f 2294/2089/5 2296/2091/356 2297/2092/357
f 2296/2091/356 2294/2089/5 2295/2090/5
f 2297/2092/357 2298/2093/355 2299/2094/355
f 2298/2093/355 2297/2092/357 2296/2091/356
f 2300/2095/355 2301/2096/355 2302/2097/43
f 2302/2097/43 2301/2096/355 2303/2098/43
f 2303/2098/43 2304/2099/360 2302/2097/43
f 2304/2099/360 2303/2098/43 2305/2100/360
f 2306/2101/352 2280/2075/352 2277/2072/3
f 2280/2075/352 2306/2101/352 2307/2102/353
f 2308/2103/353 2307/2102/353 2306/2101/352
f 2309/2104/488 2310/2105/489 2311/2106/490
f 2309/2104/488 2312/2107/491 2313/2108/488
f 2312/2107/491 2309/2104/488 2314/2109/492
f 2314/2109/492 2315/2110/493 2312/2107/491
f 2316/2111/494 2317/2112/495 2318/2113/496
f 2318/2113/496 2319/2114/497 2316/2111/494
f 2320/2115/498 2318/2113/496 2317/2112/495
f 2321/2116/499 2322/2117/500 2323/2118/501
f 2322/2117/500 2321/2116/499 2324/2119/502
f 2323/2118/501 2325/2120/503 2321/2116/499
f 2324/2119/502 2326/2121/504 2322/2117/500
f 2327/2122/505 2328/2123/506 2329/2124/507
f 2328/2123/506 2330/2125/508 2329/2124/507
f 2328/2123/506 2327/2122/505 2331/2126/509
f 2329/2124/507 2330/2125/508 2332/2127/510
f 2333/2128/511 2334/2129/512 2335/2130/513
f 2334/2129/512 2333/2128/511 2315/2110/493
f 2335/2130/513 2336/2131/514 2333/2128/511
f 2315/2110/493 2314/2109/492 2334/2129/512
f 2337/2132/515 2332/2127/510 2338/2133/516
f 2337/2132/515 2311/2106/490 2310/2105/489
f 2338/2133/516 2311/2106/490 2337/2132/515
f 2330/2125/508 2338/2133/516 2332/2127/510
f 2339/2134/517 2340/2135/518 2341/2136/519
f 2340/2135/518 2320/2115/498 2341/2136/519
f 2340/2135/518 2339/2134/517 2342/2137/520
f 2341/2136/519 2320/2115/498 2317/2112/495
f 2343/2138/521 2344/2139/522 2345/2140/521
f 2343/2138/521 2346/2141/523 2319/2114/497
f 2344/2139/522 2343/2138/521 2326/2121/504
f 2326/2121/504 2324/2119/502 2344/2139/522
f 2347/2142/524 2348/2143/525 2336/2131/514
f 2348/2143/525 2347/2142/524 2349/2144/526
f 2336/2131/514 2335/2130/513 2347/2142/524
f 2349/2144/526 2350/2145/527 2348/2143/525
f 2310/2105/489 2309/2104/488 2313/2108/488
f 2346/2141/523 2343/2138/521 2345/2140/521
f 2346/2141/523 2316/2111/494 2319/2114/497
f 2325/2120/503 2323/2118/501 2351/2146/528
f 2351/2146/528 2352/2147/529 2325/2120/503
f 2353/2148/351 2259/2054/354 2354/2149/351
f 2354/2149/351 2259/2054/354 2261/2056/436
f 2355/2150/177 2356/1581/386 2357/2151/177
f 2357/2151/177 2358/2152/350 2355/2150/177
f 2359/1583/351 2357/2151/177 2356/1581/386
f 2360/2153/350 2355/2150/177 2358/2152/350
f 2361/1603/359 2362/2154/358 2363/1602/359
f 2362/2154/358 2364/2155/5 2365/2156/358
f 2363/1602/359 2362/2154/358 2365/2156/358
f 2365/2156/358 2364/2155/5 2366/2157/5
f 2364/2155/5 2367/2158/356 2366/2157/5
f 2366/2157/5 2367/2158/356 2368/2159/357
f 2367/2158/356 2369/2160/355 2368/2159/357
f 2368/2159/357 2369/2160/355 2370/2161/355
f 2371/2162/355 2372/2163/43 2373/2164/43
f 2372/2163/43 2371/2162/355 2374/2165/437
f 2373/2164/43 2375/2166/360 2376/2167/530
f 2375/2166/360 2373/2164/43 2372/2163/43
f 2262/2057/352 2377/2168/353 2264/2059/352
f 2264/2059/352 2377/2168/353 2378/1588/353
f 2350/2145/527 2349/2144/526 2379/2169/531
f 2350/2145/527 2331/2126/509 2327/2122/505
f 2379/2169/531 2331/2126/509 2350/2145/527
f 2352/2147/529 2351/2146/528 2380/2170/532
f 2380/2170/532 2381/2171/533 2352/2147/529
f 2381/2171/533 2380/2170/532 2382/2172/534
f 2381/2171/533 2342/2137/520 2339/2134/517
f 2382/2172/534 2342/2137/520 2381/2171/533
s 0
f 2383/2173/3 2384/2174/3 2385/2175/3
f 2385/2175/3 2386/2176/3 2383/2173/3
f 2386/2176/3 2385/2175/3 2387/2177/3
s 1
f 2388/2178/455 2389/2179/454 2390/2180/454
f 2389/2179/454 2391/2181/296 1881/1686/456
f 2389/2179/454 2388/2178/455 2392/2182/455
f 2390/2180/454 2389/2179/454 1881/1686/456
f 2393/2183/472 2394/2184/43 2066/1864/472
f 2066/1864/472 2395/2185/297 2393/2183/472
f 2066/1864/472 2064/1862/287 2395/2185/297
f 2067/1865/43 2066/1864/472 2394/2184/43
f 2067/1865/43 2065/1863/43 2062/1861/472
f 2275/2070/487 2272/2067/455 2269/2064/455
f 2276/2071/294 2396/2186/295 2397/2187/295
f 2398/2188/292 2399/2189/471 2400/2190/471
f 2399/2189/471 2398/2188/292 2401/2191/292
f 2400/2190/471 2399/2189/471 1819/1632/177
f 2274/2069/296 2273/2068/296 2402/2192/457
f 2273/2068/296 2271/2066/454 2270/2065/454
f 2402/2192/457 2273/2068/296 2403/2193/297
f 2396/2186/295 2276/2071/294 2275/2070/487
f 2404/2194/287 2090/1888/474 2089/1887/472
f 1818/1631/177 2400/2190/471 1819/1632/177
f 2405/2195/43 2060/1859/472 2065/1863/43
s 0
f 2406/2196/3 2407/2197/3 2387/2177/3
f 2406/2196/3 2387/2177/3 2408/2198/3
f 2387/2177/3 2407/2197/3 2386/2176/3
f 2407/2197/3 2406/2196/3 2409/2199/3
f 2409/2199/3 2410/1089/3 2407/2197/3
s 1
f 2411/2200/535 2412/2201/536 2413/2202/537
f 2411/2200/535 2414/2203/538 2415/2204/539
f 2415/2204/539 2412/2201/536 2411/2200/535
f 2416/2205/538 2415/2204/539 2414/2203/538
f 2055/1854/292 2053/1852/471 2059/1858/471
f 2055/1854/292 2417/2206/471 2418/2207/292
f 2059/1858/471 2419/2208/177 2417/2206/471
f 2075/1873/457 1881/1686/456 2391/2181/296
f 2075/1873/457 2391/2181/296 2420/2209/297
f 2072/1870/473 2421/2210/294 2388/2178/455
f 2072/1870/473 2070/1868/295 2422/2211/295
f 2058/1857/177 2053/1852/471 2052/1851/177
f 2423/2212/540 2424/2213/541 2425/2214/540
f 2424/2213/541 2423/2212/540 2426/2215/542
f 2419/2208/177 2059/1858/471 2058/1857/177
f 2417/2206/471 2055/1854/292 2059/1858/471
f 2421/2210/294 2072/1870/473 2427/2216/295
f 2421/2210/294 2392/2182/455 2388/2178/455
f 2427/2216/295 2072/1870/473 2422/2211/295
s 0
f 2428/1686/543 2429/2217/543 2430/2218/543
f 2429/2217/543 2428/1686/543 2431/1685/543
s 1
f 2432/2219/455 2433/2220/455 2434/2221/544
f 2432/2219/455 2435/2222/454 2433/2220/455
f 2436/2223/544 2434/2221/544 2433/2220/455
f 2437/2218/545 2438/2217/545 2439/2224/454
f 2435/2222/454 2439/2224/454 2438/2217/545
f 2435/2222/454 2432/2219/455 2439/2224/454
s 0
f 2440/2223/546 2441/1870/546 2442/2221/546
f 2443/1866/546 2441/1870/546 2440/2223/546
s 1
f 2412/2201/536 2444/2225/547 2413/2202/537
f 2444/2225/547 2412/2201/536 2445/2226/547
f 2446/2227/548 2424/2213/541 2447/2228/549
f 2446/2227/548 2448/2229/550 2449/2230/551
f 2447/2228/549 2424/2213/541 2426/2215/542
f 2448/2229/550 2446/2227/548 2447/2228/549
f 2450/2231/552 2451/2232/3 2452/2233/553
f 2450/2231/552 2453/2234/554 2454/2235/554
s 0
f 2451/2232/3 2455/2236/3 2456/2237/3
f 2451/2232/3 2456/2237/3 2457/2238/3
s 1
f 2451/2232/3 2450/2231/552 2455/2236/3
f 2453/2234/554 2450/2231/552 2452/2233/553
f 2458/2239/555 2459/2240/555 2460/2241/556
f 2459/2240/555 2458/2239/555 2461/2242/556
s 0
f 2462/2243/5 2463/2244/5 2464/2245/5
s 1
f 2462/2243/5 2465/2246/557 2466/2247/558
f 2465/2246/557 2462/2243/5 2464/2245/5
f 2466/2247/558 2465/2246/557 2467/2248/559
f 2467/2248/559 2465/2246/557 2468/2249/559
f 2469/2250/560 2470/2251/560 2471/2252/560
f 2470/2251/560 2469/2250/560 2472/2253/560
s 0
f 2473/2242/561 2474/2252/561 2475/2251/561
f 2473/2242/561 2475/2251/561 2476/2240/561
s 1
f 2477/2254/562 2478/2255/563 2479/2256/564
f 2478/2255/563 2477/2254/562 2480/2257/565
f 2479/2256/564 2478/2255/563 2481/2258/566
f 2481/2258/566 2478/2255/563 2482/2259/566
f 2483/2260/567 2484/2261/567 2485/2262/567
f 2484/2261/567 2483/2260/567 2486/2263/567
f 2487/2264/568 2488/2265/569 2489/2266/569
f 2487/2264/568 2490/2267/570 2491/2268/571
f 2490/2267/570 2487/2264/568 2492/2269/572
f 2488/2265/569 2487/2264/568 2491/2268/571
f 2493/2270/573 2494/2271/574 2495/2272/574
f 2494/2271/574 2493/2270/573 2496/2273/573
s 0
f 2497/2272/575 2498/2260/575 2499/2270/575
f 2498/2260/575 2497/2272/575 2500/2263/575
s 1
f 2501/2274/576 2502/2275/577 2503/2276/577
f 2503/2276/577 2504/2277/578 2501/2274/576
f 2503/2276/577 2505/2278/579 2506/2279/580
f 2507/2280/581 2508/2281/582 2509/2282/583
f 2508/2281/582 2510/2283/584 2511/2284/585
f 2508/2281/582 2507/2280/581 2512/2285/586
f 2509/2282/583 2513/2286/587 2507/2280/581
f 2512/2285/586 2510/2283/584 2508/2281/582
f 2505/2278/579 2503/2276/577 2502/2275/577
f 2506/2279/580 2514/2287/588 2515/2288/589
f 2513/2286/587 2516/2289/590 2517/2290/591
f 2513/2286/587 2509/2282/583 2518/2291/592
f 2514/2287/588 2506/2279/580 2505/2278/579
f 2514/2287/588 2519/2292/593 2515/2288/589
f 2519/2292/593 2514/2287/588 2520/2293/594
f 2516/2289/590 2513/2286/587 2518/2291/592
f 2517/2290/591 2521/2294/595 2522/2295/596
f 2523/2296/597 2524/2297/598 2525/2298/599
f 2525/2298/599 2526/2299/600 2523/2296/597
f 2525/2298/599 2527/2300/601 2528/2301/602
f 2527/2300/601 2525/2298/599 2524/2297/598
f 2528/2301/602 2529/2302/603 2530/2303/604
f 2531/2304/605 2532/2305/606 2533/2306/607
f 2532/2305/606 2534/2307/608 2535/2308/609
f 2532/2305/606 2531/2304/605 2536/2309/610
f 2533/2306/607 2537/2310/611 2531/2304/605
f 2536/2309/610 2534/2307/608 2532/2305/606
f 2529/2302/603 2528/2301/602 2527/2300/601
f 2529/2302/603 2521/2294/595 2530/2303/604
f 2537/2310/611 2538/2311/612 2539/2312/613
f 2537/2310/611 2533/2306/607 2540/2313/614
f 2538/2311/612 2519/2292/593 2520/2293/594
f 2538/2311/612 2520/2293/594 2539/2312/613
f 2538/2311/612 2537/2310/611 2540/2313/614
f 2521/2294/595 2517/2290/591 2516/2289/590
f 2521/2294/595 2529/2302/603 2522/2295/596
s 0
f 2463/2244/5 2462/2243/5 2541/2314/5
f 2542/2254/615 2543/2315/615 2544/2257/615
s 1
f 2543/2315/616 2542/2254/616 2545/2316/616
f 2546/2267/617 2547/2317/617 2548/2318/617
s 0
f 2547/2317/618 2546/2267/618 2549/2269/618
f 2550/2319/5 2551/2320/5 2552/2321/5
s 1
f 2550/2319/5 2553/2322/557 2554/2323/619
f 2553/2322/557 2550/2319/5 2552/2321/5
f 2554/2323/619 2553/2322/557 2555/2324/620
f 2555/2324/620 2553/2322/557 2556/2325/559
f 2557/2326/560 2558/2327/560 2559/2328/560
f 2558/2327/560 2557/2326/560 2560/2329/560
f 2561/2330/621 2562/2331/3 2563/2332/553
f 2561/2330/621 2564/2333/622 2565/2334/554
f 2562/2331/3 2561/2330/621 2566/2335/3
s 0
f 2562/2331/3 2567/2336/3 2568/2337/3
s 1
f 2564/2333/622 2561/2330/621 2563/2332/553
f 2569/2338/623 2570/2339/556 2571/2340/556
f 2570/2339/556 2569/2338/623 2572/2341/556
s 0
f 2573/2328/561 2574/2339/561 2575/2341/561
f 2574/2339/561 2573/2328/561 2576/2327/561
s 1
f 2577/2342/568 2578/2343/569 2579/2344/569
f 2577/2342/568 2580/2345/570 2581/2346/571
f 2580/2345/570 2577/2342/568 2582/2347/572
f 2578/2343/569 2577/2342/568 2581/2346/571
f 2583/2348/573 2584/2349/573 2585/2350/573
f 2584/2349/573 2583/2348/573 2586/2351/573
f 2587/2352/562 2588/2353/563 2589/2354/624
f 2588/2353/563 2587/2352/562 2590/2355/565
f 2589/2354/624 2588/2353/563 2591/2356/566
f 2591/2356/566 2588/2353/563 2592/2357/566
f 2593/2358/567 2594/2359/567 2595/2360/567
f 2594/2359/567 2593/2358/567 2596/2361/567
s 0
f 2597/2348/575 2598/2361/575 2599/2358/575
f 2598/2361/575 2597/2348/575 2600/2350/575
s 1
f 2601/2362/610 2602/2363/608 2603/2364/606
f 2603/2364/606 2602/2363/608 2604/2365/625
f 2603/2364/606 2605/2366/605 2601/2362/610
f 2606/2367/626 2607/2368/599 2608/2369/601
f 2606/2367/626 2609/2370/603 2610/2371/604
f 2607/2368/599 2611/2372/597 2612/2373/598
f 2608/2369/601 2607/2368/599 2612/2373/598
f 2605/2366/605 2603/2364/606 2613/2374/627
f 2613/2374/627 2614/2375/611 2605/2366/605
f 2609/2370/603 2615/2376/595 2610/2371/604
f 2609/2370/603 2606/2367/626 2608/2369/601
f 2614/2375/611 2616/2377/612 2617/2378/628
f 2614/2375/611 2613/2374/627 2618/2379/629
f 2618/2379/629 2616/2377/612 2614/2375/611
f 2616/2377/612 2619/2380/593 2617/2378/628
f 2615/2376/595 2609/2370/603 2620/2381/596
f 2620/2381/596 2621/2382/590 2615/2376/595
f 2622/2383/584 2623/2384/582 2624/2385/586
f 2623/2384/582 2622/2383/584 2625/2386/585
f 2623/2384/582 2626/2387/581 2624/2385/586
f 2626/2387/581 2623/2384/582 2627/2388/583
f 2627/2388/583 2628/2389/630 2626/2387/581
f 2629/2390/580 2630/2391/631 2631/2392/632
f 2629/2390/580 2632/2393/588 2633/2394/633
f 2630/2391/631 2634/2395/576 2635/2396/631
f 2631/2392/632 2630/2391/631 2635/2396/631
f 2628/2389/630 2621/2382/590 2636/2397/591
f 2628/2389/630 2627/2388/583 2637/2398/592
f 2637/2398/592 2621/2382/590 2628/2389/630
f 2632/2393/588 2619/2380/593 2633/2394/633
f 2632/2393/588 2629/2390/580 2631/2392/632
f 2619/2380/593 2632/2393/588 2638/2399/634
f 2638/2399/634 2617/2378/628 2619/2380/593
f 2621/2382/590 2620/2381/596 2636/2397/591
s 0
f 2551/2320/5 2550/2319/5 2639/2400/5
s 1
f 2634/2395/576 2630/2391/631 2640/2401/576
f 2611/2372/597 2607/2368/599 2641/2402/600
s 0
f 2567/2336/3 2562/2331/3 2566/2335/3
f 2642/2345/618 2643/2347/618 2644/2403/618
s 1
f 2642/2345/617 2644/2403/617 2645/2404/617
s 0
f 2646/2352/615 2647/2405/615 2648/2355/615
s 1
f 2647/2405/616 2646/2352/616 2649/2406/616
f 2650/2407/635 2651/2408/636 2652/2409/637
f 2650/2407/635 2653/2410/638 2654/2411/635
f 2651/2408/636 2650/2407/635 2654/2411/635
f 2652/2409/637 2655/2412/639 2656/2413/640
s 0
f 2657/2414/641 2658/2415/641 2659/2416/641
f 2658/2415/641 2660/2417/641 2659/2416/641
s 1
f 2661/2418/642 2662/2419/643 2663/2420/644
f 2661/2418/642 2664/2421/645 2665/2422/646
f 2661/2418/642 2666/2423/647 2667/2424/648
f 2662/2419/643 2661/2418/642 2667/2424/648
f 2663/2420/644 2668/2425/649 2661/2418/642
s 0
f 2669/2426/650 2670/2427/650 2671/2428/650
f 2670/2427/650 2672/2429/650 2671/2428/650
s 1
f 2673/2430/651 2674/2431/652 2675/2432/653
f 2674/2431/652 2676/2433/654 2677/2434/655
f 2674/2431/652 2673/2430/651 2678/2435/656
f 2674/2431/652 2679/2436/657 2675/2432/653
f 2677/2434/655 2680/2437/658 2681/2438/659
f 2677/2434/655 2682/2439/660 2674/2431/652
f 2680/2437/658 2677/2434/655 2676/2433/654
f 2681/2438/659 2683/2440/661 2677/2434/655
f 2676/2433/654 2674/2431/652 2678/2435/656
f 2684/2441/662 2685/2442/663 2686/2443/663
f 2684/2441/662 2687/2444/664 2688/1065/662
f 2687/2444/664 2684/2441/662 2653/2410/638
f 2653/2410/638 2650/2407/635 2687/2444/664
f 2689/2445/665 2690/2446/666 2668/2425/649
f 2689/2445/665 2691/2447/667 2692/2448/667
f 2690/2446/666 2689/2445/665 2692/2448/667
f 2668/2425/649 2693/2449/666 2664/2421/645
f 2668/2425/649 2663/2420/644 2689/2445/665
f 2694/2450/668 2695/2451/669 2696/2452/668
f 2695/2451/669 2694/2450/668 2697/2453/669
f 2696/2452/668 2698/2454/670 2694/2450/668
s 0
f 2699/2455/671 2700/2456/671 2701/2457/671
f 2700/2456/671 2699/2455/671 2702/2458/671
s 1
f 2691/2447/667 2689/2445/665 2703/2459/666
s 0
f 2704/2460/672 2705/2461/672 2706/2462/672
f 2704/2460/672 2707/2463/672 2705/2461/672
s 1
f 2708/2464/659 2709/2465/659 2683/2440/661
f 2683/2440/661 2710/2466/659 2708/2464/659
f 2683/2440/661 2681/2438/659 2710/2466/659
f 2693/2449/666 2668/2425/649 2690/2446/666
f 2664/2421/645 2661/2418/642 2668/2425/649
f 2666/2423/647 2661/2418/642 2665/2422/646
f 2711/2467/673 2712/2468/674 2713/2469/675
f 2711/2467/673 2686/2443/663 2685/2442/663
f 2685/2442/663 2684/2441/662 2688/1065/662
f 2685/2442/663 2712/2468/674 2711/2467/673
f 2712/2468/674 2714/2470/676 2713/2469/675
s 0
f 2715/2471/659 2716/2472/659 2717/2473/659
f 2715/2471/659 2718/2474/659 2719/2475/659
f 2716/2472/659 2715/2471/659 2719/2475/659
f 2720/2476/659 2721/2477/659 2722/2478/659
f 2721/2477/659 2720/2476/659 2718/2474/659
f 2718/2474/659 2715/2471/659 2721/2477/659
s 1
f 2723/2479/677 2724/2480/677 2725/2481/677
f 2724/2480/677 2723/2479/677 2726/2482/677
f 2714/2470/676 2656/2413/640 2655/2412/639
f 2714/2470/676 2655/2412/639 2713/2469/675
f 2655/2412/639 2652/2409/637 2651/2408/636
f 2727/2483/678 2728/2484/679 2729/2485/679
f 2728/2484/679 2727/2483/678 2730/2486/678
s 0
f 2729/2485/679 2731/2413/679 2732/2487/679
s 1
f 2730/2486/678 2727/2483/678 2733/2488/680
f 2730/2486/678 2733/2488/680 2734/2489/680
s 0
f 2731/2413/679 2729/2485/679 2728/2484/679
f 2735/2490/666 2736/2491/666 2737/2492/666
f 2736/2491/667 2735/2490/667 2738/2493/667
f 2738/2493/667 2739/2494/667 2740/2495/667
f 2739/2494/666 2738/2493/666 2735/2490/666
f 2741/2496/667 2742/2497/667 2739/2494/667
f 2742/2497/667 2740/2495/667 2739/2494/667
s 1
f 2743/2498/681 2744/2499/681 2745/2500/681
f 2743/2498/681 2746/2501/681 2744/2499/681
f 2747/2502/682 2748/2503/683 2749/2504/682
f 2748/2503/683 2750/2505/683 2751/2506/684
f 2748/2503/683 2747/2502/682 2750/2505/683
s 0
f 2749/2504/682 2752/2507/682 2747/2502/682
s 1
f 2753/2508/684 2751/2506/684 2750/2505/683
s 0
f 2752/2507/682 2749/2504/682 2754/2509/682
f 2755/2510/685 2756/2511/685 2757/2512/685
f 2756/2511/685 2755/2510/685 2758/2513/685
f 2759/2514/686 2760/2515/686 2761/2516/686
f 2759/2514/686 2762/2517/686 2760/2515/686
f 2763/2518/687 2764/2519/687 2765/2520/687
f 2764/2519/687 2763/2518/687 2766/2521/687
f 2767/2522/658 2768/2523/658 2769/2524/658
f 2767/2522/658 2770/2525/658 2768/2523/658
f 2769/2524/658 2771/2526/658 2772/2527/658
f 2773/2528/658 2769/2524/658 2768/2523/658
f 2771/2526/659 2769/2524/659 2773/2528/659
f 2774/2529/688 2775/2530/688 2776/2531/688
f 2776/2531/688 2775/2530/688 2777/2532/688
f 2778/2533/667 2779/2534/667 2780/2535/667
f 2778/2533/666 2781/2536/666 2782/2537/666
f 2781/2536/667 2778/2533/667 2780/2535/667
f 2782/2537/666 2783/2538/666 2784/2539/666
s 1
f 2785/2540/689 2786/2541/689 2787/2542/689
f 2787/2542/689 2786/2541/689 2788/2543/689
s 0
f 2783/2538/667 2782/2537/667 2781/2536/667
f 2779/2534/667 2778/2533/667 2789/2544/667
f 2790/2545/659 2770/2525/659 2767/2522/659
s 1
f 2791/2417/690 2792/2546/690 2793/2416/690
f 2792/2546/690 2791/2417/690 2794/2547/690
f 2792/2546/690 2794/2547/690 2795/2548/690
f 2794/2547/690 2796/2549/690 2795/2548/690
f 2679/2436/657 2674/2431/652 2682/2439/660
f 2682/2439/660 2677/2434/655 2683/2440/661
s 0
f 2797/2550/650 2798/2551/650 2669/2426/650
f 2798/2551/650 2670/2427/650 2669/2426/650
s 1
f 2698/2454/670 2696/2452/668 2799/2552/670
s 0
f 2800/2553/691 2801/2554/691 2802/2555/691
f 2801/2554/691 2800/2553/691 2803/2556/691
f 2802/2555/691 2801/2554/691 2804/2557/691
f 2802/2555/691 2804/2557/691 2805/2558/691
f 2806/2559/692 2807/2560/692 2808/2561/692
f 2807/2560/692 2806/2559/692 2809/2562/692
f 2808/2561/692 2810/2563/692 2806/2559/692
f 2810/2563/692 2808/2561/692 2811/2564/692
f 2812/2565/693 2813/2566/693 2814/2567/693
f 2812/2565/693 2815/2568/693 2816/2569/693
f 2813/2566/693 2812/2565/693 2816/2569/693
f 2817/2570/694 2818/2571/694 2819/2572/694
f 2817/2570/694 2820/2573/694 2821/2574/694
f 2818/2571/694 2817/2570/694 2821/2574/694
f 2822/2575/694 2820/2573/694 2817/2570/694
f 2823/2576/695 2824/2577/695 2825/2578/695
f 2824/2577/695 2823/2576/695 2826/2579/695
f 2827/2580/696 2828/2581/696 2829/2582/696
f 2828/2581/696 2827/2580/696 2830/2583/696
f 2831/2584/693 2815/2568/693 2812/2565/693
f 2832/2585/659 2833/2586/659 2834/2587/659
f 2832/2585/659 2835/2588/659 2836/2589/659
f 2832/2585/659 2836/2589/659 2837/2590/659
f 2833/2586/659 2832/2585/659 2838/2591/659
f 2834/2587/659 2839/2592/659 2840/2593/659
f 2834/2587/659 2833/2586/659 2839/2592/659
f 2838/2591/659 2832/2585/659 2841/2594/659
f 2842/2595/658 2843/2596/658 2844/2597/658
f 2842/2595/659 2845/2598/659 2843/2596/659
f 2845/2598/659 2832/2585/659 2834/2587/659
f 2845/2598/659 2835/2588/659 2832/2585/659
f 2843/2596/658 2845/2598/658 2846/2599/658
f 2836/2589/659 2847/2600/659 2848/2601/659
f 2836/2589/659 2835/2588/659 2847/2600/659
f 2835/2588/659 2845/2598/659 2842/2595/659
f 2844/2597/659 2843/2596/659 2849/2602/659
f 2850/2603/667 2851/2604/667 2852/2605/667
f 2851/2604/666 2853/2606/666 2854/2607/666
f 2851/2604/667 2855/2608/667 2853/2606/667
f 2851/2604/666 2856/2609/666 2855/2608/666
f 2852/2605/667 2851/2604/667 2857/2610/667
f 2852/2605/667 2858/2611/667 2859/2612/667
f 2852/2605/667 2860/2613/667 2858/2611/667
f 2861/2614/666 2851/2604/666 2862/2615/666
f 2861/2614/667 2857/2610/667 2851/2604/667
f 2857/2610/667 2861/2614/667 2863/2616/667
f 2863/2616/667 2861/2614/667 2864/2617/667
f 2860/2613/667 2852/2605/667 2857/2610/667
f 2858/2611/666 2865/2618/666 2866/2619/666
f 2858/2611/667 2860/2613/667 2865/2618/667
f 2856/2609/666 2850/2603/666 2867/2620/666
f 2856/2609/667 2851/2604/667 2850/2603/667
s 1
f 2868/2621/697 2869/2622/698 2870/2623/699
f 2869/2622/698 2868/2621/697 2871/2624/697
f 2871/2624/697 2872/2625/700 2873/2626/700
f 2874/2627/701 2875/2628/702 2876/2629/701
f 2875/2628/702 2874/2627/701 2877/2630/702
f 2876/2629/701 2878/2631/703 2874/2627/701
f 2877/2630/702 2879/2632/704 2875/2628/702
f 2872/2625/700 2871/2624/697 2868/2621/697
f 2873/2626/700 2880/2633/705 2881/2634/705
f 2878/2631/703 2876/2629/701 2882/2635/703
f 2882/2635/703 2883/2636/706 2878/2631/703
f 2880/2633/705 2873/2626/700 2872/2625/700
f 2881/2634/705 2884/2637/707 2885/2638/707
f 2883/2636/706 2882/2635/703 2886/2639/706
f 2887/2640/708 2888/2641/708 2889/2642/709
f 2888/2641/708 2887/2640/708 2890/2643/710
f 2889/2642/709 2891/2644/709 2892/2645/711
f 2891/2644/709 2889/2642/709 2888/2641/708
f 2884/2637/707 2881/2634/705 2880/2633/705
f 2885/2638/707 2893/2646/712 2894/2647/712
f 2895/2648/713 2896/2649/706 2897/2650/713
f 2895/2648/713 2898/2651/714 2899/2652/714
f 2896/2649/706 2895/2648/713 2900/761/715
f 2901/2653/716 2890/2643/710 2887/2640/708
f 2890/2643/710 2901/2653/716 2902/2654/717
f 2893/2646/712 2885/2638/707 2884/2637/707
f 2898/2651/714 2895/2648/713 2897/2650/713
f 2899/2652/714 2903/2655/718 2904/2656/718
f 2905/2657/717 2902/2654/717 2901/2653/716
f 2905/2657/717 2906/2658/704 2902/2654/717
f 2907/2659/719 2892/2645/711 2891/2644/709
f 2903/2655/718 2899/2652/714 2898/2651/714
f 2903/2655/718 2908/2660/720 2904/2656/718
f 2906/2658/704 2905/2657/717 2909/2661/704
f 2908/2660/720 2903/2655/718 2910/2662/721
f 2879/2632/704 2877/2630/702 2911/2663/704
s 0
f 2912/2664/659 2913/2665/659 2914/2666/659
f 2913/2665/659 2915/2667/659 2916/2668/659
f 2915/2667/659 2917/2669/659 2916/2668/659
f 2915/2667/659 2918/2670/659 2919/2671/659
f 2915/2667/658 2919/2671/658 2920/2672/658
f 2917/2669/659 2915/2667/659 2921/2673/659
f 2916/2668/659 2922/2674/659 2923/2675/659
f 2916/2668/659 2917/2669/659 2922/2674/659
f 2921/2673/658 2915/2667/658 2924/2676/658
f 2925/2677/659 2913/2665/659 2912/2664/659
f 2925/2677/658 2912/2664/658 2926/2678/658
f 2918/2670/659 2915/2667/659 2913/2665/659
f 2918/2670/659 2913/2665/659 2925/2677/659
f 2919/2671/659 2927/2679/659 2928/2680/659
f 2919/2671/659 2918/2670/659 2927/2679/659
f 2926/2678/659 2912/2664/659 2929/2681/659
f 2930/2682/667 2931/2683/667 2932/2684/667
f 2930/2682/667 2933/2685/667 2934/2686/667
f 2930/2682/666 2932/2684/666 2933/2685/666
f 2930/2682/667 2935/2687/667 2936/2688/667
f 2935/2687/666 2937/2689/666 2938/2690/666
f 2935/2687/667 2938/2690/667 2939/2691/667
f 2935/2687/667 2930/2682/667 2940/2692/667
f 2941/2693/667 2930/2682/667 2942/2694/667
f 2941/2693/667 2940/2692/667 2930/2682/667
f 2940/2692/667 2941/2693/667 2943/2695/667
f 2943/2695/667 2941/2693/667 2944/2696/667
f 2937/2689/667 2935/2687/667 2940/2692/667
f 2938/2690/666 2937/2689/666 2945/2697/666
f 2938/2690/666 2945/2697/666 2946/2698/666
f 2931/2683/667 2936/2688/667 2947/2699/667
f 2931/2683/667 2930/2682/667 2936/2688/667
s 1
f 2948/2700/722 2949/2701/723 2950/2702/723
f 2949/2701/723 2948/2700/722 2951/2703/722
f 2949/2701/723 2952/2704/724 2950/2702/723
f 2953/2705/725 2954/2706/726 2955/2707/725
f 2954/2706/726 2953/2705/725 2956/2708/726
f 2955/2707/725 2957/2709/727 2953/2705/725
f 2956/2708/726 2958/2710/728 2954/2706/726
f 2959/2711/729 2960/2712/730 2961/2713/730
f 2960/2712/730 2959/2711/729 2962/2714/729
f 2962/2714/729 2963/2715/731 2964/2716/731
f 2957/2709/727 2955/2707/725 2965/2717/727
f 2965/2717/727 2966/2718/732 2957/2709/727
f 2963/2715/731 2962/2714/729 2959/2711/729
f 2964/2716/731 2967/2719/733 2968/2720/733
f 2966/2718/732 2965/2717/727 2969/2721/732
f 2969/2721/732 2970/2722/734 2966/2718/732
f 2971/2723/735 2972/2724/735 2973/2725/736
f 2972/2724/735 2971/2723/735 2974/2726/737
f 2973/2725/736 2975/2727/736 2976/2728/738
f 2975/2727/736 2973/2725/736 2972/2724/735
f 2967/2719/733 2964/2716/731 2963/2715/731
f 2968/2720/733 2977/2729/739 2978/2730/740
f 2970/2722/734 2969/2721/732 2979/2731/741
f 2980/2732/737 2974/2726/737 2971/2723/735
f 2974/2726/737 2980/2732/737 2981/2733/742
f 2977/2729/739 2968/2720/733 2967/2719/733
f 2982/2734/743 2983/2735/744 2984/2736/745
f 2983/2735/744 2982/2734/743 2985/2737/743
f 2985/2737/743 2952/2704/724 2986/2738/724
f 2987/2739/742 2988/2740/746 2981/2733/742
f 2987/2739/742 2981/2733/742 2980/2732/737
f 2989/2741/747 2976/2728/738 2975/2727/736
f 2952/2704/724 2985/2737/743 2982/2734/743
f 2952/2704/724 2949/2701/723 2986/2738/724
f 2988/2740/746 2987/2739/742 2990/2742/746
f 2958/2710/728 2956/2708/726 2991/2743/728
s 0
f 2992/2744/692 2993/2745/692 2994/2746/692
f 2992/2744/692 2995/2747/692 2993/2745/692
f 2994/2746/692 2993/2745/692 2996/2748/692
s 1
f 2997/2749/748 2998/2750/691 2999/2751/691
f 2997/2749/748 3000/2752/749 3001/2753/748
f 2998/2750/691 2997/2749/748 3001/2753/748
s 0
f 2995/2747/692 2992/2744/692 3002/2754/692
s 1
f 3003/2755/750 3004/2756/751 3005/2757/751
f 3004/2756/751 3003/2755/750 3006/2758/752
f 3006/2758/752 3007/2759/753 3008/2760/753
f 3009/2761/754 3010/2762/755 3011/2763/756
f 3010/2762/755 3009/2761/754 3012/2764/755
s 0
f 3013/2765/757 3014/2766/757 3015/2767/757
f 3014/2766/757 3013/2765/757 3016/2768/757
f 3017/2769/758 3018/2770/758 3019/2771/758
f 3018/2770/758 3017/2769/758 3020/2772/758
s 1
f 3007/2759/753 3006/2758/752 3003/2755/750
f 3021/2773/759 3011/2763/756 3022/2774/759
f 3021/2773/759 3009/2761/754 3011/2763/756
f 3000/2752/749 2997/2749/748 3023/2775/749
s 0
f 3024/2776/692 3025/2777/692 3026/2778/692
f 3025/2777/692 3024/2776/692 3027/2779/692
f 3026/2778/692 3028/2780/692 3029/2781/692
s 1
f 3030/2782/760 3031/2783/691 3032/2784/760
f 3030/2782/760 3033/2785/761 3034/2786/761
f 3031/2783/691 3030/2782/760 3035/2787/691
s 0
f 3028/2780/692 3026/2778/692 3025/2777/692
s 1
f 3036/2788/762 3037/2789/763 3038/2790/763
f 3037/2789/763 3036/2788/762 3039/2791/764
f 3039/2791/764 3040/2792/765 3041/2793/765
f 3042/2794/766 3043/2795/767 3044/2796/768
f 3043/2795/767 3042/2794/766 3045/2797/767
s 0
f 3046/2798/769 3047/2799/769 3048/2800/769
f 3047/2799/769 3046/2798/769 3049/2801/769
f 3050/2802/770 3051/2803/770 3052/2804/770
f 3051/2803/770 3050/2802/770 3053/2805/770
s 1
f 3040/2792/765 3039/2791/764 3036/2788/762
f 3054/2806/771 3042/2794/766 3044/2796/768
f 3054/2806/771 3044/2796/768 3055/2807/771
f 3033/2785/761 3030/2782/760 3032/2784/760
s 0
f 3056/2808/772 3057/2809/772 3058/2810/772
f 3057/2809/772 3056/2808/772 3059/2811/772
f 3060/2812/773 3061/2813/773 3062/2808/773
f 3060/2812/773 3062/2808/773 3063/2810/773
f 3064/2814/774 3065/2813/774 3066/2812/774
f 3064/2814/774 3067/2815/774 3065/2813/774
f 3068/2816/775 3069/2817/775 3070/2818/775
f 3070/2818/776 3071/2819/776 3068/2816/776
f 3072/2818/777 3073/2820/777 3074/2819/777
f 3073/2820/777 3072/2818/777 3075/2821/777
f 3076/2822/778 3077/2823/778 3078/2824/778
f 3077/2823/778 3076/2822/778 3079/2825/778
f 3080/2823/779 3081/2825/779 3082/2826/779
f 3080/2823/779 3082/2826/779 3083/2827/779
f 3084/2827/780 3085/2826/780 3086/2828/780
f 3084/2827/780 3086/2828/780 3087/2829/780
f 3088/2830/781 3089/2831/781 3090/2832/781
f 3088/2830/781 3090/2832/781 3091/2833/781
f 3089/2831/781 3092/2834/781 3093/2835/781
f 3092/2834/781 3089/2831/781 3088/2830/781
f 3093/2835/781 3092/2834/781 3094/2836/781
f 3094/2836/781 3092/2834/781 3095/2837/781
f 3094/2836/781 3095/2837/781 3096/2838/781
f 3094/2836/781 3096/2838/781 3097/2839/781
f 3098/2840/782 3099/2841/782 3100/2842/782
f 3099/2841/783 3098/2840/783 3101/2843/783
f 3102/2844/784 3103/2845/784 3104/2846/784
f 3102/2844/784 3105/2847/784 3103/2845/784
f 3103/2845/784 3106/2848/784 3104/2846/784
f 3107/2849/784 3106/2848/784 3108/2850/784
f 3106/2848/784 3103/2845/784 3108/2850/784
f 3106/2848/784 3107/2849/784 3109/2851/784
f 3105/2847/784 3102/2844/784 3110/2852/784
f 3110/2852/784 3102/2844/784 3111/2853/784
f 3112/2841/785 3113/2843/785 3114/2854/785
s 1
f 3114/2854/786 3115/2855/786 3112/2841/786
f 3116/2856/773 3117/2857/787 3118/2858/787
f 3116/2856/773 3119/2859/788 3120/2860/773
f 3117/2857/787 3116/2856/773 3120/2860/773
f 3118/2858/787 3117/2857/787 3121/2861/789
f 3120/2860/773 3119/2859/788 3122/2862/790
f 3121/2861/789 3123/2863/789 3118/2858/787
f 3122/2862/790 3119/2859/788 3124/2864/791
f 3122/2862/790 3124/2864/791 3125/2865/792
f 3126/2866/793 3127/2867/794 3128/2868/795
f 3127/2867/794 3126/2866/793 3129/2869/795
f 3130/2870/796 3131/2253/797 3132/2871/798
f 3130/2870/796 3133/2872/799 3134/2873/796
f 3130/2870/796 3135/2874/799 3133/2872/799
f 3135/2874/799 3136/2875/800 3133/2872/799
f 3136/2875/800 3135/2874/799 3137/2876/801
f 3138/2877/779 3139/2878/802 3140/2879/802
f 3139/2878/802 3141/2880/803 3140/2879/802
f 3140/2879/802 3142/2881/779 3138/2877/779
f 3142/2881/779 3143/2882/804 3144/2883/805
f 3142/2881/779 3144/2883/805 3138/2877/779
f 3141/2880/803 3139/2878/802 3145/2884/803
f 3143/2882/804 3146/2885/806 3144/2883/805
f 3147/2886/807 3146/2885/806 3143/2882/804
f 3148/2887/808 3149/2888/809 3150/2889/808
f 3149/2888/809 3148/2887/808 3151/2890/808
f 3131/2253/797 3130/2870/796 3134/2873/796
s 0
f 3152/2889/810 3153/2867/810 3154/2869/810
f 3153/2867/810 3152/2889/810 3155/2888/810
s 1
f 3156/2891/811 3157/2892/812 3158/2893/813
f 3157/2892/812 3159/2894/814 3158/2893/813
f 3158/2893/813 3160/2895/815 3156/2891/811
f 3160/2895/815 3161/2896/816 3156/2891/811
f 3160/2895/815 3162/2897/817 3161/2896/816
f 3159/2894/814 3157/2892/812 3163/2898/814
f 3161/2896/816 3162/2897/817 3164/2899/818
f 3165/2900/818 3164/2899/818 3162/2897/817
f 3166/2901/819 3167/2902/819 3168/2903/819
f 3167/2902/819 3166/2901/819 3169/2904/819
f 3170/2905/820 3171/2906/821 3172/2907/820
f 3172/2907/820 3173/2908/822 3170/2905/820
f 3174/2909/821 3175/2910/823 3176/2911/823
f 3174/2909/821 3172/2907/820 3171/2906/821
f 3175/2910/823 3174/2909/821 3171/2906/821
f 3177/2912/824 3178/2913/825 3179/2914/826
f 3177/2912/824 3180/2915/827 3181/2916/828
f 3178/2913/825 3177/2912/824 3181/2916/828
f 3179/2914/826 3178/2913/825 3182/2917/829
f 3181/2916/828 3180/2915/827 3183/2918/830
f 3182/2917/829 3184/2919/829 3179/2914/826
f 3183/2918/830 3180/2915/827 3185/2920/831
f 3183/2918/830 3185/2920/831 3186/2921/832
f 3187/2922/833 3188/2923/833 3189/2924/833
f 3188/2923/833 3187/2922/833 3190/2925/833
f 3173/2908/822 3172/2907/820 3191/2926/822
f 3192/2925/834 3193/2902/834 3194/2923/834
s 0
f 3193/2902/834 3192/2925/834 3195/2903/834
f 3196/2927/835 3197/2928/835 3198/2929/835
f 3197/2928/835 3196/2927/835 3199/2930/835
f 3198/2929/835 3200/2931/835 3201/2932/835
f 3202/2933/836 3203/2934/836 3204/2935/836
f 3203/2934/836 3202/2933/836 3205/2936/836
f 3204/2935/836 3206/2937/836 3207/2938/836
f 3204/2935/836 3207/2938/836 3202/2933/836
s 1
f 3208/2939/837 3209/2927/838 3210/2940/839
f 3209/2927/838 3208/2939/837 3211/2930/838
f 3210/2940/839 3212/2941/840 3208/2939/837
f 3213/2934/841 3214/2942/842 3215/2943/843
f 3214/2942/842 3213/2934/841 3216/2936/841
f 3215/2943/843 3217/2944/844 3218/2945/845
f 3212/2941/840 3210/2940/839 3219/2946/846
f 3212/2941/840 3220/2947/847 3221/2948/848
f 3217/2944/844 3215/2943/843 3214/2942/842
f 3217/2944/844 3222/2949/849 3223/2950/850
f 3223/2950/850 3224/2951/851 3225/2952/852
f 3223/2950/850 3218/2945/845 3217/2944/844
f 3220/2947/847 3212/2941/840 3219/2946/846
f 3221/2948/848 3226/2953/853 3227/2954/854
s 0
f 3200/2931/835 3198/2929/835 3197/2928/835
f 3207/2938/836 3228/2955/836 3229/2956/836
f 3228/2955/836 3207/2938/836 3206/2937/836
f 3228/2955/836 3230/2957/836 3231/2958/836
f 3228/2955/836 3231/2958/836 3229/2956/836
s 1
f 3232/2959/835 3233/2960/835 3234/2961/835
s 0
f 3232/2959/835 3235/2962/835 3233/2960/835
f 3232/2959/835 3234/2961/835 3200/2931/835
f 3234/2961/835 3201/2932/835 3200/2931/835
f 3236/2963/835 3237/2964/835 3238/2965/835
f 3238/2965/835 3239/2966/835 3236/2963/835
f 3239/2966/835 3240/2967/835 3241/2968/835
f 3239/2966/835 3241/2968/835 3236/2963/835
f 3242/2969/836 3243/2970/836 3244/2971/836
f 3243/2970/836 3242/2969/836 3245/2972/836
f 3245/2972/836 3246/2973/836 3247/2974/836
s 1
f 3248/2975/855 3249/2965/856 3250/2964/857
f 3249/2965/856 3248/2975/855 3251/2976/858
f 3251/2976/858 3252/2977/859 3253/2978/860
f 3254/2979/861 3255/2971/862 3256/2970/862
f 3256/2970/862 3257/2980/863 3254/2979/861
f 3257/2980/863 3258/2981/864 3254/2979/861
f 3257/2980/863 3259/2982/865 3258/2981/864
f 3252/2977/859 3226/2953/853 3253/2978/860
f 3252/2977/859 3251/2976/858 3248/2975/855
f 3258/2981/864 3225/2952/852 3224/2951/851
f 3225/2952/852 3258/2981/864 3259/2982/865
f 3224/2951/851 3223/2950/850 3222/2949/849
f 3226/2953/853 3221/2948/848 3220/2947/847
f 3226/2953/853 3252/2977/859 3227/2954/854
s 0
f 3241/2968/835 3233/2960/835 3235/2962/835
f 3246/2973/836 3230/2957/836 3247/2974/836
f 3246/2973/836 3245/2972/836 3242/2969/836
f 3230/2957/836 3246/2973/836 3231/2958/836
f 3233/2960/835 3241/2968/835 3240/2967/835
s 1
f 3260/2983/701 3261/2984/866 3262/2985/701
f 3261/2984/866 3260/2983/701 3263/2986/866
f 3262/2985/701 3264/2987/703 3260/2983/701
f 3264/2987/703 3262/2985/701 3265/2988/703
f 3265/2988/703 3266/2989/706 3264/2987/703
f 3266/2989/706 3265/2988/703 3267/2990/706
f 3268/2991/713 3269/2992/715 3270/2993/713
f 3269/2992/715 3268/2991/713 3271/2994/715
f 3270/2993/713 3272/2995/714 3268/2991/713
f 3272/2995/714 3270/2993/713 3273/2996/714
f 3274/2997/867 3275/2998/718 3272/2995/714
f 3274/2997/867 3272/2995/714 3273/2996/714
f 3276/2999/868 3277/3000/868 3275/2998/718
f 3276/2999/868 3275/2998/718 3274/2997/867
f 3278/3001/869 3279/3002/870 3280/3003/870
f 3279/3002/870 3278/3001/869 3281/3004/869
f 3281/3004/869 3282/3005/707 3283/3006/707
f 3282/3005/707 3281/3004/869 3278/3001/869
f 3283/3006/707 3284/3007/712 3285/3008/712
f 3284/3007/712 3283/3006/707 3282/3005/707
f 3286/3009/709 3287/3010/711 3288/3011/711
f 3286/3009/709 3289/3012/708 3290/3013/709
f 3287/3010/711 3286/3009/709 3290/3013/709
f 3289/3012/708 3286/3009/709 3291/3014/708
f 3291/3014/708 3292/3015/871 3289/3012/708
f 3292/3015/871 3291/3014/708 3293/3016/871
f 3293/3016/871 3294/3017/872 3292/3015/871
f 3294/3017/872 3293/3016/871 3295/3018/872
s 0
f 3296/3019/873 3297/3020/873 3298/3021/873
f 3296/3019/708 3298/3021/708 3299/3022/708
f 3300/3023/667 3301/3024/667 3302/3025/667
f 3300/3023/667 3303/3026/667 3304/3027/667
f 3304/3027/667 3305/3028/667 3300/3023/667
f 3306/3029/658 3307/3030/658 3308/3031/658
f 3306/3029/658 3309/3032/658 3310/3033/658
f 3307/3030/659 3306/3029/659 3310/3033/659
f 3301/3024/667 3300/3023/667 3305/3028/667
f 3301/3024/667 3311/3034/667 3302/3025/667
f 3309/3032/659 3306/3029/659 3312/3035/659
f 3309/3032/659 3313/3036/659 3314/3037/659
f 3315/3038/667 3316/3039/667 3311/3034/667
f 3315/3038/667 3311/3034/667 3301/3024/667
f 3313/3036/659 3309/3032/659 3312/3035/659
f 3314/3037/659 3317/3040/659 3318/3041/659
f 3316/3039/667 3315/3038/667 3319/3042/667
f 3316/3039/667 3320/3043/667 3321/3044/667
f 3317/3040/659 3314/3037/659 3313/3036/659
f 3320/3043/667 3316/3039/667 3319/3042/667
f 3321/3044/666 3322/3045/666 3323/3046/666
f 3324/3047/659 3325/3048/659 3317/3040/659
f 3324/3047/659 3326/3049/659 3327/3050/659
f 3325/3048/659 3318/3041/659 3317/3040/659
f 3322/3045/667 3321/3044/667 3320/3043/667
f 3323/3046/667 3328/3051/667 3329/3052/667
f 3326/3049/659 3330/3053/659 3327/3050/659
f 3327/3050/658 3325/3048/658 3324/3047/658
f 3328/3051/666 3323/3046/666 3322/3045/666
f 3330/3053/659 3326/3049/659 3331/3054/659
f 3332/3055/707 3333/3056/707 3334/3057/707
f 3332/3055/707 3334/3057/707 3335/3058/707
s 1
f 3336/3059/874 3337/3060/875 3338/3061/874
f 3337/3060/875 3336/3059/874 3339/3062/876
f 3339/3062/876 3340/3063/877 3337/3060/875
s 0
f 3341/3064/878 3342/3065/878 3343/3066/878
f 3342/3065/878 3341/3064/878 3344/3067/878
s 1
f 3345/3068/879 3346/3069/880 3347/3070/881
f 3345/3068/879 3348/3071/882 3349/3072/883
f 3345/3068/879 3347/3070/881 3348/3071/882
f 3345/3068/879 3350/3073/884 3351/3074/885
f 3350/3073/884 3345/3068/879 3352/3075/886
f 3352/3075/886 3349/3072/883 3353/3076/887
s 0
f 3354/3077/888 3355/3078/888 3356/3079/888
f 3356/3079/888 3355/3078/888 3357/3080/888
s 1
f 3358/3081/889 3359/3082/890 3360/3083/891
f 3359/3082/890 3361/3084/892 3362/3085/893
f 3359/3082/890 3363/3086/894 3364/3087/895
f 3359/3082/890 3362/3085/893 3360/3083/891
f 3365/3088/896 3366/3089/897 3361/3084/892
f 3365/3088/896 3364/3087/895 3367/3090/898
f 3366/3089/897 3365/3088/896 3368/3091/897
f 3361/3084/892 3359/3082/890 3365/3088/896
f 3368/3091/897 3367/3090/898 3369/3092/897
f 3370/3093/899 3371/3094/900 3372/3095/901
f 3370/3093/899 3373/3096/902 3374/3097/899
f 3371/3094/900 3336/3059/874 3372/3095/901
f 3372/3095/901 3336/3059/874 3338/3061/874
f 3374/3097/899 3371/3094/900 3370/3093/899
f 3353/3076/887 3349/3072/883 3375/3098/903
f 3353/3076/887 3376/3099/903 3377/3100/903
f 3353/3076/887 3375/3098/903 3378/3101/903
f 3349/3072/883 3379/3102/903 3375/3098/903
f 3349/3072/883 3352/3075/886 3345/3068/879
f 3380/3103/904 3381/3104/905 3382/3105/905
f 3380/3103/904 3383/3106/904 3381/3104/905
s 0
f 3384/3107/906 3385/3108/906 3386/3109/906
f 3385/3108/906 3384/3107/906 3387/3110/906
s 1
f 3376/3099/903 3353/3076/887 3378/3101/903
s 0
f 3388/3111/907 3389/3112/907 3390/3113/907
f 3391/3114/907 3390/3113/907 3389/3112/907
s 1
f 3392/3115/897 3367/3090/898 3393/3116/897
f 3367/3090/898 3368/3091/897 3365/3088/896
f 3367/3090/898 3392/3115/897 3369/3092/897
f 3379/3102/903 3349/3072/883 3348/3071/882
f 3346/3069/880 3345/3068/879 3351/3074/885
f 3394/3117/908 3395/3118/909 3396/3119/910
f 3394/3117/908 3373/3096/902 3397/3120/902
f 3373/3096/902 3370/3093/899 3397/3120/902
f 3396/3119/910 3373/3096/902 3394/3117/908
s 0
f 3398/3121/897 3399/3122/897 3400/3123/897
f 3399/3122/897 3401/3124/897 3402/3125/897
f 3399/3122/897 3398/3121/897 3403/3126/897
f 3404/3127/897 3402/3125/897 3401/3124/897
f 3402/3125/897 3404/3127/897 3405/3128/897
f 3401/3124/897 3399/3122/897 3403/3126/897
s 1
f 3406/3129/911 3407/3130/911 3408/3131/911
f 3409/3132/911 3408/3131/911 3407/3130/911
f 3410/3133/912 3396/3119/910 3395/3118/909
f 3340/3063/877 3339/3062/876 3411/3134/913
f 3340/3063/877 3410/3133/912 3395/3118/909
f 3411/3134/913 3410/3133/912 3340/3063/877
f 3412/3135/914 3413/3136/915 3414/3137/914
f 3413/3136/915 3415/3138/915 3416/3139/916
f 3413/3136/915 3412/3135/914 3415/3138/915
s 0
f 3414/3137/914 3417/3140/914 3412/3135/914
s 1
f 3418/3094/916 3416/3139/916 3415/3138/915
s 0
f 3417/3140/914 3414/3137/914 3419/3141/914
f 3420/3142/903 3421/3143/903 3422/3144/903
f 3421/3143/903 3420/3142/903 3423/3145/903
f 3422/3144/903 3424/3146/903 3420/3142/903
f 3424/3146/903 3422/3144/903 3425/3147/903
f 3424/3146/903 3426/3148/903 3427/3149/903
f 3426/3148/903 3424/3146/903 3425/3147/903
s 1
f 3428/3150/917 3429/712/917 3430/3151/917
f 3429/712/917 3428/3150/917 3431/3152/917
f 3432/3153/918 3433/3154/919 3434/3155/919
f 3433/3154/919 3432/3153/918 3435/3156/918
s 0
f 3434/3155/919 3436/3157/919 3437/3158/919
s 1
f 3435/3156/918 3432/3153/918 3438/3159/920
f 3435/3156/918 3438/3159/920 3439/3160/920
s 0
f 3436/3157/919 3434/3155/919 3433/3154/919
f 3440/3161/921 3441/3162/921 3442/3163/921
f 3441/3162/921 3440/3161/921 3443/3164/921
f 3444/3165/922 3445/3166/922 3446/3167/922
f 3447/3168/922 3446/3167/922 3445/3166/922
f 3448/3169/923 3449/3170/923 3450/3171/923
f 3449/3170/923 3448/3169/923 3451/3172/923
f 3452/3173/897 3453/3174/897 3454/3175/897
f 3453/3174/897 3452/3173/897 3455/3176/897
f 3454/3175/897 3456/3177/897 3452/3173/897
f 3454/3175/897 3457/3178/897 3456/3177/897
f 3457/3178/897 3454/3175/897 3458/3179/897
f 3459/3180/924 3460/3181/924 3461/3182/924
f 3460/3181/924 3459/3180/924 3462/3183/924
f 3463/3184/903 3464/3185/903 3465/3186/903
f 3463/3184/903 3466/3187/903 3464/3185/903
f 3466/3187/903 3463/3184/903 3467/3188/903
f 3467/3188/903 3468/3189/903 3466/3187/903
s 1
f 3469/3190/925 3470/3191/925 3471/3192/925
f 3471/3192/925 3472/3193/925 3469/3190/925
s 0
f 3468/3189/903 3467/3188/903 3473/3194/903
f 3465/3186/903 3474/3195/903 3463/3184/903
f 3455/3176/897 3475/3196/897 3453/3174/897
s 1
f 3476/3067/926 3477/3197/927 3478/3198/927
f 3477/3197/927 3476/3067/926 3479/3064/926
f 3478/3198/927 3477/3197/927 3480/3199/926
f 3478/3198/927 3480/3199/926 3481/3200/926
f 3363/3086/894 3359/3082/890 3358/3081/889
f 3364/3087/895 3365/3088/896 3359/3082/890
s 0
f 3482/3201/888 3354/3077/888 3483/3202/888
f 3483/3202/888 3354/3077/888 3356/3079/888
s 1
f 3484/3203/928 3485/3204/928 3383/3106/904
f 3484/3203/928 3383/3106/904 3380/3103/904
s 0
f 3486/3205/691 3487/3206/691 3488/3207/691
f 3487/3206/691 3486/3205/691 3489/3208/691
f 3487/3206/691 3489/3208/691 3490/3209/691
f 3489/3208/691 3491/3210/691 3490/3209/691
f 3492/3211/692 3493/3212/692 3494/2306/692
f 3493/3212/692 3492/3211/692 3495/3213/692
f 3496/3214/692 3497/3215/692 3494/2306/692
f 3496/3214/692 3494/2306/692 3493/3212/692
f 3498/3216/929 3499/3217/929 3500/3218/929
f 3498/3216/929 3500/3218/929 3501/3219/929
f 3499/3217/929 3498/3216/929 3502/3220/929
f 3503/3221/930 3504/3222/930 3505/3223/930
f 3503/3221/930 3505/3223/930 3506/3224/930
f 3504/3222/930 3503/3221/930 3507/3225/930
f 3506/3224/930 3508/3226/930 3503/3221/930
f 3509/3227/931 3510/3228/931 3511/3229/931
f 3510/3228/931 3509/3227/931 3512/3230/931
f 3513/3231/932 3514/3232/932 3515/3233/932
f 3514/3232/932 3513/3231/932 3516/3234/932
f 3501/3219/929 3517/3235/929 3498/3216/929
f 3518/3236/897 3519/3237/897 3520/3238/897
f 3519/3237/897 3521/3239/897 3522/3240/897
f 3519/3237/897 3523/3241/897 3521/3239/897
f 3519/3237/897 3518/3236/897 3523/3241/897
f 3520/3238/897 3524/3242/897 3525/3243/897
f 3520/3238/897 3525/3243/897 3526/3244/897
f 3520/3238/897 3519/3237/897 3527/3245/897
f 3528/3246/897 3527/3245/897 3519/3237/897
f 3528/3246/933 3519/3237/933 3529/3247/933
f 3527/3245/897 3528/3246/897 3530/3248/897
f 3530/3248/897 3528/3246/897 3531/3249/897
f 3524/3242/897 3520/3238/897 3527/3245/897
f 3525/3243/897 3532/3250/897 3533/3251/897
f 3525/3243/897 3524/3242/897 3532/3250/897
f 3534/3252/897 3518/3236/897 3535/3253/897
f 3523/3241/897 3518/3236/897 3534/3252/897
f 3536/3254/903 3537/3255/903 3538/3256/903
f 3536/3254/934 3539/3257/934 3540/3258/934
f 3536/3254/903 3541/3259/903 3539/3257/903
f 3537/3255/903 3536/3254/903 3542/3260/903
f 3538/3256/903 3537/3255/903 3543/3261/903
f 3542/3260/903 3536/3254/903 3544/3262/903
f 3544/3262/903 3536/3254/903 3545/3263/903
f 3546/3264/903 3547/3265/903 3548/3266/903
f 3546/3264/903 3549/3267/903 3547/3265/903
f 3549/3267/903 3536/3254/903 3538/3256/903
f 3549/3267/903 3541/3259/903 3536/3254/903
f 3547/3265/903 3549/3267/903 3550/3268/903
f 3539/3257/903 3551/3269/903 3552/3270/903
f 3539/3257/903 3541/3259/903 3551/3269/903
f 3541/3259/903 3549/3267/903 3546/3264/903
f 3548/3266/903 3547/3265/903 3553/3271/903
s 1
f 3554/3272/935 3555/3273/936 3556/3274/937
f 3555/3273/936 3554/3272/935 3557/3275/936
f 3556/3274/937 3558/3276/938 3554/3272/935
f 3559/3277/939 3560/3278/939 3561/3279/940
f 3559/3277/939 3561/3279/940 3562/3280/940
f 3562/3280/940 3563/3281/941 3564/3282/941
f 3562/3280/940 3561/3279/940 3563/3281/941
f 3558/3276/938 3556/3274/937 3565/3283/938
f 3565/3283/938 3566/3284/942 3558/3276/938
f 3567/3285/943 3560/3278/939 3559/3277/939
f 3567/3285/943 3568/3286/943 3560/3278/939
f 3566/3284/942 3565/3283/938 3569/3287/942
f 3569/3287/942 3570/3288/944 3566/3284/942
f 3571/3289/945 3572/3290/945 3568/3286/943
f 3571/3289/945 3568/3286/943 3567/3285/943
f 3573/3291/946 3574/3292/947 3575/3293/947
f 3574/3292/947 3573/3291/946 3576/3294/946
f 3576/3294/946 3573/3291/946 3577/3295/948
f 3576/3294/946 3577/3295/948 3578/3296/949
f 3570/3288/944 3569/3287/942 3579/3297/944
f 3579/3297/944 3580/3298/950 3570/3288/944
f 3581/3299/951 3582/3300/952 3583/3301/953
f 3581/3299/951 3584/3302/954 3585/3303/951
f 3581/3299/951 3585/3303/951 3582/3300/952
f 3578/3296/949 3577/3295/948 3586/3304/955
f 3578/3296/949 3586/3304/955 3587/3305/955
f 3580/3298/950 3579/3297/944 3588/3306/950
f 3584/3302/954 3581/3299/951 3589/3307/954
f 3589/3307/954 3590/3308/956 3584/3302/954
f 3591/3309/957 3575/3293/947 3574/3292/947
f 3591/3309/957 3592/3310/958 3575/3293/947
f 3590/3308/956 3589/3307/954 3593/3311/956
f 3594/3312/959 3595/3313/959 3587/3305/955
f 3594/3312/959 3587/3305/955 3586/3304/955
f 3596/3314/960 3597/3315/960 3590/3308/956
f 3596/3314/960 3590/3308/956 3593/3311/956
s 0
f 3598/3316/897 3599/3317/897 3600/3318/897
f 3598/3316/933 3600/3318/933 3601/3319/933
f 3598/3316/897 3602/3320/897 3599/3317/897
f 3598/3316/897 3603/3321/897 3602/3320/897
f 3603/3321/897 3604/3322/897 3605/3323/897
f 3603/3321/897 3605/3323/897 3606/3324/897
f 3603/3321/897 3598/3316/897 3607/3325/897
f 3608/3326/933 3598/3316/933 3609/3327/933
f 3608/3326/897 3607/3325/897 3598/3316/897
f 3607/3325/897 3608/3326/897 3610/3328/897
f 3610/3328/933 3608/3326/933 3611/3329/933
f 3604/3322/897 3603/3321/897 3607/3325/897
f 3605/3323/897 3604/3322/897 3612/3330/897
f 3605/3323/933 3612/3330/933 3613/3331/933
f 3614/3332/897 3602/3320/897 3615/3333/897
f 3599/3317/897 3602/3320/897 3614/3332/897
f 3616/3334/903 3617/3335/903 3618/3336/903
f 3617/3335/903 3619/3337/903 3620/3338/903
f 3619/3337/903 3621/3339/903 3620/3338/903
f 3619/3337/903 3622/3340/903 3623/3341/903
f 3619/3337/903 3624/3342/903 3622/3340/903
f 3621/3339/903 3619/3337/903 3625/3343/903
f 3620/3338/903 3621/3339/903 3626/3344/903
f 3625/3343/903 3619/3337/903 3627/3345/903
f 3627/3345/903 3619/3337/903 3628/3346/903
f 3629/3347/903 3617/3335/903 3616/3334/903
f 3629/3347/903 3616/3334/903 3630/3348/903
f 3624/3342/903 3619/3337/903 3617/3335/903
f 3624/3342/903 3617/3335/903 3629/3347/903
f 3622/3340/903 3624/3342/903 3631/3349/903
f 3622/3340/903 3631/3349/903 3632/3350/903
f 3630/3348/903 3616/3334/903 3633/3351/903
s 1
f 3634/3352/961 3635/3353/962 3636/3354/961
f 3635/3353/962 3634/3352/961 3637/3355/962
f 3635/3353/962 3638/3356/963 3639/3357/963
f 3635/3353/962 3637/3355/962 3638/3356/963
f 3640/3358/964 3641/3359/965 3642/3360/965
f 3640/3358/964 3643/3361/964 3641/3359/965
f 3642/3360/965 3641/3359/965 3644/2722/966
f 3642/3360/965 3644/2722/966 3645/2731/966
f 3646/3362/967 3647/3363/968 3648/3364/967
f 3647/3363/968 3646/3362/967 3649/3365/968
f 3648/3364/967 3650/3366/969 3646/3362/967
f 3651/3367/970 3652/3368/970 3643/3361/964
f 3651/3367/970 3643/3361/964 3640/3358/964
f 3650/3366/969 3648/3364/967 3653/3369/969
f 3653/3369/969 3654/3370/971 3650/3366/969
f 3655/3371/972 3652/3368/970 3651/3367/970
f 3655/3371/972 3656/3372/972 3652/3368/970
f 3657/3373/973 3658/3374/973 3659/3375/974
f 3657/3373/973 3659/3375/974 3660/3376/974
f 3660/3376/974 3659/3375/974 3661/3377/975
f 3660/3376/974 3661/3377/975 3662/3378/975
f 3654/3370/971 3653/3369/969 3663/3379/971
f 3663/3379/971 3664/3380/976 3654/3370/971
f 3665/3381/977 3656/3372/972 3655/3371/972
f 3665/3381/977 3666/3382/978 3656/3372/972
f 3662/3378/975 3667/3383/979 3668/3384/979
f 3664/3380/976 3663/3379/971 3669/3385/976
f 3670/3386/980 3671/3387/981 3672/3388/980
f 3671/3387/981 3670/3386/980 3673/3157/981
f 3672/3388/980 3638/3356/963 3670/3386/980
f 3667/3383/979 3662/3378/975 3661/3377/975
f 3674/3389/982 3658/3374/973 3657/3373/973
f 3674/3389/982 3675/3390/983 3658/3374/973
f 3638/3356/963 3672/3388/980 3639/3357/963
f 3676/2740/984 3677/2742/984 3668/3384/979
f 3676/2740/984 3668/3384/979 3667/3383/979
s 0
f 3678/3391/692 3679/3392/692 3680/3393/692
f 3679/3392/692 3681/3394/692 3680/3393/692
f 3680/3393/692 3682/3395/692 3678/3391/692
s 1
f 3683/3396/985 3684/3397/691 3685/3398/691
f 3683/3396/985 3685/3398/691 3686/3399/986
f 3686/3399/986 3687/3400/987 3683/3396/985
s 0
f 3688/3401/692 3678/3391/692 3682/3395/692
s 1
f 3689/3402/988 3690/3403/989 3691/3404/990
f 3689/3402/988 3692/3405/989 3690/3403/989
f 3691/3404/990 3693/3406/991 3689/3402/988
f 3694/3407/992 3695/3408/993 3696/3409/993
f 3695/3408/993 3694/3407/992 3697/3410/994
f 3697/3410/994 3698/3411/995 3699/3412/995
s 0
f 3700/3413/996 3701/3414/996 3702/3415/996
f 3700/3413/996 3702/3415/996 3703/3416/996
f 3704/3417/997 3705/2769/997 3706/3418/997
f 3705/2769/997 3704/3417/997 3707/2772/997
s 1
f 3693/3406/991 3691/3404/990 3708/3419/991
f 3698/3411/995 3697/3410/994 3694/3407/992
f 3709/3420/987 3683/3396/985 3687/3400/987
s 0
f 3710/3421/692 3711/3422/692 3712/3423/692
f 3711/3422/692 3710/3421/692 3713/3424/692
f 3713/3424/692 3714/3425/692 3711/3422/692
s 1
f 3715/3426/998 3716/3427/691 3717/3428/691
f 3715/3426/998 3718/3429/999 3719/3430/998
f 3716/3427/691 3715/3426/998 3719/3430/998
s 0
f 3714/3425/692 3713/3424/692 3720/3431/692
s 1
f 3721/3432/1000 3722/3433/1001 3723/3434/1002
f 3721/3432/1000 3724/3435/1001 3722/3433/1001
f 3723/3434/1002 3725/3436/1003 3721/3432/1000
f 3726/3437/1004 3727/3438/1005 3728/3439/1005
f 3727/3438/1005 3726/3437/1004 3729/3440/1006
f 3729/3440/1006 3730/3441/1007 3731/3442/1007
s 0
f 3732/3443/1008 3733/3444/1008 3734/3445/1008
f 3733/3444/1008 3732/3443/1008 3735/3446/1008
f 3736/3447/1009 3737/3448/1009 3738/3449/1009
f 3736/3447/1010 3739/3450/1010 3737/3448/1010
s 1
f 3725/3436/1003 3723/3434/1002 3740/3451/1003
f 3730/3441/1007 3729/3440/1006 3726/3437/1004
f 3718/3429/999 3715/3426/998 3741/3452/999
s 0
f 3742/3453/1011 3743/3454/1011 3744/3455/1011
f 3743/3454/1011 3742/3453/1011 3745/3456/1011
f 3746/3455/1012 3747/3454/1012 3748/3457/1012
f 3749/3458/1012 3748/3457/1012 3747/3454/1012
f 3750/3457/1013 3751/3458/1013 3752/3459/1013
f 3753/3460/1013 3752/3459/1013 3751/3458/1013
f 3754/2817/1014 3755/2816/1014 3756/3461/1014
f 3756/3461/1015 3755/2816/1015 3757/3462/1015
f 3758/3461/1016 3759/3463/1016 3760/3464/1016
f 3759/3463/1016 3758/3461/1016 3761/3462/1016
f 3762/3465/1017 3763/3466/1017 3764/3467/1017
f 3763/3466/1017 3762/3465/1017 3765/3468/1017
f 3766/3466/1018 3767/3469/1018 3768/3467/1018
f 3767/3469/1018 3766/3466/1018 3769/3470/1018
f 3770/3470/1019 3771/3471/1019 3772/3469/1019
f 3771/3471/1019 3770/3470/1019 3773/3472/1019
f 3774/3473/1020 3775/3474/1020 3776/3475/1020
f 3774/3473/1020 3777/3476/1020 3775/3474/1020
f 3777/3476/1020 3778/3477/1020 3779/3478/1020
f 3777/3476/1020 3779/3478/1020 3780/3479/1020
f 3776/3475/1020 3775/3474/1020 3781/3480/1020
f 3778/3477/1020 3777/3476/1020 3774/3473/1020
f 3782/3481/1020 3779/3478/1020 3783/3482/1020
f 3780/3479/1020 3779/3478/1020 3782/3481/1020
f 3784/3483/1021 3785/3484/1021 3786/2843/1021
f 3785/3484/1022 3784/3483/1022 3787/3485/1022
f 3788/3486/1023 3789/3487/1023 3790/1769/1023
f 3788/3486/1023 3791/3488/1023 3792/3489/1023
f 3789/3487/1023 3788/3486/1023 3792/3489/1023
f 3793/3490/1023 3794/3491/1023 3791/3488/1023
f 3793/3490/1023 3791/3488/1023 3795/3492/1023
f 3794/3491/1023 3793/3490/1023 3796/2849/1023
f 3791/3488/1023 3788/3486/1023 3795/3492/1023
f 3796/2849/1023 3793/3490/1023 3797/2851/1023
f 3798/2843/1024 3799/3484/1024 3800/3493/1024
s 1
f 3800/3493/1025 3799/3484/1025 3801/3494/1025
f 3802/3495/1012 3803/3496/1026 3804/3497/1026
f 3803/3496/1026 3805/3498/1027 3804/3497/1026
f 3804/3497/1026 3806/3499/1012 3802/3495/1012
f 3806/3499/1012 3807/3500/1028 3808/3501/1029
f 3806/3499/1012 3808/3501/1029 3802/3495/1012
f 3805/3498/1027 3803/3496/1026 3809/3502/1027
f 3807/3500/1028 3810/3503/1030 3808/3501/1029
f 3811/3504/1030 3810/3503/1030 3807/3500/1028
f 3812/3505/1031 3813/3506/1031 3814/3507/1032
f 3813/3506/1031 3812/3505/1031 3815/3508/1031
f 3816/3509/1033 3817/3510/1034 3818/3511/1033
f 3818/3511/1033 3819/3512/1035 3816/3509/1033
f 3820/3513/1034 3818/3511/1033 3817/3510/1034
f 3820/3513/1034 3821/3514/1036 3822/3515/1037
f 3821/3514/1036 3820/3513/1034 3817/3510/1034
f 3823/3516/1018 3824/3517/1038 3825/3518/1038
f 3823/3516/1018 3826/3519/1039 3827/3520/1018
f 3824/3517/1038 3823/3516/1018 3827/3520/1018
f 3825/3518/1038 3824/3517/1038 3828/3521/1040
f 3827/3520/1018 3826/3519/1039 3829/3522/1041
f 3828/3521/1040 3830/3523/1040 3825/3518/1038
f 3829/3522/1041 3831/3524/1042 3832/3525/1043
f 3829/3522/1041 3826/3519/1039 3831/3524/1042
f 3833/3526/1044 3834/3527/1044 3835/3528/1045
f 3834/3527/1044 3833/3526/1044 3836/3529/1045
f 3819/3512/1035 3818/3511/1033 3837/3530/1046
s 0
f 3838/3529/1047 3839/3506/1047 3840/3527/1047
f 3839/3506/1047 3838/3529/1047 3841/3507/1047
s 1
f 3842/3531/1048 3843/3532/1049 3844/3533/1050
f 3842/3531/1048 3845/3534/1051 3846/3535/1052
f 3843/3532/1049 3842/3531/1048 3846/3535/1052
f 3844/3533/1050 3843/3532/1049 3847/3536/1053
f 3846/3535/1052 3845/3534/1051 3848/3537/1054
f 3847/3536/1053 3849/3538/1053 3844/3533/1050
f 3848/3537/1054 3845/3534/1051 3850/3539/1055
f 3848/3537/1054 3850/3539/1055 3851/3540/1055
f 3852/3541/1056 3853/3542/1057 3854/3543/1056
f 3853/3542/1057 3852/3541/1056 3855/3544/1056
f 3856/3545/1058 3857/3546/1059 3858/3547/1058
f 3857/3546/1059 3856/3545/1058 3859/3548/1059
f 3857/3546/1059 3860/3549/1060 3861/3550/1060
f 3858/3547/1058 3862/3551/1061 3856/3545/1058
f 3862/3551/1061 3858/3547/1058 3863/3552/1061
f 3864/3553/1062 3865/3554/1063 3866/3555/1064
f 3865/3554/1063 3867/3556/1065 3866/3555/1064
f 3866/3555/1064 3868/3557/1066 3864/3553/1062
f 3868/3557/1066 3869/3558/1067 3870/3559/1068
f 3868/3557/1066 3870/3559/1068 3864/3553/1062
f 3867/3556/1065 3865/3554/1063 3871/3560/1065
f 3870/3559/1068 3869/3558/1067 3872/3561/1069
f 3873/3562/1069 3872/3561/1069 3869/3558/1067
f 3874/3563/1070 3875/3564/1071 3876/3565/1070
f 3875/3564/1071 3874/3563/1070 3877/3524/1070
f 3860/3549/1060 3857/3546/1059 3859/3548/1059
s 0
f 3878/3565/1072 3879/3542/1072 3880/3544/1072
f 3879/3542/1072 3878/3565/1072 3881/3564/1072
f 3882/3566/1073 3883/3567/1073 3884/3568/1073
f 3883/3567/1073 3882/3566/1073 3885/3569/1073
f 3885/3569/1073 3886/3570/1073 3883/3567/1073
f 3887/3571/1074 3888/3572/1074 3889/3573/1074
f 3887/3571/1074 3890/3574/1074 3891/3575/1074
f 3889/3573/1074 3888/3572/1074 3892/3576/1074
s 1
f 3893/3577/1075 3894/3578/1076 3895/3579/1077
f 3893/3577/1075 3896/3566/1078 3897/3580/1079
f 3897/3580/1079 3896/3566/1078 3898/3568/1080
f 3899/3572/1081 3900/3581/1082 3901/3576/1081
f 3900/3581/1082 3899/3572/1081 3902/3582/1083
f 3902/3582/1083 3903/3583/1084 3900/3581/1082
f 3894/3578/1076 3904/3584/1085 3895/3579/1077
f 3894/3578/1076 3893/3577/1075 3897/3580/1079
f 3903/3583/1084 3905/3585/1086 3906/3586/1087
f 3903/3583/1084 3902/3582/1083 3907/3587/1088
f 3907/3587/1088 3905/3585/1086 3903/3583/1084
f 3905/3585/1086 3908/3588/1089 3906/3586/1087
f 3904/3584/1085 3894/3578/1076 3909/3589/1090
f 3909/3589/1090 3910/3590/1091 3904/3584/1085
s 0
f 3886/3570/1073 3911/3591/1073 3912/3592/1073
f 3886/3570/1073 3885/3569/1073 3913/3593/1073
f 3890/3574/1074 3887/3571/1074 3889/3573/1074
f 3890/3574/1074 3914/3594/1074 3891/3575/1074
f 3914/3594/1074 3890/3574/1074 3915/3595/1074
f 3915/3595/1074 3916/3596/1074 3914/3594/1074
f 3911/3591/1073 3886/3570/1073 3913/3593/1073
f 3912/3592/1073 3917/3597/1073 3918/3598/1073
f 3919/3599/1073 3920/3600/1073 3921/3601/1073
f 3920/3600/1073 3922/3602/1073 3923/3603/1073
f 3921/3601/1073 3920/3600/1073 3923/3603/1073
f 3924/3604/1074 3925/3605/1074 3926/3606/1074
f 3925/3605/1074 3924/3604/1074 3927/3607/1074
f 3926/3606/1074 3928/3608/1074 3924/3604/1074
s 1
f 3929/3609/1092 3930/3601/1093 3931/3610/1094
f 3930/3601/1093 3929/3609/1092 3932/3599/1093
f 3931/3610/1094 3933/3611/1095 3929/3609/1092
f 3934/3607/1096 3935/3612/1097 3936/3605/1096
f 3935/3612/1097 3937/3613/1098 3938/3614/1099
f 3936/3605/1096 3935/3612/1097 3938/3614/1099
f 3933/3611/1095 3910/3590/1091 3939/3615/1100
f 3933/3611/1095 3931/3610/1094 3940/3616/1101
f 3940/3616/1101 3910/3590/1091 3933/3611/1095
f 3937/3613/1098 3941/3617/1102 3942/3618/1103
f 3942/3618/1103 3938/3614/1099 3937/3613/1098
f 3941/3617/1102 3937/3613/1098 3908/3588/1089
f 3908/3588/1089 3905/3585/1086 3941/3617/1102
f 3910/3590/1091 3909/3589/1090 3939/3615/1100
s 0
f 3922/3602/1073 3917/3597/1073 3943/3619/1073
f 3943/3619/1073 3923/3603/1073 3922/3602/1073
f 3928/3608/1074 3944/3620/1074 3916/3596/1074
f 3928/3608/1074 3945/3621/1074 3944/3620/1074
f 3928/3608/1074 3926/3606/1074 3945/3621/1074
f 3944/3620/1074 3914/3594/1074 3916/3596/1074
f 3917/3597/1073 3922/3602/1073 3918/3598/1073
f 3917/3597/1073 3912/3592/1073 3911/3591/1073
s 1
f 3946/3622/939 3947/3623/1104 3948/3624/1104
f 3947/3623/1104 3946/3622/939 3949/3625/939
f 3949/3625/939 3950/3626/943 3951/3627/943
f 3950/3626/943 3949/3625/939 3946/3622/939
f 3951/3627/943 3952/2984/945 3953/3628/945
f 3952/2984/945 3951/3627/943 3950/3626/943
f 3954/3629/951 3955/3630/1105 3956/3631/953
f 3955/3630/1105 3954/3629/951 3957/3632/951
f 3957/3632/951 3958/3633/954 3959/3634/954
f 3958/3633/954 3957/3632/951 3954/3629/951
f 3958/3633/954 3960/3635/1106 3959/3634/954
f 3960/3635/1106 3958/3633/954 3961/3636/1106
f 3961/3636/1106 3962/3637/1107 3960/3635/1106
f 3962/3637/1107 3961/3636/1106 3963/3638/1107
f 3964/3639/1108 3965/3640/1109 3966/3641/1108
f 3965/3640/1109 3964/3639/1108 3967/3642/1109
f 3967/3642/1109 3968/3643/944 3965/3640/1109
f 3968/3643/944 3967/3642/1109 3969/3644/944
f 3969/3644/944 3970/3645/950 3968/3643/944
f 3970/3645/950 3969/3644/944 3971/3646/950
f 3972/3647/947 3973/3010/1110 3974/3648/947
f 3973/3010/1110 3972/3647/947 3975/3011/1110
f 3976/3649/946 3977/3650/946 3972/3647/947
f 3976/3649/946 3972/3647/947 3974/3648/947
f 3978/3651/1111 3979/3652/1111 3977/3650/946
f 3978/3651/1111 3977/3650/946 3976/3649/946
f 3980/3653/1112 3981/3654/1112 3979/3652/1111
f 3980/3653/1112 3979/3652/1111 3978/3651/1111
s 0
f 3982/3655/946 3983/3656/946 3984/3657/946
f 3983/3656/946 3982/3655/946 3985/3658/946
f 3986/3659/903 3987/3660/903 3988/3661/903
f 3986/3659/903 3989/3662/903 3990/3663/903
f 3989/3662/903 3986/3659/903 3988/3661/903
f 3991/3664/897 3992/3665/897 3993/3666/897
f 3992/3665/897 3994/3667/897 3995/3668/897
f 3992/3665/897 3995/3668/897 3996/3669/897
f 3992/3665/897 3991/3664/897 3994/3667/897
f 3987/3660/903 3986/3659/903 3997/3670/903
f 3987/3660/903 3997/3670/903 3998/3671/903
f 3995/3668/897 3999/3672/897 3996/3669/897
f 4000/3673/903 3987/3660/903 3998/3671/903
f 4000/3673/903 3998/3671/903 4001/3674/903
f 3999/3672/897 3995/3668/897 4002/3675/897
f 4002/3675/897 4003/3676/897 3999/3672/897
f 4004/3677/903 4000/3673/903 4001/3674/903
f 4001/3674/903 4005/3678/903 4004/3677/903
f 4003/3676/897 4002/3675/897 4006/3679/897
f 4003/3676/897 4007/3680/897 4008/3681/897
f 4005/3678/903 4001/3674/903 4009/3682/903
f 4009/3682/903 4010/3683/903 4005/3678/903
f 4007/3680/897 4003/3676/897 4006/3679/897
f 4008/3681/897 4011/3684/897 4012/3685/897
f 4010/3683/903 4009/3682/903 4013/3686/903
f 4013/3686/903 4014/3687/903 4010/3683/903
f 4011/3684/897 4008/3681/897 4007/3680/897
f 4012/3685/897 4015/3688/897 4016/3689/897
f 4014/3687/903 4013/3686/903 4017/3690/903
f 4015/3688/897 4012/3685/897 4011/3684/897
f 4018/3057/944 4019/3691/944 4020/3692/944
f 4019/3691/944 4018/3057/944 4021/3056/944
f 4022/2543/667 4023/3693/667 4024/3694/667
f 4023/3693/667 4022/2543/667 4025/3695/667
f 4026/3696/658 4027/3697/658 4028/3698/658
f 4027/3697/659 4026/3696/659 4029/3699/659
f 4030/3700/1113 4031/3701/1113 4032/3702/1113
f 4031/3701/1113 4030/3700/1113 4033/3703/1113
f 4034/3704/1114 4035/3701/1114 4036/3705/1114
f 4035/3701/1114 4034/3704/1114 4037/3702/1114
s 1
f 4038/3706/1115 4039/3707/1116 4040/3708/1115
f 4038/3706/1115 4041/3709/1115 4039/3707/1116
f 4039/3707/1116 4042/3710/1116 4043/3711/1117
f 4039/3707/1116 4044/3712/1117 4045/3713/1116
f 4040/3708/1115 4045/3713/1116 4046/3714/1116
f 4040/3708/1115 4039/3707/1116 4045/3713/1116
f 4047/3715/1118 4048/3716/1119 4049/3717/1118
f 4047/3715/1118 4050/3718/1120 4051/3719/1119
f 4048/3716/1119 4052/3720/1121 4053/3721/1121
f 4048/3716/1119 4047/3715/1118 4051/3719/1119
f 4049/3717/1118 4048/3716/1119 4054/3722/1119
f 4049/3717/1118 4043/3711/1117 4047/3715/1118
f 4051/3719/1119 4052/3720/1121 4048/3716/1119
f 4051/3719/1119 4055/3723/1119 4056/3724/1121
f 4052/3720/1121 4051/3719/1119 4056/3724/1121
f 4057/3725/1122 4052/3720/1121 4056/3724/1121
f 4057/3725/1122 4058/3726/1121 4059/3727/1122
f 4057/3725/1122 4060/3728/1123 4052/3720/1121
f 4060/3728/1123 4053/3721/1121 4052/3720/1121
f 4061/3729/1124 4062/3730/1125 4063/3731/1126
f 4061/3729/1124 4064/3732/1125 4065/3733/1124
f 4061/3729/1124 4066/3734/1127 4062/3730/1125
f 4061/3729/1124 4067/3735/1128 4068/3736/1128
f 4061/3729/1124 4069/3737/1128 4066/3734/1127
f 4062/3730/1125 4070/3738/1129 4071/3739/1126
f 4072/3740/1130 4068/3736/1128 4073/3741/1130
f 4068/3736/1128 4072/3740/1130 4069/3737/1128
f 4073/3741/1130 4067/3735/1128 4074/3742/1130
f 4069/3737/1128 4061/3729/1124 4068/3736/1128
f 4075/3743/1113 4076/3744/1131 4077/3745/1131
f 4075/3743/1113 4078/3746/1113 4076/3744/1131
f 4078/3746/1113 4079/3747/1131 4076/3744/1131
f 4077/3745/1131 4080/3748/1132 4081/3749/1133
f 4082/3750/1113 4083/3751/1134 4079/3747/1131
f 4082/3750/1113 4084/3752/1113 4083/3751/1134
f 4082/3750/1113 4085/3753/1135 4086/3754/1135
f 4084/3752/1113 4087/3755/1136 4088/3756/1137
f 4083/3751/1134 4089/3757/1133 4079/3747/1131
f 4083/3751/1134 4088/3756/1137 4090/3758/1138
f 4079/3747/1131 4078/3746/1113 4082/3750/1113
f 4079/3747/1131 4089/3757/1133 4091/3759/1132
f 4079/3747/1131 4091/3759/1132 4080/3748/1132
f 4086/3754/1135 4092/3760/1136 4084/3752/1113
f 4086/3754/1135 4084/3752/1113 4082/3750/1113
f 4092/3760/1136 4093/3761/1139 4087/3755/1136
f 4094/3762/1139 4085/3753/1135 4095/3763/1139
f 4094/3762/1139 4092/3760/1136 4086/3754/1135
f 4094/3762/1139 4096/3764/1139 4092/3760/1136
f 4096/3764/1139 4097/3765/1140 4093/3761/1139
f 4098/3766/1140 4095/3763/1139 4099/3767/1140
f 4098/3766/1140 4096/3764/1139 4094/3762/1139
f 4098/3766/1140 4100/3768/1140 4096/3764/1139
f 4100/3768/1140 4101/3769/1141 4097/3765/1140
f 4102/3770/1141 4099/3767/1140 4103/3771/1141
f 4102/3770/1141 4104/3772/1141 4100/3768/1140
f 4102/3770/1141 4100/3768/1140 4098/3766/1140
s 0
f 4105/3773/659 4106/3774/659 4107/3775/659
f 4105/3773/658 4108/3776/658 4109/3777/658
f 4105/3773/659 4110/3778/659 4111/3779/659
f 4105/3773/659 4111/3779/659 4112/3780/659
f 4108/3776/659 4105/3773/659 4113/3781/659
f 4110/3778/659 4105/3773/659 4109/3777/659
f 4113/3781/659 4114/3782/659 4115/3783/659
s 1
f 4116/3784/1142 4117/3785/1143 4118/3786/1144
f 4116/3784/1142 4119/3741/1145 4120/3787/1145
s 0
f 4119/3741/1145 4121/3788/1145 4120/3787/1145
s 1
f 4119/3741/1145 4116/3784/1142 4122/3740/1146
f 4044/3712/1117 4039/3707/1116 4043/3711/1117
f 4044/3712/1117 4049/3717/1118 4123/3789/1147
f 4044/3712/1117 4046/3714/1116 4045/3713/1116
f 4043/3711/1117 4049/3717/1118 4044/3712/1117
f 4043/3711/1117 4124/3790/1148 4047/3715/1118
f 4070/3738/1129 4062/3730/1125 4066/3734/1127
f 4125/3791/1149 4126/3792/1150 4127/3793/1149
f 4125/3791/1149 4128/3794/1151 4126/3792/1150
f 4126/3792/1150 4129/3795/1152 4130/3796/1153
f 4101/3769/1141 4100/3768/1140 4104/3772/1141
f 4097/3765/1140 4096/3764/1139 4100/3768/1140
s 0
f 4131/3797/659 4132/3798/659 4133/3799/659
f 4132/3798/659 4131/3797/659 4105/3773/659
f 4132/3798/659 4105/3773/659 4107/3775/659
f 4133/3799/659 4134/3800/659 4131/3797/659
f 4114/3782/659 4135/3801/659 4115/3783/659
f 4114/3782/659 4105/3773/659 4131/3797/659
f 4114/3782/659 4113/3781/659 4105/3773/659
f 4106/3774/659 4105/3773/659 4136/3802/659
f 4137/3803/659 4105/3773/659 4112/3780/659
f 4136/3802/659 4105/3773/659 4137/3803/659
f 4138/3804/667 4139/3805/667 4140/3806/667
f 4138/3804/667 4141/3807/667 4142/3808/667
f 4138/3804/667 4143/3809/667 4144/3810/667
f 4138/3804/667 4145/3811/667 4146/3812/667
f 4143/3809/667 4138/3804/667 4147/3813/667
f 4147/3813/667 4138/3804/667 4148/3814/667
f 4141/3807/667 4138/3804/667 4144/3810/667
f 4139/3805/667 4149/3815/667 4150/3816/667
f 4140/3806/667 4151/3817/667 4148/3814/667
f 4140/3806/667 4148/3814/667 4138/3804/667
f 4149/3815/667 4139/3805/667 4138/3804/667
f 4149/3815/667 4138/3804/667 4146/3812/667
f 4145/3811/666 4138/3804/666 4152/3818/666
f 4153/3819/667 4138/3804/667 4142/3808/667
f 4152/3818/667 4138/3804/667 4153/3819/667
s 1
f 4093/3761/1139 4092/3760/1136 4096/3764/1139
f 4087/3755/1136 4084/3752/1113 4092/3760/1136
f 4054/3722/1119 4048/3716/1119 4053/3721/1121
f 4053/3721/1121 4060/3728/1123 4154/85/1122
f 4088/3756/1137 4083/3751/1134 4084/3752/1113
f 4155/3820/1117 4044/3712/1117 4123/3789/1147
f 4123/3789/1147 4049/3717/1118 4054/3722/1119
f 4156/3821/1115 4040/3708/1115 4046/3714/1116
f 4046/3714/1116 4044/3712/1117 4155/3820/1117
f 4157/3822/1149 4158/3823/1154 4159/3824/1155
f 4158/3823/1154 4157/3822/1149 4160/3825/1149
f 4161/3826/1156 4162/3827/1157 4163/3828/1158
f 4162/3827/1157 4161/3826/1156 4164/3829/1156
f 4162/3827/1157 4164/3829/1156 4165/3830/1156
f 4166/3831/1157 4165/3830/1156 4167/3832/1159
f 4165/3830/1156 4166/3831/1157 4162/3827/1157
f 4167/3832/1159 4165/3830/1156 4168/3833/1156
f 4169/3834/1160 4170/3835/1161 4171/3836/1160
f 4170/3835/1161 4172/3837/1161 4173/3838/1162
f 4170/3835/1161 4173/3838/1162 4174/3839/1162
f 4170/3835/1161 4169/3834/1160 4172/3837/1161
f 4172/3837/1161 4175/3840/1160 4176/3841/1161
f 4080/3748/1132 4177/3842/1163 4081/3749/1133
f 4080/3748/1132 4077/3745/1131 4076/3744/1131
f 4080/3748/1132 4076/3744/1131 4079/3747/1131
f 4091/3759/1132 4178/3843/1163 4179/3844/1163
f 4180/3845/1160 4176/3841/1161 4175/3840/1160
f 4176/3841/1161 4181/3846/1161 4182/3847/1162
f 4176/3841/1161 4180/3845/1160 4181/3846/1161
f 4176/3841/1161 4173/3838/1162 4172/3837/1161
f 4176/3841/1161 4182/3847/1162 4183/3848/1162
f 4175/3840/1160 4172/3837/1161 4169/3834/1160
f 4184/3849/1164 4185/3850/1165 4186/3851/1166
f 4184/3849/1164 4121/3788/1145 4187/3742/1145
s 0
f 4121/3788/1145 4119/3741/1145 4187/3742/1145
s 1
f 4187/3742/1145 4188/3852/1167 4184/3849/1164
f 4189/3853/1141 4103/3771/1141 4099/3767/1140
f 4189/3853/1141 4099/3767/1140 4190/3854/1140
f 4099/3767/1140 4102/3770/1141 4098/3766/1140
f 4190/3854/1140 4099/3767/1140 4095/3763/1139
f 4190/3854/1140 4095/3763/1139 4191/3855/1139
f 4095/3763/1139 4098/3766/1140 4094/3762/1139
f 4191/3855/1139 4085/3753/1135 4192/3856/1135
f 4191/3855/1139 4095/3763/1139 4085/3753/1135
f 4085/3753/1135 4082/3750/1113 4078/3746/1113
f 4085/3753/1135 4094/3762/1139 4086/3754/1135
f 4192/3856/1135 4085/3753/1135 4078/3746/1113
f 4192/3856/1135 4078/3746/1113 4075/3743/1113
f 4081/3749/1133 4177/3842/1163 4193/3857/1168
f 4194/3852/1130 4074/3742/1130 4067/3735/1128
f 4194/3852/1130 4067/3735/1128 4195/3858/1128
f 4067/3735/1128 4061/3729/1124 4065/3733/1124
f 4067/3735/1128 4073/3741/1130 4068/3736/1128
f 4067/3735/1128 4065/3733/1124 4195/3858/1128
f 4195/3858/1128 4065/3733/1124 4196/3859/1124
f 4089/3757/1133 4178/3843/1163 4091/3759/1132
f 4196/3859/1124 4065/3733/1124 4064/3732/1125
f 4196/3859/1124 4064/3732/1125 4197/3860/1125
f 4064/3732/1125 4061/3729/1124 4063/3731/1126
f 4198/3861/1123 4059/3727/1122 4058/3726/1121
f 4198/3861/1123 4058/3726/1121 4199/3862/1121
f 4058/3726/1121 4056/3724/1121 4055/3723/1119
f 4058/3726/1121 4057/3725/1122 4056/3724/1121
f 4058/3726/1121 4200/3863/1119 4199/3862/1121
f 4200/3863/1119 4058/3726/1121 4055/3723/1119
f 4055/3723/1119 4051/3719/1119 4050/3718/1120
f 4055/3723/1119 4201/3864/1118 4200/3863/1119
f 4201/3864/1118 4055/3723/1119 4050/3718/1120
f 4050/3718/1120 4047/3715/1118 4124/3790/1148
f 4050/3718/1120 4202/3865/1117 4201/3864/1118
f 4202/3865/1117 4050/3718/1120 4124/3790/1148
f 4124/3790/1148 4043/3711/1117 4042/3710/1116
f 4124/3790/1148 4203/3866/1116 4202/3865/1117
f 4203/3866/1116 4124/3790/1148 4042/3710/1116
f 4042/3710/1116 4039/3707/1116 4041/3709/1115
s 0
f 4204/3867/667 4205/3868/667 4206/3869/667
f 4205/3868/667 4204/3867/667 4207/3870/667
s 1
f 4041/3709/1115 4203/3866/1116 4042/3710/1116
s 0
f 4208/3871/659 4209/3872/659 4210/3873/659
f 4210/3873/659 4211/3869/659 4208/3871/659
s 1
f 4212/3874/1115 4203/3866/1116 4041/3709/1115
f 4173/3838/1162 4176/3841/1161 4183/3848/1162
s 0
f 4213/3875/1169 4214/3876/1169 4215/3827/1169
f 4213/3875/1169 4215/3827/1169 4216/3831/1169
s 1
f 4217/3825/1170 4166/3831/1157 4218/3823/1171
f 4218/3823/1171 4166/3831/1157 4167/3832/1159
f 4219/3792/1170 4163/3828/1158 4220/3793/1171
f 4220/3793/1171 4163/3828/1158 4162/3827/1157
s 0
f 4221/3877/667 4222/3878/667 4223/3879/667
f 4221/3877/667 4224/3880/667 4222/3878/667
f 4222/3878/667 4225/3881/667 4223/3879/667
f 4223/3879/667 4226/3882/667 4227/3883/667
f 4223/3879/666 4225/3881/666 4226/3882/666
f 4228/3884/659 4229/3885/659 4230/3886/659
f 4229/3885/659 4231/3887/659 4232/3888/659
f 4229/3885/659 4228/3884/659 4233/3889/659
f 4230/3886/659 4232/3888/659 4234/3890/659
f 4233/3889/659 4235/3891/659 4229/3885/659
f 4134/3800/659 4133/3799/659 4236/3892/659
f 4134/3800/659 4237/3893/659 4238/3894/659
f 4236/3892/658 4239/3895/658 4134/3800/658
f 4240/3896/667 4241/3897/667 4242/3898/667
f 4242/3898/667 4243/3899/667 4244/3900/667
f 4242/3898/667 4241/3897/667 4243/3899/667
f 4245/3901/1172 4246/3902/1172 4247/3903/1172
f 4245/3901/1172 4248/3904/1172 4249/3905/1172
f 4248/3904/1172 4245/3901/1172 4250/3906/1172
s 1
f 4249/3905/1172 4251/3907/1172 4245/3901/1172
s 0
f 4250/3906/1172 4252/3908/1172 4248/3904/1172
s 1
f 4253/3909/1172 4254/3910/1172 4255/3911/1172
s 0
f 4254/3910/1172 4253/3909/1172 4256/3912/1172
f 4255/3911/1172 4250/3906/1172 4245/3901/1172
f 4255/3911/1172 4257/3913/1172 4253/3909/1172
f 4255/3911/1172 4258/3914/1172 4250/3906/1172
f 4235/3891/659 4233/3889/659 4259/3915/659
f 4260/3916/1172 4247/3903/1172 4246/3902/1172
f 4247/3903/1172 4260/3916/1172 4257/3913/1172
f 4247/3903/1172 4255/3911/1172 4245/3901/1172
f 4246/3902/1172 4245/3901/1172 4251/3907/1172
f 4257/3913/1172 4255/3911/1172 4247/3903/1172
s 1
f 4261/3917/1173 4158/3823/1154 4262/3918/1174
f 4261/3917/1173 4159/3824/1155 4158/3823/1154
f 4262/3918/1174 4185/3850/1165 4261/3917/1173
f 4118/3786/1144 4122/3740/1146 4116/3784/1142
f 4118/3786/1144 4130/3796/1153 4129/3795/1152
f 4263/3919/1172 4264/3920/1172 4265/3921/1172
s 0
f 4264/3920/1172 4263/3919/1172 4266/3922/1172
f 4265/3921/1172 4267/3923/1172 4268/3924/1172
f 4269/3925/667 4270/3926/667 4240/3896/667
f 4269/3925/667 4240/3896/667 4242/3898/667
f 4239/3895/659 4236/3892/659 4271/3927/659
f 4272/3928/1116 4273/3929/1116 4274/3930/1116
f 4273/3929/1116 4272/3928/1116 4275/3931/1116
f 4274/3930/1116 4276/3932/1116 4272/3928/1116
s 1
f 4277/3933/1116 4278/3934/1116 4279/3935/1116
s 0
f 4278/3934/1116 4277/3933/1116 4276/3932/1116
f 4276/3932/1116 4274/3930/1116 4278/3934/1116
f 4280/3936/1172 4281/3937/1172 4282/3938/1172
f 4281/3937/1172 4283/3939/1172 4284/3940/1172
s 1
f 4281/3937/1172 4285/3941/1172 4282/3938/1172
s 0
f 4286/3942/1172 4284/3940/1172 4283/3939/1172
f 4284/3940/1172 4286/3942/1172 4287/3943/1172
f 4283/3939/1172 4281/3937/1172 4280/3936/1172
f 4288/3944/667 4289/3945/667 4290/3946/667
f 4289/3945/667 4291/3947/667 4292/3948/667
f 4289/3945/666 4293/3949/666 4290/3946/666
f 4294/3134/1113 4295/3950/1113 4296/3951/1113
f 4296/3951/1113 4295/3950/1113 4297/3952/1113
f 4298/3953/658 4299/3954/658 4300/3955/658
f 4299/3954/659 4298/3953/659 4301/3956/659
f 4300/3955/659 4302/1875/659 4303/3957/659
f 4301/3956/659 4304/3958/659 4305/3959/659
f 4291/3947/666 4289/3945/666 4288/3944/666
f 4302/1875/658 4300/3955/658 4299/3954/658
f 4306/2632/1114 4307/3960/1114 4308/3961/1114
f 4308/3961/1114 4307/3960/1114 4309/3962/1114
f 4304/3958/659 4301/3956/659 4298/3953/659
f 4310/3963/667 4311/3964/667 4291/3947/667
f 4311/3964/667 4292/3948/667 4291/3947/667
f 4312/3965/659 4238/3894/659 4237/3893/659
f 4238/3894/659 4312/3965/659 4135/3801/659
f 4237/3893/659 4134/3800/659 4239/3895/659
f 4135/3801/659 4114/3782/659 4238/3894/659
f 4313/3966/667 4314/3967/667 4244/3900/667
f 4313/3966/667 4244/3900/667 4315/3968/667
f 4314/3967/666 4242/3898/666 4244/3900/666
f 4314/3967/667 4269/3925/667 4242/3898/667
f 4244/3900/667 4243/3899/667 4316/3969/667
f 4244/3900/667 4316/3969/667 4315/3968/667
f 4315/3968/666 4316/3969/666 4317/3970/666
f 4268/3924/1172 4318/3971/1172 4319/3972/1172
f 4318/3971/1172 4268/3924/1172 4267/3923/1172
f 4267/3923/1172 4265/3921/1172 4264/3920/1172
f 4227/3883/667 4226/3882/667 4320/3973/667
f 4227/3883/667 4320/3973/667 4321/3974/667
f 4321/3974/667 4320/3973/667 4322/3975/667
s 1
f 4129/3795/1152 4126/3792/1150 4128/3794/1151
f 4130/3796/1153 4118/3786/1144 4117/3785/1143
f 4185/3850/1165 4262/3918/1174 4186/3851/1166
f 4185/3850/1165 4184/3849/1164 4188/3852/1167
s 0
f 4251/3907/1172 4249/3905/1172 4323/2646/1172
f 4232/3888/659 4230/3886/659 4229/3885/659
f 4232/3888/659 4324/3976/659 4325/3977/659
f 4324/3976/659 4232/3888/659 4231/3887/659
f 4325/3977/659 4234/3890/659 4232/3888/659
f 4231/3887/659 4229/3885/659 4235/3891/659
f 4252/3908/1172 4250/3906/1172 4258/3914/1172
f 4258/3914/1172 4255/3911/1172 4254/3910/1172
f 4326/3978/659 4327/3979/659 4328/3980/659
f 4327/3979/659 4326/3978/659 4329/3981/659
f 4234/3890/659 4325/3977/659 4330/3982/659
f 4331/3983/667 4332/3984/667 4227/3883/667
f 4331/3983/667 4227/3883/667 4321/3974/667
f 4332/3984/667 4223/3879/667 4227/3883/667
f 4332/3984/667 4221/3877/667 4223/3879/667
f 4333/3985/666 4334/3986/666 4335/3987/666
f 4333/3985/1175 4336/3988/1175 4337/3989/1175
f 4333/3985/667 4335/3987/667 4338/3990/667
f 4333/3985/667 4339/3991/667 4334/3986/667
f 4334/3986/667 4340/3992/667 4341/3993/667
f 4334/3986/667 4339/3991/667 4340/3992/667
f 4334/3986/667 4341/3993/667 4342/3994/667
f 4334/3986/1176 4342/3994/1176 4343/3995/1176
f 4340/3992/667 4339/3991/667 4344/3996/667
f 4340/3992/1177 4344/3996/1177 4345/3997/1177
f 4341/3993/1178 4340/3992/1178 4346/3998/1178
f 4339/3991/667 4333/3985/667 4337/3989/667
f 4344/3996/666 4339/3991/666 4347/3999/666
f 4338/3990/666 4335/3987/666 4348/4000/666
f 4336/3988/1179 4349/4001/1179 4350/4002/1179
f 4349/4001/667 4336/3988/667 4333/3985/667
f 4351/4003/1180 4352/4004/1180 4353/4005/1180
f 4352/4004/1180 4351/4003/1180 4354/4006/1180
f 4355/4007/903 4356/4008/903 4357/4009/903
f 4357/4009/903 4358/4010/903 4355/4007/903
f 4359/4011/897 4360/4012/897 4361/4013/897
f 4360/4012/897 4359/4011/897 4362/4014/897
f 4363/4015/1181 4364/4016/1181 4365/4017/1181
f 4366/4018/1181 4365/4017/1181 4364/4016/1181
f 4367/4019/1182 4368/4020/1182 4369/4021/1182
f 4368/4020/1182 4367/4019/1182 4370/4022/1182
s 1
f 4371/4023/1183 4372/4024/1183 4373/4025/1184
f 4372/4024/1183 4374/4026/1184 4373/4025/1184
f 4372/4024/1183 4375/4027/1184 4374/4026/1184
f 4373/4025/1184 4376/4028/1185 4377/4029/1186
f 4378/4030/1187 4379/4031/1188 4380/4032/1188
f 4379/4031/1188 4378/4030/1187 4381/4033/1187
f 4379/4031/1188 4382/4034/1189 4383/4035/1189
f 4380/4032/1188 4383/4035/1189 4384/4036/1189
f 4381/4033/1187 4377/4029/1186 4376/4028/1185
f 4381/4033/1187 4385/4037/1188 4379/4031/1188
f 4383/4035/1189 4380/4032/1188 4379/4031/1188
f 4383/4035/1189 4386/4038/1182 4384/4036/1189
f 4386/4038/1182 4387/4039/1189 4384/4036/1189
f 4386/4038/1182 4388/4040/1182 4387/4039/1189
f 4386/4038/1182 4383/4035/1189 4389/4041/1182
f 4389/4041/1182 4382/4034/1189 4390/4042/1182
f 4391/4043/1190 4392/4044/1182 4393/4045/1191
f 4391/4043/1190 4394/4046/1190 4392/4044/1182
f 4391/4043/1190 4395/4047/1192 4394/4046/1190
f 4391/4043/1190 4396/4048/1182 4397/4049/1193
f 4391/4043/1190 4398/4050/1192 4399/4051/1192
f 4396/4048/1182 4391/4043/1190 4393/4045/1191
f 4400/4052/1194 4399/4051/1192 4398/4050/1192
f 4399/4051/1192 4400/4052/1194 4401/4053/1194
f 4398/4050/1192 4391/4043/1190 4397/4049/1193
f 4401/4053/1194 4402/4054/1194 4395/4047/1192
f 4401/4053/1194 4395/4047/1192 4399/4051/1192
f 4403/4055/1181 4404/4056/1195 4405/4057/1181
f 4404/4056/1195 4403/4055/1181 4406/4058/1195
f 4404/4056/1195 4407/4059/1196 4408/4060/1195
f 4405/4057/1181 4409/4061/1197 4403/4055/1181
f 4405/4057/1181 4408/4060/1195 4410/4062/1181
f 4406/4058/1195 4411/4063/1198 4407/4059/1196
f 4410/4062/1181 4412/4064/1199 4413/4065/1181
f 4410/4062/1181 4414/4066/1197 4405/4057/1181
f 4412/4064/1199 4410/4062/1181 4408/4060/1195
f 4413/4065/1181 4415/4067/1197 4410/4062/1181
f 4408/4060/1195 4416/4068/1196 4417/4069/1198
f 4408/4060/1195 4407/4059/1196 4416/4068/1196
f 4408/4060/1195 4405/4057/1181 4404/4056/1195
f 4415/4067/1197 4413/4065/1181 4418/4070/1197
f 4418/4070/1197 4419/4071/1200 4415/4067/1197
f 4419/4071/1200 4414/4066/1197 4415/4067/1197
f 4419/4071/1200 4418/4070/1197 4420/4072/1201
f 4419/4071/1200 4421/4073/1200 4414/4066/1197
f 4420/4072/1201 4422/4074/1202 4419/4071/1200
f 4422/4074/1202 4421/4073/1200 4419/4071/1200
f 4422/4074/1202 4423/4075/1202 4421/4073/1200
f 4422/4074/1202 4420/4072/1201 4424/4076/1202
f 4424/4076/1202 4425/4077/1183 4422/4074/1202
f 4425/4077/1183 4423/4075/1202 4422/4074/1202
f 4425/4077/1183 4426/4078/1183 4423/4075/1202
f 4425/4077/1183 4424/4076/1202 4427/4079/1183
s 0
f 4428/4080/897 4429/4081/897 4430/4082/897
f 4429/4081/897 4431/4083/897 4432/4084/897
f 4429/4081/897 4433/4085/897 4430/4082/897
f 4429/4081/897 4432/4084/897 4434/4086/897
f 4429/4081/897 4435/4087/897 4436/4088/897
f 4433/4085/897 4429/4081/897 4434/4086/897
f 4437/4089/897 4429/4081/897 4428/4080/897
f 4438/4090/897 4429/4081/897 4437/4089/897
s 1
f 4439/4053/1203 4440/4091/1204 4441/4092/1203
s 0
f 4439/4053/1203 4442/4093/1203 4443/4054/1203
s 1
f 4440/4091/1204 4439/4053/1203 4444/4052/1205
f 4444/4052/1205 4445/4094/1206 4440/4091/1204
f 4376/4028/1185 4373/4025/1184 4374/4026/1184
f 4376/4028/1185 4375/4027/1184 4446/4095/1186
f 4376/4028/1185 4447/4096/1187 4381/4033/1187
f 4377/4029/1186 4381/4033/1187 4378/4030/1187
f 4448/4097/1207 4397/4049/1193 4396/4048/1182
f 4448/4097/1207 4396/4048/1182 4449/4098/1182
f 4450/4099/1208 4451/4100/1209 4452/4101/1208
f 4451/4100/1209 4453/4102/1210 4454/4103/1211
f 4454/4103/1211 4452/4101/1208 4451/4100/1209
f 4455/4104/1183 4424/4076/1202 4456/4105/1202
f 4455/4104/1183 4427/4079/1183 4424/4076/1202
f 4456/4105/1202 4424/4076/1202 4420/4072/1201
f 4456/4105/1202 4420/4072/1201 4457/4106/1200
s 0
f 4435/4087/897 4429/4081/897 4458/4107/897
f 4435/4087/897 4459/4108/897 4436/4088/897
f 4459/4108/897 4460/4109/897 4461/4110/897
f 4458/4107/897 4462/4111/897 4463/4112/897
f 4458/4107/897 4438/4090/897 4464/4113/897
f 4458/4107/897 4429/4081/897 4438/4090/897
f 4465/4114/897 4429/4081/897 4436/4088/897
f 4431/4083/897 4429/4081/897 4466/4115/897
f 4466/4115/897 4429/4081/897 4465/4114/897
f 4467/4116/903 4468/4117/903 4469/4118/903
f 4467/4116/903 4470/4119/903 4471/4120/903
f 4467/4116/903 4469/4118/903 4472/4121/903
f 4467/4116/903 4473/4122/903 4470/4119/903
f 4467/4116/903 4471/4120/903 4474/4123/903
f 4467/4116/903 4475/4124/903 4476/4125/903
f 4477/4126/903 4467/4116/903 4472/4121/903
f 4473/4122/903 4467/4116/903 4477/4126/903
f 4475/4124/903 4467/4116/903 4474/4123/903
f 4475/4124/903 4474/4123/903 4478/4127/903
f 4476/4125/903 4479/4128/903 4467/4116/903
f 4479/4128/903 4476/4125/903 4480/4129/903
f 4481/4130/903 4467/4116/903 4479/4128/903
f 4468/4117/903 4467/4116/903 4482/4131/903
f 4482/4131/903 4467/4116/903 4481/4130/903
s 1
f 4457/4106/1200 4420/4072/1201 4418/4070/1197
f 4457/4106/1200 4418/4070/1197 4483/4132/1197
f 4483/4132/1197 4418/4070/1197 4413/4065/1181
f 4483/4132/1197 4413/4065/1181 4484/4133/1181
f 4385/4037/1188 4382/4034/1189 4379/4031/1188
f 4382/4034/1189 4389/4041/1182 4383/4035/1189
f 4484/4133/1181 4413/4065/1181 4412/4064/1199
f 4484/4133/1181 4412/4064/1199 4485/4134/1212
f 4447/4096/1187 4385/4037/1188 4381/4033/1187
f 4447/4096/1187 4376/4028/1185 4446/4095/1186
f 4375/4027/1184 4376/4028/1185 4374/4026/1184
f 4375/4027/1184 4372/4024/1183 4486/4135/1213
f 4487/4136/1214 4488/4137/1208 4489/4138/1215
f 4487/4136/1214 4490/4139/1216 4491/4140/1217
f 4488/4137/1208 4487/4136/1214 4492/4141/1208
f 4489/4138/1215 4490/4139/1216 4487/4136/1214
f 4493/4142/1218 4494/4143/1219 4495/4144/1220
f 4495/4144/1220 4496/4145/1221 4497/4146/1221
f 4495/4144/1220 4497/4146/1221 4493/4142/1218
f 4496/4145/1221 4498/4147/1220 4499/4148/1222
f 4496/4145/1221 4495/4144/1220 4498/4147/1220
f 4499/4148/1222 4500/4149/1221 4496/4145/1221
f 4501/4150/1223 4502/4151/1224 4503/4152/1224
f 4502/4151/1224 4501/4150/1223 4504/4153/1223
f 4502/4151/1224 4505/4154/1225 4503/4152/1224
f 4407/4059/1196 4411/4063/1198 4506/4155/1226
f 4407/4059/1196 4404/4056/1195 4406/4058/1195
f 4416/4068/1196 4507/4156/1226 4508/4157/1226
f 4509/4158/1223 4510/4159/1224 4511/4160/1224
f 4510/4159/1224 4505/4154/1225 4512/4161/1225
f 4510/4159/1224 4503/4152/1224 4505/4154/1225
f 4510/4159/1224 4509/4158/1223 4513/4162/1223
f 4510/4159/1224 4514/4163/1225 4511/4160/1224
f 4513/4162/1223 4503/4152/1224 4510/4159/1224
f 4513/4162/1223 4501/4150/1223 4503/4152/1224
f 4515/4164/1227 4516/4165/1228 4517/4166/1229
f 4515/4164/1227 4443/4054/1203 4442/4093/1203
f 4443/4054/1203 4515/4164/1227 4517/4166/1229
s 0
f 4442/4093/1203 4439/4053/1203 4441/4092/1203
s 1
f 4518/4167/1183 4423/4075/1202 4426/4078/1183
f 4423/4075/1202 4518/4167/1183 4519/4168/1202
f 4519/4168/1202 4421/4073/1200 4423/4075/1202
f 4421/4073/1200 4519/4168/1202 4520/4169/1200
f 4520/4169/1200 4414/4066/1197 4421/4073/1200
f 4414/4066/1197 4520/4169/1200 4409/4061/1197
f 4414/4066/1197 4410/4062/1181 4415/4067/1197
f 4409/4061/1197 4405/4057/1181 4414/4066/1197
f 4411/4063/1198 4521/4170/1226 4506/4155/1226
f 4522/4166/1194 4395/4047/1192 4402/4054/1194
f 4395/4047/1192 4391/4043/1190 4399/4051/1192
f 4395/4047/1192 4522/4166/1194 4523/4171/1192
f 4523/4171/1192 4394/4046/1190 4395/4047/1192
f 4417/4069/1198 4416/4068/1196 4508/4157/1226
f 4417/4069/1198 4412/4064/1199 4408/4060/1195
f 4524/4172/1190 4392/4044/1182 4394/4046/1190
f 4392/4044/1182 4524/4172/1190 4525/4173/1182
f 4394/4046/1190 4523/4171/1192 4524/4172/1190
f 4526/4174/1182 4387/4039/1189 4388/4040/1182
f 4387/4039/1189 4526/4174/1182 4527/4175/1189
f 4387/4039/1189 4528/4176/1188 4529/4177/1188
f 4528/4176/1188 4387/4039/1189 4527/4175/1189
f 4529/4177/1188 4384/4036/1189 4387/4039/1189
f 4529/4177/1188 4380/4032/1188 4384/4036/1189
f 4529/4177/1188 4530/4178/1187 4531/4179/1187
f 4530/4178/1187 4529/4177/1188 4528/4176/1188
f 4531/4179/1187 4532/4180/1186 4533/4181/1185
f 4531/4179/1187 4380/4032/1188 4529/4177/1188
f 4531/4179/1187 4378/4030/1187 4380/4032/1188
f 4532/4180/1186 4531/4179/1187 4530/4178/1187
f 4533/4181/1185 4378/4030/1187 4531/4179/1187
f 4533/4181/1185 4377/4029/1186 4378/4030/1187
f 4533/4181/1185 4534/4182/1184 4535/4183/1184
f 4534/4182/1184 4533/4181/1185 4532/4180/1186
f 4535/4183/1184 4373/4025/1184 4377/4029/1186
f 4535/4183/1184 4377/4029/1186 4533/4181/1185
s 0
f 4536/4184/903 4537/4185/903 4538/4186/903
f 4537/4185/903 4536/4184/903 4539/4187/903
s 1
f 4540/4188/1183 4373/4025/1184 4535/4183/1184
f 4540/4188/1183 4535/4183/1184 4534/4182/1184
f 4540/4188/1183 4371/4023/1183 4373/4025/1184
s 0
f 4541/4189/897 4542/4190/897 4543/4191/897
f 4544/4192/897 4543/4191/897 4542/4190/897
s 1
f 4545/4193/1183 4540/4188/1183 4534/4182/1184
f 4505/4154/1225 4502/4151/1224 4546/4194/1225
s 0
f 4547/4147/1230 4548/4144/1230 4549/4195/1230
f 4550/4196/1230 4549/4195/1230 4548/4144/1230
s 1
f 4514/4163/1225 4510/4159/1224 4512/4161/1225
f 4551/4141/1231 4552/4136/1231 4498/4147/1220
f 4552/4136/1231 4499/4148/1222 4498/4147/1220
f 4553/4100/1231 4554/4099/1231 4494/4143/1219
f 4554/4099/1231 4495/4144/1220 4494/4143/1219
s 0
f 4555/4197/903 4556/4198/903 4557/4199/903
f 4555/4197/903 4558/4200/903 4559/4201/903
f 4557/4199/903 4560/4202/903 4555/4197/903
f 4561/86/903 4557/4199/903 4556/4198/903
f 4562/4203/897 4563/4204/897 4564/4205/897
f 4562/4203/897 4565/4206/897 4566/4207/897
f 4563/4204/897 4562/4203/897 4567/4208/897
f 4564/4205/897 4568/4209/897 4562/4203/897
f 4567/4208/897 4566/4207/897 4569/4210/897
f 4460/4109/897 4570/4211/897 4571/4212/897
f 4460/4109/897 4459/4108/897 4435/4087/897
f 4461/4110/897 4571/4212/897 4572/4213/897
f 4573/4214/903 4574/4215/903 4575/4216/903
f 4575/4216/903 4574/4215/903 4576/4217/903
f 4575/4216/903 4577/4218/903 4573/4214/903
f 4577/4218/903 4575/4216/903 4578/4219/903
f 4579/4220/1232 4580/4221/1232 4581/4222/1232
f 4579/4220/1232 4582/4223/1232 4583/4224/1232
f 4580/4221/1232 4579/4220/1232 4584/4225/1232
f 4581/4222/1232 4585/2661/1232 4586/4226/1232
f 4584/4225/1232 4583/4224/1232 4587/4227/1232
f 4588/4228/1232 4589/4229/1232 4590/4230/1232
f 4589/4229/1232 4588/4228/1232 4591/4231/1232
f 4591/4231/1232 4579/4220/1232 4581/4222/1232
f 4591/4231/1232 4592/4232/1232 4593/4233/1232
s 1
f 4591/4231/1232 4586/4226/1232 4589/4229/1232
s 0
f 4566/4207/897 4567/4208/897 4562/4203/897
f 4594/4234/1232 4593/4233/1232 4592/4232/1232
f 4593/4233/1232 4579/4220/1232 4591/4231/1232
f 4593/4233/1232 4594/4234/1232 4582/4223/1232
f 4592/4232/1232 4591/4231/1232 4588/4228/1232
f 4582/4223/1232 4579/4220/1232 4593/4233/1232
s 1
f 4490/4139/1216 4516/4165/1228 4491/4140/1217
f 4491/4140/1217 4516/4165/1228 4595/4235/1233
f 4596/4236/1234 4440/4091/1204 4445/4094/1206
f 4445/4094/1206 4597/4237/1235 4596/4236/1234
s 0
f 4559/4201/903 4556/4198/903 4555/4197/903
f 4558/4200/903 4555/4197/903 4598/4238/903
f 4599/4239/1232 4600/4240/1232 4601/4241/1232
f 4600/4240/1232 4599/4239/1232 4602/4242/1232
f 4602/4242/1232 4603/4243/1232 4600/4240/1232
f 4576/4217/903 4604/4244/903 4575/4216/903
f 4605/4245/903 4576/4217/903 4574/4215/903
f 4571/4212/897 4461/4110/897 4460/4109/897
f 4606/4246/1184 4607/4247/1184 4608/4248/1184
s 1
f 4607/4247/1184 4606/4246/1184 4609/4249/1184
s 0
f 4609/4249/1184 4610/4250/1184 4611/4251/1184
f 4612/4252/1184 4611/4251/1184 4610/4250/1184
f 4611/4251/1184 4612/4252/1184 4613/4253/1184
f 4610/4250/1184 4609/4249/1184 4606/4246/1184
f 4614/4254/1232 4615/4255/1232 4616/4256/1232
f 4616/4256/1232 4615/4255/1232 4617/4257/1232
f 4616/4256/1232 4618/4258/1232 4614/4254/1232
f 4619/4259/1232 4620/4260/1232 4621/4261/1232
f 4620/4260/1232 4619/4259/1232 4618/4258/1232
f 4618/4258/1232 4616/4256/1232 4620/4260/1232
f 4622/4262/903 4623/4263/903 4624/4264/903
f 4623/4263/903 4622/4262/903 4625/4265/903
f 4623/4263/903 4626/4266/903 4624/4264/903
f 4627/4267/1181 4628/3952/1181 4629/3950/1181
f 4629/3950/1181 4630/4268/1181 4627/4267/1181
f 4631/4264/897 4632/4269/897 4633/4270/897
f 4632/4269/897 4631/4264/897 4634/4266/897
f 4633/4270/897 4635/4262/897 4631/4264/897
f 4634/4266/897 4636/4271/897 4632/4269/897
f 4626/4266/903 4637/3916/903 4638/4272/903
f 4626/4266/903 4623/4263/903 4639/4273/903
f 4635/4262/897 4633/4270/897 4640/4274/897
f 4641/4275/1182 4642/4276/1182 4643/4277/1182
f 4642/4276/1182 4641/4275/1182 4644/4278/1182
f 4636/4271/897 4634/4266/897 4645/4272/897
f 4637/3916/903 4626/4266/903 4639/4273/903
f 4463/4112/897 4646/4279/897 4570/4211/897
f 4646/4279/897 4463/4112/897 4462/4111/897
f 4570/4211/897 4460/4109/897 4463/4112/897
f 4462/4111/897 4458/4107/897 4464/4113/897
f 4647/4280/903 4648/4281/903 4649/4282/903
f 4647/4280/903 4578/4219/903 4650/4283/903
f 4578/4219/903 4649/4282/903 4577/4218/903
f 4578/4219/903 4575/4216/903 4604/4244/903
f 4604/4244/903 4650/4283/903 4578/4219/903
f 4651/4284/1232 4652/4285/1232 4603/4243/1232
f 4652/4285/1232 4651/4284/1232 4653/4286/1232
f 4603/4243/1232 4602/4242/1232 4651/4284/1232
f 4654/4287/903 4598/4238/903 4655/4288/903
f 4598/4238/903 4555/4197/903 4560/4202/903
f 4598/4238/903 4654/4287/903 4558/4200/903
f 4655/4288/903 4598/4238/903 4656/4289/903
f 4655/4288/903 4657/4290/903 4654/4287/903
s 1
f 4453/4102/1210 4451/4100/1209 4597/4237/1235
f 4597/4237/1235 4445/4094/1206 4453/4102/1210
f 4516/4165/1228 4515/4164/1227 4595/4235/1233
s 0
f 4583/4224/1232 4584/4225/1232 4579/4220/1232
f 4568/4209/897 4564/4205/897 4658/4291/897
f 4568/4209/897 4659/4292/897 4565/4206/897
f 4659/4292/897 4568/4209/897 4660/4293/897
f 4565/4206/897 4562/4203/897 4568/4209/897
f 4660/4293/897 4658/4291/897 4661/4294/897
f 4585/2661/1232 4581/4222/1232 4580/4221/1232
f 4586/4226/1232 4591/4231/1232 4581/4222/1232
f 4649/4282/903 4578/4219/903 4647/4280/903
f 4662/4295/897 4663/4296/897 4664/4297/897
f 4663/4296/897 4662/4295/897 4665/4298/897
f 4658/4291/897 4660/4293/897 4568/4209/897
f 4560/4202/903 4656/4289/903 4598/4238/903
f 4666/4299/1236 4667/4300/1236 4668/4301/1236
f 4666/4299/903 4669/3991/903 4670/4302/903
f 4666/4299/934 4671/4303/934 4667/4300/934
f 4671/4303/903 4666/4299/903 4670/4302/903
f 4668/4301/903 4667/4300/903 4672/4304/903
f 4670/4302/934 4673/4305/934 4674/4306/934
f 4670/4302/1237 4674/4306/1237 4675/4307/1237
f 4673/4305/903 4669/3991/903 4676/4308/903
f 4673/4305/1238 4676/4308/1238 4677/4309/1238
f 4674/4306/903 4673/4305/903 4678/4310/903
f 4669/3991/903 4666/4299/903 4679/4311/903
f 4669/3991/903 4673/4305/903 4670/4302/903
f 4676/4308/903 4669/3991/903 4680/4312/903
f 4679/4311/934 4666/4299/934 4681/4313/934
f 4679/4311/1239 4681/4313/1239 4682/4314/1239
f 4680/4312/1240 4669/3991/1240 4683/3989/1240
f 4684/4315/1241 4685/4316/1241 4686/4317/1241
f 4684/4315/1241 4686/4317/1241 4687/4318/1241
s 1
f 4688/4319/1242 4689/4320/1243 4690/4321/1244
f 4688/4319/1242 4690/4321/1244 4691/4322/1245
f 4688/4319/1242 4692/4323/1246 4693/4324/1247
f 4689/4320/1243 4688/4319/1242 4694/4325/1248
f 4689/4320/1243 4695/4326/1249 4696/4327/1250
f 4694/4325/1248 4693/4324/1247 4697/4328/1251
f 4694/4325/1248 4698/4329/1252 4695/4326/1249
f 4693/4324/1247 4694/4325/1248 4688/4319/1242
f 4693/4324/1247 4699/4330/1253 4700/4331/1254
f 4693/4324/1247 4700/4331/1254 4697/4328/1251
f 4697/4328/1251 4700/4331/1254 4698/4329/1252
f 4698/4329/1252 4694/4325/1248 4697/4328/1251
f 4695/4326/1249 4689/4320/1243 4694/4325/1248
f 4695/4326/1249 4701/4332/1255 4702/4333/1256
f 4695/4326/1249 4702/4333/1256 4696/4327/1250
f 4703/4334/1257 4704/4335/1258 4705/4336/1259
f 4703/4334/1257 4705/4336/1259 4706/4337/1260
f 4703/4334/1257 4707/4338/1261 4708/4339/1262
f 4707/4338/1261 4709/4340/1263 4708/4339/1262
f 4707/4338/1261 4710/4341/1264 4711/4342/1265
f 4707/4338/1261 4703/4334/1257 4706/4337/1260
f 4708/4339/1262 4712/4343/1266 4703/4334/1257
f 4706/4337/1260 4713/4344/1267 4707/4338/1261
f 4709/4340/1263 4707/4338/1261 4711/4342/1265
f 4714/4345/1268 4715/4346/1269 4708/4339/1262
f 4714/4345/1268 4708/4339/1262 4709/4340/1263
f 4715/4346/1269 4716/4347/1270 4712/4343/1266
f 4715/4346/1269 4717/4348/1271 4718/4349/1272
f 4712/4343/1266 4708/4339/1262 4715/4346/1269
f 4719/4350/1273 4720/4351/1274 4721/4352/1275
f 4719/4350/1273 4722/4353/1276 4723/4354/1277
f 4722/4353/1276 4724/4355/1278 4725/4356/1279
f 4722/4353/1276 4719/4350/1273 4724/4355/1278
f 4722/4353/1276 4725/4356/1279 4726/4357/1280
f 4722/4353/1276 4727/4358/1281 4723/4354/1277
f 4724/4355/1278 4721/4352/1275 4728/4359/1282
f 4724/4355/1278 4729/4360/1283 4725/4356/1279
f 4721/4352/1275 4724/4355/1278 4719/4350/1273
f 4728/4359/1282 4729/4360/1283 4724/4355/1278
f 4729/4360/1283 4730/4361/1284 4725/4356/1279
f 4729/4360/1283 4728/4359/1282 4731/4362/1285
f 4731/4362/1285 4732/4363/1286 4729/4360/1283
f 4702/4333/1256 4733/4364/1287 4696/4327/1250
f 4701/4332/1255 4734/4365/1288 4735/4366/1289
f 4701/4332/1255 4695/4326/1249 4698/4329/1252
f 4736/4367/1290 4737/4368/1291 4738/4369/1292
f 4737/4368/1291 4736/4367/1290 4739/4370/1293
f 4737/4368/1291 4740/4371/1294 4705/4336/1259
f 4738/4369/1292 4741/4372/1295 4742/4373/1296
f 4738/4369/1292 4705/4336/1259 4704/4335/1258
f 4739/4370/1293 4743/4374/1297 4744/4375/1298
f 4745/4376/1299 4746/4377/1300 4747/4378/1301
f 4745/4376/1299 4748/4379/1302 4749/4380/1303
f 4748/4379/1302 4745/4376/1299 4747/4378/1301
f 4749/4380/1303 4750/4381/1304 4751/4382/1305
f 4750/4381/1304 4749/4380/1303 4748/4379/1302
f 4751/4382/1305 4752/4383/1306 4753/4384/1307
f 4744/4375/1298 4754/4385/1308 4740/4371/1294
f 4744/4375/1298 4737/4368/1291 4739/4370/1293
f 4743/4374/1297 4755/4386/1309 4744/4375/1298
f 4710/4341/1264 4707/4338/1261 4713/4344/1267
f 4713/4344/1267 4706/4337/1260 4756/4387/1310
f 4756/4387/1310 4740/4371/1294 4754/4385/1308
f 4755/4386/1309 4743/4374/1297 4757/4388/1311
f 4752/4383/1306 4751/4382/1305 4750/4381/1304
f 4730/4361/1284 4729/4360/1283 4732/4363/1286
f 4730/4361/1284 4758/4389/1312 4725/4356/1279
f 4732/4363/1286 4731/4362/1285 4759/4390/1313
f 4740/4371/1294 4756/4387/1310 4706/4337/1260
f 4740/4371/1294 4737/4368/1291 4744/4375/1298
f 4754/4385/1308 4744/4375/1298 4755/4386/1309
f 4704/4335/1258 4703/4334/1257 4760/4343/1314
f 4704/4335/1258 4741/4372/1295 4738/4369/1292
f 4705/4336/1259 4738/4369/1292 4737/4368/1291
f 4705/4336/1259 4740/4371/1294 4706/4337/1260
f 4692/4323/1246 4699/4330/1253 4693/4324/1247
f 4692/4323/1246 4688/4319/1242 4691/4322/1245
f 4691/4322/1245 4761/4391/1315 4692/4323/1246
f 4762/4392/1316 4763/4393/1317 4691/4322/1245
f 4762/4392/1316 4691/4322/1245 4690/4321/1244
f 4763/4393/1317 4764/4394/1318 4765/4395/1319
f 4763/4393/1317 4766/4396/1320 4761/4391/1315
f 4763/4393/1317 4762/4392/1316 4764/4394/1318
f 4761/4391/1315 4767/4397/1321 4692/4323/1246
f 4761/4391/1315 4768/4398/1322 4767/4397/1321
f 4761/4391/1315 4691/4322/1245 4763/4393/1317
f 4746/4377/1300 4745/4376/1299 4769/4399/1323
f 4769/4399/1323 4770/4400/1324 4746/4377/1300
f 4741/4372/1295 4704/4335/1258 4771/4401/1325
f 4741/4372/1295 4772/4402/1326 4742/4373/1296
f 4742/4373/1296 4736/4367/1290 4738/4369/1292
f 4772/4402/1326 4741/4372/1295 4773/4403/1327
f 4772/4402/1326 4774/4404/1328 4775/4405/1329
f 4773/4403/1327 4771/4401/1325 4776/4406/1330
f 4770/4400/1324 4769/4399/1323 4777/4407/1331
f 4720/4351/1274 4719/4350/1273 4778/4408/1332
f 4778/4408/1332 4779/4409/1333 4720/4351/1274
f 4778/4408/1332 4719/4350/1273 4723/4354/1277
f 4780/4410/1334 4778/4408/1332 4723/4354/1277
f 4780/4410/1334 4781/4411/1335 4778/4408/1332
f 4780/4410/1334 4782/4412/1336 4783/4413/1337
f 4780/4410/1334 4723/4354/1277 4784/4414/1338
f 4781/4411/1335 4780/4410/1334 4783/4413/1337
f 4781/4411/1335 4783/4413/1337 4785/4415/1339
f 4781/4411/1335 4786/4416/1340 4779/4409/1333
f 4779/4409/1333 4778/4408/1332 4781/4411/1335
f 4771/4401/1325 4773/4403/1327 4741/4372/1295
f 4771/4401/1325 4704/4335/1258 4760/4343/1314
f 4787/4347/1341 4776/4406/1330 4771/4401/1325
f 4787/4347/1341 4771/4401/1325 4760/4343/1314
f 4776/4406/1330 4788/4417/1342 4789/4418/1343
f 4776/4406/1330 4790/4419/1344 4773/4403/1327
f 4776/4406/1330 4787/4347/1341 4788/4417/1342
f 4788/4417/1342 4718/4349/1272 4791/4420/1345
f 4716/4347/1270 4715/4346/1269 4718/4349/1272
f 4718/4349/1272 4788/4417/1342 4716/4347/1270
f 4717/4348/1271 4791/4420/1345 4718/4349/1272
f 4717/4348/1271 4715/4346/1269 4714/4345/1268
f 4791/4420/1345 4717/4348/1271 4792/4421/1346
f 4793/4422/1347 4794/4423/1348 4795/4424/1349
f 4793/4422/1347 4796/4425/1350 4797/4426/1351
f 4796/4425/1350 4793/4422/1347 4795/4424/1349
f 4796/4425/1350 4795/4424/1349 4798/4427/1352
f 4796/4425/1350 4799/4428/1353 4800/4429/1354
f 4797/4426/1351 4800/4429/1354 4801/4430/1355
f 4797/4426/1351 4802/4431/1356 4803/4432/1357
f 4795/4424/1349 4794/4423/1348 4804/4433/1358
f 4795/4424/1349 4804/4433/1358 4805/4434/1359
f 4806/4435/1360 4807/4436/1361 4808/4437/1362
f 4806/4435/1360 4808/4437/1362 4809/4438/1363
f 4806/4435/1360 4810/4439/1364 4811/4440/1365
f 4810/4439/1364 4812/4441/1366 4811/4440/1365
f 4811/4440/1365 4813/4442/1367 4806/4435/1360
f 4811/4440/1365 4812/4441/1366 4814/4443/1368
f 4813/4442/1367 4815/4444/1369 4816/4445/1370
f 4785/4415/1339 4817/4446/1371 4786/4416/1340
f 4818/4447/1372 4819/4448/1373 4820/4449/1374
f 4818/4447/1372 4785/4415/1339 4783/4413/1337
f 4818/4447/1372 4821/4450/1375 4785/4415/1339
f 4821/4450/1375 4822/4451/1376 4817/4446/1371
f 4821/4450/1375 4818/4447/1372 4820/4449/1374
f 4817/4446/1371 4785/4415/1339 4821/4450/1375
f 4786/4416/1340 4781/4411/1335 4785/4415/1339
f 4823/4452/1377 4824/4453/1378 4792/4421/1346
f 4823/4452/1377 4825/4454/1379 4824/4453/1378
f 4824/4453/1378 4788/4417/1342 4791/4420/1345
f 4824/4453/1378 4791/4420/1345 4792/4421/1346
f 4825/4454/1379 4826/4455/1380 4824/4453/1378
f 4825/4454/1379 4823/4452/1377 4827/4456/1381
f 4827/4456/1381 4828/4457/1382 4829/4458/1383
f 4826/4455/1380 4830/4459/1384 4789/4418/1343
f 4826/4455/1380 4789/4418/1343 4788/4417/1342
f 4826/4455/1380 4788/4417/1342 4824/4453/1378
f 4826/4455/1380 4825/4454/1379 4831/4460/1385
f 4831/4460/1385 4829/4458/1383 4832/4461/1386
f 4789/4418/1343 4833/4462/1387 4790/4419/1344
f 4830/4459/1384 4812/4441/1366 4833/4462/1387
f 4830/4459/1384 4826/4455/1380 4831/4460/1385
f 4830/4459/1384 4831/4460/1385 4814/4443/1368
f 4833/4462/1387 4789/4418/1343 4830/4459/1384
f 4790/4419/1344 4834/4463/1388 4835/4464/1389
f 4790/4419/1344 4776/4406/1330 4789/4418/1343
f 4790/4419/1344 4835/4464/1389 4773/4403/1327
f 4835/4464/1389 4772/4402/1326 4773/4403/1327
f 4834/4463/1388 4790/4419/1344 4833/4462/1387
f 4834/4463/1388 4833/4462/1387 4836/4465/1390
f 4837/4466/1391 4838/4467/1392 4839/4468/1393
f 4838/4467/1392 4837/4466/1391 4840/4469/1394
f 4840/4469/1394 4841/4470/1395 4838/4467/1392
f 4774/4404/1328 4772/4402/1326 4835/4464/1389
f 4765/4395/1319 4842/4471/1396 4766/4396/1320
f 4843/4472/1397 4844/4473/1398 4765/4395/1319
f 4843/4472/1397 4765/4395/1319 4764/4394/1318
f 4844/4473/1398 4845/4474/1399 4842/4471/1396
f 4844/4473/1398 4842/4471/1396 4765/4395/1319
f 4844/4473/1398 4843/4472/1397 4846/4475/1400
f 4842/4471/1396 4847/4476/1401 4848/4477/1402
f 4842/4471/1396 4848/4477/1402 4766/4396/1320
f 4766/4396/1320 4763/4393/1317 4765/4395/1319
f 4766/4396/1320 4768/4398/1322 4761/4391/1315
f 4849/4439/1403 4809/4438/1363 4850/4478/1404
f 4809/4438/1363 4849/4439/1403 4806/4435/1360
f 4816/4445/1370 4851/4479/1405 4813/4442/1367
f 4816/4445/1370 4815/4444/1369 4852/4480/1406
f 4815/4444/1369 4832/4461/1386 4852/4480/1406
f 4815/4444/1369 4813/4442/1367 4811/4440/1365
f 4852/4480/1406 4853/4481/1407 4816/4445/1370
f 4853/4481/1407 4854/4482/1408 4855/4483/1409
f 4853/4481/1407 4855/4483/1409 4816/4445/1370
f 4856/4484/1410 4857/4485/1411 4858/4486/1412
f 4856/4484/1410 4859/4487/1413 4857/4485/1411
f 4859/4487/1413 4860/4488/1414 4857/4485/1411
f 4858/4486/1412 4857/4485/1411 4861/4489/1415
f 4860/4488/1414 4859/4487/1413 4862/4490/1416
f 4862/4490/1416 4863/4491/1417 4864/4492/1418
f 4861/4489/1415 4857/4485/1411 4860/4488/1414
f 4851/4479/1405 4865/4493/1419 4866/4494/1420
f 4851/4479/1405 4807/4436/1361 4813/4442/1367
f 4851/4479/1405 4867/4495/1421 4865/4493/1419
f 4851/4479/1405 4816/4445/1370 4855/4483/1409
f 4854/4482/1408 4867/4495/1421 4855/4483/1409
f 4867/4495/1421 4851/4479/1405 4855/4483/1409
f 4867/4495/1421 4854/4482/1408 4868/4496/1422
f 4803/4432/1357 4869/4497/1423 4870/4422/1424
f 4803/4432/1357 4870/4422/1424 4797/4426/1351
f 4869/4497/1423 4871/4498/1425 4870/4422/1424
f 4869/4497/1423 4872/4499/1426 4871/4498/1425
f 4869/4497/1423 4873/4500/1427 4874/4501/1428
f 4802/4431/1356 4797/4426/1351 4801/4430/1355
f 4875/4502/1429 4873/4500/1427 4803/4432/1357
f 4875/4502/1429 4803/4432/1357 4802/4431/1356
f 4873/4500/1427 4876/4503/1430 4877/4504/1431
f 4873/4500/1427 4869/4497/1423 4803/4432/1357
f 4878/4505/1432 4879/4506/1433 4880/4507/1434
f 4878/4505/1432 4881/4508/1435 4882/4509/1436
f 4881/4508/1435 4878/4505/1432 4883/4510/1437
f 4881/4508/1435 4883/4510/1437 4884/4511/1438
f 4881/4508/1435 4885/4512/1439 4886/4513/1440
f 4882/4509/1436 4886/4513/1440 4887/4514/1441
f 4882/4509/1436 4888/4515/1442 4889/4516/1443
f 4883/4510/1437 4890/4517/1444 4891/4518/1445
f 4883/4510/1437 4892/4519/1446 4884/4511/1438
f 4883/4510/1437 4893/4520/1447 4892/4519/1446
f 4890/4517/1444 4883/4510/1437 4878/4505/1432
f 4890/4517/1444 4894/4521/1448 4891/4518/1445
f 4891/4518/1445 4893/4520/1447 4883/4510/1437
f 4891/4518/1445 4894/4521/1448 4893/4520/1447
f 4895/4522/1449 4896/4523/1450 4897/4524/1451
f 4895/4522/1449 4897/4524/1451 4898/4525/1452
f 4895/4522/1449 4899/4526/1453 4900/4527/1454
f 4896/4523/1450 4901/4528/1455 4902/4529/1456
f 4896/4523/1450 4903/4530/1457 4897/4524/1451
f 4896/4523/1450 4904/4531/1458 4903/4530/1457
f 4898/4525/1452 4899/4526/1453 4895/4522/1449
f 4898/4525/1452 4905/4532/1459 4906/4533/1460
f 4899/4526/1453 4898/4525/1452 4907/4534/1461
f 4907/4534/1461 4898/4525/1452 4906/4533/1460
f 4900/4527/1454 4901/4528/1455 4895/4522/1449
f 4901/4528/1455 4896/4523/1450 4895/4522/1449
f 4901/4528/1455 4908/4535/1462 4909/4536/1463
f 4876/4503/1430 4873/4500/1427 4875/4502/1429
f 4877/4504/1431 4876/4503/1430 4910/4537/1464
f 4877/4504/1431 4911/4538/1465 4874/4501/1428
f 4877/4504/1431 4874/4501/1428 4873/4500/1427
f 4910/4537/1464 4912/4539/1466 4877/4504/1431
f 4912/4539/1466 4913/4540/1467 4906/4533/1460
f 4912/4539/1466 4911/4538/1465 4877/4504/1431
f 4911/4538/1465 4914/4541/1468 4915/4542/1469
f 4911/4538/1465 4915/4542/1469 4874/4501/1428
f 4911/4538/1465 4912/4539/1466 4916/4543/1470
f 4917/4544/1471 4918/4545/1472 4919/4546/1473
f 4917/4544/1471 4920/4547/1474 4921/4548/1475
f 4917/4544/1471 4922/4549/1476 4918/4545/1472
f 4922/4549/1476 4917/4544/1471 4923/4550/1477
f 4923/4550/1477 4924/4551/1478 4922/4549/1476
f 4921/4548/1475 4925/4552/1479 4923/4550/1477
f 4921/4548/1475 4923/4550/1477 4917/4544/1471
f 4925/4552/1479 4926/4553/1480 4923/4550/1477
f 4925/4552/1479 4927/4554/1481 4928/4555/1482
f 4926/4553/1480 4925/4552/1479 4928/4555/1482
f 4926/4553/1480 4924/4551/1478 4923/4550/1477
f 4928/4555/1482 4929/4556/1483 4930/4557/1484
f 4928/4555/1482 4930/4557/1484 4926/4553/1480
f 4931/4558/1485 4932/4559/1486 4933/4560/1487
f 4932/4559/1486 4931/4558/1485 4934/4561/1488
f 4932/4559/1486 4934/4561/1488 4935/4562/1489
f 4934/4561/1488 4936/4563/1490 4935/4562/1489
f 4934/4561/1488 4937/4564/1491 4938/4565/1492
f 4937/4564/1491 4934/4561/1488 4931/4558/1485
f 4937/4564/1491 4939/4566/1493 4938/4565/1492
f 4937/4564/1491 4940/4567/1494 4939/4566/1493
f 4938/4565/1492 4941/4568/1495 4942/4569/1496
f 4938/4565/1492 4936/4563/1490 4934/4561/1488
f 4936/4563/1490 4943/4570/1497 4944/4571/1498
f 4936/4563/1490 4938/4565/1492 4942/4569/1496
f 4935/4562/1489 4936/4563/1490 4944/4571/1498
f 4935/4562/1489 4944/4571/1498 4945/4572/1499
f 4946/4573/1500 4947/4574/1501 4948/4575/1502
f 4946/4573/1500 4949/4576/1503 4950/4577/1504
f 4946/4573/1500 4951/4578/1505 4947/4574/1501
f 4951/4578/1505 4946/4573/1500 4919/4546/1473
f 4919/4546/1473 4918/4545/1472 4951/4578/1505
f 4950/4577/1504 4920/4547/1474 4919/4546/1473
f 4950/4577/1504 4919/4546/1473 4946/4573/1500
f 4920/4547/1474 4952/4579/1506 4921/4548/1475
f 4920/4547/1474 4917/4544/1471 4919/4546/1473
f 4953/4580/1507 4954/4581/1508 4955/4582/1509
f 4953/4580/1507 4950/4577/1504 4956/4583/1510
f 4953/4580/1507 4957/4584/1511 4958/4585/1512
f 4953/4580/1507 4958/4585/1512 4950/4577/1504
f 4958/4585/1512 4920/4547/1474 4950/4577/1504
f 4958/4585/1512 4959/4586/1513 4952/4579/1506
f 4957/4584/1511 4953/4580/1507 4955/4582/1509
f 4959/4586/1513 4958/4585/1512 4957/4584/1511
f 4952/4579/1506 4960/4587/1514 4961/4588/1515
f 4952/4579/1506 4961/4588/1515 4921/4548/1475
f 4952/4579/1506 4920/4547/1474 4958/4585/1512
f 4962/4589/1516 4963/4590/1517 4964/4591/1518
f 4963/4590/1517 4962/4589/1516 4965/4592/1519
f 4963/4590/1517 4966/4593/1520 4964/4591/1518
f 4963/4590/1517 4967/4594/1521 4968/4595/1522
f 4963/4590/1517 4969/4596/1523 4970/4597/1524
f 4966/4593/1520 4963/4590/1517 4968/4595/1522
f 4968/4595/1522 4971/4598/1525 4972/4599/1526
f 4968/4595/1522 4967/4594/1521 4973/4600/1527
f 4968/4595/1522 4973/4600/1527 4974/4601/1528
f 4968/4595/1522 4974/4601/1528 4971/4598/1525
f 4975/4602/1529 4976/4603/1530 4977/4604/1531
f 4975/4602/1529 4977/4604/1531 4978/4605/1532
f 4977/4604/1531 4979/4606/1533 4980/4607/1534
f 4978/4605/1532 4981/4608/1535 4982/4609/1536
f 4982/4609/1536 4975/4602/1529 4978/4605/1532
f 4983/4610/1537 4975/4602/1529 4982/4609/1536
f 4961/4588/1515 4925/4552/1479 4921/4548/1475
f 4961/4588/1515 4984/4611/1538 4927/4554/1481
f 4960/4587/1514 4985/4612/1539 4984/4611/1538
f 4960/4587/1514 4952/4579/1506 4959/4586/1513
f 4984/4611/1538 4961/4588/1515 4960/4587/1514
f 4927/4554/1481 4986/4613/1540 4928/4555/1482
f 4927/4554/1481 4987/4614/1541 4988/4615/1542
f 4927/4554/1481 4925/4552/1479 4961/4588/1515
f 4909/4536/1463 4902/4529/1456 4901/4528/1455
f 4909/4536/1463 4908/4535/1462 4989/4616/1543
f 4909/4536/1463 4990/4617/1544 4902/4529/1456
f 4990/4617/1544 4991/4618/1545 4902/4529/1456
f 4990/4617/1544 4992/4619/1546 4993/4620/1547
f 4990/4617/1544 4994/4621/1548 4991/4618/1545
f 4908/4535/1462 4901/4528/1455 4900/4527/1454
f 4989/4616/1543 4992/4619/1546 4909/4536/1463
f 4992/4619/1546 4990/4617/1544 4909/4536/1463
f 4992/4619/1546 4995/4622/1549 4996/4623/1550
f 4944/4571/1498 4997/4624/1551 4998/4625/1552
f 4945/4572/1499 4999/4626/1553 4935/4562/1489
f 4945/4572/1499 4998/4625/1552 5000/4627/1554
f 4943/4570/1497 5001/4628/1555 4997/4624/1551
f 4943/4570/1497 4936/4563/1490 4942/4569/1496
f 4943/4570/1497 4997/4624/1551 4944/4571/1498
f 4943/4570/1497 4941/4568/1495 5001/4628/1555
f 4998/4625/1552 4945/4572/1499 4944/4571/1498
f 4998/4625/1552 5002/4629/1556 5003/4630/1557
f 4998/4625/1552 5003/4630/1557 5000/4627/1554
f 4967/4594/1521 5004/4631/1558 4973/4600/1527
f 4967/4594/1521 4963/4590/1517 4970/4597/1524
f 5004/4631/1558 5005/4632/1559 5006/4633/1560
f 5004/4631/1558 5007/4634/1561 5005/4632/1559
f 5004/4631/1558 4967/4594/1521 5008/4635/1562
f 4973/4600/1527 5006/4633/1560 5009/4636/1563
f 4973/4600/1527 5004/4631/1558 5006/4633/1560
f 5009/4636/1563 4974/4601/1528 4973/4600/1527
f 4974/4601/1528 5009/4636/1563 5010/4637/1564
f 4974/4601/1528 5011/4638/1565 4971/4598/1525
f 5011/4638/1565 4974/4601/1528 5010/4637/1564
f 4929/4556/1483 4928/4555/1482 5012/4639/1566
f 5013/4640/1567 4968/4595/1522 4972/4599/1526
f 5013/4640/1567 4966/4593/1520 4968/4595/1522
f 5012/4639/1566 4928/4555/1482 4986/4613/1540
f 4986/4613/1540 4927/4554/1481 4988/4615/1542
f 5014/4641/1568 5015/4642/1569 5016/4643/1569
f 5015/4642/1569 5014/4641/1568 5017/4644/1570
f 5018/4645/1571 5019/4643/1572 5020/4642/1571
f 5018/4645/1571 5021/4646/1571 5019/4643/1572
f 5022/4647/1573 5003/4630/1557 5002/4629/1556
f 5003/4630/1557 5023/4648/1574 5000/4627/1554
f 5003/4630/1557 5022/4647/1573 5024/4649/1523
f 5002/4629/1556 4998/4625/1552 4997/4624/1551
f 5002/4629/1556 5025/4650/1575 5022/4647/1573
f 5002/4629/1556 5026/4651/1576 5025/4650/1575
f 5024/4649/1523 5023/4648/1574 5003/4630/1557
f 5023/4648/1574 5024/4649/1523 5027/4652/1577
f 5023/4648/1574 5028/4653/1578 5029/4654/1579
f 5023/4648/1574 5029/4654/1579 5000/4627/1554
f 4995/4622/1549 4992/4619/1546 4989/4616/1543
f 4996/4623/1550 4993/4620/1547 4992/4619/1546
f 4996/4623/1550 5030/4655/1580 4993/4620/1547
f 5031/4656/1563 5032/4657/1560 5033/4658/1581
f 5032/4657/1560 5034/4659/1582 5035/4660/1583
f 5032/4657/1560 5035/4660/1583 5036/4661/1584
f 5033/4658/1581 5032/4657/1560 5036/4661/1584
f 5030/4655/1580 5037/4662/1583 4993/4620/1547
f 5038/4663/1585 5039/4664/1586 4865/4493/1419
f 5039/4664/1586 5038/4663/1585 5040/4665/1587
f 5039/4664/1586 5040/4665/1587 5041/4666/1588
f 5040/4665/1587 5042/4667/1589 5041/4666/1588
f 5043/4668/1590 5044/4669/1591 5045/4670/1592
f 5044/4669/1591 5046/4671/1593 5047/4672/1594
f 5047/4672/1594 5045/4670/1592 5044/4669/1591
f 5048/4673/1595 4956/4583/1510 5049/4674/1596
f 5048/4673/1595 5042/4667/1589 5040/4665/1587
f 5042/4667/1589 5048/4673/1595 5049/4674/1596
f 5042/4667/1589 5050/4675/1597 5041/4666/1588
f 5049/4674/1596 5051/4676/1598 5042/4667/1589
f 5049/4674/1596 4949/4576/1503 4948/4575/1502
f 5049/4674/1596 4948/4575/1502 5052/4677/1599
f 5041/4666/1588 4808/4437/1362 4807/4436/1361
f 5041/4666/1588 4866/4494/1420 5039/4664/1586
f 4863/4491/1417 4859/4487/1413 4856/4484/1410
f 4863/4491/1417 4862/4490/1416 4859/4487/1413
f 5053/4678/1600 4863/4491/1417 4856/4484/1410
f 5053/4678/1600 5054/4679/1601 5055/4680/1602
f 5056/4681/1603 5057/4682/1604 5058/4683/1605
f 5056/4681/1603 5059/4684/1606 5057/4682/1604
f 5057/4682/1604 5060/4685/1607 5061/4686/1608
f 5058/4683/1605 5057/4682/1604 5061/4686/1608
f 5061/4686/1608 5062/4687/1609 5058/4683/1605
f 5061/4686/1608 5060/4685/1607 5063/4688/1610
f 5062/4687/1609 5061/4686/1608 5063/4688/1610
f 5063/4688/1610 5060/4685/1607 5064/4689/1611
f 5065/4668/1612 5066/4690/1613 5067/4691/1614
f 5065/4668/1612 5068/4692/1615 5069/4669/1616
f 5068/4692/1615 5065/4668/1612 5067/4691/1614
f 5068/4692/1615 5070/4693/1617 5069/4669/1616
f 5066/4690/1613 5065/4668/1612 5071/4694/1618
f 5072/4695/1619 5073/4696/1620 5074/4697/1621
f 5072/4695/1619 5075/4698/1622 5076/4699/1623
f 5075/4698/1622 5072/4695/1619 5077/4700/1624
f 5078/4701/1625 5079/4702/1626 5067/4691/1627
f 5079/4702/1626 5080/4703/1628 5081/4692/1629
f 5081/4692/1629 5067/4691/1627 5079/4702/1626
f 4885/4512/1439 5082/4704/1630 5083/4705/1631
f 4885/4512/1439 5084/4706/1632 5085/4707/1633
f 4885/4512/1439 4881/4508/1435 4884/4511/1438
f 4885/4512/1439 5086/4708/1634 4886/4513/1440
f 5084/4706/1632 4885/4512/1439 4884/4511/1438
f 5085/4707/1633 5087/4709/1635 5088/4710/1636
f 5085/4707/1633 5089/4711/1637 5087/4709/1635
f 5089/4711/1637 5085/4707/1633 5084/4706/1632
f 5089/4711/1637 5090/4712/1638 5087/4709/1635
f 5087/4709/1635 5091/4713/1639 5088/4710/1636
f 5082/4704/1630 4885/4512/1439 5085/4707/1633
f 5082/4704/1630 5088/4710/1636 5092/4714/1640
f 5082/4704/1630 5085/4707/1633 5088/4710/1636
f 5088/4710/1636 5093/4715/1641 5094/4716/1642
f 4913/4540/1467 4912/4539/1466 4910/4537/1464
f 4906/4533/1460 4916/4543/1470 4912/4539/1466
f 4906/4533/1460 4905/4532/1459 4916/4543/1470
f 4906/4533/1460 4913/4540/1467 4907/4534/1461
f 4905/4532/1459 5095/4717/1643 5096/4718/1644
f 4905/4532/1459 4898/4525/1452 4897/4524/1451
f 4905/4532/1459 5096/4718/1644 4916/4543/1470
f 5090/4712/1638 5089/4711/1637 5097/4719/1645
f 5090/4712/1638 5098/4720/1646 5099/4721/1647
f 5097/4719/1645 5098/4720/1646 5090/4712/1638
f 5098/4720/1646 5097/4719/1645 4933/4560/1648
f 5091/4713/1639 5090/4712/1638 5099/4721/1647
f 5091/4713/1639 5087/4709/1635 5090/4712/1638
f 4949/4576/1503 4946/4573/1500 4948/4575/1502
f 4948/4575/1502 4947/4574/1501 5100/4722/1649
f 5052/4677/1599 5100/4722/1649 5101/4723/1650
f 5052/4677/1599 5101/4723/1650 5051/4676/1598
f 5100/4722/1649 5052/4677/1599 4948/4575/1502
f 5050/4675/1597 5102/4724/1651 4808/4437/1362
f 5050/4675/1597 5042/4667/1589 5051/4676/1598
f 5051/4676/1598 5103/4725/1652 5104/4726/1653
f 5051/4676/1598 5049/4674/1596 5052/4677/1599
f 5051/4676/1598 5101/4723/1650 5103/4725/1652
f 5104/4726/1653 5050/4675/1597 5051/4676/1598
f 5046/4671/1593 5044/4669/1591 5105/4693/1654
f 4954/4581/1508 4953/4580/1507 4956/4583/1510
f 4956/4583/1510 4949/4576/1503 5049/4674/1596
f 4956/4583/1510 4950/4577/1504 4949/4576/1503
f 5106/4727/1655 5083/4705/1631 5092/4714/1640
f 5106/4727/1655 5107/4728/1656 5083/4705/1631
f 5107/4728/1656 5106/4727/1655 5108/4729/1657
f 5109/4730/1658 5110/4731/1659 5111/4732/1660
f 5110/4731/1659 5109/4730/1658 5112/4733/1661
f 5113/4731/1662 5114/4734/1663 5115/4732/1664
f 5114/4734/1663 5113/4731/1662 5116/4735/1665
f 5114/4734/1663 5117/4736/1666 5115/4732/1664
f 5117/4736/1666 5114/4734/1663 4868/4496/1422
f 5093/4715/1641 5088/4710/1636 5091/4713/1639
f 5093/4715/1667 5118/4737/1668 5119/4716/1669
f 5120/4738/1670 5121/4739/1671 5122/4740/1672
f 5121/4739/1671 5120/4738/1670 5123/4741/1673
f 5124/4742/1674 5118/4737/1668 5093/4715/1667
f 5092/4714/1640 5083/4705/1631 5082/4704/1630
f 5092/4714/1640 5088/4710/1636 5094/4716/1642
f 5092/4714/1640 5125/4716/1675 5126/4737/1676
f 5126/4737/1676 5106/4727/1655 5092/4714/1640
f 5127/4743/1677 5128/4744/1678 5129/4745/1679
f 5128/4744/1678 5130/4746/1680 5131/4747/1681
f 5128/4744/1678 5127/4743/1677 5132/4748/1682
f 5054/4679/1601 5053/4678/1600 4856/4484/1410
f 5054/4679/1601 4856/4484/1410 5133/4749/1683
f 5133/4749/1683 4861/4489/1415 5134/4750/1684
f 5133/4749/1683 4858/4486/1412 4861/4489/1415
f 5133/4749/1683 4856/4484/1410 4858/4486/1412
f 5135/4751/1685 5136/4752/1686 5123/4741/1687
f 5135/4751/1685 5137/4753/1688 5138/4754/1689
f 5136/4752/1686 5139/4739/1690 5123/4741/1687
f 5139/4739/1690 5140/4755/1691 5141/4756/1692
f 5142/4757/1693 5143/4758/1694 5144/4759/1695
f 5142/4757/1693 5145/4735/1696 5146/4760/1697
f 5143/4758/1694 5142/4757/1693 5146/4760/1697
f 5143/4758/1694 5147/4761/1698 5144/4759/1695
f 5148/4731/1699 5146/4760/1697 5145/4735/1696
f 5140/4755/1691 5139/4739/1690 5136/4752/1686
f 5149/4762/1700 5150/4763/1701 5057/4682/1604
f 5149/4762/1700 5057/4682/1604 5059/4684/1606
f 5149/4762/1700 5151/4764/1702 5152/4765/1703
f 5150/4763/1701 5153/4766/1704 5060/4685/1607
f 5150/4763/1701 5149/4762/1700 5154/4767/1705
f 5154/4767/1705 5149/4762/1700 5155/4765/1706
f 5154/4767/1705 5156/4768/1707 5157/4769/1708
f 5154/4767/1705 5155/4765/1706 5158/4770/1709
f 5159/4771/1710 5154/4767/1705 5158/4770/1709
f 5156/4768/1707 5154/4767/1705 5159/4771/1710
f 5157/4769/1708 5150/4763/1701 5154/4767/1705
f 5060/4685/1607 5153/4766/1704 5160/4772/1711
f 5060/4685/1607 5057/4682/1604 5150/4763/1701
f 5153/4766/1704 5150/4763/1701 5157/4769/1708
f 5160/4772/1711 5064/4689/1611 5060/4685/1607
f 5161/4773/1712 5070/4693/1617 5080/4703/1628
f 5161/4773/1712 5080/4703/1628 5162/4774/1713
f 5070/4693/1617 5068/4692/1615 5080/4703/1628
f 5080/4703/1628 5079/4702/1626 5163/4775/1714
f 5080/4703/1628 5163/4775/1714 5164/4776/1715
f 5162/4774/1713 5080/4703/1628 5164/4776/1715
f 5165/4777/1716 5166/4778/1717 5073/4696/1620
f 5166/4778/1717 5167/4779/1718 5073/4696/1620
f 5073/4696/1620 5167/4779/1718 5168/4780/1719
f 5073/4696/1620 5072/4695/1619 5076/4699/1623
f 5073/4696/1620 5076/4699/1623 5165/4777/1716
f 5167/4779/1718 5166/4778/1717 5169/4781/1720
f 5168/4780/1719 5074/4697/1621 5073/4696/1620
f 5170/4759/1721 5171/4782/1722 5151/4764/1702
f 5171/4782/1722 5172/4783/1723 5173/4771/1724
f 5171/4782/1722 5170/4759/1721 5174/4784/1725
f 5171/4782/1722 5152/4765/1703 5151/4764/1702
f 5171/4782/1722 5175/4582/1726 5172/4783/1723
f 5151/4764/1702 5149/4762/1700 5059/4684/1606
f 5175/4582/1726 5171/4782/1722 5174/4784/1725
f 5173/4771/1724 5176/4770/1727 5171/4782/1722
f 5152/4765/1703 5171/4782/1722 5176/4770/1727
f 5130/4746/1680 5128/4744/1678 5132/4748/1682
f 5177/4785/1728 5178/4786/1729 5179/4787/1730
f 5178/4786/1729 5177/4785/1728 5138/4754/1689
f 5178/4786/1729 5138/4754/1689 5180/4788/1731
f 5138/4754/1689 5137/4753/1688 5180/4788/1731
f 5181/4789/1732 5182/4784/1733 5144/4759/1695
f 5181/4789/1732 5144/4759/1695 5147/4761/1698
f 5137/4753/1688 5183/4790/1734 5184/4791/1735
f 5137/4753/1688 5135/4751/1685 5123/4741/1687
f 5180/4788/1731 5137/4753/1688 5184/4791/1735
f 4985/4612/1539 4960/4587/1514 5185/4792/1736
f 5185/4792/1736 4960/4587/1514 4959/4586/1513
f 5186/4793/1737 5185/4792/1736 4959/4586/1513
f 5187/4794/1738 4985/4612/1539 5185/4792/1736
f 5187/4794/1738 5185/4792/1736 5186/4793/1737
f 5188/4795/1739 4868/4496/1422 4854/4482/1408
f 5188/4795/1739 5117/4736/1666 4868/4496/1422
f 5189/4796/1740 5086/4708/1634 5190/4797/1741
f 5086/4708/1634 5083/4705/1631 5190/4797/1741
f 5086/4708/1634 5189/4796/1740 5191/4798/1742
f 5086/4708/1634 4885/4512/1439 5083/4705/1631
f 5190/4797/1741 5083/4705/1631 5107/4728/1656
f 5191/4798/1742 4886/4513/1440 5086/4708/1634
f 5191/4798/1742 4887/4514/1441 4886/4513/1440
f 5192/4799/1743 4959/4586/1513 4957/4584/1511
f 5192/4799/1743 4957/4584/1511 4955/4582/1509
f 5192/4799/1743 5181/4789/1732 4959/4586/1513
f 5182/4784/1733 5181/4789/1732 5192/4799/1743
f 5182/4784/1733 5192/4799/1743 4955/4582/1509
f 5102/4724/1651 5050/4675/1597 5104/4726/1653
f 4808/4437/1362 5102/4724/1651 4809/4438/1363
f 4808/4437/1362 5041/4666/1588 5050/4675/1597
f 4807/4436/1361 4851/4479/1405 4866/4494/1420
f 4807/4436/1361 4806/4435/1360 4813/4442/1367
f 4866/4494/1420 5041/4666/1588 4807/4436/1361
f 4866/4494/1420 4865/4493/1419 5039/4664/1586
f 4987/4614/1541 4927/4554/1481 4984/4611/1538
f 5193/4800/1744 5194/4801/1745 5195/4802/1746
f 5194/4801/1745 5196/4803/1747 5197/4804/1748
f 5194/4801/1745 5198/4805/1749 5195/4802/1746
f 5195/4802/1746 5199/4806/1750 5193/4800/1744
f 5198/4805/1749 5194/4801/1745 5200/4807/1751
f 5201/4808/1752 5200/4807/1751 5197/4804/1748
f 5197/4804/1748 5196/4803/1747 5202/4809/1753
f 5197/4804/1748 5203/4810/1754 5201/4808/1752
f 5197/4804/1748 5200/4807/1751 5194/4801/1745
f 5196/4803/1747 5194/4801/1745 5193/4800/1744
f 5204/4811/1753 5197/4804/1748 5202/4809/1753
f 5203/4810/1754 5197/4804/1748 5205/4811/1755
f 5205/4811/1755 5206/4812/1756 5203/4810/1754
f 5207/4813/1757 4970/4597/1524 4969/4596/1523
f 5207/4813/1757 5208/4814/1758 5209/4815/1759
f 5207/4813/1757 5209/4815/1759 5210/4816/1760
f 4970/4597/1524 5210/4816/1760 5008/4635/1562
f 4970/4597/1524 5008/4635/1562 4967/4594/1521
f 4970/4597/1524 5207/4813/1757 5210/4816/1760
f 4969/4596/1523 4963/4590/1517 4965/4592/1519
f 5210/4816/1760 5209/4815/1759 5008/4635/1562
f 5206/4812/1756 5205/4811/1755 5211/4817/1761
f 5212/4818/1762 5213/4819/1763 5214/4820/1762
f 5213/4819/1763 5212/4818/1762 5215/4821/1763
f 5216/4822/1764 5217/4819/1765 5218/4823/1766
f 5217/4819/1765 5216/4822/1764 5219/4820/1764
f 5218/4823/1766 4980/4607/1534 4979/4606/1533
f 5220/4824/1767 5221/4645/1768 5222/4825/1769
f 5222/4825/1769 5223/4826/1770 5220/4824/1767
f 5224/4642/1771 5222/4825/1769 5221/4645/1768
f 5225/4644/1772 5226/4825/1773 5227/4642/1774
f 5226/4825/1773 5225/4644/1772 5228/4827/1775
f 5229/4828/1776 5226/4825/1773 5228/4827/1775
f 5230/4829/1777 5226/4825/1773 5229/4828/1776
f 5223/4826/1770 5222/4825/1769 5231/4829/1778
f 4981/4608/1535 4978/4605/1532 4980/4607/1534
f 4980/4607/1534 5232/4821/1779 4981/4608/1535
f 4980/4607/1534 4978/4605/1532 4977/4604/1531
f 4980/4607/1534 5218/4823/1766 5217/4819/1765
f 5232/4821/1779 4980/4607/1534 5233/4819/1779
f 4888/4515/1442 4882/4509/1436 4887/4514/1441
f 4888/4515/1442 4887/4514/1441 5234/4830/1780
f 4889/4516/1443 4878/4505/1432 4882/4509/1436
f 5235/4831/1781 5236/4832/1782 5237/4833/1783
f 5235/4831/1781 5238/4834/1784 5239/4835/1785
f 5235/4831/1781 5237/4833/1783 5240/4836/1786
f 5238/4834/1784 5235/4831/1781 5240/4836/1786
f 5238/4834/1784 5241/4837/1787 5242/4838/1788
f 5239/4835/1785 5243/4839/1789 5244/4840/1790
f 5239/4835/1785 5245/4841/1791 5246/4842/1792
f 5240/4836/1786 5241/4837/1787 5238/4834/1784
f 5240/4836/1786 5247/4843/1793 5248/4844/1794
f 5241/4837/1787 5240/4836/1786 5248/4844/1794
f 5243/4839/1789 5238/4834/1784 5242/4838/1788
f 5243/4839/1789 5239/4835/1785 5238/4834/1784
f 5249/4845/1795 5250/4846/1796 5246/4842/1792
f 5250/4846/1796 5251/4847/1797 5235/4831/1781
f 5250/4846/1796 5252/4848/1798 5251/4847/1797
f 5250/4846/1796 5235/4831/1781 5246/4842/1792
f 5250/4846/1796 5249/4845/1795 5253/4849/1799
f 5246/4842/1792 5235/4831/1781 5239/4835/1785
f 5245/4841/1791 5239/4835/1785 5244/4840/1790
f 5254/4850/1800 5246/4842/1792 5245/4841/1791
f 5254/4850/1800 5249/4845/1795 5246/4842/1792
f 4999/4626/1553 5028/4653/1578 5255/4851/1801
f 4999/4626/1553 4945/4572/1499 5029/4654/1579
f 5028/4653/1578 5023/4648/1574 5027/4652/1577
f 5028/4653/1578 4999/4626/1553 5029/4654/1579
f 5029/4654/1579 4945/4572/1499 5000/4627/1554
f 5183/4790/1734 5137/4753/1688 5123/4741/1687
f 5184/4791/1735 5256/4852/1802 5257/4853/1803
f 5184/4791/1735 5258/4854/1804 5180/4788/1731
f 5256/4852/1802 5184/4791/1735 5183/4790/1734
f 5257/4853/1803 5258/4854/1804 5184/4791/1735
f 5258/4854/1804 5257/4853/1803 5259/4855/1805
f 4886/4513/1440 4882/4509/1436 4881/4508/1435
f 5234/4830/1780 4887/4514/1441 5191/4798/1742
f 4879/4506/1433 5260/4856/1806 5261/4857/1807
f 4879/4506/1433 4878/4505/1432 4889/4516/1443
f 4880/4507/1434 5262/4858/1808 4890/4517/1444
f 4880/4507/1434 4890/4517/1444 4878/4505/1432
f 5263/4859/1809 4820/4449/1374 5264/4860/1810
f 5263/4859/1809 5265/4861/1811 4820/4449/1374
f 5265/4861/1811 4821/4450/1375 4820/4449/1374
f 5266/4862/1812 5267/4863/1813 4880/4507/1434
f 5266/4862/1812 4880/4507/1434 5261/4857/1807
f 5261/4857/1807 4880/4507/1434 4879/4506/1433
f 5260/4856/1806 4889/4516/1443 5268/4864/1814
f 5260/4856/1806 4879/4506/1433 4889/4516/1443
f 4822/4451/1376 4821/4450/1375 5265/4861/1811
f 4829/4458/1383 4831/4460/1385 4825/4454/1379
f 4829/4458/1383 4825/4454/1379 4827/4456/1381
f 5268/4864/1814 4889/4516/1443 4888/4515/1442
f 4832/4461/1386 4815/4444/1369 4814/4443/1368
f 4832/4461/1386 5269/4865/1815 4852/4480/1406
f 5269/4865/1815 4832/4461/1386 4829/4458/1383
f 4814/4443/1368 4815/4444/1369 4811/4440/1365
f 4814/4443/1368 4831/4460/1385 4832/4461/1386
f 4812/4441/1366 4830/4459/1384 4814/4443/1368
f 4812/4441/1366 4810/4439/1364 4836/4465/1390
f 4836/4465/1390 4833/4462/1387 4812/4441/1366
f 5270/4866/1816 5271/4465/1817 4850/4478/1404
f 5271/4465/1817 4849/4439/1403 4850/4478/1404
f 4841/4470/1395 4840/4469/1394 5272/4867/1818
f 5273/4868/1819 5274/4869/1820 4798/4427/1352
f 4798/4427/1352 4795/4424/1349 4805/4434/1359
f 4799/4428/1353 4798/4427/1352 5274/4869/1820
f 4799/4428/1353 4796/4425/1350 4798/4427/1352
f 4800/4429/1354 4797/4426/1351 4796/4425/1350
f 4845/4474/1399 4844/4473/1398 5275/4870/1821
f 4845/4474/1399 4847/4476/1401 4842/4471/1396
f 4699/4330/1253 5276/4871/1822 4700/4331/1254
f 4699/4330/1253 4692/4323/1246 4767/4397/1321
f 5276/4871/1822 4699/4330/1253 5277/4872/1823
f 5276/4871/1822 4734/4365/1288 4700/4331/1254
f 4700/4331/1254 4734/4365/1288 4698/4329/1252
f 4734/4365/1288 5276/4871/1822 5278/4873/1824
f 4734/4365/1288 4701/4332/1255 4698/4329/1252
f 5278/4873/1824 4735/4366/1289 4734/4365/1288
f 5279/4874/1825 5280/4875/1826 5281/4876/1827
f 5279/4874/1825 5282/4877/1828 5283/4878/1829
f 5279/4874/1825 5284/4879/1830 5280/4875/1826
f 5284/4879/1830 5279/4874/1825 5285/4880/1831
f 5284/4879/1830 5286/4881/1832 5287/4882/1833
f 5284/4879/1830 5288/4883/1834 5280/4875/1826
f 5284/4879/1830 5289/4884/1835 5288/4883/1834
f 5280/4875/1826 5288/4883/1834 5290/4885/1836
f 5285/4880/1831 5291/4886/1837 5286/4881/1832
f 5286/4881/1832 5284/4879/1830 5285/4880/1831
f 5291/4886/1837 5285/4880/1831 5292/4887/1838
f 5292/4887/1838 5293/4888/1839 5291/4886/1837
f 5292/4887/1838 5294/4889/1840 5295/4890/1841
f 5296/4878/1842 5292/4887/1838 5285/4880/1831
f 5296/4878/1842 5285/4880/1831 5279/4874/1825
f 4727/4358/1281 5297/4891/1843 4784/4414/1338
f 4727/4358/1281 4722/4353/1276 4726/4357/1280
f 4726/4357/1280 4725/4356/1279 4758/4389/1312
f 5298/4892/1844 4726/4357/1280 5299/4893/1845
f 5298/4892/1844 4727/4358/1281 4726/4357/1280
f 5299/4893/1845 4758/4389/1312 5300/4894/1846
f 4758/4389/1312 5299/4893/1845 4726/4357/1280
f 4758/4389/1312 4730/4361/1284 5301/4895/1847
f 4758/4389/1312 5301/4895/1847 5300/4894/1846
f 4735/4366/1289 5278/4873/1824 5302/4896/1848
f 5303/4897/1849 5304/4898/1850 5305/4899/1851
f 5303/4897/1849 5305/4899/1851 5306/4900/1852
f 5303/4897/1849 5307/4901/1853 5308/4902/1854
f 5307/4901/1853 5303/4897/1849 5306/4900/1852
f 5308/4902/1854 5282/4877/1828 5281/4876/1827
f 5306/4900/1852 5305/4899/1851 5309/4903/1855
f 5310/4904/1856 5311/4905/1857 5312/4906/1858
f 5310/4904/1856 5313/4907/1859 5314/4908/1860
f 5311/4905/1857 5310/4904/1856 5315/4909/1861
f 5315/4909/1861 5316/4910/1862 5317/4911/1863
f 5317/4911/1863 5311/4905/1857 5315/4909/1861
f 5316/4910/1862 5318/4912/1864 5317/4911/1863
f 5305/4899/1851 5319/4913/1865 5320/4914/1866
f 5309/4903/1855 5320/4914/1866 5321/4915/1867
f 5289/4884/1835 5284/4879/1830 5287/4882/1833
f 5290/4885/1836 5304/4898/1850 5280/4875/1826
f 5320/4914/1866 5309/4903/1855 5305/4899/1851
f 5318/4912/1864 5316/4910/1862 5322/4916/1868
f 5301/4895/1847 5323/4917/1869 5300/4894/1846
f 5304/4898/1850 5303/4897/1849 5281/4876/1827
f 5304/4898/1850 5319/4913/1865 5305/4899/1851
f 5304/4898/1850 5290/4885/1836 5319/4913/1865
f 5282/4877/1828 5279/4874/1825 5281/4876/1827
f 5282/4877/1828 5324/4918/1870 5325/4919/1871
f 5281/4876/1827 5303/4897/1849 5308/4902/1854
f 5281/4876/1827 5280/4875/1826 5304/4898/1850
f 4767/4397/1321 5326/4920/1872 5277/4872/1823
f 4767/4397/1321 5277/4872/1823 4699/4330/1253
f 5326/4920/1872 4768/4398/1322 5327/4921/1873
f 4768/4398/1322 4766/4396/1320 4848/4477/1402
f 4768/4398/1322 5326/4920/1872 4767/4397/1321
f 5313/4907/1859 5310/4904/1856 5312/4906/1858
f 5314/4908/1860 5313/4907/1859 5328/4922/1874
f 5324/4918/1870 5329/4923/1875 5330/4924/1876
f 5324/4918/1870 5308/4902/1854 5331/4925/1877
f 5324/4918/1870 5282/4877/1828 5308/4902/1854
f 5331/4925/1877 5308/4902/1854 5307/4901/1853
f 5329/4923/1875 5324/4918/1870 5331/4925/1877
f 5329/4923/1875 5332/4926/1878 5333/4927/1879
f 5330/4924/1876 5334/4928/1880 5325/4919/1871
f 5328/4922/1874 5335/4929/1881 5314/4908/1860
f 5297/4891/1843 4727/4358/1281 5298/4892/1844
f 4784/4414/1338 4723/4354/1277 4727/4358/1281
f 4782/4412/1336 5336/4930/1882 5337/4931/1883
f 4782/4412/1336 4780/4410/1334 4784/4414/1338
f 5338/4932/1884 4784/4414/1338 5297/4891/1843
f 5338/4932/1884 4782/4412/1336 4784/4414/1338
f 5325/4919/1871 5283/4878/1829 5282/4877/1828
f 5325/4919/1871 5324/4918/1870 5330/4924/1876
f 5339/4889/1885 5334/4928/1880 5340/4933/1886
f 5339/4889/1885 5283/4878/1829 5325/4919/1871
f 5334/4928/1880 5341/4934/1887 5342/4935/1888
f 5334/4928/1880 5339/4889/1885 5325/4919/1871
f 5340/4933/1886 5295/4890/1841 5294/4889/1840
f 5340/4933/1886 5343/4936/1889 5295/4890/1841
f 5294/4889/1840 5292/4887/1838 5296/4878/1842
f 5293/4888/1839 5343/4936/1889 5344/4937/1890
f 5293/4888/1839 5292/4887/1838 5295/4890/1841
f 5343/4936/1889 5293/4888/1839 5295/4890/1841
f 5344/4937/1890 5345/4938/1891 5346/4939/1892
f 4794/4423/1348 4793/4422/1347 5347/4940/1893
f 4794/4423/1348 5348/4941/1894 4804/4433/1358
f 5347/4940/1893 4870/4422/1424 4871/4498/1425
f 5347/4940/1893 5349/4942/1895 5350/4943/1896
f 5347/4940/1893 5351/4944/1897 5349/4942/1895
f 5352/4945/1898 5353/4946/1899 5354/4947/1900
f 5352/4945/1898 5355/4948/1901 5356/4949/1902
f 5355/4948/1901 5357/4950/1903 5358/4951/1904
f 5355/4948/1901 5359/4952/1905 5360/4953/1906
f 5356/4949/1902 5361/4954/1907 5353/4946/1899
f 5356/4949/1902 5355/4948/1901 5360/4953/1906
f 5360/4953/1906 5362/4955/1908 5356/4949/1902
f 5337/4931/1883 5336/4930/1882 5363/4956/1909
f 5337/4931/1883 4783/4413/1337 4782/4412/1336
f 5337/4931/1883 4818/4447/1372 4783/4413/1337
f 4819/4448/1373 5364/4957/1910 5264/4860/1810
f 4819/4448/1373 4818/4447/1372 5337/4931/1883
f 5363/4956/1909 4819/4448/1373 5337/4931/1883
f 5336/4930/1882 4782/4412/1336 5338/4932/1884
f 5345/4938/1891 5343/4936/1889 5340/4933/1886
f 5345/4938/1891 5344/4937/1890 5343/4936/1889
f 5346/4939/1892 5365/4958/1911 5366/4959/1912
f 5365/4958/1911 5367/4960/1913 5368/4961/1914
f 5365/4958/1911 5346/4939/1892 5345/4938/1891
f 5367/4960/1913 5369/4962/1915 5368/4961/1914
f 5367/4960/1913 5345/4938/1891 5340/4933/1886
f 5367/4960/1913 5365/4958/1911 5345/4938/1891
f 5342/4935/1888 5370/4963/1916 5369/4962/1915
f 5342/4935/1888 5367/4960/1913 5340/4933/1886
f 5342/4935/1888 5340/4933/1886 5334/4928/1880
f 5369/4962/1915 5367/4960/1913 5342/4935/1888
f 5369/4962/1915 5353/4946/1899 5361/4954/1907
f 5370/4963/1916 5342/4935/1888 5341/4934/1887
f 5341/4934/1887 5371/4964/1917 5370/4963/1916
f 5341/4934/1887 5334/4928/1880 5330/4924/1876
f 5341/4934/1887 5330/4924/1876 5333/4927/1879
f 5333/4927/1879 5330/4924/1876 5329/4923/1875
f 5371/4964/1917 5341/4934/1887 5333/4927/1879
f 5371/4964/1917 5354/4947/1900 5370/4963/1916
f 5372/4965/1918 5373/4966/1919 5374/4967/1920
f 5373/4966/1919 5372/4965/1918 5375/4968/1921
f 5374/4967/1920 5376/4969/1922 5377/4970/1923
f 5332/4926/1878 5329/4923/1875 5378/4971/1924
f 4848/4477/1402 5327/4921/1873 4768/4398/1322
f 4848/4477/1402 5379/4972/1925 5327/4921/1873
f 5379/4972/1925 4847/4476/1401 5380/4973/1926
f 4847/4476/1401 4845/4474/1399 5381/4974/1927
f 4847/4476/1401 5379/4972/1925 4848/4477/1402
f 5357/4950/1903 5382/4945/1928 5383/4975/1929
f 5382/4945/1928 5357/4950/1903 5355/4948/1901
f 5383/4975/1929 5384/4947/1930 5385/4976/1931
f 5386/4977/1932 5387/4978/1933 5388/4979/1934
f 5386/4977/1932 5389/4980/1935 5362/4955/1908
f 5362/4955/1908 5390/4981/1936 5361/4954/1907
f 5362/4955/1908 5360/4953/1906 5386/4977/1932
f 5391/4982/1937 5388/4979/1934 5392/4983/1938
f 5391/4982/1937 5389/4980/1935 5386/4977/1932
f 5393/4984/1939 5394/4985/1940 5395/4986/1941
f 5393/4984/1939 5396/4987/1942 5397/4988/1943
f 5393/4984/1939 5398/4989/1944 5399/4990/1945
f 5396/4987/1942 5393/4984/1939 5400/4991/1946
f 5397/4988/1943 5401/4992/1947 5402/4993/1948
f 5401/4992/1947 5397/4988/1943 5396/4987/1942
f 5403/4994/1949 5396/4987/1942 5400/4991/1946
f 5403/4994/1949 5401/4992/1947 5396/4987/1942
f 5387/4978/1933 5386/4977/1932 5360/4953/1906
f 5387/4978/1933 5404/4995/1950 5388/4979/1934
f 5387/4978/1933 5359/4952/1905 5405/4996/1951
f 5388/4979/1934 5391/4982/1937 5386/4977/1932
f 5392/4983/1938 5404/4995/1950 5406/4997/1952
f 5392/4983/1938 5406/4997/1952 5407/4998/1953
f 5404/4995/1950 5392/4983/1938 5388/4979/1934
f 5404/4995/1950 5387/4978/1933 5408/4999/1954
f 5408/4999/1954 5387/4978/1933 5405/4996/1951
f 4871/4498/1425 5409/5000/1955 5351/4944/1897
f 5351/4944/1897 5347/4940/1893 4871/4498/1425
f 5409/5000/1955 4871/4498/1425 4872/4499/1426
f 4872/4499/1426 4869/4497/1423 4874/4501/1428
f 4872/4499/1426 4874/4501/1428 4915/4542/1469
f 4872/4499/1426 5410/5001/1956 5409/5000/1955
f 5262/4858/1808 5411/5002/1957 4894/4521/1448
f 5262/4858/1808 4894/4521/1448 4890/4517/1444
f 5262/4858/1808 5412/5003/1958 5413/5004/1959
f 5262/4858/1808 4880/4507/1434 5412/5003/1958
f 5411/5002/1957 5262/4858/1808 5414/5005/1960
f 5411/5002/1957 5415/5006/1961 4894/4521/1448
f 5411/5002/1957 5416/5007/1962 5415/5006/1961
f 4894/4521/1448 5415/5006/1961 5417/5008/1963
f 4894/4521/1448 5417/5008/1963 4893/4520/1447
f 5414/5005/1960 5418/5009/1964 5419/5010/1965
f 5414/5005/1960 5419/5010/1965 5420/5011/1966
f 5095/4717/1643 4905/4532/1459 4897/4524/1451
f 5095/4717/1643 4897/4524/1451 4903/4530/1457
f 5095/4717/1643 5421/5012/1967 5422/5013/1968
f 4903/4530/1457 5423/5014/1969 5421/5012/1967
f 5421/5012/1967 5095/4717/1643 4903/4530/1457
f 5422/5013/1968 5096/4718/1644 5095/4717/1643
f 5423/5014/1969 4903/4530/1457 4904/4531/1458
f 4904/4531/1458 5424/5015/1970 5423/5014/1969
f 4904/4531/1458 4902/4529/1456 4991/4618/1545
f 4904/4531/1458 4896/4523/1450 4902/4529/1456
f 5410/5001/1956 4872/4499/1426 4915/4542/1469
f 4915/4542/1469 5425/5016/1971 5410/5001/1956
f 5425/5016/1971 4915/4542/1469 4914/4541/1468
f 4914/4541/1468 4916/4543/1470 5096/4718/1644
f 4914/4541/1468 4911/4538/1465 4916/4543/1470
f 4914/4541/1468 5426/5017/1972 5425/5016/1971
f 5427/5018/1973 5428/5019/1974 5429/5020/1975
f 5427/5018/1973 5430/5021/1976 5431/5022/1977
f 5427/5018/1973 5432/5023/1978 5430/5021/1976
f 5428/5019/1974 5427/5018/1973 5431/5022/1977
f 5429/5020/1975 5433/5024/1979 5434/5025/1980
f 5429/5020/1975 5428/5019/1974 5433/5024/1979
f 5429/5020/1975 5435/5026/1981 5427/5018/1973
f 5435/5026/1981 5436/5027/1982 5437/5028/1983
f 5435/5026/1981 5429/5020/1975 5438/5029/1984
f 5438/5029/1984 5434/5025/1980 5439/5030/1985
f 5438/5029/1984 5440/5031/1986 5436/5027/1982
f 5434/5025/1980 5438/5029/1984 5429/5020/1975
f 5439/5030/1985 5441/5032/1987 5442/5033/1988
f 5439/5030/1985 5434/5025/1980 5441/5032/1987
f 4940/4567/1494 5443/5034/1989 4939/4566/1493
f 5443/5034/1989 4940/4567/1494 5444/5035/1990
f 5443/5034/1989 5445/5036/1991 4939/4566/1493
f 4939/4566/1493 5445/5036/1991 4941/4568/1495
f 4941/4568/1495 4938/4565/1492 4939/4566/1493
f 4941/4568/1495 4943/4570/1497 4942/4569/1496
f 5445/5036/1991 5001/4628/1555 4941/4568/1495
f 5446/5037/1992 5447/5038/1993 5430/5021/1976
f 5446/5037/1992 5448/5039/1994 5449/5040/1995
f 5446/5037/1992 5449/5040/1995 5450/5041/1996
f 5447/5038/1993 5446/5037/1992 5450/5041/1996
f 5430/5021/1976 5451/5042/1997 5446/5037/1992
f 5430/5021/1976 5447/5038/1993 5431/5022/1977
f 5451/5042/1997 5452/5043/1998 5453/5044/1999
f 5451/5042/1997 5430/5021/1976 5432/5023/1978
f 5432/5023/1978 5427/5018/1973 5435/5026/1981
f 5432/5023/1978 5437/5028/1983 5452/5043/1998
f 5452/5043/1998 5437/5028/1983 5454/5045/2000
f 5452/5043/1998 5451/5042/1997 5432/5023/1978
f 5453/5044/1999 5455/5046/2001 5456/5047/2002
f 5453/5044/1999 5457/5048/2003 5451/5042/1997
f 5453/5044/1999 5458/5049/2004 5457/5048/2003
f 5455/5046/2001 5453/5044/1999 5452/5043/1998
f 5455/5046/2001 5454/5045/2000 5459/5050/2005
f 5454/5045/2000 5455/5046/2001 5452/5043/1998
f 5437/5028/1983 5460/5051/2006 5454/5045/2000
f 5437/5028/1983 5432/5023/1978 5435/5026/1981
f 5461/5052/2007 5462/5053/2008 5463/5054/2009
f 5461/5052/2007 5464/5055/2010 5465/5056/2011
f 5461/5052/2007 5007/4634/1561 5209/4815/1759
f 5461/5052/2007 5208/4814/1758 5466/5057/2012
f 5464/5055/2010 5461/5052/2007 5466/5057/2012
f 5462/5053/2008 5461/5052/2007 5465/5056/2011
f 5463/5054/2009 5005/4632/1559 5007/4634/1561
f 5463/5054/2009 5467/5058/2013 5468/5059/2014
f 5463/5054/2009 5469/5060/2015 5467/5058/2013
f 5470/5061/2016 5471/5062/2017 5472/5063/2018
f 5470/5061/2016 5473/5064/2019 5474/5065/2020
f 5471/5062/2017 5470/5061/2016 5475/5066/2021
f 5471/5062/2017 5476/5067/2022 5477/5068/2023
f 5475/5066/2021 5478/5069/2024 5476/5067/2022
f 5474/5065/2020 5475/5066/2021 5470/5061/2016
f 5436/5027/1982 5435/5026/1981 5438/5029/1984
f 5460/5051/2006 5437/5028/1983 5436/5027/1982
f 5460/5051/2006 5479/5070/2025 5480/5071/2026
f 5481/5072/2027 5460/5051/2006 5436/5027/1982
f 5481/5072/2027 5436/5027/1982 5440/5031/1986
f 5440/5031/1986 5482/5073/2028 5483/5074/2029
f 5440/5031/1986 5484/5075/2030 5481/5072/2027
f 5440/5031/1986 5438/5029/1984 5439/5030/1985
f 4991/4618/1545 5485/5076/2031 5424/5015/1970
f 5424/5015/1970 4904/4531/1458 4991/4618/1545
f 4994/4621/1548 5486/5077/2032 5485/5076/2031
f 4994/4621/1548 4993/4620/1547 5037/4662/1583
f 4994/4621/1548 5485/5076/2031 4991/4618/1545
f 4994/4621/1548 4990/4617/1544 4993/4620/1547
f 5001/4628/1555 5026/4651/1576 4997/4624/1551
f 5001/4628/1555 5445/5036/1991 5487/5078/2033
f 5487/5078/2033 5488/5079/2034 5489/5080/2035
f 5487/5078/2033 5026/4651/1576 5001/4628/1555
f 5487/5078/2033 5489/5080/2035 5490/5081/2036
f 5026/4651/1576 5487/5078/2033 5490/5081/2036
f 5026/4651/1576 5002/4629/1556 4997/4624/1551
f 5490/5081/2036 5025/4650/1575 5026/4651/1576
f 5007/4634/1561 5461/5052/2007 5463/5054/2009
f 5007/4634/1561 5008/4635/1562 5209/4815/1759
f 5007/4634/1561 5004/4631/1558 5008/4635/1562
f 5005/4632/1559 5463/5054/2009 5468/5059/2014
f 5491/5082/1582 5468/5059/2014 5492/5083/1979
f 5491/5082/1582 5006/4633/1560 5005/4632/1559
f 5468/5059/2014 5491/5082/1582 5005/4632/1559
f 5468/5059/2014 5493/5084/2037 5492/5083/1979
f 5469/5060/2015 5463/5054/2009 5494/5085/2038
f 5493/5084/2037 5468/5059/2014 5467/5058/2013
f 5494/5085/2038 5463/5054/2009 5462/5053/2008
f 5495/5086/2039 5439/5030/1985 5442/5033/1988
f 5495/5086/2039 5482/5073/2028 5439/5030/1985
f 5482/5073/2028 5440/5031/1986 5439/5030/1985
f 5496/5087/2040 5497/5088/2041 5498/5089/2042
f 5497/5088/2041 5496/5087/2040 5499/5090/2043
f 5500/5091/2044 5501/5090/2045 5502/5092/2046
f 5501/5090/2045 5500/5091/2044 5503/5088/2044
f 5025/4650/1575 5504/5093/2047 5022/4647/1573
f 5504/5093/2047 5505/5094/2048 5506/5095/2049
f 5505/5094/2048 5507/5096/2050 5506/5095/2049
f 5505/5094/2048 5025/4650/1575 5490/5081/2036
f 5505/5094/2048 5504/5093/2047 5025/4650/1575
f 5505/5094/2048 5490/5081/2036 5489/5080/2035
f 5486/5077/2032 4994/4621/1548 5037/4662/1583
f 5508/5097/2051 5405/4996/1951 5509/5098/2052
f 5508/5097/2051 5509/5098/2052 5510/5099/2053
f 5508/5097/2051 5511/5100/2054 5408/4999/1954
f 5511/5100/2054 5508/5097/2051 5510/5099/2053
f 5510/5099/2053 5509/5098/2052 5512/5101/2055
f 5513/5102/2056 5514/5103/2057 5515/5104/2058
f 5513/5102/2056 5515/5104/2058 5516/5105/2059
f 5514/5103/2057 5517/5106/2060 5515/5104/2058
f 5518/5107/2061 5512/5101/2055 5519/5108/2062
f 5512/5101/2055 5520/5109/2063 5521/5110/2064
f 5512/5101/2055 5518/5107/2061 5510/5099/2053
f 5519/5108/2062 5521/5110/2064 5522/5111/2065
f 5519/5108/2062 5457/5048/2003 5518/5107/2061
f 5519/5108/2062 5449/5040/1995 5448/5039/1994
f 5519/5108/2062 5512/5101/2055 5521/5110/2064
f 5509/5098/2052 5359/4952/1905 5358/4951/1904
f 5509/5098/2052 5358/4951/1904 5520/5109/2063
f 5523/5112/2066 5394/4985/1940 5402/4993/1948
f 5394/4985/1940 5397/4988/1943 5402/4993/1948
f 5394/4985/1940 5393/4984/1939 5397/4988/1943
f 5395/4986/1941 5398/4989/1944 5393/4984/1939
f 5524/5113/2067 5525/5114/2068 5526/5115/2069
f 5525/5114/2068 5527/5116/2070 5526/5115/2069
f 5527/5116/2070 5528/5117/2071 5526/5115/2069
f 5529/5118/2072 5530/5119/2073 5531/5120/2074
f 5530/5119/2073 5532/5121/2075 5533/5122/2076
f 5530/5119/2073 5529/5118/2072 5534/5123/2077
f 5531/5120/2074 5533/5122/2076 5535/5124/2078
f 5536/5105/2079 5537/5125/2080 5538/5126/2081
f 5536/5105/2079 5539/5127/2082 5540/5128/2083
f 5537/5125/2080 5536/5105/2079 5541/5104/2084
f 5537/5125/2080 5542/5129/2085 5543/5130/2086
f 5538/5126/2087 5544/5125/2088 5545/5131/2089
f 5538/5126/2087 5545/5131/2089 5546/5132/2090
f 5539/5127/2082 5536/5105/2079 5538/5126/2081
f 5547/5133/2091 5548/5134/2092 5549/5135/2093
f 5548/5134/2092 5550/5136/2094 5549/5135/2093
f 5549/5135/2093 5535/5124/2078 5533/5122/2076
f 5544/5125/2088 5543/5130/2086 5545/5131/2089
f 5416/5007/1962 5551/5137/2095 5552/5138/2096
f 5416/5007/1962 5553/5139/2097 5554/5140/2098
f 5416/5007/1962 5555/5141/2099 5415/5006/1961
f 5416/5007/1962 5411/5002/1957 5420/5011/1966
f 5555/5141/2099 5416/5007/1962 5552/5138/2096
f 5555/5141/2099 5552/5138/2096 5556/5142/2100
f 5552/5138/2096 5557/5143/2101 5556/5142/2100
f 5552/5138/2096 5558/5144/2102 5557/5143/2101
f 5556/5142/2100 5559/5145/2103 5560/5146/2104
f 5556/5142/2100 5557/5143/2101 5559/5145/2103
f 5557/5143/2101 5561/5147/2105 5559/5145/2103
f 5558/5144/2102 5552/5138/2096 5551/5137/2095
f 5558/5144/2102 5562/5148/2106 5563/5149/2107
f 5551/5137/2095 5416/5007/1962 5554/5140/2098
f 5554/5140/2098 5553/5139/2097 5564/5150/2108
f 5426/5017/1972 4914/4541/1468 5096/4718/1644
f 5096/4718/1644 5422/5013/1968 5426/5017/1972
f 5559/5145/2103 5565/5151/2109 5566/5152/2110
f 5560/5146/2104 5566/5152/2110 5444/5035/2111
f 5566/5152/2110 5560/5146/2104 5559/5145/2103
f 5561/5147/2105 5565/5151/2109 5559/5145/2103
f 5561/5147/2105 5557/5143/2101 5558/5144/2102
f 5449/5040/1995 5519/5108/2062 5522/5111/2065
f 5449/5040/1995 5567/5153/2112 5450/5041/1996
f 5448/5039/1994 5446/5037/1992 5451/5042/1997
f 5522/5111/2065 5567/5153/2112 5449/5040/1995
f 5522/5111/2065 5521/5110/2064 5568/5154/2113
f 5567/5153/2112 5522/5111/2065 5568/5154/2113
f 5520/5109/2063 5569/5155/2114 5521/5110/2064
f 5520/5109/2063 5570/5156/2115 5569/5155/2114
f 5520/5109/2063 5512/5101/2055 5509/5098/2052
f 5521/5110/2064 5571/5157/2116 5568/5154/2113
f 5521/5110/2064 5569/5155/2114 5571/5157/2116
f 5572/5129/2117 5515/5104/2058 5517/5106/2060
f 5458/5049/2004 5453/5044/1999 5456/5047/2002
f 5457/5048/2003 5448/5039/1994 5451/5042/1997
f 5457/5048/2003 5519/5108/2062 5448/5039/1994
f 5573/5158/2118 5574/5159/2119 5554/5140/2098
f 5574/5159/2119 5573/5158/2118 5575/5160/2120
f 5574/5159/2119 5576/5161/2121 5577/5162/2122
f 5578/5163/2123 5579/5164/2124 5580/5165/2124
f 5579/5164/2124 5578/5163/2123 5581/5166/2125
f 5582/5167/2126 5583/5164/2127 5584/5166/2128
f 5582/5167/2126 5585/5168/2129 5406/4997/1952
f 5583/5164/2127 5582/5167/2126 5586/5169/2130
f 5585/5168/2129 5582/5167/2126 5584/5166/2128
f 5563/5149/2107 5561/5147/2105 5558/5144/2102
f 5587/5170/2131 5588/5171/2132 5589/5172/2133
f 5588/5171/2132 5587/5170/2131 5590/5173/2134
f 5589/5172/2135 5591/5174/2136 5592/5175/2137
f 5593/5161/2138 5594/5176/2139 5563/5149/2140
f 5593/5161/2138 5563/5149/2140 5595/5148/2141
f 5577/5162/2122 5551/5137/2095 5554/5140/2098
f 5577/5162/2122 5554/5140/2098 5574/5159/2119
f 5577/5162/2122 5562/5148/2106 5558/5144/2102
f 5577/5162/2122 5558/5144/2102 5551/5137/2095
f 5577/5162/2122 5576/5161/2121 5596/5148/2121
f 5597/5177/2142 5598/5178/2143 5599/5179/2144
f 5597/5177/2142 5600/5180/2145 5601/5181/2146
f 5598/5178/2143 5597/5177/2142 5601/5181/2146
f 5398/4989/1944 5395/4986/1941 5602/5182/2147
f 5399/4990/1945 5400/4991/1946 5393/4984/1939
f 5399/4990/1945 5403/4994/1949 5400/4991/1946
f 5603/5183/2148 5403/4994/1949 5399/4990/1945
f 5591/5174/2136 5589/5172/2135 5604/5171/2149
f 5592/5175/2137 5605/5184/2150 5589/5172/2135
f 5604/5171/2149 5606/5185/2151 5591/5174/2136
f 5607/5186/2152 5608/5187/2153 5609/5188/2154
f 5608/5187/2153 5607/5186/2152 5610/5189/2155
f 5609/5188/2154 5611/5164/2156 5612/5169/2157
f 5610/5189/2155 5613/5190/2158 5614/5191/2159
f 5612/5169/2157 5607/5186/2152 5609/5188/2154
f 5606/5185/2151 5604/5171/2149 5615/5192/2160
f 5616/5193/2161 5617/5194/2162 5526/5115/2069
f 5616/5193/2161 5618/5195/2163 5619/5196/2164
f 5616/5193/2161 5620/5197/2165 5618/5195/2163
f 5617/5194/2162 5619/5196/2164 5621/5198/2166
f 5617/5194/2162 5622/5199/2167 5623/5200/2168
f 5617/5194/2162 5616/5193/2161 5619/5196/2164
f 5619/5196/2164 5624/5201/2169 5625/5202/2170
f 5619/5196/2164 5626/5203/2171 5621/5198/2166
f 5619/5196/2164 5618/5195/2163 5624/5201/2169
f 5626/5203/2171 5619/5196/2164 5625/5202/2170
f 5528/5117/2071 5527/5116/2070 5627/5204/2172
f 5528/5117/2071 5627/5204/2172 5628/5205/2173
f 5528/5117/2071 5616/5193/2161 5526/5115/2069
f 5628/5205/2173 5629/5206/2174 5528/5117/2071
f 5620/5197/2165 5616/5193/2161 5528/5117/2071
f 5620/5197/2165 5528/5117/2071 5629/5206/2174
f 5630/5207/2175 5543/5130/2086 5542/5129/2085
f 5543/5130/2086 5631/5208/2176 5632/5209/2177
f 5543/5130/2086 5632/5209/2177 5545/5131/2089
f 5543/5130/2086 5630/5207/2175 5633/5210/2178
f 5542/5129/2085 5537/5125/2080 5541/5104/2084
f 5631/5208/2176 5543/5130/2086 5633/5210/2178
f 5532/5121/2075 5634/5211/2179 5533/5122/2076
f 5532/5121/2075 5530/5119/2073 5635/5212/2180
f 5533/5122/2076 5634/5211/2179 5547/5133/2091
f 5533/5122/2076 5547/5133/2091 5549/5135/2093
f 5533/5122/2076 5531/5120/2074 5530/5119/2073
f 5636/5213/2181 5637/5189/2182 5638/5214/2183
f 5638/5214/2183 5639/5198/2184 5640/5203/2185
f 5638/5214/2183 5641/5215/2186 5642/5047/2187
f 5622/5199/2167 5617/5194/2162 5639/5198/2184
f 5622/5199/2167 5638/5214/2183 5637/5189/2182
f 5642/5047/2187 5636/5213/2181 5638/5214/2183
f 5641/5215/2186 5638/5214/2183 5643/5202/2188
f 5643/5202/2188 5638/5214/2183 5640/5203/2185
f 5639/5198/2184 5638/5214/2183 5622/5199/2167
f 5600/5180/2145 5597/5177/2142 5644/5216/2189
f 5623/5200/2168 5524/5113/2067 5526/5115/2069
f 5623/5200/2168 5526/5115/2069 5617/5194/2162
f 5645/5217/2190 5646/5218/2191 5647/5219/2192
f 5646/5218/2191 5645/5217/2190 5648/5220/2193
f 5647/5219/2192 5649/5221/2194 5605/5184/2150
f 5613/5190/2158 5650/5213/2195 5459/5050/2005
f 5614/5191/2159 5608/5187/2153 5610/5189/2155
f 5605/5184/2150 5592/5175/2137 5647/5219/2192
f 5605/5184/2150 5651/5222/2196 5589/5172/2135
f 5649/5221/2194 5652/5223/2197 5605/5184/2150
f 5649/5221/2194 5647/5219/2192 5646/5218/2191
f 5479/5070/2025 5460/5051/2006 5481/5072/2027
f 5480/5071/2026 5454/5045/2000 5460/5051/2006
f 5480/5071/2026 5479/5070/2025 5653/5224/2198
f 5654/5225/2199 5454/5045/2000 5480/5071/2026
f 5654/5225/2199 5480/5071/2026 5653/5224/2198
f 5407/4998/1953 5406/4997/1952 5585/5168/2129
f 5553/5139/2097 5416/5007/1962 5420/5011/1966
f 5553/5139/2097 5655/5226/2200 5564/5150/2108
f 5655/5226/2200 5553/5139/2097 5656/5227/2201
f 5564/5150/2108 5573/5158/2118 5554/5140/2098
f 5656/5227/2201 5420/5011/1966 5419/5010/1965
f 5459/5050/2005 5454/5045/2000 5613/5190/2158
f 5459/5050/2005 5456/5047/2002 5455/5046/2001
f 5650/5213/2195 5456/5047/2002 5459/5050/2005
f 5650/5213/2195 5613/5190/2158 5610/5189/2155
f 5570/5156/2115 5520/5109/2063 5358/4951/1904
f 5358/4951/1904 5357/4950/1903 5570/5156/2115
f 5359/4952/1905 5355/4948/1901 5358/4951/1904
f 5359/4952/1905 5387/4978/1933 5360/4953/1906
f 5405/4996/1951 5508/5097/2051 5408/4999/1954
f 5405/4996/1951 5359/4952/1905 5509/5098/2052
f 5484/5075/2030 5440/5031/1986 5483/5074/2029
f 5657/5228/2202 5658/5229/2203 5659/5230/2204
f 5658/5229/2203 5657/5228/2202 5660/5231/2205
f 5659/5230/2204 5661/5232/2206 5657/5228/2202
f 5659/5230/2204 5662/5233/2207 5663/5234/2208
f 5662/5233/2207 5659/5230/2204 5658/5229/2203
f 5663/5234/2208 5664/5235/2209 5665/5236/2210
f 5665/5236/2210 5659/5230/2204 5663/5234/2208
f 5665/5236/2210 5666/5237/2211 5661/5232/2206
f 5665/5236/2210 5667/5238/2212 5668/5239/2213
f 5661/5232/2206 5659/5230/2204 5665/5236/2210
f 5666/5237/2211 5665/5236/2210 5669/5239/2211
f 5667/5238/2212 5665/5236/2210 5664/5235/2209
f 5668/5239/2213 5670/5240/2214 5671/5241/2215
f 5208/4814/1758 5461/5052/2007 5209/4815/1759
f 5670/5240/2214 5668/5239/2213 5667/5238/2212
f 5672/5242/2216 5673/5243/2217 5674/5244/2218
f 5673/5243/2217 5672/5242/2216 5675/5245/2219
f 5676/5242/2220 5677/5246/2221 5678/5247/2222
f 5677/5246/2221 5676/5242/2220 5679/5244/2223
f 5678/5247/2222 5476/5067/2022 5676/5242/2220
f 5680/5248/2224 5681/5249/2225 5682/5250/2226
f 5680/5248/2224 5683/5091/2227 5681/5249/2225
f 5680/5248/2224 5684/5088/2227 5683/5091/2227
f 5685/5088/2228 5686/5248/2229 5687/5089/2228
f 5686/5248/2229 5688/5251/2230 5689/5252/2231
f 5686/5248/2229 5690/5253/2232 5687/5089/2228
f 5690/5253/2232 5686/5248/2229 5689/5252/2231
f 5691/5251/2233 5680/5248/2224 5682/5250/2226
f 5478/5069/2024 5475/5066/2021 5474/5065/2020
f 5476/5067/2022 5478/5069/2024 5692/5245/2234
f 5476/5067/2022 5678/5247/2222 5477/5068/2023
f 5476/5067/2022 5471/5062/2017 5475/5066/2021
f 5693/5242/2234 5476/5067/2022 5692/5245/2234
f 5418/5009/1964 5414/5005/1960 5413/5004/1959
f 5413/5004/1959 5414/5005/1960 5262/4858/1808
f 5236/4832/1782 5694/5254/2235 5695/5255/2236
f 5236/4832/1782 5696/5256/2237 5237/4833/1783
f 5237/4833/1783 5697/5257/2238 5247/4843/1793
f 5247/4843/1793 5240/4836/1786 5237/4833/1783
f 5696/5256/2237 5236/4832/1782 5695/5255/2236
f 5696/5256/2237 5697/5257/2238 5237/4833/1783
f 5252/4848/1798 5250/4846/1796 5253/4849/1799
f 5251/4847/1797 5698/5258/2239 5694/5254/2235
f 5251/4847/1797 5236/4832/1782 5235/4831/1781
f 5694/5254/2235 5236/4832/1782 5251/4847/1797
f 5698/5258/2239 5251/4847/1797 5252/4848/1798
f 5488/5079/2034 5507/5096/2050 5489/5080/2035
f 5488/5079/2034 5487/5078/2033 5445/5036/1991
f 5507/5096/2050 5488/5079/2034 5699/5259/2240
f 5507/5096/2050 5505/5094/2048 5489/5080/2035
f 5651/5222/2196 5605/5184/2150 5652/5223/2197
f 5652/5223/2197 5649/5221/2194 5700/5260/2241
f 5652/5223/2197 5701/5261/2242 5702/5262/2243
f 5702/5262/2243 5651/5222/2196 5652/5223/2197
f 5701/5261/2242 5700/5260/2241 5703/5263/2244
f 5700/5260/2241 5701/5261/2242 5652/5223/2197
f 5420/5011/1966 5656/5227/2201 5553/5139/2097
f 5420/5011/1966 5411/5002/1957 5414/5005/1960
f 5704/5264/2245 5656/5227/2201 5419/5010/1965
f 5704/5264/2245 5419/5010/1965 5418/5009/1964
f 5412/5003/1958 5705/5265/2246 5413/5004/1959
f 5264/4860/1810 4820/4449/1374 4819/4448/1373
f 5267/4863/1813 5412/5003/1958 4880/4507/1434
f 5705/5265/2246 5412/5003/1958 5267/4863/1813
f 5364/4957/1910 4819/4448/1373 5363/4956/1909
f 5706/5266/2247 5366/4959/1912 5707/5267/2248
f 5707/5267/2248 5365/4958/1911 5368/4961/1914
f 5707/5267/2248 5366/4959/1912 5365/4958/1911
f 5708/5268/2249 5413/5004/1959 5705/5265/2246
f 5708/5268/2249 5418/5009/1964 5413/5004/1959
f 5709/5269/2250 5390/4981/1936 5389/4980/1935
f 5390/4981/1936 5709/5269/2250 5707/5267/2248
f 5390/4981/1936 5707/5267/2248 5368/4961/1914
f 5390/4981/1936 5362/4955/1908 5389/4980/1935
f 5361/4954/1907 5390/4981/1936 5368/4961/1914
f 5361/4954/1907 5368/4961/1914 5369/4962/1915
f 5361/4954/1907 5356/4949/1902 5362/4955/1908
f 5353/4946/1899 5352/4945/1898 5356/4949/1902
f 5353/4946/1899 5369/4962/1915 5370/4963/1916
f 5354/4947/1900 5353/4946/1899 5370/4963/1916
f 5384/4947/1930 5383/4975/1929 5382/4945/1928
f 5376/4969/1922 5374/4967/1920 5373/4966/1919
f 5710/5270/2251 5711/5271/2252 4804/4433/1358
f 4804/4433/1358 5348/4941/1894 5710/5270/2251
f 5348/4941/1894 4794/4423/1348 5350/4943/1896
f 5350/4943/1896 4794/4423/1348 5347/4940/1893
f 5712/5272/2253 5713/5273/2254 5714/5274/2255
f 5713/5273/2254 5712/5272/2253 5715/5275/2256
f 5713/5273/2254 5716/5276/2257 5717/5277/2258
f 5713/5273/2254 5718/5278/2259 5716/5276/2257
f 5714/5274/2255 5717/5277/2258 5719/5279/2260
f 5714/5274/2255 5720/5280/2261 5712/5272/2253
f 5714/5274/2255 5713/5273/2254 5717/5277/2258
f 5715/5275/2256 5721/5281/2262 5713/5273/2254
f 5715/5275/2256 5722/5282/2263 5723/5283/2264
f 5724/5284/2265 5725/5285/2266 5726/5286/2267
f 5724/5284/2265 5727/5287/2268 5728/5288/2269
f 5724/5284/2265 5728/5288/2269 5725/5285/2266
f 5724/5284/2265 5729/5289/2270 5730/5290/2271
f 5724/5284/2265 5730/5290/2271 5731/5291/2272
f 5724/5284/2265 5731/5291/2272 5732/5292/2273
f 5724/5284/2265 5732/5292/2273 5733/5293/2274
f 5724/5284/2265 5733/5293/2274 5734/5294/2275
f 5724/5284/2265 5734/5294/2275 5735/5295/2276
f 5724/5284/2265 5726/5286/2267 5736/5296/2277
f 5724/5284/2265 5737/5297/2278 5738/5298/2279
f 5724/5284/2265 5739/5299/2280 5727/5287/2268
f 5724/5284/2265 5736/5296/2277 5740/5300/2281
f 5724/5284/2265 5740/5300/2281 5737/5297/2278
f 5724/5284/2265 5735/5295/2276 5739/5299/2280
f 5724/5284/2265 5738/5298/2279 5729/5289/2270
f 5738/5298/2279 5741/5301/2282 5729/5289/2270
f 5729/5289/2270 5742/5302/2283 5730/5290/2271
f 5743/5303/2284 5744/5304/2285 5745/5305/2286
f 5746/5306/2287 5747/5307/2288 5748/5308/2289
f 5747/5307/2288 5749/5309/2290 5750/5310/2291
f 5747/5307/2288 5751/5311/2292 5752/5312/2293
f 5748/5308/2289 5747/5307/2288 5752/5312/2293
f 5752/5312/2293 5751/5311/2292 5753/5313/2294
f 5752/5312/2293 5754/5314/2295 5748/5308/2289
f 5722/5282/2263 5715/5275/2256 5712/5272/2253
f 5723/5283/2264 5755/5315/2296 5756/5316/2297
f 5723/5283/2264 5721/5281/2262 5715/5275/2256
f 5717/5277/2258 5716/5276/2257 5757/5317/2298
f 5717/5277/2258 5757/5317/2298 5758/5318/2299
f 5716/5276/2257 5759/5319/2300 5760/5320/2301
f 5716/5276/2257 5760/5320/2301 5757/5317/2298
f 5754/5314/2295 5752/5312/2293 5741/5301/2282
f 5741/5301/2282 5752/5312/2293 5753/5313/2294
f 5741/5301/2282 5753/5313/2294 5742/5302/2283
f 5741/5301/2282 5738/5298/2279 5754/5314/2295
f 5755/5315/2296 5723/5283/2264 5722/5282/2263
f 5756/5316/2297 5761/5321/2302 5723/5283/2264
f 5762/5322/2303 5763/5323/2304 5764/5324/2305
f 5764/5324/2305 5765/5325/2306 5762/5322/2303
f 5764/5324/2305 5763/5323/2304 5766/5326/2307
f 5749/5309/2290 5747/5307/2288 5746/5306/2287
f 5753/5313/2294 5767/5327/2308 5742/5302/2283
f 5742/5302/2283 5729/5289/2270 5741/5301/2282
f 5742/5302/2283 5767/5327/2308 5768/5328/2309
f 5769/5329/2310 5770/5330/2311 5771/5331/2312
f 5770/5330/2311 5769/5329/2310 5772/5332/2313
f 5770/5330/2311 5773/5333/2314 5774/5334/2315
f 5771/5331/2312 5774/5334/2315 5775/5335/2316
f 5772/5332/2313 5776/5336/2317 5777/5337/2318
f 5772/5332/2313 5773/5333/2314 5770/5330/2311
f 5719/5279/2260 5778/5338/2319 5714/5274/2255
f 5730/5290/2271 5742/5302/2283 5768/5328/2309
f 5774/5334/2315 5773/5333/2314 5779/5339/2320
f 5774/5334/2315 5779/5339/2320 5780/5340/2321
f 5774/5334/2315 5771/5331/2312 5770/5330/2311
f 5720/5280/2261 5714/5274/2255 5778/5338/2319
f 5781/5341/2322 5782/5342/2323 5745/5305/2286
f 5781/5341/2322 5745/5305/2286 5744/5304/2285
f 5782/5342/2323 5783/5343/2324 5784/5344/2325
f 5776/5336/2317 5772/5332/2313 5769/5329/2310
f 5777/5337/2318 5785/5345/2326 5772/5332/2313
f 5758/5318/2299 5719/5279/2260 5717/5277/2258
f 5783/5343/2324 5782/5342/2323 5781/5341/2322
f 5783/5343/2324 5786/5346/2327 5787/5347/2328
f 5784/5344/2325 5788/5348/2329 5782/5342/2323
f 5784/5344/2325 5789/5349/2330 5790/5350/2331
f 5779/5339/2320 5791/5351/2332 5792/5352/2333
f 5780/5340/2321 5779/5339/2320 5792/5352/2333
f 5785/5345/2326 5777/5337/2318 5793/5353/2334
f 5785/5345/2326 5794/5354/2335 5795/5355/2336
f 5793/5353/2334 5796/5356/2337 5794/5354/2335
f 5793/5353/2334 5797/5357/2338 5798/5358/2339
f 5788/5348/2329 5784/5344/2325 5799/5359/2340
f 5799/5359/2340 5790/5350/2331 5800/5360/2341
f 5767/5327/2308 5801/5361/2342 5768/5328/2309
f 5768/5328/2309 5731/5291/2272 5730/5290/2271
f 5773/5333/2314 5795/5355/2336 5802/5362/2343
f 5773/5333/2314 5803/5363/2344 5779/5339/2320
f 5773/5333/2314 5772/5332/2313 5785/5345/2326
f 5804/5364/2345 5797/5357/2338 5805/5365/2346
f 5797/5357/2338 5804/5364/2345 5798/5358/2339
f 5797/5357/2338 5793/5353/2334 5777/5337/2318
f 5798/5358/2339 5806/5366/2347 5796/5356/2337
f 5731/5291/2272 5768/5328/2309 5801/5361/2342
f 5786/5346/2327 5781/5341/2322 5744/5304/2285
f 5786/5346/2327 5783/5343/2324 5781/5341/2322
f 5787/5347/2328 5789/5349/2330 5783/5343/2324
f 5801/5361/2342 5732/5292/2273 5731/5291/2272
f 5801/5361/2342 5807/5367/2348 5732/5292/2273
f 5801/5361/2342 5767/5327/2308 5808/5368/2349
f 5732/5292/2273 5807/5367/2348 5733/5293/2274
f 5789/5349/2330 5809/5369/2350 5810/5370/2351
f 5789/5349/2330 5784/5344/2325 5783/5343/2324
f 5789/5349/2330 5787/5347/2328 5811/5371/2352
f 5789/5349/2330 5812/5372/2353 5790/5350/2331
f 5803/5363/2344 5773/5333/2314 5802/5362/2343
f 5803/5363/2344 5813/5373/2354 5791/5351/2332
f 5802/5362/2343 5814/5374/2355 5803/5363/2344
f 5802/5362/2343 5815/5375/2356 5816/5376/2357
f 5796/5356/2337 5817/5377/2358 5794/5354/2335
f 5796/5356/2337 5793/5353/2334 5798/5358/2339
f 5794/5354/2335 5817/5377/2358 5818/5378/2359
f 5794/5354/2335 5785/5345/2326 5793/5353/2334
f 5790/5350/2331 5799/5359/2340 5784/5344/2325
f 5791/5351/2332 5779/5339/2320 5803/5363/2344
f 5795/5355/2336 5818/5378/2359 5815/5375/2356
f 5795/5355/2336 5773/5333/2314 5785/5345/2326
f 5800/5360/2341 5812/5372/2353 5819/5379/2360
f 5808/5368/2349 5807/5367/2348 5801/5361/2342
f 5806/5366/2347 5798/5358/2339 5804/5364/2345
f 5812/5372/2353 5789/5349/2330 5810/5370/2351
f 5812/5372/2353 5800/5360/2341 5790/5350/2331
f 5819/5379/2360 5812/5372/2353 5820/5380/2361
f 5819/5379/2360 5821/5381/2362 5822/5382/2363
f 5819/5379/2360 5823/5383/2364 5800/5360/2341
f 5807/5367/2348 5808/5368/2349 5824/5384/2365
f 5815/5375/2356 5825/5385/2366 5816/5376/2357
f 5815/5375/2356 5802/5362/2343 5795/5355/2336
f 5823/5383/2364 5819/5379/2360 5822/5382/2363
f 5733/5293/2274 5826/5386/2367 5734/5294/2275
f 5809/5369/2350 5789/5349/2330 5811/5371/2352
f 5810/5370/2351 5809/5369/2350 5827/5387/2368
f 5810/5370/2351 5820/5380/2361 5812/5372/2353
f 5814/5374/2355 5802/5362/2343 5816/5376/2357
f 5817/5377/2358 5828/5388/2369 5818/5378/2359
f 5818/5378/2359 5795/5355/2336 5794/5354/2335
f 5818/5378/2359 5829/5389/2370 5815/5375/2356
f 5813/5373/2354 5803/5363/2344 5814/5374/2355
f 5734/5294/2275 5826/5386/2367 5830/5390/2371
f 5820/5380/2361 5810/5370/2351 5827/5387/2368
f 5820/5380/2361 5831/5391/2372 5821/5381/2362
f 5820/5380/2361 5827/5387/2368 5832/5392/2373
f 5833/5393/2374 5834/5394/2375 5835/5395/2376
f 5833/5393/2374 5836/5396/2377 5837/5397/2378
f 5833/5393/2374 5835/5395/2376 5838/5398/2379
f 5834/5394/2375 5833/5393/2374 5839/5399/2380
f 5834/5394/2375 5840/5400/2381 5841/5401/2382
f 5834/5394/2375 5841/5401/2382 5835/5395/2376
f 5829/5389/2370 5818/5378/2359 5842/5402/2383
f 5842/5402/2383 5818/5378/2359 5828/5388/2369
f 5821/5381/2362 5819/5379/2360 5820/5380/2361
f 5821/5381/2362 5843/5403/2384 5844/5404/2385
f 5840/5400/2381 5834/5394/2375 5845/5405/2386
f 5825/5385/2366 5815/5375/2356 5829/5389/2370
f 5844/5404/2385 5846/5406/2387 5847/5407/2388
f 5844/5404/2385 5822/5382/2363 5821/5381/2362
f 5826/5386/2367 5733/5293/2274 5807/5367/2348
f 5836/5396/2377 5833/5393/2374 5838/5398/2379
f 5837/5397/2378 5839/5399/2380 5833/5393/2374
f 5843/5403/2384 5821/5381/2362 5831/5391/2372
f 5831/5391/2372 5848/5408/2389 5843/5403/2384
f 5831/5391/2372 5820/5380/2361 5832/5392/2373
f 5830/5390/2371 5739/5299/2280 5735/5295/2276
f 5830/5390/2371 5735/5295/2276 5734/5294/2275
f 5849/5409/2390 5850/5410/2391 5763/5323/2304
f 5849/5409/2390 5763/5323/2304 5851/5411/2392
f 5851/5411/2392 5763/5323/2304 5852/5412/2393
f 5851/5411/2392 5853/5413/2394 5854/5414/2395
f 5839/5399/2380 5837/5397/2378 5855/5415/2396
f 5839/5399/2380 5856/5416/2397 5845/5405/2386
f 5839/5399/2380 5845/5405/2386 5834/5394/2375
f 5855/5415/2396 5857/5417/2398 5839/5399/2380
f 5855/5415/2396 5858/5418/2399 5859/5419/2400
f 5855/5415/2396 5859/5419/2400 5860/5420/2401
f 5846/5406/2387 5844/5404/2385 5843/5403/2384
f 5832/5392/2373 5861/5421/2402 5831/5391/2372
f 5845/5405/2386 5862/5422/2403 5863/5423/2404
f 5845/5405/2386 5863/5423/2404 5840/5400/2381
f 5859/5419/2400 5864/5424/2405 5865/5425/2406
f 5859/5419/2400 5865/5425/2406 5866/5426/2407
f 5864/5424/2405 5859/5419/2400 5858/5418/2399
f 5865/5425/2406 5867/5427/2408 5868/5428/2409
f 5858/5418/2399 5855/5415/2396 5837/5397/2378
f 5861/5421/2402 5832/5392/2373 5869/5429/2410
f 5861/5421/2402 5870/5430/2411 5848/5408/2389
f 5869/5429/2410 5871/5431/2412 5872/5432/2413
f 5869/5429/2410 5873/5433/2414 5861/5421/2402
f 5862/5422/2403 5845/5405/2386 5856/5416/2397
f 5856/5416/2397 5874/5434/2415 5862/5422/2403
f 5856/5416/2397 5839/5399/2380 5857/5417/2398
f 5875/5435/2416 5855/5415/2396 5860/5420/2401
f 5875/5435/2416 5860/5420/2401 5876/5436/2417
f 5860/5420/2401 5866/5426/2407 5877/5437/2418
f 5860/5420/2401 5859/5419/2400 5866/5426/2407
f 5848/5408/2389 5831/5391/2372 5861/5421/2402
f 5739/5299/2280 5830/5390/2371 5878/5438/2419
f 5878/5438/2419 5727/5287/2268 5739/5299/2280
f 5852/5412/2393 5763/5323/2304 5879/5439/2420
f 5857/5417/2398 5875/5435/2416 5880/5440/2421
f 5857/5417/2398 5855/5415/2396 5875/5435/2416
f 5857/5417/2398 5881/5441/2422 5856/5416/2397
f 5866/5426/2407 5868/5428/2409 5882/5442/2423
f 5866/5426/2407 5865/5425/2406 5868/5428/2409
f 5853/5413/2394 5851/5411/2392 5852/5412/2393
f 5854/5414/2395 5849/5409/2390 5851/5411/2392
f 5877/5437/2418 5866/5426/2407 5882/5442/2423
f 5727/5287/2268 5878/5438/2419 5883/5443/2424
f 5871/5431/2412 5884/5444/2425 5872/5432/2413
f 5872/5432/2413 5885/5445/2426 5873/5433/2414
f 5881/5441/2422 5857/5417/2398 5886/5446/2427
f 5881/5441/2422 5887/5447/2428 5874/5434/2415
f 5886/5446/2427 5888/5448/2429 5889/5449/2430
f 5886/5446/2427 5890/5450/2431 5881/5441/2422
f 5886/5446/2427 5880/5440/2421 5888/5448/2429
f 5886/5446/2427 5857/5417/2398 5880/5440/2421
f 5876/5436/2417 5860/5420/2401 5877/5437/2418
f 5873/5433/2414 5891/5451/2432 5870/5430/2411
f 5873/5433/2414 5869/5429/2410 5872/5432/2413
f 5874/5434/2415 5856/5416/2397 5881/5441/2422
f 5880/5440/2421 5875/5435/2416 5876/5436/2417
f 5870/5430/2411 5861/5421/2402 5873/5433/2414
f 5883/5443/2424 5728/5288/2269 5727/5287/2268
f 5879/5439/2420 5853/5413/2394 5852/5412/2393
f 5879/5439/2420 5763/5323/2304 5892/5452/2433
f 5891/5451/2432 5873/5433/2414 5885/5445/2426
f 5885/5445/2426 5872/5432/2413 5884/5444/2425
f 5728/5288/2269 5883/5443/2424 5893/5453/2434
f 5893/5453/2434 5725/5285/2266 5728/5288/2269
f 5894/5454/2435 5895/5455/2436 5896/5456/2437
f 5894/5454/2435 5897/5457/2438 5898/5458/2439
f 5897/5457/2438 5896/5456/2437 5899/5459/2440
f 5897/5457/2438 5894/5454/2435 5896/5456/2437
f 5896/5456/2437 5895/5455/2436 5900/5460/2441
f 5884/5444/2425 5871/5431/2412 5901/5461/2442
f 5884/5444/2425 5902/5462/2443 5885/5445/2426
f 5901/5461/2442 5903/5463/2444 5884/5444/2425
f 5890/5450/2431 5886/5446/2427 5889/5449/2430
f 5899/5459/2440 5900/5460/2441 5904/5464/2445
f 5899/5459/2440 5896/5456/2437 5900/5460/2441
f 5900/5460/2441 5895/5455/2436 5905/5465/2446
f 5900/5460/2441 5905/5465/2446 5906/5466/2447
f 5887/5447/2428 5881/5441/2422 5890/5450/2431
f 5904/5464/2445 5900/5460/2441 5906/5466/2447
f 5906/5466/2447 5907/5467/2448 5908/5468/2449
f 5906/5466/2447 5905/5465/2446 5907/5467/2448
f 5895/5455/2436 5894/5454/2435 5909/5469/2450
f 5895/5455/2436 5910/5470/2451 5911/5471/2452
f 5895/5455/2436 5912/5472/2453 5905/5465/2446
f 5905/5465/2446 5913/5473/2454 5907/5467/2448
f 5902/5462/2443 5884/5444/2425 5903/5463/2444
f 5903/5463/2444 5901/5461/2442 5914/5474/2455
f 5915/5475/2456 5916/5476/2457 5893/5453/2434
f 5916/5476/2457 5915/5475/2456 5917/5477/2458
f 5916/5476/2457 5726/5286/2267 5725/5285/2266
f 5917/5477/2458 5918/5478/2459 5916/5476/2457
f 5907/5467/2448 5919/5479/2460 5920/5480/2461
f 5921/5481/2462 5909/5469/2450 5894/5454/2435
f 5909/5469/2450 5921/5481/2462 5922/5482/2463
f 5909/5469/2450 5923/5483/2464 5910/5470/2451
f 5909/5469/2450 5910/5470/2451 5895/5455/2436
f 5922/5482/2463 5923/5483/2464 5909/5469/2450
f 5725/5285/2266 5893/5453/2434 5916/5476/2457
f 5924/5484/2465 5901/5461/2442 5871/5431/2412
f 5924/5484/2465 5914/5474/2455 5901/5461/2442
f 5914/5474/2455 5924/5484/2465 5925/5485/2466
f 5914/5474/2455 5926/5486/2467 5903/5463/2444
f 5925/5485/2466 5927/5487/2468 5914/5474/2455
f 5908/5468/2449 5907/5467/2448 5920/5480/2461
f 5908/5468/2449 5928/5488/2469 5929/5489/2470
f 5920/5480/2461 5930/5490/2471 5928/5488/2469
f 5928/5488/2469 5908/5468/2449 5920/5480/2461
f 5910/5470/2451 5923/5483/2464 5931/5491/2472
f 5910/5470/2451 5932/5492/2473 5911/5471/2452
f 5911/5471/2452 5933/5493/2474 5912/5472/2453
f 5726/5286/2267 5916/5476/2457 5918/5478/2459
f 5926/5486/2467 5914/5474/2455 5927/5487/2468
f 5927/5487/2468 5925/5485/2466 5934/5494/2475
f 5927/5487/2468 5935/5495/2476 5926/5486/2467
f 5927/5487/2468 5934/5494/2475 5936/5496/2477
f 5930/5490/2471 5920/5480/2461 5919/5479/2460
f 5919/5479/2460 5907/5467/2448 5913/5473/2454
f 5912/5472/2453 5937/5497/2478 5913/5473/2454
f 5912/5472/2453 5895/5455/2436 5911/5471/2452
f 5938/5498/2479 5939/5499/2480 5922/5482/2463
f 5923/5483/2464 5939/5499/2480 5940/5500/2481
f 5923/5483/2464 5922/5482/2463 5939/5499/2480
f 5918/5478/2459 5917/5477/2458 5941/5501/2482
f 5941/5501/2482 5942/5502/2483 5918/5478/2459
f 5913/5473/2454 5905/5465/2446 5912/5472/2453
f 5913/5473/2454 5943/5503/2484 5919/5479/2460
f 5937/5497/2478 5912/5472/2453 5933/5493/2474
f 5933/5493/2474 5911/5471/2452 5944/5504/2485
f 5933/5493/2474 5945/5505/2486 5937/5497/2478
f 5932/5492/2473 5910/5470/2451 5931/5491/2472
f 5931/5491/2472 5923/5483/2464 5940/5500/2481
f 5942/5502/2483 5736/5296/2277 5726/5286/2267
f 5942/5502/2483 5726/5286/2267 5918/5478/2459
f 5942/5502/2483 5941/5501/2482 5946/5506/2487
f 5736/5296/2277 5942/5502/2483 5947/5507/2488
f 5948/5508/2489 5927/5487/2468 5936/5496/2477
f 5948/5508/2489 5936/5496/2477 5949/5509/2490
f 5948/5508/2489 5950/5510/2491 5935/5495/2476
f 5943/5503/2484 5913/5473/2454 5937/5497/2478
f 5944/5504/2485 5911/5471/2452 5932/5492/2473
f 5935/5495/2476 5927/5487/2468 5948/5508/2489
f 5946/5506/2487 5951/5511/2492 5952/5512/2493
f 5946/5506/2487 5947/5507/2488 5942/5502/2483
f 5951/5511/2492 5946/5506/2487 5941/5501/2482
f 5952/5512/2493 5953/5513/2494 5946/5506/2487
f 5954/5514/2495 5955/5515/2496 5956/5516/2497
f 5954/5514/2495 5956/5516/2497 5957/5517/2498
f 5956/5516/2497 5718/5278/2259 5721/5281/2262
f 5956/5516/2497 5721/5281/2262 5958/5518/2499
f 5957/5517/2498 5956/5516/2497 5958/5518/2499
f 5958/5518/2499 5761/5321/2302 5959/5519/2500
f 5958/5518/2499 5721/5281/2262 5761/5321/2302
f 5960/5520/2501 5961/5521/2502 5962/5522/2503
f 5961/5521/2502 5960/5520/2501 5963/5523/2504
f 5961/5521/2502 5718/5278/2259 5955/5515/2496
f 5962/5522/2503 5955/5515/2496 5964/5524/2505
f 5963/5523/2504 5759/5319/2300 5961/5521/2502
f 5947/5507/2488 5740/5300/2281 5736/5296/2277
f 5947/5507/2488 5737/5297/2278 5740/5300/2281
f 5947/5507/2488 5965/5525/2506 5966/5526/2507
f 5947/5507/2488 5953/5513/2494 5965/5525/2506
f 5947/5507/2488 5946/5506/2487 5953/5513/2494
f 5953/5513/2494 5967/5527/2508 5965/5525/2506
f 5953/5513/2494 5952/5512/2493 5968/5528/2509
f 5969/5529/2510 5937/5497/2478 5945/5505/2486
f 5955/5515/2496 5718/5278/2259 5956/5516/2497
f 5955/5515/2496 5962/5522/2503 5961/5521/2502
f 5964/5524/2505 5955/5515/2496 5954/5514/2495
f 5968/5528/2509 5970/5530/2511 5971/5531/2512
f 5968/5528/2509 5967/5527/2508 5953/5513/2494
f 5970/5530/2511 5968/5528/2509 5952/5512/2493
f 5971/5531/2512 5972/5532/2513 5968/5528/2509
f 5950/5510/2491 5948/5508/2489 5949/5509/2490
f 5950/5510/2491 5949/5509/2490 5973/5533/2514
f 5967/5527/2508 5746/5306/2287 5965/5525/2506
f 5967/5527/2508 5968/5528/2509 5972/5532/2513
f 5718/5278/2259 5713/5273/2254 5721/5281/2262
f 5718/5278/2259 5961/5521/2502 5759/5319/2300
f 5718/5278/2259 5759/5319/2300 5716/5276/2257
f 5721/5281/2262 5723/5283/2264 5761/5321/2302
f 5737/5297/2278 5947/5507/2488 5966/5526/2507
f 5737/5297/2278 5754/5314/2295 5738/5298/2279
f 5965/5525/2506 5748/5308/2289 5966/5526/2507
f 5965/5525/2506 5746/5306/2287 5748/5308/2289
f 5761/5321/2302 5756/5316/2297 5974/5534/2515
f 5759/5319/2300 5975/5535/2516 5760/5320/2301
f 5759/5319/2300 5963/5523/2504 5975/5535/2516
f 5966/5526/2507 5754/5314/2295 5737/5297/2278
f 5966/5526/2507 5748/5308/2289 5754/5314/2295
f 5974/5534/2515 5959/5519/2500 5761/5321/2302
f 5974/5534/2515 5976/5536/2517 5977/5537/2518
f 5978/5538/2519 5763/5323/2304 5762/5322/2303
f 5976/5536/2517 5974/5534/2515 5756/5316/2297
f 5979/5539/2520 5980/5540/2521 5981/5541/2522
f 5980/5540/2521 5982/5542/2523 5981/5541/2522
f 5983/5543/2524 5984/5544/2525 5763/5323/2304
f 5984/5544/2525 5892/5452/2433 5763/5323/2304
f 5985/5545/2526 5986/5546/2527 5763/5323/2304
f 5985/5545/2526 5763/5323/2304 5978/5538/2519
f 5986/5546/2527 5983/5543/2524 5763/5323/2304
f 5987/5547/2528 5985/5545/2526 5978/5538/2519
f 5988/5548/2529 5989/5549/2530 5763/5323/2304
f 5989/5549/2530 5766/5326/2307 5763/5323/2304
f 5850/5410/2391 5988/5548/2529 5763/5323/2304
f 5990/5550/2531 5991/5551/2532 5992/5552/2533
f 5991/5551/2532 5990/5550/2531 5993/5553/2534
f 5991/5551/2532 5994/5554/2535 5995/5555/2536
f 5991/5551/2532 5995/5555/2536 5996/5556/2537
f 5992/5552/2533 5997/5557/2538 5990/5550/2531
f 5993/5553/2534 5998/5558/2539 5999/5559/2540
f 5993/5553/2534 5994/5554/2535 5991/5551/2532
f 5993/5553/2534 6000/5560/2541 5994/5554/2535
f 6001/5561/2542 6002/5562/2543 6003/5563/2544
f 6001/5561/2542 6004/5564/2545 6002/5562/2543
f 6001/5561/2542 6005/5565/2546 6006/5566/2547
f 6001/5561/2542 6003/5563/2544 6007/5567/2548
f 6001/5561/2542 6006/5566/2547 6008/5568/2549
f 6001/5561/2542 6008/5568/2549 6009/5569/2550
f 6001/5561/2542 6007/5567/2548 6010/5570/2551
f 6001/5561/2542 6010/5570/2551 6011/5571/2552
f 6001/5561/2542 6009/5569/2550 6012/5572/2553
f 6001/5561/2542 6012/5572/2553 6013/5573/2554
f 6001/5561/2542 6013/5573/2554 6014/5574/2555
f 6001/5561/2542 6014/5574/2555 6015/5575/2556
f 6001/5561/2542 6015/5575/2556 6016/5576/2557
f 6001/5561/2542 6011/5571/2552 6017/5577/2558
f 6001/5561/2542 6017/5577/2558 6005/5565/2546
f 6001/5561/2542 6016/5576/2557 6004/5564/2545
f 6018/5578/2559 6019/5579/2560 6020/5580/2561
f 6019/5579/2560 6021/5581/2562 6020/5580/2561
f 6022/5582/2563 6023/5583/2564 6024/5584/2565
f 6022/5582/2563 6025/5585/2566 6026/5586/2567
f 6022/5582/2563 6024/5584/2565 6027/5587/2568
f 6027/5587/2568 6025/5585/2566 6022/5582/2563
f 6027/5587/2568 6028/5588/2569 6025/5585/2566
f 6025/5585/2566 6029/5589/2570 6030/5590/2571
f 6025/5585/2566 6030/5590/2571 6026/5586/2567
f 5997/5557/2538 5992/5552/2533 6031/5591/2572
f 6031/5591/2572 6032/5592/2573 5997/5557/2538
f 6031/5591/2572 6033/5593/2574 6034/5594/2575
f 5994/5554/2535 6035/5595/2576 6036/5596/2577
f 5994/5554/2535 6036/5596/2577 5995/5555/2536
f 5995/5555/2536 6036/5596/2577 6037/5597/2578
f 5995/5555/2536 6037/5597/2578 6038/5598/2579
f 6028/5588/2569 6029/5589/2570 6025/5585/2566
f 6028/5588/2569 6004/5564/2545 6029/5589/2570
f 6029/5589/2570 6004/5564/2545 6016/5576/2557
f 6032/5592/2573 6031/5591/2572 6039/5599/2580
f 6039/5599/2580 6034/5594/2575 6040/5600/2581
f 6041/5601/2582 6042/5602/2583 6043/5603/2584
f 6042/5602/2583 6041/5601/2582 6044/5604/2585
f 6042/5602/2583 6045/5605/2586 6043/5603/2584
f 6023/5583/2564 6022/5582/2563 6046/5606/2587
f 6047/5607/2588 6030/5590/2571 6029/5589/2570
f 6047/5607/2588 6016/5576/2557 6015/5575/2556
f 6047/5607/2588 6048/5608/2589 6049/5609/2590
f 6047/5607/2588 6029/5589/2570 6016/5576/2557
f 6030/5590/2571 6047/5607/2588 6049/5609/2590
f 6050/5610/2591 6051/5611/2592 6052/5612/2593
f 6051/5611/2592 6050/5610/2591 6053/5613/2594
f 6051/5611/2592 6054/5614/2595 6055/5615/2596
f 6052/5612/2593 6055/5615/2596 6056/5616/2597
f 6052/5612/2593 6057/5617/2598 6050/5610/2591
f 6053/5613/2594 6054/5614/2595 6051/5611/2592
f 6000/5560/2541 5993/5553/2534 5999/5559/2540
f 6015/5575/2556 6048/5608/2589 6047/5607/2588
f 6054/5614/2595 6058/5618/2599 6055/5615/2596
f 6054/5614/2595 6053/5613/2594 6059/5619/2600
f 6054/5614/2595 6060/5620/2601 6058/5618/2599
f 5998/5558/2539 5993/5553/2534 5990/5550/2531
f 6021/5581/2562 6019/5579/2560 6061/5621/2602
f 6061/5621/2602 6062/5622/2603 6021/5581/2562
f 6057/5617/2598 6052/5612/2593 6063/5623/2604
f 6063/5623/2604 6056/5616/2597 6064/5624/2605
f 6035/5595/2576 5994/5554/2535 6000/5560/2541
f 6062/5622/2603 6065/5625/2606 6066/5626/2607
f 6062/5622/2603 6061/5621/2602 6065/5625/2606
f 6062/5622/2603 6067/5627/2608 6021/5581/2562
f 6065/5625/2606 6068/5628/2609 6069/5629/2610
f 6065/5625/2606 6070/5630/2611 6066/5626/2607
f 6065/5625/2606 6069/5629/2610 6070/5630/2611
f 6060/5620/2601 6071/5631/2612 6058/5618/2599
f 6058/5618/2599 6072/5632/2613 6073/5633/2614
f 6056/5616/2597 6063/5623/2604 6052/5612/2593
f 6056/5616/2597 6074/5634/2615 6075/5635/2616
f 6064/5624/2605 6075/5635/2616 6076/5636/2617
f 6064/5624/2605 6077/5637/2618 6063/5623/2604
f 6068/5628/2609 6065/5625/2606 6061/5621/2602
f 6069/5629/2610 6078/5638/2619 6070/5630/2611
f 6049/5609/2590 6079/5639/2620 6080/5640/2621
f 6048/5608/2589 6015/5575/2556 6014/5574/2555
f 6055/5615/2596 6052/5612/2593 6051/5611/2592
f 6055/5615/2596 6073/5633/2614 6081/5641/2622
f 6055/5615/2596 6081/5641/2622 6074/5634/2615
f 6082/5642/2623 6083/5643/2624 6077/5637/2618
f 6077/5637/2618 6084/5644/2625 6082/5642/2623
f 6077/5637/2618 6064/5624/2605 6084/5644/2625
f 6084/5644/2625 6076/5636/2617 6085/5645/2626
f 6014/5574/2555 6079/5639/2620 6048/5608/2589
f 6067/5627/2608 6062/5622/2603 6086/5646/2627
f 6067/5627/2608 6020/5580/2561 6021/5581/2562
f 6086/5646/2627 6066/5626/2607 6087/5647/2628
f 6013/5573/2554 6079/5639/2620 6014/5574/2555
f 6013/5573/2554 6012/5572/2553 6088/5648/2629
f 6079/5639/2620 6013/5573/2554 6088/5648/2629
f 6079/5639/2620 6049/5609/2590 6048/5608/2589
f 6066/5626/2607 6086/5646/2627 6062/5622/2603
f 6066/5626/2607 6089/5649/2630 6090/5650/2631
f 6066/5626/2607 6090/5650/2631 6091/5651/2632
f 6087/5647/2628 6066/5626/2607 6091/5651/2632
f 6073/5633/2614 6092/5652/2633 6093/5653/2634
f 6073/5633/2614 6055/5615/2596 6058/5618/2599
f 6081/5641/2622 6093/5653/2634 6094/5654/2635
f 6081/5641/2622 6094/5654/2635 6095/5655/2636
f 6076/5636/2617 6075/5635/2616 6096/5656/2637
f 6076/5636/2617 6084/5644/2625 6064/5624/2605
f 6075/5635/2616 6097/5657/2638 6096/5656/2637
f 6075/5635/2616 6064/5624/2605 6056/5616/2597
f 6070/5630/2611 6078/5638/2619 6089/5649/2630
f 6072/5632/2613 6058/5618/2599 6071/5631/2612
f 6074/5634/2615 6056/5616/2597 6055/5615/2596
f 6074/5634/2615 6095/5655/2636 6097/5657/2638
f 6078/5638/2619 6098/5658/2639 6099/5659/2640
f 6078/5638/2619 6099/5659/2640 6089/5649/2630
f 6080/5640/2621 6088/5648/2629 6100/5660/2641
f 6085/5645/2626 6082/5642/2623 6084/5644/2625
f 6089/5649/2630 6066/5626/2607 6070/5630/2611
f 6099/5659/2640 6101/5661/2642 6089/5649/2630
f 6088/5648/2629 6080/5640/2621 6079/5639/2620
f 6095/5655/2636 6074/5634/2615 6081/5641/2622
f 6095/5655/2636 6102/5662/2643 6103/5663/2644
f 6098/5658/2639 6104/5664/2645 6099/5659/2640
f 6104/5664/2645 6105/5665/2646 6106/5666/2647
f 6104/5664/2645 6106/5666/2647 6099/5659/2640
f 6090/5650/2631 6107/5667/2648 6091/5651/2632
f 6090/5650/2631 6101/5661/2642 6107/5667/2648
f 6093/5653/2634 6081/5641/2622 6073/5633/2614
f 6097/5657/2638 6108/5668/2649 6109/5669/2650
f 6097/5657/2638 6075/5635/2616 6074/5634/2615
f 6097/5657/2638 6103/5663/2644 6108/5668/2649
f 6097/5657/2638 6109/5669/2650 6096/5656/2637
f 6092/5652/2633 6073/5633/2614 6072/5632/2613
f 6009/5569/2550 6110/5670/2651 6111/5671/2652
f 6101/5661/2642 6090/5650/2631 6089/5649/2630
f 6101/5661/2642 6112/5672/2653 6113/5673/2654
f 6101/5661/2642 6113/5673/2654 6107/5667/2648
f 6114/5674/2655 6115/5675/2656 6116/5676/2657
f 6114/5674/2655 6117/5677/2658 6118/5678/2659
f 6115/5675/2656 6114/5674/2655 6118/5678/2659
f 6116/5676/2657 6119/5679/2660 6114/5674/2655
f 6116/5676/2657 6120/5680/2661 6121/5681/2662
f 6103/5663/2644 6097/5657/2638 6095/5655/2636
f 6106/5666/2647 6101/5661/2642 6099/5659/2640
f 6106/5666/2647 6122/5682/2663 6112/5672/2653
f 6120/5680/2661 6116/5676/2657 6115/5675/2656
f 6121/5681/2662 6123/5683/2664 6116/5676/2657
f 6102/5662/2643 6095/5655/2636 6094/5654/2635
f 6105/5665/2646 6124/5684/2665 6122/5682/2663
f 6111/5671/2652 6088/5648/2629 6012/5572/2553
f 6111/5671/2652 6012/5572/2553 6009/5569/2550
f 6117/5677/2658 6114/5674/2655 6125/5685/2666
f 6125/5685/2666 6119/5679/2660 6126/5686/2667
f 6122/5682/2663 6106/5666/2647 6105/5665/2646
f 6112/5672/2653 6127/5687/2668 6128/5688/2669
f 6112/5672/2653 6101/5661/2642 6106/5666/2647
f 6110/5670/2651 6006/5566/2547 6129/5689/2670
f 6110/5670/2651 6009/5569/2550 6008/5568/2549
f 6130/5690/2671 6131/5691/2672 6043/5603/2584
f 6130/5690/2671 6043/5603/2584 6132/5692/2673
f 6131/5691/2672 6133/5693/2674 6043/5603/2584
f 6131/5691/2672 6134/5694/2675 6133/5693/2674
f 6119/5679/2660 6125/5685/2666 6114/5674/2655
f 6119/5679/2660 6135/5695/2676 6136/5696/2677
f 6119/5679/2660 6116/5676/2657 6123/5683/2664
f 6126/5686/2667 6137/5697/2678 6125/5685/2666
f 6126/5686/2667 6136/5696/2677 6138/5698/2679
f 6126/5686/2667 6139/5699/2680 6140/5700/2681
f 6124/5684/2665 6105/5665/2646 6141/5701/2682
f 6113/5673/2654 6128/5688/2669 6142/5702/2683
f 6123/5683/2664 6121/5681/2662 6143/5703/2684
f 6123/5683/2664 6144/5704/2685 6135/5695/2676
f 6140/5700/2681 6145/5705/2686 6146/5706/2687
f 6140/5700/2681 6147/5707/2688 6137/5697/2678
f 6147/5707/2688 6140/5700/2681 6146/5706/2687
f 6137/5697/2678 6126/5686/2667 6140/5700/2681
f 6146/5706/2687 6148/5708/2689 6149/5709/2690
f 6128/5688/2669 6150/5710/2691 6151/5711/2692
f 6128/5688/2669 6113/5673/2654 6112/5672/2653
f 6142/5702/2683 6151/5711/2692 6152/5712/2693
f 6142/5702/2683 6152/5712/2693 6153/5713/2694
f 6144/5704/2685 6123/5683/2664 6143/5703/2684
f 6135/5695/2676 6154/5714/2695 6155/5715/2696
f 6135/5695/2676 6119/5679/2660 6123/5683/2664
f 6139/5699/2680 6156/5716/2697 6145/5705/2686
f 6139/5699/2680 6126/5686/2667 6138/5698/2679
f 6138/5698/2679 6157/5717/2698 6139/5699/2680
f 6127/5687/2668 6112/5672/2653 6122/5682/2663
f 6006/5566/2547 6110/5670/2651 6008/5568/2549
f 6129/5689/2670 6005/5565/2546 6158/5718/2699
f 6133/5693/2674 6159/5719/2700 6043/5603/2584
f 6136/5696/2677 6126/5686/2667 6119/5679/2660
f 6136/5696/2677 6160/5720/2701 6138/5698/2679
f 6136/5696/2677 6155/5715/2696 6161/5721/2702
f 6148/5708/2689 6146/5706/2687 6145/5705/2686
f 6145/5705/2686 6162/5722/2703 6148/5708/2689
f 6145/5705/2686 6140/5700/2681 6139/5699/2680
f 6134/5694/2675 6131/5691/2672 6163/5723/2704
f 6163/5723/2704 6131/5691/2672 6130/5690/2671
f 6156/5716/2697 6162/5722/2703 6145/5705/2686
f 6005/5565/2546 6129/5689/2670 6006/5566/2547
f 6152/5712/2693 6164/5724/2705 6165/5725/2706
f 6153/5713/2694 6165/5725/2706 6166/5726/2707
f 6155/5715/2696 6167/5727/2708 6168/5728/2709
f 6155/5715/2696 6136/5696/2677 6135/5695/2676
f 6161/5721/2702 6169/5729/2710 6160/5720/2701
f 6161/5721/2702 6168/5728/2709 6170/5730/2711
f 6157/5717/2698 6138/5698/2679 6160/5720/2701
f 6157/5717/2698 6156/5716/2697 6139/5699/2680
f 6151/5711/2692 6142/5702/2683 6128/5688/2669
f 6151/5711/2692 6171/5731/2712 6164/5724/2705
f 6154/5714/2695 6135/5695/2676 6144/5704/2685
f 6160/5720/2701 6136/5696/2677 6161/5721/2702
f 6150/5710/2691 6128/5688/2669 6127/5687/2668
f 6158/5718/2699 6017/5577/2558 6172/5732/2713
f 6159/5719/2700 6133/5693/2674 6134/5694/2675
f 6159/5719/2700 6173/5733/2714 6043/5603/2584
f 6171/5731/2712 6151/5711/2692 6150/5710/2691
f 6164/5724/2705 6152/5712/2693 6151/5711/2692
f 6017/5577/2558 6158/5718/2699 6005/5565/2546
f 6172/5732/2713 6011/5571/2552 6174/5734/2715
f 6170/5730/2711 6169/5729/2710 6161/5721/2702
f 6175/5735/2716 6176/5736/2717 6177/5737/2718
f 6176/5736/2717 6178/5738/2719 6177/5737/2718
f 6176/5736/2717 6179/5739/2720 6178/5738/2719
f 6177/5737/2718 6180/5740/2721 6181/5741/2722
f 6178/5738/2719 6182/5742/2723 6180/5740/2721
f 6165/5725/2706 6183/5743/2724 6184/5744/2725
f 6165/5725/2706 6153/5713/2694 6152/5712/2693
f 6166/5726/2707 6184/5744/2725 6185/5745/2726
f 6168/5728/2709 6161/5721/2702 6155/5715/2696
f 6179/5739/2720 6186/5746/2727 6182/5742/2723
f 6179/5739/2720 6182/5742/2723 6178/5738/2719
f 6182/5742/2723 6187/5747/2728 6180/5740/2721
f 6182/5742/2723 6188/5748/2729 6187/5747/2728
f 6167/5727/2708 6155/5715/2696 6154/5714/2695
f 6186/5746/2727 6188/5748/2729 6182/5742/2723
f 6188/5748/2729 6189/5749/2730 6190/5750/2731
f 6188/5748/2729 6190/5750/2731 6187/5747/2728
f 6180/5740/2721 6177/5737/2718 6178/5738/2719
f 6180/5740/2721 6191/5751/2732 6192/5752/2733
f 6180/5740/2721 6193/5753/2734 6181/5741/2722
f 6180/5740/2721 6192/5752/2733 6193/5753/2734
f 6187/5747/2728 6194/5754/2735 6191/5751/2732
f 6183/5743/2724 6165/5725/2706 6164/5724/2705
f 6184/5744/2725 6166/5726/2707 6165/5725/2706
f 6195/5755/2736 6174/5734/2715 6196/5756/2737
f 6174/5734/2715 6195/5755/2736 6172/5732/2713
f 6174/5734/2715 6010/5570/2551 6197/5757/2738
f 6196/5756/2737 6197/5757/2738 6198/5758/2739
f 6190/5750/2731 6199/5759/2740 6194/5754/2735
f 6200/5760/2741 6181/5741/2722 6201/5761/2742
f 6181/5741/2722 6193/5753/2734 6202/5762/2743
f 6181/5741/2722 6202/5762/2743 6201/5761/2742
f 6181/5741/2722 6200/5760/2741 6177/5737/2718
f 6201/5761/2742 6203/5763/2744 6204/5764/2745
f 6201/5761/2742 6202/5762/2743 6203/5763/2744
f 6011/5571/2552 6172/5732/2713 6017/5577/2558
f 6185/5745/2726 6205/5765/2746 6206/5766/2747
f 6185/5745/2726 6207/5767/2748 6166/5726/2707
f 6207/5767/2748 6153/5713/2694 6166/5726/2707
f 6207/5767/2748 6185/5745/2726 6208/5768/2749
f 6208/5768/2749 6206/5766/2747 6209/5769/2750
f 6189/5749/2730 6210/5770/2751 6190/5750/2731
f 6189/5749/2730 6211/5771/2752 6210/5770/2751
f 6210/5770/2751 6212/5772/2753 6199/5759/2740
f 6211/5771/2752 6189/5749/2730 6213/5773/2754
f 6192/5752/2733 6214/5774/2755 6215/5775/2756
f 6192/5752/2733 6216/5776/2757 6193/5753/2734
f 6192/5752/2733 6215/5775/2756 6216/5776/2757
f 6193/5753/2734 6217/5777/2758 6202/5762/2743
f 6010/5570/2551 6174/5734/2715 6011/5571/2552
f 6010/5570/2551 6218/5778/2759 6197/5757/2738
f 6205/5765/2746 6185/5745/2726 6184/5744/2725
f 6206/5766/2747 6208/5768/2749 6185/5745/2726
f 6206/5766/2747 6219/5779/2760 6220/5780/2761
f 6206/5766/2747 6221/5781/2762 6209/5769/2750
f 6212/5772/2753 6210/5770/2751 6211/5771/2752
f 6199/5759/2740 6190/5750/2731 6210/5770/2751
f 6191/5751/2732 6180/5740/2721 6187/5747/2728
f 6191/5751/2732 6222/5782/2763 6214/5774/2755
f 6202/5762/2743 6223/5783/2764 6203/5763/2744
f 6197/5757/2738 6196/5756/2737 6174/5734/2715
f 6198/5758/2739 6218/5778/2759 6224/5784/2765
f 6194/5754/2735 6225/5785/2766 6222/5782/2763
f 6194/5754/2735 6187/5747/2728 6190/5750/2731
f 6222/5782/2763 6191/5751/2732 6194/5754/2735
f 6222/5782/2763 6226/5786/2767 6227/5787/2768
f 6214/5774/2755 6192/5752/2733 6191/5751/2732
f 6214/5774/2755 6222/5782/2763 6227/5787/2768
f 6216/5776/2757 6217/5777/2758 6193/5753/2734
f 6217/5777/2758 6223/5783/2764 6202/5762/2743
f 6218/5778/2759 6010/5570/2551 6007/5567/2548
f 6218/5778/2759 6198/5758/2739 6197/5757/2738
f 6007/5567/2548 6228/5788/2769 6218/5778/2759
f 6221/5781/2762 6206/5766/2747 6220/5780/2761
f 6220/5780/2761 6229/5789/2770 6230/5790/2771
f 6220/5780/2761 6230/5790/2771 6221/5781/2762
f 6225/5785/2766 6194/5754/2735 6199/5759/2740
f 6219/5779/2760 6206/5766/2747 6205/5765/2746
f 6224/5784/2765 6231/5791/2772 6198/5758/2739
f 6224/5784/2765 6228/5788/2769 6232/5792/2773
f 6231/5791/2772 6224/5784/2765 6233/5793/2774
f 6233/5793/2774 6232/5792/2773 6234/5794/2775
f 6235/5795/2776 6236/5796/2777 6237/5797/2778
f 6235/5795/2776 6238/5798/2779 6236/5796/2777
f 6238/5798/2779 6239/5799/2780 6236/5796/2777
f 6236/5796/2777 6033/5593/2574 5996/5556/2537
f 6236/5796/2777 5996/5556/2537 6237/5797/2778
f 6239/5799/2780 6034/5594/2575 6033/5593/2574
f 6239/5799/2780 6033/5593/2574 6236/5796/2777
f 6240/5800/2781 6241/5801/2782 6242/5802/2783
f 6241/5801/2782 6240/5800/2781 6243/5803/2784
f 6241/5801/2782 5996/5556/2537 6038/5598/2579
f 6242/5802/2783 6038/5598/2579 6244/5804/2785
f 6243/5803/2784 6237/5797/2778 6241/5801/2782
f 6228/5788/2769 6002/5562/2543 6245/5805/2786
f 6228/5788/2769 6246/5806/2787 6232/5792/2773
f 6228/5788/2769 6224/5784/2765 6218/5778/2759
f 6228/5788/2769 6007/5567/2548 6003/5563/2544
f 6232/5792/2773 6247/5807/2788 6234/5794/2775
f 6232/5792/2773 6246/5806/2787 6247/5807/2788
f 6232/5792/2773 6233/5793/2774 6224/5784/2765
f 6237/5797/2778 6243/5803/2784 6248/5808/2789
f 6248/5808/2789 6235/5795/2776 6237/5797/2778
f 6234/5794/2775 6249/5809/2790 6250/5810/2791
f 6234/5794/2775 6251/5811/2792 6233/5793/2774
f 6234/5794/2775 6247/5807/2788 6249/5809/2790
f 6251/5811/2792 6234/5794/2775 6250/5810/2791
f 6229/5789/2770 6252/5812/2793 6230/5790/2771
f 6229/5789/2770 6220/5780/2761 6219/5779/2760
f 6247/5807/2788 6246/5806/2787 6024/5584/2565
f 6033/5593/2574 5992/5552/2533 5991/5551/2532
f 6033/5593/2574 6031/5591/2572 5992/5552/2533
f 6033/5593/2574 5991/5551/2532 5996/5556/2537
f 5996/5556/2537 5995/5555/2536 6038/5598/2579
f 5996/5556/2537 6241/5801/2782 6237/5797/2778
f 6002/5562/2543 6228/5788/2769 6003/5563/2544
f 6002/5562/2543 6004/5564/2545 6028/5588/2569
f 6246/5806/2787 6245/5805/2786 6027/5587/2568
f 6246/5806/2787 6027/5587/2568 6024/5584/2565
f 6034/5594/2575 6039/5599/2580 6031/5591/2572
f 6038/5598/2579 6242/5802/2783 6241/5801/2782
f 6038/5598/2579 6037/5597/2578 6244/5804/2785
f 6245/5805/2786 6028/5588/2569 6027/5587/2568
f 6245/5805/2786 6002/5562/2543 6028/5588/2569
f 6245/5805/2786 6246/5806/2787 6228/5788/2769
f 6253/5813/2794 6034/5594/2575 6239/5799/2780
f 6253/5813/2794 6040/5600/2581 6034/5594/2575
f 6040/5600/2581 6254/5814/2795 6039/5599/2580
f 6255/5815/2796 6041/5601/2582 6043/5603/2584
f 6254/5814/2795 6040/5600/2581 6256/5816/2797
f 6257/5817/2798 6258/5818/2799 6259/5819/2800
f 6259/5819/2800 6258/5818/2799 6260/5820/2801
f 6261/5821/2802 6043/5603/2584 6262/5822/2803
f 6262/5822/2803 6043/5603/2584 6173/5733/2714
f 6263/5823/2804 6255/5815/2796 6043/5603/2584
f 6263/5823/2804 6043/5603/2584 6264/5824/2805
f 6264/5824/2805 6043/5603/2584 6261/5821/2802
f 6265/5825/2806 6255/5815/2796 6263/5823/2804
f 6266/5826/2807 6043/5603/2584 6267/5827/2808
f 6267/5827/2808 6043/5603/2584 6045/5605/2586
f 6132/5692/2673 6043/5603/2584 6266/5826/2807
