# Blender 4.1.0
# www.blender.org
mtllib ship.mtl
o Spaceship_FinnTheFrog
v 3.289890 0.950684 -0.136834
v 3.555587 1.103801 -0.236525
v 3.269484 1.022460 -0.136834
v 2.516345 0.808336 0.125592
v 2.536752 0.736561 0.125592
v 3.575993 1.032026 -0.236525
v 4.338043 1.326260 -0.509167
v 4.426301 1.351353 -1.022943
v 4.404237 1.345080 -1.220004
v 4.380136 1.364610 -1.199850
v 4.394867 1.378032 -1.018117
v 4.338043 1.326260 -0.509167
v 3.546218 1.136754 -0.323777
v 3.555587 1.103801 -0.236525
v 3.256992 1.066397 -0.605547
v 3.260115 1.055413 -0.193930
v 4.328674 1.359213 -0.576984
v 3.543095 1.147738 -0.876675
v 4.404237 1.345080 -0.598067
v 4.380136 1.364610 -0.643986
v 4.424643 1.273304 -1.223512
v 4.338043 1.326260 -1.236697
v 4.404237 1.345080 -1.220004
v 4.358449 1.254485 -1.240320
v 3.575993 1.032026 -1.175524
v 3.555587 1.103801 -1.171901
v 4.325551 1.370197 -1.006729
v 4.426301 1.351353 -1.022943
v 4.394867 1.378032 -1.018117
v 4.325551 1.370197 -1.006729
v 3.546218 1.136754 -1.140823
v 3.543095 1.147738 -0.876675
v 4.380136 1.364610 -1.199850
v 4.328674 1.359213 -1.212165
v 3.260115 1.055413 -1.077474
v 3.256992 1.066397 -0.605547
v 4.404237 1.345080 -1.220004
v 4.338043 1.326260 -1.236697
v 4.380136 1.364610 -1.199850
v 4.328674 1.359213 -1.212165
v 3.546218 1.136754 -1.140823
v 4.404237 1.345080 -1.220004
v 4.426301 1.351353 -1.022943
v 4.446708 1.279577 -1.025429
v 4.424643 1.273304 -1.223512
v 4.366364 1.226647 -1.011699
v 3.583908 1.004188 -0.881645
v 3.581929 1.011147 -1.146935
v 4.364385 1.233606 -1.218277
v 4.411879 1.252959 -1.205131
v 4.430579 1.252426 -1.022467
v 4.446708 1.279577 -1.025429
v 4.411879 1.252959 -1.205131
v 4.424643 1.273304 -1.223512
v 4.430579 1.252426 -1.022467
v 4.358449 1.254485 -0.509167
v 2.506976 0.841289 -1.001418
v 2.503854 0.852273 -0.436043
v 2.516345 0.808336 -1.085840
v 3.269484 1.022460 -1.148208
v 5.789209 -0.825524 -0.781043
v 5.810524 -0.725406 -1.080539
v 5.810524 -0.725406 -0.779184
v 5.789209 -0.825524 -1.083948
v 5.751338 -0.817462 -0.498167
v 4.424643 1.273304 -0.598406
v 4.364385 1.233606 -0.577662
v 4.411879 1.252960 -0.645040
v 4.366364 1.226647 -1.011699
v 4.358449 1.254485 -0.509167
v 3.581929 1.011147 -0.324454
v 3.583908 1.004188 -0.881645
v 4.430579 1.252426 -1.022467
v 3.575993 1.032026 -0.236525
v 3.555587 1.103801 -1.171901
v 4.358449 1.254485 -1.240320
v 4.364385 1.233606 -1.218277
v 3.289890 0.950684 -1.151831
v 3.575993 1.032026 -1.175524
v 4.424643 1.273304 -1.223512
v 4.364385 1.233606 -1.218277
v 4.358449 1.254485 -1.240320
v 4.411879 1.252959 -1.205131
v 3.289890 0.950684 -0.136834
v 2.542688 0.715682 0.056768
v 3.295826 0.929806 -0.194340
v 2.536752 0.736561 0.125592
v 3.297805 0.922846 -0.608913
v 2.544666 0.708723 -0.439408
v 3.295826 0.929806 -1.083319
v 4.394867 1.378032 -1.018117
v 2.503854 0.852273 -0.436043
v 2.506976 0.841289 0.057178
v 3.269484 1.022460 -0.136834
v 2.536752 0.736561 -1.089463
v 3.269484 1.022460 -1.148208
v 3.289890 0.950684 -1.151831
v 2.516345 0.808336 -1.085840
v 3.297805 0.922846 -0.608913
v 2.544666 0.708723 -0.439408
v 2.542688 0.715682 -1.007262
v 2.536752 0.736561 -1.089463
v 2.516345 0.808336 0.125592
v 4.394867 1.378032 -1.018117
v 4.446708 1.279577 -1.025429
v 4.424643 1.273304 -0.598406
v 4.411879 1.252960 -0.645040
v 4.430579 1.252426 -1.022467
v 4.424643 1.273304 -0.598406
v 4.338043 1.326260 -0.509167
v 4.358449 1.254485 -0.509167
v 4.404237 1.345080 -0.598067
v 3.803668 -0.402830 0.135008
v 4.294730 -0.507370 -0.001746
v 4.316044 -0.407252 -0.001746
v 3.824981 -0.302712 0.135008
v 5.637724 -0.793275 -0.375751
v 5.659038 -0.693157 -0.375751
v 2.510993 -0.127638 0.495000
v 5.789209 -0.825524 -1.083948
v 5.810524 -0.725406 -1.262110
v 5.810524 -0.725406 -1.080539
v 5.789209 -0.825524 -1.266453
v 5.751338 -0.817462 -1.355675
v 5.772652 -0.717344 -1.350862
v 5.782438 -0.671378 -1.256565
v 5.810524 -0.725406 -1.262110
v 5.750446 -0.677025 -1.323216
v 5.810524 -0.725406 -1.080539
v 5.772652 -0.717344 -1.350862
v 5.782438 -0.671378 -1.073918
v 5.659038 -0.693157 -0.375751
v 4.325829 -0.361287 -0.121436
v 4.316044 -0.407252 -0.001746
v 3.838028 -0.241424 -0.178281
v 3.834767 -0.256746 0.056686
v 3.824981 -0.302712 0.135008
v 5.668823 -0.647191 -0.468781
v 4.329091 -0.345965 -0.480505
v 5.772652 -0.717344 -0.497702
v 5.750446 -0.677025 -0.560693
v 5.659038 -0.693157 -1.373762
v 5.751338 -0.817462 -1.355675
v 5.637724 -0.793275 -1.378732
v 5.772652 -0.717344 -1.350862
v 4.316044 -0.407252 -1.284876
v 5.668823 -0.647191 -1.340110
v 4.316044 -0.407252 -1.284876
v 4.325829 -0.361287 -1.242244
v 5.750446 -0.677025 -1.323216
v 5.659038 -0.693157 -1.373762
v 5.772652 -0.717344 -1.350862
v 3.838028 -0.241424 -0.870428
v 2.542093 0.018446 -1.051011
v 2.545355 0.033768 -0.709764
v 4.329091 -0.345965 -0.879891
v 4.329091 -0.345965 -1.120526
v 3.824981 -0.302712 -1.252375
v 2.532308 -0.027520 -1.166819
v 3.834767 -0.256746 -1.155344
v 3.838028 -0.241424 -0.507963
v 4.325829 -0.361287 -1.242244
v 4.316044 -0.407252 -1.284876
v 5.629457 -0.832106 -1.065115
v 4.286463 -0.546202 -1.129213
v 5.629457 -0.832106 -1.254019
v 4.286463 -0.546202 -0.886709
v 3.795400 -0.441661 -0.877647
v 3.797467 -0.431954 -1.163361
v 4.288529 -0.536494 -1.250628
v 5.631524 -0.822399 -1.348494
v 5.717290 -0.832764 -1.330460
v 5.745138 -0.846586 -1.264167
v 5.789209 -0.825524 -1.083948
v 5.745139 -0.846586 -1.079885
v 5.751338 -0.817462 -1.355675
v 5.789209 -0.825524 -1.266453
v 5.631524 -0.822399 -1.348494
v 5.637724 -0.793275 -1.378732
v 5.745139 -0.846586 -1.079885
v 2.545355 0.033768 -0.275440
v 5.751338 -0.817462 -0.498167
v 5.631524 -0.822399 -0.469710
v 5.717290 -0.832764 -0.562139
v 4.288530 -0.536494 -0.122365
v 4.286463 -0.546202 -0.484223
v 5.629457 -0.832106 -0.751588
v 5.637724 -0.793275 -0.375751
v 4.294730 -0.507370 -0.001746
v 4.294730 -0.507371 -1.289846
v 3.803667 -0.402830 -1.257345
v 3.803668 -0.402830 0.135008
v 2.510993 -0.127638 0.495000
v 2.504794 -0.156761 0.400588
v 3.797467 -0.431953 0.056124
v 2.502727 -0.166469 0.117351
v 3.795400 -0.441661 -0.180531
v 2.502727 -0.166469 -0.280057
v 3.795400 -0.441661 -0.512579
v 5.672085 -0.631869 -0.747871
v 5.782438 -0.671378 -0.770778
v 4.329091 -0.345965 -0.879891
v 5.672085 -0.631870 -1.058296
v 3.838028 -0.241424 -0.507963
v 5.782438 -0.671378 -1.073918
v 2.545355 0.033768 -0.275440
v 2.545355 0.033768 0.119601
v 2.542093 0.018446 0.401150
v 3.795400 -0.441661 -0.512579
v 2.502727 -0.166469 -0.280057
v 2.502727 -0.166469 -0.716983
v 2.504794 -0.156761 -1.059028
v 3.803667 -0.402830 -1.257345
v 2.532308 -0.027520 -1.166819
v 3.824981 -0.302712 -1.252375
v 2.510993 -0.127638 -1.171789
v 5.672085 -0.631870 -1.245332
v 5.668823 -0.647191 -1.340110
v 2.510993 -0.127638 -1.171789
v 4.294730 -0.507371 -1.289846
v 2.532308 -0.027519 0.495000
v 5.745138 -0.846585 -0.774031
v 4.286463 -0.546202 -0.886709
v 5.629457 -0.832106 -1.065115
v 5.782438 -0.671378 -1.073918
v 5.782438 -0.671378 -1.256565
v 5.750446 -0.677025 -1.323216
v 5.672085 -0.631870 -1.058296
v 5.789209 -0.825524 -0.781043
v 5.745139 -0.846586 -1.079885
v 5.789209 -0.825524 -1.083948
v 5.745139 -0.846586 -1.079885
v 5.772652 -0.717344 -0.497702
v 5.659038 -0.693157 -0.375751
v 5.637724 -0.793275 -0.375751
v 5.772652 -0.717344 -0.497702
v 5.751338 -0.817462 -0.498167
v 5.782438 -0.671378 -1.073918
v 5.782438 -0.671378 -0.770778
v 5.810524 -0.725406 -0.779184
v 5.810524 -0.725406 -1.080539
v 5.772652 -0.717344 -0.497702
v 5.750446 -0.677025 -0.560693
v 2.532308 -0.027519 0.495000
v -3.937769 1.112316 -0.439606
v -3.681609 1.031965 -0.612578
v -3.679631 1.038925 -0.356071
v -3.931834 1.133194 -0.360516
v -4.207666 1.211616 -0.456628
v -4.213602 1.190737 -0.528867
v -3.583908 1.004188 -0.881645
v -3.583908 1.004188 -0.588241
v -3.939748 1.105356 -0.676878
v -3.681609 1.031965 -0.897884
v -3.581929 1.011147 -0.324454
v -3.939748 1.105356 -0.940790
v -4.215581 1.183778 -0.745586
v -4.364385 1.233606 -0.577662
v -4.366364 1.226647 -0.783145
v -4.215580 1.183778 -0.986637
v -4.426301 1.351353 -1.022943
v -4.426301 1.351353 -1.155305
v -4.437649 1.311440 -1.024337
v -4.437648 1.311440 -1.157080
v -4.446708 1.279577 -1.025429
v -4.415585 1.305167 -1.221971
v -4.446708 1.279577 -1.158471
v -4.404237 1.345080 -1.220004
v -4.426301 1.351353 -1.022943
v -4.394867 1.378032 -1.151263
v -4.426301 1.351353 -1.155305
v -4.394867 1.378032 -1.018117
v -4.380136 1.364610 -1.199850
v -4.404237 1.345080 -1.220004
v -4.187260 1.283391 -0.456628
v -3.922775 1.165057 -0.360516
v -3.911427 1.204970 -0.360516
v -4.338043 1.326260 -0.509167
v -4.198607 1.243479 -0.456628
v -4.349391 1.286348 -0.509167
v -4.358449 1.254485 -0.509167
v -4.207666 1.211616 -0.456628
v -4.338043 1.326260 -0.509167
v -4.177891 1.316344 -0.528190
v -4.328674 1.359213 -0.576984
v -4.187260 1.283391 -0.456628
v -3.902058 1.237923 -0.438929
v -3.898936 1.248907 -0.674168
v -4.174768 1.327328 -0.742876
v -4.404237 1.345080 -0.598067
v -4.325551 1.370197 -0.780435
v -4.380136 1.364610 -0.643986
v -4.415585 1.305167 -0.598257
v -4.349391 1.286348 -0.509167
v -4.338043 1.326260 -0.509167
v -4.424643 1.273304 -0.598406
v -4.358449 1.254485 -0.509167
v -4.404237 1.345080 -0.598067
v -4.198607 1.243479 -1.226242
v -4.349391 1.286348 -1.238729
v -4.338043 1.326260 -1.236697
v -4.404237 1.345080 -1.220004
v -4.424643 1.273304 -1.223512
v -4.415585 1.305167 -1.221971
v -4.358449 1.254485 -1.240320
v -4.187260 1.283391 -1.224211
v -3.922775 1.165057 -1.203400
v -4.380136 1.364610 -1.199850
v -4.338043 1.326260 -1.236697
v -4.404237 1.345080 -1.220004
v -4.328674 1.359213 -1.212165
v -4.328674 1.359213 -1.212165
v -4.177891 1.316344 -1.198417
v -4.338043 1.326260 -1.236697
v -4.187260 1.283391 -1.224211
v -3.902059 1.237922 -1.173268
v -3.911427 1.204969 -1.201369
v -3.256992 1.066397 -0.605547
v -3.155961 1.037673 -0.854066
v -3.256992 1.066397 -0.869777
v -3.297458 1.077902 -0.640625
v -2.878035 0.946784 -1.038890
v -3.159084 1.026688 -1.067272
v -3.155961 1.037673 -0.582809
v -3.260115 1.055413 -1.077474
v -2.874912 0.957768 -0.519555
v -2.874912 0.957768 -0.810360
v -2.887403 0.913831 -1.116568
v -3.168453 0.993736 -1.139842
v -3.269484 1.022460 -1.148208
v -3.300581 1.066917 -1.085889
v -3.297458 1.077902 -0.893384
v -3.396813 1.106149 -0.740898
v -3.396813 1.106149 -0.960776
v -4.366364 1.226647 -1.011699
v -4.215580 1.183777 -1.131874
v -4.215580 1.183778 -0.986637
v -4.366364 1.226646 -1.149407
v -4.213602 1.190737 -1.204529
v -3.937769 1.112316 -1.179379
v -3.939748 1.105356 -1.099802
v -3.939748 1.105356 -0.940790
v -4.430579 1.252426 -1.022467
v -4.430579 1.252426 -1.156804
v -4.411879 1.252959 -1.205131
v -4.364385 1.233606 -1.218277
v -3.640797 1.175516 -0.609868
v -3.543095 1.147738 -0.876675
v -3.640797 1.175516 -0.892914
v -3.643919 1.164532 -0.355394
v -3.898936 1.248907 -0.935820
v -4.174768 1.327328 -0.981667
v -3.911427 1.204970 -0.360516
v -3.543095 1.147738 -0.585531
v -3.898936 1.248907 -1.093469
v -3.643919 1.164531 -1.149731
v -3.902059 1.237922 -1.173268
v -3.640797 1.175516 -1.063454
v -3.898936 1.248907 -0.935820
v -3.640797 1.175516 -0.892914
v -3.546218 1.136754 -1.140823
v -4.174768 1.327328 -1.125542
v -4.177891 1.316344 -1.198417
v -4.325551 1.370197 -1.006729
v -4.174768 1.327328 -0.981667
v -3.543095 1.147738 -1.052093
v -3.543095 1.147738 -0.876675
v -3.295826 0.929806 -0.194340
v -3.330356 0.962189 -0.150934
v -3.336293 0.941311 -0.212194
v -3.196774 0.894122 -0.337726
v -3.194795 0.901082 -0.160654
v -3.289890 0.950684 -0.136834
v -2.915724 0.814218 -0.256692
v -2.913746 0.821177 -0.066949
v -3.188859 0.921960 -0.101631
v -2.907810 0.842056 -0.003701
v -3.289890 0.950684 -0.136834
v -3.179801 0.953824 -0.101631
v -3.280831 0.982547 -0.136834
v -3.188859 0.921960 -0.101631
v -3.309950 1.033965 -0.150934
v -3.321297 0.994052 -0.150934
v -3.330356 0.962189 -0.150934
v -2.898751 0.873919 -0.003701
v -3.429711 0.990437 -0.185554
v -3.429711 0.990437 -0.185554
v -3.338271 0.934351 -0.395971
v -3.297805 0.922846 -0.366856
v -4.446708 1.279577 -1.025429
v -4.430579 1.252426 -1.156804
v -4.430579 1.252426 -1.022467
v -4.446708 1.279577 -1.158471
v -4.411879 1.252959 -1.205131
v -4.424643 1.273304 -1.223512
v -4.424643 1.273304 -1.223512
v -4.424643 1.273304 -0.598406
v -4.411879 1.252960 -0.645040
v -4.358449 1.254485 -0.509167
v -4.213602 1.190737 -1.204529
v -4.364385 1.233606 -1.218277
v -4.358449 1.254485 -1.240320
v -4.424643 1.273304 -1.223512
v -4.207666 1.211616 -1.227834
v -3.937769 1.112316 -1.179379
v -4.411879 1.252959 -1.205131
v -4.207666 1.211616 -1.227834
v -3.931834 1.133194 -1.204991
v -3.681609 1.031965 -1.069786
v -3.681609 1.031965 -0.897884
v -3.581929 1.011147 -1.146935
v -3.583908 1.004188 -1.058426
v -3.679631 1.038924 -1.155843
v -3.583908 1.004188 -0.881645
v -2.915724 0.814218 -0.522920
v -3.297805 0.922846 -0.608913
v -3.196774 0.894122 -0.586174
v -3.437625 0.962599 -0.476960
v -3.338271 0.934351 -0.644191
v -3.435647 0.969558 -0.258405
v -3.679631 1.038924 -1.155843
v -3.931834 1.133194 -1.204991
v -3.673695 1.059803 -1.183614
v -3.581929 1.011147 -1.146935
v -3.664636 1.091666 -1.182023
v -3.911427 1.204969 -1.201369
v -3.673695 1.059803 -1.183614
v -3.575993 1.032026 -1.175524
v -4.325551 1.370197 -1.006729
v -4.394867 1.378033 -0.797134
v -4.394867 1.378032 -1.018117
v -3.260115 1.055413 -0.193930
v -3.309950 1.033965 -0.150934
v -3.269484 1.022460 -0.136834
v -3.155961 1.037673 -0.336086
v -3.256992 1.066397 -0.365216
v -3.300581 1.066917 -0.211750
v -3.159084 1.026689 -0.160244
v -3.155961 1.037673 -0.582809
v -2.874912 0.957768 -0.519555
v -3.256992 1.066397 -0.605547
v -2.874912 0.957768 -0.255052
v -2.878035 0.946784 -0.066539
v -3.297458 1.077902 -0.394197
v -3.297458 1.077902 -0.640625
v -3.396813 1.106149 -0.474785
v -3.399936 1.095165 -0.257862
v -3.673695 1.059803 -0.270569
v -3.664636 1.091666 -0.270569
v -3.931834 1.133194 -0.360516
v -3.653289 1.131579 -0.270569
v -3.575993 1.032026 -0.236525
v -3.566934 1.063889 -0.236525
v -3.653289 1.131579 -0.270569
v -3.546218 1.136754 -0.323777
v -3.297805 0.922846 -0.608913
v -3.196774 0.894122 -0.859328
v -3.196774 0.894122 -0.586174
v -2.913746 0.821177 -1.044734
v -2.915724 0.814218 -0.815622
v -3.297805 0.922846 -0.875040
v -2.915724 0.814218 -0.522920
v -3.338271 0.934351 -0.644191
v -3.295826 0.929806 -1.083319
v -3.194795 0.901082 -1.073116
v -3.338271 0.934351 -0.898780
v -3.437625 0.962599 -0.745066
v -3.437625 0.962598 -0.966573
v -3.336293 0.941311 -1.091767
v -3.188859 0.921960 -1.143465
v -3.289890 0.950684 -1.151831
v -2.907810 0.842056 -1.120191
v -3.530681 1.019143 -0.220736
v -3.575993 1.032026 -0.236525
v -3.536617 0.998265 -0.305113
v -3.538595 0.991305 -0.558243
v -3.673695 1.059803 -0.270569
v -3.510275 1.090919 -0.220736
v -3.555587 1.103801 -0.236525
v -3.530681 1.019143 -0.220736
v -3.521622 1.051006 -0.220736
v -3.420652 1.022300 -0.185554
v -3.179800 0.953823 -1.141873
v -3.280831 0.982547 -1.150240
v -3.269484 1.022460 -1.148208
v -2.887403 0.913831 -1.116568
v -2.898751 0.873919 -1.118599
v -3.289890 0.950684 -1.151831
v -3.330356 0.962189 -1.155182
v -3.321297 0.994052 -1.153591
v -3.309950 1.033964 -1.151559
v -3.168453 0.993736 -1.139842
v -3.420652 1.022299 -1.161819
v -3.409304 1.062212 -1.159787
v -3.309950 1.033964 -1.151559
v -3.399936 1.095165 -1.108908
v -3.168453 0.993736 -0.101631
v -3.269484 1.022460 -0.136834
v -2.887403 0.913831 -0.003701
v -3.168453 0.993736 -0.101631
v -3.409304 1.062212 -0.185554
v -4.325551 1.370197 -1.143074
v -4.328674 1.359213 -1.212165
v -4.380136 1.364610 -1.199850
v -4.394867 1.378032 -1.151263
v -4.394867 1.378032 -1.018117
v -3.653289 1.131579 -1.179992
v -3.566934 1.063889 -1.173932
v -3.653289 1.131579 -1.179992
v -3.643919 1.164531 -1.149731
v -3.546218 1.136754 -1.140823
v -3.555587 1.103801 -1.171901
v -4.424643 1.273304 -0.598406
v -4.446708 1.279577 -0.804617
v -4.411879 1.252960 -0.645040
v -4.446708 1.279577 -1.025429
v -4.430579 1.252426 -1.022467
v -4.430579 1.252426 -0.799505
v -4.415585 1.305167 -0.598257
v -4.446708 1.279577 -0.804617
v -4.424643 1.273304 -0.598406
v -4.437648 1.311440 -0.804022
v -4.437649 1.311440 -1.024337
v -4.446708 1.279577 -1.025429
v -4.404237 1.345080 -0.598067
v -4.426301 1.351353 -0.803262
v -4.426301 1.351353 -1.022943
v -4.366364 1.226647 -1.011699
v -4.430579 1.252426 -0.799505
v -4.430579 1.252426 -1.022467
v -4.426301 1.351353 -0.803262
v -4.394867 1.378032 -1.018117
v -4.426301 1.351353 -1.022943
v -4.394867 1.378033 -0.797134
v -3.500906 1.123871 -1.132047
v -3.409304 1.062212 -1.159787
v -3.497783 1.134856 -1.028247
v -3.510275 1.090918 -1.168149
v -3.429711 0.990437 -1.163410
v -3.521622 1.051006 -1.170180
v -3.510275 1.090918 -1.168149
v -3.530681 1.019143 -1.171771
v -3.555587 1.103801 -1.171901
v -3.435647 0.969558 -1.114886
v -3.538595 0.991305 -1.034446
v -3.536617 0.998265 -1.138125
v -3.330356 0.962189 -1.155182
v -3.429711 0.990437 -1.163410
v -3.530681 1.019143 -1.171771
v -3.575993 1.032026 -1.175524
v -3.409304 1.062212 -0.185554
v -3.510275 1.090919 -0.220736
v -3.500906 1.123871 -0.304469
v -3.555587 1.103801 -0.236525
v -3.497783 1.134856 -0.555667
v -3.497783 1.134856 -0.841278
v -3.500906 1.123871 -1.132047
v -3.437625 0.962599 -0.745066
v -3.538595 0.991305 -0.846048
v -3.497783 1.134856 -0.841278
v -3.396813 1.106149 -0.740898
v -3.538595 0.991305 -0.846048
v -3.188859 0.921960 -1.143465
v -2.907810 0.842056 -1.120191
v -3.500906 1.123871 -1.132047
v -3.510275 1.090918 -1.168149
v -2.536752 0.736561 -1.089463
v -2.542688 0.715682 -1.007262
v -2.516345 0.808336 -1.085840
v -2.527693 0.768423 -1.087872
v -2.536752 0.736561 -1.089463
v -2.536752 0.736561 0.125592
v -2.527693 0.768424 0.125592
v -2.907810 0.842056 -0.003701
v -2.516345 0.808336 0.125592
v -2.506976 0.841289 0.057178
v -2.887403 0.913831 -0.003701
v -2.503854 0.852273 -0.148066
v -2.516345 0.808336 0.125592
v -2.516345 0.808336 -1.085840
v -2.506976 0.841289 -1.001418
v -2.544666 0.708723 -0.757919
v -2.544666 0.708723 -0.439408
v -2.503854 0.852273 -0.436043
v -2.544666 0.708723 -0.149706
v -2.542688 0.715682 0.056768
v -2.544666 0.708723 -0.439408
v -2.536752 0.736561 0.125592
v -2.503854 0.852273 -0.752656
v -2.503854 0.852273 -0.436043
v -4.899288 -0.666516 -0.280328
v -4.454157 -0.581901 -0.517608
v -4.456223 -0.572193 -0.165736
v -4.905488 -0.637392 -0.171833
v -5.378922 -0.738180 -0.303678
v -5.372722 -0.767303 -0.402775
v -4.897222 -0.676224 -0.605814
v -4.454157 -0.581901 -0.908986
v -4.286463 -0.546202 -0.886709
v -4.286463 -0.546202 -0.484223
v -4.288529 -0.536494 -0.122365
v -5.370655 -0.777011 -0.700066
v -4.897222 -0.676224 -0.967843
v -5.629457 -0.832106 -0.751588
v -5.370655 -0.777011 -1.030735
v -5.631524 -0.822399 -0.469710
v -5.810524 -0.725406 -1.080539
v -5.810524 -0.725406 -1.262110
v -5.798672 -0.781079 -1.082451
v -5.772652 -0.717344 -1.350862
v -5.760800 -0.773017 -1.353562
v -5.798672 -0.781079 -1.264546
v -5.789209 -0.825524 -1.083948
v -5.751338 -0.817462 -1.355675
v -5.789209 -0.825524 -1.266453
v -5.810524 -0.725406 -1.080539
v -5.782438 -0.671378 -1.256565
v -5.810524 -0.725406 -1.262110
v -5.782438 -0.671378 -1.073918
v -5.750446 -0.677025 -1.323216
v -5.772652 -0.717344 -1.350862
v -5.647186 -0.748830 -0.375751
v -5.388383 -0.693735 -0.303678
v -5.659038 -0.693157 -0.375751
v -4.905488 -0.637392 -0.171833
v -4.914950 -0.592947 -0.171833
v -5.637724 -0.793275 -0.375751
v -5.378922 -0.738180 -0.303678
v -5.400236 -0.638062 -0.303678
v -4.926802 -0.537274 -0.171833
v -5.659038 -0.693157 -0.375751
v -5.400236 -0.638062 -0.303678
v -5.410021 -0.592096 -0.401846
v -5.668823 -0.647191 -0.468781
v -4.936587 -0.491308 -0.279399
v -4.939849 -0.475987 -0.602096
v -5.413283 -0.576774 -0.696348
v -5.672085 -0.631869 -0.747871
v -5.750446 -0.677025 -0.560693
v -5.772652 -0.717344 -0.497702
v -5.772652 -0.717344 -0.497702
v -5.647186 -0.748830 -0.375751
v -5.659038 -0.693157 -0.375751
v -5.760800 -0.773017 -0.497963
v -5.637724 -0.793275 -0.375751
v -5.647186 -0.748830 -1.376549
v -5.751338 -0.817462 -1.355675
v -5.760800 -0.773017 -1.353562
v -5.400236 -0.638062 -1.356633
v -5.388383 -0.693735 -1.359421
v -5.772652 -0.717344 -1.350862
v -5.659038 -0.693157 -1.373762
v -5.637724 -0.793275 -1.378732
v -4.914950 -0.592947 -1.328086
v -4.905488 -0.637393 -1.330269
v -4.926802 -0.537274 -1.325299
v -5.659038 -0.693157 -1.373762
v -5.772652 -0.717344 -1.350862
v -5.750446 -0.677025 -1.323216
v -5.668823 -0.647191 -1.340110
v -5.668823 -0.647191 -1.340110
v -5.400236 -0.638062 -1.356633
v -5.659038 -0.693157 -1.373762
v -5.410021 -0.592096 -1.321251
v -3.838028 -0.241424 -0.507963
v -3.664620 -0.204508 -0.848876
v -3.838028 -0.241424 -0.870428
v -3.907484 -0.256211 -0.556082
v -3.661358 -0.219830 -1.141348
v -3.178971 -0.117137 -1.102414
v -3.664620 -0.204508 -0.476771
v -3.834767 -0.256746 -1.155344
v -3.182232 -0.101815 -0.788921
v -3.182232 -0.101815 -0.390000
v -3.824981 -0.302712 -1.252375
v -3.907484 -0.256211 -0.902812
v -3.904222 -0.271532 -1.166887
v -4.078015 -0.292514 -0.995258
v -4.078015 -0.292514 -0.693635
v -3.894437 -0.317498 -1.256972
v -5.629457 -0.832106 -1.065115
v -5.370655 -0.777011 -1.229968
v -5.370655 -0.777011 -1.030735
v -5.629457 -0.832106 -1.254019
v -4.899288 -0.666516 -1.295135
v -4.897222 -0.676224 -1.185972
v -5.372722 -0.767303 -1.329635
v -4.897222 -0.676224 -0.967843
v -5.745139 -0.846586 -1.079885
v -5.745138 -0.846586 -1.264167
v -5.717290 -0.832764 -1.330460
v -5.631524 -0.822399 -1.348494
v -5.751338 -0.817462 -1.355675
v -5.789209 -0.825524 -1.083948
v -5.789209 -0.825524 -1.266453
v -5.637724 -0.793275 -1.378732
v -5.631524 -0.822399 -1.348494
v -4.496784 -0.381664 -0.513890
v -4.496784 -0.381664 -0.902167
v -4.329091 -0.345965 -0.879891
v -4.493523 -0.396986 -0.164807
v -4.939849 -0.475987 -0.961025
v -5.413283 -0.576774 -1.023916
v -4.926802 -0.537274 -0.171833
v -4.329091 -0.345965 -0.480505
v -4.939849 -0.475987 -1.177284
v -4.496784 -0.381664 -1.136110
v -4.493523 -0.396986 -1.254464
v -4.936588 -0.491309 -1.286751
v -4.939849 -0.475987 -0.961025
v -4.496784 -0.381664 -0.902167
v -4.325829 -0.361287 -1.242244
v -5.413283 -0.576774 -1.221281
v -5.410021 -0.592096 -1.321251
v -5.672085 -0.631870 -1.058296
v -5.413283 -0.576774 -1.023916
v -4.329091 -0.345965 -1.120526
v -4.329091 -0.345965 -0.879891
v -3.797467 -0.431953 0.056124
v -3.873123 -0.417616 0.115666
v -3.866923 -0.446740 0.031632
v -3.624059 -0.395037 0.102332
v -3.803667 -0.402830 0.135008
v -3.621993 -0.404745 -0.140571
v -3.139605 -0.302051 -0.029410
v -3.141671 -0.292344 0.230876
v -3.630259 -0.365914 0.183300
v -3.147871 -0.263220 0.317638
v -3.813129 -0.358385 0.135008
v -3.651573 -0.265795 0.183300
v -3.824981 -0.302712 0.135008
v -3.873123 -0.417616 0.115666
v -3.803667 -0.402830 0.135008
v -3.630259 -0.365914 0.183300
v -3.639721 -0.321469 0.183300
v -3.147871 -0.263220 0.317638
v -3.169185 -0.163102 0.317638
v -3.157333 -0.218775 0.317638
v -3.882584 -0.373171 0.115666
v -3.894437 -0.317498 0.115666
v -4.053115 -0.409475 0.068176
v -4.043653 -0.453920 0.068176
v -4.043653 -0.453920 0.068176
v -3.864856 -0.456447 -0.220470
v -3.795401 -0.441661 -0.180531
v -5.745139 -0.846586 -1.079885
v -5.751338 -0.817462 -0.498167
v -5.717290 -0.832764 -0.562139
v -5.637724 -0.793275 -0.375751
v -5.751338 -0.817462 -0.498167
v -5.789209 -0.825524 -0.781043
v -5.745138 -0.846585 -0.774031
v -5.378922 -0.738180 -1.361603
v -5.372722 -0.767303 -1.329635
v -4.905488 -0.637393 -1.330269
v -4.899288 -0.666516 -1.295135
v -5.378922 -0.738180 -1.361603
v -4.454157 -0.581901 -1.144797
v -4.454157 -0.581901 -0.908986
v -4.288529 -0.536494 -1.250628
v -4.286463 -0.546202 -1.129213
v -4.456223 -0.572194 -1.262848
v -4.286463 -0.546202 -0.886709
v -3.139605 -0.302051 -0.394617
v -3.795401 -0.441661 -0.512579
v -3.621993 -0.404745 -0.481387
v -4.035387 -0.492751 -0.331569
v -3.864856 -0.456447 -0.560974
v -4.037454 -0.483043 -0.031761
v -4.462423 -0.543070 -1.300945
v -4.456223 -0.572194 -1.262848
v -4.294730 -0.507371 -1.289846
v -4.288529 -0.536494 -1.250628
v -4.483737 -0.442952 -1.295975
v -4.471885 -0.498625 -1.298762
v -4.316044 -0.407252 -1.284876
v -4.304192 -0.462925 -1.287663
v -4.462423 -0.543070 -1.300945
v -4.294730 -0.507371 -1.289846
v -5.782438 -0.671378 -0.770778
v -5.672085 -0.631870 -1.058296
v -5.782438 -0.671378 -1.073918
v -3.834767 -0.256746 0.056686
v -3.664620 -0.204508 -0.138321
v -3.838028 -0.241424 -0.178281
v -3.894437 -0.317498 0.115666
v -3.824981 -0.302712 0.135008
v -3.904222 -0.271532 0.032240
v -3.661358 -0.219830 0.102895
v -3.664620 -0.204508 -0.476771
v -3.182232 -0.101815 -0.390000
v -3.838028 -0.241424 -0.507963
v -3.182232 -0.101815 -0.027161
v -3.178971 -0.117136 0.231439
v -3.907484 -0.256211 -0.218037
v -3.907484 -0.256211 -0.556082
v -4.074753 -0.307836 -0.031015
v -4.078015 -0.292514 -0.328586
v -4.462423 -0.543070 -0.048446
v -4.471885 -0.498625 -0.048446
v -4.316044 -0.407252 -0.001746
v -4.483737 -0.442952 -0.048446
v -4.483737 -0.442952 -0.048446
v -4.325829 -0.361287 -0.121436
v -3.795401 -0.441661 -0.512579
v -3.621993 -0.404745 -0.856095
v -3.621993 -0.404745 -0.481387
v -3.795401 -0.441661 -0.877647
v -3.624059 -0.395037 -1.149365
v -3.141671 -0.292344 -1.110431
v -3.139605 -0.302051 -0.796140
v -3.139605 -0.302051 -0.394617
v -3.797467 -0.431954 -1.163361
v -3.864856 -0.456447 -0.560974
v -3.864856 -0.456447 -0.910214
v -4.035387 -0.492751 -1.003211
v -3.866923 -0.446740 -1.174950
v -4.035387 -0.492751 -0.699353
v -3.630259 -0.365914 -1.245868
v -3.803668 -0.402830 -1.257345
v -3.147871 -0.263220 -1.213941
v -4.216957 -0.490814 0.019913
v -4.294730 -0.507370 -0.001746
v -4.210757 -0.519937 -0.095833
v -4.208690 -0.529645 -0.443072
v -4.462423 -0.543070 -0.048446
v -4.304192 -0.462925 -0.001746
v -4.238271 -0.390695 0.019913
v -4.294730 -0.507370 -0.001746
v -4.216957 -0.490814 0.019913
v -4.226418 -0.446368 0.019913
v -3.813129 -0.358385 -1.255162
v -3.651573 -0.265796 -1.240898
v -3.639721 -0.321469 -1.243685
v -3.630259 -0.365914 -1.245868
v -3.803668 -0.402830 -1.257345
v -3.824981 -0.302712 -1.252375
v -3.157333 -0.218775 -1.211758
v -3.147871 -0.263220 -1.213941
v -3.169185 -0.163102 -1.208971
v -3.882584 -0.373171 -1.259759
v -3.894437 -0.317498 -1.256972
v -4.053115 -0.409475 -1.271045
v -4.064967 -0.353802 -1.268259
v -3.651573 -0.265796 -1.240898
v -4.074753 -0.307836 -1.198464
v -3.169185 -0.163102 -1.208971
v -3.651573 -0.265795 0.183300
v -4.064967 -0.353801 0.068176
v -5.672085 -0.631870 -1.245332
v -5.668823 -0.647191 -1.340110
v -5.750446 -0.677025 -1.323216
v -5.782438 -0.671378 -1.256565
v -5.782438 -0.671378 -1.073918
v -5.410021 -0.592096 -1.321251
v -4.936588 -0.491309 -1.286751
v -4.926802 -0.537274 -1.325299
v -4.493523 -0.396986 -1.254464
v -5.400236 -0.638062 -1.356633
v -4.483737 -0.442952 -1.295975
v -4.325829 -0.361287 -1.242244
v -4.316044 -0.407252 -1.284876
v -5.789209 -0.825524 -1.083948
v -5.745139 -0.846586 -1.079885
v -5.629457 -0.832106 -1.065115
v -5.751338 -0.817462 -0.498167
v -5.798672 -0.781079 -0.780226
v -5.789209 -0.825524 -0.781043
v -5.760800 -0.773017 -0.497963
v -5.798672 -0.781079 -1.082451
v -5.810524 -0.725406 -1.080539
v -5.789209 -0.825524 -1.083948
v -5.810524 -0.725406 -0.779184
v -5.745139 -0.846586 -1.079885
v -5.772652 -0.717344 -0.497702
v -5.810524 -0.725406 -0.779184
v -5.772652 -0.717344 -0.497702
v -5.750446 -0.677025 -0.560693
v -5.782438 -0.671378 -0.770778
v -5.782438 -0.671378 -1.073918
v -5.810524 -0.725406 -1.080539
v -4.238270 -0.390695 -1.279729
v -4.248056 -0.344730 -1.230206
v -4.251318 -0.329408 -1.087815
v -4.064967 -0.353802 -1.268259
v -4.043653 -0.453920 -1.273228
v -4.238270 -0.390695 -1.279729
v -4.216956 -0.490814 -1.284698
v -4.226418 -0.446369 -1.282516
v -3.873123 -0.417616 -1.261942
v -4.037454 -0.483043 -1.206664
v -4.208690 -0.529645 -1.096318
v -4.210757 -0.519937 -1.238543
v -3.873123 -0.417616 -1.261942
v -4.043653 -0.453920 -1.273228
v -4.216956 -0.490814 -1.284698
v -4.064967 -0.353801 0.068176
v -4.238271 -0.390695 0.019913
v -4.248056 -0.344730 -0.094950
v -4.316044 -0.407252 -0.001746
v -4.251318 -0.329408 -0.439539
v -4.251318 -0.329408 -0.831333
v -4.248056 -0.344730 -1.230206
v -4.035387 -0.492751 -0.699353
v -4.208690 -0.529645 -0.837877
v -4.078015 -0.292514 -0.693635
v -4.251318 -0.329408 -0.831333
v -4.208690 -0.529645 -0.837877
v -2.510993 -0.127638 -1.171789
v -2.504794 -0.156761 -1.059028
v -2.532308 -0.027520 -1.166819
v -2.520456 -0.083193 -1.169606
v -2.510993 -0.127638 -1.171789
v -2.520456 -0.083193 0.495000
v -2.510993 -0.127638 0.495000
v -2.532308 -0.027519 0.495000
v -2.542093 0.018446 0.401150
v -3.169185 -0.163102 0.317638
v -2.545355 0.033768 0.119601
v -2.532308 -0.027519 0.495000
v -2.542093 0.018446 -1.051011
v -2.532308 -0.027520 -1.166819
v -2.502727 -0.166469 -0.716983
v -2.502727 -0.166469 -0.280057
v -2.545355 0.033768 -0.275440
v -2.502727 -0.166469 0.117351
v -2.504794 -0.156761 0.400588
v -2.502727 -0.166469 -0.280057
v -2.510993 -0.127638 0.495000
v -2.545355 0.033768 -0.709764
v -2.545355 0.033768 -0.275440
v 4.424643 1.273304 -0.598406
v 4.426301 1.351353 -1.022943
v 4.404237 1.345080 -0.598067
v 4.446708 1.279577 -1.025429
v 0.828274 1.156306 1.128965
v 0.809567 0.913587 1.340095
v 0.828274 0.869429 1.272523
v 0.809567 -0.117175 1.687982
v 0.828274 -0.121751 1.603639
v 0.809567 1.221029 1.186246
v 0.828274 1.322757 0.973713
v 0.809567 1.399413 1.019863
v -0.828274 -0.121751 1.603639
v -0.809567 0.913587 1.340095
v -0.828274 0.869429 1.272523
v -0.828274 1.156306 1.128965
v -0.809567 -0.117175 1.687982
v -0.828274 0.757541 -0.675036
v -0.809567 -0.257632 -0.900809
v -0.828274 -0.252813 -0.811980
v -0.809567 0.793677 -0.747082
v -0.828274 1.183290 -0.546841
v -0.809567 1.249948 -0.609697
v -0.809567 1.221029 1.186246
v -0.828274 1.322757 0.973713
v 0.809567 -0.257632 -0.900809
v 0.828274 0.757541 -0.675036
v 0.828274 -0.252813 -0.811980
v 0.809567 0.793677 -0.747082
v 0.809567 1.249948 -0.609697
v 0.828274 1.183290 -0.546841
v -0.828274 1.388366 -0.103918
v -0.828274 1.390318 0.065093
v -0.809567 1.471861 0.056534
v -0.809567 1.469725 -0.135021
v -0.809567 1.431712 -0.424596
v -0.828274 1.352895 -0.374122
v 0.809567 1.480174 0.757520
v 0.828274 1.398116 0.728918
v -0.809567 1.480174 0.757520
v -0.828274 1.398115 0.728918
v -0.809567 1.399413 1.019863
v 0.828274 1.352895 -0.374122
v 0.809567 1.431712 -0.424596
v 0.809567 1.469725 -0.135021
v 0.828274 1.388366 -0.103918
v 0.809567 1.471861 0.056534
v 0.828274 1.390318 0.065093
v -0.672264 1.395250 0.509187
v -0.657081 1.472650 0.126343
v -0.672264 1.391108 0.134901
v -0.657081 1.477117 0.515968
v -0.809567 1.477966 0.585781
v -0.828274 1.396104 0.579000
v 0.657081 1.472650 0.126343
v -0.657081 1.472650 0.126343
v 0.657081 1.477117 0.515968
v -0.657081 1.477117 0.515968
v 0.809567 1.477966 0.585781
v 0.809567 1.477966 0.585781
v 0.809567 1.431712 -0.424596
v -0.809567 1.431712 -0.424596
v 0.809567 1.469725 -0.135021
v -0.809567 1.469725 -0.135021
v 0.809567 1.471861 0.056534
v -0.809567 0.913587 1.340095
v 0.809567 0.913587 1.340095
v -0.809567 1.221029 1.186246
v -0.809567 -0.117175 1.687982
v 0.809567 -0.117175 1.687982
v 0.809567 1.221029 1.186246
v -0.809567 1.399413 1.019863
v -0.809567 -0.257632 -0.900809
v 0.809567 0.793677 -0.747082
v 0.809567 -0.257632 -0.900809
v -0.809567 0.793677 -0.747082
v 0.809567 1.249948 -0.609697
v 0.809567 1.480174 0.757520
v -0.809567 1.480174 0.757520
v 0.809567 1.399413 1.019863
v -0.809567 1.477966 0.585781
v -0.809567 1.399413 1.019863
v -0.809567 1.249948 -0.609697
v 0.809567 1.431712 -0.424596
v -0.809567 1.249948 -0.609697
v -0.809567 1.431712 -0.424596
v 0.809567 1.249948 -0.609697
v 0.809567 1.399413 1.019863
v 1.106350 1.212667 1.009575
v 1.008418 1.156306 1.128965
v 1.106350 1.099110 1.125055
v 1.008418 1.322757 0.973713
v 1.008418 0.869429 1.272523
v 1.106350 0.872671 1.233683
v 1.106350 1.212667 1.009575
v 1.106350 1.269905 0.758600
v 1.008418 1.322757 0.973713
v 1.008418 1.398116 0.728918
v 1.106350 1.265809 0.586024
v 1.008418 1.396104 0.579000
v 1.106350 1.083678 -0.528255
v 1.106350 0.767924 -0.623430
v 1.008418 0.757541 -0.675036
v 1.008418 1.183290 -0.546841
v 1.106350 1.214440 -0.397744
v 1.008418 1.398116 0.728918
v 0.828274 1.396104 0.579000
v 0.828274 1.398116 0.728918
v 1.008418 1.396104 0.579000
v 1.008418 1.395250 0.509187
v 1.008418 1.322757 0.973713
v -1.144016 -0.219982 -0.206863
v -1.144016 0.799073 -0.468610
v -1.144016 -0.240355 -0.582369
v -1.144016 0.837067 -0.160792
v -1.106350 1.214440 -0.397744
v -1.144016 -0.204865 0.036734
v -1.144016 0.847055 0.049415
v -1.106350 1.083678 -0.528255
v -1.106350 0.767924 -0.623430
v -1.106350 -0.249698 -0.754577
v 1.144016 0.885274 0.847645
v 1.106350 1.212667 1.009575
v 1.144016 0.882395 1.117163
v 1.144016 -0.148448 1.111578
v 1.144016 -0.165308 0.669700
v 1.144016 0.874567 0.607100
v 1.106350 1.269905 0.758600
v 1.144016 -0.130704 1.438632
v 1.106350 1.099110 1.125055
v 1.106350 1.265809 0.586024
v 1.106350 0.872671 1.233683
v 1.106350 -0.123989 1.562387
v 1.008418 -0.252813 -0.811980
v 1.106350 -0.249698 -0.754577
v 1.106350 -0.123989 1.562387
v 1.008418 -0.121751 1.603639
v 1.106350 0.767924 -0.623430
v 1.144016 -0.240355 -0.582369
v 1.106350 -0.249698 -0.754577
v 1.106350 1.083678 -0.528255
v 1.144016 0.799073 -0.468610
v 1.106350 1.214440 -0.397744
v 1.144016 0.837067 -0.160793
v 1.144016 -0.204865 0.036734
v 1.144016 -0.219982 -0.206863
v 1.106350 1.250541 -0.118136
v 1.144016 0.847055 0.049415
v 1.106350 1.250541 -0.118136
v 1.008418 1.352895 -0.374122
v 1.008418 1.388366 -0.103918
v 1.106350 1.214440 -0.397744
v 1.106350 1.254457 0.061176
v 1.008418 1.352895 -0.374122
v 1.144016 -0.168867 0.600024
v 1.144016 0.871281 0.537408
v 0.672264 1.395250 0.509187
v 1.008418 1.391108 0.134901
v 0.672264 1.391108 0.134901
v 0.828274 1.390318 0.065093
v 0.828274 0.757541 -0.675036
v 1.008418 1.183290 -0.546841
v 1.008418 0.757541 -0.675036
v 0.828274 1.183290 -0.546841
v 0.828274 -0.252813 -0.811980
v -0.828274 1.322757 0.973713
v -1.008418 1.398115 0.728918
v -1.008418 1.322757 0.973713
v -0.828274 1.398115 0.728918
v -0.828274 1.396104 0.579000
v -1.008418 1.396104 0.579000
v -1.106350 1.269905 0.758600
v -1.106350 1.212667 1.009575
v -1.008418 1.322757 0.973713
v -1.008418 1.398115 0.728918
v -1.106350 1.265809 0.586024
v -1.008418 1.156306 1.128965
v -1.106350 1.212667 1.009575
v -1.106350 1.099110 1.125055
v -1.008418 1.322757 0.973713
v -1.008418 0.869429 1.272523
v 1.106350 1.264233 0.516240
v 1.008418 1.391108 0.134901
v 1.008418 1.395250 0.509187
v 1.106350 1.255969 0.130994
v 1.008418 1.390318 0.065093
v -0.828274 -0.252813 -0.811980
v -1.008418 0.757541 -0.675036
v -0.828274 0.757541 -0.675036
v -0.828274 1.183290 -0.546841
v -1.008418 -0.252813 -0.811980
v -1.106350 1.254457 0.061176
v -1.106350 1.250541 -0.118136
v -1.106350 1.083678 -0.528255
v -1.008418 0.757541 -0.675036
v -1.106350 0.767924 -0.623430
v -1.008418 -0.252813 -0.811980
v -1.106350 -0.249698 -0.754577
v -1.008418 1.183290 -0.546841
v -1.106350 1.214440 -0.397744
v -1.008418 1.352895 -0.374122
v -1.008418 1.322757 0.973713
v -0.828274 1.156306 1.128965
v -0.828274 1.322757 0.973713
v -1.008418 0.869429 1.272523
v -0.828274 0.869429 1.272523
v -1.008418 1.156306 1.128965
v -1.144016 0.882395 1.117163
v -1.144016 -0.148448 1.111578
v -1.144016 -0.130704 1.438631
v -1.106350 0.872671 1.233683
v -1.144016 0.885274 0.847645
v -1.144016 -0.165308 0.669700
v -1.106350 1.212667 1.009575
v -1.106350 1.269905 0.758600
v -1.106350 1.099110 1.125055
v -1.144016 0.874567 0.607100
v 1.008418 -0.252813 -0.811980
v -0.828274 -0.121751 1.603639
v -1.008418 -0.121751 1.603639
v -1.008418 1.183290 -0.546841
v -1.106350 -0.123989 1.562387
v -1.008418 -0.121751 1.603639
v -1.106350 0.872671 1.233683
v -1.008418 1.352895 -0.374122
v -0.828274 1.352895 -0.374122
v -0.828274 1.183290 -0.546841
v -1.008418 1.183290 -0.546841
v -1.106350 1.250541 -0.118136
v -1.008418 1.388366 -0.103918
v -1.106350 1.254457 0.061176
v -1.008418 1.390318 0.065093
v -1.106350 -0.123989 1.562387
v -1.144016 -0.168867 0.600024
v -1.144016 0.871281 0.537408
v -1.144016 0.850455 0.119287
v -1.144016 -0.200460 0.106618
v -1.106350 1.255969 0.130994
v -1.106350 1.264233 0.516240
v -1.106350 1.265809 0.586024
v 1.008418 0.869429 1.272523
v 0.828274 -0.121751 1.603639
v 1.008418 -0.121751 1.603639
v 0.828274 0.869429 1.272523
v 1.008418 1.156306 1.128965
v 0.828274 1.156306 1.128965
v 0.828274 1.352895 -0.374122
v 1.008418 1.352895 -0.374122
v 1.008418 1.183290 -0.546841
v 0.828274 1.183290 -0.546841
v 0.828274 1.322757 0.973713
v 1.008418 1.322757 0.973713
v -0.828274 1.388366 -0.103918
v -0.828274 1.352895 -0.374122
v -1.008418 1.388366 -0.103918
v -1.008418 1.352895 -0.374122
v -1.106350 1.264233 0.516240
v -1.008418 1.396104 0.579000
v -1.008418 1.395250 0.509187
v -1.008418 1.391108 0.134901
v -1.106350 1.255969 0.130994
v 1.008418 1.388366 -0.103918
v 1.008418 1.352895 -0.374122
v 0.828274 1.388366 -0.103918
v 1.008418 1.390318 0.065093
v 0.828274 1.352895 -0.374122
v 0.828274 1.322757 0.973713
v -0.828274 1.390318 0.065093
v -1.008418 1.390318 0.065093
v -0.672264 1.395250 0.509187
v -1.008418 1.391108 0.134901
v -1.008418 1.395250 0.509187
v -0.672264 1.391108 0.134901
v 1.144016 0.850455 0.119286
v 1.106350 1.254457 0.061176
v 1.106350 1.255969 0.130994
v 1.144016 -0.200460 0.106618
v 1.106350 1.264233 0.516240
v -0.809567 1.471861 0.056534
v 0.828274 1.396104 0.579000
v 0.672264 1.395250 0.509187
v 0.657081 1.472650 0.126343
v 0.657081 1.477117 0.515968
v 0.672264 1.391108 0.134901
v 0.672264 1.391108 0.134901
v 0.809567 1.471861 0.056534
v 0.657081 1.472650 0.126343
v 0.828274 1.390318 0.065093
v 0.672264 1.395250 0.509187
v 0.809567 1.477966 0.585781
v 0.828274 1.396104 0.579000
v 0.657081 1.477117 0.515968
v -0.672264 1.395250 0.509187
v -0.809567 1.477966 0.585781
v -0.657081 1.477117 0.515968
v -0.828274 1.396104 0.579000
v -0.657081 1.472650 0.126343
v -0.809567 1.471861 0.056534
v -0.672264 1.391108 0.134901
v -0.828274 1.390318 0.065093
v 1.740968 0.375382 -1.268249
v 1.640475 0.375382 -1.326436
v 1.640475 0.500692 -1.326436
v 1.740968 0.500692 -1.268249
v 1.640475 -0.434803 -1.326435
v 1.600066 -0.348197 -1.349832
v 1.600066 0.374828 -1.349832
v 1.600066 0.495599 -1.349832
v 1.600066 1.077374 -1.349832
v 1.640475 1.154958 -1.326436
v 1.740968 1.154958 -1.268250
v 0.000000 0.209231 1.467103
v 1.185612 0.209231 1.467103
v 1.185612 0.153888 1.258533
v 0.000000 0.153888 1.258533
v -1.185612 0.153888 1.258533
v -1.185612 0.209231 1.467103
v 1.185612 0.239677 1.580807
v 1.185612 0.153888 1.258533
v 1.185612 0.978224 1.444364
v 1.185612 0.234191 0.959943
v 1.185612 1.063601 1.375395
v 1.185612 0.209231 1.467103
v 1.185612 0.239677 1.580807
v 1.185612 1.053650 1.434459
v 1.185612 1.154958 -0.703639
v 1.185612 0.669348 -0.658076
v 1.185612 -0.274894 1.143214
v 1.185612 1.154959 1.318978
v 1.286107 1.154958 -0.703639
v 1.640475 1.154958 -0.703639
v 1.640475 1.154958 -1.066048
v 1.286107 1.154958 -1.250278
v 1.185612 1.154958 -0.703639
v 1.286106 1.154959 1.318978
v 1.360405 1.154958 -0.421773
v 1.566176 1.154958 -0.421773
v 1.185612 1.154958 -1.288693
v 0.137582 1.154958 -0.794379
v 0.000000 1.154958 -0.703639
v 1.185612 1.154959 1.318978
v 0.000000 1.154958 -1.506797
v 0.000000 1.154958 -1.233892
v 0.000000 1.154958 -1.021736
v 0.000000 -0.266147 1.737131
v 1.185612 -0.507561 1.593911
v 1.185612 -0.266147 1.737131
v -1.185612 -0.266147 1.737131
v -1.185612 -0.507561 1.593911
v 0.000000 -0.507561 1.593911
v 1.286107 -0.266147 1.737131
v 0.000000 1.154958 -0.703639
v -1.185612 1.154958 -0.703639
v -1.185612 0.669348 -0.658076
v 0.000000 0.669348 -0.658076
v 1.185612 0.669348 -0.658076
v 1.185612 1.154958 -0.703639
v 0.000000 0.240566 -0.773394
v 1.185612 0.240566 -0.773394
v 1.185612 1.053650 1.434459
v 1.185612 0.978224 1.444364
v 1.286106 1.053650 1.434459
v 1.185612 0.239677 1.580807
v 1.286106 0.978224 1.444364
v 1.640474 1.053650 1.434459
v 1.286107 0.239677 1.580807
v 1.185612 -0.200196 1.734178
v 1.286107 -0.266147 1.737131
v 1.286107 -0.200196 1.734178
v 0.000000 -0.266147 1.737131
v 1.185612 -0.266147 1.737131
v 0.000000 -0.200196 1.734178
v -1.185612 -0.200196 1.734178
v 1.185612 0.239677 1.580807
v 1.185612 0.118170 1.641351
v 1.286107 0.239677 1.580807
v 0.000000 0.239677 1.580807
v 0.000000 0.118170 1.641351
v 1.286107 0.118170 1.641351
v 1.640474 0.118170 1.641351
v 1.640475 0.239677 1.580807
v 1.740968 0.118170 1.641351
v 1.740968 0.239677 1.580807
v 0.000000 0.239677 1.580807
v 1.286107 -0.507561 1.593911
v 1.640475 -0.266147 1.737131
v 1.740968 -0.434803 -1.268249
v 1.740968 -0.479390 -1.021140
v 1.640475 -0.479390 -1.073008
v 1.640475 -0.434803 -1.326435
v 1.286107 -0.479390 -1.255909
v 1.185612 0.500692 -1.858956
v 1.185612 0.375382 -2.102081
v 1.185612 0.500692 -2.128110
v 1.185612 1.154958 -2.114817
v 1.185612 1.154958 -1.852310
v 1.185612 -0.845416 1.007473
v 1.185612 -0.479390 -1.307777
v 1.286107 -0.479390 -1.255909
v 0.000000 -0.479390 -1.083282
v -1.185612 -0.845416 1.007473
v -1.185612 -0.479390 -1.307777
v 0.000000 -0.845416 1.007473
v 0.000000 -0.434803 -1.337961
v 1.185612 -0.434803 -1.589802
v 1.640475 -0.507561 1.593911
v 1.640475 -0.845416 1.007473
v 1.740968 -0.507561 1.593911
v 1.286107 -0.845416 1.007473
v 1.286107 -0.507561 1.593911
v 1.740968 -0.845416 1.007473
v 1.286107 -0.434803 -1.531615
v 1.326515 -0.348197 -1.508219
v 1.740968 -0.434803 -1.268249
v 1.185612 1.154958 -1.852310
v 0.000000 1.154958 -2.114817
v 0.000000 1.154958 -1.810807
v -1.185612 1.154958 -1.852310
v 1.185612 1.154958 -2.114817
v 1.640475 -0.200196 1.734178
v 1.740968 -0.266147 1.737131
v 1.740968 -0.200196 1.734178
v 1.640475 -0.266147 1.737131
v 1.640474 1.154959 1.318978
v 1.566175 1.154959 1.139290
v 1.360405 1.154959 1.139290
v 1.325024 -0.455033 1.723805
v 1.325024 -0.994392 1.849603
v 1.325024 -0.598431 1.484652
v 1.325024 0.012704 1.484652
v 1.325024 0.012704 1.723805
v 1.263849 -0.838193 1.942269
v 1.325024 0.012704 1.091505
v 1.263849 -0.338874 1.905424
v 1.325024 -0.723342 1.091505
v 1.325024 -1.081164 1.698987
v 1.325024 -1.206076 1.091505
v 0.979954 -1.206076 1.091505
v 1.325024 -1.193154 0.688232
v 1.325024 -1.081164 1.698987
v 0.979954 -1.081165 1.698987
v 0.979954 -1.193154 0.688232
v 0.872705 -1.132269 0.720850
v 0.872705 -1.030399 1.640270
v 0.872705 -0.890909 -0.176589
v 0.979954 -0.927817 -0.298358
v 1.325024 -0.927817 -0.298358
v 0.000000 0.005399 1.896485
v 0.872705 0.005399 1.445303
v 0.000000 0.005399 1.445303
v -0.872705 0.005399 1.445303
v -0.872705 0.005399 1.896485
v 0.872705 0.005399 1.896485
v 0.979953 0.012704 1.484652
v 1.116160 0.012704 1.980653
v 0.979954 -0.290759 1.980653
v 1.116160 -0.290759 1.980653
v 0.979954 -0.773492 1.980653
v 0.979954 0.012704 1.980653
v 1.263849 0.012704 1.905424
v 1.116160 -0.773492 1.980653
v 0.000000 -0.311417 1.896485
v 0.845576 -0.343835 1.845924
v 0.872705 -0.311417 1.896485
v -0.845576 -0.343835 1.845924
v 0.000000 -0.343835 1.845924
v 1.325024 -0.927817 -0.298358
v 1.325024 -0.710421 0.688232
v 1.325024 -1.193154 0.688232
v 1.325024 -0.445083 -0.298358
v 1.325024 0.012704 0.688232
v 0.979954 -0.994392 1.849603
v 1.263849 -0.838193 1.942269
v 1.116160 -0.773492 1.980653
v 0.979954 -0.773492 1.980653
v 1.325024 -0.994392 1.849603
v 1.185612 -0.434803 -1.589802
v 1.185612 0.375382 -1.589802
v 1.286107 0.375382 -1.531616
v 1.286107 0.500692 -1.531616
v 1.326515 0.495599 -1.508219
v 1.185612 0.500692 -1.589802
v 1.326515 1.077374 -1.508219
v 1.326515 0.374828 -1.508219
v 1.286107 1.154958 -1.531616
v 1.185612 -0.507561 1.593911
v 0.000000 -0.845416 1.007473
v 1.185612 -0.845416 1.007473
v 0.000000 -0.507561 1.593911
v 1.286107 -0.434803 -1.531615
v 1.185612 -0.479390 -1.307777
v 1.185612 -0.434803 -1.589802
v 1.640475 -0.507561 1.593911
v 1.740968 -0.266147 1.737131
v 1.740968 -0.507561 1.593911
v 1.640475 0.239677 1.580807
v 1.740968 0.978224 1.444364
v 1.640474 0.978224 1.444364
v 1.740968 0.239677 1.580807
v 1.640474 0.978224 1.444364
v 1.640475 0.177730 1.245496
v 1.640475 0.239677 1.580807
v 1.640474 0.916276 1.109053
v 1.185612 1.154958 -1.589802
v 1.740968 0.477931 -1.019799
v 1.740968 0.375382 -1.268249
v 1.740968 0.500692 -1.268249
v 1.740968 0.356206 -1.019970
v 1.740968 1.154958 -1.018849
v 1.740968 -0.434803 -1.268249
v 1.740968 0.239677 1.580807
v 1.740968 0.118170 1.641351
v 1.740968 1.154958 -0.703639
v 1.740968 1.154958 -1.018849
v 1.740968 1.154959 1.318978
v 1.740968 1.053650 1.434459
v 1.740968 0.239677 1.580807
v 1.740968 1.154959 1.318978
v 1.740968 0.978224 1.444364
v 1.740968 1.053650 1.434459
v 1.740968 1.154958 -0.703639
v 1.740968 0.477931 -1.019799
v 1.740968 1.154958 -1.018849
v 1.286106 0.916276 1.109053
v 1.286107 0.177730 1.245496
v 1.640474 0.916276 1.109053
v 1.640475 0.177730 1.245496
v 1.286106 0.978224 1.444364
v 1.286106 0.916276 1.109053
v 1.640474 0.978224 1.444364
v 1.640474 0.916276 1.109053
v 1.286106 0.978224 1.444364
v 1.286107 0.239677 1.580807
v 1.286107 0.177730 1.245496
v 1.286106 0.916276 1.109053
v 1.640475 0.239677 1.580807
v 1.640475 0.177730 1.245496
v 1.286107 0.239677 1.580807
v 1.286107 0.177730 1.245496
v -1.185612 -0.507561 1.593911
v 1.185612 -0.171395 0.758379
v 1.185612 0.240566 -0.773394
v 1.185612 -0.434803 -1.638817
v 0.000000 -0.434804 -1.815815
v 1.185612 -0.434804 -1.815815
v 0.000000 -0.434803 -1.512897
v -1.185612 -0.434803 -1.638817
v -1.185612 0.239677 1.580807
v -1.185612 0.118170 1.641351
v 1.640474 0.118170 1.641351
v 1.286107 0.118170 1.641351
v 1.740968 0.118170 1.641351
v 1.185612 0.118170 1.641351
v 0.000000 0.118170 1.641351
v -1.185612 0.118170 1.641351
v 1.185612 -0.274894 1.143214
v 0.000000 -0.171395 0.758379
v 0.000000 -0.274894 1.143214
v 1.185612 -0.171395 0.758379
v 1.185612 0.240566 -0.773394
v 0.000000 0.240566 -0.773394
v -1.185612 0.240566 -0.773394
v 1.185612 -0.274894 1.143214
v 0.000000 -0.274894 1.143214
v 0.000000 0.153888 1.258533
v 1.185612 0.153888 1.258533
v -1.185612 -0.274894 1.143214
v -1.185612 0.153888 1.258533
v 1.116160 0.012704 1.980653
v 1.325024 0.012704 1.723805
v 0.979954 0.012704 1.980653
v 1.263849 0.012704 1.905424
v 1.325024 0.012704 1.484652
v 0.979954 -0.994392 1.849603
v 1.325024 -1.206076 1.091505
v 1.674703 0.284254 1.542647
v 1.251876 0.284254 1.542647
v 1.674703 0.222306 1.207336
v 1.251876 0.222306 1.207336
v 1.674703 0.326294 1.534881
v 1.674703 0.264346 1.199569
v 1.251876 0.326294 1.534881
v 1.251876 0.264346 1.199569
v 1.251876 0.326294 1.534881
v 1.674703 0.284254 1.542647
v 1.674703 0.326294 1.534881
v 1.251876 0.284254 1.542647
v 1.674703 0.403839 1.518632
v 1.251876 0.403839 1.518632
v 1.674703 0.341892 1.183321
v 1.251876 0.341892 1.183321
v 1.674703 0.445879 1.510865
v 1.674703 0.383932 1.175554
v 1.251876 0.445879 1.510865
v 1.251876 0.383932 1.175554
v 1.251876 0.445879 1.510865
v 1.674703 0.403839 1.518632
v 1.674703 0.445879 1.510865
v 1.251876 0.403839 1.518632
v 1.674703 0.523424 1.494616
v 1.251876 0.523424 1.494616
v 1.674703 0.461477 1.159305
v 1.251876 0.461477 1.159305
v 1.674703 0.503517 1.151538
v 1.251876 0.565464 1.486849
v 1.674703 0.565464 1.486849
v 1.251876 0.503517 1.151538
v 1.251876 0.565464 1.486849
v 1.674703 0.523424 1.494616
v 1.674703 0.565464 1.486849
v 1.251876 0.523424 1.494616
v 1.674703 0.643010 1.470601
v 1.251876 0.643010 1.470601
v 1.674703 0.581062 1.135290
v 1.251876 0.581062 1.135290
v 1.674703 0.685049 1.462834
v 1.674703 0.623102 1.127523
v 1.251876 0.685049 1.462834
v 1.251876 0.623102 1.127523
v 1.251876 0.685049 1.462834
v 1.674703 0.643010 1.470601
v 1.674703 0.685049 1.462834
v 1.251876 0.643010 1.470601
v 1.674703 0.762595 1.446585
v 1.251876 0.762595 1.446585
v 1.674703 0.700648 1.111274
v 1.251876 0.700648 1.111274
v 1.674703 0.804635 1.438819
v 1.674703 0.742687 1.103507
v 1.251876 0.804635 1.438819
v 1.251876 0.742687 1.103507
v 1.251876 0.804635 1.438819
v 1.674703 0.762595 1.446585
v 1.674703 0.804635 1.438819
v 1.251876 0.762595 1.446585
v 1.674703 0.882180 1.422570
v 1.251876 0.882180 1.422570
v 1.674703 0.820233 1.087259
v 1.251876 0.820233 1.087259
v 1.674703 0.924220 1.414803
v 1.674703 0.862273 1.079492
v 1.251876 0.924220 1.414803
v 1.251876 0.862273 1.079492
v 1.251876 0.924220 1.414803
v 1.674703 0.882180 1.422570
v 1.674703 0.924220 1.414803
v 1.251876 0.882180 1.422570
v 0.000000 -0.434804 -1.815815
v -1.085958 -0.352406 -1.847473
v 0.000000 -0.352406 -1.847473
v 1.085958 -0.352406 -1.847473
v 1.185612 -0.434804 -1.815815
v 1.185612 0.375382 -2.102081
v 1.185612 0.500692 -2.128110
v 1.085958 1.046434 -2.104970
v 1.185612 1.154958 -2.114817
v 1.085958 0.490649 -2.116262
v 0.000000 1.046434 -2.104970
v 0.000000 1.154958 -2.114817
v 1.085958 0.377721 -2.092805
v -1.085958 1.046434 -2.104970
v -1.185612 1.154958 -2.114817
v 1.185612 -0.434804 -1.815815
v 1.185612 0.375382 -1.845941
v 1.185612 -0.434803 -1.638817
v 1.600066 0.495599 -0.993331
v 1.600066 1.077374 -0.981511
v 1.600066 1.077374 -1.254949
v 1.600066 0.495599 -1.254949
v 1.600066 0.374828 -1.254949
v 1.600066 0.374828 -0.968244
v 1.600066 -0.348197 -1.254949
v 1.600066 -0.348197 -0.837943
v 1.326515 0.374828 -0.968244
v 1.326515 -0.348197 -0.837943
v 1.326515 -0.348197 -1.413336
v 1.326515 0.374828 -1.413336
v 1.326515 0.495599 -0.993331
v 1.326515 -0.348197 -0.837943
v 1.326515 0.374828 -0.968244
v 1.600066 -0.348197 -0.837943
v 1.600066 0.374828 -0.968244
v 1.326515 0.495599 -0.993331
v 1.600066 0.495599 -0.993331
v 1.600066 1.077374 -0.981511
v 1.326515 1.077374 -0.981511
v 1.326515 -0.348197 -0.837943
v 1.600066 -0.348197 -1.254949
v 1.326515 -0.348197 -1.413336
v 1.600066 -0.348197 -0.837943
v 1.326515 1.077374 -0.981511
v 1.600066 1.077374 -1.254949
v 1.600066 1.077374 -0.981511
v 1.326515 1.077374 -1.413336
v 1.326515 1.077374 -1.413336
v 1.326515 1.077374 -0.981511
v 1.326515 0.495599 -1.413336
v 0.000000 1.750155 -2.063250
v 0.000000 1.058430 -2.084005
v -0.139793 1.058430 -2.084005
v 0.139793 1.058430 -2.084005
v 0.139793 1.750155 -2.063250
v 0.138414 1.058430 -1.134830
v 0.139793 1.058430 -2.084005
v 0.138414 1.440540 -1.134830
v 0.139793 1.841270 -1.915023
v 0.139793 1.750155 -2.063250
v 0.000000 1.440540 -1.134830
v 0.000000 1.058430 -1.134830
v 0.138414 1.440540 -1.134830
v -0.138414 1.440540 -1.134830
v 0.138414 1.058430 -1.134830
v 0.000000 1.058430 -1.134830
v 0.000000 1.058430 -2.084005
v 0.138414 1.058430 -1.134830
v -0.138414 1.058430 -1.134830
v 0.139793 1.058430 -2.084005
v 0.139793 1.841270 -1.915023
v 0.139793 1.750155 -2.063250
v 0.000000 1.841270 -1.915023
v 0.000000 1.750155 -2.063250
v -0.139793 1.750155 -2.063250
v 0.138414 1.440540 -1.134830
v 0.000000 1.841270 -1.915023
v 0.000000 1.440540 -1.134830
v -0.138414 1.440540 -1.134830
v 0.139793 1.841270 -1.915023
v 0.872705 -1.144023 1.087682
v 0.845576 -1.018117 1.605639
v 0.845576 -1.124677 1.087406
v 0.845576 -1.113654 0.743380
v 1.325024 0.012704 0.688232
v 1.325024 0.012704 -0.298358
v 0.979954 0.012704 0.688232
v 0.979954 0.012704 -0.298358
v 1.325024 0.012704 1.091505
v 0.872705 0.005398 -0.176589
v 1.325024 0.012704 -0.298358
v 0.979954 0.012704 1.091505
v 1.325024 0.012704 1.484652
v 0.872705 0.005398 0.720850
v 0.872705 0.005399 1.445303
v 0.979953 0.012704 1.484652
v 0.845576 -0.475487 -0.098264
v 0.872705 -0.890909 -0.176589
v 0.845576 -0.887299 -0.098264
v 0.872705 -0.451796 -0.176589
v 0.979954 -0.445083 -0.298358
v 1.263849 0.012704 1.905424
v 1.263849 -0.338874 1.905424
v 1.263849 -0.838193 1.942269
v 0.585841 1.063146 -1.240816
v 0.585841 1.063146 -1.890855
v 0.585841 1.394783 -1.227185
v 0.585841 1.633763 -1.790081
v 0.585841 1.579425 -1.878477
v 0.585841 1.063146 -1.890855
v 0.585841 1.063146 -1.240816
v 0.457022 1.063146 -1.240816
v 0.457022 1.063146 -1.890855
v 0.457022 1.633763 -1.790081
v 0.585841 1.579425 -1.878477
v 0.457022 1.579425 -1.878477
v 0.585841 1.633763 -1.790081
v 0.585841 1.394783 -1.227185
v 0.457022 1.633763 -1.790081
v 0.457022 1.394783 -1.227185
v 0.585841 1.633763 -1.790081
v 0.585841 1.579425 -1.878477
v 0.585841 1.063146 -1.890855
v 0.457022 1.063146 -1.890855
v 0.457022 1.579425 -1.878477
v 0.457022 1.063146 -1.890855
v 0.457022 1.633763 -1.790081
v 0.457022 1.579425 -1.878477
v 0.457022 1.063146 -1.240816
v 0.457022 1.394783 -1.227185
v 0.585841 1.063146 -1.240816
v 0.585841 1.394783 -1.227185
v 0.457022 1.394783 -1.227185
v 0.457022 1.063146 -1.240816
v 1.085958 0.490649 -1.658520
v 1.085958 1.046434 -1.653614
v 1.085958 1.046434 -2.104970
v 1.085958 0.490649 -2.116262
v 1.085958 0.377721 -2.092805
v 1.085958 0.377721 -1.648329
v 1.085958 1.046434 -1.653614
v 0.000000 1.046434 -1.653614
v 0.000000 1.046434 -2.104970
v 1.085958 1.046434 -2.104970
v -1.085958 1.046434 -1.653614
v -1.085958 1.046434 -2.104970
v 1.085958 -0.352406 -1.847473
v 1.085958 -0.352406 -1.486136
v 0.000000 0.490649 -1.658520
v 1.085958 1.046434 -1.653614
v 1.085958 0.490649 -1.658520
v -1.085958 0.490649 -1.658520
v -1.085958 1.046434 -1.653614
v 0.000000 1.046434 -1.653614
v 0.000000 0.377721 -1.648329
v -1.085958 0.377721 -1.648329
v 1.085958 -0.352406 -1.486136
v 0.000000 -0.352406 -1.486136
v 1.085958 0.377721 -1.648329
v -1.085958 -0.352406 -1.486136
v 0.000000 -0.352406 -1.486136
v 1.085958 -0.352406 -1.486136
v 1.085958 -0.352406 -1.847473
v -1.085958 -0.352406 -1.847473
v -1.085958 -0.352406 -1.486136
v 0.000000 -0.352406 -1.847473
v 1.185612 0.375382 -1.845941
v 1.185612 0.500692 -1.589802
v 1.185612 0.375382 -1.589802
v 1.185612 1.154958 -1.852310
v 1.185612 1.154958 -1.589802
v 1.185612 0.500692 -1.858956
v 1.185612 -0.434803 -1.638817
v 1.185612 -0.434803 -1.589802
v 0.000000 -0.434803 -1.512897
v 1.185612 -0.434803 -1.638817
v -1.185612 -0.434803 -1.589802
v 1.185612 1.154958 -1.589802
v 0.000000 1.154958 -1.810807
v -1.185612 1.154958 -1.589802
v 1.185612 1.154958 -1.852310
v -1.185612 1.154958 -1.288693
v 1.286107 1.154958 -1.250278
v 1.640475 1.154958 -1.326436
v 1.286107 1.154958 -1.531616
v 1.185612 1.154958 -1.288693
v 1.640475 1.154958 -1.066048
v 1.740968 1.154958 -1.268250
v 1.740968 1.154958 -1.018849
v 1.185612 1.154958 -1.589802
v 1.640475 -0.479390 -1.073008
v 1.640475 -0.845416 1.007473
v 1.286107 -0.845416 1.007473
v 1.740968 -0.479390 -1.021140
v 1.740968 -0.845416 1.007473
v 1.740968 1.154958 -1.268250
v 1.740968 0.356206 -1.019970
v 1.740968 -0.845416 1.007473
v 1.740968 -0.479390 -1.021140
v 1.740968 0.118170 1.641351
v 1.740968 -0.507561 1.593911
v 1.740968 -0.200196 1.734178
v 1.740968 -0.266147 1.737131
v 1.326515 0.495599 -1.413336
v 1.326515 0.374828 -1.508219
v 1.326515 0.495599 -1.508219
v 1.326515 0.374828 -1.413336
v 1.326515 1.077374 -1.508219
v 1.326515 1.077374 -1.413336
v 1.326515 -0.348197 -1.413336
v 1.326515 -0.348197 -1.508219
v 1.326515 1.077374 -1.413336
v 1.600066 1.077374 -1.349832
v 1.600066 1.077374 -1.254949
v 1.326515 1.077374 -1.508219
v 1.326515 -0.348197 -1.413336
v 1.600066 -0.348197 -1.349832
v 1.326515 -0.348197 -1.508219
v 1.600066 -0.348197 -1.254949
v 1.600066 0.374828 -1.254949
v 1.600066 -0.348197 -1.349832
v 1.600066 -0.348197 -1.254949
v 1.600066 0.495599 -1.254949
v 1.600066 0.495599 -1.349832
v 1.600066 0.374828 -1.349832
v 1.600066 1.077374 -1.349832
v 1.600066 1.077374 -1.254949
v 1.360405 1.154958 -0.421773
v 1.360405 1.154959 1.139290
v 1.394383 1.230043 1.038195
v 1.394383 1.230043 -0.320678
v 1.394383 1.230043 -0.320678
v 1.394383 1.230043 1.038195
v 1.532198 1.230043 1.038195
v 1.532198 1.230043 -0.320678
v 1.360405 1.154958 -0.421773
v 1.532198 1.230043 -0.320678
v 1.566176 1.154958 -0.421773
v 1.394383 1.230043 -0.320678
v 1.566176 1.154958 -0.421773
v 1.532198 1.230043 1.038195
v 1.566175 1.154959 1.139290
v 1.532198 1.230043 -0.320678
v 1.566175 1.154959 1.139290
v 1.394383 1.230043 1.038195
v 1.360405 1.154959 1.139290
v 1.532198 1.230043 1.038195
v 1.325024 -0.927817 -0.298358
v 0.979954 -0.927817 -0.298358
v 1.325024 -0.445083 -0.298358
v 0.979954 -0.445083 -0.298358
v 0.979954 0.012704 -0.298358
v 1.325024 0.012704 -0.298358
v 0.845576 -0.755647 1.845924
v 0.845576 -0.944093 1.734127
v 0.872705 -0.951468 1.777277
v 0.845576 -1.018117 1.605639
v 0.872705 -1.030399 1.640270
v 0.872705 -0.750529 1.896485
v 0.872705 -0.311417 1.896485
v 0.845576 -0.343835 1.845924
v 0.845576 -0.887299 -0.098264
v 1.325024 -0.994392 1.849603
v 0.872705 0.005399 1.896485
v 0.000000 0.005399 1.896485
v 0.000000 -0.311417 1.896485
v 0.872705 -0.311417 1.896485
v -0.872705 0.005399 1.896485
v -0.872705 -0.311417 1.896485
v 0.000000 -0.451796 -0.176589
v 0.872705 0.005398 -0.176589
v 0.872705 -0.451796 -0.176589
v -0.872705 -0.451796 -0.176589
v -0.872705 0.005398 -0.176589
v 0.000000 0.005398 -0.176589
v 0.000000 0.005399 1.087682
v -0.872705 0.005399 1.445303
v 0.000000 0.005399 1.445303
v 0.872705 0.005399 1.087682
v 0.000000 0.005398 0.720850
v -0.872705 0.005398 -0.176589
v -0.872705 0.005398 0.720850
v 0.000000 0.005398 -0.176589
v 0.979954 -0.927817 -0.298358
v 0.872705 0.005398 -0.176589
v 0.979954 0.012704 -0.298358
v 0.979954 -0.927817 -0.298358
v 0.979954 -0.290759 1.980653
v 0.979954 0.012704 1.980653
v 0.872705 0.005399 1.896485
v 0.872705 -0.750529 1.896485
v 0.979954 -0.773492 1.980653
v 0.872705 -0.311417 1.896485
v 0.872705 -0.951468 1.777277
v 0.979954 -0.994392 1.849603
v 0.979954 -0.994392 1.849603
v 0.872705 -0.951468 1.777277
v 0.845576 -0.755647 1.845924
v 0.000000 -0.944093 1.734127
v 0.845576 -0.944093 1.734127
v -0.845576 -0.755647 1.845924
v -0.845576 -0.944093 1.734127
v 0.000000 -0.755647 1.845924
v 0.845576 -1.018117 1.605639
v 0.000000 -1.124677 1.087406
v 0.845576 -1.124677 1.087406
v 0.000000 -1.018118 1.605639
v -0.845576 -0.944093 1.734127
v -0.845576 -1.018117 1.605639
v -0.845576 -1.124677 1.087406
v 0.000000 -1.113654 0.743380
v 0.845576 -1.113654 0.743380
v 0.845576 -0.887299 -0.098264
v 0.000000 -0.887299 -0.098264
v 0.000000 -0.475487 -0.098264
v 0.845576 -0.475487 -0.098264
v -0.845576 -0.887299 -0.098264
v -0.845576 -0.475487 -0.098264
v 0.845576 -0.887299 -0.098264
v -0.845576 -0.887299 -0.098264
v 0.000000 -0.887299 -0.098264
v -0.845576 -1.113654 0.743380
v 0.000000 -0.343835 1.845924
v -0.845576 -0.755647 1.845924
v 0.000000 -0.755647 1.845924
v -0.845576 -0.343835 1.845924
v 0.845576 -0.755647 1.845924
v 0.845576 -0.343835 1.845924
v 0.845576 -0.944093 1.734127
v 0.000000 -0.944093 1.734127
v 0.845576 -0.475487 -0.098264
v 0.000000 -0.475487 -0.098264
v 0.000000 -0.451796 -0.176589
v -0.845576 -0.475487 -0.098264
v -0.872705 -0.451796 -0.176589
v 0.872705 -0.451796 -0.176589
v 1.740968 -0.479390 -1.021140
v 1.185612 1.053650 1.434459
v 1.286106 1.154959 1.318978
v 1.185612 1.154959 1.318978
v 1.286106 1.053650 1.434459
v 1.640474 1.154959 1.318978
v 1.640474 1.053650 1.434459
v 1.740968 1.154959 1.318978
v 1.740968 1.053650 1.434459
v 0.000000 1.154958 -1.021736
v 0.000000 1.154958 -0.794379
v 0.137582 1.154958 -0.794379
v -0.137582 1.154958 -0.794379
v 0.000000 1.154958 -0.794379
v -0.137582 1.154958 -0.794379
v -1.740968 0.375382 -1.268249
v -1.640475 0.500692 -1.326436
v -1.640475 0.375382 -1.326436
v -1.740968 0.500692 -1.268249
v -1.600066 1.077374 -1.349832
v -1.600066 0.495599 -1.349832
v -1.740968 -0.434803 -1.268249
v -1.600066 0.374828 -1.349832
v -1.640475 1.154958 -1.326436
v -1.185612 0.234191 0.959943
v -1.185612 1.063601 1.375395
v -1.185612 0.978224 1.444364
v -1.185612 0.153888 1.258533
v -1.185612 1.154959 1.318978
v -1.185612 -0.274894 1.143214
v -1.185612 -0.171395 0.758379
v -1.185612 0.209231 1.467103
v -1.185612 1.053650 1.434459
v -1.185612 1.154958 -0.703639
v -1.286107 1.154958 -1.250278
v -1.286107 1.154958 -0.703639
v -1.566176 1.154958 -0.421773
v -1.360405 1.154958 -0.421773
v -1.640475 1.154958 -1.066048
v -1.640475 1.154958 -0.703639
v -1.286107 -0.266147 1.737131
v -1.185612 1.053650 1.434459
v -1.286106 1.053650 1.434459
v -1.185612 0.978224 1.444364
v -1.640474 1.053650 1.434459
v -1.286106 0.978224 1.444364
v -1.286107 0.239677 1.580807
v -1.185612 0.239677 1.580807
v -1.185612 -0.266147 1.737131
v -1.286107 0.118170 1.641351
v -1.286107 -0.200196 1.734178
v -1.286107 -0.266147 1.737131
v -1.286107 0.239677 1.580807
v -1.286107 0.118170 1.641351
v -1.640474 0.118170 1.641351
v -1.640475 0.239677 1.580807
v -1.740968 0.118170 1.641351
v -1.740968 0.239677 1.580807
v -1.740968 1.154958 -1.268250
v -1.185612 1.154959 1.318978
v -1.286106 1.154959 1.318978
v -1.360405 1.154959 1.139290
v -1.185612 0.239677 1.580807
v -1.640475 -0.266147 1.737131
v -1.286107 -0.507561 1.593911
v -1.740968 -0.479390 -1.021140
v -1.740968 -0.434803 -1.268249
v -1.640475 -0.479390 -1.073008
v -1.640475 -0.434803 -1.326435
v -1.185612 1.154958 -2.114817
v -1.185612 0.500692 -1.858956
v -1.185612 1.154958 -1.852310
v -1.185612 0.500692 -2.128110
v -1.185612 0.375382 -2.102081
v -1.286107 -0.479390 -1.255909
v -1.740968 -0.507561 1.593911
v -1.640475 -0.845416 1.007473
v -1.640475 -0.507561 1.593911
v -1.740968 -0.845416 1.007473
v -1.286107 -0.845416 1.007473
v -1.286107 -0.507561 1.593911
v -1.640475 -0.434803 -1.326435
v -1.600066 -0.348197 -1.349832
v -1.185612 1.154958 -2.114817
v -1.640475 -0.200196 1.734178
v -1.740968 -0.200196 1.734178
v -1.740968 -0.266147 1.737131
v -1.740968 0.118170 1.641351
v -1.640475 -0.266147 1.737131
v -1.640474 1.154959 1.318978
v -1.566175 1.154959 1.139290
v -1.740968 1.154959 1.318978
v -1.325024 0.012704 1.484652
v -1.325024 0.012704 1.091505
v -1.325024 -0.598431 1.484652
v -1.325024 -0.455033 1.723805
v -1.325024 0.012704 1.723805
v -1.263849 -0.838193 1.942269
v -1.263849 -0.338874 1.905424
v -1.263849 0.012704 1.905424
v -1.325024 -0.723342 1.091505
v -1.325024 -1.081164 1.698987
v -1.325024 -0.994392 1.849603
v -1.325024 -1.206076 1.091505
v -1.325024 -1.193154 0.688232
v -0.979954 -1.206076 1.091505
v -0.979954 -1.081165 1.698987
v -1.325024 -1.081164 1.698987
v -1.325024 -0.927817 -0.298358
v -0.979954 -1.193154 0.688232
v -0.872705 -1.132269 0.720850
v -0.872705 -1.144023 1.087682
v -0.872705 -0.890909 -0.176589
v -0.979954 -0.927817 -0.298358
v -0.979953 0.012704 1.484652
v -0.979954 0.012704 1.980653
v -1.116160 0.012704 1.980653
v -0.979954 -0.290759 1.980653
v -0.979954 0.012704 1.980653
v -1.116160 -0.290759 1.980653
v -1.116160 -0.773492 1.980653
v -0.979954 -0.773492 1.980653
v -1.263849 0.012704 1.905424
v -1.263849 -0.338874 1.905424
v -0.872705 -0.311417 1.896485
v -1.325024 -0.710421 0.688232
v -1.325024 -0.927817 -0.298358
v -1.325024 -1.193154 0.688232
v -1.325024 0.012704 0.688232
v -1.325024 -0.445083 -0.298358
v -1.325024 0.012704 -0.298358
v -1.116160 -0.773492 1.980653
v -0.979954 -0.994392 1.849603
v -0.979954 -0.773492 1.980653
v -1.263849 -0.838193 1.942269
v -1.325024 -0.994392 1.849603
v -1.286107 -0.434803 -1.531615
v -1.326515 -0.348197 -1.508219
v -1.185612 0.375382 -1.589802
v -1.185612 -0.434803 -1.589802
v -1.286107 0.375382 -1.531616
v -1.185612 0.500692 -1.589802
v -1.326515 0.495599 -1.508219
v -1.286107 0.500692 -1.531616
v -1.326515 1.077374 -1.508219
v -1.286107 1.154958 -1.531616
v -1.185612 -0.845416 1.007473
v -1.286107 -0.479390 -1.255909
v -1.286107 -0.434803 -1.531615
v -1.185612 -0.479390 -1.307777
v -1.185612 -0.434803 -1.589802
v -1.640475 -0.507561 1.593911
v -1.740968 -0.266147 1.737131
v -1.740968 -0.507561 1.593911
v -1.640475 0.239677 1.580807
v -1.640474 0.978224 1.444364
v -1.740968 0.978224 1.444364
v -1.740968 0.239677 1.580807
v -1.640474 0.978224 1.444364
v -1.640475 0.177730 1.245496
v -1.640474 0.916276 1.109053
v -1.640475 0.239677 1.580807
v -1.185612 1.154958 -1.589802
v -1.740968 0.477931 -1.019799
v -1.740968 0.375382 -1.268249
v -1.740968 0.356206 -1.019970
v -1.740968 1.154958 -1.018849
v -1.740968 0.500692 -1.268249
v -1.740968 0.239677 1.580807
v -1.740968 -0.434803 -1.268249
v -1.740968 -0.479390 -1.021140
v -1.640474 0.118170 1.641351
v -1.740968 1.154958 -1.018849
v -1.740968 1.154958 -0.703639
v -1.740968 1.053650 1.434459
v -1.326515 0.374828 -1.508219
v -1.740968 0.477931 -1.019799
v -1.740968 0.239677 1.580807
v -1.740968 1.154958 -0.703639
v -1.740968 1.154959 1.318978
v -1.740968 1.154958 -1.018849
v -1.740968 0.978224 1.444364
v -1.740968 1.053650 1.434459
v -1.185612 0.239677 1.580807
v -1.286107 0.177730 1.245496
v -1.286106 0.916276 1.109053
v -1.640474 0.916276 1.109053
v -1.640475 0.177730 1.245496
v -1.286106 0.978224 1.444364
v -1.640474 0.978224 1.444364
v -1.286106 0.916276 1.109053
v -1.640474 0.916276 1.109053
v -1.286106 0.916276 1.109053
v -1.286107 0.177730 1.245496
v -1.286106 0.978224 1.444364
v -1.286107 0.239677 1.580807
v -1.640475 0.239677 1.580807
v -1.286107 0.239677 1.580807
v -1.640475 0.177730 1.245496
v -1.286107 0.177730 1.245496
v -1.185612 0.669348 -0.658076
v -1.185612 -0.434804 -1.815815
v -1.185612 0.240566 -0.773394
v -1.185612 0.240566 -0.773394
v -1.185612 -0.274894 1.143214
v -1.185612 -0.171395 0.758379
v -1.116160 0.012704 1.980653
v -1.325024 0.012704 1.723805
v -1.263849 0.012704 1.905424
v -1.325024 0.012704 1.484652
v -0.872705 -1.030399 1.640270
v -1.325024 -1.206076 1.091505
v -1.674703 0.284254 1.542647
v -1.674703 0.222306 1.207336
v -1.251876 0.284254 1.542647
v -1.251876 0.222306 1.207336
v -1.674703 0.326294 1.534881
v -1.251876 0.326294 1.534881
v -1.674703 0.264346 1.199569
v -1.251876 0.264346 1.199569
v -1.251876 0.326294 1.534881
v -1.674703 0.284254 1.542647
v -1.251876 0.284254 1.542647
v -1.674703 0.326294 1.534881
v -1.674703 0.403839 1.518632
v -1.674703 0.341892 1.183321
v -1.251876 0.403839 1.518632
v -1.251876 0.341892 1.183321
v -1.674703 0.445879 1.510865
v -1.251876 0.445879 1.510865
v -1.674703 0.383932 1.175554
v -1.251876 0.383932 1.175554
v -1.251876 0.445879 1.510865
v -1.674703 0.403839 1.518632
v -1.251876 0.403839 1.518632
v -1.674703 0.445879 1.510865
v -1.674703 0.523424 1.494616
v -1.674703 0.461477 1.159305
v -1.251876 0.523424 1.494616
v -1.251876 0.461477 1.159305
v -1.674703 0.565464 1.486849
v -1.251876 0.565464 1.486849
v -1.674703 0.503517 1.151538
v -1.251876 0.503517 1.151538
v -1.251876 0.565464 1.486849
v -1.674703 0.523424 1.494616
v -1.251876 0.523424 1.494616
v -1.674703 0.565464 1.486849
v -1.674703 0.643010 1.470601
v -1.674703 0.581062 1.135290
v -1.251876 0.643010 1.470601
v -1.251876 0.581062 1.135290
v -1.674703 0.685049 1.462834
v -1.251876 0.685049 1.462834
v -1.674703 0.623102 1.127523
v -1.251876 0.623102 1.127523
v -1.251876 0.685049 1.462834
v -1.674703 0.643010 1.470601
v -1.251876 0.643010 1.470601
v -1.674703 0.685049 1.462834
v -1.674703 0.762595 1.446585
v -1.674703 0.700648 1.111274
v -1.251876 0.762595 1.446585
v -1.251876 0.700648 1.111274
v -1.674703 0.804635 1.438819
v -1.251876 0.804635 1.438819
v -1.674703 0.742687 1.103507
v -1.251876 0.742687 1.103507
v -1.251876 0.804635 1.438819
v -1.674703 0.762595 1.446585
v -1.251876 0.762595 1.446585
v -1.674703 0.804635 1.438819
v -1.674703 0.882180 1.422570
v -1.674703 0.820233 1.087259
v -1.251876 0.882180 1.422570
v -1.251876 0.820233 1.087259
v -1.674703 0.924220 1.414803
v -1.251876 0.924220 1.414803
v -1.674703 0.862273 1.079492
v -1.251876 0.862273 1.079492
v -1.251876 0.924220 1.414803
v -1.674703 0.882180 1.422570
v -1.251876 0.882180 1.422570
v -1.674703 0.924220 1.414803
v -1.185612 0.375382 -2.102081
v -1.085958 0.377721 -2.092805
v -1.185612 -0.434804 -1.815815
v -1.185612 0.500692 -2.128110
v -1.085958 0.490649 -2.116262
v -1.185612 -0.434804 -1.815815
v -1.185612 0.375382 -1.845941
v -1.185612 -0.434803 -1.638817
v -1.600066 0.495599 -0.993331
v -1.600066 1.077374 -1.254949
v -1.600066 1.077374 -0.981511
v -1.600066 0.374828 -1.254949
v -1.600066 0.495599 -1.254949
v -1.600066 0.374828 -0.968244
v -1.600066 -0.348197 -1.254949
v -1.326515 0.374828 -0.968244
v -1.326515 -0.348197 -1.413336
v -1.326515 -0.348197 -0.837943
v -1.326515 0.374828 -1.413336
v -1.326515 0.495599 -0.993331
v -1.326515 0.495599 -1.413336
v -1.600066 -0.348197 -0.837943
v -1.326515 0.374828 -0.968244
v -1.326515 -0.348197 -0.837943
v -1.600066 0.374828 -0.968244
v -1.326515 0.495599 -0.993331
v -1.600066 1.077374 -0.981511
v -1.600066 0.495599 -0.993331
v -1.326515 1.077374 -0.981511
v -1.600066 -0.348197 -0.837943
v -1.326515 -0.348197 -0.837943
v -1.600066 -0.348197 -1.254949
v -1.600066 -0.348197 -0.837943
v -1.326515 -0.348197 -1.413336
v -1.326515 1.077374 -0.981511
v -1.600066 1.077374 -1.254949
v -1.326515 1.077374 -1.413336
v -1.600066 1.077374 -0.981511
v -1.326515 1.077374 -1.413336
v -1.326515 1.077374 -0.981511
v -0.139793 1.750155 -2.063250
v -0.139793 1.058430 -2.084005
v -0.138414 1.058430 -1.134830
v -0.138414 1.440540 -1.134830
v -0.139793 1.841270 -1.915023
v -0.139793 1.750155 -2.063250
v -0.138414 1.058430 -1.134830
v -0.139793 1.058430 -2.084005
v -0.139793 1.841270 -1.915023
v -0.139793 1.841270 -1.915023
v -0.845576 -1.113654 0.743380
v -0.845576 -1.124677 1.087406
v -0.845576 -0.887299 -0.098264
v -0.979954 0.012704 0.688232
v -1.325024 0.012704 -0.298358
v -1.325024 0.012704 0.688232
v -0.979954 0.012704 -0.298358
v -1.325024 0.012704 1.091505
v -0.979954 0.012704 1.091505
v -0.872705 0.005399 1.087682
v -0.872705 -0.890909 -0.176589
v -0.845576 -0.475487 -0.098264
v -0.845576 -0.887299 -0.098264
v -0.872705 -0.451796 -0.176589
v -1.263849 -0.838193 1.942269
v -0.585841 1.063146 -1.890855
v -0.585841 1.063146 -1.240816
v -0.585841 1.394783 -1.227185
v -0.585841 1.633763 -1.790081
v -0.585841 1.579425 -1.878477
v -0.585841 1.063146 -1.240816
v -0.585841 1.063146 -1.890855
v -0.457022 1.063146 -1.240816
v -0.457022 1.063146 -1.890855
v -0.457022 1.633763 -1.790081
v -0.585841 1.579425 -1.878477
v -0.585841 1.633763 -1.790081
v -0.457022 1.579425 -1.878477
v -0.457022 1.394783 -1.227185
v -0.457022 1.633763 -1.790081
v -0.585841 1.394783 -1.227185
v -0.585841 1.633763 -1.790081
v -0.585841 1.579425 -1.878477
v -0.457022 1.063146 -1.890855
v -0.585841 1.063146 -1.890855
v -0.457022 1.579425 -1.878477
v -0.457022 1.063146 -1.240816
v -0.457022 1.063146 -1.890855
v -0.457022 1.394783 -1.227185
v -0.457022 1.633763 -1.790081
v -0.457022 1.579425 -1.878477
v -0.585841 1.394783 -1.227185
v -0.585841 1.063146 -1.240816
v -0.457022 1.394783 -1.227185
v -0.457022 1.063146 -1.240816
v -1.085958 0.490649 -1.658520
v -1.085958 1.046434 -2.104970
v -1.085958 1.046434 -1.653614
v -1.085958 0.377721 -2.092805
v -1.085958 0.490649 -2.116262
v -1.085958 0.377721 -1.648329
v -1.085958 -0.352406 -1.847473
v -1.085958 -0.352406 -1.486136
v -1.185612 0.375382 -1.845941
v -1.185612 0.375382 -1.589802
v -1.185612 0.500692 -1.589802
v -1.185612 -0.434803 -1.638817
v -1.185612 0.500692 -1.858956
v -1.185612 1.154958 -1.852310
v -1.185612 -0.434803 -1.589802
v -1.185612 -0.434803 -1.638817
v -1.185612 1.154958 -1.852310
v -1.185612 1.154958 -1.589802
v -1.286107 1.154958 -1.250278
v -1.640475 1.154958 -1.326436
v -1.640475 1.154958 -1.066048
v -1.286107 1.154958 -1.531616
v -1.740968 1.154958 -1.268250
v -1.740968 1.154958 -1.018849
v -1.185612 1.154958 -1.288693
v -1.185612 1.154958 -1.589802
v -1.640475 -0.479390 -1.073008
v -1.286107 -0.845416 1.007473
v -1.640475 -0.845416 1.007473
v -1.740968 -0.479390 -1.021140
v -1.740968 -0.845416 1.007473
v -1.740968 1.154958 -1.268250
v -1.740968 -0.845416 1.007473
v -1.740968 0.356206 -1.019970
v -1.740968 -0.479390 -1.021140
v -1.740968 0.118170 1.641351
v -1.740968 -0.507561 1.593911
v -1.740968 -0.200196 1.734178
v -1.740968 -0.266147 1.737131
v -1.326515 0.495599 -1.413336
v -1.326515 1.077374 -1.508219
v -1.326515 0.495599 -1.508219
v -1.326515 0.374828 -1.508219
v -1.326515 0.374828 -1.413336
v -1.326515 1.077374 -1.413336
v -1.326515 -0.348197 -1.508219
v -1.326515 -0.348197 -1.413336
v -1.326515 1.077374 -1.413336
v -1.600066 1.077374 -1.349832
v -1.326515 1.077374 -1.508219
v -1.600066 1.077374 -1.254949
v -1.326515 -0.348197 -1.413336
v -1.600066 -0.348197 -1.349832
v -1.600066 -0.348197 -1.254949
v -1.326515 -0.348197 -1.508219
v -1.600066 0.374828 -1.254949
v -1.600066 -0.348197 -1.349832
v -1.600066 0.374828 -1.349832
v -1.600066 0.495599 -1.349832
v -1.600066 0.495599 -1.254949
v -1.600066 -0.348197 -1.254949
v -1.600066 1.077374 -1.349832
v -1.600066 1.077374 -1.254949
v -1.360405 1.154959 1.139290
v -1.360405 1.154958 -0.421773
v -1.394383 1.230043 1.038195
v -1.394383 1.230043 -0.320678
v -1.394383 1.230043 1.038195
v -1.394383 1.230043 -0.320678
v -1.532198 1.230043 1.038195
v -1.532198 1.230043 -0.320678
v -1.360405 1.154958 -0.421773
v -1.532198 1.230043 -0.320678
v -1.394383 1.230043 -0.320678
v -1.566176 1.154958 -0.421773
v -1.532198 1.230043 1.038195
v -1.566176 1.154958 -0.421773
v -1.566175 1.154959 1.139290
v -1.532198 1.230043 -0.320678
v -1.566175 1.154959 1.139290
v -1.394383 1.230043 1.038195
v -1.532198 1.230043 1.038195
v -1.360405 1.154959 1.139290
v -1.325024 -0.927817 -0.298358
v -1.325024 -0.445083 -0.298358
v -0.979954 -0.927817 -0.298358
v -1.325024 0.012704 -0.298358
v -0.979954 0.012704 -0.298358
v -0.979954 -0.445083 -0.298358
v -0.845576 -0.944093 1.734127
v -0.845576 -0.755647 1.845924
v -0.872705 -0.951468 1.777277
v -0.845576 -0.343835 1.845924
v -0.872705 -0.750529 1.896485
v -0.979954 -0.927817 -0.298358
v -0.979954 -0.994392 1.849603
v -1.325024 -0.994392 1.849603
v -0.845576 -1.018117 1.605639
v -0.872705 -1.030399 1.640270
v -1.325024 0.012704 1.484652
v -0.979953 0.012704 1.484652
v -0.872705 -0.311417 1.896485
v -0.872705 0.005398 -0.176589
v -0.979954 -0.445083 -0.298358
v -0.979954 0.012704 -0.298358
v -0.872705 -0.451796 -0.176589
v -0.872705 -0.890909 -0.176589
v -0.979954 -0.927817 -0.298358
v -0.979954 0.012704 1.980653
v -0.979954 -0.290759 1.980653
v -0.872705 0.005399 1.896485
v -0.872705 -0.750529 1.896485
v -0.872705 -0.311417 1.896485
v -0.979954 -0.773492 1.980653
v -0.872705 -0.951468 1.777277
v -0.979954 -0.994392 1.849603
v -0.979954 -0.994392 1.849603
v -0.872705 -0.951468 1.777277
v -0.845576 -1.018117 1.605639
v -1.740968 0.118170 1.641351
v -1.185612 1.154958 -0.703639
v -1.185612 1.053650 1.434459
v -1.286106 1.154959 1.318978
v -1.286106 1.053650 1.434459
v -1.185612 1.154959 1.318978
v -1.640474 1.154959 1.318978
v -1.640474 1.053650 1.434459
v -1.740968 1.154959 1.318978
v -1.740968 1.053650 1.434459
v 2.317408 0.944938 0.672068
v 2.482707 0.760639 0.714950
v 2.564613 0.850233 0.699835
v 2.355868 1.074775 0.651671
v 1.703219 1.074775 0.651671
v 1.859454 0.944938 0.672068
v 2.368879 1.678502 -0.442864
v 2.368879 1.125782 -0.494962
v 2.368879 1.678502 -1.046982
v 2.368879 1.125782 -1.173461
v 2.482707 0.299105 0.822339
v 2.482707 -0.059949 0.097198
v 2.482707 -0.059949 0.905882
v 2.482707 0.299105 0.045837
v 2.482707 0.449673 0.787305
v 2.592321 -0.184740 -0.019714
v 2.368879 -0.425092 -0.503173
v 2.592321 -0.184740 -0.503173
v 2.368879 -0.425092 -0.019714
v 2.592321 0.299004 -1.193395
v 2.482707 0.449673 -1.193395
v 2.592321 0.466472 -1.193395
v 2.482707 -0.059949 -1.193395
v 2.482707 0.299105 -1.193395
v 2.592321 -0.184740 -1.193395
v 2.317408 -0.244247 -1.193395
v 2.355868 -0.374084 0.194447
v 1.703219 -0.374084 0.194447
v 1.703219 -0.425092 0.126614
v 2.368879 -0.425092 0.126614
v 2.355868 1.074775 0.651671
v 2.564613 0.850233 0.170374
v 2.355868 1.074775 0.165959
v 2.564613 0.850233 0.699835
v 2.564613 -0.149543 0.914284
v 2.355868 -0.374084 0.194447
v 2.564613 -0.149543 0.190032
v 2.355868 -0.374084 0.962447
v 2.592321 0.885430 -0.019714
v 2.368879 1.125782 -0.494962
v 2.368879 1.125782 -0.019714
v 2.592321 0.885430 -0.503173
v 2.592321 0.885430 0.126614
v 2.355868 1.074775 0.651671
v 1.703219 1.074775 0.165959
v 1.703219 1.074775 0.651671
v 2.355868 1.074775 0.165959
v 2.368879 1.125782 0.126614
v 2.368879 -0.425092 0.126614
v 1.703219 -0.425092 -0.019714
v 2.368879 -0.425092 -0.019714
v 1.703219 -0.425092 0.126614
v 2.368879 -0.425092 -0.503173
v 2.368879 -0.425092 0.126614
v 2.592321 -0.184740 0.126614
v 2.368879 1.125782 0.126614
v 1.703219 1.125782 -0.019714
v 1.703219 1.125782 0.126614
v 2.368879 1.125782 -0.019714
v 2.592321 0.298904 0.126614
v 2.592321 -0.184740 0.126614
v 2.592321 -0.184740 -0.019714
v 2.592321 0.298904 -0.019714
v 2.564613 -0.149543 0.190032
v 2.592321 -0.184740 -0.503173
v 2.592321 0.298946 -0.503173
v 1.703219 -0.425092 -0.503173
v 1.703219 -0.425092 -1.193394
v 2.368879 -0.425092 -0.503173
v 2.368879 -0.425092 -1.193394
v 2.317408 0.944938 -0.918908
v 2.482707 0.760639 -1.193395
v 2.482707 0.760639 -0.912598
v 2.317408 0.944938 -1.193395
v 2.564613 -0.149543 0.914284
v 2.317408 -0.244247 0.948765
v 2.355868 -0.374084 0.962447
v 2.482707 -0.059949 0.905882
v 1.859454 -0.244247 0.948765
v 1.703219 -0.374084 0.962447
v 2.564613 0.298906 0.818093
v 2.482707 0.299105 0.822339
v 1.703219 -0.374084 0.962447
v 1.859454 -0.244247 0.948765
v 2.564613 0.850233 0.699835
v 2.564613 0.461844 0.178011
v 2.564613 0.850233 0.170374
v 2.564613 0.461844 0.783143
v 2.592321 0.298904 0.126614
v 2.592321 0.466559 0.126614
v 2.564613 0.298906 0.181215
v 2.368879 -0.425092 -1.193394
v 1.859454 -0.244247 -1.193395
v 1.703219 1.125782 -1.173461
v 1.859454 0.944938 -1.193395
v 1.703219 -0.425092 -1.193394
v 1.859454 0.944938 -0.918908
v 1.859454 -0.244247 -0.878194
v 1.859454 -0.244247 -1.193395
v 1.859454 0.944938 -1.193395
v 1.859454 0.944938 -0.918908
v 1.859454 0.944938 -1.193395
v 2.317408 0.944938 -0.918908
v 2.317408 0.944938 -1.193395
v 2.317408 -0.244247 -0.878194
v 2.317408 -0.244247 -1.193395
v 1.859454 -0.244247 -0.878194
v 1.859454 -0.244247 -1.193395
v 2.482707 -0.059949 -0.884504
v 2.317408 -0.244247 -1.193395
v 2.317408 -0.244247 -0.878194
v 2.482707 -0.059949 -1.193395
v 1.703219 1.125782 -1.173461
v 2.368879 1.678502 -1.046982
v 2.368879 1.125782 -1.173461
v 1.859454 0.944938 -1.193395
v 2.317408 0.944938 -1.193395
v 2.592321 0.885430 -1.193395
v 2.482707 0.760639 -1.193395
v 2.592321 0.885430 0.126614
v 2.592321 0.466559 0.126614
v 2.592321 0.466559 -0.019714
v 2.592321 0.885430 -0.019714
v 2.564613 0.850233 0.170374
v 2.564613 0.461844 0.178011
v 2.592321 0.466524 -0.503173
v 2.592321 0.885430 -0.503173
v 1.703219 1.125782 0.126614
v 2.355868 1.074775 0.165959
v 2.368879 1.125782 0.126614
v 1.703219 1.074775 0.165959
v 2.564613 -0.149543 0.190032
v 2.355868 -0.374084 0.194447
v 2.592321 -0.184740 0.126614
v 2.368879 -0.425092 0.126614
v 2.592321 0.885430 0.126614
v 2.355868 1.074775 0.165959
v 2.564613 0.850233 0.170374
v 2.368879 1.125782 0.126614
v 1.703219 -0.374084 0.962447
v 1.703219 -0.374084 0.194447
v 2.355868 -0.374084 0.962447
v 2.355868 -0.374084 0.194447
v 2.482707 0.299105 -0.896797
v 2.482707 0.449673 0.024299
v 2.482707 -0.059949 -1.193395
v 2.482707 -0.059949 -0.884504
v 2.482707 0.299105 -1.193395
v 2.482707 0.449673 -0.901951
v 2.482707 -0.059949 0.905882
v 2.317408 -0.244247 0.123561
v 2.317408 -0.244247 0.948765
v 2.482707 -0.059949 0.097198
v 2.317408 -0.244247 0.948765
v 2.317408 -0.244247 0.123561
v 1.859454 -0.244247 0.948765
v 1.859454 -0.244247 0.123561
v 1.859454 0.944938 0.672068
v 2.317408 0.944938 -0.046547
v 2.317408 0.944938 0.672068
v 1.859454 0.944938 -0.046547
v 1.859454 0.944938 0.672068
v 1.859454 -0.244247 0.123561
v 1.859454 0.944938 -0.046547
v 1.859454 -0.244247 0.948765
v 2.317408 0.944938 0.672068
v 2.482707 0.760639 -0.020184
v 2.482707 0.760639 0.714950
v 2.317408 0.944938 -0.046547
v 1.703219 1.125782 -0.019714
v 1.703219 1.678502 -0.442863
v 1.703219 1.125782 -0.494962
v 1.703219 1.678502 -0.019714
v 1.752807 1.650127 -0.019714
v 2.319291 1.650127 -0.019714
v 2.173063 1.796355 -0.019714
v 1.752807 1.179757 -0.019714
v 2.319291 1.179757 -0.019714
v 1.899035 1.796355 -0.019714
v 2.368879 1.125782 -0.019714
v 1.752807 1.179757 -0.019714
v 1.703219 1.125782 -0.019714
v 1.752807 1.650127 -0.019714
v 1.703219 1.678502 -0.019714
v 2.319291 1.179757 -0.019714
v 2.368879 1.678502 -0.019714
v 2.319291 1.650127 -0.019714
v 2.197050 1.850331 -0.019714
v 1.875047 1.850331 -0.426667
v 1.875047 1.850331 -0.019714
v 2.197050 1.850331 -0.426667
v 1.945611 1.583076 -0.590474
v 1.945611 1.583075 0.249060
v 1.930552 1.639289 0.249060
v 1.930552 1.639289 -0.590474
v 1.945611 1.695500 0.249060
v 1.986762 1.541925 -0.590474
v 1.986762 1.541925 0.249060
v 1.945611 1.583075 0.249060
v 1.945611 1.583076 -0.590474
v 2.042972 1.526864 -0.590474
v 2.099190 1.541925 0.249060
v 2.042972 1.526864 0.249060
v 1.986762 1.541925 0.249060
v 1.986762 1.541925 -0.590474
v 2.099190 1.541925 -0.590474
v 2.140338 1.583075 0.249060
v 2.099190 1.541925 -0.590474
v 2.140338 1.583076 -0.590474
v 2.099190 1.541925 0.249060
v 2.155400 1.639289 0.249060
v 2.140338 1.583076 -0.590474
v 2.155400 1.639289 -0.590474
v 2.140338 1.583075 0.249060
v 2.140338 1.695500 0.249060
v 2.140338 1.695500 -0.590475
v 2.099190 1.736650 0.249060
v 2.099190 1.736650 -0.590475
v 2.042972 1.751712 -0.590475
v 2.042972 1.751712 0.249060
v 2.099190 1.736650 0.249060
v 1.986762 1.736650 -0.590475
v 2.099190 1.736650 -0.590475
v 1.986762 1.736650 0.249060
v 2.042972 1.526864 -0.590474
v 2.140338 1.583076 -0.590474
v 2.099190 1.541925 -0.590474
v 2.155400 1.639289 -0.590474
v 2.042972 1.751712 -0.590475
v 2.140338 1.695500 -0.590475
v 1.930552 1.639289 -0.590474
v 1.986762 1.736650 -0.590475
v 2.099190 1.736650 -0.590475
v 1.986762 1.541925 -0.590474
v 1.945611 1.583076 -0.590474
v 1.945611 1.695500 -0.590475
v 1.945611 1.695500 -0.590475
v 1.945611 1.695500 0.249060
v 1.986762 1.736650 0.249060
v 1.986762 1.736650 -0.590475
v 1.945611 1.695500 -0.590475
v 2.093709 1.727659 0.544620
v 2.130848 1.690308 0.544620
v 2.161526 1.708120 0.544620
v 2.179866 1.639289 0.544620
v 2.111421 1.758509 0.544620
v 2.042972 1.776953 0.544620
v 2.042972 1.741329 0.544620
v 2.093709 1.550918 0.544620
v 2.042972 1.537247 0.011002
v 2.042972 1.537247 0.544620
v 2.093709 1.550918 0.011002
v 2.144443 1.639289 0.544620
v 2.130848 1.588268 0.544620
v 2.161526 1.570456 0.544620
v 2.093709 1.550918 0.544620
v 2.111421 1.520067 0.544620
v 2.042972 1.537247 0.544620
v 2.042972 1.501623 0.544620
v 1.974530 1.520067 0.544620
v 1.955104 1.690308 0.544620
v 1.906084 1.639289 0.544620
v 1.941509 1.639289 0.544620
v 1.924426 1.708120 0.544620
v 1.924426 1.570456 0.544620
v 1.955104 1.588268 0.544620
v 1.992246 1.727659 0.544620
v 1.974530 1.758509 0.544620
v 1.992246 1.550918 0.544620
v 2.130848 1.690308 0.011002
v 1.955104 1.690308 0.011002
v 1.941509 1.639287 0.011002
v 2.144443 1.639287 0.011002
v 1.992246 1.727657 0.011002
v 2.130848 1.588266 0.011002
v 1.955104 1.588266 0.011002
v 1.992246 1.550918 0.011002
v 2.093709 1.550918 0.011002
v 2.042972 1.537247 0.011002
v 2.093709 1.727657 0.011002
v 2.042972 1.741328 0.011002
v 1.955104 1.690308 0.544620
v 1.992246 1.727657 0.011002
v 1.992246 1.727659 0.544620
v 1.955104 1.690308 0.011002
v 1.955104 1.588268 0.544620
v 1.941509 1.639287 0.011002
v 1.941509 1.639289 0.544620
v 1.955104 1.588266 0.011002
v 1.955104 1.690308 0.011002
v 1.955104 1.690308 0.544620
v 1.992246 1.550918 0.544620
v 1.992246 1.550918 0.011002
v 2.093709 1.727659 0.544620
v 2.093709 1.727657 0.011002
v 2.130848 1.690308 0.544620
v 2.130848 1.690308 0.011002
v 2.130848 1.588266 0.011002
v 2.093709 1.550918 0.544620
v 2.130848 1.588268 0.544620
v 2.093709 1.550918 0.011002
v 2.144443 1.639287 0.011002
v 2.042972 1.741329 0.544620
v 2.093709 1.727657 0.011002
v 2.093709 1.727659 0.544620
v 2.042972 1.741328 0.011002
v 2.144443 1.639289 0.544620
v 2.130848 1.690308 0.544620
v 2.130848 1.690308 0.011002
v 2.042972 1.537247 0.544620
v 2.042972 1.537247 0.011002
v 1.992246 1.550918 0.544620
v 1.992246 1.550918 0.011002
v 1.992246 1.727659 0.544620
v 1.992246 1.727657 0.011002
v 2.042972 1.741329 0.544620
v 2.042972 1.741328 0.011002
v 1.906084 1.639289 0.258864
v 1.945611 1.695500 0.249060
v 1.930552 1.639289 0.249060
v 1.945611 1.583075 0.249060
v 1.924426 1.570456 0.258864
v 1.924426 1.708120 0.258864
v 1.986762 1.736650 0.249060
v 1.974530 1.758509 0.258864
v 2.042972 1.751712 0.249060
v 2.111421 1.758509 0.258864
v 2.099190 1.736650 0.249060
v 2.042972 1.776953 0.258864
v 2.161526 1.708120 0.258864
v 2.179866 1.639289 0.258864
v 2.140338 1.695500 0.249060
v 2.155400 1.639289 0.249060
v 2.140338 1.583075 0.249060
v 2.161526 1.570456 0.258864
v 2.099190 1.541925 0.249060
v 2.111421 1.520067 0.258864
v 2.042972 1.526864 0.249060
v 2.042972 1.501623 0.258864
v 1.974530 1.520067 0.258864
v 1.986762 1.541925 0.249060
v 1.924426 1.570456 0.544620
v 1.906084 1.639289 0.258864
v 1.924426 1.570456 0.258864
v 1.906084 1.639289 0.544620
v 1.924426 1.708120 0.544620
v 1.974530 1.520067 0.544620
v 1.924426 1.570456 0.258864
v 1.974530 1.520067 0.258864
v 1.924426 1.570456 0.544620
v 2.042972 1.501623 0.258864
v 2.042972 1.501623 0.544620
v 1.974530 1.520067 0.544620
v 1.974530 1.520067 0.258864
v 2.111421 1.520067 0.258864
v 2.111421 1.520067 0.544620
v 2.042972 1.501623 0.544620
v 2.042972 1.501623 0.258864
v 2.161526 1.570456 0.258864
v 2.161526 1.570456 0.544620
v 2.111421 1.520067 0.544620
v 2.111421 1.520067 0.258864
v 2.179866 1.639289 0.544620
v 2.161526 1.570456 0.258864
v 2.179866 1.639289 0.258864
v 2.161526 1.570456 0.544620
v 2.161526 1.708120 0.544620
v 2.161526 1.708120 0.258864
v 2.111421 1.758509 0.544620
v 2.111421 1.758509 0.258864
v 2.042972 1.776953 0.258864
v 2.042972 1.776953 0.544620
v 2.111421 1.758509 0.544620
v 2.111421 1.758509 0.258864
v 1.974530 1.758509 0.258864
v 1.974530 1.758509 0.544620
v 2.042972 1.776953 0.544620
v 2.042972 1.776953 0.258864
v 1.924426 1.708120 0.258864
v 1.974530 1.758509 0.544620
v 1.974530 1.758509 0.258864
v 1.987271 1.435761 -0.436074
v 1.987271 1.435761 0.073183
v 2.045046 1.451242 0.073183
v 2.045046 1.451242 -0.436074
v 1.944978 1.393468 -0.436074
v 1.944978 1.393468 0.073183
v 1.987271 1.435761 0.073183
v 1.929496 1.335693 -0.436074
v 1.987271 1.435761 -0.436074
v 1.929496 1.335693 0.073183
v 1.944978 1.277918 -0.436074
v 1.944978 1.277919 0.073183
v 1.929496 1.335693 0.073183
v 1.929496 1.335693 -0.436074
v 1.987271 1.235624 0.073183
v 1.944978 1.277918 -0.436074
v 1.987271 1.235625 -0.436074
v 1.944978 1.277919 0.073183
v 2.045046 1.220143 -0.436074
v 2.045046 1.220143 0.073183
v 1.987271 1.235624 0.073183
v 1.987271 1.235625 -0.436074
v 2.102819 1.235625 -0.436074
v 2.102819 1.235624 0.073183
v 2.045046 1.220143 0.073183
v 2.145115 1.277919 0.073183
v 2.045046 1.220143 -0.436074
v 2.145115 1.277918 -0.436074
v 2.160595 1.335693 0.073183
v 2.145115 1.277918 -0.436074
v 2.160595 1.335693 -0.436074
v 2.145115 1.277919 0.073183
v 2.145115 1.393468 0.073183
v 2.145115 1.393468 -0.436074
v 2.102819 1.435761 -0.436074
v 1.987271 1.435761 -0.436074
v 2.045046 1.451242 -0.436074
v 1.944978 1.393468 -0.436074
v 1.944978 1.277918 -0.436074
v 1.929496 1.335693 -0.436074
v 2.102819 1.235625 -0.436074
v 2.160595 1.335693 -0.436074
v 2.145115 1.277918 -0.436074
v 2.145115 1.393468 -0.436074
v 1.987271 1.235625 -0.436074
v 2.045046 1.220143 -0.436074
v 2.102819 1.435761 0.073183
v 2.145115 1.393468 -0.436074
v 2.102819 1.435761 -0.436074
v 2.145115 1.393468 0.073183
v 2.045046 1.451242 -0.436074
v 2.045046 1.451242 0.073183
v 2.102819 1.435761 0.073183
v 2.102819 1.435761 -0.436074
v 2.115792 1.213848 0.376958
v 2.135872 1.283549 0.376958
v 2.097485 1.245378 0.376958
v 2.167582 1.265346 0.376958
v 2.149923 1.335693 0.376958
v 2.045046 1.231406 0.376958
v 2.045046 1.194998 0.376958
v 1.954220 1.283549 -0.084538
v 1.940171 1.335693 0.376958
v 1.954220 1.283549 0.376958
v 1.940169 1.335693 -0.084538
v 1.992607 1.245378 0.376958
v 1.974301 1.213848 0.376958
v 1.954220 1.283549 0.376958
v 1.922513 1.265346 0.376958
v 1.940171 1.335693 0.376958
v 1.903557 1.335693 0.376958
v 1.954220 1.387836 0.376958
v 1.922513 1.406041 0.376958
v 2.045046 1.476388 0.376958
v 2.097485 1.426008 0.376958
v 2.115792 1.457538 0.376958
v 1.992607 1.426008 0.376958
v 2.045046 1.439979 0.376958
v 2.135872 1.387836 0.376958
v 2.167582 1.406041 0.376958
v 1.974301 1.457538 0.376958
v 2.186539 1.335693 0.376958
v 2.097485 1.245378 -0.084538
v 2.097485 1.426008 -0.084538
v 2.045044 1.439979 -0.084538
v 2.045044 1.231406 -0.084538
v 2.135872 1.387837 -0.084538
v 1.992607 1.245378 -0.084538
v 1.992607 1.426008 -0.084538
v 1.954220 1.387837 -0.084538
v 1.954220 1.283549 -0.084538
v 1.940169 1.335693 -0.084538
v 2.135872 1.283549 -0.084538
v 2.149923 1.335693 -0.084538
v 2.097485 1.426008 0.376958
v 2.135872 1.387837 -0.084538
v 2.135872 1.387836 0.376958
v 2.097485 1.426008 -0.084538
v 2.045046 1.439979 0.376958
v 2.045044 1.439979 -0.084538
v 1.992607 1.426008 0.376958
v 1.954220 1.387837 -0.084538
v 1.992607 1.426008 -0.084538
v 2.135872 1.283549 0.376958
v 2.097485 1.245378 -0.084538
v 2.097485 1.245378 0.376958
v 2.135872 1.283549 -0.084538
v 1.992607 1.245378 0.376958
v 1.992607 1.245378 -0.084538
v 1.954220 1.283549 0.376958
v 1.954220 1.283549 -0.084538
v 1.954220 1.387836 0.376958
v 2.149923 1.335693 0.376958
v 2.135872 1.283549 -0.084538
v 2.135872 1.283549 0.376958
v 2.149923 1.335693 -0.084538
v 2.045046 1.231406 0.376958
v 2.097485 1.245378 -0.084538
v 2.045044 1.231406 -0.084538
v 1.992607 1.245378 0.376958
v 1.992607 1.245378 -0.084538
v 1.940171 1.335693 0.376958
v 1.940169 1.335693 -0.084538
v 1.954220 1.387836 0.376958
v 1.954220 1.387837 -0.084538
v 2.135872 1.387836 0.376958
v 2.149923 1.335693 -0.084538
v 2.149923 1.335693 0.376958
v 2.135872 1.387837 -0.084538
v 2.097485 1.245378 0.376958
v 2.045046 1.476388 0.083260
v 2.102819 1.435761 0.073183
v 2.045046 1.451242 0.073183
v 1.987271 1.435761 0.073183
v 1.974301 1.457538 0.083260
v 2.115792 1.457538 0.083260
v 2.145115 1.393468 0.073183
v 2.167582 1.406040 0.083260
v 2.160595 1.335693 0.073183
v 2.186539 1.335693 0.083260
v 2.167582 1.265346 0.083260
v 2.145115 1.277919 0.073183
v 2.115792 1.213848 0.083260
v 2.102819 1.235624 0.073183
v 2.045046 1.194998 0.083260
v 1.987271 1.235624 0.073183
v 2.045046 1.220143 0.073183
v 1.974301 1.213848 0.083260
v 1.944978 1.277919 0.073183
v 1.922513 1.265346 0.083260
v 1.929496 1.335693 0.073183
v 1.903557 1.335693 0.083260
v 1.922513 1.406040 0.083260
v 1.944978 1.393468 0.073183
v 1.903557 1.335693 0.376958
v 1.922513 1.406040 0.331670
v 1.903557 1.335693 0.331670
v 1.922513 1.406041 0.376958
v 1.922513 1.406041 0.376958
v 1.974301 1.457538 0.376958
v 1.922513 1.406040 0.331670
v 1.974301 1.457538 0.331670
v 1.922513 1.265346 0.376958
v 1.903557 1.335693 0.331670
v 1.922513 1.265346 0.331670
v 1.903557 1.335693 0.376958
v 1.974301 1.213848 0.376958
v 1.974301 1.213848 0.331670
v 2.045046 1.194998 0.331670
v 1.922513 1.265346 0.376958
v 1.922513 1.265346 0.331670
v 2.045046 1.194998 0.376958
v 2.115792 1.213848 0.331670
v 2.115792 1.213848 0.376958
v 2.167582 1.265346 0.331670
v 2.167582 1.265346 0.376958
v 2.186539 1.335693 0.376958
v 2.167582 1.265346 0.376958
v 2.186539 1.335693 0.331670
v 2.167582 1.265346 0.331670
v 2.167582 1.406041 0.376958
v 2.186539 1.335693 0.376958
v 2.167582 1.406040 0.331670
v 2.186539 1.335693 0.331670
v 2.115792 1.457538 0.376958
v 2.167582 1.406041 0.376958
v 2.115792 1.457538 0.331670
v 2.167582 1.406040 0.331670
v 2.045046 1.476388 0.376958
v 2.115792 1.457538 0.376958
v 2.045046 1.476388 0.331670
v 1.974301 1.457538 0.331670
v 2.115792 1.457538 0.331670
v 2.045625 1.465776 0.330851
v 2.111495 1.448225 0.330851
v 2.111495 1.448225 0.308723
v 2.045625 1.465776 0.308723
v 2.045046 1.476388 0.083260
v 2.045046 1.476388 0.307903
v 2.115792 1.457538 0.307903
v 1.974301 1.457538 0.083260
v 2.115792 1.457538 0.083260
v 2.115792 1.457538 0.307903
v 2.167582 1.406040 0.083260
v 2.115792 1.457538 0.083260
v 2.167582 1.406040 0.307903
v 2.167582 1.406040 0.307903
v 2.186539 1.335693 0.083260
v 2.167582 1.406040 0.083260
v 2.186539 1.335693 0.307903
v 2.186539 1.335693 0.307903
v 2.167582 1.265346 0.083260
v 2.186539 1.335693 0.083260
v 2.167582 1.265346 0.307903
v 2.167582 1.265346 0.307903
v 2.115792 1.213848 0.083260
v 2.167582 1.265346 0.083260
v 2.115792 1.213848 0.307903
v 2.045046 1.194998 0.083260
v 2.045046 1.194998 0.307903
v 1.974301 1.213848 0.307903
v 1.974301 1.213848 0.083260
v 1.922513 1.265346 0.307903
v 1.922513 1.265346 0.083260
v 1.922513 1.265346 0.083260
v 1.922513 1.265346 0.307903
v 1.903557 1.335693 0.307903
v 1.903557 1.335693 0.083260
v 1.903557 1.335693 0.083260
v 1.903557 1.335693 0.307903
v 1.922513 1.406040 0.307903
v 1.922513 1.406040 0.083260
v 1.974301 1.457538 0.307903
v 1.922513 1.406040 0.307903
v 1.974301 1.457538 0.083260
v 1.922513 1.406040 0.083260
v 1.974301 1.457538 0.307903
v 2.045625 1.203784 0.308723
v 2.115792 1.213848 0.307903
v 2.111495 1.221335 0.308723
v 2.167582 1.265346 0.307903
v 2.159713 1.269282 0.308723
v 2.045046 1.194998 0.307903
v 1.979756 1.221335 0.308723
v 1.974301 1.213848 0.307903
v 1.974301 1.213848 0.331670
v 1.931538 1.269282 0.330851
v 1.979756 1.221335 0.330851
v 1.922513 1.265346 0.331670
v 2.045046 1.194998 0.331670
v 1.903557 1.335693 0.331670
v 1.913890 1.334781 0.330851
v 2.186539 1.335693 0.331670
v 2.159713 1.400278 0.330851
v 2.167582 1.406040 0.331670
v 2.177363 1.334781 0.330851
v 2.111495 1.448225 0.330851
v 2.115792 1.457538 0.331670
v 2.167582 1.265346 0.331670
v 2.159713 1.269282 0.330851
v 2.045625 1.465776 0.308723
v 2.111495 1.448225 0.308723
v 2.115792 1.457538 0.307903
v 2.159713 1.400278 0.308723
v 2.167582 1.406040 0.307903
v 2.045046 1.476388 0.307903
v 1.979756 1.448225 0.308723
v 1.931538 1.269282 0.308723
v 1.922513 1.265346 0.307903
v 1.913890 1.334781 0.308723
v 1.903557 1.335693 0.307903
v 2.186539 1.335693 0.307903
v 2.177363 1.334781 0.308723
v 1.931538 1.400278 0.330851
v 1.922513 1.406040 0.331670
v 1.979756 1.448225 0.330851
v 2.115792 1.213848 0.331670
v 2.111495 1.221335 0.330851
v 2.045625 1.203784 0.330851
v 1.931538 1.400278 0.308723
v 1.922513 1.406040 0.307903
v 1.974301 1.457538 0.307903
v 2.045625 1.465776 0.330851
v 2.045046 1.476388 0.331670
v 1.974301 1.457538 0.376958
v 2.111495 1.448225 0.330851
v 2.159713 1.400278 0.330851
v 2.159713 1.400278 0.308723
v 2.111495 1.448225 0.308723
v 2.159713 1.400278 0.330851
v 2.177363 1.334781 0.308723
v 2.159713 1.400278 0.308723
v 2.177363 1.334781 0.330851
v 2.177363 1.334781 0.330851
v 2.159713 1.269282 0.308723
v 2.177363 1.334781 0.308723
v 2.159713 1.269282 0.330851
v 2.159713 1.269282 0.330851
v 2.111495 1.221335 0.308723
v 2.159713 1.269282 0.308723
v 2.111495 1.221335 0.330851
v 2.045625 1.203784 0.308723
v 2.045625 1.203784 0.330851
v 1.979756 1.221335 0.308723
v 1.979756 1.221335 0.330851
v 1.931538 1.269282 0.308723
v 1.931538 1.269282 0.330851
v 1.931538 1.269282 0.330851
v 1.913890 1.334781 0.308723
v 1.931538 1.269282 0.308723
v 1.913890 1.334781 0.330851
v 1.931538 1.400278 0.330851
v 1.913890 1.334781 0.308723
v 1.913890 1.334781 0.330851
v 1.931538 1.400278 0.308723
v 1.931538 1.400278 0.330851
v 1.979756 1.448225 0.330851
v 1.979756 1.448225 0.308723
v 1.931538 1.400278 0.308723
v 1.979756 1.448225 0.330851
v 1.979756 1.448225 0.308723
v 1.974301 1.457538 0.331670
v 1.703219 1.678502 -0.442863
v 1.875047 1.850331 -1.007663
v 1.703219 1.678502 -1.046982
v 1.875047 1.850331 -0.426667
v 2.197050 1.850331 -1.007663
v 2.197050 1.850331 -0.426667
v 2.368879 1.678502 -0.442864
v 2.368879 1.678502 -1.046982
v 1.703219 1.678502 -1.046982
v 2.197050 1.850331 -1.007663
v 1.875047 1.850331 -1.007663
v 2.173063 1.796355 -0.019714
v 2.197050 1.850331 -0.019714
v 1.899035 1.796355 -0.019714
v 1.875047 1.850331 -0.019714
v 2.482707 0.760639 0.714950
v 2.482707 0.760639 -0.020184
v 2.564613 0.461844 0.783143
v 2.482707 0.449673 0.787305
v 2.592321 0.298946 -0.503173
v 2.592321 0.466559 -0.019714
v 2.592321 0.298904 -0.019714
v 2.592321 -0.184740 -1.193395
v 2.592321 0.299004 -1.193395
v 2.592321 -0.184740 -0.503173
v 2.592321 0.466524 -0.503173
v 2.482707 0.760639 -0.912598
v 2.482707 0.449673 -1.193395
v 2.482707 0.760639 -1.193395
v 2.564613 0.298906 0.818093
v 2.564613 -0.149543 0.190032
v 2.564613 -0.149543 0.914284
v 2.564613 0.298906 0.181215
v 2.592321 0.885430 -0.503173
v 2.592321 0.885430 -1.193395
v 2.592321 0.466472 -1.193395
v 2.592321 0.885430 0.126614
v 2.197050 1.850331 -0.426667
v 2.197050 1.850331 -0.019714
v 2.368879 1.678502 -0.019714
v 2.368879 1.678502 -0.442864
v 1.703219 1.678502 -0.019714
v 1.875047 1.850331 -0.426667
v 1.703219 1.678502 -0.442863
v 1.875047 1.850331 -0.019714
v 2.197050 1.850331 -0.426667
v 2.197050 1.850331 -1.007663
v 1.875047 1.850331 -0.426667
v 1.875047 1.850331 -1.007663
v 1.703219 1.125782 -0.494962
v 1.703219 1.678502 -1.046982
v 1.703219 1.125782 -1.173461
v 1.703219 1.678502 -0.442863
v 1.703219 -0.425092 -0.503173
v 2.592321 0.885430 -0.503173
v 2.368879 1.125782 -1.173461
v 2.368879 1.125782 -0.494962
v 2.592321 0.885430 -1.193395
v 2.592321 -0.184740 -0.503173
v 2.368879 -0.425092 -1.193394
v 2.592321 -0.184740 -1.193395
v 2.368879 -0.425092 -0.503173
v 2.368879 1.678502 -0.019714
v 2.368879 1.125782 -0.019714
v 2.368879 1.678502 -0.442864
v 2.368879 1.125782 -0.494962
v 2.482707 0.760639 -0.020184
v 2.482707 0.449673 -0.901951
v 2.482707 0.449673 0.024299
v 2.482707 0.760639 -0.912598
v 2.482707 0.299105 0.045837
v 2.482707 -0.059949 -0.884504
v 2.482707 -0.059949 0.097198
v 2.482707 0.299105 -0.896797
v 2.482707 -0.059949 0.097198
v 2.317408 -0.244247 -0.878194
v 2.317408 -0.244247 0.123561
v 2.482707 -0.059949 -0.884504
v 2.317408 -0.244247 0.123561
v 2.317408 -0.244247 -0.878194
v 1.859454 -0.244247 0.123561
v 1.859454 -0.244247 -0.878194
v 1.859454 0.944938 -0.046547
v 2.317408 0.944938 -0.918908
v 2.317408 0.944938 -0.046547
v 1.859454 0.944938 -0.918908
v 1.859454 -0.244247 0.123561
v 1.859454 -0.244247 -0.878194
v 1.859454 0.944938 -0.046547
v 1.859454 0.944938 -0.918908
v 2.317408 0.944938 -0.046547
v 2.482707 0.760639 -0.912598
v 2.482707 0.760639 -0.020184
v 2.317408 0.944938 -0.918908
v -2.317408 0.944938 0.672068
v -2.564613 0.850233 0.699835
v -2.482707 0.760639 0.714950
v -1.859454 0.944938 0.672068
v -2.355868 1.074775 0.651671
v -2.564613 0.461844 0.783143
v -2.482707 0.449673 0.787305
v -2.368879 1.678502 -0.442864
v -2.368879 1.678502 -1.046982
v -2.368879 1.125782 -0.494962
v -2.368879 1.125782 -1.173461
v -2.482707 0.299105 0.822339
v -2.482707 -0.059949 0.097198
v -2.482707 0.299105 0.045837
v -2.482707 0.449673 0.787305
v -2.482707 -0.059949 0.905882
v -2.482707 0.299105 -0.896797
v -2.482707 0.449673 0.024299
v -2.592321 -0.184740 -0.019714
v -2.368879 -0.425092 -0.503173
v -2.368879 -0.425092 -0.019714
v -2.592321 -0.184740 -0.503173
v -2.482707 -0.059949 -1.193395
v -2.592321 0.299004 -1.193395
v -2.482707 0.299105 -1.193395
v -2.592321 -0.184740 -1.193395
v -2.592321 0.466472 -1.193395
v -2.482707 0.449673 -1.193395
v -2.317408 -0.244247 -1.193395
v -2.368879 -0.425092 -1.193394
v -2.368879 -0.425092 0.126614
v -1.703219 -0.425092 0.126614
v -2.355868 -0.374084 0.194447
v -1.703219 -0.374084 0.194447
v -2.355868 1.074775 0.651671
v -2.564613 0.850233 0.170374
v -2.564613 0.850233 0.699835
v -2.355868 1.074775 0.165959
v -2.564613 -0.149543 0.914284
v -2.355868 -0.374084 0.194447
v -2.355868 -0.374084 0.962447
v -2.564613 -0.149543 0.190032
v -2.368879 1.125782 -0.019714
v -2.592321 0.885430 0.126614
v -2.368879 1.125782 0.126614
v -2.368879 1.125782 -0.494962
v -2.592321 0.885430 -0.019714
v -2.592321 0.885430 -0.503173
v -2.355868 1.074775 0.651671
v -1.703219 1.074775 0.165959
v -2.355868 1.074775 0.165959
v -1.703219 1.074775 0.651671
v -2.368879 -0.425092 0.126614
v -1.703219 -0.425092 -0.019714
v -1.703219 -0.425092 0.126614
v -2.368879 -0.425092 -0.503173
v -1.703219 -0.425092 -0.503173
v -2.368879 -0.425092 -0.019714
v -2.368879 -0.425092 0.126614
v -2.592321 -0.184740 0.126614
v -1.703219 1.125782 -0.019714
v -2.368879 1.125782 0.126614
v -1.703219 1.125782 0.126614
v -2.368879 1.125782 -0.019714
v -2.592321 0.298904 0.126614
v -2.564613 -0.149543 0.190032
v -2.564613 0.298906 0.181215
v -2.592321 -0.184740 -0.019714
v -2.592321 -0.184740 0.126614
v -2.592321 0.298904 -0.019714
v -2.592321 -0.184740 -0.503173
v -1.703219 -0.425092 -0.503173
v -2.368879 -0.425092 -0.503173
v -1.703219 -0.425092 -1.193394
v -2.368879 -0.425092 -1.193394
v -2.317408 0.944938 -0.918908
v -2.482707 0.760639 -1.193395
v -2.317408 0.944938 -1.193395
v -2.482707 0.760639 -0.912598
v -2.317408 -0.244247 0.948765
v -2.564613 -0.149543 0.914284
v -2.355868 -0.374084 0.962447
v -2.482707 -0.059949 0.905882
v -1.859454 -0.244247 0.948765
v -2.564613 0.298906 0.818093
v -1.859454 0.944938 0.672068
v -1.703219 -0.374084 0.962447
v -1.703219 1.074775 0.651671
v -1.703219 1.074775 0.651671
v -2.564613 0.850233 0.699835
v -2.564613 0.461844 0.178011
v -2.564613 0.461844 0.783143
v -2.592321 0.298904 0.126614
v -2.564613 0.298906 0.181215
v -2.564613 0.850233 0.170374
v -2.564613 0.298906 0.818093
v -1.859454 -0.244247 -1.193395
v -1.703219 -0.425092 -1.193394
v -1.859454 0.944938 -1.193395
v -1.859454 -0.244247 -1.193395
v -1.859454 0.944938 -0.918908
v -1.859454 -0.244247 -0.878194
v -1.859454 0.944938 -0.918908
v -2.317408 0.944938 -0.918908
v -1.859454 0.944938 -1.193395
v -2.317408 0.944938 -1.193395
v -2.317408 -0.244247 -0.878194
v -1.859454 -0.244247 -0.878194
v -2.317408 -0.244247 -1.193395
v -1.859454 -0.244247 -1.193395
v -2.482707 -0.059949 -0.884504
v -2.317408 -0.244247 -1.193395
v -2.482707 -0.059949 -1.193395
v -2.317408 -0.244247 -0.878194
v -1.859454 0.944938 -1.193395
v -2.317408 0.944938 -1.193395
v -2.368879 1.125782 -1.173461
v -1.703219 1.125782 -1.173461
v -2.592321 0.885430 -1.193395
v -2.368879 1.678502 -1.046982
v -1.859454 -0.244247 -1.193395
v -1.703219 -0.425092 -1.193394
v -2.592321 0.885430 0.126614
v -2.592321 0.466559 -0.019714
v -2.592321 0.466559 0.126614
v -2.592321 0.885430 -0.503173
v -2.592321 0.466524 -0.503173
v -2.592321 0.885430 -0.019714
v -2.564613 0.850233 0.170374
v -2.592321 0.885430 0.126614
v -2.482707 0.760639 -1.193395
v -2.355868 1.074775 0.165959
v -1.703219 1.125782 0.126614
v -2.368879 1.125782 0.126614
v -1.703219 1.074775 0.165959
v -2.355868 -0.374084 0.194447
v -2.564613 -0.149543 0.190032
v -2.592321 -0.184740 0.126614
v -2.368879 -0.425092 0.126614
v -2.355868 1.074775 0.165959
v -2.592321 0.885430 0.126614
v -2.564613 0.850233 0.170374
v -2.368879 1.125782 0.126614
v -1.703219 -0.374084 0.962447
v -2.355868 -0.374084 0.962447
v -1.703219 -0.374084 0.194447
v -2.355868 -0.374084 0.194447
v -2.482707 0.299105 -1.193395
v -2.482707 0.449673 -0.901951
v -2.482707 -0.059949 -1.193395
v -2.482707 -0.059949 -0.884504
v -2.482707 -0.059949 0.905882
v -2.317408 -0.244247 0.123561
v -2.482707 -0.059949 0.097198
v -2.317408 -0.244247 0.948765
v -2.317408 -0.244247 0.123561
v -2.317408 -0.244247 0.948765
v -1.859454 -0.244247 0.948765
v -1.859454 -0.244247 0.123561
v -1.859454 0.944938 0.672068
v -2.317408 0.944938 -0.046547
v -1.859454 0.944938 -0.046547
v -2.317408 0.944938 0.672068
v -1.859454 0.944938 -0.046547
v -1.859454 -0.244247 0.123561
v -1.859454 0.944938 0.672068
v -1.859454 -0.244247 0.948765
v -2.317408 0.944938 0.672068
v -2.482707 0.760639 -0.020184
v -2.317408 0.944938 -0.046547
v -2.482707 0.760639 0.714950
v -1.703219 1.125782 -0.019714
v -1.703219 1.678502 -0.442863
v -1.703219 1.678502 -0.019714
v -1.703219 1.125782 -0.494962
v -1.752807 1.650127 -0.019714
v -2.319291 1.650127 -0.019714
v -2.319291 1.179757 -0.019714
v -1.752807 1.179757 -0.019714
v -2.173063 1.796355 -0.019714
v -1.899035 1.796355 -0.019714
v -2.368879 1.125782 -0.019714
v -1.752807 1.179757 -0.019714
v -2.319291 1.179757 -0.019714
v -1.703219 1.678502 -0.019714
v -1.752807 1.650127 -0.019714
v -1.703219 1.125782 -0.019714
v -2.368879 1.678502 -0.019714
v -2.197050 1.850331 -0.019714
v -1.875047 1.850331 -0.426667
v -2.197050 1.850331 -0.426667
v -1.875047 1.850331 -0.019714
v -1.945611 1.583075 0.249060
v -1.945611 1.583076 -0.590474
v -1.930552 1.639289 0.249060
v -1.930552 1.639289 -0.590474
v -1.945611 1.695500 0.249060
v -1.986762 1.541925 0.249060
v -1.986762 1.541925 -0.590474
v -1.945611 1.583075 0.249060
v -1.945611 1.583076 -0.590474
v -2.042972 1.526864 0.249060
v -2.042972 1.526864 -0.590474
v -1.986762 1.541925 0.249060
v -2.099190 1.541925 0.249060
v -2.099190 1.541925 -0.590474
v -1.986762 1.541925 -0.590474
v -2.140338 1.583075 0.249060
v -2.099190 1.541925 -0.590474
v -2.099190 1.541925 0.249060
v -2.140338 1.583076 -0.590474
v -2.155400 1.639289 0.249060
v -2.140338 1.583076 -0.590474
v -2.140338 1.583075 0.249060
v -2.155400 1.639289 -0.590474
v -2.140338 1.695500 0.249060
v -2.140338 1.695500 -0.590475
v -2.099190 1.736650 0.249060
v -2.099190 1.736650 -0.590475
v -2.042972 1.751712 0.249060
v -2.042972 1.751712 -0.590475
v -2.099190 1.736650 0.249060
v -1.986762 1.736650 -0.590475
v -2.099190 1.736650 -0.590475
v -1.986762 1.736650 0.249060
v -2.042972 1.751712 -0.590475
v -2.140338 1.695500 -0.590475
v -2.099190 1.736650 -0.590475
v -2.155400 1.639289 -0.590474
v -1.930552 1.639289 -0.590474
v -2.042972 1.526864 -0.590474
v -1.986762 1.541925 -0.590474
v -1.986762 1.736650 -0.590475
v -1.945611 1.695500 -0.590475
v -1.945611 1.583076 -0.590474
v -2.140338 1.583076 -0.590474
v -2.099190 1.541925 -0.590474
v -1.945611 1.695500 0.249060
v -1.945611 1.695500 -0.590475
v -1.986762 1.736650 0.249060
v -1.986762 1.736650 -0.590475
v -1.945611 1.695500 -0.590475
v -2.093709 1.727659 0.544620
v -2.161526 1.708120 0.544620
v -2.130848 1.690308 0.544620
v -2.111421 1.758509 0.544620
v -2.179866 1.639289 0.544620
v -2.144443 1.639289 0.544620
v -2.093709 1.550918 0.544620
v -2.042972 1.537247 0.011002
v -2.093709 1.550918 0.011002
v -2.042972 1.537247 0.544620
v -2.130848 1.588268 0.544620
v -2.161526 1.570456 0.544620
v -2.093709 1.550918 0.544620
v -2.111421 1.520067 0.544620
v -2.042972 1.537247 0.544620
v -2.042972 1.501623 0.544620
v -1.974530 1.520067 0.544620
v -1.992246 1.550918 0.544620
v -1.955104 1.690308 0.544620
v -1.906084 1.639289 0.544620
v -1.924426 1.708120 0.544620
v -1.941509 1.639289 0.544620
v -1.992246 1.727659 0.544620
v -1.955104 1.588268 0.544620
v -1.924426 1.570456 0.544620
v -1.974530 1.758509 0.544620
v -2.042972 1.741329 0.544620
v -2.042972 1.776953 0.544620
v -2.130848 1.588266 0.011002
v -1.955104 1.588266 0.011002
v -1.941509 1.639287 0.011002
v -2.144443 1.639287 0.011002
v -1.992246 1.550918 0.011002
v -2.130848 1.690308 0.011002
v -1.955104 1.690308 0.011002
v -1.992246 1.727657 0.011002
v -2.093709 1.727657 0.011002
v -2.042972 1.741328 0.011002
v -2.093709 1.550918 0.011002
v -2.042972 1.537247 0.011002
v -1.955104 1.690308 0.544620
v -1.992246 1.727657 0.011002
v -1.955104 1.690308 0.011002
v -1.992246 1.727659 0.544620
v -1.955104 1.588268 0.544620
v -1.941509 1.639287 0.011002
v -1.955104 1.588266 0.011002
v -1.941509 1.639289 0.544620
v -1.992246 1.550918 0.544620
v -1.955104 1.690308 0.011002
v -2.093709 1.727657 0.011002
v -2.093709 1.727659 0.544620
v -2.130848 1.690308 0.544620
v -2.130848 1.690308 0.011002
v -2.130848 1.588266 0.011002
v -2.130848 1.588268 0.544620
v -2.093709 1.550918 0.544620
v -2.144443 1.639287 0.011002
v -2.093709 1.550918 0.011002
v -1.955104 1.690308 0.544620
v -1.992246 1.550918 0.011002
v -2.042972 1.741329 0.544620
v -2.093709 1.727657 0.011002
v -2.042972 1.741328 0.011002
v -2.093709 1.727659 0.544620
v -2.130848 1.690308 0.544620
v -2.144443 1.639289 0.544620
v -2.042972 1.537247 0.011002
v -2.042972 1.537247 0.544620
v -1.992246 1.550918 0.544620
v -1.992246 1.550918 0.011002
v -1.992246 1.727657 0.011002
v -1.992246 1.727659 0.544620
v -2.042972 1.741329 0.544620
v -2.042972 1.741328 0.011002
v -2.130848 1.690308 0.011002
v -1.906084 1.639289 0.258864
v -1.945611 1.695500 0.249060
v -1.924426 1.708120 0.258864
v -1.945611 1.583075 0.249060
v -1.930552 1.639289 0.249060
v -1.986762 1.736650 0.249060
v -1.974530 1.758509 0.258864
v -2.042972 1.751712 0.249060
v -2.042972 1.776953 0.258864
v -2.111421 1.758509 0.258864
v -2.099190 1.736650 0.249060
v -2.161526 1.708120 0.258864
v -2.140338 1.695500 0.249060
v -2.179866 1.639289 0.258864
v -2.140338 1.583075 0.249060
v -2.161526 1.570456 0.258864
v -2.155400 1.639289 0.249060
v -2.099190 1.541925 0.249060
v -2.111421 1.520067 0.258864
v -2.042972 1.526864 0.249060
v -2.042972 1.501623 0.258864
v -1.974530 1.520067 0.258864
v -1.986762 1.541925 0.249060
v -1.924426 1.570456 0.258864
v -1.924426 1.570456 0.544620
v -1.906084 1.639289 0.258864
v -1.906084 1.639289 0.544620
v -1.924426 1.570456 0.258864
v -1.924426 1.708120 0.544620
v -1.974530 1.520067 0.544620
v -1.924426 1.570456 0.258864
v -1.924426 1.570456 0.544620
v -1.974530 1.520067 0.258864
v -2.042972 1.501623 0.544620
v -2.042972 1.501623 0.258864
v -1.974530 1.520067 0.544620
v -1.974530 1.520067 0.258864
v -2.111421 1.520067 0.544620
v -2.111421 1.520067 0.258864
v -2.042972 1.501623 0.544620
v -2.042972 1.501623 0.258864
v -2.161526 1.570456 0.544620
v -2.161526 1.570456 0.258864
v -2.111421 1.520067 0.544620
v -2.111421 1.520067 0.258864
v -2.179866 1.639289 0.544620
v -2.161526 1.570456 0.258864
v -2.161526 1.570456 0.544620
v -2.179866 1.639289 0.258864
v -2.161526 1.708120 0.544620
v -2.161526 1.708120 0.258864
v -2.111421 1.758509 0.544620
v -2.111421 1.758509 0.258864
v -2.042972 1.776953 0.544620
v -2.042972 1.776953 0.258864
v -2.111421 1.758509 0.544620
v -2.111421 1.758509 0.258864
v -1.974530 1.758509 0.544620
v -1.974530 1.758509 0.258864
v -2.042972 1.776953 0.544620
v -2.042972 1.776953 0.258864
v -1.924426 1.708120 0.258864
v -1.974530 1.758509 0.544620
v -1.974530 1.758509 0.258864
v -1.987271 1.435761 0.073183
v -1.987271 1.435761 -0.436074
v -2.045046 1.451242 0.073183
v -2.045046 1.451242 -0.436074
v -1.944978 1.393468 0.073183
v -1.929496 1.335693 -0.436074
v -1.944978 1.393468 -0.436074
v -1.987271 1.435761 0.073183
v -1.987271 1.435761 -0.436074
v -1.929496 1.335693 0.073183
v -1.944978 1.277919 0.073183
v -1.944978 1.277918 -0.436074
v -1.929496 1.335693 0.073183
v -1.929496 1.335693 -0.436074
v -1.987271 1.235624 0.073183
v -1.944978 1.277918 -0.436074
v -1.944978 1.277919 0.073183
v -1.987271 1.235625 -0.436074
v -2.045046 1.220143 -0.436074
v -1.987271 1.235624 0.073183
v -2.045046 1.220143 0.073183
v -1.987271 1.235625 -0.436074
v -2.102819 1.235624 0.073183
v -2.102819 1.235625 -0.436074
v -2.045046 1.220143 0.073183
v -2.145115 1.277919 0.073183
v -2.145115 1.277918 -0.436074
v -2.045046 1.220143 -0.436074
v -2.160595 1.335693 0.073183
v -2.145115 1.277918 -0.436074
v -2.145115 1.277919 0.073183
v -2.160595 1.335693 -0.436074
v -2.145115 1.393468 0.073183
v -2.145115 1.393468 -0.436074
v -2.102819 1.235625 -0.436074
v -1.944978 1.277918 -0.436074
v -1.987271 1.235625 -0.436074
v -2.045046 1.220143 -0.436074
v -2.160595 1.335693 -0.436074
v -2.102819 1.435761 -0.436074
v -1.944978 1.393468 -0.436074
v -1.929496 1.335693 -0.436074
v -2.145115 1.277918 -0.436074
v -2.145115 1.393468 -0.436074
v -1.987271 1.435761 -0.436074
v -2.045046 1.451242 -0.436074
v -2.102819 1.435761 0.073183
v -2.145115 1.393468 -0.436074
v -2.145115 1.393468 0.073183
v -2.102819 1.435761 -0.436074
v -2.045046 1.451242 0.073183
v -2.045046 1.451242 -0.436074
v -2.102819 1.435761 0.073183
v -2.102819 1.435761 -0.436074
v -2.135872 1.283549 0.376958
v -2.115792 1.213848 0.376958
v -2.097485 1.245378 0.376958
v -2.045046 1.194998 0.376958
v -2.045046 1.231406 0.376958
v -2.167582 1.265346 0.376958
v -2.149923 1.335693 0.376958
v -1.954220 1.283549 -0.084538
v -1.954220 1.283549 0.376958
v -1.940171 1.335693 0.376958
v -1.940169 1.335693 -0.084538
v -1.992607 1.245378 0.376958
v -1.974301 1.213848 0.376958
v -1.954220 1.283549 0.376958
v -1.922513 1.265346 0.376958
v -1.940171 1.335693 0.376958
v -1.922513 1.406041 0.376958
v -1.954220 1.387836 0.376958
v -1.903557 1.335693 0.376958
v -2.097485 1.426008 0.376958
v -2.045046 1.476388 0.376958
v -2.115792 1.457538 0.376958
v -2.045046 1.439979 0.376958
v -1.992607 1.426008 0.376958
v -2.135872 1.387836 0.376958
v -1.974301 1.457538 0.376958
v -2.167582 1.406041 0.376958
v -2.186539 1.335693 0.376958
v -1.992607 1.245378 -0.084538
v -1.992607 1.426008 -0.084538
v -2.045044 1.439979 -0.084538
v -2.045044 1.231406 -0.084538
v -1.954220 1.387837 -0.084538
v -2.097485 1.245378 -0.084538
v -2.097485 1.426008 -0.084538
v -2.135872 1.387837 -0.084538
v -2.135872 1.283549 -0.084538
v -2.149923 1.335693 -0.084538
v -1.954220 1.283549 -0.084538
v -1.940169 1.335693 -0.084538
v -2.097485 1.426008 0.376958
v -2.135872 1.387837 -0.084538
v -2.097485 1.426008 -0.084538
v -2.135872 1.387836 0.376958
v -2.045046 1.439979 0.376958
v -1.992607 1.426008 0.376958
v -2.045044 1.439979 -0.084538
v -1.992607 1.426008 -0.084538
v -1.954220 1.387837 -0.084538
v -2.135872 1.283549 0.376958
v -2.097485 1.245378 -0.084538
v -2.135872 1.283549 -0.084538
v -2.097485 1.245378 0.376958
v -1.992607 1.245378 -0.084538
v -1.992607 1.245378 0.376958
v -1.954220 1.283549 0.376958
v -1.954220 1.283549 -0.084538
v -1.954220 1.387836 0.376958
v -2.149923 1.335693 0.376958
v -2.135872 1.283549 -0.084538
v -2.149923 1.335693 -0.084538
v -2.135872 1.283549 0.376958
v -2.045044 1.231406 -0.084538
v -2.045046 1.231406 0.376958
v -1.992607 1.245378 0.376958
v -2.097485 1.245378 -0.084538
v -1.992607 1.245378 -0.084538
v -1.940169 1.335693 -0.084538
v -1.940171 1.335693 0.376958
v -1.954220 1.387836 0.376958
v -1.954220 1.387837 -0.084538
v -2.135872 1.387836 0.376958
v -2.149923 1.335693 -0.084538
v -2.135872 1.387837 -0.084538
v -2.149923 1.335693 0.376958
v -2.097485 1.245378 0.376958
v -2.102819 1.435761 0.073183
v -2.045046 1.476388 0.083260
v -2.045046 1.451242 0.073183
v -1.974301 1.457538 0.083260
v -1.987271 1.435761 0.073183
v -2.115792 1.457538 0.083260
v -2.145115 1.393468 0.073183
v -2.167582 1.406040 0.083260
v -2.160595 1.335693 0.073183
v -2.186539 1.335693 0.083260
v -2.145115 1.277919 0.073183
v -2.167582 1.265346 0.083260
v -2.115792 1.213848 0.083260
v -2.102819 1.235624 0.073183
v -2.045046 1.194998 0.083260
v -1.987271 1.235624 0.073183
v -1.974301 1.213848 0.083260
v -2.045046 1.220143 0.073183
v -1.944978 1.277919 0.073183
v -1.922513 1.265346 0.083260
v -1.929496 1.335693 0.073183
v -1.903557 1.335693 0.083260
v -1.922513 1.406040 0.083260
v -1.944978 1.393468 0.073183
v -1.903557 1.335693 0.376958
v -1.922513 1.406040 0.331670
v -1.922513 1.406041 0.376958
v -1.903557 1.335693 0.331670
v -1.922513 1.406041 0.376958
v -1.922513 1.406040 0.331670
v -1.974301 1.457538 0.376958
v -1.974301 1.457538 0.331670
v -1.922513 1.265346 0.376958
v -1.903557 1.335693 0.331670
v -1.903557 1.335693 0.376958
v -1.922513 1.265346 0.331670
v -1.974301 1.213848 0.376958
v -2.045046 1.194998 0.331670
v -1.974301 1.213848 0.331670
v -1.922513 1.265346 0.376958
v -1.922513 1.265346 0.331670
v -2.045046 1.194998 0.376958
v -2.115792 1.213848 0.331670
v -2.115792 1.213848 0.376958
v -2.167582 1.265346 0.331670
v -2.167582 1.265346 0.376958
v -2.186539 1.335693 0.376958
v -2.186539 1.335693 0.331670
v -2.167582 1.265346 0.376958
v -2.167582 1.265346 0.331670
v -2.167582 1.406040 0.331670
v -2.186539 1.335693 0.376958
v -2.167582 1.406041 0.376958
v -2.186539 1.335693 0.331670
v -2.115792 1.457538 0.331670
v -2.167582 1.406041 0.376958
v -2.115792 1.457538 0.376958
v -2.167582 1.406040 0.331670
v -2.045046 1.476388 0.376958
v -2.045046 1.476388 0.331670
v -2.115792 1.457538 0.376958
v -1.974301 1.457538 0.331670
v -2.115792 1.457538 0.331670
v -2.045625 1.465776 0.330851
v -2.111495 1.448225 0.308723
v -2.111495 1.448225 0.330851
v -2.045625 1.465776 0.308723
v -1.979756 1.448225 0.330851
v -1.979756 1.448225 0.308723
v -2.045046 1.476388 0.307903
v -1.974301 1.457538 0.083260
v -2.045046 1.476388 0.083260
v -2.115792 1.457538 0.307903
v -2.115792 1.457538 0.083260
v -2.115792 1.457538 0.307903
v -2.167582 1.406040 0.083260
v -2.167582 1.406040 0.307903
v -2.115792 1.457538 0.083260
v -2.167582 1.406040 0.307903
v -2.186539 1.335693 0.083260
v -2.186539 1.335693 0.307903
v -2.167582 1.406040 0.083260
v -2.186539 1.335693 0.307903
v -2.167582 1.265346 0.083260
v -2.167582 1.265346 0.307903
v -2.186539 1.335693 0.083260
v -2.167582 1.265346 0.307903
v -2.115792 1.213848 0.083260
v -2.115792 1.213848 0.307903
v -2.167582 1.265346 0.083260
v -2.045046 1.194998 0.083260
v -2.045046 1.194998 0.307903
v -1.974301 1.213848 0.307903
v -1.974301 1.213848 0.083260
v -1.922513 1.265346 0.307903
v -1.922513 1.265346 0.083260
v -1.922513 1.265346 0.307903
v -1.922513 1.265346 0.083260
v -1.903557 1.335693 0.307903
v -1.903557 1.335693 0.083260
v -1.903557 1.335693 0.307903
v -1.903557 1.335693 0.083260
v -1.922513 1.406040 0.307903
v -1.922513 1.406040 0.083260
v -1.974301 1.457538 0.307903
v -1.922513 1.406040 0.307903
v -1.974301 1.457538 0.083260
v -1.974301 1.457538 0.307903
v -1.922513 1.406040 0.083260
v -2.045625 1.203784 0.308723
v -2.115792 1.213848 0.307903
v -2.045046 1.194998 0.307903
v -2.111495 1.221335 0.308723
v -1.979756 1.221335 0.308723
v -1.922513 1.265346 0.331670
v -1.913890 1.334781 0.330851
v -1.903557 1.335693 0.331670
v -1.974301 1.213848 0.331670
v -1.931538 1.269282 0.330851
v -2.045046 1.194998 0.331670
v -1.979756 1.221335 0.330851
v -2.159713 1.400278 0.330851
v -2.186539 1.335693 0.331670
v -2.167582 1.406040 0.331670
v -2.177363 1.334781 0.330851
v -2.111495 1.448225 0.330851
v -2.167582 1.265346 0.331670
v -2.111495 1.448225 0.308723
v -2.045625 1.465776 0.308723
v -2.115792 1.457538 0.307903
v -2.167582 1.406040 0.307903
v -2.159713 1.400278 0.308723
v -1.979756 1.448225 0.308723
v -2.045046 1.476388 0.307903
v -1.931538 1.269282 0.308723
v -1.974301 1.213848 0.307903
v -1.922513 1.265346 0.307903
v -1.913890 1.334781 0.308723
v -2.186539 1.335693 0.307903
v -2.167582 1.265346 0.307903
v -2.177363 1.334781 0.308723
v -1.931538 1.400278 0.330851
v -1.979756 1.448225 0.330851
v -1.922513 1.406040 0.331670
v -2.159713 1.269282 0.330851
v -2.115792 1.213848 0.331670
v -2.111495 1.221335 0.330851
v -1.931538 1.400278 0.308723
v -1.903557 1.335693 0.307903
v -1.922513 1.406040 0.307903
v -2.159713 1.269282 0.308723
v -2.045625 1.203784 0.330851
v -2.115792 1.457538 0.331670
v -2.045625 1.465776 0.330851
v -1.974301 1.457538 0.376958
v -2.111495 1.448225 0.330851
v -2.159713 1.400278 0.308723
v -2.159713 1.400278 0.330851
v -2.111495 1.448225 0.308723
v -2.159713 1.400278 0.330851
v -2.177363 1.334781 0.308723
v -2.177363 1.334781 0.330851
v -2.159713 1.400278 0.308723
v -2.177363 1.334781 0.330851
v -2.159713 1.269282 0.308723
v -2.159713 1.269282 0.330851
v -2.177363 1.334781 0.308723
v -2.159713 1.269282 0.330851
v -2.111495 1.221335 0.308723
v -2.111495 1.221335 0.330851
v -2.159713 1.269282 0.308723
v -2.045625 1.203784 0.308723
v -2.045625 1.203784 0.330851
v -1.979756 1.221335 0.308723
v -1.979756 1.221335 0.330851
v -1.931538 1.269282 0.308723
v -1.931538 1.269282 0.330851
v -1.931538 1.269282 0.330851
v -1.913890 1.334781 0.308723
v -1.913890 1.334781 0.330851
v -1.931538 1.269282 0.308723
v -1.931538 1.400278 0.330851
v -1.913890 1.334781 0.308723
v -1.931538 1.400278 0.308723
v -1.913890 1.334781 0.330851
v -1.931538 1.400278 0.330851
v -1.979756 1.448225 0.308723
v -1.979756 1.448225 0.330851
v -1.931538 1.400278 0.308723
v -1.974301 1.457538 0.307903
v -2.045046 1.476388 0.331670
v -1.974301 1.457538 0.331670
v -1.703219 1.678502 -0.442863
v -1.875047 1.850331 -1.007663
v -1.875047 1.850331 -0.426667
v -1.703219 1.678502 -1.046982
v -2.197050 1.850331 -0.426667
v -2.197050 1.850331 -1.007663
v -2.368879 1.678502 -0.442864
v -2.368879 1.678502 -1.046982
v -1.703219 1.678502 -1.046982
v -2.197050 1.850331 -1.007663
v -1.875047 1.850331 -1.007663
v -2.173063 1.796355 -0.019714
v -2.319291 1.650127 -0.019714
v -2.197050 1.850331 -0.019714
v -1.899035 1.796355 -0.019714
v -1.875047 1.850331 -0.019714
v -2.482707 0.760639 0.714950
v -2.482707 0.760639 -0.020184
v -2.482707 0.299105 0.822339
v -2.592321 0.298946 -0.503173
v -2.592321 -0.184740 -1.193395
v -2.592321 -0.184740 -0.503173
v -2.592321 0.466559 -0.019714
v -2.592321 0.466524 -0.503173
v -2.592321 0.299004 -1.193395
v -2.592321 0.466472 -1.193395
v -2.482707 0.760639 -0.912598
v -2.482707 0.449673 -1.193395
v -2.482707 0.760639 -1.193395
v -2.564613 -0.149543 0.190032
v -2.564613 -0.149543 0.914284
v -2.592321 0.885430 -0.503173
v -2.592321 0.885430 -1.193395
v -2.564613 0.461844 0.178011
v -2.592321 0.466559 0.126614
v -2.592321 0.298904 -0.019714
v -2.592321 0.298946 -0.503173
v -2.197050 1.850331 -0.426667
v -2.368879 1.678502 -0.019714
v -2.197050 1.850331 -0.019714
v -2.368879 1.678502 -0.442864
v -1.703219 1.678502 -0.019714
v -1.875047 1.850331 -0.426667
v -1.875047 1.850331 -0.019714
v -1.703219 1.678502 -0.442863
v -1.875047 1.850331 -0.426667
v -2.197050 1.850331 -1.007663
v -2.197050 1.850331 -0.426667
v -1.875047 1.850331 -1.007663
v -1.703219 1.125782 -0.494962
v -1.703219 1.678502 -1.046982
v -1.703219 1.678502 -0.442863
v -1.703219 1.125782 -1.173461
v -2.368879 1.125782 -0.494962
v -2.368879 1.125782 -1.173461
v -2.592321 0.885430 -0.503173
v -2.592321 0.885430 -1.193395
v -2.592321 -0.184740 -0.503173
v -2.368879 -0.425092 -1.193394
v -2.368879 -0.425092 -0.503173
v -2.592321 -0.184740 -1.193395
v -2.368879 1.678502 -0.442864
v -2.368879 1.125782 -0.019714
v -2.368879 1.678502 -0.019714
v -2.368879 1.125782 -0.494962
v -2.482707 0.760639 -0.020184
v -2.482707 0.449673 -0.901951
v -2.482707 0.760639 -0.912598
v -2.482707 0.449673 0.024299
v -2.482707 0.299105 0.045837
v -2.482707 -0.059949 -0.884504
v -2.482707 0.299105 -0.896797
v -2.482707 -0.059949 0.097198
v -2.482707 -0.059949 0.097198
v -2.317408 -0.244247 -0.878194
v -2.482707 -0.059949 -0.884504
v -2.317408 -0.244247 0.123561
v -2.317408 -0.244247 -0.878194
v -2.317408 -0.244247 0.123561
v -1.859454 -0.244247 0.123561
v -1.859454 -0.244247 -0.878194
v -1.859454 0.944938 -0.046547
v -2.317408 0.944938 -0.918908
v -1.859454 0.944938 -0.918908
v -2.317408 0.944938 -0.046547
v -1.859454 -0.244247 0.123561
v -1.859454 0.944938 -0.046547
v -1.859454 -0.244247 -0.878194
v -1.859454 0.944938 -0.918908
v -2.317408 0.944938 -0.046547
v -2.482707 0.760639 -0.912598
v -2.317408 0.944938 -0.918908
v -2.482707 0.760639 -0.020184
vn 0.3057 0.0869 0.9482
vn 0.6150 0.7879 -0.0311
vn 0.6094 0.7865 -0.1001
vn 0.6156 0.7878 -0.0210
vn -0.0084 0.9213 0.3888
vn -0.1924 0.9575 0.2148
vn -0.1016 0.9045 0.4141
vn -0.2696 0.9630 0.0038
vn -0.1775 0.9526 0.2469
vn -0.0202 0.9726 0.2318
vn -0.2774 0.9607 -0.0128
vn 0.3538 0.8935 0.2765
vn 0.2826 0.9540 0.1003
vn 0.2146 0.1092 -0.9706
vn 0.0637 0.0680 -0.9957
vn 0.0629 0.0677 -0.9957
vn -0.0895 0.0248 -0.9957
vn -0.1873 0.9822 -0.0135
vn 0.6150 0.7879 -0.0310
vn 0.6156 0.7878 -0.0209
vn -0.2840 0.9580 -0.0407
vn -0.1082 0.9924 -0.0593
vn -0.1984 0.9786 -0.0539
vn -0.2974 0.9215 -0.2498
vn 0.0470 0.6648 -0.7456
vn -0.0991 0.6316 -0.7690
vn -0.0970 0.6322 -0.7687
vn -0.2746 0.6934 -0.6662
vn 0.9542 0.2761 -0.1153
vn 0.9610 0.2750 -0.0291
vn 0.9608 0.2751 -0.0327
vn 0.3274 -0.9448 -0.0086
vn 0.2709 -0.9626 -0.0081
vn 0.2281 -0.9284 -0.2932
vn 0.3199 -0.9468 -0.0341
vn 0.3750 -0.9262 -0.0378
vn 0.3800 -0.9249 -0.0121
vn 0.8377 -0.5456 -0.0242
vn 0.8349 -0.5444 -0.0812
vn 0.8378 -0.5457 -0.0184
vn -0.2858 0.9360 -0.2056
vn -0.2712 0.9625 0.0048
vn -0.2843 0.8696 -0.4037
vn -0.2961 0.8225 -0.4855
vn 0.9757 -0.2086 0.0673
vn 0.9781 -0.2082 -0.0000
vn 0.9756 -0.2084 0.0689
vn 0.9687 -0.2077 0.1360
vn 0.6473 -0.7347 0.2032
vn 0.4321 -0.8879 0.1576
vn 0.6372 -0.7677 0.0677
vn 0.4162 -0.8709 0.2614
vn 0.3188 -0.9373 0.1409
vn 0.3578 -0.8917 0.2772
vn -0.2712 0.6844 -0.6768
vn 0.2707 -0.7171 -0.6423
vn 0.2768 -0.7153 -0.6416
vn 0.2148 -0.9133 -0.3461
vn 0.1744 -0.8239 -0.5392
vn 0.3915 -0.6765 -0.6238
vn 0.2707 -0.7170 -0.6423
vn 0.3915 -0.6765 -0.6237
vn 0.3620 -0.8800 0.3075
vn 0.3306 -0.9219 0.2019
vn 0.3267 -0.9308 0.1640
vn 0.3591 -0.8756 0.3232
vn 0.2759 -0.9612 0.0024
vn 0.2749 -0.9615 0.0030
vn 0.2467 -0.9535 -0.1733
vn -0.1002 0.9948 -0.0193
vn -0.1653 0.9394 0.3004
vn -0.0874 0.8873 0.4528
vn 0.2585 -0.9560 -0.1386
vn 0.2392 -0.9307 -0.2767
vn -0.0878 0.8765 0.4734
vn 0.8377 -0.5456 -0.0241
vn 0.6473 -0.7346 0.2032
vn 0.6373 -0.7677 0.0676
vn 0.8378 -0.5456 -0.0183
vn 0.7616 0.2153 0.6113
vn 0.7615 0.2150 0.6114
vn 0.7615 0.2151 0.6114
vn 0.2570 -0.0547 0.9648
vn 0.9604 -0.1954 -0.1985
vn 0.9584 -0.1944 -0.2091
vn 0.9004 -0.1735 -0.3989
vn 0.9004 -0.1734 -0.3990
vn 0.8460 0.5050 -0.1708
vn 0.8469 0.5045 -0.1682
vn 0.7749 0.5327 -0.3401
vn 0.8873 0.4612 -0.0000
vn 0.7749 0.5328 -0.3401
vn 0.3937 0.8318 0.3913
vn 0.2687 0.9353 0.2305
vn 0.3067 0.8564 0.4153
vn 0.2195 0.9751 0.0307
vn 0.2764 0.9245 0.2626
vn 0.3103 0.8353 0.4540
vn 0.4003 0.8826 0.2465
vn 0.2152 0.9763 0.0224
vn 0.6718 0.6800 0.2938
vn 0.6321 0.7596 0.1529
vn 0.0741 0.0334 -0.9967
vn 0.1993 0.0054 -0.9799
vn 0.0734 0.0334 -0.9967
vn -0.0530 0.0608 -0.9967
vn 0.1964 0.6077 -0.7695
vn 0.0942 0.7302 -0.6767
vn 0.1483 0.8971 -0.4162
vn 0.3136 0.5795 -0.7522
vn 0.1950 0.6080 -0.7696
vn 0.3137 0.5795 -0.7522
vn 0.2024 0.9789 -0.0270
vn 0.1866 0.9570 -0.2221
vn 0.2059 0.9783 -0.0231
vn 0.2082 0.9781 -0.0000
vn 0.1970 0.9786 -0.0587
vn 0.1343 0.8640 -0.4852
vn 0.1620 0.9004 -0.4038
vn 0.1694 0.9476 -0.2708
vn -0.1664 -0.9861 -0.0000
vn -0.2150 -0.9759 -0.0374
vn -0.1666 -0.9846 -0.0539
vn -0.2082 -0.9781 -0.0000
vn -0.2119 -0.9772 -0.0171
vn -0.2257 -0.9561 -0.1870
vn -0.2275 -0.9217 -0.3141
vn -0.1679 -0.9799 -0.1079
vn 0.0576 -0.9311 -0.3601
vn 0.1622 -0.9809 -0.1074
vn 0.4312 -0.9023 -0.0000
vn 0.1911 -0.8798 -0.4353
vn 0.3878 -0.9134 -0.1235
vn -0.1029 -0.7596 -0.6422
vn -0.1070 -0.7587 -0.6426
vn -0.1242 -0.9923 -0.0000
vn 0.1667 -0.9636 0.2089
vn -0.0634 -0.9842 0.1653
vn 0.1295 -0.9861 0.1038
vn -0.1621 -0.9752 0.1508
vn -0.2038 -0.9789 0.0141
vn -0.1578 -0.9873 0.0186
vn -0.0614 -0.9631 0.2620
vn -0.1198 -0.9533 0.2773
vn -0.2210 -0.8131 -0.5385
vn -0.2294 -0.9099 -0.3456
vn -0.1116 -0.9450 0.3075
vn -0.1118 -0.9395 0.3238
vn -0.1501 -0.9670 0.2060
vn -0.1543 -0.9726 0.1738
vn -0.2030 -0.9789 0.0218
vn -0.2010 -0.9794 0.0194
vn 0.2862 0.9577 0.0295
vn 0.3526 0.9354 0.0276
vn 0.2733 0.9619 -0.0000
vn 0.3371 0.9415 -0.0000
vn 0.2163 0.9757 0.0345
vn 0.2770 0.9103 0.3077
vn -0.2096 -0.9777 -0.0146
vn -0.2168 -0.9647 -0.1493
vn 0.2709 0.9590 -0.0835
vn 0.2650 0.9495 -0.1681
vn -0.2195 -0.9355 -0.2767
vn 0.3052 0.8252 0.4753
vn 0.1552 -0.9872 0.0355
vn -0.1663 -0.9861 -0.0000
vn 0.3393 0.9364 -0.0901
vn 0.3383 0.9209 -0.1935
vn 0.2732 0.9619 -0.0000
vn 0.4034 -0.9142 0.0391
vn 0.9687 -0.2078 0.1360
vn 0.7085 -0.1524 0.6890
vn 0.7085 -0.1525 0.6890
vn 0.8668 0.4943 0.0649
vn 0.8713 0.4880 0.0521
vn 0.6322 0.7596 0.1528
vn -0.3159 -0.9369 0.1496
vn -0.2771 -0.9607 0.0144
vn -0.3133 -0.9393 0.1398
vn -0.3444 -0.9014 0.2623
vn -0.3489 -0.8937 0.2822
vn -0.3188 -0.9341 0.1608
vn -0.2735 -0.9619 -0.0000
vn -0.2778 -0.9606 0.0125
vn -0.2776 -0.9606 0.0153
vn -0.3158 -0.9394 0.1331
vn -0.2778 -0.9605 0.0167
vn -0.4363 -0.8833 0.1717
vn -0.3338 -0.9425 0.0194
vn -0.9619 0.2735 -0.0000
vn -0.9467 0.2768 -0.1649
vn -0.9460 0.2766 -0.1693
vn -0.9027 0.2722 -0.3332
vn -0.9452 0.2765 -0.1733
vn -0.9025 0.2725 -0.3336
vn -0.6471 0.7624 -0.0000
vn -0.5972 0.7880 -0.1496
vn -0.5945 0.7887 -0.1567
vn -0.5254 0.7930 -0.3085
vn -0.3057 0.0869 0.9482
vn -0.0032 0.9102 0.4142
vn 0.1895 0.9510 0.2445
vn 0.0106 0.9674 0.2531
vn 0.1139 0.8994 0.4220
vn 0.1956 0.9537 0.2284
vn 0.2671 0.9634 0.0248
vn 0.2664 0.9635 0.0266
vn -0.3493 0.8922 0.2864
vn 0.1767 0.9838 0.0307
vn -0.2750 0.9513 0.1392
vn -0.7616 0.2150 0.6114
vn -0.7616 0.2151 0.6114
vn -0.7613 0.2150 0.6117
vn -0.7618 0.2153 0.6110
vn -0.7618 0.2151 0.6110
vn 0.0895 0.0249 -0.9957
vn -0.0635 0.0675 -0.9957
vn -0.0634 0.0683 -0.9956
vn -0.2141 0.1095 -0.9707
vn -0.2151 0.1085 -0.9706
vn -0.2146 0.1091 -0.9706
vn -0.0633 0.0674 -0.9957
vn 0.0896 0.0252 -0.9957
vn 0.0895 0.0248 -0.9957
vn -0.0470 0.6648 -0.7456
vn 0.0949 0.6125 -0.7848
vn 0.0929 0.6134 -0.7843
vn 0.0930 0.6133 -0.7844
vn 0.2292 0.5631 -0.7940
vn 0.2290 0.5622 -0.7947
vn 0.2351 0.5909 -0.7717
vn 0.2349 0.5899 -0.7726
vn 0.2735 0.9619 -0.0000
vn 0.2764 0.9607 -0.0264
vn 0.2787 0.9601 -0.0244
vn 0.2864 0.9302 -0.2297
vn 0.2868 0.9269 -0.2422
vn 0.2959 0.9229 -0.2464
vn 0.2763 0.9608 -0.0248
vn 0.2844 0.8701 -0.4025
vn 0.2835 0.8605 -0.4232
vn 0.2942 0.8485 -0.4400
vn 0.3092 0.9109 -0.2731
vn 0.2847 0.9582 -0.0295
vn 0.2888 0.9567 -0.0373
vn -0.3234 -0.9463 -0.0000
vn -0.2684 -0.9621 -0.0492
vn -0.3222 -0.9450 -0.0568
vn -0.2627 -0.9598 -0.0984
vn -0.2637 -0.9603 -0.0912
vn -0.2688 -0.9621 -0.0453
vn -0.3726 -0.9280 -0.0000
vn -0.3755 -0.9249 -0.0599
vn -0.3771 -0.9176 -0.1253
vn -0.3173 -0.9416 -0.1131
vn 0.2676 0.9633 0.0229
vn 0.2008 0.9558 0.2146
vn 0.1259 0.9099 0.3953
vn 0.2666 0.9636 0.0198
vn 0.2796 0.9575 -0.0711
vn 0.2837 0.9497 -0.1328
vn 0.2842 0.9481 -0.1427
vn 0.2793 0.9579 -0.0664
vn 0.2959 0.9471 -0.1241
vn 0.2800 0.9569 -0.0767
vn 0.2849 0.9461 -0.1537
vn 0.1936 0.9811 -0.0000
vn 0.2884 0.9551 -0.0684
vn -0.3364 -0.9204 0.1993
vn -0.3768 -0.8668 0.3265
vn -0.3394 -0.9229 0.1818
vn -0.2791 -0.9600 0.0206
vn -0.3281 -0.9247 0.1932
vn -0.3701 -0.8629 0.3443
vn -0.2789 -0.9601 0.0193
vn -0.3257 -0.9276 0.1830
vn -0.3623 -0.8685 0.3383
vn -0.3583 -0.8772 0.3195
vn -0.3687 -0.8834 0.2894
vn -0.2844 -0.9585 0.0190
vn -0.2833 -0.9588 0.0226
vn -0.8597 -0.5107 -0.0000
vn -0.8250 -0.5502 -0.1290
vn -0.8279 -0.5478 -0.1201
vn -0.7768 -0.5780 -0.2500
vn -0.7767 -0.5781 -0.2500
vn -0.9029 0.2720 -0.3329
vn -0.6448 -0.7351 0.2095
vn -0.6268 -0.7732 0.0963
vn -0.4204 -0.8627 0.2810
vn -0.1465 -0.7221 -0.6761
vn -0.2704 -0.6987 -0.6623
vn -0.2640 -0.6996 -0.6640
vn -0.3915 -0.6765 -0.6238
vn -0.1461 -0.7212 -0.6772
vn -0.1563 -0.7473 -0.6459
vn -0.3915 -0.6765 -0.6237
vn 0.0894 0.0243 -0.9957
vn -0.2691 -0.9622 -0.0422
vn -0.2568 -0.9632 -0.0792
vn -0.2632 -0.9638 -0.0436
vn -0.2643 -0.9607 -0.0849
vn -0.2829 -0.9590 0.0160
vn -0.3326 -0.9297 0.1583
vn -0.1644 -0.7677 -0.6193
vn -0.1559 -0.7462 -0.6472
vn -0.1641 -0.7671 -0.6202
vn -0.1584 -0.7926 -0.5888
vn 0.0896 0.0251 -0.9957
vn 0.0895 0.0246 -0.9957
vn 0.1935 0.9811 -0.0000
vn 0.0925 0.9954 0.0268
vn 0.1123 0.9937 -0.0000
vn 0.1566 0.9424 0.2957
vn 0.0595 0.8774 0.4760
vn 0.0648 0.8643 0.4989
vn 0.2643 0.9639 0.0327
vn 0.2574 0.9656 0.0359
vn 0.1543 0.9497 0.2726
vn 0.1708 0.9423 0.2878
vn 0.2647 0.9639 0.0306
vn 0.1763 0.9454 0.2740
vn 0.2560 0.9662 0.0302
vn 0.2584 0.9657 0.0255
vn 0.1679 0.9560 0.2405
vn 0.1351 0.9175 0.3741
vn 0.1975 0.9586 0.2049
vn -0.2713 -0.9623 -0.0167
vn -0.2565 -0.9542 -0.1542
vn -0.2717 -0.9623 -0.0158
vn -0.2700 -0.9627 -0.0154
vn -0.2487 -0.9540 -0.1673
vn -0.2552 -0.9529 -0.1638
vn -0.2662 -0.9637 -0.0186
vn -0.2634 -0.9644 -0.0235
vn -0.2369 -0.9532 -0.1878
vn -0.2366 -0.9267 -0.2921
vn -0.2261 -0.9249 -0.3056
vn -0.2393 -0.9309 -0.2759
vn -0.3574 -0.8981 0.2562
vn -0.3466 -0.9060 0.2428
vn -0.3245 -0.9354 0.1404
vn -0.2808 -0.9597 0.0140
vn -0.3409 -0.9071 0.2469
vn 0.0895 0.0247 -0.9957
vn 0.3066 0.8230 -0.4782
vn 0.3166 0.8898 -0.3285
vn 0.0786 0.8669 0.4923
vn 0.1949 0.9769 -0.0878
vn 0.1974 0.9644 -0.1758
vn 0.1003 0.9762 -0.1925
vn 0.1070 0.9898 -0.0939
vn 0.2400 0.6139 -0.7520
vn 0.2401 0.6146 -0.7514
vn 0.2629 0.6348 -0.7266
vn 0.2611 0.6338 -0.7281
vn -0.6449 -0.7351 0.2094
vn -0.8426 -0.5373 0.0363
vn -0.6269 -0.7731 0.0963
vn -0.8373 -0.5447 0.0467
vn -0.9563 0.2706 0.1108
vn -0.9607 0.2722 0.0548
vn -0.9563 0.2706 0.1107
vn -0.9606 0.2725 0.0555
vn -0.9563 0.2706 0.1109
vn -0.9605 0.2724 0.0562
vn -0.3235 -0.9462 -0.0000
vn -0.3843 -0.9231 0.0171
vn -0.6234 0.7805 0.0464
vn -0.6173 0.7846 0.0576
vn 0.2937 0.6910 -0.6605
vn 0.3063 0.7666 -0.5644
vn 0.2927 0.9548 -0.0515
vn 0.2924 0.6857 -0.6666
vn -0.2247 -0.9461 -0.2332
vn -0.2607 -0.9649 -0.0327
vn -0.2115 -0.9299 -0.3009
vn -0.2093 -0.9176 -0.3379
vn -0.1875 -0.8895 -0.4166
vn -0.1619 -0.8378 -0.5214
vn -0.1593 -0.7909 -0.5909
vn 0.0817 0.8996 0.4290
vn 0.1070 0.9164 0.3856
vn 0.1828 0.9593 0.2154
vn 0.1270 0.9211 0.3680
vn 0.2616 0.9649 0.0222
vn 0.3102 0.9448 -0.1057
vn -0.2410 -0.9335 -0.2654
vn -0.2581 -0.9557 -0.1417
vn 0.1645 0.9388 0.3025
vn 0.0899 0.8786 0.4689
vn 0.2635 0.9641 0.0338
vn 0.0954 0.8841 0.4575
vn 0.2848 0.8761 -0.3891
vn 0.2861 0.9345 -0.2116
vn -0.2718 -0.9622 -0.0137
vn -0.2796 -0.9599 0.0213
vn -0.3306 -0.9218 0.2022
vn -0.3564 -0.8812 0.3106
vn 0.2760 0.9609 -0.0216
vn 0.1679 -0.9744 0.1495
vn 0.2052 -0.9786 0.0143
vn 0.1707 -0.9754 0.1398
vn 0.1328 -0.9556 0.2629
vn 0.1264 -0.9508 0.2829
vn 0.1647 -0.9732 0.1608
vn 0.2049 -0.9787 0.0155
vn 0.2082 -0.9781 -0.0000
vn 0.2042 -0.9789 0.0126
vn 0.1688 -0.9765 0.1337
vn 0.2047 -0.9787 0.0169
vn 0.1576 -0.9873 0.0194
vn 0.0613 -0.9831 0.1723
vn -0.9781 -0.2082 -0.0000
vn -0.9604 -0.1954 -0.1986
vn -0.9003 -0.1733 -0.3993
vn -0.9005 -0.1735 -0.3989
vn -0.9594 -0.1950 -0.2038
vn -0.9006 -0.1737 -0.3984
vn -0.9584 -0.1945 -0.2087
vn -0.8873 0.4612 -0.0000
vn -0.8460 0.5050 -0.1708
vn -0.8469 0.5045 -0.1682
vn -0.7749 0.5327 -0.3401
vn -0.7749 0.5328 -0.3401
vn -0.2570 -0.0547 0.9648
vn -0.3973 0.8180 0.4160
vn -0.2960 0.8560 0.4238
vn -0.2634 0.9331 0.2449
vn -0.4023 0.8788 0.2566
vn -0.2602 0.9381 0.2288
vn -0.2135 0.9766 0.0244
vn -0.2140 0.9765 0.0264
vn -0.2864 0.9576 0.0307
vn -0.6321 0.7596 0.1529
vn -0.6718 0.6800 0.2938
vn -0.7083 -0.1525 0.6893
vn -0.7086 -0.1525 0.6890
vn -0.7083 -0.1524 0.6893
vn -0.7086 -0.1524 0.6890
vn -0.7089 -0.1526 0.6886
vn -0.0738 0.0335 -0.9967
vn -0.1996 0.0049 -0.9799
vn -0.1994 0.0054 -0.9799
vn 0.0529 0.0612 -0.9967
vn 0.0530 0.0607 -0.9967
vn -0.1991 0.0060 -0.9800
vn -0.0740 0.0337 -0.9967
vn -0.0738 0.0332 -0.9967
vn 0.0531 0.0606 -0.9968
vn 0.0531 0.0603 -0.9968
vn 0.0530 0.0608 -0.9967
vn -0.1901 0.5892 -0.7853
vn -0.3137 0.5795 -0.7522
vn -0.1915 0.5892 -0.7850
vn -0.0729 0.6020 -0.7952
vn -0.1900 0.5893 -0.7853
vn -0.0730 0.6027 -0.7947
vn -0.2082 0.9781 -0.0000
vn -0.2054 0.9783 -0.0264
vn -0.2036 0.9787 -0.0250
vn -0.1842 0.9526 -0.2422
vn -0.1858 0.9554 -0.2294
vn -0.1759 0.9528 -0.2476
vn -0.2056 0.9783 -0.0246
vn -0.1463 0.8860 -0.4401
vn -0.1986 0.9796 -0.0296
vn -0.1616 0.9481 -0.2737
vn -0.1951 0.9801 -0.0376
vn -0.1269 0.8689 -0.4784
vn 0.1664 -0.9861 -0.0000
vn 0.2119 -0.9760 -0.0493
vn 0.1667 -0.9844 -0.0566
vn 0.2145 -0.9725 -0.0911
vn 0.2116 -0.9763 -0.0454
vn 0.2150 -0.9716 -0.0985
vn 0.1242 -0.9923 -0.0000
vn -0.1622 -0.9809 -0.1074
vn -0.0576 -0.9311 -0.3601
vn 0.1683 -0.9792 -0.1132
vn -0.1911 -0.8798 -0.4353
vn -0.4312 -0.9023 -0.0000
vn -0.3878 -0.9134 -0.1235
vn 0.1045 -0.7403 -0.6641
vn 0.1005 -0.7420 -0.6628
vn -0.2130 0.9768 0.0228
vn -0.2574 0.9421 0.2149
vn -0.2919 0.8702 0.3970
vn -0.2143 0.9766 0.0201
vn -0.2020 0.9768 -0.0709
vn -0.2025 0.9770 -0.0664
vn -0.1958 0.9716 -0.1329
vn -0.1947 0.9705 -0.1422
vn -0.1860 0.9747 -0.1240
vn -0.2015 0.9765 -0.0768
vn -0.1935 0.9690 -0.1537
vn -0.2732 0.9619 -0.0000
vn -0.1951 0.9785 -0.0673
vn 0.1464 -0.9691 0.1987
vn 0.0958 -0.9402 0.3268
vn 0.1453 -0.9724 0.1824
vn 0.1541 -0.9689 0.1934
vn 0.0985 -0.9334 0.3450
vn 0.2035 -0.9789 0.0206
vn 0.2037 -0.9789 0.0193
vn 0.1571 -0.9704 0.1832
vn 0.1065 -0.9346 0.3393
vn 0.1129 -0.9405 0.3205
vn -0.2571 -0.0547 0.9648
vn 0.1085 -0.9511 0.2893
vn 0.1991 -0.9798 0.0190
vn 0.1999 -0.9796 0.0223
vn -0.1667 -0.9636 0.2089
vn -0.1295 -0.9861 0.1038
vn 0.0554 -0.9582 0.2808
vn -0.7089 -0.1525 0.6886
vn -0.4034 -0.9142 0.0391
vn -0.1552 -0.9872 0.0355
vn 0.1979 -0.7084 -0.6774
vn 0.1980 -0.7092 -0.6766
vn 0.2015 -0.7350 -0.6474
vn 0.2016 -0.7360 -0.6462
vn 0.2114 -0.9765 -0.0423
vn 0.2207 -0.9721 -0.0791
vn 0.2161 -0.9754 -0.0429
vn 0.2142 -0.9731 -0.0849
vn 0.2003 -0.9796 0.0161
vn 0.1529 -0.9754 0.1589
vn 0.2043 -0.7572 -0.6204
vn 0.2044 -0.7578 -0.6197
vn 0.2178 -0.7766 -0.5912
vn 0.2189 -0.7775 -0.5895
vn 0.0530 0.0609 -0.9967
vn -0.3526 0.9354 0.0276
vn -0.3371 0.9415 -0.0000
vn -0.2833 0.9122 0.2960
vn -0.2157 0.9759 0.0324
vn -0.2209 0.9746 0.0354
vn -0.3261 0.8155 0.4781
vn -0.3171 0.8051 0.5013
vn -0.2882 0.9175 0.2740
vn -0.2732 0.9176 0.2886
vn -0.2153 0.9761 0.0306
vn -0.2706 0.9226 0.2748
vn -0.2224 0.9745 0.0303
vn -0.2811 0.9287 0.2418
vn -0.2206 0.9750 0.0256
vn -0.2883 0.8809 0.3753
vn -0.2611 0.9431 0.2060
vn 0.2096 -0.9776 -0.0167
vn 0.2111 -0.9773 -0.0158
vn 0.2174 -0.9622 -0.1640
vn 0.2170 -0.9639 -0.1544
vn 0.2098 -0.9776 -0.0156
vn 0.2225 -0.9603 -0.1681
vn 0.2142 -0.9766 -0.0188
vn 0.2164 -0.9760 -0.0238
vn 0.2306 -0.9547 -0.1883
vn 0.2196 -0.9308 -0.2921
vn 0.2263 -0.9249 -0.3057
vn 0.2195 -0.9358 -0.2758
vn 0.1225 -0.9588 0.2562
vn 0.1335 -0.9608 0.2430
vn 0.1610 -0.9768 0.1410
vn 0.2020 -0.9793 0.0141
vn 0.1377 -0.9591 0.2474
vn 0.0530 0.0610 -0.9967
vn -0.1588 0.8920 -0.4233
vn -0.1476 0.9326 -0.3294
vn -0.1623 0.9010 -0.4024
vn -0.3078 0.8127 0.4948
vn -0.2705 0.9587 -0.0876
vn -0.2641 0.9483 -0.1761
vn -0.3383 0.9209 -0.1935
vn -0.3393 0.9364 -0.0901
vn -0.0804 0.6301 -0.7724
vn -0.0802 0.6293 -0.7730
vn -0.0868 0.6534 -0.7520
vn -0.0867 0.6529 -0.7524
vn -0.0792 0.6815 -0.7275
vn -0.0799 0.6802 -0.7287
vn 0.1663 -0.9861 -0.0000
vn -0.9687 -0.2078 0.1358
vn -0.9756 -0.2089 0.0680
vn -0.9757 -0.2084 0.0673
vn -0.9687 -0.2078 0.1359
vn -0.9756 -0.2084 0.0690
vn -0.9687 -0.2078 0.1361
vn -0.8713 0.4880 0.0521
vn -0.6322 0.7596 0.1529
vn -0.8668 0.4943 0.0649
vn -0.0797 0.7405 -0.6673
vn -0.0807 0.7449 -0.6623
vn -0.1917 0.9801 -0.0517
vn -0.1037 0.8188 -0.5646
vn 0.2363 -0.9431 -0.2338
vn 0.2184 -0.9753 -0.0329
vn 0.2388 -0.9232 -0.3012
vn 0.2352 -0.9113 -0.3379
vn 0.2390 -0.8772 -0.4165
vn 0.2356 -0.8201 -0.5215
vn -0.3193 0.8444 0.4302
vn -0.3080 0.8693 0.3866
vn -0.2718 0.9377 0.2164
vn -0.2955 0.8812 0.3691
vn -0.2180 0.9757 0.0223
vn -0.1752 0.9789 -0.1054
vn 0.2194 -0.9388 -0.2654
vn 0.2166 -0.9657 -0.1431
vn -0.2749 0.9146 0.2965
vn -0.3046 0.8277 0.4713
vn -0.2160 0.9758 0.0329
vn -0.3029 0.8350 0.4593
vn -0.1877 0.9587 -0.2136
vn -0.1644 0.9064 -0.3892
vn 0.2095 -0.9777 -0.0140
vn 0.2031 -0.9789 0.0204
vn 0.1526 -0.9683 0.1977
vn 0.1160 -0.9432 0.3112
vn -0.2060 0.9783 -0.0220
vn 0.9608 0.2721 0.0538
vn 0.9608 0.2720 0.0538
vn 0.9609 0.2751 -0.0326
vn 0.9758 0.1204 0.1826
vn 0.9739 0.0889 0.2090
vn 0.9738 0.0856 0.2106
vn 0.9736 0.0727 0.2164
vn 0.9763 0.1269 0.1755
vn 0.9788 0.1731 0.1093
vn 0.9788 0.1737 0.1082
vn -0.9736 0.0727 0.2165
vn -0.9739 0.0889 0.2090
vn -0.9738 0.0856 0.2106
vn -0.9758 0.1204 0.1826
vn -0.9736 0.0727 0.2164
vn -0.9744 0.0460 -0.2203
vn -0.9749 0.0311 -0.2207
vn -0.9749 0.0311 -0.2206
vn -0.9741 0.0514 -0.2201
vn -0.9776 0.0990 -0.1860
vn -0.9786 0.1123 -0.1722
vn -0.9763 0.1269 0.1755
vn -0.9788 0.1731 0.1093
vn 0.9749 0.0311 -0.2207
vn 0.9744 0.0460 -0.2202
vn 0.9749 0.0311 -0.2206
vn 0.9741 0.0514 -0.2201
vn 0.9786 0.1123 -0.1722
vn 0.9776 0.0990 -0.1860
vn -0.9756 0.2194 -0.0130
vn -0.9747 0.2233 -0.0026
vn -0.9759 0.2176 -0.0177
vn -0.9804 0.1754 -0.0894
vn -0.9802 0.1808 -0.0809
vn 0.9769 0.2109 0.0339
vn 0.9766 0.2135 0.0260
vn -0.9769 0.2109 0.0339
vn -0.9766 0.2135 0.0260
vn -0.9788 0.1737 0.1082
vn 0.9802 0.1808 -0.0809
vn 0.9804 0.1754 -0.0894
vn 0.9759 0.2176 -0.0177
vn 0.9756 0.2194 -0.0130
vn 0.9747 0.2233 -0.0026
vn -0.9831 0.1829 -0.0020
vn -0.9831 0.1828 -0.0020
vn -0.9748 0.2231 -0.0030
vn -0.9747 0.2233 -0.0028
vn -0.0000 0.9999 -0.0115
vn -0.0000 0.9999 -0.0118
vn -0.0000 0.9999 -0.0122
vn -0.0000 0.9999 -0.0125
vn 0.9748 0.2231 -0.0030
vn -0.0000 0.9915 -0.1302
vn -0.0000 0.9975 -0.0708
vn -0.0000 0.9999 -0.0111
vn -0.0000 0.3846 0.9231
vn -0.0000 0.5706 0.8212
vn -0.0000 0.3198 0.9475
vn -0.0000 0.8475 0.5307
vn -0.0000 0.1447 -0.9895
vn -0.0000 0.2171 -0.9762
vn -0.0000 0.5171 -0.8559
vn -0.0000 0.9898 0.1424
vn -0.0001 0.8476 0.5307
vn -0.0000 0.9999 -0.0127
vn -0.0000 0.8476 0.5307
vn -0.0000 0.7135 -0.7006
vn -0.0000 0.5172 -0.8559
vn 0.4301 0.6275 0.6490
vn 0.3877 0.5579 0.7338
vn 0.3551 0.5049 0.7867
vn 0.3355 0.3510 0.8742
vn 0.3293 0.3646 0.8710
vn 0.7365 0.6534 0.1748
vn 0.7662 0.6353 0.0967
vn 0.7772 0.6261 0.0632
vn 0.7991 0.6011 -0.0109
vn 0.5155 0.3653 -0.7751
vn 0.4513 0.1970 -0.8703
vn 0.4572 0.1794 -0.8711
vn 0.5940 0.4679 -0.6544
vn 0.7257 0.5738 -0.3795
vn -0.0000 0.9898 0.1421
vn -0.0000 0.9999 -0.0128
vn -0.0000 0.9999 -0.0117
vn -1.0000 -0.0000 -0.0000
vn -0.9932 0.0525 -0.1044
vn -0.9919 0.0150 -0.1263
vn -0.9989 0.0470 -0.0043
vn -0.9943 0.0922 -0.0541
vn -0.9989 0.0459 -0.0020
vn -0.9792 0.0916 -0.1812
vn -0.9762 0.0508 -0.2107
vn -0.9734 0.0271 -0.2276
vn 0.9986 0.0525 0.0027
vn 0.9915 0.1180 0.0555
vn 0.9869 0.0894 0.1346
vn 1.0000 -0.0000 -0.0000
vn 0.9988 0.0480 -0.0016
vn 0.9949 0.1008 0.0027
vn 0.9829 0.0567 0.1752
vn 0.9580 0.1578 0.2394
vn 0.9954 0.0958 -0.0035
vn 0.9532 0.1184 0.2781
vn 0.9494 0.0967 0.2989
vn 0.4770 0.1152 -0.8713
vn 0.3605 0.2938 0.8853
vn 0.9762 0.0508 -0.2107
vn 0.9919 0.0150 -0.1263
vn 0.9734 0.0271 -0.2276
vn 0.9792 0.0916 -0.1812
vn 0.9932 0.0525 -0.1044
vn 0.9943 0.0922 -0.0541
vn 0.9989 0.0470 -0.0043
vn 0.9957 0.0919 -0.0067
vn 0.9989 0.0459 -0.0020
vn 0.8109 0.5833 -0.0459
vn 0.7774 0.5861 -0.2284
vn 0.8113 0.5832 -0.0399
vn 0.7258 0.5738 -0.3794
vn 0.8116 0.5841 -0.0098
vn 0.7774 0.5861 -0.2285
vn 0.9989 0.0474 -0.0016
vn -0.0000 0.9999 -0.0114
vn -0.0000 0.9999 -0.0110
vn -0.0000 0.9999 -0.0113
vn -0.0000 0.2120 -0.9773
vn -0.0000 0.1343 -0.9909
vn -0.7662 0.6353 0.0967
vn -0.7365 0.6534 0.1748
vn -0.7772 0.6261 0.0632
vn -0.7991 0.6011 -0.0110
vn -0.3877 0.5579 0.7338
vn -0.4301 0.6275 0.6490
vn -0.3551 0.5049 0.7867
vn -0.3355 0.3510 0.8742
vn 0.8029 0.5960 -0.0101
vn 0.8079 0.5892 -0.0096
vn 0.8030 0.5959 -0.0101
vn 0.8079 0.5892 -0.0097
vn 0.8116 0.5842 -0.0097
vn -0.9958 0.0920 -0.0032
vn -0.9957 0.0919 -0.0067
vn -0.5155 0.3653 -0.7751
vn -0.4572 0.1794 -0.8711
vn -0.4513 0.1970 -0.8703
vn -0.4770 0.1152 -0.8713
vn -0.5940 0.4678 -0.6544
vn -0.7257 0.5738 -0.3795
vn -0.7774 0.5861 -0.2284
vn 0.0001 0.8475 0.5307
vn -0.0000 0.3831 0.9237
vn -0.9869 0.0894 0.1346
vn -0.9829 0.0567 0.1752
vn -0.9532 0.1184 0.2781
vn -0.9986 0.0525 0.0027
vn -0.9915 0.1180 0.0555
vn -0.9949 0.1008 0.0027
vn -0.9580 0.1578 0.2394
vn -0.9988 0.0481 -0.0021
vn -0.0000 0.3168 0.9485
vn -0.0000 0.3169 0.9485
vn -0.3605 0.2938 0.8853
vn -0.3293 0.3646 0.8710
vn -0.8109 0.5833 -0.0459
vn -0.8114 0.5831 -0.0399
vn -0.8116 0.5841 -0.0097
vn -0.8116 0.5842 -0.0097
vn -0.9494 0.0967 0.2989
vn -0.9989 0.0474 -0.0016
vn -0.9989 0.0465 -0.0017
vn -0.9956 0.0932 -0.0033
vn -0.9955 0.0946 -0.0034
vn -0.9954 0.0958 -0.0034
vn -0.0000 0.9975 -0.0710
vn -0.8029 0.5961 -0.0101
vn -0.7991 0.6011 -0.0109
vn -0.8030 0.5959 -0.0101
vn -0.8078 0.5893 -0.0097
vn -0.8079 0.5892 -0.0097
vn -0.0000 0.9999 -0.0116
vn -0.0000 0.9999 -0.0112
vn -0.0000 0.9999 -0.0108
vn 0.9989 0.0465 -0.0017
vn 0.9958 0.0920 -0.0032
vn 0.9956 0.0931 -0.0034
vn 0.9955 0.0946 -0.0034
vn 0.9748 0.2230 -0.0030
vn 0.9832 0.1825 -0.0021
vn 0.4065 0.1785 0.8961
vn 0.4064 0.1785 0.8961
vn 0.4064 0.1587 -0.8998
vn 0.4064 0.1586 -0.8998
vn -0.4064 0.1587 -0.8998
vn -0.4064 0.1586 -0.8998
vn -0.4065 0.1785 0.8961
vn -0.4064 0.1785 0.8961
vn 0.5011 -0.0000 -0.8654
vn -0.0000 0.9663 -0.2576
vn -0.0000 0.9666 -0.2565
vn -0.0000 0.9660 -0.2587
vn -0.0000 1.0000 -0.0000
vn -0.0000 -0.5102 0.8600
vn -0.0000 -0.7116 0.7026
vn -0.0000 0.0934 0.9956
vn -0.0000 -0.0845 0.9964
vn -0.0000 -0.2597 0.9657
vn -0.0000 0.1302 0.9915
vn -0.0000 0.1560 0.9878
vn -0.0000 0.3610 0.9326
vn -0.0000 0.1474 0.9891
vn -0.0000 0.1635 0.9865
vn -0.0000 0.0447 0.9990
vn -0.0000 0.3644 0.9312
vn -0.0000 0.4460 0.8950
vn -0.0000 0.3170 0.9484
vn 0.0956 -0.9800 -0.1746
vn 0.0629 -0.9825 -0.1750
vn 0.0688 -0.9830 -0.1704
vn 0.0923 -0.9814 -0.1685
vn 0.0653 -0.9847 -0.1617
vn 0.0126 -0.9869 -0.1609
vn 0.0225 -0.9867 -0.1609
vn -0.0000 -0.9865 -0.1640
vn -0.0126 -0.9869 -0.1609
vn -0.0225 -0.9867 -0.1609
vn -0.0000 -0.9865 -0.1639
vn -0.0000 -0.9957 -0.0931
vn 0.0109 -0.9956 -0.0931
vn -0.0000 -0.7117 0.7025
vn -0.0000 -0.8665 0.4992
vn 0.9865 0.0173 0.1630
vn 0.9936 0.0174 0.1113
vn 0.9868 -0.0000 0.1617
vn 0.9314 0.0563 0.3596
vn 0.9427 0.0192 0.3332
vn -0.0000 -0.9964 0.0853
vn -0.2549 -0.9635 0.0821
vn -0.0000 -0.9892 -0.1468
vn -0.0000 -0.9349 0.3548
vn -0.2753 -0.8947 0.3517
vn -0.2651 -0.9529 -0.1471
vn -0.5757 -0.8078 -0.1267
vn -0.6058 -0.7413 0.2888
vn -0.5536 -0.8042 -0.2163
vn -0.5313 -0.8181 -0.2200
vn -0.0000 -0.9657 -0.2597
vn -0.0340 0.9994 -0.0000
vn 0.0340 0.9994 -0.0000
vn 0.0399 0.9992 -0.0000
vn -0.0399 0.9992 -0.0000
vn 0.2334 -0.0000 0.9724
vn -0.0000 -0.0000 1.0000
vn 0.2150 0.0073 0.9766
vn 0.4539 -0.0000 0.8911
vn 0.2099 0.0197 0.9775
vn -0.0000 -0.8418 0.5398
vn -0.0000 -0.7325 0.6808
vn 0.0876 -0.9832 -0.1600
vn 0.0110 -0.9956 -0.0931
vn -0.0000 0.1817 0.9834
vn -0.0000 -0.9834 0.1817
vn -0.0000 0.9834 -0.1817
vn -0.0000 -1.0000 -0.0000
vn -0.0000 0.3644 0.9313
vn -0.0000 0.9657 0.2597
vn -0.0000 0.2597 -0.9657
vn -0.0249 0.9997 -0.0000
vn 0.0001 -0.7117 0.7025
vn -0.0000 -0.3587 -0.9335
vn 0.0158 -0.3429 -0.9392
vn -0.0158 -0.3429 -0.9392
vn -0.0175 -0.3412 -0.9398
vn -0.0642 -0.2648 -0.9622
vn -0.1093 -0.0838 -0.9905
vn -0.0613 -0.0342 -0.9975
vn -0.0571 -0.0381 -0.9976
vn -0.1076 -0.0995 -0.9892
vn -0.0000 -0.0904 -0.9959
vn -0.0641 -0.2650 -0.9621
vn 0.0613 -0.0342 -0.9975
vn 0.0571 -0.0381 -0.9976
vn -0.0000 -0.1774 -0.9841
vn -0.0000 -0.1904 -0.9817
vn -0.0000 -0.0921 -0.9957
vn -0.0000 0.0203 -0.9998
vn -0.0000 0.0300 -0.9996
vn 1.0000 -0.0005 0.0013
vn 1.0000 -0.0003 0.0016
vn 1.0000 -0.0002 0.0014
vn -0.0000 0.8519 -0.5237
vn -0.0000 0.8895 0.4569
vn -0.5396 -0.8389 0.0711
vn -0.6237 -0.7492 0.2229
vn -0.5796 -0.8117 0.0722
vn -0.6107 -0.7873 -0.0848
vn -0.0214 0.9998 -0.0000
vn -0.0412 0.9992 -0.0000
vn -0.9449 -0.0000 -0.3273
vn -0.8559 -0.0000 -0.5172
vn -0.8198 -0.0000 -0.5726
vn -0.7504 -0.0000 -0.6609
vn 0.9477 -0.0000 0.3192
vn 0.4054 0.0204 0.9139
vn 0.3703 0.0348 0.9283
vn -0.0000 0.9205 0.3908
vn -0.0000 0.0240 -0.9997
vn -0.0000 -0.0411 0.9992
vn -0.0000 -0.0406 -0.9992
vn -0.0000 0.0088 -1.0000
vn -0.0000 -0.1537 -0.9881
vn -0.0000 -0.2169 -0.9762
vn -0.0109 -0.9956 -0.0931
vn 0.0440 -0.9844 -0.1706
vn 0.0417 -0.9859 -0.1619
vn 0.0452 -0.9835 -0.1752
vn -0.9111 0.4123 -0.0000
vn -0.0000 0.8028 -0.5963
vn 0.9111 0.4123 -0.0000
vn -0.0000 0.8028 0.5962
vn -0.0000 -0.0000 -1.0000
vn -0.8615 -0.1678 0.4792
vn -0.7704 -0.4970 0.3994
vn -0.7014 -0.5034 0.5046
vn -0.6059 -0.7413 0.2889
vn -0.7494 -0.1657 0.6410
vn -0.6949 -0.0000 0.7191
vn -0.8812 -0.0000 0.4728
vn -0.6599 -0.7256 -0.1951
vn -0.0000 -0.7325 0.6807
vn 0.0412 0.9992 -0.0000
vn -0.6174 -0.0000 0.7867
vn -0.7493 -0.1657 0.6411
vn -0.6310 -0.2051 0.7481
vn -0.6948 -0.0000 0.7192
vn -0.7013 -0.5034 0.5047
vn -0.6065 -0.5532 0.5710
vn -0.6065 -0.5533 0.5710
vn -0.7013 -0.5035 0.5046
vn -0.0000 -0.9892 -0.1469
vn -0.0000 -0.9572 -0.2895
vn -0.0000 0.7517 0.6595
vn -0.5011 -0.0000 -0.8654
vn -0.0629 -0.9825 -0.1750
vn -0.0956 -0.9800 -0.1746
vn -0.0688 -0.9830 -0.1704
vn -0.0923 -0.9814 -0.1685
vn -0.0653 -0.9847 -0.1617
vn -0.9865 0.0173 0.1630
vn -0.9868 -0.0000 0.1617
vn -0.9314 0.0563 0.3596
vn -0.9427 0.0192 0.3332
vn -0.9477 -0.0000 0.3192
vn -0.9936 0.0174 0.1113
vn 0.2549 -0.9635 0.0821
vn 0.2753 -0.8947 0.3517
vn 0.2651 -0.9529 -0.1471
vn 0.5757 -0.8078 -0.1267
vn 0.5396 -0.8389 0.0711
vn 0.5536 -0.8042 -0.2163
vn 0.0249 0.9997 -0.0000
vn -0.2334 -0.0000 0.9724
vn -0.2150 0.0073 0.9766
vn -0.2099 0.0197 0.9775
vn -0.4539 -0.0000 0.8911
vn -0.4055 0.0204 0.9139
vn -0.0876 -0.9832 -0.1600
vn -0.0110 -0.9956 -0.0931
vn 0.6058 -0.7413 0.2888
vn 0.0642 -0.2648 -0.9622
vn 0.0641 -0.2650 -0.9621
vn 0.0175 -0.3412 -0.9398
vn 0.1093 -0.0838 -0.9905
vn 0.1076 -0.0995 -0.9892
vn -1.0000 -0.0000 0.0015
vn -1.0000 -0.0002 0.0015
vn -1.0000 -0.0003 0.0016
vn 0.6107 -0.7873 -0.0848
vn 0.5796 -0.8117 0.0722
vn 0.6599 -0.7256 -0.1951
vn 0.0214 0.9998 -0.0000
vn 0.8559 -0.0000 -0.5172
vn 0.9449 -0.0000 -0.3273
vn 0.8199 -0.0000 -0.5725
vn -0.3703 0.0348 0.9283
vn -0.0689 -0.9830 -0.1705
vn -0.0417 -0.9859 -0.1619
vn -0.0440 -0.9844 -0.1706
vn -0.0452 -0.9835 -0.1752
vn 0.7704 -0.4970 0.3994
vn 0.8615 -0.1678 0.4792
vn 0.7014 -0.5034 0.5046
vn 0.8812 -0.0000 0.4728
vn 0.7494 -0.1657 0.6410
vn 0.5313 -0.8181 -0.2200
vn 0.6237 -0.7492 0.2229
vn 0.6059 -0.7413 0.2889
vn 0.6949 -0.0000 0.7191
vn 0.7504 -0.0000 -0.6609
vn 0.8198 -0.0000 -0.5726
vn 0.8558 -0.0000 -0.5172
vn 0.6174 -0.0000 0.7867
vn 0.7493 -0.1657 0.6411
vn 0.6948 -0.0000 0.7192
vn 0.6310 -0.2051 0.7481
vn 0.7013 -0.5034 0.5047
vn 0.6065 -0.5532 0.5710
vn 0.6065 -0.5533 0.5710
vn 0.7013 -0.5035 0.5046
vn 0.6237 -0.7492 0.2228
vn -0.0219 0.1693 0.9853
vn -0.0279 0.2038 0.9786
vn -0.0345 0.1924 0.9807
vn -0.0181 0.1669 0.9858
vn -0.0116 0.1898 0.9818
vn -0.0101 0.1852 0.9826
vn 0.7324 -0.6809 -0.0000
vn -0.0000 -0.7993 0.6010
vn 0.7324 0.6809 -0.0000
vn 0.9737 0.0022 0.2279
vn 0.9839 0.0017 0.1788
vn 0.9700 0.0023 0.2432
vn -0.7444 -0.6677 -0.0000
vn 0.0859 0.1668 0.9822
vn 0.0440 0.1260 0.9910
vn 0.0366 0.1225 0.9918
vn 0.0896 0.1892 0.9779
vn -0.0101 0.1591 0.9872
vn -0.0117 0.1679 0.9857
vn 0.0639 0.2171 0.9741
vn 0.0642 0.2171 0.9740
vn -0.0118 0.1679 0.9857
vn 0.9684 0.0024 0.2493
vn 0.9681 0.0024 0.2506
vn 0.9737 0.0022 0.2278
vn -0.0328 0.0037 -0.9995
vn -0.0145 0.1436 -0.9895
vn -0.0329 0.0569 -0.9978
vn -0.0289 0.0033 -0.9996
vn -0.7444 0.6677 -0.0000
vn -0.0000 0.2231 -0.9748
vn 0.0033 0.1423 -0.9898
vn 0.0068 0.0822 -0.9966
vn 0.0088 0.0408 -0.9991
vn 0.0047 0.0219 -0.9997
vn 0.9681 0.0024 0.2507
vn 0.8633 0.0048 0.5047
vn -0.0000 0.6108 0.7918
vn 0.6102 -0.5620 0.5584
vn 0.4970 0.4690 0.7301
vn 0.4971 0.4690 0.7300
vn -0.9659 -0.2588 -0.0000
vn -0.9659 0.2588 -0.0000
vn -0.7071 -0.7071 -0.0000
vn 0.2588 -0.9659 -0.0000
vn -0.2588 -0.9659 -0.0000
vn 0.8660 -0.5000 -0.0000
vn 0.7071 -0.7071 -0.0000
vn 0.8661 -0.4999 -0.0000
vn 0.8660 0.5000 -0.0000
vn 0.7071 0.7071 -0.0000
vn 0.2588 0.9659 -0.0000
vn -0.5000 0.8660 -0.0000
vn -0.7071 0.7071 -0.0000
vn -0.2602 0.9656 -0.0000
vn 0.8671 -0.4982 -0.0000
vn 0.7091 -0.7051 -0.0000
vn 0.8670 -0.4982 -0.0000
vn 0.8671 0.4982 -0.0000
vn 0.7091 0.7051 -0.0000
vn -0.7091 -0.7051 -0.0000
vn -0.8671 -0.4982 -0.0000
vn -0.8671 0.4982 -0.0000
vn -0.7091 0.7051 -0.0000
vn -0.2602 -0.9656 -0.0000
vn -0.8671 -0.4981 -0.0000
vn 0.2602 0.9655 -0.0000
vn 0.2602 0.9656 -0.0000
vn 0.2602 -0.9655 -0.0000
vn 0.2602 -0.9656 -0.0000
vn -0.3712 -0.0000 -0.9286
vn -0.3206 0.1831 -0.9294
vn -0.3715 -0.0000 -0.9284
vn -0.3206 -0.1831 -0.9294
vn -0.3198 -0.1845 -0.9294
vn -0.3196 0.1848 -0.9294
vn -0.1837 0.3152 -0.9311
vn -0.1823 0.3159 -0.9311
vn -0.0000 0.3628 -0.9319
vn 0.1824 0.3160 -0.9311
vn 0.1837 0.3152 -0.9311
vn -0.0000 0.3626 -0.9319
vn 0.3196 0.1848 -0.9294
vn 0.3713 -0.0000 -0.9285
vn 0.3206 0.1831 -0.9294
vn 0.3715 -0.0000 -0.9284
vn 0.3206 -0.1832 -0.9293
vn 0.3196 -0.1848 -0.9294
vn 0.1837 -0.3152 -0.9311
vn 0.1824 -0.3160 -0.9311
vn -0.0000 -0.3624 -0.9320
vn -0.0000 -0.3627 -0.9319
vn -0.1824 -0.3160 -0.9311
vn -0.1837 -0.3152 -0.9311
vn 0.8671 -0.4982 0.0001
vn 0.8671 -0.4981 -0.0000
vn -0.2588 0.9659 -0.0000
vn -0.8660 0.5000 -0.0000
vn -0.8660 -0.5000 -0.0000
vn 0.5000 -0.8660 -0.0000
vn 0.9659 -0.2588 -0.0000
vn 0.9659 0.2588 -0.0000
vn 0.5000 0.8660 -0.0000
vn 0.5000 0.8661 -0.0000
vn 0.9656 0.2602 -0.0000
vn -0.4982 -0.8671 -0.0000
vn -0.7051 -0.7091 -0.0000
vn 0.4982 -0.8671 -0.0000
vn 0.7051 -0.7091 -0.0000
vn -0.7051 0.7091 -0.0000
vn -0.4982 0.8671 -0.0000
vn 0.4982 0.8670 -0.0000
vn 0.7051 0.7091 -0.0000
vn -0.9656 0.2602 -0.0000
vn -0.4981 0.8671 -0.0000
vn 0.4982 0.8671 -0.0000
vn 0.4981 0.8671 -0.0000
vn 0.9656 -0.2602 -0.0000
vn -0.9656 -0.2602 -0.0000
vn -0.0000 0.3717 -0.9284
vn 0.1831 0.3206 -0.9294
vn -0.0000 0.3713 -0.9285
vn -0.1833 0.3206 -0.9293
vn -0.1848 0.3196 -0.9294
vn 0.1848 0.3196 -0.9294
vn 0.3152 0.1837 -0.9311
vn 0.3160 0.1824 -0.9311
vn 0.3624 -0.0000 -0.9320
vn 0.3627 -0.0000 -0.9319
vn 0.3161 -0.1824 -0.9310
vn 0.3152 -0.1837 -0.9311
vn 0.1848 -0.3196 -0.9294
vn 0.1830 -0.3206 -0.9294
vn -0.0000 -0.3717 -0.9284
vn -0.1833 -0.3206 -0.9293
vn -0.0000 -0.3714 -0.9285
vn -0.1848 -0.3196 -0.9294
vn -0.3152 -0.1837 -0.9311
vn -0.3159 -0.1823 -0.9311
vn -0.3627 -0.0000 -0.9319
vn -0.3160 0.1824 -0.9311
vn -0.3150 0.1842 -0.9310
vn 0.4981 0.8671 0.0001
vn -0.4982 0.8670 -0.0000
vn 0.0013 -0.0929 0.9957
vn 0.0471 -0.0819 0.9955
vn 0.0807 -0.0459 0.9957
vn 0.0798 -0.0477 0.9957
vn -0.0008 -0.0928 0.9957
vn -0.0425 -0.0781 0.9960
vn -0.0452 -0.0761 0.9961
vn -0.0452 -0.0761 -0.9961
vn -0.0714 -0.0438 -0.9965
vn -0.0425 -0.0781 -0.9960
vn -0.0727 -0.0407 -0.9965
vn -0.0008 -0.0928 -0.9957
vn -0.0790 0.0009 -0.9969
vn -0.0792 -0.0015 -0.9969
vn 0.0888 0.0012 -0.9960
vn 0.0740 0.0407 -0.9964
vn 0.0721 0.0432 -0.9965
vn 0.0891 -0.0019 -0.9960
vn 0.0412 0.0687 -0.9968
vn 0.0390 0.0697 -0.9968
vn 0.0807 -0.0459 -0.9957
vn 0.0798 -0.0477 -0.9957
vn 0.0009 0.0770 0.9970
vn 0.0412 0.0687 0.9968
vn 0.0390 0.0697 0.9968
vn 0.0740 0.0407 0.9964
vn 0.0721 0.0432 0.9965
vn -0.0006 0.0769 0.9970
vn -0.0376 0.0657 0.9971
vn -0.0714 -0.0438 0.9965
vn -0.0727 -0.0407 0.9965
vn -0.0792 -0.0015 0.9969
vn -0.0790 0.0009 0.9969
vn 0.0888 0.0012 0.9960
vn 0.0891 -0.0019 0.9960
vn -0.0664 0.0377 -0.9971
vn -0.0658 0.0387 -0.9971
vn -0.0376 0.0657 -0.9971
vn 0.0471 -0.0819 -0.9955
vn 0.0013 -0.0929 -0.9957
vn -0.0664 0.0377 0.9971
vn -0.0658 0.0387 0.9971
vn -0.0378 0.0656 0.9971
vn 0.0009 0.0770 -0.9970
vn -0.0006 0.0769 -0.9970
vn -0.4982 0.8671 0.0001
vn -0.4982 0.8671 -0.0001
vn -0.0378 0.0656 -0.9971
vn 0.0044 0.2175 0.9760
vn 0.0097 0.2176 0.9760
vn 0.9700 0.0023 0.2431
vn 0.8632 0.0048 0.5048
vn 0.0219 0.1693 0.9853
vn 0.0345 0.1924 0.9807
vn 0.0279 0.2038 0.9786
vn 0.0101 0.1852 0.9826
vn 0.0181 0.1669 0.9858
vn -0.0044 0.2175 0.9760
vn -0.0097 0.2176 0.9760
vn -0.7324 -0.6809 -0.0000
vn -0.7324 0.6809 -0.0000
vn -0.9737 0.0022 0.2279
vn -0.9700 0.0023 0.2432
vn -0.9737 0.0022 0.2278
vn -0.9839 0.0017 0.1788
vn 0.7444 -0.6677 -0.0000
vn -0.0440 0.1260 0.9910
vn -0.0859 0.1668 0.9822
vn -0.0366 0.1225 0.9918
vn -0.0896 0.1892 0.9779
vn 0.0101 0.1591 0.9872
vn -0.0639 0.2171 0.9741
vn 0.0117 0.1679 0.9857
vn 0.0116 0.1898 0.9818
vn -0.9684 0.0024 0.2493
vn 0.0328 0.0037 -0.9995
vn 0.0289 0.0033 -0.9996
vn 0.7444 0.6677 -0.0000
vn 0.0329 0.0569 -0.9978
vn -0.0068 0.0822 -0.9966
vn -0.0033 0.1423 -0.9898
vn 0.0146 0.1436 -0.9895
vn -0.0088 0.0408 -0.9991
vn -0.9681 0.0024 0.2506
vn -0.9681 0.0024 0.2507
vn -0.8633 0.0048 0.5047
vn -0.8632 0.0048 0.5048
vn -0.0047 0.0219 -0.9997
vn -0.6102 -0.5620 0.5584
vn -0.4970 0.4690 0.7301
vn -0.4971 0.4690 0.7300
vn -0.8661 -0.4999 -0.0000
vn -0.8670 -0.4982 -0.0000
vn -0.2602 0.9655 -0.0000
vn -0.2602 -0.9655 -0.0000
vn 0.3717 -0.0000 -0.9284
vn 0.3197 0.1845 -0.9294
vn 0.3206 -0.1831 -0.9294
vn 0.1840 0.3151 -0.9311
vn 0.1823 0.3159 -0.9311
vn -0.3198 0.1845 -0.9294
vn -0.3206 0.1832 -0.9293
vn -0.3713 -0.0000 -0.9285
vn -0.3206 -0.1832 -0.9293
vn -0.3196 -0.1848 -0.9294
vn -0.3714 -0.0000 -0.9285
vn -0.1821 -0.3156 -0.9313
vn 0.1821 -0.3156 -0.9313
vn 0.3198 -0.1845 -0.9294
vn -0.5000 -0.8660 -0.0000
vn -0.5000 0.8660 0.0001
vn -0.5000 0.8661 0.0001
vn -0.1832 0.3206 -0.9293
vn 0.1833 0.3206 -0.9293
vn -0.1845 0.3197 -0.9294
vn -0.3152 0.1837 -0.9311
vn -0.3160 -0.1824 -0.9311
vn -0.1832 -0.3206 -0.9293
vn 0.1832 -0.3206 -0.9293
vn 0.3159 -0.1823 -0.9311
vn 0.3629 -0.0000 -0.9318
vn 0.3626 -0.0000 -0.9320
vn 0.3159 0.1823 -0.9311
vn 0.3151 0.1840 -0.9311
vn -0.4981 0.8671 -0.0001
vn -0.0013 -0.0929 0.9957
vn -0.0471 -0.0819 0.9955
vn 0.0008 -0.0928 0.9957
vn 0.0425 -0.0781 0.9960
vn 0.0727 -0.0407 -0.9965
vn 0.0792 -0.0015 -0.9969
vn 0.0790 0.0009 -0.9969
vn 0.0452 -0.0761 -0.9961
vn 0.0714 -0.0438 -0.9965
vn 0.0008 -0.0928 -0.9957
vn 0.0425 -0.0781 -0.9960
vn -0.0740 0.0407 -0.9964
vn -0.0888 0.0012 -0.9960
vn -0.0721 0.0432 -0.9965
vn -0.0891 -0.0019 -0.9960
vn -0.0412 0.0687 -0.9968
vn -0.0807 -0.0459 -0.9957
vn -0.0412 0.0687 0.9968
vn -0.0009 0.0770 0.9970
vn -0.0390 0.0697 0.9968
vn -0.0721 0.0432 0.9965
vn -0.0740 0.0407 0.9964
vn 0.0376 0.0657 0.9971
vn 0.0006 0.0769 0.9970
vn 0.0714 -0.0438 0.9965
vn 0.0452 -0.0761 0.9961
vn 0.0727 -0.0407 0.9965
vn 0.0792 -0.0015 0.9969
vn -0.0888 0.0012 0.9960
vn -0.0807 -0.0459 0.9957
vn -0.0891 -0.0019 0.9960
vn 0.0664 0.0377 -0.9971
vn 0.0376 0.0657 -0.9971
vn 0.0658 0.0387 -0.9971
vn -0.0798 -0.0477 -0.9957
vn -0.0471 -0.0819 -0.9955
vn 0.0664 0.0377 0.9971
vn 0.0790 0.0009 0.9969
vn 0.0658 0.0387 0.9971
vn -0.0798 -0.0477 0.9957
vn -0.0013 -0.0929 -0.9957
vn -0.0390 0.0697 -0.9968
vn -0.0009 0.0770 -0.9970
vn 0.4982 0.8671 -0.0001
vn 0.0378 0.0656 0.9971
vn 0.0006 0.0769 -0.9970
vn 0.0378 0.0656 -0.9971
vn -0.0642 0.2171 0.9740
vn -0.9700 -0.0000 0.2431
vt 0.014303 0.672645
vt 0.014309 0.672622
vt 0.014309 0.672645
vt 0.014309 0.672704
vt 0.014303 0.672704
vt 0.014303 0.672622
vt 0.014309 0.672560
vt 0.047559 0.672372
vt 0.047574 0.672372
vt 0.047573 0.672374
vt 0.047559 0.672374
vt 0.014053 0.672776
vt 0.014043 0.672837
vt 0.014037 0.672837
vt 0.014067 0.672858
vt 0.014035 0.672860
vt 0.014058 0.672776
vt 0.014086 0.672834
vt 0.014059 0.672770
vt 0.014063 0.672771
vt 0.047015 0.672415
vt 0.047009 0.672419
vt 0.047009 0.672414
vt 0.047015 0.672420
vt 0.047016 0.672468
vt 0.047010 0.672467
vt 0.014091 0.672773
vt 0.014092 0.672765
vt 0.014092 0.672768
vt 0.047558 0.672379
vt 0.047574 0.672438
vt 0.047553 0.672440
vt 0.047574 0.672378
vt 0.047570 0.672460
vt 0.047534 0.672464
vt 0.047576 0.672377
vt 0.047714 0.671721
vt 0.047714 0.671706
vt 0.047719 0.671706
vt 0.047720 0.671721
vt 0.047678 0.671907
vt 0.047673 0.671846
vt 0.047694 0.671848
vt 0.047695 0.671908
vt 0.047693 0.671911
vt 0.047679 0.671912
vt 0.047721 0.671720
vt 0.047721 0.671706
vt 0.014303 0.672560
vt 0.047569 0.672519
vt 0.047526 0.672522
vt 0.047576 0.672517
vt 0.047576 0.672459
vt 0.014290 0.672363
vt 0.014282 0.672386
vt 0.014282 0.672363
vt 0.014290 0.672387
vt 0.014289 0.672341
vt 0.014180 0.672302
vt 0.014178 0.672297
vt 0.014183 0.672301
vt 0.014212 0.672300
vt 0.014173 0.672296
vt 0.014164 0.672236
vt 0.014207 0.672240
vt 0.014212 0.672305
vt 0.014157 0.672235
vt 0.047576 0.672437
vt 0.047696 0.671908
vt 0.047696 0.671825
vt 0.047696 0.671847
vt 0.047017 0.672419
vt 0.047016 0.672416
vt 0.014151 0.672212
vt 0.014141 0.672154
vt 0.014155 0.672213
vt 0.014135 0.672153
vt 0.014187 0.672216
vt 0.014179 0.672157
vt 0.047691 0.671826
vt 0.014059 0.672916
vt 0.014021 0.672919
vt 0.014031 0.672860
vt 0.047017 0.672532
vt 0.047010 0.672485
vt 0.047016 0.672486
vt 0.047011 0.672531
vt 0.047654 0.671822
vt 0.047646 0.671764
vt 0.047690 0.671768
vt 0.047696 0.671768
vt 0.014015 0.672919
vt 0.014252 0.672100
vt 0.014253 0.672067
vt 0.014254 0.672071
vt 0.014255 0.672100
vt 0.014248 0.672060
vt 0.014254 0.672060
vt 0.014247 0.672067
vt 0.014303 0.672512
vt 0.014303 0.672550
vt 0.014295 0.672550
vt 0.014295 0.672512
vt 0.014303 0.672654
vt 0.014295 0.672654
vt 0.014303 0.672412
vt 0.047757 0.671993
vt 0.047749 0.672007
vt 0.047749 0.671993
vt 0.047757 0.672007
vt 0.047756 0.672014
vt 0.047748 0.672013
vt 0.047745 0.672006
vt 0.047745 0.672011
vt 0.047745 0.671992
vt 0.013660 0.672398
vt 0.013647 0.672502
vt 0.013638 0.672503
vt 0.013654 0.672539
vt 0.013636 0.672541
vt 0.013630 0.672542
vt 0.013667 0.672397
vt 0.013675 0.672500
vt 0.013669 0.672389
vt 0.013674 0.672390
vt 0.047222 0.672408
vt 0.047229 0.672399
vt 0.047229 0.672407
vt 0.047221 0.672400
vt 0.047222 0.672490
vt 0.047218 0.672407
vt 0.047217 0.672489
vt 0.047218 0.672401
vt 0.047175 0.672142
vt 0.047195 0.672241
vt 0.047169 0.672242
vt 0.047173 0.672104
vt 0.047192 0.672103
vt 0.047204 0.672141
vt 0.047204 0.672241
vt 0.047197 0.672141
vt 0.047147 0.672144
vt 0.047201 0.672103
vt 0.047204 0.672103
vt 0.047290 0.671739
vt 0.047302 0.671635
vt 0.047305 0.671739
vt 0.047283 0.671634
vt 0.047285 0.671596
vt 0.047307 0.671598
vt 0.047311 0.671636
vt 0.047312 0.671740
vt 0.047310 0.671746
vt 0.047305 0.671748
vt 0.047291 0.671751
vt 0.047291 0.671748
vt 0.047312 0.671749
vt 0.047305 0.671752
vt 0.047314 0.671741
vt 0.047135 0.672245
vt 0.013779 0.672139
vt 0.013777 0.672130
vt 0.013784 0.672137
vt 0.013757 0.672024
vt 0.013785 0.672026
vt 0.013799 0.672131
vt 0.013770 0.672130
vt 0.013748 0.672024
vt 0.047314 0.671637
vt 0.047314 0.671598
vt 0.013740 0.671986
vt 0.013718 0.671884
vt 0.013726 0.671884
vt 0.013746 0.671986
vt 0.013748 0.671886
vt 0.013764 0.671987
vt 0.013779 0.671887
vt 0.013790 0.671988
vt 0.013689 0.672395
vt 0.013690 0.672387
vt 0.013706 0.672498
vt 0.013713 0.672394
vt 0.013680 0.672538
vt 0.013714 0.672385
vt 0.013668 0.672638
vt 0.013638 0.672640
vt 0.013616 0.672642
vt 0.047257 0.671594
vt 0.047245 0.671494
vt 0.047279 0.671496
vt 0.047306 0.671497
vt 0.047229 0.672520
vt 0.047222 0.672600
vt 0.047222 0.672520
vt 0.047229 0.672599
vt 0.047194 0.671999
vt 0.047202 0.671999
vt 0.047314 0.671498
vt 0.047229 0.672489
vt 0.013609 0.672643
vt 0.013800 0.672140
vt 0.013816 0.672028
vt 0.013823 0.672132
vt 0.047180 0.671991
vt 0.047195 0.671991
vt 0.047200 0.671993
vt 0.047180 0.672000
vt 0.013801 0.672143
vt 0.013824 0.672141
vt 0.013824 0.672145
vt 0.014282 0.672341
vt 0.014279 0.672332
vt 0.014287 0.672332
vt 0.014278 0.672386
vt 0.014278 0.672362
vt 0.014278 0.672346
vt 0.014295 0.672412
vt 0.014145 0.672801
vt 0.014160 0.672819
vt 0.014140 0.672821
vt 0.014139 0.672802
vt 0.014145 0.672780
vt 0.014150 0.672779
vt 0.014181 0.672825
vt 0.014159 0.672827
vt 0.014163 0.672799
vt 0.014182 0.672817
vt 0.014138 0.672829
vt 0.014184 0.672797
vt 0.014167 0.672777
vt 0.014153 0.672767
vt 0.014169 0.672765
vt 0.014186 0.672776
vt 0.047333 0.672564
vt 0.047333 0.672574
vt 0.047330 0.672564
vt 0.047330 0.672574
vt 0.047327 0.672564
vt 0.047329 0.672579
vt 0.047327 0.672574
vt 0.047332 0.672579
vt 0.047670 0.672173
vt 0.047680 0.672171
vt 0.047680 0.672174
vt 0.047670 0.672170
vt 0.047684 0.672170
vt 0.047685 0.672172
vt 0.014309 0.672548
vt 0.014306 0.672525
vt 0.014309 0.672525
vt 0.014309 0.672560
vt 0.014306 0.672548
vt 0.014306 0.672560
vt 0.014303 0.672560
vt 0.014303 0.672548
vt 0.014164 0.672556
vt 0.014167 0.672544
vt 0.014169 0.672556
vt 0.014161 0.672544
vt 0.014161 0.672522
vt 0.014180 0.672524
vt 0.014183 0.672545
vt 0.014171 0.672562
vt 0.014185 0.672557
vt 0.014174 0.672560
vt 0.013863 0.672925
vt 0.013861 0.672918
vt 0.013864 0.672918
vt 0.013860 0.672925
vt 0.013859 0.672918
vt 0.013866 0.672925
vt 0.046822 0.672084
vt 0.046822 0.672095
vt 0.046819 0.672095
vt 0.046819 0.672099
vt 0.046824 0.672098
vt 0.046822 0.672098
vt 0.046825 0.672094
vt 0.046819 0.672084
vt 0.046822 0.672065
vt 0.047687 0.672167
vt 0.047685 0.672166
vt 0.046816 0.672094
vt 0.046816 0.672084
vt 0.046816 0.672064
vt 0.046819 0.672065
vt 0.047645 0.672080
vt 0.047665 0.672074
vt 0.047666 0.672082
vt 0.047648 0.672083
vt 0.047681 0.672054
vt 0.047682 0.672075
vt 0.047644 0.672072
vt 0.047682 0.672083
vt 0.047641 0.672050
vt 0.047663 0.672052
vt 0.047687 0.672055
vt 0.047687 0.672077
vt 0.047687 0.672084
vt 0.047682 0.672086
vt 0.047667 0.672085
vt 0.047655 0.672092
vt 0.047672 0.672093
vt 0.047653 0.672370
vt 0.047663 0.672381
vt 0.047652 0.672382
vt 0.047664 0.672369
vt 0.047669 0.672380
vt 0.047669 0.672402
vt 0.047663 0.672402
vt 0.047650 0.672403
vt 0.047654 0.672365
vt 0.047664 0.672364
vt 0.047668 0.672365
vt 0.047669 0.672369
vt 0.014176 0.672503
vt 0.014198 0.672498
vt 0.014198 0.672505
vt 0.014157 0.672502
vt 0.014200 0.672525
vt 0.014202 0.672547
vt 0.014155 0.672522
vt 0.014175 0.672496
vt 0.047679 0.672132
vt 0.047685 0.672113
vt 0.047685 0.672133
vt 0.047678 0.672113
vt 0.047667 0.672131
vt 0.047665 0.672111
vt 0.047685 0.672106
vt 0.047679 0.672154
vt 0.047685 0.672155
vt 0.047669 0.672165
vt 0.047668 0.672153
vt 0.047678 0.672105
vt 0.047664 0.672104
vt 0.014130 0.672852
vt 0.014126 0.672849
vt 0.014131 0.672849
vt 0.014142 0.672859
vt 0.014128 0.672860
vt 0.014126 0.672853
vt 0.014137 0.672881
vt 0.014123 0.672882
vt 0.014124 0.672861
vt 0.014118 0.672883
vt 0.014303 0.672473
vt 0.014306 0.672465
vt 0.014306 0.672473
vt 0.014303 0.672465
vt 0.014309 0.672476
vt 0.014306 0.672476
vt 0.014303 0.672476
vt 0.014306 0.672442
vt 0.014303 0.672484
vt 0.014129 0.672842
vt 0.014145 0.672847
vt 0.014143 0.672851
vt 0.047325 0.672574
vt 0.047325 0.672564
vt 0.047325 0.672578
vt 0.047327 0.672580
vt 0.014154 0.672762
vt 0.014158 0.672763
vt 0.014148 0.672768
vt 0.047671 0.672369
vt 0.047669 0.672364
vt 0.047671 0.672381
vt 0.046825 0.672084
vt 0.046825 0.672065
vt 0.047662 0.672422
vt 0.047649 0.672424
vt 0.047669 0.672430
vt 0.047662 0.672430
vt 0.047669 0.672422
vt 0.047648 0.672431
vt 0.014158 0.672879
vt 0.014162 0.672849
vt 0.014161 0.672857
vt 0.014151 0.672839
vt 0.014165 0.672846
vt 0.014134 0.672841
vt 0.047671 0.672402
vt 0.047671 0.672422
vt 0.046822 0.672047
vt 0.046825 0.672047
vt 0.046825 0.672040
vt 0.014203 0.672559
vt 0.014186 0.672563
vt 0.014203 0.672564
vt 0.014146 0.672471
vt 0.014143 0.672475
vt 0.014142 0.672472
vt 0.014158 0.672464
vt 0.014160 0.672472
vt 0.014148 0.672475
vt 0.014145 0.672463
vt 0.014177 0.672466
vt 0.014174 0.672444
vt 0.014178 0.672474
vt 0.014154 0.672442
vt 0.014139 0.672441
vt 0.014162 0.672475
vt 0.014181 0.672477
vt 0.014167 0.672484
vt 0.014151 0.672482
vt 0.014303 0.672504
vt 0.014306 0.672504
vt 0.014303 0.672525
vt 0.014309 0.672504
vt 0.014303 0.672496
vt 0.014306 0.672496
vt 0.014150 0.672502
vt 0.014155 0.672494
vt 0.047629 0.672455
vt 0.047649 0.672461
vt 0.047628 0.672463
vt 0.047665 0.672482
vt 0.047647 0.672483
vt 0.047649 0.672453
vt 0.047625 0.672485
vt 0.047631 0.672452
vt 0.047666 0.672452
vt 0.047665 0.672460
vt 0.047651 0.672450
vt 0.047638 0.672444
vt 0.047656 0.672442
vt 0.047666 0.672449
vt 0.047671 0.672460
vt 0.047671 0.672452
vt 0.047671 0.672482
vt 0.014131 0.672834
vt 0.014132 0.672830
vt 0.014137 0.672833
vt 0.014157 0.672831
vt 0.014134 0.672822
vt 0.014309 0.672493
vt 0.014309 0.672496
vt 0.014303 0.672493
vt 0.014306 0.672493
vt 0.014306 0.672484
vt 0.046822 0.672013
vt 0.046822 0.672020
vt 0.046819 0.672021
vt 0.046819 0.671994
vt 0.046822 0.671994
vt 0.046825 0.672020
vt 0.046825 0.672023
vt 0.046822 0.672023
vt 0.046819 0.672023
vt 0.046819 0.672014
vt 0.046822 0.672030
vt 0.046819 0.672030
vt 0.047687 0.672088
vt 0.047683 0.672094
vt 0.014309 0.672465
vt 0.014309 0.672473
vt 0.014309 0.672442
vt 0.014140 0.672464
vt 0.014309 0.672484
vt 0.047680 0.672166
vt 0.046819 0.672047
vt 0.046822 0.672040
vt 0.046816 0.672046
vt 0.046816 0.672040
vt 0.046819 0.672041
vt 0.013861 0.672941
vt 0.013859 0.672929
vt 0.013861 0.672958
vt 0.013858 0.672958
vt 0.013858 0.672941
vt 0.013863 0.672941
vt 0.013863 0.672958
vt 0.013866 0.672941
vt 0.013866 0.672958
vt 0.014186 0.672764
vt 0.014170 0.672760
vt 0.014187 0.672759
vt 0.014186 0.672565
vt 0.014203 0.672566
vt 0.047684 0.672102
vt 0.047687 0.672095
vt 0.047676 0.672101
vt 0.047687 0.672103
vt 0.046825 0.672030
vt 0.046822 0.672037
vt 0.046819 0.672037
vt 0.046825 0.672037
vt 0.047667 0.672441
vt 0.047660 0.672434
vt 0.047668 0.672433
vt 0.047671 0.672449
vt 0.047671 0.672441
vt 0.047671 0.672433
vt 0.047671 0.672430
vt 0.014145 0.672483
vt 0.014147 0.672491
vt 0.014154 0.672491
vt 0.014148 0.672494
vt 0.014173 0.672492
vt 0.047662 0.672100
vt 0.014172 0.672837
vt 0.014179 0.672829
vt 0.014195 0.672494
vt 0.014188 0.672485
vt 0.047646 0.672435
vt 0.046825 0.672013
vt 0.046825 0.671994
vt 0.046816 0.672036
vt 0.047671 0.672511
vt 0.047664 0.672511
vt 0.046819 0.671968
vt 0.046822 0.671968
vt 0.046825 0.671968
vt 0.014306 0.672412
vt 0.014303 0.672442
vt 0.014309 0.672412
vt 0.014132 0.672412
vt 0.014134 0.672441
vt 0.014148 0.672413
vt 0.014126 0.672412
vt 0.047687 0.672026
vt 0.047681 0.672025
vt 0.047645 0.672512
vt 0.047620 0.672514
vt 0.014170 0.672415
vt 0.014131 0.672910
vt 0.014115 0.672912
vt 0.014154 0.672908
vt 0.014110 0.672913
vt 0.047661 0.672023
vt 0.047637 0.672021
vt 0.013812 0.672226
vt 0.013833 0.672258
vt 0.013806 0.672260
vt 0.013804 0.672226
vt 0.013812 0.672189
vt 0.013819 0.672189
vt 0.013837 0.672224
vt 0.013863 0.672257
vt 0.013862 0.672270
vt 0.013831 0.672271
vt 0.013803 0.672273
vt 0.013842 0.672188
vt 0.013866 0.672223
vt 0.013845 0.672168
vt 0.013868 0.672186
vt 0.013823 0.672169
vt 0.046861 0.672560
vt 0.046861 0.672574
vt 0.046856 0.672561
vt 0.046861 0.672581
vt 0.046857 0.672581
vt 0.046856 0.672574
vt 0.046853 0.672561
vt 0.046854 0.672582
vt 0.046853 0.672575
vt 0.046865 0.672574
vt 0.046865 0.672560
vt 0.046865 0.672579
vt 0.013436 0.672700
vt 0.013436 0.672679
vt 0.013440 0.672700
vt 0.013432 0.672642
vt 0.013436 0.672642
vt 0.013432 0.672700
vt 0.013432 0.672679
vt 0.013440 0.672679
vt 0.013440 0.672642
vt 0.013816 0.672656
vt 0.013812 0.672635
vt 0.013819 0.672637
vt 0.013823 0.672657
vt 0.013812 0.672600
vt 0.013837 0.672602
vt 0.013842 0.672639
vt 0.013845 0.672659
vt 0.013830 0.672664
vt 0.013825 0.672665
vt 0.013440 0.672709
vt 0.013436 0.672709
vt 0.046912 0.671972
vt 0.046915 0.671978
vt 0.046912 0.671978
vt 0.046907 0.671954
vt 0.046912 0.671955
vt 0.046908 0.671978
vt 0.046907 0.671971
vt 0.046915 0.671972
vt 0.046912 0.671923
vt 0.046915 0.671924
vt 0.046907 0.671923
vt 0.047360 0.672267
vt 0.047358 0.672275
vt 0.047356 0.672274
vt 0.047357 0.672268
vt 0.046904 0.671970
vt 0.046904 0.671952
vt 0.047302 0.672123
vt 0.047330 0.672112
vt 0.047330 0.672125
vt 0.047305 0.672129
vt 0.047352 0.672113
vt 0.047352 0.672076
vt 0.047301 0.672110
vt 0.047352 0.672126
vt 0.047327 0.672074
vt 0.047296 0.672072
vt 0.047360 0.672126
vt 0.047332 0.672130
vt 0.047353 0.672131
vt 0.047339 0.672144
vt 0.047315 0.672142
vt 0.047360 0.672131
vt 0.047336 0.671772
vt 0.047350 0.671791
vt 0.047335 0.671792
vt 0.047351 0.671772
vt 0.047358 0.671827
vt 0.047349 0.671828
vt 0.047358 0.671791
vt 0.047332 0.671829
vt 0.047337 0.671763
vt 0.047351 0.671763
vt 0.047356 0.671764
vt 0.047358 0.671771
vt 0.047358 0.671762
vt 0.047337 0.671760
vt 0.047351 0.671759
vt 0.047360 0.671770
vt 0.013833 0.672567
vt 0.013863 0.672569
vt 0.013862 0.672556
vt 0.013805 0.672565
vt 0.013865 0.672604
vt 0.013867 0.672640
vt 0.013804 0.672599
vt 0.013831 0.672554
vt 0.047348 0.672211
vt 0.047347 0.672177
vt 0.047357 0.672177
vt 0.047357 0.672211
vt 0.047332 0.672210
vt 0.047329 0.672176
vt 0.047357 0.672164
vt 0.047349 0.672247
vt 0.047357 0.672248
vt 0.047335 0.672266
vt 0.047334 0.672246
vt 0.047347 0.672164
vt 0.047328 0.672163
vt 0.013792 0.672311
vt 0.013787 0.672306
vt 0.013793 0.672306
vt 0.013789 0.672325
vt 0.013786 0.672311
vt 0.013808 0.672324
vt 0.013802 0.672361
vt 0.013781 0.672362
vt 0.013783 0.672325
vt 0.013775 0.672362
vt 0.013436 0.672554
vt 0.013440 0.672540
vt 0.013440 0.672554
vt 0.013432 0.672560
vt 0.013432 0.672554
vt 0.013432 0.672540
vt 0.013436 0.672540
vt 0.013432 0.672502
vt 0.013440 0.672502
vt 0.013436 0.672502
vt 0.013436 0.672560
vt 0.013440 0.672560
vt 0.013436 0.672573
vt 0.013432 0.672573
vt 0.013790 0.672293
vt 0.013813 0.672305
vt 0.013810 0.672310
vt 0.013825 0.672159
vt 0.013830 0.672162
vt 0.013816 0.672169
vt 0.013432 0.672709
vt 0.013846 0.672155
vt 0.013846 0.672159
vt 0.047360 0.671790
vt 0.047360 0.671826
vt 0.046915 0.671955
vt 0.047348 0.671862
vt 0.047330 0.671863
vt 0.047357 0.671874
vt 0.047348 0.671875
vt 0.047357 0.671861
vt 0.047329 0.671876
vt 0.013830 0.672360
vt 0.013836 0.672309
vt 0.013834 0.672322
vt 0.013821 0.672291
vt 0.013839 0.672303
vt 0.013797 0.672293
vt 0.047360 0.671860
vt 0.047360 0.671873
vt 0.046907 0.671893
vt 0.046912 0.671894
vt 0.046907 0.671882
vt 0.046912 0.671883
vt 0.046915 0.671894
vt 0.046915 0.671883
vt 0.013846 0.672667
vt 0.013869 0.672660
vt 0.013869 0.672669
vt 0.013792 0.672514
vt 0.013808 0.672502
vt 0.013810 0.672515
vt 0.013787 0.672518
vt 0.013786 0.672513
vt 0.013793 0.672519
vt 0.013789 0.672500
vt 0.013834 0.672503
vt 0.013830 0.672466
vt 0.013835 0.672517
vt 0.013802 0.672464
vt 0.013781 0.672463
vt 0.013813 0.672521
vt 0.013839 0.672522
vt 0.013797 0.672533
vt 0.013820 0.672534
vt 0.013432 0.672606
vt 0.013436 0.672606
vt 0.013440 0.672593
vt 0.013440 0.672606
vt 0.013796 0.672564
vt 0.013803 0.672552
vt 0.047303 0.671915
vt 0.047330 0.671927
vt 0.047301 0.671929
vt 0.047331 0.671913
vt 0.047353 0.671925
vt 0.047352 0.671962
vt 0.047328 0.671964
vt 0.047297 0.671966
vt 0.047353 0.671912
vt 0.047306 0.671910
vt 0.047333 0.671908
vt 0.047339 0.671895
vt 0.047354 0.671907
vt 0.047316 0.671896
vt 0.047360 0.671924
vt 0.047360 0.671911
vt 0.047360 0.671961
vt 0.013792 0.672279
vt 0.013794 0.672273
vt 0.013801 0.672279
vt 0.013828 0.672278
vt 0.013796 0.672260
vt 0.013436 0.672593
vt 0.013440 0.672587
vt 0.013432 0.672593
vt 0.013432 0.672587
vt 0.013436 0.672587
vt 0.046912 0.671850
vt 0.046908 0.671838
vt 0.046912 0.671839
vt 0.046915 0.671839
vt 0.046915 0.671850
vt 0.046907 0.671850
vt 0.046912 0.671807
vt 0.046915 0.671807
vt 0.046908 0.671806
vt 0.046912 0.671855
vt 0.046907 0.671854
vt 0.046912 0.671866
vt 0.046907 0.671866
vt 0.047360 0.672113
vt 0.047355 0.672145
vt 0.047360 0.672075
vt 0.013783 0.672499
vt 0.013440 0.672573
vt 0.047350 0.672267
vt 0.047350 0.672276
vt 0.047336 0.672275
vt 0.047360 0.672211
vt 0.047360 0.672247
vt 0.047360 0.672176
vt 0.047360 0.672164
vt 0.013870 0.672154
vt 0.013870 0.672157
vt 0.013869 0.672166
vt 0.013387 0.672909
vt 0.013390 0.672931
vt 0.013386 0.672931
vt 0.013391 0.672909
vt 0.013390 0.672954
vt 0.013394 0.672954
vt 0.013386 0.672954
vt 0.013394 0.672931
vt 0.013395 0.672909
vt 0.013398 0.672914
vt 0.013398 0.672930
vt 0.013398 0.672954
vt 0.047360 0.672158
vt 0.047356 0.672158
vt 0.047345 0.672158
vt 0.047360 0.672144
vt 0.046915 0.671866
vt 0.046907 0.671877
vt 0.046915 0.671878
vt 0.046912 0.671878
vt 0.046915 0.671855
vt 0.047355 0.671893
vt 0.047346 0.671881
vt 0.047357 0.671880
vt 0.047360 0.671906
vt 0.047360 0.671893
vt 0.047360 0.671879
vt 0.013790 0.672531
vt 0.013792 0.672545
vt 0.013801 0.672546
vt 0.013794 0.672551
vt 0.013828 0.672548
vt 0.047325 0.672156
vt 0.013849 0.672290
vt 0.013859 0.672276
vt 0.013849 0.672536
vt 0.013858 0.672550
vt 0.047326 0.671882
vt 0.047360 0.672010
vt 0.047352 0.672011
vt 0.046908 0.671764
vt 0.046912 0.671764
vt 0.046915 0.671765
vt 0.013436 0.672451
vt 0.013432 0.672451
vt 0.013440 0.672452
vt 0.013772 0.672413
vt 0.013775 0.672461
vt 0.013793 0.672415
vt 0.013764 0.672412
vt 0.047351 0.672027
vt 0.047360 0.672026
vt 0.047325 0.672013
vt 0.047291 0.672015
vt 0.013824 0.672417
vt 0.013794 0.672411
vt 0.013772 0.672412
vt 0.013824 0.672409
vt 0.013764 0.672412
vt 0.047324 0.672025
vt 0.047291 0.672023
vt 0.014247 0.672100
vt 0.077521 0.671174
vt 0.077518 0.671149
vt 0.077525 0.671149
vt 0.077541 0.671068
vt 0.077546 0.671072
vt 0.077515 0.671175
vt 0.077524 0.671191
vt 0.077518 0.671194
vt 0.078077 0.671153
vt 0.078049 0.671075
vt 0.078056 0.671075
vt 0.078052 0.671051
vt 0.078072 0.671156
vt 0.078018 0.670914
vt 0.078039 0.670837
vt 0.078045 0.670840
vt 0.078011 0.670914
vt 0.078011 0.670947
vt 0.078004 0.670950
vt 0.078046 0.671049
vt 0.078055 0.671033
vt 0.077370 0.671380
vt 0.077349 0.671303
vt 0.077376 0.671377
vt 0.077342 0.671303
vt 0.077335 0.671267
vt 0.077342 0.671270
vt 0.078034 0.670977
vt 0.078045 0.670984
vt 0.078042 0.670989
vt 0.078028 0.670982
vt 0.078010 0.670969
vt 0.078016 0.670965
vt 0.077531 0.671210
vt 0.077537 0.671206
vt 0.078062 0.671014
vt 0.078068 0.671018
vt 0.078049 0.671030
vt 0.077347 0.671252
vt 0.077341 0.671248
vt 0.077360 0.671235
vt 0.077365 0.671240
vt 0.077373 0.671228
vt 0.077376 0.671233
vt 0.077981 0.671338
vt 0.077987 0.671368
vt 0.077981 0.671367
vt 0.077987 0.671338
vt 0.078073 0.671007
vt 0.078077 0.671012
vt 0.077560 0.671151
vt 0.077662 0.671151
vt 0.077560 0.671181
vt 0.077662 0.671181
vt 0.077548 0.671187
vt 0.077542 0.671218
vt 0.077548 0.671109
vt 0.077674 0.671109
vt 0.077548 0.671131
vt 0.077674 0.671131
vt 0.077548 0.671146
vt 0.077047 0.671300
vt 0.077047 0.671175
vt 0.077071 0.671300
vt 0.076965 0.671299
vt 0.076965 0.671174
vt 0.077071 0.671176
vt 0.077086 0.671301
vt 0.077652 0.671220
vt 0.077551 0.671308
vt 0.077551 0.671226
vt 0.077652 0.671302
vt 0.077548 0.671344
vt 0.077548 0.671200
vt 0.077674 0.671200
vt 0.077548 0.671220
vt 0.077674 0.671187
vt 0.077674 0.671220
vt 0.077649 0.671337
vt 0.077674 0.671095
vt 0.077548 0.671095
vt 0.077086 0.671176
vt 0.047759 0.672373
vt 0.047766 0.672378
vt 0.047758 0.672382
vt 0.047766 0.672364
vt 0.047766 0.672400
vt 0.047758 0.672400
vt 0.046792 0.672209
vt 0.046786 0.672228
vt 0.046783 0.672211
vt 0.046776 0.672230
vt 0.046786 0.672241
vt 0.046776 0.672241
vt 0.047355 0.672422
vt 0.047354 0.672447
vt 0.047346 0.672449
vt 0.047347 0.672416
vt 0.047360 0.672411
vt 0.046768 0.672501
vt 0.046754 0.672512
vt 0.046754 0.672501
vt 0.046768 0.672512
vt 0.046768 0.672518
vt 0.046768 0.672482
vt 0.046773 0.672219
vt 0.046693 0.672203
vt 0.046773 0.672190
vt 0.046692 0.672227
vt 0.046661 0.672210
vt 0.046773 0.672238
vt 0.046692 0.672243
vt 0.046671 0.672200
vt 0.046695 0.672191
vt 0.046773 0.672177
vt 0.046817 0.672223
vt 0.046818 0.672202
vt 0.046898 0.672207
vt 0.046898 0.672241
vt 0.046817 0.672242
vt 0.046898 0.672182
vt 0.046801 0.672201
vt 0.046819 0.672193
vt 0.046898 0.672172
vt 0.047351 0.672527
vt 0.047360 0.672526
vt 0.047759 0.672478
vt 0.047766 0.672478
vt 0.046820 0.672336
vt 0.046898 0.672338
vt 0.046898 0.672351
vt 0.046795 0.672328
vt 0.046818 0.672325
vt 0.046786 0.672317
vt 0.046816 0.672301
vt 0.046898 0.672290
vt 0.046898 0.672309
vt 0.046784 0.672296
vt 0.046816 0.672285
vt 0.046775 0.672315
vt 0.046773 0.672294
vt 0.046785 0.672282
vt 0.047353 0.672401
vt 0.046898 0.672246
vt 0.046817 0.672247
vt 0.046742 0.672518
vt 0.046768 0.672546
vt 0.046742 0.672546
vt 0.046754 0.672552
vt 0.047335 0.672451
vt 0.047336 0.672417
vt 0.047340 0.672529
vt 0.047769 0.671730
vt 0.047783 0.671711
vt 0.047783 0.671730
vt 0.047769 0.671711
vt 0.047769 0.671700
vt 0.047783 0.671700
vt 0.046662 0.672299
vt 0.046667 0.672318
vt 0.046658 0.672316
vt 0.046651 0.672298
vt 0.046661 0.672286
vt 0.047470 0.672444
vt 0.047478 0.672440
vt 0.047478 0.672449
vt 0.047470 0.672431
vt 0.047470 0.672467
vt 0.046786 0.672247
vt 0.046774 0.672275
vt 0.046775 0.672247
vt 0.046785 0.672276
vt 0.046774 0.672281
vt 0.047482 0.672398
vt 0.047468 0.672321
vt 0.047479 0.672320
vt 0.047482 0.672287
vt 0.047470 0.672399
vt 0.046660 0.672246
vt 0.046659 0.672232
vt 0.046695 0.672187
vt 0.046773 0.672172
vt 0.046663 0.672199
vt 0.046650 0.672213
vt 0.047456 0.672445
vt 0.047456 0.672431
vt 0.047456 0.672467
vt 0.046693 0.672325
vt 0.046773 0.672321
vt 0.046773 0.672346
vt 0.046695 0.672334
vt 0.046692 0.672305
vt 0.046773 0.672287
vt 0.046676 0.672327
vt 0.046692 0.672286
vt 0.047456 0.672545
vt 0.047470 0.672544
vt 0.047470 0.672288
vt 0.047478 0.672544
vt 0.047478 0.672466
vt 0.047783 0.671626
vt 0.047769 0.671626
vt 0.047769 0.671613
vt 0.047783 0.671613
vt 0.046649 0.672233
vt 0.046649 0.672246
vt 0.046773 0.672355
vt 0.046773 0.672281
vt 0.046692 0.672281
vt 0.046692 0.672248
vt 0.046773 0.672243
vt 0.046660 0.672251
vt 0.046661 0.672281
vt 0.047780 0.672477
vt 0.047780 0.672400
vt 0.047780 0.672377
vt 0.046754 0.672586
vt 0.046768 0.672586
vt 0.046768 0.672599
vt 0.046754 0.672599
vt 0.047780 0.672364
vt 0.047769 0.671647
vt 0.047783 0.671647
vt 0.046651 0.672286
vt 0.046651 0.672281
vt 0.046649 0.672252
vt 0.046768 0.672565
vt 0.046754 0.672565
vt 0.046768 0.672552
vt 0.046754 0.672482
vt 0.047769 0.671660
vt 0.047783 0.671660
vt 0.047757 0.671694
vt 0.047783 0.671665
vt 0.047783 0.671694
vt 0.047757 0.671665
vt 0.046816 0.672279
vt 0.046898 0.672284
vt 0.077674 0.671146
vt 0.077546 0.671213
vt 0.077981 0.671397
vt 0.077987 0.671398
vt 0.077981 0.671368
vt 0.077887 0.670755
vt 0.077893 0.670744
vt 0.077893 0.670756
vt 0.077887 0.670743
vt 0.077214 0.670787
vt 0.077220 0.670799
vt 0.077214 0.670800
vt 0.077220 0.670786
vt 0.077508 0.670577
vt 0.077502 0.670572
vt 0.077508 0.670571
vt 0.077502 0.670578
vt 0.077214 0.670969
vt 0.077214 0.670981
vt 0.077207 0.670970
vt 0.077207 0.670983
vt 0.047360 0.672493
vt 0.047369 0.672493
vt 0.047369 0.672503
vt 0.047360 0.672503
vt 0.047369 0.672431
vt 0.047373 0.672438
vt 0.047373 0.672493
vt 0.047373 0.672503
vt 0.047373 0.672547
vt 0.047369 0.672553
vt 0.047360 0.672553
vt 0.013754 0.672475
vt 0.013754 0.672567
vt 0.013738 0.672567
vt 0.013738 0.672476
vt 0.013738 0.672384
vt 0.013754 0.672384
vt 0.013763 0.672567
vt 0.013474 0.672652
vt 0.013538 0.672637
vt 0.013480 0.672675
vt 0.013544 0.672643
vt 0.013478 0.672636
vt 0.013480 0.672627
vt 0.013544 0.672638
vt 0.013552 0.672803
vt 0.013514 0.672799
vt 0.013440 0.672661
vt 0.013552 0.672647
vt 0.013417 0.672049
vt 0.013445 0.672049
vt 0.013445 0.672077
vt 0.013417 0.672091
vt 0.013410 0.672049
vt 0.013417 0.671893
vt 0.013423 0.672027
vt 0.013439 0.672027
vt 0.013410 0.672094
vt 0.013328 0.672056
vt 0.013317 0.672049
vt 0.013410 0.671893
vt 0.013317 0.672111
vt 0.013317 0.672090
vt 0.013317 0.672073
vt 0.013997 0.672546
vt 0.014015 0.672637
vt 0.013997 0.672638
vt 0.013997 0.672455
vt 0.014015 0.672455
vt 0.014015 0.672546
vt 0.013997 0.672645
vt 0.013359 0.672453
vt 0.013359 0.672362
vt 0.013397 0.672362
vt 0.013397 0.672453
vt 0.013397 0.672544
vt 0.013359 0.672544
vt 0.013430 0.672453
vt 0.013430 0.672544
vt 0.013893 0.672637
vt 0.013899 0.672637
vt 0.013893 0.672645
vt 0.013957 0.672637
vt 0.013899 0.672645
vt 0.013893 0.672672
vt 0.013957 0.672645
vt 0.013992 0.672638
vt 0.013992 0.672645
vt 0.013992 0.672546
vt 0.013992 0.672455
vt 0.047424 0.672243
vt 0.047433 0.672244
vt 0.047424 0.672251
vt 0.047424 0.672152
vt 0.047433 0.672152
vt 0.047433 0.672251
vt 0.047433 0.672279
vt 0.047424 0.672278
vt 0.047433 0.672286
vt 0.047424 0.672286
vt 0.013763 0.672475
vt 0.014015 0.672645
vt 0.013997 0.672673
vt 0.047142 0.671759
vt 0.047123 0.671759
vt 0.047127 0.671751
vt 0.047147 0.671751
vt 0.047141 0.671724
vt 0.047742 0.671541
vt 0.047723 0.671551
vt 0.047721 0.671541
vt 0.047722 0.671491
vt 0.047743 0.671491
vt 0.013498 0.672110
vt 0.013679 0.672110
vt 0.013675 0.672117
vt 0.013661 0.672018
vt 0.013498 0.671928
vt 0.013679 0.671927
vt 0.013498 0.672019
vt 0.013681 0.672018
vt 0.013701 0.672110
vt 0.013453 0.672145
vt 0.013498 0.672145
vt 0.013453 0.672152
vt 0.013498 0.672118
vt 0.013453 0.672117
vt 0.013498 0.672153
vt 0.047401 0.672431
vt 0.047397 0.672438
vt 0.047360 0.672431
vt 0.046876 0.671744
vt 0.046784 0.671764
vt 0.046784 0.671740
vt 0.046692 0.671744
vt 0.046876 0.671764
vt 0.013992 0.672673
vt 0.013997 0.672680
vt 0.013992 0.672680
vt 0.013445 0.671893
vt 0.013439 0.671907
vt 0.013423 0.671907
vt 0.047540 0.672355
vt 0.047498 0.672364
vt 0.047529 0.672336
vt 0.047577 0.672336
vt 0.047577 0.672355
vt 0.047511 0.672372
vt 0.047577 0.672306
vt 0.047549 0.672369
vt 0.047519 0.672306
vt 0.047492 0.672353
vt 0.046757 0.671968
vt 0.046757 0.671994
vt 0.046726 0.671968
vt 0.046804 0.671968
vt 0.046804 0.671995
vt 0.046726 0.671994
vt 0.046728 0.672003
vt 0.046800 0.672003
vt 0.046658 0.672003
vt 0.046649 0.671995
vt 0.046649 0.671968
vt 0.046655 0.671866
vt 0.046690 0.671799
vt 0.046690 0.671866
vt 0.046690 0.671933
vt 0.046655 0.671933
vt 0.046655 0.671799
vt 0.046687 0.671790
vt 0.046826 0.671952
vt 0.046850 0.671942
vt 0.046850 0.671952
vt 0.046887 0.671942
vt 0.046826 0.671942
vt 0.046826 0.671963
vt 0.046887 0.671952
vt 0.046919 0.671831
vt 0.046915 0.671766
vt 0.046919 0.671764
vt 0.046915 0.671896
vt 0.046915 0.671831
vt 0.047504 0.672199
vt 0.047520 0.672275
vt 0.047483 0.672275
vt 0.047541 0.672199
vt 0.047577 0.672275
vt 0.046904 0.671941
vt 0.046892 0.671963
vt 0.046904 0.671968
vt 0.047410 0.672431
vt 0.047410 0.672494
vt 0.047401 0.672494
vt 0.047401 0.672503
vt 0.047397 0.672503
vt 0.047410 0.672503
vt 0.047397 0.672548
vt 0.047397 0.672493
vt 0.047401 0.672554
vt 0.013453 0.672110
vt 0.013453 0.672018
vt 0.047163 0.671724
vt 0.047145 0.671716
vt 0.047167 0.671716
vt 0.014015 0.672672
vt 0.014015 0.672680
vt 0.013957 0.672672
vt 0.013899 0.672680
vt 0.013899 0.672672
vt 0.013957 0.672680
vt 0.078035 0.670757
vt 0.078062 0.670815
vt 0.078035 0.670815
vt 0.078062 0.670757
vt 0.047410 0.672554
vt 0.047178 0.671778
vt 0.047170 0.671759
vt 0.047180 0.671759
vt 0.047169 0.671778
vt 0.047231 0.671778
vt 0.047107 0.671759
vt 0.047160 0.671978
vt 0.047150 0.671983
vt 0.013453 0.672049
vt 0.013453 0.672073
vt 0.013453 0.671893
vt 0.013893 0.672680
vt 0.013693 0.672372
vt 0.013764 0.672352
vt 0.013751 0.672362
vt 0.013756 0.672361
vt 0.013764 0.672196
vt 0.013712 0.672172
vt 0.013764 0.672172
vt 0.078003 0.670485
vt 0.078003 0.670542
vt 0.077975 0.670485
vt 0.077975 0.670542
vt 0.077491 0.671404
vt 0.077465 0.671404
vt 0.077491 0.671377
vt 0.077465 0.671377
vt 0.077894 0.671396
vt 0.077894 0.671338
vt 0.077920 0.671338
vt 0.077920 0.671396
vt 0.077825 0.671377
vt 0.077851 0.671377
vt 0.077825 0.671404
vt 0.077851 0.671404
vt 0.013453 0.671927
vt 0.013448 0.672690
vt 0.013480 0.672808
vt 0.047171 0.671716
vt 0.047185 0.671625
vt 0.047185 0.671716
vt 0.047161 0.671625
vt 0.047171 0.671533
vt 0.047424 0.672061
vt 0.047433 0.672061
vt 0.013967 0.672672
vt 0.013967 0.672645
vt 0.013967 0.672680
vt 0.013967 0.672637
vt 0.013967 0.672546
vt 0.013967 0.672455
vt 0.014043 0.672336
vt 0.014013 0.672244
vt 0.014043 0.672245
vt 0.014013 0.672336
vt 0.013894 0.672335
vt 0.013894 0.672244
vt 0.013894 0.672153
vt 0.014262 0.672558
vt 0.014262 0.672485
vt 0.014295 0.672489
vt 0.014295 0.672562
vt 0.014262 0.672412
vt 0.014295 0.672416
vt 0.046649 0.671780
vt 0.046669 0.671764
vt 0.046649 0.671790
vt 0.046654 0.671769
vt 0.046687 0.671764
vt 0.046816 0.671995
vt 0.047482 0.672306
vt 0.077418 0.671374
vt 0.077418 0.671406
vt 0.077392 0.671374
vt 0.077392 0.671406
vt 0.077771 0.670573
vt 0.077745 0.670573
vt 0.077771 0.670541
vt 0.077745 0.670541
vt 0.077090 0.671207
vt 0.077087 0.671174
vt 0.077090 0.671174
vt 0.077087 0.671207
vt 0.077677 0.671348
vt 0.077677 0.671380
vt 0.077651 0.671347
vt 0.077651 0.671380
vt 0.077917 0.670568
vt 0.077891 0.670568
vt 0.077917 0.670535
vt 0.077891 0.670535
vt 0.077236 0.670782
vt 0.077233 0.670750
vt 0.077236 0.670750
vt 0.077233 0.670782
vt 0.077465 0.671377
vt 0.077465 0.671344
vt 0.077491 0.671377
vt 0.077491 0.671345
vt 0.078001 0.670575
vt 0.078027 0.670542
vt 0.078027 0.670575
vt 0.078001 0.670542
vt 0.077845 0.670541
vt 0.077848 0.670573
vt 0.077845 0.670573
vt 0.077848 0.670541
vt 0.077444 0.671374
vt 0.077444 0.671406
vt 0.077418 0.671374
vt 0.077418 0.671406
vt 0.077823 0.670573
vt 0.077797 0.670573
vt 0.077823 0.670541
vt 0.077797 0.670541
vt 0.077090 0.671272
vt 0.077087 0.671239
vt 0.077090 0.671239
vt 0.077087 0.671272
vt 0.077677 0.671405
vt 0.077677 0.671372
vt 0.077703 0.671405
vt 0.077703 0.671373
vt 0.078001 0.670575
vt 0.077975 0.670575
vt 0.078001 0.670542
vt 0.077975 0.670542
vt 0.077798 0.671283
vt 0.077795 0.671251
vt 0.077798 0.671251
vt 0.077795 0.671283
vt 0.077877 0.671344
vt 0.077877 0.671377
vt 0.077851 0.671344
vt 0.077851 0.671377
vt 0.077969 0.670568
vt 0.077943 0.670568
vt 0.077969 0.670535
vt 0.077943 0.670535
vt 0.047075 0.672340
vt 0.047082 0.672271
vt 0.047082 0.672338
vt 0.047082 0.672405
vt 0.047075 0.672413
vt 0.047137 0.672398
vt 0.047147 0.672396
vt 0.047190 0.672390
vt 0.047198 0.672396
vt 0.047146 0.672391
vt 0.047190 0.672323
vt 0.047198 0.672323
vt 0.047138 0.672392
vt 0.047190 0.672256
vt 0.047198 0.672249
vt 0.047746 0.671613
vt 0.047743 0.671551
vt 0.047760 0.671613
vt 0.077102 0.671379
vt 0.077101 0.671334
vt 0.077123 0.671334
vt 0.077123 0.671379
vt 0.077123 0.671388
vt 0.077100 0.671388
vt 0.077123 0.671444
vt 0.077090 0.671444
vt 0.076976 0.671356
vt 0.076965 0.671301
vt 0.077010 0.671301
vt 0.077010 0.671356
vt 0.076977 0.671366
vt 0.078080 0.670799
vt 0.078077 0.670743
vt 0.078097 0.670800
vt 0.078094 0.670744
vt 0.078077 0.670734
vt 0.078094 0.670735
vt 0.078097 0.670690
vt 0.078080 0.670689
vt 0.077569 0.671376
vt 0.077548 0.671388
vt 0.077569 0.671344
vt 0.077891 0.670535
vt 0.077870 0.670556
vt 0.077870 0.670535
vt 0.077891 0.670569
vt 0.077010 0.671410
vt 0.076977 0.671410
vt 0.077010 0.671366
vt 0.047276 0.672525
vt 0.047276 0.672578
vt 0.047267 0.672578
vt 0.047285 0.672578
vt 0.047285 0.672525
vt 0.047482 0.671942
vt 0.047482 0.672015
vt 0.047452 0.671942
vt 0.047421 0.672002
vt 0.047428 0.672014
vt 0.047517 0.671722
vt 0.047517 0.671751
vt 0.047506 0.671722
vt 0.047528 0.671722
vt 0.047506 0.671751
vt 0.046909 0.672058
vt 0.046909 0.671985
vt 0.046919 0.672058
vt 0.046898 0.672058
vt 0.046920 0.671985
vt 0.047718 0.671984
vt 0.047718 0.671996
vt 0.047707 0.671984
vt 0.047707 0.671996
vt 0.047696 0.671996
vt 0.047718 0.671924
vt 0.047707 0.671924
vt 0.047697 0.671924
vt 0.046757 0.672003
vt 0.046797 0.672005
vt 0.046757 0.672005
vt 0.046730 0.672005
vt 0.013282 0.672158
vt 0.013359 0.672158
vt 0.013282 0.672184
vt 0.013359 0.672184
vt 0.013251 0.672158
vt 0.013350 0.672192
vt 0.047577 0.672199
vt 0.013251 0.672184
vt 0.013220 0.672158
vt 0.013280 0.672192
vt 0.013224 0.672192
vt 0.013220 0.672184
vt 0.047075 0.672444
vt 0.047069 0.672412
vt 0.047075 0.672412
vt 0.047069 0.672446
vt 0.047059 0.672446
vt 0.047577 0.672369
vt 0.046853 0.671963
vt 0.047575 0.671667
vt 0.047576 0.671717
vt 0.047549 0.671666
vt 0.047532 0.671710
vt 0.047536 0.671717
vt 0.047770 0.672361
vt 0.047770 0.672311
vt 0.047780 0.672311
vt 0.047780 0.672361
vt 0.047188 0.672602
vt 0.047198 0.672608
vt 0.047188 0.672608
vt 0.047198 0.672602
vt 0.047198 0.672558
vt 0.047188 0.672558
vt 0.047239 0.672576
vt 0.047239 0.672616
vt 0.047231 0.672616
vt 0.047231 0.672576
vt 0.047482 0.671993
vt 0.047527 0.671986
vt 0.047522 0.671993
vt 0.047483 0.671943
vt 0.047509 0.671942
vt 0.047478 0.672399
vt 0.047478 0.672425
vt 0.047468 0.672425
vt 0.047468 0.672399
vt 0.047758 0.672574
vt 0.047764 0.672616
vt 0.047729 0.672620
vt 0.047723 0.672578
vt 0.047724 0.672569
vt 0.047758 0.672565
vt 0.047009 0.672414
vt 0.047009 0.672498
vt 0.046974 0.672498
vt 0.046974 0.672414
vt 0.047009 0.672582
vt 0.046974 0.672582
vt 0.047736 0.672511
vt 0.047764 0.672508
vt 0.077742 0.671173
vt 0.077785 0.671239
vt 0.077742 0.671240
vt 0.077742 0.671106
vt 0.077785 0.671105
vt 0.077785 0.671172
vt 0.077733 0.671174
vt 0.077733 0.671107
vt 0.077677 0.671250
vt 0.077677 0.671183
vt 0.077733 0.671241
vt 0.077677 0.671116
vt 0.047732 0.671843
vt 0.047732 0.671759
vt 0.047760 0.671759
vt 0.047760 0.671926
vt 0.047732 0.671926
vt 0.047760 0.671843
vt 0.014277 0.671944
vt 0.014297 0.671935
vt 0.014297 0.671944
vt 0.014276 0.671884
vt 0.014297 0.671884
vt 0.014276 0.671935
vt 0.014293 0.672007
vt 0.014297 0.672007
vt 0.013695 0.672018
vt 0.013705 0.672110
vt 0.013701 0.671927
vt 0.013410 0.672117
vt 0.013317 0.672134
vt 0.013225 0.672117
vt 0.013410 0.672137
vt 0.013225 0.672094
vt 0.046884 0.671697
vt 0.046912 0.671703
vt 0.046884 0.671719
vt 0.046876 0.671700
vt 0.046912 0.671683
vt 0.046920 0.671699
vt 0.046920 0.671679
vt 0.046876 0.671723
vt 0.013660 0.672145
vt 0.013656 0.672152
vt 0.047231 0.671759
vt 0.013702 0.672172
vt 0.013609 0.672328
vt 0.013637 0.672172
vt 0.013684 0.672377
vt 0.013635 0.672373
vt 0.013659 0.672384
vt 0.013654 0.672384
vt 0.046693 0.672547
vt 0.046701 0.672538
vt 0.046701 0.672547
vt 0.046693 0.672538
vt 0.046701 0.672592
vt 0.046693 0.672592
vt 0.046693 0.672482
vt 0.046701 0.672482
vt 0.047574 0.671750
vt 0.047553 0.671745
vt 0.047553 0.671738
vt 0.047574 0.671757
vt 0.047231 0.672569
vt 0.047252 0.672564
vt 0.047252 0.672557
vt 0.046806 0.672570
vt 0.046813 0.672625
vt 0.046806 0.672625
vt 0.046806 0.672560
vt 0.046813 0.672560
vt 0.046813 0.672570
vt 0.046813 0.672516
vt 0.046806 0.672516
vt 0.047769 0.671611
vt 0.047769 0.671491
vt 0.047775 0.671498
vt 0.047775 0.671603
vt 0.046892 0.671626
vt 0.046892 0.671521
vt 0.046903 0.671521
vt 0.046903 0.671626
vt 0.046890 0.671634
vt 0.046906 0.671634
vt 0.047781 0.671611
vt 0.047775 0.671498
vt 0.047781 0.671491
vt 0.047775 0.671603
vt 0.046906 0.671513
vt 0.046890 0.671513
vt 0.047693 0.671985
vt 0.047672 0.671984
vt 0.047693 0.671947
vt 0.047672 0.671947
vt 0.047672 0.671912
vt 0.047693 0.671912
vt 0.047314 0.672558
vt 0.047318 0.672575
vt 0.047314 0.672574
vt 0.047325 0.672583
vt 0.047322 0.672583
vt 0.047311 0.672557
vt 0.047322 0.672525
vt 0.047325 0.672528
vt 0.046664 0.672005
vt 0.046816 0.671968
vt 0.046826 0.671933
vt 0.046826 0.671866
vt 0.046851 0.671866
vt 0.046851 0.671933
vt 0.046826 0.671799
vt 0.046851 0.671799
vt 0.013646 0.672895
vt 0.013682 0.672948
vt 0.013646 0.672948
vt 0.013646 0.672841
vt 0.013682 0.672840
vt 0.013682 0.672894
vt 0.013251 0.672260
vt 0.013224 0.672327
vt 0.013224 0.672260
vt 0.013251 0.672192
vt 0.013280 0.672260
vt 0.013350 0.672327
vt 0.013280 0.672327
vt 0.013350 0.672260
vt 0.047069 0.672481
vt 0.047059 0.672482
vt 0.047059 0.672409
vt 0.046885 0.671933
vt 0.046900 0.671933
vt 0.046810 0.672003
vt 0.013975 0.672955
vt 0.013989 0.672890
vt 0.013989 0.672955
vt 0.013975 0.672825
vt 0.013989 0.672825
vt 0.013975 0.672890
vt 0.013330 0.672399
vt 0.013290 0.672464
vt 0.013290 0.672399
vt 0.013330 0.672464
vt 0.013340 0.672529
vt 0.013330 0.672529
vt 0.013290 0.672529
vt 0.013263 0.672464
vt 0.013263 0.672399
vt 0.014168 0.672305
vt 0.014168 0.672357
vt 0.014135 0.672358
vt 0.014135 0.672306
vt 0.014168 0.672410
vt 0.014135 0.672410
vt 0.013197 0.672399
vt 0.013197 0.672529
vt 0.013197 0.672464
vt 0.013263 0.672529
vt 0.013943 0.672890
vt 0.013943 0.672825
vt 0.013943 0.672955
vt 0.013340 0.672399
vt 0.013340 0.672464
vt 0.014309 0.672692
vt 0.014309 0.672627
vt 0.014315 0.672627
vt 0.014309 0.672562
vt 0.014315 0.672560
vt 0.014315 0.672694
vt 0.047104 0.671778
vt 0.013410 0.671884
vt 0.013418 0.671884
vt 0.013445 0.671884
vt 0.013453 0.671884
vt 0.046784 0.671680
vt 0.046784 0.671662
vt 0.046795 0.671662
vt 0.046773 0.671662
vt 0.013317 0.672056
vt 0.013307 0.672056
vt 0.047013 0.671991
vt 0.047023 0.671995
vt 0.047014 0.671995
vt 0.047023 0.671991
vt 0.047068 0.671998
vt 0.047023 0.671997
vt 0.046950 0.671990
vt 0.047014 0.671997
vt 0.047074 0.671996
vt 0.014055 0.672545
vt 0.014119 0.672577
vt 0.014113 0.672582
vt 0.014049 0.672568
vt 0.014126 0.672573
vt 0.014015 0.672559
vt 0.014023 0.672530
vt 0.014053 0.672584
vt 0.014119 0.672581
vt 0.013225 0.672049
vt 0.013217 0.672091
vt 0.013217 0.672049
vt 0.013196 0.672027
vt 0.013212 0.672027
vt 0.013190 0.672077
vt 0.013190 0.672049
vt 0.013997 0.672448
vt 0.013893 0.672454
vt 0.013893 0.672447
vt 0.013899 0.672455
vt 0.013893 0.672419
vt 0.013899 0.672447
vt 0.013957 0.672447
vt 0.013957 0.672455
vt 0.013967 0.672447
vt 0.013992 0.672448
vt 0.047424 0.672053
vt 0.047433 0.672054
vt 0.047433 0.672026
vt 0.047424 0.672026
vt 0.047433 0.672019
vt 0.047424 0.672018
vt 0.047074 0.671991
vt 0.013225 0.671893
vt 0.013217 0.671893
vt 0.013212 0.671907
vt 0.013763 0.672384
vt 0.013997 0.672420
vt 0.014015 0.672447
vt 0.047123 0.671491
vt 0.047142 0.671491
vt 0.047127 0.671498
vt 0.047147 0.671498
vt 0.047075 0.672057
vt 0.047024 0.672037
vt 0.047075 0.672037
vt 0.047024 0.672058
vt 0.047014 0.672056
vt 0.013675 0.671919
vt 0.013498 0.671893
vt 0.013453 0.671892
vt 0.013498 0.671885
vt 0.013498 0.671920
vt 0.013453 0.671919
vt 0.046951 0.671995
vt 0.046957 0.671997
vt 0.046692 0.671764
vt 0.013992 0.672420
vt 0.013992 0.672413
vt 0.013997 0.672413
vt 0.013967 0.672412
vt 0.013190 0.671893
vt 0.013196 0.671907
vt 0.013182 0.671893
vt 0.047577 0.671526
vt 0.047577 0.671556
vt 0.047529 0.671526
vt 0.047541 0.671507
vt 0.047577 0.671507
vt 0.047511 0.671491
vt 0.047550 0.671493
vt 0.047577 0.671493
vt 0.047520 0.671556
vt 0.047492 0.671509
vt 0.047499 0.671498
vt 0.046757 0.672172
vt 0.046726 0.672172
vt 0.046757 0.672145
vt 0.046804 0.672145
vt 0.046804 0.672172
vt 0.046649 0.672172
vt 0.046726 0.672145
vt 0.046728 0.672137
vt 0.046757 0.672137
vt 0.046658 0.672137
vt 0.046649 0.672146
vt 0.046687 0.671941
vt 0.046649 0.671941
vt 0.046826 0.671780
vt 0.046850 0.671791
vt 0.046826 0.671791
vt 0.046850 0.671780
vt 0.046887 0.671780
vt 0.046887 0.671791
vt 0.046826 0.671769
vt 0.046853 0.671769
vt 0.046919 0.671898
vt 0.047521 0.671587
vt 0.047504 0.671663
vt 0.047483 0.671587
vt 0.047577 0.671587
vt 0.047541 0.671663
vt 0.047577 0.671663
vt 0.046904 0.671790
vt 0.046892 0.671769
vt 0.046904 0.671764
vt 0.046951 0.672011
vt 0.046958 0.672009
vt 0.047015 0.672016
vt 0.046952 0.672016
vt 0.047014 0.672012
vt 0.047024 0.672016
vt 0.047024 0.672010
vt 0.047024 0.672012
vt 0.047069 0.672010
vt 0.047075 0.672012
vt 0.047141 0.671526
vt 0.047163 0.671526
vt 0.047145 0.671533
vt 0.047167 0.671533
vt 0.014015 0.672420
vt 0.014015 0.672412
vt 0.013957 0.672420
vt 0.013899 0.672420
vt 0.013899 0.672412
vt 0.013957 0.672412
vt 0.077947 0.671338
vt 0.077920 0.671396
vt 0.077947 0.671396
vt 0.047075 0.672017
vt 0.047021 0.671972
vt 0.047012 0.671972
vt 0.047074 0.671972
vt 0.047004 0.671771
vt 0.046947 0.671971
vt 0.013967 0.672420
vt 0.013182 0.672073
vt 0.013182 0.672049
vt 0.013893 0.672412
vt 0.047014 0.672010
vt 0.013555 0.672365
vt 0.013538 0.672165
vt 0.013608 0.672341
vt 0.013609 0.672186
vt 0.013607 0.672366
vt 0.013595 0.672176
vt 0.013601 0.672177
vt 0.014055 0.672593
vt 0.078003 0.670542
vt 0.078003 0.670485
vt 0.078030 0.670485
vt 0.078030 0.670542
vt 0.077877 0.671377
vt 0.077877 0.671404
vt 0.077851 0.671377
vt 0.077851 0.671404
vt 0.077183 0.671392
vt 0.077183 0.671334
vt 0.077209 0.671392
vt 0.077209 0.671334
vt 0.077799 0.671404
vt 0.077799 0.671377
vt 0.077825 0.671404
vt 0.077825 0.671377
vt 0.014089 0.672421
vt 0.047185 0.671533
vt 0.014055 0.672412
vt 0.013430 0.672361
vt 0.014043 0.672153
vt 0.014013 0.672153
vt 0.046649 0.671952
vt 0.046669 0.671968
vt 0.046654 0.671963
vt 0.046687 0.671968
vt 0.046800 0.672137
vt 0.047482 0.671556
vt 0.077276 0.671379
vt 0.077250 0.671379
vt 0.077276 0.671346
vt 0.077250 0.671346
vt 0.077771 0.670573
vt 0.077771 0.670541
vt 0.077797 0.670573
vt 0.077797 0.670541
vt 0.077888 0.670794
vt 0.077891 0.670761
vt 0.077891 0.670794
vt 0.077888 0.670761
vt 0.077799 0.671396
vt 0.077773 0.671396
vt 0.077799 0.671364
vt 0.077773 0.671363
vt 0.077628 0.671344
vt 0.077628 0.671376
vt 0.077602 0.671344
vt 0.077602 0.671376
vt 0.077236 0.670717
vt 0.077233 0.670717
vt 0.077988 0.671349
vt 0.078014 0.671349
vt 0.077988 0.671381
vt 0.078014 0.671381
vt 0.077799 0.671377
vt 0.077799 0.671344
vt 0.077825 0.671377
vt 0.077825 0.671344
vt 0.077218 0.671202
vt 0.077222 0.671170
vt 0.077222 0.671202
vt 0.077218 0.671170
vt 0.077628 0.671409
vt 0.077602 0.671409
vt 0.077628 0.671376
vt 0.077943 0.670535
vt 0.077943 0.670568
vt 0.077917 0.670535
vt 0.077917 0.670568
vt 0.077798 0.671218
vt 0.077795 0.671218
vt 0.077224 0.671346
vt 0.077250 0.671346
vt 0.077224 0.671379
vt 0.077250 0.671379
vt 0.078004 0.670804
vt 0.078004 0.670837
vt 0.077978 0.670804
vt 0.077978 0.670837
vt 0.077218 0.671267
vt 0.077222 0.671235
vt 0.077222 0.671267
vt 0.077218 0.671235
vt 0.077491 0.671344
vt 0.077517 0.671345
vt 0.077491 0.671377
vt 0.077517 0.671377
vt 0.077825 0.671344
vt 0.077222 0.671202
vt 0.077222 0.671235
vt 0.047137 0.672252
vt 0.047138 0.672258
vt 0.047075 0.672266
vt 0.047147 0.672250
vt 0.047146 0.672257
vt 0.046952 0.672033
vt 0.047015 0.672036
vt 0.046952 0.672020
vt 0.077142 0.671399
vt 0.077163 0.671444
vt 0.077141 0.671444
vt 0.077163 0.671390
vt 0.077163 0.671399
vt 0.077140 0.671390
vt 0.077163 0.671334
vt 0.077331 0.670787
vt 0.077275 0.670821
vt 0.077275 0.670777
vt 0.077331 0.670821
vt 0.077341 0.670789
vt 0.077341 0.670821
vt 0.078080 0.670688
vt 0.078094 0.670633
vt 0.078097 0.670689
vt 0.078077 0.670632
vt 0.078094 0.670624
vt 0.078080 0.670578
vt 0.078077 0.670623
vt 0.078097 0.670579
vt 0.077130 0.671334
vt 0.077972 0.670781
vt 0.077951 0.670813
vt 0.077951 0.670781
vt 0.077972 0.670825
vt 0.077870 0.670576
vt 0.077848 0.670555
vt 0.077870 0.670543
vt 0.077848 0.670576
vt 0.077386 0.670822
vt 0.077386 0.670788
vt 0.047267 0.672525
vt 0.047421 0.671942
vt 0.047421 0.672015
vt 0.047391 0.672015
vt 0.047360 0.671955
vt 0.047367 0.671944
vt 0.047528 0.671751
vt 0.046898 0.671985
vt 0.047696 0.671984
vt 0.046730 0.672135
vt 0.046757 0.672135
vt 0.046664 0.672135
vt 0.013282 0.672335
vt 0.013359 0.672362
vt 0.013282 0.672362
vt 0.013359 0.672335
vt 0.013251 0.672362
vt 0.013251 0.672335
vt 0.013251 0.672327
vt 0.046905 0.672315
vt 0.046899 0.672347
vt 0.046899 0.672315
vt 0.046905 0.672349
vt 0.047527 0.671993
vt 0.047528 0.671943
vt 0.047554 0.671942
vt 0.047571 0.671986
vt 0.047567 0.671993
vt 0.046935 0.672610
vt 0.046935 0.672560
vt 0.046945 0.672610
vt 0.046945 0.672560
vt 0.047774 0.672602
vt 0.047764 0.672609
vt 0.047764 0.672602
vt 0.047774 0.672609
vt 0.047774 0.672559
vt 0.047764 0.672559
vt 0.046889 0.672613
vt 0.046881 0.672573
vt 0.046889 0.672573
vt 0.046881 0.672613
vt 0.047619 0.671667
vt 0.047621 0.671717
vt 0.047594 0.671666
vt 0.047576 0.671710
vt 0.047580 0.671717
vt 0.047767 0.671730
vt 0.047767 0.671755
vt 0.047757 0.671730
vt 0.047757 0.671755
vt 0.046736 0.672528
vt 0.046707 0.672482
vt 0.046742 0.672486
vt 0.046701 0.672533
vt 0.046701 0.672524
vt 0.046736 0.672537
vt 0.046714 0.672591
vt 0.046742 0.672594
vt 0.013548 0.672430
vt 0.013548 0.672410
vt 0.013558 0.672410
vt 0.013485 0.672413
vt 0.013558 0.672431
vt 0.013609 0.672431
vt 0.013485 0.672410
vt 0.013705 0.671927
vt 0.013225 0.672137
vt 0.013609 0.672410
vt 0.046684 0.671697
vt 0.046656 0.671703
vt 0.046656 0.671683
vt 0.046684 0.671719
vt 0.046649 0.671699
vt 0.046649 0.671679
vt 0.046692 0.671700
vt 0.046692 0.671723
vt 0.013660 0.671892
vt 0.013656 0.671884
vt 0.013453 0.672209
vt 0.013545 0.672365
vt 0.013480 0.672365
vt 0.013528 0.672160
vt 0.013480 0.672164
vt 0.013503 0.672153
vt 0.013498 0.672153
vt 0.047024 0.672003
vt 0.047014 0.672002
vt 0.047069 0.672003
vt 0.046958 0.672002
vt 0.047553 0.671724
vt 0.047532 0.671729
vt 0.047553 0.671717
vt 0.047532 0.671736
vt 0.047655 0.672006
vt 0.047634 0.672001
vt 0.047634 0.671994
vt 0.047655 0.672013
vt 0.046846 0.672571
vt 0.046853 0.672516
vt 0.046853 0.672571
vt 0.046853 0.672580
vt 0.046846 0.672580
vt 0.046846 0.672516
vt 0.046853 0.672625
vt 0.046846 0.672625
vt 0.047782 0.672018
vt 0.047782 0.672138
vt 0.047776 0.672026
vt 0.047776 0.672130
vt 0.046675 0.671521
vt 0.046675 0.671626
vt 0.046665 0.671521
vt 0.046665 0.671626
vt 0.046678 0.671634
vt 0.046662 0.671634
vt 0.047769 0.671498
vt 0.047763 0.671611
vt 0.047763 0.671491
vt 0.047769 0.671603
vt 0.046662 0.671513
vt 0.046678 0.671513
vt 0.047075 0.672415
vt 0.047113 0.672414
vt 0.047075 0.672436
vt 0.047148 0.672413
vt 0.047148 0.672434
vt 0.047113 0.672435
vt 0.046899 0.672524
vt 0.046896 0.672541
vt 0.046896 0.672525
vt 0.046907 0.672571
vt 0.046892 0.672543
vt 0.046816 0.672146
vt 0.046816 0.672172
vt 0.046907 0.672516
vt 0.046904 0.672516
vt 0.013220 0.672362
vt 0.013220 0.672335
vt 0.046904 0.672574
vt 0.047148 0.672446
vt 0.047113 0.672447
vt 0.047079 0.672448
vt 0.046885 0.671799
vt 0.046900 0.671798
vt 0.046810 0.672137
vt 0.046797 0.672135
vt 0.046995 0.671767
vt 0.014126 0.672417
vt 0.013225 0.671884
vt 0.013217 0.671884
vt 0.013190 0.671884
vt 0.013182 0.671884
vt 0.047196 0.672515
vt 0.047209 0.672501
vt 0.047215 0.672508
vt 0.047199 0.672525
vt 0.047148 0.672526
vt 0.047161 0.672515
vt 0.047016 0.672220
vt 0.047020 0.672177
vt 0.047063 0.672220
vt 0.047073 0.672177
vt 0.047559 0.671914
vt 0.047587 0.671858
vt 0.047587 0.671921
vt 0.047559 0.671855
vt 0.047548 0.671912
vt 0.013517 0.672469
vt 0.013554 0.672452
vt 0.013555 0.672469
vt 0.013517 0.672451
vt 0.047018 0.672289
vt 0.047025 0.672300
vt 0.047019 0.672302
vt 0.047025 0.672261
vt 0.047025 0.672289
vt 0.047018 0.672251
vt 0.047035 0.672247
vt 0.014254 0.671991
vt 0.014203 0.671991
vt 0.014203 0.671986
vt 0.014255 0.671986
vt 0.046931 0.672173
vt 0.046969 0.672155
vt 0.046969 0.672173
vt 0.046928 0.672155
vt 0.046911 0.672078
vt 0.046967 0.672062
vt 0.046968 0.672078
vt 0.046907 0.672062
vt 0.013517 0.672552
vt 0.013554 0.672571
vt 0.013517 0.672571
vt 0.013555 0.672552
vt 0.013506 0.672552
vt 0.047672 0.671962
vt 0.047634 0.671912
vt 0.047634 0.671962
vt 0.013505 0.672571
vt 0.014203 0.671975
vt 0.014255 0.671975
vt 0.014255 0.671937
vt 0.013505 0.672451
vt 0.013506 0.672469
vt 0.014254 0.672975
vt 0.014242 0.672924
vt 0.014254 0.672924
vt 0.014242 0.672975
vt 0.013506 0.672507
vt 0.013517 0.672507
vt 0.013501 0.672472
vt 0.013555 0.672507
vt 0.047670 0.671544
vt 0.047670 0.671491
vt 0.047721 0.671544
vt 0.047721 0.671491
vt 0.047510 0.671780
vt 0.047524 0.671759
vt 0.047524 0.671781
vt 0.047510 0.671759
vt 0.047215 0.672430
vt 0.047196 0.672423
vt 0.047199 0.672413
vt 0.047209 0.672437
vt 0.047161 0.672423
vt 0.047148 0.672413
vt 0.047215 0.672465
vt 0.047209 0.672465
vt 0.046969 0.672125
vt 0.046922 0.672125
vt 0.046973 0.672113
vt 0.046973 0.672126
vt 0.046968 0.672113
vt 0.047032 0.672233
vt 0.047064 0.672248
vt 0.047073 0.672353
vt 0.047065 0.672339
vt 0.047073 0.672234
vt 0.047577 0.671634
vt 0.047670 0.671631
vt 0.047670 0.671655
vt 0.047577 0.671656
vt 0.047721 0.671634
vt 0.047721 0.671613
vt 0.047757 0.671634
vt 0.047757 0.671613
vt 0.046902 0.672491
vt 0.046902 0.672516
vt 0.046866 0.672491
vt 0.046866 0.672516
vt 0.047587 0.671783
vt 0.047602 0.671759
vt 0.047602 0.671784
vt 0.047587 0.671759
vt 0.047026 0.672395
vt 0.047032 0.672353
vt 0.047036 0.672339
vt 0.047019 0.672334
vt 0.047026 0.672324
vt 0.013506 0.672520
vt 0.013517 0.672520
vt 0.013503 0.672549
vt 0.013502 0.672519
vt 0.013555 0.672520
vt 0.014193 0.672913
vt 0.014184 0.672962
vt 0.014180 0.672962
vt 0.014197 0.672914
vt 0.013500 0.672455
vt 0.014194 0.672983
vt 0.014197 0.672982
vt 0.047670 0.671656
vt 0.047670 0.671597
vt 0.047720 0.671656
vt 0.047720 0.671597
vt 0.047559 0.671782
vt 0.047548 0.671853
vt 0.047559 0.671759
vt 0.047548 0.671782
vt 0.047602 0.671861
vt 0.047602 0.671924
vt 0.046902 0.672351
vt 0.046902 0.672414
vt 0.046866 0.672351
vt 0.046866 0.672414
vt 0.047721 0.671757
vt 0.047757 0.671701
vt 0.047757 0.671757
vt 0.047721 0.671701
vt 0.047577 0.671512
vt 0.047670 0.671554
vt 0.047577 0.671567
vt 0.047670 0.671491
vt 0.047510 0.671903
vt 0.047524 0.671849
vt 0.047524 0.671906
vt 0.047510 0.671848
vt 0.013905 0.672060
vt 0.013948 0.672092
vt 0.013905 0.672096
vt 0.013948 0.672060
vt 0.077845 0.670500
vt 0.077800 0.670500
vt 0.077812 0.670489
vt 0.077845 0.670537
vt 0.077800 0.670537
vt 0.077833 0.670489
vt 0.014013 0.672116
vt 0.014061 0.672112
vt 0.014065 0.672116
vt 0.014061 0.672075
vt 0.014065 0.672073
vt 0.014017 0.672111
vt 0.014013 0.672073
vt 0.014017 0.672075
vt 0.013738 0.672643
vt 0.013763 0.672612
vt 0.013763 0.672643
vt 0.013738 0.672612
vt 0.109769 0.672984
vt 0.109769 0.672919
vt 0.109773 0.672919
vt 0.109773 0.672984
vt 0.109777 0.672919
vt 0.109280 0.672940
vt 0.109280 0.672875
vt 0.109283 0.672876
vt 0.109283 0.672940
vt 0.109275 0.672940
vt 0.109271 0.672875
vt 0.109275 0.672875
vt 0.109271 0.672940
vt 0.109268 0.672876
vt 0.109268 0.672940
vt 0.109913 0.672924
vt 0.109918 0.672988
vt 0.109913 0.672988
vt 0.109918 0.672924
vt 0.109909 0.672924
vt 0.109909 0.672988
vt 0.109906 0.672924
vt 0.109906 0.672988
vt 0.109222 0.672925
vt 0.109222 0.672990
vt 0.109218 0.672990
vt 0.109226 0.672925
vt 0.109218 0.672925
vt 0.109226 0.672990
vt 0.109817 0.672987
vt 0.109824 0.672985
vt 0.109821 0.672987
vt 0.109826 0.672981
vt 0.109821 0.672970
vt 0.109826 0.672976
vt 0.109812 0.672977
vt 0.109817 0.672971
vt 0.109824 0.672972
vt 0.109814 0.672985
vt 0.109812 0.672982
vt 0.109814 0.672973
vt 0.109777 0.672984
vt 0.109781 0.672919
vt 0.109781 0.672984
vt 0.109741 0.672389
vt 0.109737 0.672391
vt 0.109735 0.672389
vt 0.109732 0.672394
vt 0.109740 0.672386
vt 0.109745 0.672386
vt 0.109745 0.672389
vt 0.109610 0.672988
vt 0.109614 0.672947
vt 0.109614 0.672988
vt 0.109610 0.672947
vt 0.109735 0.672395
vt 0.109735 0.672399
vt 0.109732 0.672399
vt 0.109737 0.672402
vt 0.109735 0.672404
vt 0.109741 0.672404
vt 0.109740 0.672407
vt 0.109745 0.672407
vt 0.109750 0.672395
vt 0.109753 0.672399
vt 0.109750 0.672399
vt 0.109753 0.672394
vt 0.109750 0.672404
vt 0.109748 0.672402
vt 0.109748 0.672391
vt 0.109750 0.672389
vt 0.109745 0.672404
vt 0.109809 0.672984
vt 0.109796 0.672980
vt 0.109796 0.672976
vt 0.109811 0.672980
vt 0.109798 0.672984
vt 0.109811 0.672976
vt 0.109798 0.672973
vt 0.109802 0.672970
vt 0.109809 0.672973
vt 0.109806 0.672970
vt 0.109806 0.672986
vt 0.109802 0.672986
vt 0.109397 0.672952
vt 0.109394 0.672993
vt 0.109394 0.672952
vt 0.109397 0.672993
vt 0.109247 0.672955
vt 0.109243 0.672996
vt 0.109243 0.672955
vt 0.109247 0.672996
vt 0.109239 0.672996
vt 0.109239 0.672955
vt 0.109250 0.672955
vt 0.109250 0.672996
vt 0.109386 0.672952
vt 0.109386 0.672993
vt 0.109383 0.672952
vt 0.109383 0.672993
vt 0.109637 0.672955
vt 0.109640 0.672996
vt 0.109637 0.672996
vt 0.109640 0.672955
vt 0.109633 0.672955
vt 0.109390 0.672952
vt 0.109390 0.672993
vt 0.109633 0.672996
vt 0.109629 0.672996
vt 0.109629 0.672955
vt 0.109618 0.672988
vt 0.109618 0.672947
vt 0.109929 0.672403
vt 0.109927 0.672407
vt 0.109928 0.672403
vt 0.109928 0.672398
vt 0.109929 0.672397
vt 0.109927 0.672408
vt 0.109923 0.672409
vt 0.109923 0.672411
vt 0.109920 0.672409
vt 0.109915 0.672409
vt 0.109917 0.672408
vt 0.109919 0.672411
vt 0.109913 0.672404
vt 0.109913 0.672399
vt 0.109915 0.672404
vt 0.109915 0.672399
vt 0.109917 0.672395
vt 0.109915 0.672394
vt 0.109920 0.672393
vt 0.109919 0.672391
vt 0.109923 0.672393
vt 0.109923 0.672391
vt 0.109927 0.672393
vt 0.109927 0.672395
vt 0.109089 0.672989
vt 0.109084 0.672967
vt 0.109089 0.672967
vt 0.109084 0.672989
vt 0.109079 0.672989
vt 0.109806 0.672589
vt 0.109802 0.672567
vt 0.109806 0.672567
vt 0.109802 0.672589
vt 0.109811 0.672567
vt 0.109811 0.672589
vt 0.109816 0.672567
vt 0.109816 0.672589
vt 0.109820 0.672567
vt 0.109820 0.672589
vt 0.109965 0.672731
vt 0.109970 0.672753
vt 0.109965 0.672753
vt 0.109970 0.672731
vt 0.109959 0.672731
vt 0.109959 0.672753
vt 0.109955 0.672731
vt 0.109955 0.672753
vt 0.109453 0.672992
vt 0.109453 0.672970
vt 0.109458 0.672970
vt 0.109458 0.672992
vt 0.109448 0.672992
vt 0.109448 0.672970
vt 0.109079 0.672967
vt 0.109074 0.672989
vt 0.109074 0.672967
vt 0.109978 0.672692
vt 0.109978 0.672731
vt 0.109974 0.672731
vt 0.109974 0.672692
vt 0.109236 0.672994
vt 0.109236 0.672955
vt 0.109231 0.672994
vt 0.109239 0.672994
vt 0.109231 0.672955
vt 0.109227 0.672994
vt 0.109227 0.672955
vt 0.109598 0.672987
vt 0.109595 0.672947
vt 0.109598 0.672947
vt 0.109595 0.672987
vt 0.109602 0.672947
vt 0.109602 0.672987
vt 0.109607 0.672947
vt 0.109607 0.672987
vt 0.109610 0.672987
vt 0.109158 0.672993
vt 0.109154 0.672954
vt 0.109158 0.672954
vt 0.109154 0.672993
vt 0.109163 0.672993
vt 0.109163 0.672954
vt 0.109913 0.672579
vt 0.109920 0.672581
vt 0.109916 0.672581
vt 0.109923 0.672578
vt 0.109925 0.672570
vt 0.109925 0.672574
vt 0.109916 0.672564
vt 0.109911 0.672571
vt 0.109913 0.672567
vt 0.109911 0.672575
vt 0.109923 0.672566
vt 0.109920 0.672564
vt 0.109166 0.672993
vt 0.109166 0.672954
vt 0.109969 0.672731
vt 0.109969 0.672692
vt 0.109056 0.672552
vt 0.109060 0.672549
vt 0.109058 0.672553
vt 0.109058 0.672547
vt 0.109064 0.672547
vt 0.109058 0.672557
vt 0.109056 0.672558
vt 0.109643 0.672955
vt 0.109647 0.672991
vt 0.109643 0.672991
vt 0.109647 0.672955
vt 0.109060 0.672560
vt 0.109058 0.672562
vt 0.109064 0.672563
vt 0.109063 0.672565
vt 0.109068 0.672563
vt 0.109069 0.672565
vt 0.109072 0.672560
vt 0.109074 0.672562
vt 0.109077 0.672552
vt 0.109072 0.672549
vt 0.109074 0.672547
vt 0.109074 0.672557
vt 0.109074 0.672553
vt 0.109068 0.672547
vt 0.109069 0.672544
vt 0.109077 0.672558
vt 0.109063 0.672544
vt 0.109911 0.672574
vt 0.109898 0.672577
vt 0.109896 0.672574
vt 0.109911 0.672570
vt 0.109901 0.672579
vt 0.109909 0.672566
vt 0.109896 0.672570
vt 0.109898 0.672566
vt 0.109906 0.672564
vt 0.109901 0.672564
vt 0.109909 0.672577
vt 0.109906 0.672579
vt 0.109127 0.672989
vt 0.109130 0.672954
vt 0.109130 0.672989
vt 0.109127 0.672954
vt 0.109123 0.672989
vt 0.109123 0.672954
vt 0.109119 0.672989
vt 0.109116 0.672954
vt 0.109119 0.672954
vt 0.109899 0.672992
vt 0.109902 0.672956
vt 0.109902 0.672992
vt 0.109899 0.672956
vt 0.109640 0.672991
vt 0.109640 0.672955
vt 0.109116 0.672989
vt 0.109895 0.672992
vt 0.109895 0.672956
vt 0.109923 0.672153
vt 0.109919 0.672117
vt 0.109923 0.672117
vt 0.109927 0.672153
vt 0.109927 0.672117
vt 0.109651 0.672991
vt 0.109651 0.672955
vt 0.109891 0.672992
vt 0.109891 0.672956
vt 0.109919 0.672153
vt 0.109848 0.672567
vt 0.109851 0.672571
vt 0.109847 0.672569
vt 0.109844 0.672569
vt 0.109844 0.672568
vt 0.109852 0.672570
vt 0.109852 0.672575
vt 0.109854 0.672574
vt 0.109852 0.672579
vt 0.109854 0.672580
vt 0.109852 0.672585
vt 0.109851 0.672584
vt 0.109848 0.672588
vt 0.109847 0.672586
vt 0.109844 0.672588
vt 0.109840 0.672584
vt 0.109844 0.672586
vt 0.109840 0.672586
vt 0.109838 0.672581
vt 0.109837 0.672581
vt 0.109838 0.672576
vt 0.109837 0.672576
vt 0.109840 0.672571
vt 0.109840 0.672572
vt 0.109805 0.672404
vt 0.109808 0.672398
vt 0.109808 0.672404
vt 0.109805 0.672398
vt 0.109805 0.672394
vt 0.109809 0.672394
vt 0.109805 0.672409
vt 0.109809 0.672409
vt 0.109110 0.672846
vt 0.109114 0.672846
vt 0.109114 0.672852
vt 0.109110 0.672842
vt 0.109114 0.672842
vt 0.109110 0.672852
vt 0.109114 0.672857
vt 0.109110 0.672857
vt 0.109114 0.672861
vt 0.109110 0.672861
vt 0.109780 0.672374
vt 0.109780 0.672368
vt 0.109783 0.672374
vt 0.109783 0.672368
vt 0.109780 0.672379
vt 0.109783 0.672379
vt 0.109780 0.672383
vt 0.109783 0.672383
vt 0.109410 0.672798
vt 0.109410 0.672803
vt 0.109406 0.672798
vt 0.109407 0.672792
vt 0.109407 0.672803
vt 0.109107 0.672557
vt 0.109107 0.672562
vt 0.109105 0.672562
vt 0.109105 0.672557
vt 0.109931 0.672581
vt 0.109931 0.672564
vt 0.109936 0.672564
vt 0.109925 0.672581
vt 0.109936 0.672581
vt 0.109718 0.672318
vt 0.109722 0.672335
vt 0.109718 0.672335
vt 0.109722 0.672318
vt 0.109728 0.672336
vt 0.109728 0.672318
vt 0.109733 0.672335
vt 0.109733 0.672318
vt 0.109938 0.672750
vt 0.109955 0.672746
vt 0.109955 0.672750
vt 0.109938 0.672746
vt 0.109955 0.672740
vt 0.109938 0.672740
vt 0.109938 0.672735
vt 0.109955 0.672735
vt 0.109938 0.672731
vt 0.109764 0.672335
vt 0.109764 0.672318
vt 0.109769 0.672318
vt 0.109769 0.672335
vt 0.109774 0.672318
vt 0.109774 0.672335
vt 0.109925 0.672564
vt 0.109779 0.672335
vt 0.109779 0.672318
vt 0.109077 0.672557
vt 0.109077 0.672552
vt 0.109080 0.672547
vt 0.109080 0.672548
vt 0.109080 0.672562
vt 0.109080 0.672562
vt 0.109869 0.672570
vt 0.109871 0.672574
vt 0.109869 0.672570
vt 0.109872 0.672574
vt 0.109865 0.672567
vt 0.109872 0.672580
vt 0.109871 0.672580
vt 0.109854 0.672576
vt 0.109855 0.672581
vt 0.109854 0.672581
vt 0.109855 0.672576
vt 0.109857 0.672585
vt 0.109857 0.672586
vt 0.109857 0.672571
vt 0.109857 0.672571
vt 0.109097 0.672552
vt 0.109094 0.672548
vt 0.109095 0.672547
vt 0.109090 0.672545
vt 0.109090 0.672544
vt 0.109098 0.672552
vt 0.109097 0.672557
vt 0.109085 0.672564
vt 0.109085 0.672565
vt 0.109090 0.672564
vt 0.109090 0.672565
vt 0.109085 0.672544
vt 0.109085 0.672545
vt 0.109869 0.672584
vt 0.109869 0.672585
vt 0.109865 0.672587
vt 0.109861 0.672568
vt 0.109861 0.672568
vt 0.109865 0.672568
vt 0.109094 0.672562
vt 0.109095 0.672562
vt 0.109098 0.672558
vt 0.109861 0.672588
vt 0.109861 0.672588
vt 0.109410 0.672792
vt 0.109107 0.672487
vt 0.109107 0.672490
vt 0.109105 0.672490
vt 0.109106 0.672487
vt 0.109105 0.672495
vt 0.109107 0.672495
vt 0.109106 0.672500
vt 0.109107 0.672500
vt 0.109106 0.672469
vt 0.109107 0.672465
vt 0.109107 0.672469
vt 0.109105 0.672465
vt 0.109107 0.672460
vt 0.109105 0.672460
vt 0.109107 0.672455
vt 0.109105 0.672455
vt 0.109107 0.672451
vt 0.109106 0.672451
vt 0.109107 0.672514
vt 0.109105 0.672519
vt 0.109105 0.672514
vt 0.109107 0.672519
vt 0.109107 0.672524
vt 0.109105 0.672524
vt 0.109107 0.672528
vt 0.109105 0.672528
vt 0.109107 0.672552
vt 0.109105 0.672552
vt 0.109865 0.672588
vt 0.047414 0.671699
vt 0.047428 0.671742
vt 0.047414 0.671745
vt 0.047428 0.671698
vt 0.047060 0.672233
vt 0.047015 0.672233
vt 0.047068 0.672396
vt 0.047035 0.672409
vt 0.047055 0.672409
vt 0.014028 0.672064
vt 0.014026 0.672060
vt 0.014050 0.672064
vt 0.014051 0.672060
vt 0.047215 0.672477
vt 0.047209 0.672477
vt 0.047022 0.672113
vt 0.046984 0.672126
vt 0.046984 0.672113
vt 0.047075 0.672076
vt 0.047075 0.672113
vt 0.047022 0.672076
vt 0.047022 0.672126
vt 0.047548 0.671759
vt 0.046919 0.672113
vt 0.013502 0.672507
vt 0.047022 0.672158
vt 0.047075 0.672158
vt 0.047075 0.672126
vt 0.013548 0.672627
vt 0.013516 0.672627
vt 0.013517 0.672613
vt 0.013550 0.672613
vt 0.013961 0.672091
vt 0.013961 0.672060
vt 0.047204 0.672218
vt 0.047204 0.672173
vt 0.047229 0.672218
vt 0.047229 0.672173
vt 0.047371 0.671703
vt 0.047371 0.671755
vt 0.014203 0.671937
vt 0.047075 0.672058
vt 0.047021 0.672058
vt 0.014057 0.672243
vt 0.014081 0.672175
vt 0.014081 0.672247
vt 0.014057 0.672175
vt 0.014093 0.672248
vt 0.014121 0.672177
vt 0.014121 0.672252
vt 0.014093 0.672176
vt 0.014135 0.672177
vt 0.014135 0.672254
vt 0.013435 0.672808
vt 0.013435 0.672885
vt 0.013399 0.672808
vt 0.013399 0.672885
vt 0.014255 0.672095
vt 0.014290 0.672028
vt 0.014290 0.672095
vt 0.014255 0.672028
vt 0.014203 0.671948
vt 0.014203 0.672025
vt 0.014110 0.671961
vt 0.014110 0.672028
vt 0.014043 0.672241
vt 0.014043 0.672174
vt 0.046955 0.672425
vt 0.046974 0.672432
vt 0.046968 0.672439
vt 0.046919 0.672425
vt 0.046958 0.672414
vt 0.046974 0.672462
vt 0.046968 0.672463
vt 0.047373 0.671652
vt 0.047326 0.671652
vt 0.047369 0.671610
vt 0.047316 0.671610
vt 0.047619 0.672355
vt 0.047592 0.672299
vt 0.047619 0.672295
vt 0.047631 0.672352
vt 0.047592 0.672361
vt 0.047619 0.672222
vt 0.047631 0.672293
vt 0.013939 0.671902
vt 0.013901 0.671884
vt 0.013939 0.671884
vt 0.013902 0.671902
vt 0.047679 0.672336
vt 0.047671 0.672309
vt 0.047678 0.672308
vt 0.047673 0.672346
vt 0.047671 0.672296
vt 0.047678 0.672297
vt 0.047690 0.672350
vt 0.047687 0.672364
vt 0.014204 0.672859
vt 0.014256 0.672859
vt 0.014205 0.672864
vt 0.014256 0.672864
vt 0.047458 0.671606
vt 0.047421 0.671588
vt 0.047462 0.671588
vt 0.047420 0.671606
vt 0.047479 0.671511
vt 0.047422 0.671495
vt 0.047482 0.671495
vt 0.047422 0.671511
vt 0.013939 0.672004
vt 0.013951 0.671985
vt 0.013951 0.672004
vt 0.013902 0.672004
vt 0.013939 0.671985
vt 0.013902 0.671985
vt 0.047658 0.671666
vt 0.047621 0.671716
vt 0.047621 0.671666
vt 0.047658 0.671716
vt 0.014256 0.672848
vt 0.014204 0.672811
vt 0.014256 0.672811
vt 0.014204 0.672848
vt 0.013951 0.671884
vt 0.013951 0.671902
vt 0.014297 0.672953
vt 0.014308 0.672901
vt 0.014308 0.672953
vt 0.014297 0.672901
vt 0.013951 0.671939
vt 0.013956 0.671905
vt 0.013955 0.671939
vt 0.013939 0.671939
vt 0.047723 0.672417
vt 0.047671 0.672417
vt 0.047723 0.672364
vt 0.047671 0.672364
vt 0.047669 0.672220
vt 0.047655 0.672200
vt 0.047669 0.672199
vt 0.047655 0.672221
vt 0.046955 0.672517
vt 0.046974 0.672509
vt 0.046958 0.672527
vt 0.046968 0.672503
vt 0.046919 0.672517
vt 0.046974 0.672475
vt 0.046907 0.672527
vt 0.046907 0.672415
vt 0.047421 0.671558
vt 0.047468 0.671558
vt 0.047417 0.671546
vt 0.047422 0.671546
vt 0.047471 0.671546
vt 0.047719 0.672350
vt 0.047729 0.672363
vt 0.046773 0.672351
vt 0.046773 0.672372
vt 0.046866 0.672375
vt 0.047723 0.672486
vt 0.047758 0.672486
vt 0.047723 0.672508
vt 0.047758 0.672508
vt 0.047732 0.671783
vt 0.047696 0.671783
vt 0.047696 0.671759
vt 0.047592 0.672223
vt 0.047577 0.672199
vt 0.047592 0.672200
vt 0.047577 0.672224
vt 0.047715 0.672258
vt 0.047686 0.672259
vt 0.047683 0.672245
vt 0.047725 0.672244
vt 0.047669 0.672263
vt 0.047687 0.672202
vt 0.013939 0.671952
vt 0.013951 0.671952
vt 0.013902 0.671952
vt 0.013954 0.671982
vt 0.047677 0.672273
vt 0.014167 0.672934
vt 0.014176 0.672984
vt 0.014163 0.672934
vt 0.014180 0.672983
vt 0.013956 0.671888
vt 0.014177 0.672913
vt 0.014180 0.672914
vt 0.047723 0.672530
vt 0.047672 0.672530
vt 0.047723 0.672471
vt 0.047672 0.672471
vt 0.047619 0.672200
vt 0.047631 0.672222
vt 0.047577 0.672301
vt 0.047577 0.672364
vt 0.047732 0.671861
vt 0.047732 0.671924
vt 0.047696 0.671924
vt 0.047696 0.671861
vt 0.047758 0.672419
vt 0.047723 0.672419
vt 0.047758 0.672364
vt 0.046773 0.672439
vt 0.046866 0.672452
vt 0.046773 0.672494
vt 0.047669 0.672343
vt 0.047655 0.672290
vt 0.047669 0.672287
vt 0.047655 0.672346
vt 0.013905 0.672060
vt 0.013862 0.672093
vt 0.013862 0.672060
vt 0.013905 0.672097
vt 0.077749 0.670500
vt 0.077793 0.670500
vt 0.077793 0.670537
vt 0.077749 0.670537
vt 0.077781 0.670489
vt 0.077760 0.670489
vt 0.014013 0.672116
vt 0.013965 0.672111
vt 0.014009 0.672112
vt 0.013961 0.672073
vt 0.013965 0.672075
vt 0.013961 0.672116
vt 0.014013 0.672073
vt 0.014110 0.672318
vt 0.014135 0.672349
vt 0.014110 0.672349
vt 0.014135 0.672318
vt 0.109168 0.672986
vt 0.109168 0.672921
vt 0.109172 0.672986
vt 0.109172 0.672921
vt 0.109176 0.672986
vt 0.109473 0.672983
vt 0.109473 0.672918
vt 0.109476 0.672983
vt 0.109476 0.672918
vt 0.109469 0.672983
vt 0.109469 0.672918
vt 0.109464 0.672983
vt 0.109464 0.672918
vt 0.109461 0.672983
vt 0.109461 0.672918
vt 0.109413 0.672919
vt 0.109409 0.672984
vt 0.109409 0.672919
vt 0.109413 0.672984
vt 0.109418 0.672919
vt 0.109418 0.672984
vt 0.109421 0.672919
vt 0.109421 0.672984
vt 0.109029 0.672492
vt 0.109029 0.672557
vt 0.109024 0.672492
vt 0.109033 0.672557
vt 0.109024 0.672557
vt 0.109033 0.672492
vt 0.109669 0.672988
vt 0.109676 0.672985
vt 0.109673 0.672988
vt 0.109678 0.672981
vt 0.109664 0.672978
vt 0.109673 0.672971
vt 0.109669 0.672971
vt 0.109666 0.672986
vt 0.109664 0.672982
vt 0.109666 0.672974
vt 0.109678 0.672977
vt 0.109676 0.672973
vt 0.109176 0.672921
vt 0.109180 0.672986
vt 0.109180 0.672921
vt 0.109717 0.672402
vt 0.109712 0.672399
vt 0.109715 0.672399
vt 0.109715 0.672404
vt 0.109712 0.672394
vt 0.109715 0.672395
vt 0.109991 0.672942
vt 0.109988 0.672901
vt 0.109991 0.672901
vt 0.109988 0.672942
vt 0.109717 0.672391
vt 0.109715 0.672389
vt 0.109720 0.672389
vt 0.109719 0.672386
vt 0.109724 0.672389
vt 0.109725 0.672386
vt 0.109730 0.672389
vt 0.109728 0.672391
vt 0.109728 0.672402
vt 0.109730 0.672404
vt 0.109730 0.672399
vt 0.109724 0.672404
vt 0.109730 0.672395
vt 0.109725 0.672407
vt 0.109720 0.672404
vt 0.109719 0.672407
vt 0.109957 0.672564
vt 0.109970 0.672568
vt 0.109970 0.672572
vt 0.109955 0.672568
vt 0.109968 0.672564
vt 0.109955 0.672572
vt 0.109968 0.672576
vt 0.109964 0.672578
vt 0.109957 0.672576
vt 0.109960 0.672578
vt 0.109960 0.672562
vt 0.109964 0.672562
vt 0.109350 0.672990
vt 0.109347 0.672948
vt 0.109350 0.672949
vt 0.109347 0.672990
vt 0.109626 0.672996
vt 0.109622 0.672955
vt 0.109626 0.672955
vt 0.109622 0.672996
vt 0.109618 0.672955
vt 0.109339 0.672948
vt 0.109339 0.672990
vt 0.109336 0.672990
vt 0.109336 0.672949
vt 0.109253 0.672955
vt 0.109253 0.672996
vt 0.109250 0.672996
vt 0.109257 0.672955
vt 0.109250 0.672955
vt 0.109618 0.672996
vt 0.109629 0.672955
vt 0.109343 0.672990
vt 0.109343 0.672948
vt 0.109261 0.672996
vt 0.109257 0.672996
vt 0.109984 0.672942
vt 0.109984 0.672901
vt 0.109261 0.672955
vt 0.109946 0.672403
vt 0.109944 0.672398
vt 0.109946 0.672397
vt 0.109942 0.672406
vt 0.109944 0.672403
vt 0.109942 0.672394
vt 0.109944 0.672393
vt 0.109939 0.672392
vt 0.109940 0.672391
vt 0.109935 0.672391
vt 0.109935 0.672393
vt 0.109932 0.672394
vt 0.109932 0.672395
vt 0.109929 0.672399
vt 0.109930 0.672404
vt 0.109929 0.672404
vt 0.109930 0.672399
vt 0.109932 0.672407
vt 0.109932 0.672409
vt 0.109935 0.672409
vt 0.109935 0.672411
vt 0.109940 0.672411
vt 0.109939 0.672409
vt 0.109944 0.672408
vt 0.109864 0.672378
vt 0.109869 0.672356
vt 0.109869 0.672378
vt 0.109864 0.672356
vt 0.109875 0.672378
vt 0.109757 0.672386
vt 0.109753 0.672408
vt 0.109753 0.672386
vt 0.109757 0.672408
vt 0.109762 0.672386
vt 0.109762 0.672408
vt 0.109767 0.672386
vt 0.109767 0.672408
vt 0.109771 0.672386
vt 0.109771 0.672408
vt 0.109110 0.672990
vt 0.109115 0.672968
vt 0.109115 0.672990
vt 0.109110 0.672968
vt 0.109105 0.672990
vt 0.109105 0.672968
vt 0.109101 0.672990
vt 0.109101 0.672968
vt 0.109791 0.672970
vt 0.109791 0.672992
vt 0.109785 0.672970
vt 0.109785 0.672992
vt 0.109796 0.672970
vt 0.109796 0.672992
vt 0.109875 0.672356
vt 0.109879 0.672378
vt 0.109879 0.672356
vt 0.109982 0.672992
vt 0.109982 0.672953
vt 0.109987 0.672992
vt 0.109987 0.672953
vt 0.109551 0.672994
vt 0.109547 0.672955
vt 0.109551 0.672955
vt 0.109555 0.672994
vt 0.109555 0.672955
vt 0.109547 0.672994
vt 0.109542 0.672994
vt 0.109542 0.672955
vt 0.109280 0.672979
vt 0.109283 0.672940
vt 0.109283 0.672979
vt 0.109280 0.672940
vt 0.109276 0.672940
vt 0.109276 0.672979
vt 0.109271 0.672979
vt 0.109271 0.672940
vt 0.109268 0.672979
vt 0.109559 0.672955
vt 0.109555 0.672994
vt 0.109555 0.672955
vt 0.109559 0.672994
vt 0.109564 0.672955
vt 0.109564 0.672994
vt 0.109773 0.672402
vt 0.109784 0.672401
vt 0.109780 0.672403
vt 0.109777 0.672404
vt 0.109771 0.672393
vt 0.109777 0.672387
vt 0.109785 0.672392
vt 0.109785 0.672397
vt 0.109771 0.672398
vt 0.109773 0.672389
vt 0.109784 0.672388
vt 0.109780 0.672386
vt 0.109567 0.672955
vt 0.109567 0.672994
vt 0.109991 0.672992
vt 0.109991 0.672953
vt 0.109699 0.672405
vt 0.109694 0.672405
vt 0.109696 0.672403
vt 0.109691 0.672400
vt 0.109693 0.672399
vt 0.109698 0.672407
vt 0.109703 0.672405
vt 0.109888 0.672956
vt 0.109888 0.672992
vt 0.109884 0.672992
vt 0.109884 0.672956
vt 0.109693 0.672395
vt 0.109691 0.672394
vt 0.109696 0.672391
vt 0.109694 0.672389
vt 0.109699 0.672389
vt 0.109704 0.672386
vt 0.109703 0.672389
vt 0.109698 0.672386
vt 0.109709 0.672399
vt 0.109712 0.672394
vt 0.109712 0.672400
vt 0.109709 0.672395
vt 0.109707 0.672391
vt 0.109707 0.672403
vt 0.109709 0.672389
vt 0.109709 0.672405
vt 0.109704 0.672407
vt 0.109801 0.672404
vt 0.109788 0.672408
vt 0.109786 0.672404
vt 0.109801 0.672400
vt 0.109791 0.672410
vt 0.109799 0.672396
vt 0.109786 0.672400
vt 0.109788 0.672396
vt 0.109796 0.672394
vt 0.109791 0.672394
vt 0.109799 0.672408
vt 0.109796 0.672410
vt 0.109133 0.672989
vt 0.109133 0.672954
vt 0.109137 0.672989
vt 0.109141 0.672989
vt 0.109137 0.672954
vt 0.109141 0.672954
vt 0.109144 0.672954
vt 0.109654 0.672991
vt 0.109651 0.672955
vt 0.109654 0.672955
vt 0.109651 0.672991
vt 0.109144 0.672989
vt 0.109658 0.672991
vt 0.109658 0.672955
vt 0.109973 0.672375
vt 0.109973 0.672410
vt 0.109969 0.672410
vt 0.109977 0.672375
vt 0.109969 0.672375
vt 0.109880 0.672992
vt 0.109880 0.672956
vt 0.109662 0.672991
vt 0.109662 0.672955
vt 0.109977 0.672410
vt 0.109826 0.672569
vt 0.109831 0.672567
vt 0.109830 0.672569
vt 0.109835 0.672570
vt 0.109833 0.672571
vt 0.109826 0.672568
vt 0.109823 0.672572
vt 0.109822 0.672571
vt 0.109821 0.672576
vt 0.109820 0.672576
vt 0.109821 0.672581
vt 0.109820 0.672581
vt 0.109822 0.672586
vt 0.109823 0.672584
vt 0.109826 0.672588
vt 0.109830 0.672586
vt 0.109831 0.672588
vt 0.109826 0.672586
vt 0.109833 0.672584
vt 0.109835 0.672585
vt 0.109835 0.672579
vt 0.109837 0.672580
vt 0.109837 0.672574
vt 0.109835 0.672575
vt 0.109805 0.672404
vt 0.109801 0.672398
vt 0.109805 0.672398
vt 0.109801 0.672404
vt 0.109805 0.672394
vt 0.109801 0.672394
vt 0.109805 0.672409
vt 0.109801 0.672409
vt 0.109124 0.672372
vt 0.109128 0.672366
vt 0.109128 0.672372
vt 0.109124 0.672376
vt 0.109128 0.672376
vt 0.109124 0.672366
vt 0.109128 0.672361
vt 0.109124 0.672361
vt 0.109128 0.672357
vt 0.109124 0.672357
vt 0.108978 0.672856
vt 0.108982 0.672856
vt 0.108978 0.672862
vt 0.108982 0.672862
vt 0.108982 0.672851
vt 0.108978 0.672851
vt 0.108982 0.672847
vt 0.108978 0.672847
vt 0.109414 0.672798
vt 0.109414 0.672792
vt 0.109107 0.672547
vt 0.109105 0.672542
vt 0.109107 0.672542
vt 0.109105 0.672547
vt 0.109831 0.672970
vt 0.109837 0.672988
vt 0.109831 0.672988
vt 0.109826 0.672970
vt 0.109826 0.672988
vt 0.109759 0.672335
vt 0.109759 0.672318
vt 0.109764 0.672335
vt 0.109754 0.672335
vt 0.109754 0.672318
vt 0.109748 0.672335
vt 0.109748 0.672318
vt 0.109937 0.672562
vt 0.109954 0.672567
vt 0.109937 0.672567
vt 0.109955 0.672562
vt 0.109954 0.672572
vt 0.109937 0.672572
vt 0.109937 0.672577
vt 0.109954 0.672577
vt 0.109937 0.672581
vt 0.109955 0.672581
vt 0.109748 0.672318
vt 0.109748 0.672335
vt 0.109743 0.672318
vt 0.109743 0.672336
vt 0.109737 0.672318
vt 0.109737 0.672335
vt 0.109837 0.672970
vt 0.109733 0.672335
vt 0.109733 0.672318
vt 0.109035 0.672557
vt 0.109037 0.672562
vt 0.109034 0.672558
vt 0.109038 0.672562
vt 0.109035 0.672552
vt 0.109898 0.672394
vt 0.109896 0.672399
vt 0.109896 0.672399
vt 0.109902 0.672391
vt 0.109899 0.672395
vt 0.109907 0.672391
vt 0.109902 0.672392
vt 0.109910 0.672408
vt 0.109913 0.672403
vt 0.109911 0.672408
vt 0.109912 0.672403
vt 0.109906 0.672411
vt 0.109913 0.672398
vt 0.109055 0.672557
vt 0.109055 0.672552
vt 0.109053 0.672562
vt 0.109052 0.672562
vt 0.109052 0.672548
vt 0.109038 0.672548
vt 0.109034 0.672552
vt 0.109037 0.672547
vt 0.109042 0.672545
vt 0.109048 0.672565
vt 0.109042 0.672565
vt 0.109048 0.672565
vt 0.109896 0.672404
vt 0.109899 0.672409
vt 0.109896 0.672405
vt 0.109912 0.672398
vt 0.109911 0.672393
vt 0.109910 0.672394
vt 0.109048 0.672545
vt 0.109042 0.672544
vt 0.109048 0.672544
vt 0.109042 0.672565
vt 0.109906 0.672391
vt 0.109907 0.672411
vt 0.109902 0.672411
vt 0.109414 0.672803
vt 0.109105 0.672528
vt 0.109107 0.672532
vt 0.109105 0.672532
vt 0.109107 0.672528
vt 0.109107 0.672537
vt 0.109105 0.672537
vt 0.109107 0.672473
vt 0.109105 0.672473
vt 0.109107 0.672478
vt 0.109105 0.672478
vt 0.109107 0.672483
vt 0.109105 0.672483
vt 0.109107 0.672487
vt 0.109107 0.672514
vt 0.109105 0.672509
vt 0.109107 0.672509
vt 0.109106 0.672514
vt 0.109107 0.672504
vt 0.109105 0.672504
vt 0.109106 0.672500
vt 0.109053 0.672547
vt 0.109902 0.672412
vt 0.109898 0.672409
vt 0.047328 0.671699
vt 0.047314 0.671742
vt 0.047314 0.671697
vt 0.047328 0.671746
vt 0.047374 0.671666
vt 0.047329 0.671666
vt 0.047729 0.672201
vt 0.047699 0.672188
vt 0.047720 0.672188
vt 0.013998 0.672064
vt 0.014009 0.672075
vt 0.014000 0.672060
vt 0.013977 0.672064
vt 0.013975 0.672060
vt 0.046968 0.672475
vt 0.047368 0.671546
vt 0.047315 0.671508
vt 0.047368 0.671508
vt 0.047406 0.671559
vt 0.047368 0.671559
vt 0.047315 0.671546
vt 0.047315 0.671559
vt 0.047631 0.672200
vt 0.047368 0.671591
vt 0.047315 0.671591
vt 0.013955 0.671952
vt 0.047417 0.671559
vt 0.047406 0.671546
vt 0.013902 0.671939
vt 0.013907 0.672060
vt 0.013939 0.672046
vt 0.013939 0.672060
vt 0.013906 0.672046
vt 0.013848 0.672091
vt 0.013848 0.672060
vt 0.047602 0.671956
vt 0.047577 0.672000
vt 0.047577 0.671956
vt 0.047602 0.672000
vt 0.047371 0.671703
vt 0.047371 0.671755
vt 0.047314 0.671491
vt 0.047368 0.671491
vt 0.014189 0.672684
vt 0.014164 0.672616
vt 0.014189 0.672615
vt 0.014164 0.672687
vt 0.014153 0.672689
vt 0.014125 0.672617
vt 0.014153 0.672616
vt 0.014125 0.672693
vt 0.014110 0.672617
vt 0.014110 0.672694
vt 0.014265 0.672177
vt 0.014265 0.672254
vt 0.014230 0.672254
vt 0.014230 0.672177
vt 0.014256 0.672813
vt 0.014292 0.672880
vt 0.014256 0.672880
vt 0.014292 0.672813
vt 0.013399 0.672846
vt 0.013307 0.672833
vt 0.013399 0.672769
vt 0.013307 0.672766
vt 0.014203 0.672681
vt 0.014203 0.672614
s 0
usemtl Atlas
f 1/1/1 2/2/1 3/3/1
f 1/1/1 4/4/1 5/5/1
f 2/2/1 1/1/1 6/6/1
f 6/6/1 7/7/1 2/2/1
s 1
f 8/8/2 9/9/3 10/10/3
f 8/8/2 10/10/3 11/11/4
f 12/12/5 13/13/6 14/14/7
f 13/13/6 15/15/8 16/16/9
f 13/13/6 16/16/9 14/14/7
f 17/17/10 18/18/11 13/13/6
f 17/17/10 13/13/6 12/12/5
f 17/17/10 19/19/12 20/20/13
f 21/21/14 22/22/15 23/23/14
f 22/22/15 21/21/14 24/24/16
f 22/22/15 25/25/17 26/26/17
f 19/19/12 17/17/10 12/12/5
f 20/20/13 27/27/18 17/17/10
f 20/20/13 28/28/19 29/29/20
f 30/30/18 31/31/21 32/32/11
f 30/30/18 33/10/22 34/33/23
f 31/31/21 30/30/18 34/33/23
f 32/32/11 35/34/24 36/35/8
f 4/4/1 1/1/1 3/3/1
f 37/9/25 38/36/26 39/10/25
f 38/36/26 40/33/27 39/10/25
f 38/36/26 41/31/28 40/33/27
f 42/37/29 43/38/30 44/39/31
f 44/39/31 45/40/29 42/37/29
f 46/41/32 47/42/33 48/43/34
f 46/41/32 48/43/34 49/44/35
f 46/41/32 50/45/36 51/46/37
f 50/45/36 46/41/32 49/44/35
f 52/39/38 53/47/39 54/40/39
f 53/47/39 52/39/38 55/48/40
s 0
f 7/7/1 6/6/1 56/49/1
s 1
f 36/35/8 57/50/41 58/51/42
f 57/50/41 36/35/8 35/34/24
f 35/34/24 59/52/43 57/50/41
f 35/34/24 41/31/28 60/53/44
f 35/34/24 32/32/11 31/31/21
f 61/54/45 62/55/46 63/56/47
f 62/55/46 61/54/45 64/57/46
f 63/56/47 65/58/48 61/54/45
f 66/59/49 67/60/50 68/61/51
f 67/60/50 69/62/32 68/61/51
f 67/60/50 66/59/49 70/63/52
f 67/60/50 71/64/53 72/65/33
f 67/60/50 72/65/33 69/62/32
f 68/61/51 69/62/32 73/66/37
f 70/63/52 71/64/53 67/60/50
f 70/63/52 74/67/54 71/64/53
f 41/31/28 38/36/26 75/68/55
f 75/68/55 60/53/44 41/31/28
f 48/43/34 76/69/56 77/44/57
f 48/43/34 78/70/58 79/71/59
f 76/69/56 48/43/34 79/71/59
f 80/21/60 81/72/57 82/24/61
f 81/72/57 80/21/60 83/73/62
f 84/74/63 85/75/64 86/76/65
f 84/74/63 87/77/66 85/75/64
f 86/76/65 88/78/67 71/64/53
f 86/76/65 89/79/68 88/78/67
f 86/76/65 74/67/54 84/74/63
f 47/42/33 90/80/69 48/43/34
f 27/27/18 20/20/13 91/29/70
f 74/67/54 86/76/65 71/64/53
f 16/16/9 92/81/42 93/82/71
f 16/16/9 93/82/71 94/83/72
f 92/81/42 16/16/9 15/15/8
f 15/15/8 13/13/6 18/18/11
f 89/79/68 86/76/65 85/75/64
f 72/65/33 71/64/53 88/78/67
s 0
f 95/84/17 96/85/17 97/86/17
f 96/85/17 95/84/17 98/87/17
f 97/86/17 26/26/17 25/25/17
s 1
f 99/88/67 100/89/68 101/90/73
f 99/88/67 101/90/73 90/80/69
f 90/80/69 47/42/33 99/88/67
f 90/80/69 101/90/73 102/91/74
f 90/80/69 102/91/74 78/70/58
s 0
f 26/26/17 97/86/17 96/85/17
s 1
f 25/25/17 22/22/15 24/24/16
f 94/83/72 14/14/7 16/16/9
f 94/83/72 93/82/71 103/92/75
f 59/52/43 35/34/24 60/53/44
f 104/11/70 33/10/22 30/30/18
f 105/93/76 106/94/77 107/95/78
f 107/95/78 108/96/79 105/93/76
f 109/94/80 110/97/81 111/98/82
f 110/97/81 109/94/80 112/99/82
f 18/18/11 17/17/10 27/27/18
f 28/28/19 20/20/13 19/19/12
f 78/70/58 48/43/34 90/80/69
s 0
f 113/100/83 114/101/83 115/102/83
f 115/102/83 116/103/83 113/100/83
f 115/102/83 117/104/83 118/105/83
f 116/103/83 119/106/83 113/100/83
s 1
f 120/107/46 121/108/84 122/109/46
f 121/108/84 120/107/46 123/110/85
f 121/108/84 124/111/86 125/112/87
f 126/113/88 127/108/89 128/114/90
f 126/113/88 129/109/91 127/108/89
f 127/108/89 130/112/92 128/114/90
f 129/109/91 126/113/88 131/115/91
f 132/116/93 133/117/94 134/118/95
f 133/117/94 135/119/96 136/120/97
f 134/118/95 136/120/97 137/121/98
f 138/122/99 139/123/100 133/117/94
f 138/122/99 140/124/101 141/125/102
f 138/122/99 133/117/94 132/116/93
f 142/126/103 143/127/104 144/128/105
f 143/127/104 142/126/103 145/129/104
f 144/128/105 146/130/106 142/126/103
f 140/124/101 138/122/99 132/116/93
f 147/131/107 148/130/108 149/132/109
f 147/131/107 150/133/110 151/126/111
f 152/129/112 151/126/111 150/133/110
f 124/111/86 121/108/84 123/110/85
f 153/134/113 154/135/114 155/136/115
f 153/134/113 156/137/116 157/138/117
f 154/135/114 158/139/118 159/140/119
f 154/135/114 153/134/113 160/141/120
f 155/136/115 161/142/116 153/134/113
f 160/141/120 157/138/117 162/143/109
f 160/141/120 163/144/108 158/139/118
f 160/141/120 162/143/109 163/144/108
f 164/145/121 165/146/122 166/147/123
f 164/145/121 167/148/124 165/146/122
f 167/148/124 168/149/125 165/146/122
f 165/146/122 168/149/125 169/150/126
f 165/146/122 169/150/126 170/151/127
f 166/147/123 170/151/127 171/152/128
f 166/147/123 165/146/122 170/151/127
f 166/147/123 171/152/128 172/153/129
f 173/154/130 174/155/131 175/156/131
f 173/154/130 166/147/123 172/153/129
f 173/154/130 176/157/132 177/158/133
f 172/153/129 178/152/134 179/159/135
f 180/156/136 164/145/121 166/147/123
f 180/156/136 166/147/123 173/154/130
s 0
f 117/104/83 115/102/83 114/101/83
s 1
f 161/142/116 155/136/115 181/160/116
f 174/155/131 173/154/130 177/158/133
f 176/157/132 173/154/130 172/153/129
f 182/161/137 183/162/138 184/163/139
f 183/162/138 185/164/140 186/165/141
f 183/162/138 186/165/141 187/166/142
f 183/162/138 187/166/142 184/163/139
f 183/162/138 182/161/137 188/167/143
f 188/167/143 189/168/144 185/164/140
f 188/167/143 185/164/140 183/162/138
f 178/152/134 190/169/145 179/159/135
f 178/152/134 170/151/127 190/169/145
f 170/151/127 169/150/126 191/170/146
f 170/151/127 191/170/146 190/169/145
f 179/159/135 176/157/132 172/153/129
f 192/171/147 193/172/148 194/173/149
f 192/171/147 194/173/149 195/174/150
f 195/174/150 185/164/140 189/168/144
f 195/174/150 194/173/149 196/175/151
f 195/174/150 196/175/151 197/176/152
f 197/176/152 198/177/124 199/178/124
f 200/179/153 141/125/102 201/180/154
f 200/179/153 138/122/99 141/125/102
f 200/179/153 202/181/116 139/123/100
f 202/181/116 200/179/153 203/182/155
f 139/123/100 204/183/116 135/119/96
f 139/123/100 138/122/99 200/179/153
f 203/182/155 201/180/154 205/184/156
f 201/180/154 203/182/155 200/179/153
f 135/119/96 133/117/94 139/123/100
f 135/119/96 206/185/116 207/186/157
f 206/185/116 135/119/96 204/183/116
f 207/186/157 136/120/97 135/119/96
f 204/183/116 139/123/100 202/181/116
f 198/177/124 197/176/152 196/175/151
f 136/120/97 207/186/157 208/187/158
f 136/120/97 208/187/158 137/121/98
f 136/120/97 134/118/95 133/117/94
f 209/188/124 210/189/124 211/190/159
f 209/188/124 211/190/159 168/149/125
f 168/149/125 167/148/124 209/188/124
f 168/149/125 212/191/160 169/150/126
s 0
f 213/192/106 214/193/106 215/194/106
f 214/193/106 213/192/106 216/195/106
s 1
f 162/143/109 217/196/161 218/197/162
f 158/139/118 154/135/114 160/141/120
f 212/191/160 168/149/125 211/190/159
f 169/150/126 219/198/163 191/170/146
f 169/150/126 212/191/160 219/198/163
s 0
f 220/199/106 213/192/106 215/194/106
f 220/199/106 215/194/106 146/130/106
s 1
f 146/130/106 144/128/105 220/199/106
f 137/121/98 208/187/158 221/200/164
f 187/166/142 222/201/165 184/163/139
f 187/166/142 223/202/124 224/203/166
f 223/202/124 186/165/141 199/178/124
f 223/202/124 187/166/142 186/165/141
f 224/203/166 222/201/165 187/166/142
f 186/165/141 197/176/152 199/178/124
f 186/165/141 185/164/140 197/176/152
f 217/196/161 225/204/156 226/205/167
f 217/196/161 227/206/168 218/197/162
f 217/196/161 162/143/109 157/138/117
f 157/138/117 160/141/120 153/134/113
f 157/138/117 228/207/169 217/196/161
f 225/204/156 217/196/161 228/207/169
f 228/207/169 157/138/117 156/137/116
f 227/206/168 217/196/161 226/205/167
f 229/208/170 230/209/131 231/210/131
f 229/208/170 184/163/139 222/201/165
f 229/208/170 182/161/137 184/163/139
f 222/201/165 230/209/131 229/208/170
f 222/201/165 224/203/166 232/209/136
f 65/58/48 63/56/47 233/211/171
f 234/212/172 235/213/173 236/211/173
f 235/213/173 237/58/172 236/211/173
f 189/168/144 192/171/147 195/174/150
f 185/164/140 195/174/150 197/176/152
f 238/214/91 239/215/174 240/56/175
f 240/56/175 241/55/91 238/214/91
f 242/211/101 240/56/175 243/216/176
f 243/216/176 240/56/175 239/215/174
s 0
f 119/106/83 116/103/83 244/217/83
s 1
f 148/130/108 147/131/107 151/126/111
f 156/137/116 153/134/113 161/142/116
f 245/218/177 246/219/178 247/220/179
f 245/218/177 247/220/179 248/221/180
f 245/218/177 249/222/181 250/223/182
f 246/219/178 251/224/183 252/225/184
f 246/219/178 253/226/185 254/227/183
f 246/219/178 245/218/177 253/226/185
f 247/220/179 252/225/184 255/228/186
f 253/226/185 256/229/183 254/227/183
f 253/226/185 250/223/182 257/230/187
f 250/223/182 253/226/185 245/218/177
f 257/230/187 258/231/188 259/232/189
f 257/230/187 259/232/189 260/233/183
f 257/230/187 256/229/183 253/226/185
f 256/229/183 257/230/187 260/233/183
f 261/234/190 262/235/191 263/236/190
f 263/236/190 262/235/191 264/237/192
f 264/237/192 265/238/190 263/236/190
f 264/237/192 266/239/193 267/240/194
f 264/237/192 268/241/195 266/239/193
f 269/242/196 270/243/197 271/244/198
f 270/243/197 269/242/196 272/245/196
f 270/243/197 273/246/199 271/244/198
f 274/247/199 271/244/198 273/246/199
f 268/241/195 264/237/192 262/235/191
s 0
f 275/248/200 276/249/200 277/250/200
f 275/248/200 278/251/200 279/252/200
f 278/251/200 280/253/200 279/252/200
f 279/252/200 281/254/200 282/255/200
s 1
f 283/256/201 284/257/202 285/258/203
f 283/256/201 286/259/204 284/257/202
f 286/259/204 287/260/205 284/257/202
f 284/257/202 288/261/206 289/262/207
f 284/257/202 287/260/205 288/261/206
f 285/258/203 290/263/208 283/256/201
f 285/258/203 291/264/209 292/265/210
f 285/258/203 289/262/207 291/264/209
f 290/263/208 285/258/203 292/265/210
f 293/266/211 294/267/212 295/268/213
f 294/267/212 296/269/214 297/270/215
f 295/268/213 298/271/213 293/266/211
f 299/272/216 300/273/217 301/274/218
f 300/273/217 302/275/219 301/274/218
f 300/273/217 303/276/220 304/277/221
f 300/273/217 299/272/216 305/278/222
f 301/274/218 306/279/223 299/272/216
f 306/279/223 307/280/224 299/272/216
f 302/275/219 300/273/217 304/277/221
f 308/246/225 309/281/226 310/247/225
f 309/281/226 308/246/225 311/282/227
f 312/283/228 313/284/229 314/274/226
f 314/274/226 313/284/229 315/279/230
f 315/279/230 316/285/231 317/286/232
f 318/287/233 319/288/234 320/289/235
f 318/287/233 320/289/235 321/290/233
f 319/288/234 322/291/236 323/292/237
f 319/288/234 323/292/237 320/289/235
f 319/288/234 318/287/233 324/293/233
f 320/289/235 323/292/237 325/294/238
f 324/293/233 326/295/233 327/296/239
f 324/293/233 327/296/239 319/288/234
f 323/292/237 322/291/236 328/297/240
f 323/292/237 328/297/240 329/298/241
f 325/294/238 330/299/242 331/300/243
f 325/294/238 329/298/241 330/299/242
f 325/294/238 332/301/244 320/289/235
f 332/301/244 325/294/238 331/300/243
f 332/301/244 333/302/233 321/290/233
f 332/301/244 331/300/243 334/303/245
f 321/290/233 320/289/235 332/301/244
f 335/304/246 336/305/247 337/306/183
f 336/305/247 338/307/248 339/308/249
f 336/305/247 335/304/246 338/307/248
f 336/305/247 340/309/250 341/310/251
f 337/306/183 341/310/251 342/311/183
f 338/307/248 343/312/252 344/313/253
f 338/307/248 345/314/254 346/315/255
f 343/312/252 338/307/248 335/304/246
f 345/314/254 338/307/248 344/313/253
f 346/315/255 339/308/249 338/307/248
f 347/316/256 348/317/233 349/318/233
f 347/316/256 349/318/233 288/261/206
f 347/316/256 287/260/205 350/319/257
f 288/261/206 349/318/233 351/320/233
f 351/320/233 289/262/207 288/261/206
f 289/262/207 351/320/233 352/321/233
f 289/262/207 285/258/203 284/257/202
f 289/262/207 352/321/233 291/264/209
f 287/260/205 286/259/204 353/322/258
f 287/260/205 347/316/256 288/261/206
f 350/319/257 354/323/259 347/316/256
f 350/319/257 287/260/205 353/322/258
f 355/324/260 356/325/261 357/326/262
f 355/324/260 358/327/263 356/325/261
f 358/327/263 359/328/233 360/329/233
f 358/327/263 361/330/264 356/325/261
f 357/326/262 362/331/265 355/324/260
f 362/331/265 357/326/262 363/332/266
f 362/331/265 364/333/267 365/334/233
f 365/334/233 359/328/233 355/324/260
f 365/334/233 355/324/260 362/331/265
f 359/328/233 358/327/263 355/324/260
f 360/329/233 366/335/268 358/327/263
f 360/329/233 367/336/233 366/335/268
f 368/337/269 369/338/270 370/339/271
f 368/337/269 371/340/272 372/341/273
f 368/337/269 372/341/273 373/342/274
f 372/341/273 374/343/275 375/344/276
f 376/345/277 375/344/276 377/346/278
f 376/345/277 373/342/274 372/341/273
s 0
f 378/347/200 379/348/200 380/349/200
f 379/348/200 378/347/200 381/350/200
f 380/349/200 382/351/200 383/352/200
f 380/349/200 384/353/200 378/347/200
f 381/350/200 385/354/200 379/348/200
f 384/353/200 380/349/200 383/352/200
f 383/352/200 386/355/200 384/353/200
s 1
f 369/338/270 368/337/269 373/342/274
f 369/338/270 387/356/279 370/339/271
f 370/339/271 388/357/280 389/358/281
f 370/339/271 389/358/281 368/337/269
f 390/238/282 391/359/283 392/360/282
f 391/359/283 390/238/282 393/240/284
f 391/359/283 393/240/284 394/361/285
f 393/240/284 395/362/286 394/361/285
f 265/238/190 264/237/192 267/240/194
f 267/240/194 266/239/193 396/362/287
f 258/231/188 397/363/288 398/364/289
f 258/231/188 257/230/187 250/223/182
f 258/231/188 250/223/182 399/365/290
f 249/222/181 245/218/177 248/221/180
f 249/222/181 399/365/290 250/223/182
s 0
f 281/254/200 279/252/200 280/253/200
f 282/255/200 276/249/200 279/252/200
s 1
f 296/269/214 294/267/212 293/266/211
f 397/363/288 258/231/188 399/365/290
f 400/308/291 401/315/292 402/366/293
f 401/315/292 403/367/294 402/366/293
f 402/366/293 404/368/295 400/308/291
f 404/368/295 405/309/296 400/308/291
f 403/367/294 401/315/292 406/314/297
f 303/276/220 300/273/217 305/278/222
f 305/278/222 299/272/216 407/369/298
f 407/369/298 307/280/224 408/370/298
f 342/311/183 409/371/299 410/372/183
f 409/371/299 411/373/300 412/374/301
f 409/371/299 341/310/251 413/375/302
f 409/371/299 342/311/183 341/310/251
f 410/372/183 412/374/301 414/376/183
f 341/310/251 337/306/183 336/305/247
f 340/309/250 413/375/302 341/310/251
f 340/309/250 336/305/247 339/308/249
f 371/340/272 415/377/183 374/343/275
f 371/340/272 368/337/269 389/358/281
f 389/358/281 416/378/183 417/379/183
f 388/357/280 418/380/303 419/381/183
f 388/357/280 416/378/183 389/358/281
f 388/357/280 420/382/304 418/380/303
f 416/378/183 388/357/280 419/381/183
f 417/379/183 371/340/272 389/358/281
f 421/375/305 422/383/306 423/384/307
f 421/375/305 405/309/296 422/383/306
f 405/309/296 404/368/295 422/383/306
f 423/384/307 424/373/308 421/375/305
f 307/280/224 425/385/309 408/370/298
f 307/280/224 306/279/223 426/286/223
s 0
f 307/280/310 407/369/298 299/272/310
f 408/370/298 425/385/298 427/386/298
f 425/385/310 428/387/298 427/386/298
s 1
f 425/385/309 307/280/224 426/286/223
f 291/264/209 352/321/233 429/388/311
f 291/264/209 430/389/312 292/265/210
f 429/388/311 430/389/312 291/264/209
f 430/389/312 429/388/311 431/390/313
f 432/391/314 433/392/315 434/393/316
f 432/391/314 435/394/317 436/395/318
f 432/391/314 436/395/318 437/396/319
f 435/394/317 432/391/314 438/397/320
f 435/394/317 439/398/233 436/395/318
f 435/394/317 440/399/233 439/398/233
f 436/395/318 439/398/233 441/400/233
f 438/397/320 442/401/321 435/394/317
f 438/397/320 443/402/322 442/401/321
f 441/400/233 444/403/323 436/395/318
f 444/403/323 441/400/233 445/404/233
f 444/403/323 445/404/233 446/405/324
f 444/403/323 447/406/325 437/396/319
f 437/396/319 436/395/318 444/403/323
s 0
f 276/249/200 275/248/200 279/252/200
f 276/249/200 448/407/200 449/408/200
f 276/249/200 282/255/200 450/409/200
f 276/249/200 451/410/200 277/250/200
f 451/410/200 276/249/200 449/408/200
f 449/408/200 452/411/200 453/412/200
s 1
f 353/322/258 454/413/326 350/319/257
f 454/413/326 455/414/327 350/319/257
f 456/415/183 457/416/328 458/417/183
f 457/416/328 459/418/329 460/419/330
f 457/416/328 456/415/183 461/420/331
f 458/417/183 460/419/330 462/421/183
f 461/420/331 456/415/183 463/422/183
f 461/420/331 464/423/332 465/424/333
f 463/422/183 466/425/334 461/420/331
f 466/425/334 467/426/183 468/427/335
f 466/425/334 468/427/335 469/428/336
f 466/425/334 464/423/332 461/420/331
f 464/423/332 470/429/337 465/424/333
f 464/423/332 466/425/334 469/428/336
f 469/428/336 471/430/338 464/423/332
f 465/424/333 457/416/328 461/420/331
f 465/424/333 472/431/339 459/418/329
f 473/432/340 474/433/341 475/434/342
f 473/432/340 420/382/304 387/356/279
f 474/433/341 255/228/186 475/434/342
f 475/434/342 476/435/343 418/380/303
f 475/434/342 418/380/303 420/382/304
f 255/228/186 476/435/343 475/434/342
f 255/228/186 477/436/344 247/220/179
s 0
f 453/412/200 478/437/200 479/438/200
s 1
f 453/412/200 480/439/200 481/440/200
s 0
f 480/439/200 453/412/200 452/411/200
f 481/440/200 386/355/200 482/441/200
f 452/411/200 449/408/200 448/407/200
f 448/407/200 276/249/200 450/409/200
s 1
f 477/436/344 248/221/180 247/220/179
f 477/436/344 255/228/186 474/433/341
f 483/442/345 484/443/224 485/444/223
s 0
f 483/442/216 486/445/223 487/446/216
s 1
f 484/443/224 483/442/345 488/447/298
s 0
f 484/443/298 489/448/298 490/449/298
s 1
f 484/443/224 491/450/223 485/444/223
f 485/444/223 492/451/223 483/442/345
f 492/451/223 486/445/223 483/442/345
f 491/450/223 484/443/224 490/449/216
f 490/449/216 493/452/224 494/453/223
f 330/299/242 495/454/346 331/300/243
f 495/454/346 496/455/347 331/300/243
f 329/298/241 325/294/238 323/292/237
s 0
f 497/456/200 498/457/200 379/348/200
f 497/456/200 385/354/200 499/458/200
f 498/457/200 380/349/200 379/348/200
s 1
f 434/393/316 500/459/348 438/397/320
f 434/393/316 438/397/320 432/391/314
f 500/459/348 443/402/322 438/397/320
f 433/392/315 432/391/314 437/396/319
s 0
f 382/351/200 501/460/200 383/352/200
f 382/351/200 380/349/200 498/457/200
s 1
f 502/461/349 503/282/350 504/246/351
f 502/461/349 363/332/266 503/282/350
f 502/461/349 362/331/265 363/332/266
f 505/243/352 502/461/349 504/246/351
f 364/333/267 362/331/265 502/461/349
f 364/333/267 502/461/349 506/245/313
f 506/245/313 502/461/349 505/243/352
f 426/286/223 507/462/223 425/385/309
s 0
f 507/462/223 508/463/216 425/385/223
s 1
f 316/285/231 315/279/230 313/284/229
f 316/285/231 509/462/353 317/286/232
f 509/462/353 316/285/231 510/464/354
f 509/462/353 511/465/355 512/466/356
f 513/269/357 514/467/358 515/468/359
f 514/467/358 516/469/282 517/470/282
f 515/468/359 514/467/358 518/471/360
f 519/266/361 520/467/362 521/269/363
f 520/467/362 519/266/361 522/472/364
f 520/467/362 523/473/190 524/469/190
f 522/472/364 525/271/365 526/474/366
f 522/472/364 523/473/190 520/467/362
f 522/472/364 527/475/190 523/473/190
f 517/470/282 518/471/360 514/467/358
f 259/232/189 528/476/367 260/233/183
f 259/232/189 398/364/289 529/477/368
f 259/232/189 258/231/188 398/364/289
f 529/477/368 528/476/367 259/232/189
f 528/476/367 529/477/368 530/478/252
f 525/271/365 522/472/364 519/266/361
f 531/479/369 532/390/196 533/480/196
f 531/479/369 292/265/210 534/389/370
f 531/479/369 290/263/208 292/265/210
f 534/389/370 532/390/196 531/479/369
f 527/475/190 522/472/364 526/474/366
f 420/382/304 388/357/280 370/339/271
f 420/382/304 473/432/340 475/434/342
f 420/382/304 370/339/271 387/356/279
s 0
f 386/355/200 383/352/200 482/441/200
f 386/355/200 481/440/200 480/439/200
s 1
f 535/481/371 496/455/347 536/482/372
f 496/455/347 537/483/373 334/303/245
f 496/455/347 495/454/346 536/482/372
f 536/482/372 538/484/374 535/481/371
f 493/452/224 490/449/216 539/485/298
f 494/453/223 491/450/223 490/449/216
s 0
f 494/453/223 540/486/216 541/487/223
f 540/486/310 539/485/298 542/488/298
s 1
f 540/486/224 494/453/223 493/452/224
f 541/487/223 508/463/345 543/466/223
f 539/485/298 540/486/224 493/452/224
f 539/485/298 490/449/216 489/448/298
s 0
f 542/488/298 508/463/310 540/486/298
s 1
f 489/448/298 484/443/224 488/447/298
f 544/489/375 545/490/376 546/491/377
f 544/489/375 547/492/378 469/428/336
f 547/492/378 544/489/375 548/493/379
f 548/493/379 546/491/377 549/494/380
f 546/491/377 545/490/376 412/374/301
f 546/491/377 548/493/379 544/489/375
f 546/491/377 550/495/381 549/494/380
f 546/491/377 424/373/308 550/495/381
f 501/460/200 481/440/200 482/441/200
s 0
f 501/460/200 482/441/200 383/352/200
f 501/460/200 478/437/200 481/440/200
f 478/437/200 453/412/200 481/440/200
s 1
f 447/406/325 444/403/323 446/405/324
f 447/406/325 551/496/382 437/396/319
f 447/406/325 552/497/383 551/496/382
f 551/496/382 433/392/315 437/396/319
f 552/497/383 553/498/384 554/499/385
f 552/497/383 447/406/325 553/498/384
f 553/498/384 446/405/324 555/500/386
f 553/498/384 447/406/325 446/405/324
f 556/501/233 333/302/233 334/303/245
f 556/501/233 334/303/245 537/483/373
f 334/303/245 331/300/243 496/455/347
f 537/483/373 496/455/347 557/481/387
f 537/483/373 367/336/233 556/501/233
f 537/483/373 557/481/387 366/335/268
f 333/302/233 332/301/244 334/303/245
f 558/502/183 476/435/343 559/503/183
f 476/435/343 255/228/186 252/225/184
f 476/435/343 558/502/183 418/380/303
f 559/503/183 476/435/343 252/225/184
f 418/380/303 558/502/183 419/381/183
f 555/500/386 560/504/233 354/323/259
f 555/500/386 561/505/233 560/504/233
f 555/500/386 455/414/327 553/498/384
f 561/505/233 446/405/324 445/404/233
f 561/505/233 555/500/386 446/405/324
f 545/490/376 544/489/375 468/427/335
f 545/490/376 414/376/183 412/374/301
f 468/427/335 544/489/375 469/428/336
f 468/427/335 467/426/183 562/506/183
f 467/426/183 466/425/334 463/422/183
f 562/506/183 545/490/376 468/427/335
f 470/429/337 464/423/332 471/430/338
f 471/430/338 469/428/336 547/492/378
f 488/447/298 483/442/345 563/507/298
f 563/507/298 487/446/224 564/508/298
s 0
f 508/463/223 507/462/223 543/466/223
f 508/463/223 541/487/223 540/486/216
f 508/463/310 542/488/298 428/387/298
s 1
f 511/465/355 565/509/371 512/466/356
f 511/465/355 509/462/353 510/464/354
f 512/466/356 565/509/371 566/487/374
f 479/438/200 449/408/200 453/412/200
s 0
f 479/438/200 451/410/200 449/408/200
s 1
f 455/414/327 454/413/326 554/499/385
f 455/414/327 554/499/385 553/498/384
f 455/414/327 555/500/386 354/323/259
f 455/414/327 354/323/259 350/319/257
f 424/373/308 423/384/307 550/495/381
s 0
f 428/387/298 425/385/298 508/463/298
s 1
f 414/376/183 545/490/376 562/506/183
f 412/374/301 411/373/300 546/491/377
f 412/374/301 410/372/183 409/371/299
f 411/373/300 409/371/299 413/375/302
f 366/335/268 557/481/387 361/330/264
f 361/330/264 358/327/263 366/335/268
f 367/336/233 537/483/373 366/335/268
f 348/317/233 347/316/256 354/323/259
f 348/317/233 354/323/259 560/504/233
f 252/225/184 251/224/183 559/503/183
f 252/225/184 247/220/179 246/219/178
f 251/224/183 246/219/178 254/227/183
f 459/418/329 567/510/388 568/511/389
f 459/418/329 457/416/328 465/424/333
f 459/418/329 568/511/389 460/419/330
f 567/510/388 459/418/329 472/431/339
f 472/431/339 465/424/333 470/429/337
f 487/446/224 563/507/298 483/442/345
f 487/446/224 569/512/223 570/513/224
s 0
f 487/446/310 571/514/298 564/508/298
s 1
f 571/514/298 487/446/224 570/513/224
s 0
f 385/354/200 572/106/200 573/515/200
f 385/354/200 381/350/200 574/516/200
f 385/354/200 575/517/200 499/458/200
s 1
f 385/354/200 497/456/200 379/348/200
s 0
f 575/517/200 385/354/200 573/515/200
s 1
f 576/518/390 443/402/322 577/519/391
f 443/402/322 500/459/348 577/519/391
f 443/402/322 578/520/392 442/401/321
f 577/519/391 579/521/393 576/518/390
s 0
f 569/512/223 487/446/216 486/445/223
s 1
f 322/291/236 319/288/234 327/296/239
f 322/291/236 580/522/394 328/297/240
f 580/522/394 322/291/236 581/523/395
f 462/421/183 582/524/396 583/525/183
f 582/524/396 460/419/330 568/511/389
f 582/524/396 462/421/183 460/419/330
f 460/419/330 458/417/183 457/416/328
f 578/520/392 443/402/322 576/518/390
f 442/401/321 578/520/392 584/526/233
f 442/401/321 584/526/233 440/399/233
f 440/399/233 435/394/317 442/401/321
f 375/344/276 585/527/397 586/528/398
f 375/344/276 376/345/277 372/341/273
f 375/344/276 586/528/398 377/346/278
f 585/527/397 375/344/276 374/343/275
f 585/527/397 374/343/275 587/529/183
f 374/343/275 372/341/273 371/340/272
f 415/377/183 371/340/272 417/379/183
f 415/377/183 587/529/183 374/343/275
f 588/530/399 377/346/278 586/528/398
s 0
f 572/106/200 385/354/200 574/516/200
s 1
f 326/295/233 589/531/400 327/296/239
f 589/531/400 326/295/233 590/532/233
f 327/296/239 581/523/395 322/291/236
f 327/296/239 589/531/400 581/523/395
f 591/533/401 592/534/402 593/535/403
f 591/533/401 593/535/403 594/536/404
f 591/533/401 595/537/405 596/538/406
f 592/534/402 591/533/401 597/539/407
f 592/534/402 597/539/407 598/540/408
f 592/534/402 599/541/408 600/542/409
f 593/535/403 600/542/409 601/543/410
f 597/539/407 596/538/406 602/544/411
f 597/539/407 603/545/408 598/540/408
f 596/538/406 597/539/407 591/533/401
f 602/544/411 603/545/408 597/539/407
f 602/544/411 604/546/412 605/547/408
f 602/544/411 606/548/413 604/546/412
f 603/545/408 602/544/411 605/547/408
f 607/549/414 608/550/415 609/551/414
f 608/550/415 610/552/416 611/553/417
f 609/551/414 608/550/415 612/554/418
f 612/554/418 613/555/414 609/551/414
f 612/554/418 614/556/419 615/557/420
f 616/549/421 617/558/422 618/550/423
f 617/558/422 616/549/421 619/559/421
f 617/558/422 620/560/424 618/550/423
f 621/552/425 618/550/423 620/560/424
f 611/553/417 612/554/418 608/550/415
s 0
f 622/561/426 623/562/426 624/563/426
f 623/562/426 625/564/426 626/565/426
f 623/562/426 622/561/426 627/566/426
f 623/562/426 627/566/426 628/567/426
f 629/568/426 626/565/426 630/569/426
f 629/568/426 624/563/426 623/562/426
s 1
f 631/570/427 632/571/428 633/572/429
f 631/570/427 633/572/429 634/573/430
f 632/571/428 635/574/431 633/572/429
f 633/572/429 635/574/431 636/575/432
f 633/572/429 636/575/432 637/576/433
f 634/573/430 638/577/434 639/578/435
f 634/573/430 640/579/436 631/570/427
f 634/573/430 637/576/433 638/577/434
f 640/579/436 634/573/430 639/578/435
f 641/580/437 642/561/438 643/563/439
f 642/561/438 644/581/440 645/566/441
f 642/561/438 641/580/437 644/581/440
f 646/582/442 647/583/443 648/584/444
f 646/582/442 649/585/445 650/586/446
f 646/582/442 651/587/447 652/588/448
f 646/582/442 650/586/446 653/589/449
f 649/585/445 646/582/442 652/588/448
s 0
f 650/586/450 654/590/450 655/591/451
f 650/586/452 656/592/445 654/590/452
s 1
f 651/587/447 646/582/442 648/584/444
f 657/593/453 658/594/454 659/595/454
f 657/593/453 659/595/454 660/596/455
f 661/597/455 662/585/456 663/588/457
f 662/585/456 661/597/455 664/598/458
f 665/599/459 666/600/460 667/601/461
f 665/599/459 667/601/461 668/602/459
f 666/600/460 669/603/462 667/601/461
f 666/600/460 670/604/463 669/603/462
f 666/600/460 665/599/459 671/605/459
f 667/601/461 669/603/462 672/606/464
f 671/605/459 673/607/465 666/600/460
f 671/605/459 674/608/459 673/607/465
f 669/603/462 675/609/466 672/606/464
f 672/606/464 676/610/467 667/601/461
f 676/610/467 677/611/468 678/612/469
f 676/610/467 679/613/459 668/602/459
f 676/610/467 672/606/464 677/611/468
f 677/611/468 675/609/466 680/614/470
f 677/611/468 672/606/464 675/609/466
f 668/602/459 667/601/461 676/610/467
f 681/615/471 682/616/472 683/617/408
f 682/616/472 681/615/471 684/618/473
f 682/616/472 685/619/474 686/620/475
f 682/616/472 684/618/473 687/621/476
f 683/617/408 686/620/475 688/622/408
f 684/618/473 689/623/477 690/624/478
f 684/618/473 691/625/479 692/626/480
f 689/623/477 684/618/473 681/615/471
f 690/624/478 693/627/481 691/625/479
f 690/624/478 694/628/482 695/629/483
f 691/625/479 684/618/473 690/624/478
f 691/625/479 696/630/484 697/626/485
f 692/626/480 687/621/476 684/618/473
f 698/631/486 699/632/459 636/575/432
f 698/631/486 700/633/459 699/632/459
f 698/631/486 635/574/431 701/634/487
f 636/575/432 699/632/459 702/635/459
f 702/635/459 637/576/433 636/575/432
f 637/576/433 634/573/430 633/572/429
f 637/576/433 702/635/459 703/636/459
f 637/576/433 703/636/459 638/577/434
f 635/574/431 698/631/486 636/575/432
f 635/574/431 632/571/428 704/637/488
f 701/634/487 635/574/431 704/637/488
f 701/634/487 705/638/489 698/631/486
f 706/639/490 707/640/491 708/641/492
f 706/639/490 708/641/492 709/642/493
f 707/640/491 710/643/459 711/644/459
f 707/640/491 712/645/494 708/641/492
f 709/642/493 713/646/495 706/639/490
f 713/646/495 709/642/493 714/647/496
f 713/646/495 715/648/497 716/649/459
f 716/649/459 710/643/459 706/639/490
f 716/649/459 706/639/490 713/646/495
f 710/643/459 707/640/491 706/639/490
f 711/644/459 717/650/498 707/640/491
f 711/644/459 718/651/459 717/650/498
f 719/652/499 720/653/500 721/654/501
f 719/652/499 722/655/502 723/656/503
f 719/652/499 724/657/504 722/655/502
f 722/655/502 725/658/505 726/659/506
f 727/660/507 726/659/506 728/661/508
f 727/660/507 723/656/503 722/655/502
s 0
f 729/662/426 730/663/426 731/664/426
f 729/662/426 732/665/426 733/666/426
f 729/662/426 734/667/426 735/668/426
f 734/667/426 736/669/426 735/668/426
s 1
f 734/667/426 729/662/426 733/666/426
s 0
f 735/668/426 737/670/426 730/663/426
f 735/668/426 736/669/426 738/671/426
s 1
f 732/665/426 729/662/426 739/672/426
s 0
f 739/672/509 731/664/509 740/673/509
f 739/672/426 741/674/426 742/675/426
f 739/672/426 742/675/426 732/665/426
s 1
f 720/653/500 719/652/499 723/656/503
f 720/653/500 743/676/510 721/654/501
f 721/654/501 744/677/511 745/678/512
f 721/654/501 745/678/512 719/652/499
f 694/628/482 690/624/478 746/623/482
f 613/555/414 612/554/418 615/557/420
f 614/556/419 612/554/418 611/553/417
f 693/627/481 690/624/478 695/629/483
f 693/627/481 696/630/484 691/625/479
f 606/548/413 747/679/513 748/680/514
f 606/548/413 602/544/411 596/538/406
f 606/548/413 596/538/406 749/681/515
f 595/537/405 591/533/401 594/536/404
f 595/537/405 749/681/515 596/538/406
s 0
f 628/567/426 625/564/426 623/562/426
s 1
f 645/566/441 644/581/440 750/682/516
f 747/679/513 751/683/517 748/680/514
f 747/679/513 606/548/413 749/681/515
f 748/680/514 751/683/517 752/684/518
f 697/626/485 753/685/519 754/621/520
f 753/685/519 697/626/485 696/630/484
f 754/621/520 755/686/521 756/619/522
f 647/583/443 646/582/442 653/589/449
f 757/687/451 653/589/449 650/586/446
f 688/622/408 758/688/523 759/689/408
f 758/688/523 688/622/408 686/620/475
f 758/688/523 760/690/524 761/691/525
f 758/688/523 686/620/475 762/692/526
f 759/689/408 761/691/525 763/693/408
f 686/620/475 683/617/408 682/616/472
f 685/619/474 762/692/526 686/620/475
f 685/619/474 682/616/472 687/621/476
f 724/657/504 719/652/499 745/678/512
f 724/657/504 764/694/408 725/658/505
f 745/678/512 765/695/408 766/696/408
f 744/677/511 767/697/527 768/698/408
f 744/677/511 769/699/528 767/697/527
f 744/677/511 765/695/408 745/678/512
f 765/695/408 744/677/511 768/698/408
f 766/696/408 724/657/504 745/678/512
f 756/619/522 770/700/529 771/692/530
f 770/700/529 756/619/522 755/686/521
f 771/692/530 772/701/531 773/690/532
f 755/686/521 754/621/520 753/685/519
f 654/590/446 774/702/445 775/703/533
s 0
f 654/590/451 775/703/451 655/591/451
f 655/591/451 757/687/451 650/586/451
s 1
f 775/703/533 776/704/445 777/705/452
s 0
f 778/706/451 655/591/451 775/703/450
f 778/706/451 777/705/450 779/707/451
s 1
f 638/577/434 780/708/534 639/578/435
f 638/577/434 703/636/459 781/709/497
f 781/709/497 780/708/534 638/577/434
f 780/708/534 781/709/497 782/710/535
f 783/711/536 784/712/537 785/713/538
f 783/711/536 786/714/539 787/715/540
f 783/711/536 785/713/538 788/716/541
f 784/712/537 783/711/536 789/717/542
f 784/712/537 790/718/459 785/713/538
f 784/712/537 791/719/459 790/718/459
f 785/713/538 790/718/459 792/720/459
f 789/717/542 793/721/543 784/712/537
f 789/717/542 794/722/544 793/721/543
f 792/720/459 795/723/545 785/713/538
f 795/723/545 792/720/459 796/724/459
f 795/723/545 797/725/546 788/716/541
f 795/723/545 796/724/459 798/726/547
f 788/716/541 785/713/538 795/723/545
s 0
f 626/565/426 799/727/426 800/728/426
f 626/565/426 800/728/426 630/569/426
f 626/565/426 629/568/426 623/562/426
f 800/728/426 801/729/426 802/730/426
f 802/730/426 630/569/426 800/728/426
s 1
f 704/637/488 803/731/548 701/634/487
f 803/731/548 804/732/549 701/634/487
f 805/733/408 806/734/550 807/735/408
f 806/734/550 808/736/551 809/737/552
f 806/734/550 810/738/553 811/739/554
f 806/734/550 805/733/408 808/736/551
f 807/735/408 811/739/554 812/740/408
f 808/736/551 813/741/555 809/737/552
f 814/742/408 808/736/551 805/733/408
f 814/742/408 815/743/556 808/736/551
f 815/743/556 816/744/557 817/745/558
f 815/743/556 818/746/408 816/744/557
f 815/743/556 813/741/555 808/736/551
f 813/741/555 819/747/559 809/737/552
f 813/741/555 815/743/556 817/745/558
f 817/745/558 820/748/560 813/741/555
f 809/737/552 821/749/561 810/738/553
f 822/750/562 769/699/528 743/676/510
f 822/750/562 823/751/563 824/752/564
f 823/751/563 601/543/410 824/752/564
f 824/752/564 825/753/565 767/697/527
f 824/752/564 767/697/527 769/699/528
f 601/543/410 826/754/566 593/535/403
f 601/543/410 825/753/565 824/752/564
s 0
f 827/755/426 828/756/426 801/729/426
f 827/755/426 799/727/426 829/757/426
s 1
f 827/755/426 830/758/426 831/759/426
s 0
f 830/758/426 827/755/426 829/757/426
s 1
f 831/759/426 742/675/426 741/674/426
s 0
f 799/727/426 626/565/426 625/564/426
f 799/727/426 827/755/426 800/728/426
s 1
f 826/754/566 601/543/410 823/751/563
f 826/754/566 594/536/404 593/535/403
f 832/760/446 833/761/445 834/762/446
s 0
f 832/760/450 835/763/451 836/764/451
s 1
f 833/761/445 832/760/446 837/765/445
f 834/762/446 838/766/446 839/767/451
f 834/762/446 840/768/445 838/766/446
s 0
f 837/765/445 841/769/452 842/770/445
s 1
f 841/769/567 843/771/446 844/772/445
f 841/769/567 844/772/445 842/770/445
s 0
f 841/769/452 837/765/445 832/760/452
s 1
f 675/609/466 669/603/462 845/773/568
f 680/614/470 846/774/569 677/611/468
f 845/773/568 670/604/463 847/775/570
s 0
f 730/663/426 729/662/426 735/668/426
s 1
f 731/664/426 739/672/426 729/662/426
f 787/715/540 848/776/571 789/717/542
f 787/715/540 789/717/542 783/711/536
f 848/776/571 794/722/544 789/717/542
f 786/714/539 783/711/536 788/716/541
s 0
f 740/673/426 849/777/426 739/672/426
s 1
f 850/778/572 713/646/495 714/647/496
f 850/778/572 851/596/573 852/595/574
f 850/778/572 714/647/496 851/596/573
f 853/779/575 850/778/572 852/595/574
f 854/780/535 850/778/572 853/779/575
f 854/780/535 715/648/497 850/778/572
f 715/648/497 713/646/495 850/778/572
f 774/702/445 654/590/446 656/592/445
s 0
f 656/592/445 650/586/445 649/585/445
s 1
f 855/647/458 856/642/576 857/781/577
f 856/642/576 858/641/578 857/781/577
f 857/781/577 859/782/456 855/647/458
f 860/783/579 861/645/580 862/784/581
f 860/783/579 857/781/577 858/641/578
f 751/683/517 863/785/482 864/786/482
f 752/684/518 865/787/582 604/546/412
f 866/788/583 867/789/584 868/790/585
f 867/789/584 866/788/583 869/791/586
f 867/789/584 870/792/414 868/790/585
f 867/789/584 871/793/414 870/792/414
f 868/790/585 870/792/414 872/794/414
f 869/791/586 873/795/587 867/789/584
f 864/786/482 752/684/518 751/683/517
f 604/546/412 865/787/582 605/547/408
f 604/546/412 748/680/514 752/684/518
f 604/546/412 606/548/413 748/680/514
f 865/787/582 752/684/518 874/786/477
f 875/796/588 873/795/587 869/791/586
f 876/795/589 877/796/436 878/797/590
f 876/795/589 878/797/590 879/798/591
f 876/795/589 880/799/421 881/793/421
f 879/798/591 880/799/421 876/795/589
f 871/793/414 867/789/584 873/795/587
f 769/699/528 822/750/562 824/752/564
f 769/699/528 721/654/501 743/676/510
f 769/699/528 744/677/511 721/654/501
s 0
f 741/674/426 739/672/426 849/777/426
f 741/674/426 828/756/426 831/759/426
f 742/675/426 831/759/426 830/758/426
s 1
f 846/774/569 882/800/592 883/801/593
f 846/774/569 884/802/594 678/612/469
f 846/774/569 680/614/470 885/803/595
f 882/800/592 846/774/569 885/803/595
f 882/800/592 862/784/581 883/801/593
f 843/771/446 841/769/567 886/804/451
f 843/771/446 887/805/445 844/772/445
s 0
f 843/771/450 888/806/451 889/807/451
s 1
f 887/805/445 843/771/446 889/807/533
f 887/805/445 777/705/452 776/704/445
f 888/806/451 843/771/446 886/804/451
f 888/806/451 779/707/451 889/807/533
s 0
f 890/808/451 886/804/451 841/769/450
s 1
f 891/809/596 892/810/597 893/811/598
f 891/809/596 894/812/599 817/745/558
f 894/812/599 891/809/596 895/813/600
f 895/813/600 893/811/598 896/814/601
f 893/811/598 895/813/600 891/809/596
f 896/814/601 773/690/532 772/701/531
s 0
f 828/756/426 827/755/426 831/759/426
f 828/756/426 741/674/426 849/777/426
s 1
f 897/815/602 786/714/539 788/716/541
f 897/815/602 788/716/541 797/725/546
f 797/725/546 795/723/545 798/726/547
f 797/725/546 898/816/603 897/815/602
f 898/816/603 899/817/604 900/818/605
f 898/816/603 797/725/546 899/817/604
f 899/817/604 798/726/547 901/819/606
f 899/817/604 797/725/546 798/726/547
f 902/820/459 679/613/459 678/612/469
f 902/820/459 678/612/469 884/802/594
f 678/612/469 677/611/468 846/774/569
f 884/802/594 718/651/459 902/820/459
f 884/802/594 846/774/569 903/801/607
f 884/802/594 903/801/607 717/650/498
f 679/613/459 676/610/467 678/612/469
f 825/753/565 904/821/408 767/697/527
f 825/753/565 601/543/410 600/542/409
f 904/821/408 825/753/565 905/822/408
f 767/697/527 904/821/408 768/698/408
f 905/822/408 825/753/565 600/542/409
f 901/819/606 906/823/459 907/824/459
f 901/819/606 907/824/459 705/638/489
f 901/819/606 804/732/549 899/817/604
f 906/823/459 798/726/547 796/724/459
f 906/823/459 901/819/606 798/726/547
f 892/810/597 763/693/408 761/691/525
f 892/810/597 891/809/596 816/744/557
f 892/810/597 761/691/525 893/811/598
f 816/744/557 891/809/596 817/745/558
f 816/744/557 818/746/408 908/825/408
f 818/746/408 815/743/556 814/742/408
f 908/825/408 892/810/597 816/744/557
f 819/747/559 813/741/555 820/748/560
f 820/748/560 817/745/558 894/812/599
f 836/764/451 890/808/451 841/769/450
f 836/764/451 841/769/450 832/760/452
f 835/763/451 832/760/446 834/762/446
f 777/705/452 778/706/451 775/703/533
f 777/705/452 887/805/445 889/807/533
f 776/704/445 775/703/533 774/702/445
f 861/645/580 860/783/579 858/641/578
f 862/784/581 861/645/580 883/801/593
s 0
f 801/729/426 800/728/426 827/755/426
s 1
f 900/818/605 899/817/604 804/732/549
f 804/732/549 803/731/548 900/818/605
f 804/732/549 705/638/489 701/634/487
f 804/732/549 901/819/606 705/638/489
f 773/690/532 896/814/601 893/811/598
f 772/701/531 771/692/530 770/700/529
f 779/707/451 777/705/452 889/807/533
f 763/693/408 892/810/597 908/825/408
f 761/691/525 760/690/524 893/811/598
f 761/691/525 759/689/408 758/688/523
f 760/690/524 758/688/523 762/692/526
f 717/650/498 903/801/607 712/645/494
f 712/645/494 707/640/491 717/650/498
f 718/651/459 884/802/594 717/650/498
f 700/633/459 698/631/486 705/638/489
f 700/633/459 705/638/489 907/824/459
f 600/542/409 593/535/403 592/534/402
f 600/542/409 599/541/408 905/822/408
f 599/541/408 592/534/402 598/540/408
f 810/738/553 909/826/608 910/827/609
f 810/738/553 806/734/550 809/737/552
f 810/738/553 910/827/609 811/739/554
f 909/826/608 810/738/553 821/749/561
f 821/749/561 809/737/552 819/747/559
f 838/766/452 911/828/445 912/829/446
s 0
f 838/766/451 912/829/450 839/767/451
s 1
f 839/767/451 835/763/451 834/762/446
s 0
f 913/830/451 839/767/451 912/829/451
f 738/671/426 914/831/426 737/670/426
f 914/831/426 736/669/426 915/832/426
f 914/831/426 738/671/426 736/669/426
f 737/670/426 735/668/426 738/671/426
f 916/833/426 737/670/426 914/831/426
s 1
f 917/834/610 794/722/544 918/835/611
f 794/722/544 848/776/571 918/835/611
f 794/722/544 919/836/612 793/721/543
f 918/835/611 920/837/613 917/834/610
s 0
f 911/828/445 838/766/452 840/768/445
s 1
f 840/768/445 834/762/446 833/761/445
f 670/604/463 666/600/460 673/607/465
f 670/604/463 845/773/568 669/603/462
f 847/775/570 921/838/614 922/839/615
f 921/838/614 847/775/570 670/604/463
f 812/740/408 923/840/616 924/841/408
f 923/840/616 811/739/554 910/827/609
f 923/840/616 812/740/408 811/739/554
f 811/739/554 807/735/408 806/734/550
f 919/836/612 794/722/544 917/834/610
f 793/721/543 925/842/459 791/719/459
f 793/721/543 919/836/612 925/842/459
f 791/719/459 784/712/537 793/721/543
f 726/659/506 727/660/507 722/655/502
f 726/659/506 926/843/617 927/844/618
f 726/659/506 927/844/618 728/661/508
f 926/843/617 725/658/505 928/845/408
f 926/843/617 726/659/506 725/658/505
f 725/658/505 722/655/502 724/657/504
f 764/694/408 928/845/408 725/658/505
f 764/694/408 724/657/504 766/696/408
f 929/846/619 728/661/508 927/844/618
f 674/608/459 930/847/620 673/607/465
f 930/847/620 674/608/459 931/848/459
f 673/607/465 930/847/620 921/838/614
f 673/607/465 921/838/614 670/604/463
f 932/94/621 933/849/30 934/99/622
f 933/849/30 932/94/621 935/93/623
f 936/850/624 937/851/625 938/852/626
f 937/851/625 939/853/627 940/854/627
f 937/851/625 936/850/624 941/855/628
f 941/855/628 942/856/629 943/857/630
f 944/858/631 945/859/632 946/860/633
f 945/859/632 947/861/634 946/860/633
f 948/862/635 945/859/632 944/858/631
f 949/863/636 950/864/637 951/865/638
f 950/864/637 949/863/636 952/866/639
f 952/866/639 953/867/640 954/868/641
f 947/861/634 945/859/632 955/869/642
f 955/869/642 956/870/643 947/861/634
f 957/871/644 958/872/645 959/873/646
f 958/872/645 957/871/644 960/874/647
f 960/874/647 961/875/648 962/876/649
f 963/877/650 964/878/651 965/879/651
f 965/879/651 966/880/652 963/877/650
f 966/880/652 967/881/653 968/882/654
f 942/856/629 969/883/655 943/857/630
f 942/856/629 970/884/656 969/883/655
f 942/856/629 941/855/628 936/850/624
f 956/870/643 971/885/657 972/886/658
f 956/870/643 955/869/642 973/887/659
f 940/854/627 938/852/626 937/851/625
f 961/875/648 974/888/660 962/876/649
f 961/875/648 975/889/661 974/888/660
f 974/888/660 976/890/662 977/891/663
f 962/876/649 958/872/645 960/874/647
f 954/868/641 968/882/654 967/881/653
f 968/882/654 963/877/650 966/880/652
f 968/882/654 954/868/641 953/867/640
f 953/867/640 952/866/639 949/863/636
f 976/890/662 974/888/660 975/889/661
f 977/891/663 978/892/664 979/893/664
s 0
f 980/894/665 981/895/665 982/896/665
f 981/895/666 980/894/666 983/897/666
s 1
f 971/885/657 956/870/643 973/887/659
f 972/886/658 984/898/667 985/899/668
s 0
f 986/900/669 987/901/669 988/902/670
f 989/903/671 990/904/672 988/902/671
f 989/903/670 988/902/670 987/901/669
s 1
f 970/884/656 991/905/673 969/883/655
f 992/906/674 993/907/674 994/908/675
f 994/908/675 995/909/675 996/910/676
f 995/909/675 994/908/675 993/907/674
f 997/911/677 998/912/677 999/913/678
f 997/911/677 1000/914/679 1001/915/679
f 998/912/677 997/911/677 1001/915/679
f 999/913/678 1002/916/678 1003/917/680
f 1002/916/678 999/913/678 998/912/677
f 1004/918/681 1005/919/682 1006/920/681
f 1005/919/682 1007/921/682 1008/922/683
f 1005/919/682 1004/918/681 1007/921/682
f 1009/923/684 1010/924/684 1011/925/685
f 1010/924/684 1009/923/684 1012/926/686
f 1013/927/687 1011/925/685 1010/924/684
f 1014/928/683 1008/922/683 1007/921/682
f 1015/906/688 1016/929/689 1017/907/688
f 1016/929/689 1015/906/688 1018/930/689
f 1019/931/680 1003/917/680 1002/916/678
f 1020/932/690 1021/933/691 1022/934/692
f 1021/933/691 1020/932/690 1023/935/690
f 1021/933/691 1024/936/693 1022/934/692
f 1022/934/692 1024/936/693 1025/937/694
f 1026/938/695 1027/939/696 1028/940/695
f 1028/940/695 1027/939/696 1029/941/697
f 1029/941/697 1030/942/698 1031/943/698
f 1029/941/697 1027/939/696 1030/942/698
f 1032/944/699 1033/945/700 1034/946/701
f 1034/946/701 1035/947/702 1032/944/699
f 1035/947/702 1036/948/703 1032/944/699
f 1037/949/704 1038/950/686 1039/951/704
f 1038/950/686 1037/949/704 1040/952/705
f 1038/950/686 1040/952/705 1041/953/706
f 1039/951/704 1042/954/687 1037/949/704
f 1043/955/707 1044/956/708 1045/957/709
f 1043/955/707 1046/958/710 1044/956/708
f 1046/958/710 1047/959/711 1044/956/708
f 1046/958/710 1048/960/707 1049/961/712
f 1044/956/708 1050/962/713 1051/963/714
f 1044/956/708 1047/959/711 1050/962/713
f 1045/957/709 1051/963/714 1052/964/715
f 1045/957/709 1044/956/708 1051/963/714
f 1053/965/716 1054/938/717 1055/966/718
f 1053/965/716 1056/967/719 1057/968/719
f 1053/965/716 1057/968/719 1058/969/720
f 1054/938/717 1053/965/716 1059/939/721
f 1055/966/718 1060/970/722 1056/967/719
f 1055/966/718 1056/967/719 1053/965/716
f 1055/966/718 1054/938/717 1061/971/723
f 1059/939/721 1058/969/720 1062/942/724
f 1061/971/723 1063/972/725 1055/966/718
f 1063/972/725 1064/973/726 1060/970/722
f 1060/970/722 1055/966/718 1063/972/725
f 1065/974/727 1034/946/701 1066/975/727
f 1066/975/727 1034/946/701 1033/945/700
f 1024/936/693 1067/976/728 1025/937/694
f 1067/976/728 1024/936/693 1068/977/728
f 1069/978/729 1070/979/730 1071/980/731
f 1069/978/729 1072/981/732 1073/982/733
f 1074/983/734 1073/982/733 1072/981/732
f 1074/983/734 1075/984/735 1073/982/733
f 1075/984/735 1076/985/719 1077/986/719
f 1075/984/735 1074/983/734 1078/987/736
f 1075/984/735 1077/986/719 1073/982/733
f 1078/987/736 1079/988/737 1075/984/735
f 1070/979/730 1073/982/733 1077/986/719
f 1070/979/730 1069/978/729 1073/982/733
f 1080/987/738 1081/989/739 1082/990/740
f 1081/989/739 1080/987/738 1083/983/741
f 1082/990/740 1084/991/742 1080/987/738
f 1036/948/703 1035/947/702 1085/992/743
f 1058/969/720 1086/993/719 1087/994/744
f 1058/969/720 1057/968/719 1086/993/719
f 1058/969/720 1059/939/721 1053/965/716
s 0
f 1088/995/745 1089/996/745 1090/997/676
s 1
f 1089/996/676 1088/995/676 1041/953/706
s 0
f 1089/996/746 1091/998/747 1090/997/746
s 1
f 1041/953/706 1088/995/676 1038/950/686
f 1092/999/748 1093/947/683 1094/946/748
f 1093/947/683 1092/999/748 1095/1000/683
f 1094/946/748 1096/1001/749 1092/999/748
f 1097/1002/687 1098/1003/704 1099/1004/687
f 1098/1003/704 1097/1002/687 1100/1005/704
f 1098/1003/704 1101/1006/686 1102/1007/705
f 1100/1005/704 1101/1006/686 1098/1003/704
f 1103/1008/750 1104/1009/751 1105/1010/751
f 1105/1010/751 1106/1011/752 1103/1008/750
f 1106/1011/752 1107/1012/753 1103/1008/750
f 1108/1013/754 1109/1014/755 1110/1015/756
f 1109/1014/755 1108/1013/754 1111/1016/755
f 1110/1015/756 1112/1017/757 1108/1013/754
f 1113/1018/758 1114/1019/759 1115/1020/760
f 1114/1019/759 1113/1018/758 1116/1021/761
f 1116/1021/761 1117/1022/762 1114/1019/759
f 1118/1023/749 1119/1024/748 1120/1025/748
f 1119/1024/748 1121/1026/683 1120/1025/748
f 1119/1024/748 1118/1023/749 1122/1027/749
f 1048/960/707 1046/958/710 1043/955/707
f 1049/961/712 1123/1028/763 1124/1029/764
f 1049/961/712 1124/1029/764 1046/958/710
f 1125/962/765 1126/1030/766 1127/963/767
f 1126/1030/766 1128/1031/768 1129/964/768
f 1130/1032/769 1131/959/770 1132/1033/771
f 1130/1032/769 1126/1030/766 1125/962/765
f 1133/1016/772 1134/1034/678 1135/1035/680
f 1134/1034/678 1136/1017/773 1137/1036/773
f 1134/1034/678 1133/1016/772 1138/1013/678
f 1138/1013/678 1136/1017/773 1134/1034/678
f 1139/1037/774 1140/1038/707 1141/1039/775
f 1139/1037/774 1141/1039/775 1142/1040/776
f 1140/1038/707 1139/1037/774 1143/1041/777
f 1143/1041/777 1144/1042/707 1140/1038/707
f 1143/1041/777 1145/1009/778 1146/1008/779
f 1147/1043/780 1139/1037/774 1142/1040/776
f 1145/1009/778 1139/1037/774 1147/1043/780
f 1145/1009/778 1143/1041/777 1139/1037/774
f 1146/1008/779 1148/1044/781 1143/1041/777
f 1096/1001/749 1094/946/748 1149/974/749
f 1136/1017/773 1150/1045/782 1137/1036/773
f 1150/1045/782 1136/1017/773 1151/1046/783
f 1129/964/768 1127/963/767 1126/1030/766
f 1121/1026/683 1119/1024/748 1152/1047/683
f 1112/1017/757 1153/1048/784 1154/1046/784
f 1112/1017/757 1110/1015/756 1155/1049/785
f 1153/1048/784 1112/1017/757 1155/1049/785
f 1047/959/711 1046/958/710 1124/1029/764
f 1156/1050/688 1157/1051/688 1158/1052/689
f 1156/1050/688 1158/1052/689 1159/1053/689
f 1131/959/770 1130/1032/769 1125/962/765
f 1132/1033/771 1131/959/770 1160/1029/786
f 1161/1054/787 1132/1033/771 1160/1029/786
f 1161/1054/787 1162/1028/788 1163/1055/789
f 1164/1056/790 1142/1040/776 1141/1039/775
f 1165/1057/707 1148/1044/781 1166/1058/791
f 1165/1057/707 1167/1059/792 1168/1060/707
f 1167/1059/792 1123/1028/763 1049/961/712
f 1167/1059/792 1169/1061/793 1123/1028/763
f 1167/1059/792 1165/1057/707 1166/1058/791
f 1168/1060/707 1049/961/712 1048/960/707
f 1168/1060/707 1167/1059/792 1049/961/712
f 1166/1058/791 1169/1061/793 1167/1059/792
f 1166/1058/791 1170/1062/794 1169/1061/793
f 1166/1058/791 1171/1012/795 1170/1062/794
f 1172/936/773 1173/1063/782 1174/977/782
f 1173/1063/782 1172/936/773 1175/1064/773
f 1175/1064/773 1176/933/678 1177/1065/678
f 1178/1066/688 1179/1067/688 1180/1068/689
f 1178/1066/688 1180/1068/689 1181/1069/689
f 1182/1070/680 1176/933/678 1183/935/680
f 1176/933/678 1182/1070/680 1177/1065/678
f 1176/933/678 1175/1064/773 1172/936/773
f 1184/1071/796 1185/1051/674 1186/1072/796
f 1186/1072/796 1185/1051/674 1187/1050/674
f 1188/1062/797 1189/1073/798 1190/1074/799
f 1188/1062/797 1191/1075/800 1192/1061/801
f 1191/1075/800 1188/1062/797 1190/1074/799
f 1192/1061/801 1191/1075/800 1163/1055/789
f 1192/1061/801 1163/1055/789 1162/1028/788
f 1193/1076/796 1194/1067/674 1195/1077/796
f 1195/1077/796 1196/1078/745 1193/1076/796
f 1195/1077/796 1194/1067/674 1197/1066/674
f 1042/954/687 1039/951/704 1198/1079/687
f 1107/1012/753 1106/1011/752 1189/1073/798
f 1189/1073/798 1188/1062/797 1107/1012/753
f 1199/1080/802 1184/1071/796 1200/1081/802
f 1200/1081/802 1184/1071/796 1186/1072/796
f 1201/1082/676 1202/1083/745 1203/1084/706
s 0
f 1202/1083/676 1201/1082/676 1204/1085/676
f 1202/1083/747 1199/1080/747 1200/1081/747
f 1202/1083/747 1204/1085/747 1199/1080/747
s 1
f 1203/1084/706 1101/1006/686 1201/1082/676
f 1101/1006/686 1203/1084/706 1102/1007/705
f 1162/1028/788 1161/1054/787 1160/1029/786
f 1144/1042/707 1143/1041/777 1148/1044/781
f 1148/1044/781 1146/1008/779 1171/1012/795
f 1148/1044/781 1165/1057/707 1144/1042/707
f 1171/1012/795 1166/1058/791 1148/1044/781
f 1084/991/742 1082/990/740 1117/1022/762
f 1117/1022/762 1116/1021/761 1084/991/742
f 1196/1078/745 1195/1077/796 1091/998/803
f 1091/998/803 1089/996/804 1196/1078/745
f 1031/943/698 1030/942/698 1113/1018/758
f 1031/943/698 1113/1018/758 1115/1020/760
f 1086/993/719 1205/1086/805 1087/994/744
f 1205/1086/805 1206/991/806 1207/1021/807
f 1205/1086/805 1086/993/719 1208/1087/719
f 1087/994/744 1207/1021/807 1209/1018/808
f 1208/1087/719 1079/988/737 1205/1086/805
f 1062/942/724 1058/969/720 1087/994/744
f 1062/942/724 1087/994/744 1209/1018/808
f 1079/988/737 1078/987/736 1206/991/806
f 1079/988/737 1208/1087/719 1076/985/719
f 1206/991/806 1205/1086/805 1079/988/737
f 1207/1021/807 1087/994/744 1205/1086/805
s 0
f 996/910/747 1210/1088/747 987/901/747
f 996/910/747 987/901/747 986/900/747
s 1
f 1210/1088/676 996/910/676 995/909/675
f 978/892/664 977/891/663 976/890/662
f 1076/985/719 1075/984/735 1079/988/737
f 984/898/667 972/886/658 971/885/657
f 991/905/673 970/884/656 1211/1089/809
s 0
f 1212/1090/810 1213/895/810 1214/1091/810
f 1213/895/810 1212/1090/810 1215/1092/810
s 1
f 1216/1093/811 1217/1094/812 1218/1095/811
f 1217/1094/812 1216/1093/811 1219/1096/812
f 1220/1097/813 1221/1098/813 1222/1099/814
f 1221/1098/813 1220/1097/813 1223/1100/813
f 1224/1101/815 1225/1102/816 1226/1103/815
f 1225/1102/816 1224/1101/815 1227/1104/816
f 1228/1105/817 1229/1106/817 1230/1107/817
f 1229/1106/817 1231/1108/818 1230/1107/817
f 990/904/705 1012/926/686 1009/923/684
f 990/904/705 989/903/670 1012/926/686
s 0
f 1232/1109/819 1233/1110/819 1234/1111/819
f 1232/1109/819 1234/1111/819 1235/1112/819
s 1
f 1233/1110/819 1236/1113/819 1237/1114/819
s 0
f 1233/1110/819 1237/1114/819 1238/1115/819
f 1233/1110/819 1239/1116/819 1234/1111/819
s 1
f 1234/1111/819 1240/1117/819 1241/1118/819
f 1235/1112/819 1241/1118/819 1242/1119/819
f 1243/1120/820 1244/1121/820 1245/1122/821
f 1243/1120/820 1245/1122/821 1246/1123/821
f 1243/1120/820 1247/1124/821 1248/1125/820
f 1243/1120/820 1249/1126/822 1244/1121/820
s 0
f 1250/1127/707 1251/1128/707 1252/1129/707
f 1251/1128/707 1253/1130/707 1252/1129/707
f 1251/1128/707 1254/1131/707 1255/1132/707
f 1251/1128/707 1256/1133/707 1253/1130/707
f 1252/1129/707 1257/1134/707 1258/1135/707
f 1252/1129/707 1259/1136/707 1250/1127/707
f 1256/1133/707 1260/1137/707 1253/1130/707
f 1261/1138/823 1262/1139/823 1263/1140/823
f 1261/1138/823 1263/1140/823 1264/1141/823
f 1261/1138/823 1264/1141/823 1265/1142/823
f 1261/1138/823 1266/1143/823 1267/1144/823
f 1261/1138/823 1268/1145/823 1262/1139/823
f 1265/1142/823 1264/1141/823 1269/1146/823
f 1265/1142/823 1270/1147/823 1271/1148/823
f 1265/1142/823 1272/1149/823 1266/1143/823
f 1269/1146/823 1273/1150/823 1274/1151/823
f 1269/1146/823 1274/1151/823 1275/1152/823
f 1269/1146/823 1270/1147/823 1265/1142/823
s 1
f 1276/1153/824 1277/1154/825 1278/1155/824
f 1276/1153/824 1279/1156/824 1280/1157/825
f 1276/1153/824 1280/1157/825 1281/1158/825
f 1277/1154/825 1276/1153/824 1281/1158/825
f 1278/1155/824 1277/1154/825 1282/1159/824
f 1283/1160/826 1284/1161/826 1285/1162/827
f 1283/1160/826 1285/1162/827 1286/1163/827
f 1283/1160/826 1287/1164/827 1288/1165/826
f 1287/1164/827 1286/1163/827 1289/1166/828
f 1287/1164/827 1289/1166/828 1290/1167/828
f 1287/1164/827 1283/1160/826 1286/1163/827
f 1286/1163/827 1285/1162/827 1289/1166/828
f 1291/1168/829 1292/1169/830 1293/1170/829
f 1292/1169/830 1294/1171/831 1295/1172/832
f 1293/1170/829 1292/1169/830 1295/1172/832
f 1295/1172/832 1296/1173/829 1293/1170/829
f 1295/1172/832 1294/1171/831 1297/1174/831
f 1298/1175/833 1299/1159/834 1300/1176/833
f 1298/1175/833 1301/1153/834 1302/1155/834
f 1298/1175/833 1303/1177/833 1301/1153/834
f 1303/1177/833 1304/1178/833 1301/1153/834
f 1305/1179/831 1306/1180/835 1307/1181/831
f 1306/1180/835 1308/1182/836 1309/1183/835
f 1307/1181/831 1306/1180/835 1310/1184/835
f 1307/1181/831 1311/1185/835 1312/1186/831
f 1312/1186/831 1313/1187/835 1314/1188/837
f 1313/1187/835 1312/1186/831 1311/1185/835
f 1311/1185/835 1307/1181/831 1310/1184/835
s 0
f 1241/1118/819 1235/1112/819 1234/1111/819
f 1266/1143/823 1261/1138/823 1265/1142/823
s 1
f 1249/1126/822 1243/1120/820 1315/1189/822
f 1282/1159/824 1277/1154/825 1316/1190/825
f 1282/1159/824 1316/1190/825 1317/1191/824
f 1318/1192/838 1319/1193/839 1320/1194/840
f 1320/1194/840 1321/1195/841 1318/1192/838
f 1320/1194/840 1322/1196/842 1321/1195/841
s 0
f 1323/1197/719 1324/1198/719 1325/1199/719
f 1323/1197/719 1326/1200/719 1327/1201/719
f 1326/1200/719 1323/1197/719 1325/1199/719
s 1
f 1328/1202/843 1329/1203/844 1330/1204/842
f 1328/1202/843 1331/1205/845 1329/1203/844
f 1331/1205/845 1332/1206/846 1333/1207/847
f 1331/1205/845 1328/1202/843 1334/1208/848
f 1329/1203/844 1335/1209/849 1336/1210/850
f 1337/1211/851 1338/1212/852 1339/1213/851
f 1337/1211/851 1340/1214/852 1338/1212/852
f 1337/1211/851 1341/1215/851 1340/1214/852
f 1339/1213/851 1338/1212/852 1342/1216/852
s 0
f 1236/1113/819 1343/1217/819 1344/1218/819
f 1236/1113/819 1344/1218/819 1237/1114/819
f 1236/1113/819 1233/1110/819 1345/1219/819
f 1345/1219/819 1233/1110/819 1232/1109/819
f 1346/1220/823 1347/1221/823 1348/1222/823
f 1347/1221/823 1349/1223/823 1348/1222/823
f 1347/1221/823 1346/1220/823 1350/1224/823
s 1
f 1351/1225/833 1352/1226/834 1353/1227/833
f 1352/1226/834 1351/1225/833 1354/1191/834
f 1354/1191/834 1300/1176/833 1299/1159/834
s 0
f 1355/1228/823 1268/1145/823 1356/1229/823
f 1355/1228/823 1262/1139/823 1268/1145/823
f 1355/1228/823 1357/1230/823 1266/1143/823
f 1357/1230/823 1355/1228/823 1356/1229/823
s 1
f 1358/1231/853 1359/1232/854 1360/1233/719
f 1358/1231/853 1361/1234/719 1362/1235/855
f 1358/1231/853 1363/1236/856 1359/1232/854
s 0
f 1361/1234/719 1360/1233/719 1364/1237/719
s 1
f 1361/1234/719 1358/1231/853 1360/1233/719
f 1362/1235/855 1365/1238/857 1358/1231/853
s 0
f 1360/1233/719 1366/1239/719 1364/1237/719
s 1
f 1360/1233/719 1359/1232/854 1367/1240/719
f 1368/1241/858 1369/1242/859 1370/1243/860
f 1368/1241/858 1371/1244/861 1372/1245/862
f 1369/1242/859 1373/1246/863 1370/1243/860
f 1369/1242/859 1374/1247/864 1373/1246/863
f 1369/1242/859 1372/1245/862 1375/1248/865
f 1373/1246/863 1376/1249/866 1377/1250/867
f 1373/1246/863 1378/1251/868 1370/1243/860
f 1379/1252/823 1380/1253/869 1381/1254/823
f 1379/1252/823 1382/1255/870 1383/1256/871
f 1380/1253/869 1379/1252/823 1384/1257/872
f 1384/1257/872 1385/1258/869 1380/1253/869
f 1386/1259/873 1387/1260/874 1388/1261/875
f 1387/1260/874 1389/1262/874 1388/1261/875
f 1387/1260/874 1386/1259/873 1390/1263/874
f 1388/1261/875 1391/1264/876 1386/1259/873
f 1388/1261/875 1389/1262/874 1392/1265/877
s 0
f 1393/1266/878 1394/1267/878 1395/1268/878
f 1393/1266/878 1396/1269/878 1397/1270/878
f 1394/1267/878 1393/1266/878 1397/1270/878
f 1398/1271/719 1399/1272/719 1400/1273/719
f 1399/1272/719 1398/1271/719 1401/1274/719
f 1399/1272/719 1364/1237/719 1366/1239/719
f 1401/1274/719 1402/1275/719 1399/1272/719
s 1
f 1403/1276/825 1404/1277/824 1405/1265/824
f 1403/1276/825 1405/1265/824 1406/1262/824
f 1404/1277/824 1403/1276/825 1407/1278/879
s 0
f 1408/1279/819 1409/1280/819 1343/1217/819
s 1
f 1343/1217/819 1409/1280/819 1410/1281/819
s 0
f 1410/1281/819 1411/1282/819 1412/1283/819
f 1410/1281/819 1413/1284/819 1411/1282/819
f 1410/1281/819 1409/1280/819 1413/1284/819
s 1
f 1410/1281/819 1344/1218/819 1343/1217/819
s 0
f 1414/1285/819 1412/1283/819 1411/1282/819
s 1
f 1412/1283/819 1415/1286/819 1410/1281/819
s 0
f 1411/1282/819 1416/1287/819 1414/1285/819
f 1416/1287/819 1411/1282/819 1413/1284/819
f 1416/1287/819 1241/1118/819 1240/1117/819
f 1416/1287/819 1240/1117/819 1414/1285/819
s 1
f 1417/1288/851 1418/1208/852 1419/1202/852
f 1417/1288/851 1420/1289/851 1418/1208/852
f 1417/1288/851 1419/1202/852 1341/1215/851
f 1341/1215/851 1419/1202/852 1340/1214/852
f 1421/1290/880 1322/1196/842 1422/1291/844
f 1421/1290/880 1321/1195/841 1322/1196/842
f 1422/1291/844 1423/1292/881 1421/1290/880
f 1317/1191/824 1424/1293/825 1425/1226/824
f 1317/1191/824 1316/1190/825 1424/1293/825
f 1425/1226/824 1424/1293/825 1426/1294/825
f 1427/1295/831 1428/1296/830 1429/1297/832
f 1428/1296/830 1427/1295/831 1430/1298/783
s 0
f 1431/1299/707 1432/1300/707 1433/1301/707
f 1432/1300/707 1431/1299/707 1434/1302/707
f 1413/1284/819 1435/1303/819 1416/1287/819
f 1436/1304/719 1437/1305/719 1438/1306/719
f 1437/1305/719 1436/1304/719 1439/1307/719
f 1438/1306/719 1440/1308/719 1436/1304/719
f 1439/1307/719 1441/1309/719 1437/1305/719
f 1439/1307/719 1442/1310/719 1443/1311/719
s 1
f 1300/1176/833 1354/1191/834 1351/1225/833
f 1299/1159/834 1298/1175/833 1302/1155/834
s 0
f 1444/1312/823 1445/1313/823 1262/1139/823
f 1262/1139/823 1355/1228/823 1446/1314/823
f 1262/1139/823 1445/1313/823 1263/1140/823
s 1
f 1296/1173/829 1295/1172/832 1429/1297/832
f 1296/1173/829 1429/1297/832 1447/1315/829
f 1447/1315/829 1429/1297/832 1428/1296/830
s 0
f 1268/1145/823 1261/1138/823 1267/1144/823
f 1448/1316/719 1449/1317/719 1450/1318/719
f 1449/1317/719 1451/1319/719 1450/1318/719
f 1449/1317/719 1448/1316/719 1452/1320/719
f 1452/1320/719 1453/1321/719 1454/1322/719
f 1452/1320/719 1448/1316/719 1453/1321/719
f 1446/1314/823 1444/1312/823 1262/1139/823
f 1254/1131/707 1251/1128/707 1250/1127/707
f 1455/1323/882 1456/1324/882 1457/1325/882
f 1457/1325/882 1456/1324/882 1458/1326/882
f 1459/1327/883 1460/1328/883 1461/1329/883
f 1461/1329/883 1460/1328/883 1462/1330/883
f 1463/1331/719 1464/1332/719 1465/1333/719
f 1463/1331/719 1465/1333/719 1466/1334/719
f 1467/1335/884 1468/1336/884 1469/1337/884
f 1469/1337/884 1468/1336/884 1470/1338/884
s 1
f 1420/1289/851 1471/1339/851 1418/1208/852
s 0
f 1259/1136/707 1252/1129/707 1472/1340/707
f 1472/1340/707 1258/1135/707 1473/1341/707
f 1474/1342/885 1475/1343/885 1476/1344/885
f 1474/1342/885 1477/1345/885 1475/1343/885
f 1477/1345/885 1478/1346/885 1475/1343/885
f 1258/1135/707 1472/1340/707 1252/1129/707
s 1
f 1308/1182/836 1306/1180/835 1305/1179/831
f 1308/1182/836 1479/1347/831 1480/1348/835
f 1308/1182/836 1480/1348/835 1309/1183/835
f 1481/1349/886 1482/1350/835 1300/1176/833
f 1481/1349/886 1300/1176/833 1351/1225/833
f 1481/1349/886 1351/1225/833 1483/1351/886
f 1483/1351/886 1351/1225/833 1353/1227/833
f 1484/1352/835 1298/1175/833 1482/1350/835
f 1484/1352/835 1485/1353/835 1303/1177/833
f 1484/1352/835 1303/1177/833 1298/1175/833
f 1482/1350/835 1298/1175/833 1300/1176/833
f 1485/1353/835 1486/1354/835 1303/1177/833
s 0
f 1487/1355/887 1488/1356/887 1489/1357/887
f 1488/1356/887 1487/1355/887 1490/1358/887
f 1488/1356/887 1491/1359/887 1492/1360/887
f 1488/1356/887 1492/1360/887 1493/1361/887
f 1491/1359/887 1488/1356/887 1490/1358/887
f 1494/1362/888 1495/1363/888 1496/1364/888
f 1494/1362/888 1496/1364/888 1497/1365/888
f 1496/1364/888 1498/1366/888 1499/1367/888
s 1
f 1500/1368/823 1501/1369/823 1385/1258/869
f 1500/1368/823 1385/1258/869 1502/1370/889
s 0
f 1501/1369/823 1500/1368/823 1503/1371/823
s 1
f 1385/1258/869 1384/1257/872 1502/1370/889
f 1385/1258/869 1501/1369/823 1504/1372/823
f 1372/1245/862 1369/1242/859 1368/1241/858
f 1372/1245/862 1371/1244/861 1505/1373/890
s 0
f 1366/1239/719 1400/1273/719 1399/1272/719
f 1366/1239/719 1367/1240/719 1506/1374/719
f 1366/1239/719 1506/1374/719 1400/1273/719
f 1367/1240/719 1366/1239/719 1360/1233/719
f 1364/1237/719 1399/1272/719 1402/1275/719
s 1
f 1507/1375/883 1508/1376/883 1509/1377/883
s 0
f 1508/1376/883 1510/1378/883 1509/1377/883
s 1
f 1511/1379/884 1512/1380/884 1513/1381/884
f 1513/1381/884 1512/1380/884 1514/1382/884
s 0
f 1515/1383/882 1516/1384/882 1517/1385/882
f 1516/1384/882 1515/1383/882 1518/1386/882
f 1519/1387/883 1520/1388/883 1521/1389/883
s 1
f 1520/1388/883 1522/1390/883 1521/1389/883
s 0
f 1523/1391/884 1524/1392/884 1525/1393/884
f 1525/1393/884 1524/1392/884 1526/1394/884
f 1527/1395/882 1528/1396/882 1529/1397/882
f 1528/1396/882 1527/1395/882 1530/1398/882
f 1531/1399/883 1532/1400/883 1533/1401/883
f 1532/1400/883 1534/1402/883 1533/1401/883
f 1535/1403/884 1536/1404/884 1537/1405/884
f 1536/1404/884 1535/1403/884 1538/1406/884
f 1539/1407/882 1540/1408/882 1541/1409/882
f 1540/1408/882 1539/1407/882 1542/1410/882
f 1543/1411/883 1544/1412/883 1545/1413/883
f 1544/1412/883 1546/1414/883 1545/1413/883
f 1547/1415/884 1548/1416/884 1549/1417/884
f 1549/1417/884 1548/1416/884 1550/1418/884
f 1551/1419/882 1552/1420/882 1553/1421/882
s 1
f 1552/1420/882 1551/1419/882 1554/1422/882
s 0
f 1555/1423/883 1556/1424/883 1557/1425/883
f 1556/1424/883 1558/1426/883 1557/1425/883
f 1559/1427/884 1560/1428/884 1561/1429/884
f 1561/1429/884 1560/1428/884 1562/1430/884
f 1563/1431/882 1564/1432/882 1565/1433/882
f 1564/1432/882 1563/1431/882 1566/1434/882
f 1567/1435/883 1568/1436/883 1569/1437/883
f 1568/1436/883 1570/1438/883 1569/1437/883
f 1571/1439/884 1572/1440/884 1573/1441/884
f 1573/1441/884 1572/1440/884 1574/1442/884
f 1575/1386/882 1576/1421/882 1577/1420/882
f 1576/1421/882 1575/1386/882 1578/1383/882
s 1
f 1579/1443/891 1580/1444/892 1581/1445/891
f 1579/1443/891 1582/1446/893 1583/1447/894
f 1582/1446/893 1584/1448/895 1583/1447/894
f 1582/1446/893 1579/1443/891 1581/1445/891
f 1585/1449/896 1586/1450/897 1587/1451/898
f 1586/1450/897 1585/1449/896 1588/1452/899
f 1586/1450/897 1589/1453/900 1590/1454/900
f 1588/1452/899 1584/1448/895 1591/1455/901
f 1590/1454/900 1592/1456/902 1593/1457/903
f 1590/1454/900 1587/1451/898 1586/1450/897
s 0
f 1594/1458/719 1324/1198/719 1595/1459/719
f 1595/1459/719 1596/1460/719 1594/1458/719
f 1595/1459/719 1324/1198/719 1323/1197/719
f 1597/1461/707 1598/1462/707 1599/1463/707
f 1597/1461/707 1599/1463/707 1600/1464/707
f 1597/1461/707 1601/1465/707 1602/1466/707
f 1601/1465/707 1597/1461/707 1600/1464/707
f 1602/1466/707 1603/1467/707 1604/1468/707
f 1605/1469/719 1606/1470/719 1607/1471/719
f 1605/1469/719 1607/1471/719 1608/1472/719
f 1605/1469/719 1608/1472/719 1609/1473/719
f 1344/1218/819 1410/1281/819 1415/1286/819
f 1239/1116/819 1233/1110/819 1238/1115/819
f 1240/1117/819 1234/1111/819 1239/1116/819
s 1
f 1610/1474/904 1611/1475/905 1612/1476/904
f 1612/1476/904 1611/1475/905 1613/1477/905
f 1613/1477/905 1611/1475/905 1614/1478/906
f 1613/1477/905 1614/1478/906 1615/1479/906
f 1616/1480/907 1615/1479/906 1614/1478/906
f 1614/1478/906 1617/1481/907 1616/1480/907
s 0
f 1603/1467/707 1602/1466/707 1601/1465/707
f 1618/922/823 1619/1482/823 1620/1483/823
f 1618/922/823 1621/1484/823 1619/1482/823
f 1622/1485/885 1623/1486/885 1624/1487/885
f 1623/1486/885 1622/1485/885 1625/1488/885
f 1609/1473/719 1626/1489/719 1627/1490/719
f 1609/1473/719 1608/1472/719 1628/1491/719
f 1626/1489/719 1609/1473/719 1628/1491/719
f 1629/1492/908 1630/1493/908 1631/1494/908
f 1629/1492/908 1632/1495/908 1630/1493/908
f 1632/1495/908 1629/1492/908 1633/1496/908
s 1
f 1634/1497/909 1635/1498/909 1636/1499/909
s 0
f 1635/1498/910 1637/1500/910 1636/1499/910
s 1
f 1637/1500/911 1635/1498/911 1638/1501/911
s 0
f 1639/1502/874 1640/1503/874 1641/1504/874
f 1640/1503/874 1639/1502/874 1642/1505/874
f 1641/1504/874 1640/1503/874 1643/1506/874
f 1644/1507/885 1645/1508/885 1646/1509/885
f 1645/1508/885 1644/1507/885 1647/1510/885
f 1646/1509/885 1645/1508/885 1648/1511/885
f 1649/1512/912 1650/1513/912 1651/1514/912
f 1651/1514/912 1652/1515/912 1653/1516/912
f 1651/1514/912 1650/1513/912 1652/1515/912
f 1654/1517/913 1655/1514/913 1656/1518/913
f 1655/1514/913 1657/1519/913 1656/1518/913
f 1655/1514/913 1654/1517/913 1658/1512/913
s 1
f 1659/1520/914 1375/1248/865 1660/1521/915
f 1659/1520/914 1660/1521/915 1661/1522/916
f 1659/1520/914 1662/1523/917 1374/1247/864
f 1662/1523/917 1659/1520/914 1661/1522/916
f 1374/1247/864 1369/1242/859 1659/1520/914
f 1663/1524/823 1664/1525/823 1665/1526/869
f 1665/1526/869 1664/1525/823 1666/1527/918
f 1665/1526/869 1667/1528/823 1663/1524/823
f 1665/1526/869 1666/1527/918 1668/1529/919
s 0
f 1402/1275/719 1401/1274/719 1669/1530/719
s 1
f 1667/1528/823 1665/1526/869 1670/1531/869
f 1670/1531/869 1671/1532/823 1667/1528/823
f 1670/1531/869 1665/1526/869 1672/1533/869
f 1670/1531/869 1673/1534/869 1674/1535/869
f 1675/1536/920 1676/1537/921 1677/1538/920
f 1676/1537/921 1678/1539/922 1679/1540/923
f 1676/1537/921 1675/1536/920 1678/1539/922
f 1365/1238/857 1362/1235/855 1680/1541/924
f 1391/1264/876 1388/1261/875 1681/1542/925
f 1681/1542/925 1392/1265/877 1682/1277/926
f 1363/1236/856 1358/1231/853 1365/1238/857
f 1392/1265/877 1681/1542/925 1388/1261/875
s 0
f 1683/1543/719 1684/1544/719 1685/1545/719
f 1684/1544/719 1686/1546/719 1685/1545/719
f 1686/1546/719 1684/1544/719 1687/1547/719
f 1688/1548/885 1689/1549/885 1690/1550/885
f 1690/1550/885 1691/1551/885 1688/1548/885
f 1692/1552/912 1693/1553/912 1694/1554/912
f 1692/1552/912 1695/1555/912 1693/1553/912
f 1696/1556/927 1697/1552/927 1698/1557/927
f 1697/1552/927 1696/1556/927 1699/1555/927
f 1700/1558/928 1701/1559/928 1702/1560/928
f 1702/1560/928 1703/1561/928 1700/1558/928
f 1704/1562/707 1705/1563/707 1706/1564/707
f 1704/1562/707 1707/1565/707 1708/1566/707
f 1705/1563/707 1704/1562/707 1708/1566/707
f 1709/1567/929 1710/1568/929 1711/1569/929
f 1711/1569/929 1712/1570/929 1709/1567/929
f 1713/1571/707 1714/1572/707 1715/1573/707
f 1713/1571/707 1715/1573/707 1716/1574/707
f 1713/1571/707 1717/1575/707 1718/1576/707
f 1719/1577/885 1720/1578/885 1721/1579/885
f 1719/1577/885 1721/1579/885 1722/1580/885
f 1721/1579/885 1723/1581/885 1724/1582/885
f 1718/1576/707 1725/1583/707 1726/1584/707
f 1725/1583/707 1718/1576/707 1717/1575/707
f 1717/1575/707 1713/1571/707 1716/1574/707
s 1
f 1584/1448/895 1582/1446/893 1591/1455/901
f 1584/1448/895 1588/1452/899 1585/1449/896
f 1727/1585/930 1728/1586/931 1729/1587/930
f 1727/1585/930 1730/1588/930 1731/1589/931
f 1727/1585/930 1731/1589/931 1732/1590/931
f 1728/1586/931 1727/1585/930 1732/1590/931
f 1733/1591/932 1734/1592/932 1727/1585/930
f 1733/1591/932 1735/1593/933 1736/1594/933
f 1735/1593/933 1733/1591/932 1737/1595/932
f 1736/1594/933 1738/1596/933 1733/1591/932
f 1737/1595/932 1727/1585/930 1729/1587/930
f 1737/1595/932 1733/1591/932 1727/1585/930
s 0
f 1739/1597/823 1740/1598/823 1741/1599/823
f 1739/1597/823 1742/1600/823 1743/1601/823
f 1739/1597/823 1741/1599/823 1744/1602/823
f 1745/1603/719 1746/1604/719 1747/1605/719
f 1746/1604/719 1748/1606/719 1749/1607/719
f 1746/1604/719 1745/1603/719 1750/1608/719
f 1747/1605/719 1751/1609/719 1745/1603/719
f 1747/1605/719 1752/1610/719 1751/1609/719
s 1
f 1753/1611/885 1754/1612/885 1336/1210/850
f 1336/1210/850 1335/1209/849 1753/1611/885
f 1335/1209/849 1329/1203/844 1331/1205/845
f 1335/1209/849 1333/1207/847 1755/1613/934
f 1335/1209/849 1755/1613/934 1753/1611/885
s 0
f 1756/1614/823 1757/1615/823 1273/1150/823
f 1757/1615/823 1758/1616/823 1273/1150/823
f 1757/1615/823 1756/1614/823 1759/1617/823
f 1273/1150/823 1269/1146/823 1756/1614/823
f 1273/1150/823 1760/1618/823 1274/1151/823
f 1748/1606/719 1746/1604/719 1750/1608/719
f 1761/1619/823 1762/1620/823 1763/1621/823
f 1761/1619/823 1763/1621/823 1764/1622/823
f 1761/1619/823 1765/1623/823 1762/1620/823
f 1765/1623/823 1766/1624/823 1762/1620/823
f 1767/1625/823 1766/1624/823 1765/1623/823
f 1764/1622/823 1763/1621/823 1768/1626/823
s 1
f 1769/1627/840 1770/1212/935 1771/1214/936
f 1770/1212/935 1769/1627/840 1772/1628/839
f 1771/1214/936 1330/1204/842 1769/1627/840
f 1330/1204/842 1771/1214/936 1328/1202/843
f 1772/1628/839 1773/1216/937 1770/1212/935
s 0
f 1440/1308/719 1438/1306/719 1774/1629/719
f 1775/1630/719 1776/1631/719 1777/1632/719
f 1776/1631/719 1775/1630/719 1778/1633/719
f 1776/1631/719 1778/1633/719 1779/1634/719
f 1779/1634/719 1778/1633/719 1780/1635/719
f 1779/1634/719 1780/1635/719 1781/1636/719
f 1782/1637/719 1783/1638/719 1784/1639/719
f 1782/1637/719 1785/1640/719 1783/1638/719
f 1782/1637/719 1786/1641/719 1787/1642/719
f 1786/1641/719 1782/1637/719 1784/1639/719
f 1785/1640/719 1788/1643/719 1789/1644/719
f 1785/1640/719 1789/1644/719 1783/1638/719
f 1790/1645/885 1791/1646/885 1792/1647/885
f 1791/1646/885 1790/1645/885 1793/1648/885
f 1794/1649/823 1795/1650/823 1796/1561/823
f 1794/1649/823 1797/1651/823 1795/1650/823
f 1798/1652/707 1799/1653/707 1800/1654/707
f 1798/1652/707 1801/1655/707 1802/1656/707
f 1798/1652/707 1802/1656/707 1803/1657/707
f 1799/1653/707 1798/1652/707 1803/1657/707
f 1801/1655/707 1804/1658/707 1802/1656/707
f 1801/1655/707 1805/1659/707 1804/1658/707
f 1806/1660/938 1807/1661/938 1808/1662/938
f 1806/1660/938 1808/1662/938 1809/1663/938
f 1267/1144/823 1266/1143/823 1357/1230/823
f 1810/1664/823 1811/1665/823 1812/1666/823
f 1812/1666/823 1813/1667/823 1810/1664/823
f 1814/1668/939 1815/1667/939 1816/1669/939
f 1815/1667/939 1814/1668/939 1817/1664/939
s 1
f 1818/1670/940 1819/1671/940 1820/1672/940
s 0
f 1819/1671/940 1818/1670/940 1821/1673/940
s 1
f 1822/1674/941 1823/1665/941 1824/1675/941
s 0
f 1823/1665/941 1822/1674/941 1825/1666/941
f 1826/1676/942 1827/1677/942 1828/1678/942
f 1827/1677/942 1829/1679/942 1828/1678/942
f 1828/1678/942 1830/1680/942 1831/1681/942
s 1
f 1832/1682/943 1833/1683/944 1834/1684/945
f 1833/1683/944 1835/1685/915 1836/1686/946
f 1834/1684/945 1837/1687/947 1832/1682/943
f 1837/1687/947 1838/1688/948 1839/1689/949
f 1837/1687/947 1839/1689/949 1832/1682/943
f 1840/1690/950 1374/1247/864 1662/1523/917
f 1376/1249/866 1373/1246/863 1374/1247/864
f 1376/1249/866 1374/1247/864 1840/1690/950
f 1841/1691/951 1505/1373/890 1371/1244/861
s 0
f 1842/1692/874 1843/1693/874 1844/1694/874
f 1842/1692/874 1844/1694/874 1845/1695/874
f 1844/1694/874 1846/1696/874 1847/1697/874
s 1
f 1836/1686/946 1834/1684/945 1833/1683/944
s 0
f 1848/1698/942 1849/1699/942 1850/1700/942
f 1848/1698/942 1851/1701/942 1852/1702/942
f 1848/1698/942 1852/1702/942 1853/1703/942
f 1849/1699/942 1848/1698/942 1853/1703/942
s 1
f 1854/1704/823 1855/1705/870 1856/1706/823
f 1854/1704/823 1673/1534/869 1857/1707/869
f 1854/1704/823 1672/1533/869 1858/1708/823
f 1854/1704/823 1857/1707/869 1672/1533/869
f 1672/1533/869 1857/1707/869 1670/1531/869
f 1858/1708/823 1859/1709/952 1860/1710/870
f 1858/1708/823 1860/1710/870 1854/1704/823
f 1858/1708/823 1668/1529/919 1861/1711/823
f 1671/1532/823 1670/1531/869 1674/1535/869
f 1378/1251/868 1373/1246/863 1862/1250/868
s 0
f 1830/1680/942 1828/1678/942 1829/1679/942
s 1
f 1673/1534/869 1854/1704/823 1856/1706/823
f 1673/1534/869 1670/1531/869 1857/1707/869
f 1863/1712/923 1679/1540/923 1678/1539/922
s 0
f 1679/1540/923 1863/1712/923 1864/1713/923
s 1
f 1679/1540/923 1865/1714/923 1676/1537/921
s 0
f 1866/1260/953 1867/1263/953 1868/1692/953
s 1
f 1866/1260/953 1869/1715/954 1870/1262/955
f 1868/1692/953 1871/1695/956 1866/1260/953
f 1870/1262/955 1872/1716/957 1873/1276/958
f 1872/1716/957 1870/1262/955 1869/1715/954
f 1869/1715/954 1866/1260/953 1871/1695/956
f 1874/1373/959 1875/1717/960 1372/1245/862
f 1875/1717/960 1375/1248/865 1372/1245/862
f 1375/1248/865 1659/1520/914 1369/1242/859
f 1668/1529/919 1672/1533/869 1665/1526/869
f 1668/1529/919 1858/1708/823 1672/1533/869
f 1876/1718/824 1877/1719/825 1878/1720/825
f 1877/1719/825 1879/1721/824 1880/1722/825
f 1877/1719/825 1876/1718/824 1881/1723/824
f 1882/1724/861 1883/1725/858 1884/1726/858
f 1882/1724/861 1885/1727/861 1883/1725/858
f 1885/1727/861 1886/1728/851 1887/1729/861
f 1883/1725/858 1887/1729/861 1888/1730/858
f 1884/1726/858 1883/1725/858 1889/1731/961
f 1884/1726/858 1889/1731/961 1890/1732/860
s 0
f 1891/1733/942 1892/1734/942 1893/1735/942
f 1891/1733/942 1893/1735/942 1894/1736/942
f 1893/1735/942 1895/1737/942 1896/1738/942
s 1
f 1889/1731/961 1897/1739/868 1890/1732/860
f 1889/1731/961 1898/1740/868 1899/1741/868
f 1889/1731/961 1900/1742/860 1898/1740/868
f 1889/1731/961 1888/1730/858 1900/1742/860
s 0
f 1901/1743/874 1902/1721/874 1903/1723/874
f 1901/1743/874 1904/1744/874 1902/1721/874
f 1901/1743/874 1905/1718/874 1906/1745/874
f 1905/1718/874 1901/1743/874 1903/1723/874
s 1
f 1907/1746/851 1885/1727/861 1882/1724/861
f 1907/1746/851 1908/1747/851 1885/1727/861
f 1897/1739/868 1889/1731/961 1899/1741/868
s 0
f 1909/1748/962 1910/1749/962 1911/1750/962
f 1911/1750/962 1912/1751/962 1913/1752/962
f 1911/1750/962 1914/1753/962 1909/1748/962
f 1441/1309/719 1439/1307/719 1915/1754/719
f 1442/1310/719 1439/1307/719 1436/1304/719
f 1260/1137/707 1252/1129/707 1253/1130/707
f 1916/1755/963 1917/1143/963 1918/1149/963
s 1
f 1916/1755/963 1919/1756/963 1917/1143/963
s 0
f 1919/1756/963 1920/1228/963 1917/1143/963
f 1919/1756/963 1921/1757/963 1920/1228/963
f 1921/1757/963 1922/1314/963 1920/1228/963
s 1
f 1921/1757/963 1923/1758/963 1922/1314/963
s 0
f 1257/1134/707 1252/1129/707 1260/1137/707
f 1924/1759/823 1925/1760/823 1926/1761/823
f 1924/1759/823 1927/1762/823 1925/1760/823
f 1270/1147/823 1269/1146/823 1275/1152/823
f 1271/1148/823 1928/1763/823 1929/1764/823
f 1271/1148/823 1270/1147/823 1928/1763/823
f 1930/1765/964 1931/1766/964 1932/1767/964
f 1931/1766/964 1930/1765/964 1933/1768/964
f 1931/1766/964 1934/1769/964 1935/1770/964
f 1932/1767/964 1936/1771/964 1930/1765/964
f 1932/1767/964 1935/1770/964 1937/1772/964
f 1933/1768/964 1938/1773/964 1931/1766/964
s 1
f 1247/1124/821 1243/1120/820 1246/1123/821
s 0
f 1939/1774/719 1940/1775/719 1941/1776/719
f 1939/1774/719 1941/1776/719 1942/1777/719
f 1939/1774/719 1943/1778/719 1940/1775/719
f 1939/1774/719 1944/1779/719 1945/1780/719
f 1942/1777/719 1941/1776/719 1946/1781/719
f 1947/1782/719 1940/1775/719 1943/1778/719
f 1947/1782/719 1941/1776/719 1940/1775/719
f 1948/1783/823 1271/1148/823 1929/1764/823
f 1948/1783/823 1949/1784/823 1950/1785/823
f 1948/1783/823 1760/1618/823 1949/1784/823
f 1950/1785/823 1951/1786/823 1952/1787/823
f 1950/1785/823 1949/1784/823 1953/1788/823
f 1950/1785/823 1953/1788/823 1954/1789/823
f 1760/1618/823 1273/1150/823 1758/1616/823
f 1760/1618/823 1275/1152/823 1274/1151/823
f 1760/1618/823 1929/1764/823 1275/1152/823
s 1
f 1280/1157/825 1279/1156/824 1955/1790/824
f 1956/1791/829 1957/1792/829 1958/1793/830
f 1957/1792/829 1959/1794/829 1960/1795/832
f 1957/1792/829 1960/1795/832 1958/1793/830
f 1960/1795/832 1961/1796/831 1962/1797/831
f 1963/1156/834 1301/1153/834 1304/1178/833
f 1304/1178/833 1964/1798/835 1965/1799/833
f 1304/1178/833 1965/1799/833 1966/1790/834
f 1304/1178/833 1303/1177/833 1486/1354/835
f 1304/1178/833 1966/1790/834 1963/1156/834
f 1479/1347/831 1967/1800/831 1480/1348/835
f 1967/1800/831 1968/1801/835 1480/1348/835
f 1967/1800/831 1969/1802/835 1968/1801/835
f 1970/1803/831 1971/1804/835 1969/1802/835
f 1971/1804/835 1970/1803/831 1972/1805/837
f 1969/1802/835 1967/1800/831 1970/1803/831
f 1938/1773/964 1933/1768/964 1973/1806/964
s 0
f 1974/1807/823 1948/1783/823 1975/1808/823
f 1975/1808/823 1952/1787/823 1976/1809/823
f 1975/1808/823 1948/1783/823 1950/1785/823
f 1975/1808/823 1950/1785/823 1952/1787/823
s 1
f 1977/1810/822 1243/1120/820 1248/1125/820
f 1977/1810/822 1315/1189/822 1243/1120/820
f 1962/1797/831 1958/1793/830 1960/1795/832
f 1955/1790/824 1978/1811/824 1979/1812/825
f 1955/1790/824 1979/1812/825 1280/1157/825
f 1980/1813/965 1981/1814/966 1982/1815/967
f 1983/1816/968 1982/1815/967 1981/1814/966
s 0
f 1984/1817/707 1985/1818/707 1986/1819/707
f 1985/1818/707 1984/1817/707 1987/1820/707
f 1985/1818/707 1987/1820/707 1988/1821/707
s 1
f 1332/1206/846 1331/1205/845 1334/1208/848
f 1333/1207/847 1332/1206/846 1989/1822/969
f 1333/1207/847 1335/1209/849 1331/1205/845
f 1990/1758/851 1991/1823/852 1992/1824/851
f 1991/1823/852 1990/1758/851 1993/1825/852
f 1992/1824/851 1994/1826/852 1995/1827/851
s 0
f 1936/1771/964 1932/1767/964 1996/1828/964
f 1996/1828/964 1932/1767/964 1997/1829/964
f 1349/1223/823 1347/1221/823 1998/1830/823
s 1
f 1999/1831/833 2000/1832/833 2001/1833/834
f 1999/1831/833 2002/1834/886 2000/1832/833
f 1999/1831/833 2001/1833/834 2003/1811/834
s 0
f 2004/1835/823 1976/1809/823 2005/1836/823
f 2004/1835/823 1954/1789/823 2006/1837/823
f 1976/1809/823 2004/1835/823 1975/1808/823
f 2007/1838/707 2008/1839/707 2009/1840/707
s 1
f 2007/1838/707 2010/1841/970 2011/1842/971
f 2010/1841/970 2012/1843/972 2013/1844/973
f 2010/1841/970 2007/1838/707 2009/1840/707
f 2011/1842/971 2013/1844/973 2014/1845/974
s 0
f 2009/1840/707 2008/1839/707 2015/1846/707
s 1
f 2009/1840/707 2016/1847/707 2017/1848/975
f 2018/1849/858 2019/1850/860 2020/1851/976
f 2018/1849/858 2021/1852/977 2022/1853/861
f 2019/1850/860 2023/1854/868 2024/1855/978
f 2020/1851/976 2025/1856/979 2026/1857/980
f 2020/1851/976 2019/1850/860 2024/1855/978
f 2024/1855/978 2027/1858/981 2025/1856/979
f 2024/1855/978 2023/1854/868 2028/1859/868
f 1382/1255/870 1379/1252/823 1381/1254/823
f 1383/1256/871 2029/1860/870 2030/1861/982
f 2031/1862/983 2032/1863/874 2033/1864/874
f 2032/1863/874 2031/1862/983 2034/1865/984
f 2034/1865/984 2035/1866/985 2036/1867/874
f 2034/1865/984 2037/1868/986 2038/1869/987
s 0
f 1396/1269/878 1393/1266/878 2039/1870/878
f 2040/1871/707 2041/1872/707 2042/1873/707
f 2040/1871/707 2008/1839/707 2043/1874/707
f 2041/1872/707 2040/1871/707 2044/1875/707
f 2042/1873/707 2015/1846/707 2040/1871/707
f 2044/1875/707 2043/1874/707 2045/1876/707
s 1
f 2046/1866/824 2047/1877/825 2048/1867/824
f 2047/1877/825 2049/1878/824 2050/1879/879
f 2049/1878/824 2047/1877/825 2046/1866/824
s 0
f 2051/1880/964 1996/1828/964 2052/1881/964
f 2051/1880/964 2053/1882/964 2054/1883/964
f 2053/1882/964 2051/1880/964 2055/1884/964
f 2055/1884/964 2056/1885/964 2053/1882/964
f 2055/1884/964 2057/1886/964 2058/1887/964
s 1
f 2055/1884/964 2051/1880/964 2052/1881/964
s 0
f 2057/1886/964 2059/1888/964 2058/1887/964
f 2058/1887/964 2060/1889/964 2056/1885/964
f 2060/1889/964 1934/1769/964 1938/1773/964
f 2060/1889/964 2058/1887/964 2059/1888/964
s 1
f 1995/1827/851 2061/1206/852 1471/1339/851
f 2061/1206/852 1995/1827/851 1994/1826/852
f 2061/1206/852 1418/1208/852 1471/1339/851
f 1994/1826/852 1992/1824/851 1991/1823/852
f 2062/1890/969 2063/1891/988 2064/1892/847
f 2062/1890/969 1982/1815/967 1983/1816/968
f 2063/1891/988 2062/1890/969 1983/1816/968
f 2065/1893/989 2064/1892/847 2063/1891/988
f 2066/1894/825 1978/1811/824 2067/1833/824
f 1978/1811/824 2066/1894/825 1979/1812/825
f 2067/1833/824 2068/1895/825 2066/1894/825
f 2069/1896/831 2070/1897/832 2071/1898/830
f 2070/1897/832 1960/1795/832 1959/1794/829
f 2071/1898/830 2072/1899/783 2069/1896/831
s 0
f 2073/1900/719 2074/1901/719 2075/1333/719
f 2074/1901/719 2073/1900/719 2076/1902/719
f 2056/1885/964 2060/1889/964 2077/1903/964
f 2056/1885/964 2055/1884/964 2058/1887/964
f 1997/1829/964 1932/1767/964 1937/1772/964
f 2078/1904/707 2079/1765/707 2080/1905/707
f 2078/1904/707 2081/1906/707 2082/1768/707
f 2079/1765/707 2078/1904/707 2082/1768/707
f 2080/1905/707 2083/1907/707 2078/1904/707
f 2080/1905/707 2084/1771/707 2085/1908/707
s 1
f 1965/1799/833 2003/1811/834 1966/1790/834
f 1965/1799/833 1999/1831/833 2003/1811/834
f 1965/1799/833 2086/1909/835 1999/1831/833
s 0
f 1954/1789/823 2087/1910/823 2088/1911/823
f 1954/1789/823 2004/1835/823 1951/1786/823
f 1954/1789/823 1953/1788/823 2087/1910/823
s 1
f 1959/1794/829 2089/1912/829 2070/1897/832
f 2089/1912/829 2071/1898/830 2070/1897/832
s 0
f 2090/1913/964 2057/1886/964 2055/1884/964
f 1951/1786/823 2004/1835/823 2005/1836/823
f 1951/1786/823 1950/1785/823 1954/1789/823
f 2091/1914/707 2092/1915/707 2093/1916/707
f 2092/1915/707 2094/1917/707 2093/1916/707
f 2093/1916/707 2095/1918/707 2091/1914/707
f 2094/1917/707 2096/1919/707 2097/1920/707
f 2094/1917/707 2092/1915/707 2096/1919/707
f 2006/1837/823 1954/1789/823 2088/1911/823
f 1946/1781/719 1941/1776/719 2098/1921/719
f 2099/1922/882 2100/1923/882 2101/1924/882
f 2101/1924/882 2102/1925/882 2099/1922/882
f 2103/1926/883 2104/1927/883 2105/1928/883
f 2104/1927/883 2106/1929/883 2105/1928/883
f 2107/1930/707 2108/1931/707 2109/1932/707
f 2110/1933/707 2109/1932/707 2108/1931/707
f 2111/1934/884 2112/1935/884 2113/1936/884
f 2112/1935/884 2114/1937/884 2113/1936/884
f 1944/1779/719 1939/1774/719 1942/1777/719
f 1945/1780/719 2115/1938/719 1939/1774/719
f 2116/1939/885 1475/1343/885 1478/1346/885
f 2115/1938/719 1945/1780/719 2117/1940/719
s 1
f 2118/1941/828 1289/1166/828 1285/1162/827
f 2002/1834/886 1999/1831/833 2086/1909/835
f 2086/1909/835 1965/1799/833 1964/1798/835
f 1964/1798/835 1304/1178/833 1486/1354/835
s 0
f 2119/1942/887 1489/1357/887 1488/1356/887
f 2119/1942/887 1488/1356/887 2120/1943/887
f 2120/1943/887 1488/1356/887 1493/1361/887
f 1498/1366/888 1496/1364/888 1495/1363/888
f 2121/1944/823 2122/1945/823 2123/1946/823
s 1
f 2121/1944/823 2029/1860/870 2122/1945/823
f 2029/1860/870 1383/1256/871 1382/1255/870
f 2029/1860/870 2121/1944/823 2030/1861/982
f 2122/1945/823 2029/1860/870 2124/1947/823
f 2021/1852/977 2018/1849/858 2020/1851/976
f 2021/1852/977 2020/1851/976 2125/1948/990
s 0
f 2015/1846/707 2042/1873/707 2126/1949/707
f 2015/1846/707 2016/1847/707 2009/1840/707
f 2016/1847/707 2015/1846/707 2126/1949/707
f 2008/1839/707 2040/1871/707 2015/1846/707
s 1
f 2127/1950/883 2128/1951/883 2129/1952/883
s 0
f 2129/1952/883 2128/1951/883 2130/1953/883
s 1
f 2131/1954/884 2132/1955/884 2133/1956/884
f 2132/1955/884 2134/1957/884 2133/1956/884
f 2135/1958/882 2136/1959/882 2137/1960/882
s 0
f 2136/1959/882 2135/1958/882 2138/1961/882
f 2139/1962/883 2140/1963/883 2141/1964/883
s 1
f 2141/1964/883 2140/1963/883 2142/1965/883
s 0
f 2143/1966/884 2144/1967/884 2145/1968/884
f 2144/1967/884 2146/1969/884 2145/1968/884
s 1
f 2147/1396/882 2148/1970/882 2149/1397/882
s 0
f 2148/1970/882 2147/1396/882 2150/1971/882
f 2151/1972/883 2152/1973/883 2153/1974/883
f 2153/1974/883 2152/1973/883 2154/1975/883
f 2155/1976/884 2156/1977/884 2157/1978/884
f 2156/1977/884 2158/1979/884 2157/1978/884
f 2159/1980/882 2160/1981/882 2161/1982/882
f 2160/1981/882 2159/1980/882 2162/1983/882
f 2163/1984/883 2164/1985/883 2165/1986/883
f 2165/1986/883 2164/1985/883 2166/1969/883
f 2167/1987/884 2168/1988/884 2169/1989/884
f 2168/1988/884 2170/1990/884 2169/1989/884
f 2171/1991/882 2172/1432/882 2173/1992/882
f 2172/1432/882 2171/1991/882 2174/1433/882
f 2175/1993/883 2176/1994/883 2177/1995/883
f 2177/1995/883 2176/1994/883 2178/1996/883
f 2179/1997/884 2180/1998/884 2181/1999/884
f 2180/1998/884 2182/2000/884 2181/1999/884
f 2183/2001/882 2184/2002/882 2185/2003/882
f 2184/2002/882 2183/2001/882 2186/2004/882
f 2187/2005/883 2188/2006/883 2189/2007/883
f 2189/2007/883 2188/2006/883 2190/2008/883
f 2191/1437/884 2192/1438/884 2193/2009/884
f 2192/1438/884 2194/1937/884 2193/2009/884
f 2195/2004/882 2196/2010/882 2197/2011/882
f 2196/2010/882 2195/2004/882 2198/1980/882
s 1
f 1580/1444/892 2199/2012/991 2200/2013/992
f 1580/1444/892 1579/1443/891 2201/2014/993
f 2201/2014/993 2199/2012/991 1580/1444/892
f 2202/2015/994 1592/1456/902 2203/2016/995
f 1592/1456/902 1590/1454/900 1589/1453/900
f 1592/1456/902 2202/2015/994 1593/1457/903
f 2203/2016/995 2199/2012/991 2202/2015/994
s 0
f 1988/1821/707 2204/2017/707 2205/2018/707
f 1988/1821/707 2205/2018/707 1985/1818/707
f 2206/2019/707 2205/2018/707 2204/2017/707
f 2207/2020/719 2208/2021/719 2209/2022/719
f 2207/2020/719 2210/2023/719 2211/2024/719
f 2208/2021/719 2207/2020/719 2211/2024/719
f 2210/2023/719 2207/2020/719 2212/2025/719
f 2212/2025/719 2213/2026/719 2210/2023/719
f 2214/2027/707 2215/2028/707 2216/2029/707
f 2215/2028/707 2214/2027/707 2217/2030/707
f 2217/2030/707 2218/2031/707 2219/2032/707
f 2052/1881/964 2090/1913/964 2055/1884/964
f 2052/1881/964 1996/1828/964 1997/1829/964
f 1935/1770/964 1932/1767/964 1931/1766/964
f 1934/1769/964 1931/1766/964 1938/1773/964
s 1
f 1934/1769/964 2060/1889/964 2059/1888/964
f 2220/2033/904 2221/2034/905 2222/2035/904
f 2221/2034/905 2220/2033/904 2223/2036/905
f 2223/2036/905 2224/2037/906 2221/2034/905
f 2225/2038/907 2224/2037/906 2226/2039/906
f 2224/2037/906 2223/2036/905 2226/2039/906
f 2224/2037/906 2225/2038/907 2227/2040/907
s 0
f 2213/2026/719 2212/2025/719 2228/2041/719
f 2229/2042/823 2230/2043/823 2231/2044/823
f 2229/2042/823 2232/2045/823 2230/2043/823
f 2233/2046/885 2234/2047/885 2235/2048/885
f 2234/2047/885 2233/2046/885 2236/2049/885
f 2218/2031/707 2217/2030/707 2214/2027/707
f 2218/2031/707 2237/2050/707 2219/2032/707
f 2237/2050/707 2218/2031/707 2238/2051/707
f 1631/1494/908 2239/2052/908 1629/1492/908
f 2240/2053/996 2241/2054/996 2242/2055/996
s 1
f 2240/2053/997 2243/2056/997 2244/2057/997
s 0
f 2243/2056/998 2240/2053/998 2242/2055/998
f 1642/1505/874 2245/2058/874 1640/1503/874
f 1647/1510/885 2246/2059/885 1645/1508/885
f 2247/2060/912 1651/1514/912 1653/1516/912
f 1657/1519/913 1655/1514/913 2248/2060/913
s 1
f 2026/1857/980 2249/2061/999 2250/2062/1000
f 2249/2061/999 2026/1857/980 2025/1856/979
f 2025/1856/979 2251/2063/1001 2249/2061/999
f 2025/1856/979 2020/1851/976 2024/1855/978
f 2025/1856/979 2027/1858/981 2251/2063/1001
f 2252/2064/870 2253/2065/823 2254/2066/823
f 2253/2065/823 2252/2064/870 2255/2067/1002
f 2255/2067/1002 2252/2064/870 1859/1709/952
s 0
f 2043/1874/707 2044/1875/707 2040/1871/707
s 1
f 2256/2068/823 2252/2064/870 2254/2066/823
f 2256/2068/823 2257/2069/870 2252/2064/870
f 2257/2069/870 1855/1705/870 2258/2070/870
f 2257/2069/870 1860/1710/870 2252/2064/870
f 2259/2071/1003 2260/2072/1004 2261/2073/1004
f 2260/2072/1004 2259/2071/1003 2262/2074/1005
f 2013/1844/973 2011/1842/971 2010/1841/970
f 2037/1868/986 2034/1865/984 2031/1862/983
f 2038/1869/987 2035/1866/985 2034/1865/984
f 2012/1843/972 2010/1841/970 2017/1848/975
f 2017/1848/975 2010/1841/970 2009/1840/707
f 2035/1866/985 2038/1869/987 2263/1878/1006
f 2036/1867/874 2032/1863/874 2034/1865/984
s 0
f 2264/2075/707 2265/2076/707 2266/2077/707
f 2264/2075/707 2267/2078/707 2268/2079/707
f 2267/2078/707 2264/2075/707 2266/2077/707
f 2269/2080/885 2270/2081/885 2271/2082/885
f 2271/2082/885 2270/2081/885 2272/2083/885
f 2273/2084/912 2274/2085/912 2275/2086/912
f 2274/2085/912 2273/2084/912 2276/2087/912
f 2277/2088/927 2278/2084/927 2279/2089/927
f 2279/2089/927 2278/2084/927 2280/2086/927
f 2281/2090/928 2282/2091/928 2283/2092/928
f 2282/2091/928 2281/2090/928 2284/2093/928
f 2285/2094/719 2286/2095/719 2287/2096/719
f 2286/2095/719 2288/2097/719 2287/2096/719
f 2288/2097/719 2286/2095/719 2289/2098/719
f 2290/2099/929 2291/2100/929 2292/2101/929
f 2292/2101/929 2291/2100/929 2293/2102/929
f 2294/2103/719 2295/2104/719 2296/2105/719
f 2294/2103/719 2297/2106/719 2298/2107/719
f 2295/2104/719 2294/2103/719 2298/2107/719
f 1723/1581/885 1721/1579/885 1720/1578/885
f 2299/2108/719 2300/2109/719 2297/2106/719
f 2300/2109/719 2299/2108/719 2301/2110/719
f 2297/2106/719 2294/2103/719 2299/2108/719
s 1
f 2199/2012/991 2203/2016/995 2200/2013/992
f 1730/1588/930 1727/1585/930 1734/1592/932
f 1738/1596/933 1734/1592/932 1733/1591/932
s 0
f 1742/1600/823 1739/1597/823 1744/1602/823
f 2302/2111/707 2303/2112/707 2304/2113/707
f 2302/2111/707 2305/2114/707 2303/2112/707
f 2304/2113/707 2306/2115/707 2302/2111/707
f 2304/2113/707 2307/2116/707 2306/2115/707
f 2308/2117/707 2303/2112/707 2305/2114/707
s 1
f 2309/2118/885 1753/1611/885 1755/1613/934
s 0
f 1758/1616/823 1757/1615/823 2310/2119/823
f 2307/2116/707 2304/2113/707 2311/2120/707
f 2312/2121/823 2313/2122/823 2314/2123/823
f 2312/2121/823 2315/2124/823 2313/2122/823
f 2314/2123/823 2316/2125/823 2317/2126/823
f 2314/2123/823 2313/2122/823 2316/2125/823
f 2318/2127/823 2315/2124/823 2312/2121/823
f 2318/2127/823 2319/2128/823 2315/2124/823
s 1
f 2320/2129/1007 2321/1826/1008 2322/1823/1009
f 2320/2129/1007 2322/1823/1009 2323/2130/965
f 2321/1826/1008 1989/1822/969 1332/1206/846
f 1989/1822/969 2321/1826/1008 2320/2129/1007
f 2324/1825/1010 2323/2130/965 2322/1823/1009
s 0
f 2325/1806/707 2082/1768/707 2081/1906/707
f 2326/2131/707 2327/2132/707 2328/2133/707
f 2327/2132/707 2326/2131/707 2329/2134/707
f 2329/2134/707 2326/2131/707 2330/2135/707
f 2330/2135/707 2331/2136/707 2329/2134/707
f 2331/2136/707 2330/2135/707 2332/2137/707
f 2333/2138/707 2334/1888/707 2335/1886/707
f 2333/2138/707 2336/1913/707 2337/2139/707
f 2334/1888/707 2333/2138/707 2338/2140/707
f 2336/1913/707 2333/2138/707 2335/1886/707
f 2337/2139/707 2339/1881/707 2340/2141/707
f 2341/2142/885 2342/2143/885 2343/2144/885
f 2342/2143/885 2341/2142/885 2344/2145/885
f 2345/2146/823 2346/2147/823 2347/2148/823
f 2348/2149/823 2346/2147/823 2345/2146/823
f 2349/2150/719 2350/2151/719 2351/2152/719
f 2349/2150/719 2352/2153/719 2353/2154/719
f 2350/2151/719 2349/2150/719 2354/2155/719
f 2339/1881/707 2337/2139/707 2336/1913/707
f 2352/2153/719 2349/2150/719 2351/2152/719
f 2353/2154/719 2355/2156/719 2356/2157/719
f 2355/2156/719 2353/2154/719 2352/2153/719
s 1
f 2357/2158/940 2358/2159/940 2359/2160/940
s 0
f 2359/2160/940 2358/2159/940 2360/2161/940
f 2361/2162/823 2362/2163/823 2363/2164/823
f 2363/2164/823 2362/2163/823 2364/2165/823
f 2365/2166/939 2366/2165/939 2367/2163/939
f 2366/2165/939 2365/2166/939 2368/2167/939
f 2369/2168/938 2370/2169/938 2371/2170/938
f 2370/2169/938 2369/2168/938 2372/2171/938
f 2373/2172/941 2374/2162/941 2375/2164/941
f 2374/2162/941 2373/2172/941 2376/2173/941
f 2377/2174/942 2378/2175/942 2379/2176/942
f 2378/2175/942 2380/2177/942 2381/2178/942
f 2379/2176/942 2378/2175/942 2382/2179/942
f 2382/2179/942 2378/2175/942 2381/2178/942
s 1
f 2383/2180/1011 2384/2181/1012 2385/2182/1013
f 2384/2181/1012 2386/2183/1014 2387/2184/1015
f 2387/2184/1015 2385/2182/1013 2384/2181/1012
f 2027/1858/981 2024/1855/978 2388/1859/1016
f 2389/2185/851 2390/2186/951 2022/1853/861
f 2389/2185/851 2022/1853/861 2021/1852/977
s 0
f 1846/1696/874 1844/1694/874 1843/1693/874
s 1
f 2391/2187/1017 2383/2180/1011 2392/2188/1018
f 2392/2188/1018 2383/2180/1011 2385/2182/1013
f 1860/1710/870 2257/2069/870 2258/2070/870
f 1860/1710/870 1859/1709/952 2252/2064/870
f 2258/2070/870 1854/1704/823 1860/1710/870
f 2393/2189/823 2394/2190/870 2257/2069/870
f 2393/2189/823 2257/2069/870 2256/2068/823
f 2395/2191/1019 2387/2184/1015 2386/2183/1014
f 1855/1705/870 1854/1704/823 2258/2070/870
f 1855/1705/870 2257/2069/870 2394/2190/870
s 0
f 2396/2192/1020 2397/2179/1020 2398/2178/1020
s 1
f 2397/2179/1020 2396/2192/1020 2399/2193/1021
f 2397/2179/1020 2400/2194/1022 2401/2176/1020
s 0
f 2402/1864/1023 2403/1863/1023 2404/1696/1023
s 1
f 2403/1863/1023 2405/2195/1024 2406/1697/1025
f 2404/1696/1023 2403/1863/1023 2406/1697/1025
f 2407/1867/1026 2408/2196/1027 2405/2195/1024
f 2408/2196/1027 2407/1867/1026 2409/1877/1028
f 2405/2195/1024 2403/1863/1023 2407/1867/1026
f 2410/2185/1029 2021/1852/977 2411/2197/1030
f 2125/1948/990 2020/1851/976 2026/1857/980
f 2125/1948/990 2026/1857/980 2412/2198/1031
f 2125/1948/990 2411/2197/1030 2021/1852/977
f 1859/1709/952 1858/1708/823 1861/1711/823
f 2400/2194/1022 2397/2179/1020 2399/2193/1021
f 1879/1721/824 1877/1719/825 1881/1723/824
f 1887/1729/861 1883/1725/858 1885/1727/861
f 1888/1730/858 1889/1731/961 1883/1725/858
s 0
f 1895/1737/942 1893/1735/942 1892/1734/942
s 1
f 1886/1728/851 1885/1727/861 1908/1747/851
f 2412/2198/1031 2026/1857/980 2250/2062/1000
s 0
f 1912/1751/962 1911/1750/962 1910/1749/962
f 2084/1771/707 2080/1905/707 2079/1765/707
f 2083/1907/707 2080/1905/707 2413/2199/707
f 1943/1778/719 1939/1774/719 2414/2200/719
s 1
f 2415/2201/963 2416/1808/963 2417/2202/963
s 0
f 2416/1808/963 2415/2201/963 2418/1807/963
f 2417/2202/963 2419/1835/963 2420/2203/963
s 1
f 2420/2203/963 2421/1837/963 2422/2204/963
s 0
f 2421/1837/963 2420/2203/963 2419/1835/963
f 2419/1835/963 2417/2202/963 2416/1808/963
f 2414/2200/719 1939/1774/719 2115/1938/719
f 1929/1764/823 1760/1618/823 1948/1783/823
s 1
f 2423/2205/1032 2424/2206/1033 2425/2207/1034
f 2425/2207/1034 2426/2208/1035 2423/2205/1032
f 2426/2208/1035 2427/2209/1036 2428/2210/1037
f 2426/2208/1035 2428/2210/1037 2423/2205/1032
s 0
f 2429/2211/719 2430/2212/719 2431/2213/719
f 2430/2212/719 2432/2214/719 2431/2213/719
f 2433/2215/707 2434/2216/707 2435/2217/707
f 2434/2216/707 2433/2215/707 2436/2218/707
f 2436/2218/707 2433/2215/707 2437/2219/707
f 2438/2220/1038 2439/2221/1038 2440/2222/1038
s 1
f 2439/2221/1038 2438/2220/1038 2441/2223/1038
s 0
f 2442/2224/942 2443/2225/942 2444/2226/942
f 2442/2224/942 2445/2227/942 2446/2228/942
f 2445/2227/942 2442/2224/942 2447/2229/942
f 2447/2229/942 2448/2230/942 2445/2227/942
f 2449/2231/1039 2450/2232/1039 2451/2233/1039
f 2449/2231/1039 2451/2233/1039 2452/2234/1039
f 2453/2235/1040 2454/2236/1040 2455/2237/1040
f 2454/2236/1040 2453/2235/1040 2456/2238/1040
s 1
f 2457/2239/1038 2458/2240/1038 2459/2241/1038
s 0
f 2458/2240/1038 2457/2239/1038 2460/2242/1038
f 2461/2243/1040 2462/2244/1040 2463/2245/1040
f 2462/2244/1040 2461/2243/1040 2464/2246/1040
f 2463/2245/1040 2465/2247/1040 2461/2243/1040
f 2466/2248/823 2467/2249/823 2468/1680/823
f 2467/2249/823 2466/2248/823 2469/2250/823
s 1
f 2465/2247/1040 2463/2245/1040 2470/2251/1040
s 0
f 2471/2234/885 2472/2252/885 2473/2253/885
f 2471/2234/885 2474/2233/885 2472/2252/885
f 2472/2252/885 2475/2254/885 2473/2253/885
s 1
f 2476/2255/1038 2441/2223/1038 2477/2256/1038
s 0
f 2477/2256/1038 2441/2223/1038 2438/2220/1038
f 2478/2257/823 2479/2258/823 2480/2259/823
f 2479/2258/823 2478/2257/823 2481/2260/823
s 1
f 2482/2261/1041 2483/2256/1042 2484/2220/719
f 2482/2261/1041 2484/2220/719 2485/2262/719
f 2483/2256/1042 2482/2261/1041 2486/2263/1043
s 0
f 2485/2262/719 2487/2222/719 2488/2264/719
f 2489/2265/885 2490/2266/885 2491/2267/885
f 2491/2267/885 2490/2266/885 2492/2268/885
f 2493/2269/1044 2494/2270/1044 2495/2271/1044
s 1
f 2494/2270/1044 2493/2269/1044 2496/2272/1044
f 2497/2273/1045 2498/2274/1046 2499/2275/1047
f 2498/2274/1046 2497/2273/1045 2500/2276/1048
f 2499/2275/1047 2501/2277/1049 2502/2278/1050
f 2500/2276/1048 2503/2279/1051 2504/2280/1052
f 2428/2210/1037 2505/2278/1053 2506/2277/1049
f 2505/2278/1053 2428/2210/1037 2427/2209/1036
f 2507/2238/719 2508/2281/1054 2509/2236/719
f 2508/2281/1054 2507/2238/719 2510/2282/719
f 2508/2281/1054 2511/2283/1041 2512/2284/1055
f 2510/2282/719 2513/2285/1056 2508/2281/1054
f 2501/2277/1049 2499/2275/1047 2498/2274/1046
f 2514/2286/942 2515/2287/1057 2448/2230/942
f 2515/2287/1057 2516/2288/1058 2517/2289/1059
f 2515/2287/1057 2514/2286/942 2518/2290/1060
s 0
f 2448/2230/942 2447/2229/942 2514/2286/942
s 1
f 2518/2290/1060 2516/2288/1058 2515/2287/1057
s 0
f 2519/2291/719 2520/2292/719 2521/2293/719
f 2519/2291/719 2521/2293/719 2522/2294/719
f 2523/2295/885 2524/2296/885 2525/2297/885
f 2525/2297/885 2524/2296/885 2526/2298/885
f 2527/2299/823 2528/2300/823 2529/2301/823
f 2529/2301/823 2528/2300/823 2530/2302/823
s 1
f 2531/2303/1061 2532/2304/1061 2533/2305/1061
s 0
f 2532/2304/1061 2531/2303/1061 2534/2306/1061
s 1
f 2535/2288/1058 2536/2307/1062 2537/2308/1063
f 2535/2288/1058 2537/2308/1063 2538/2289/1059
f 2538/2289/1059 2537/2308/1063 2539/2309/1064
f 2539/2309/1064 2540/2310/1065 2541/2311/1066
f 2542/2247/719 2543/2312/1055 2544/2313/719
s 0
f 2542/2247/719 2544/2313/719 2545/2243/719
s 1
f 2543/2312/1067 2546/2314/1068 2547/2315/1054
s 0
f 2544/2313/719 2548/2316/719 2549/2246/719
f 2545/2243/719 2544/2313/719 2549/2246/719
s 1
f 2540/2310/1065 2539/2309/1064 2537/2308/1063
s 0
f 2550/2317/1069 2551/2318/1069 2552/2319/1069
f 2551/2318/1069 2550/2317/1069 2553/2320/1069
s 1
f 2554/2263/1070 2555/2321/1070 2556/2256/1070
f 2556/2256/1070 2555/2321/1070 2557/2255/1070
f 2558/2322/1071 2559/2318/1071 2560/2323/1072
f 2559/2318/1071 2558/2322/1071 2561/2319/1071
s 0
f 2562/2324/885 2563/2325/885 2564/2326/885
f 2564/2326/885 2563/2325/885 2565/2327/885
f 2443/2225/942 2442/2224/942 2446/2228/942
s 1
f 2443/2225/942 2541/2311/1066 2444/2226/942
f 2444/2226/942 2541/2311/1066 2540/2310/1065
s 0
f 2566/2328/707 2436/2218/707 2567/2329/707
f 2566/2328/707 2568/2306/707 2569/2303/707
f 2568/2306/707 2566/2328/707 2570/2330/707
f 2570/2330/707 2566/2328/707 2571/2331/707
f 2572/2217/1061 2573/2332/1061 2574/2333/1061
f 2573/2332/1061 2572/2217/1061 2575/2216/1061
f 2576/2334/823 2577/2335/823 2578/2336/823
f 2578/2336/823 2577/2335/823 2579/2337/823
f 2580/2338/885 2581/2339/885 2582/2340/885
f 2581/2339/885 2580/2338/885 2583/2341/885
f 2584/2342/719 2585/2343/719 2586/2344/719
f 2584/2342/719 2587/2345/719 2585/2343/719
f 2588/2346/1044 2589/2347/1044 2590/2348/1044
f 2589/2347/1044 2588/2346/1044 2591/2349/1044
f 2592/2350/707 2593/2351/707 2594/2352/707
f 2593/2351/707 2592/2350/707 2595/2353/707
f 2596/2354/874 2597/2355/874 2598/2356/874
f 2596/2354/874 2599/2357/874 2600/2358/874
f 2596/2354/874 2598/2356/874 2601/2359/874
f 2597/2355/874 2596/2354/874 2600/2358/874
f 2602/2360/874 2603/2361/874 2604/2362/874
f 2603/2361/874 2605/2363/874 2606/2364/874
f 2603/2361/874 2602/2360/874 2607/2365/874
f 2607/2365/874 2608/2366/874 2609/2367/874
f 2610/2368/823 2611/2369/823 2612/2370/823
f 2611/2369/823 2610/2368/823 2613/2371/823
s 1
f 2614/2372/1073 2615/2373/1073 2616/2374/707
f 2616/2374/707 2617/2375/707 2614/2372/1073
f 2617/2375/707 2616/2374/707 2618/2376/1074
s 0
f 2619/2377/1075 2620/2378/1075 2621/2379/1075
f 2621/2379/1075 2622/2380/1075 2619/2377/1075
s 1
f 2623/2381/885 2624/2382/1076 2625/2383/885
f 2623/2381/885 2625/2383/885 2626/2378/1077
f 2626/2378/1077 2627/2377/1077 2623/2381/885
f 2624/2382/1076 2623/2381/885 2628/2384/1076
f 2629/2385/1078 2630/2384/1079 2631/2386/1078
f 2630/2384/1079 2629/2385/1078 2632/2382/1079
f 2633/2387/719 2634/2388/1080 2635/2389/719
f 2634/2388/1080 2633/2387/719 2636/2390/1080
f 2635/2389/719 2637/2391/1081 2633/2387/719
f 2637/2391/1081 2635/2389/719 2638/2392/1081
f 2638/2392/1081 2639/2393/1082 2637/2391/1081
f 2639/2393/1082 2638/2392/1081 2640/2394/1082
f 2641/2395/823 2642/2396/823 2643/2397/1083
f 2642/2396/823 2641/2395/823 2644/2398/1084
f 2643/2397/1083 2645/2399/1083 2641/2395/823
f 2644/2398/1084 2646/2400/1084 2642/2396/823
s 0
f 2647/2401/942 2648/2402/942 2649/2403/942
f 2647/2401/942 2650/2404/942 2648/2402/942
f 2650/2404/942 2651/2405/942 2652/2406/942
f 2651/2405/942 2653/2407/942 2654/2408/942
f 2651/2405/942 2650/2404/942 2653/2407/942
f 2652/2406/942 2651/2405/942 2655/2409/942
f 2653/2407/942 2656/2410/942 2657/2411/942
f 2653/2407/942 2650/2404/942 2647/2401/942
f 2656/2410/942 2653/2407/942 2647/2401/942
f 2654/2408/942 2653/2407/942 2658/2412/942
s 1
f 2659/2413/1085 2660/2376/1085 2661/2414/1084
f 2661/2414/1084 2662/2415/1084 2659/2413/1085
f 2618/2376/1074 2663/2413/1074 2617/2375/707
s 0
f 2664/2416/874 2665/2417/874 2666/2418/874
f 2665/2417/874 2667/2419/874 2666/2418/874
f 2666/2418/874 2668/2420/874 2664/2416/874
f 2668/2420/874 2669/2421/874 2670/2422/874
f 2668/2420/874 2670/2422/874 2664/2416/874
f 2671/2423/1086 2672/2424/1086 2673/2425/1086
f 2672/2424/1086 2671/2423/1086 2674/2426/1086
f 2667/2419/874 2665/2417/874 2675/2427/874
f 2667/2419/874 2676/2428/874 2677/2429/874
f 2676/2428/874 2667/2419/874 2675/2427/874
f 2677/2429/874 2678/2430/874 2679/2431/874
f 2678/2430/874 2677/2429/874 2676/2428/874
f 2679/2431/874 2680/2432/874 2681/2433/874
f 2680/2432/874 2679/2431/874 2678/2430/874
f 2680/2432/874 2682/2434/874 2681/2433/874
f 2683/2435/874 2684/2436/874 2685/2437/874
f 2684/2436/874 2683/2435/874 2686/2438/874
f 2684/2436/874 2687/2439/874 2688/2440/874
f 2684/2436/874 2688/2440/874 2685/2437/874
f 2686/2438/874 2689/2441/874 2690/2442/874
f 2687/2439/874 2691/2443/874 2688/2440/874
f 2682/2434/874 2680/2432/874 2691/2443/874
f 2691/2443/874 2687/2439/874 2682/2434/874
f 2689/2441/874 2686/2438/874 2683/2435/874
f 2690/2442/874 2670/2422/874 2669/2421/874
f 2670/2422/874 2690/2442/874 2689/2441/874
f 2692/2444/874 2693/2445/874 2694/2446/874
f 2692/2444/874 2694/2446/874 2695/2447/874
f 2693/2445/874 2692/2444/874 2696/2448/874
f 2695/2447/874 2694/2446/874 2697/2449/874
f 2697/2449/874 2698/2450/874 2699/2451/874
f 2697/2449/874 2694/2446/874 2698/2450/874
f 2699/2451/874 2700/2452/874 2697/2449/874
f 2700/2452/874 2699/2451/874 2701/2453/874
f 2696/2448/874 2692/2444/874 2702/2454/874
f 2696/2448/874 2702/2454/874 2703/2455/874
s 1
f 2704/2456/1087 2705/2457/1088 2706/2458/1088
f 2705/2457/1088 2704/2456/1087 2707/2459/1089
f 2708/2460/1090 2709/2461/719 2710/2462/719
f 2709/2461/719 2708/2460/1090 2711/2463/1090
f 2710/2462/719 2712/2464/1087 2713/2465/1087
f 2711/2463/1090 2714/2466/1091 2715/2467/1091
f 2716/2468/1092 2717/2469/1092 2718/2470/1093
f 2718/2470/1093 2717/2469/1092 2719/2471/1093
f 2720/2472/1094 2721/2473/1095 2722/2474/1094
f 2721/2473/1095 2720/2472/1094 2723/2475/1095
f 2722/2474/1094 2724/2476/707 2720/2472/1094
f 2712/2464/1087 2710/2462/719 2709/2461/719
f 2714/2466/1091 2711/2463/1090 2708/2460/1090
s 0
f 2725/2477/1096 2726/2469/1096 2727/2468/1096
f 2726/2469/1096 2725/2477/1096 2728/2478/1096
s 1
f 2729/2479/707 2724/2476/707 2722/2474/1094
f 2724/2476/707 2730/2480/1097 2731/2481/1097
s 0
f 2732/2425/1098 2733/2424/1098 2734/2482/1098
f 2734/2482/1099 2733/2424/1099 2735/2483/1099
f 2736/2458/1100 2737/2457/1100 2738/2477/1100
f 2738/2477/1101 2737/2457/1101 2739/2478/1101
s 1
f 2730/2480/1097 2724/2476/707 2729/2479/707
f 2740/2484/1102 2741/2485/1103 2742/2486/1104
f 2740/2484/1102 2743/2487/1105 2744/2488/1106
f 2741/2485/1103 2740/2484/1102 2745/2489/1107
f 2745/2489/1107 2746/2490/1108 2741/2485/1103
f 2746/2490/1108 2745/2489/1107 2747/2491/1109
f 2747/2491/1109 2748/2492/1110 2746/2490/1108
f 2748/2492/1110 2749/2493/1111 2750/2494/1112
f 2748/2492/1110 2747/2491/1109 2751/2495/1113
f 2749/2493/1111 2748/2492/1110 2751/2495/1113
f 2749/2493/1111 2752/2496/1114 2750/2494/1112
f 2752/2496/1114 2753/2497/1115 2754/2498/1116
f 2752/2496/1114 2754/2498/1116 2750/2494/1112
f 2754/2498/1116 2753/2497/1115 2755/2499/1117
f 2753/2497/1115 2756/2500/1118 2755/2499/1117
f 2756/2500/1118 2753/2497/1115 2757/2501/1119
f 2757/2501/1119 2758/2502/1120 2756/2500/1118
f 2758/2502/1120 2757/2501/1119 2759/2503/1121
f 2759/2503/1121 2760/2504/1122 2758/2502/1120
f 2760/2504/1122 2759/2503/1121 2761/2505/1123
f 2760/2504/1122 2762/2506/1124 2763/2507/1125
f 2761/2505/1123 2762/2506/1124 2760/2504/1122
f 2763/2507/1125 2744/2488/1106 2743/2487/1105
f 2744/2488/1106 2763/2507/1125 2762/2506/1124
f 2743/2487/1105 2740/2484/1102 2742/2486/1104
f 2764/2508/1097 2765/2509/707 2766/2510/1097
f 2765/2509/707 2767/2511/707 2768/2512/1094
f 2765/2509/707 2764/2508/1097 2767/2511/707
f 2769/2513/1092 2770/2514/1093 2771/2515/1092
f 2770/2514/1093 2769/2513/1092 2772/2516/1093
s 0
f 2773/2517/1096 2774/2518/1096 2775/2513/1096
f 2775/2513/1096 2776/2515/1096 2773/2517/1096
f 2777/2519/1101 2778/2520/1101 2779/2518/1101
f 2779/2518/1101 2780/2517/1101 2777/2519/1101
s 1
f 2781/2521/1087 2782/2522/1126 2783/2520/1088
f 2783/2520/1088 2784/2519/1088 2781/2521/1087
f 2785/2523/719 2786/2524/1127 2787/2525/719
f 2786/2524/1127 2785/2523/719 2788/2526/1127
f 2787/2525/719 2789/2527/1090 2785/2523/719
f 2789/2527/1090 2787/2525/719 2790/2528/1090
f 2790/2528/1090 2791/2529/1091 2789/2527/1090
f 2791/2529/1091 2790/2528/1090 2792/2530/1091
s 0
f 2793/2531/1099 2794/2532/1099 2795/2533/1099
f 2795/2533/1099 2796/2534/1099 2793/2531/1099
f 2797/2535/1086 2798/2536/1086 2799/2532/1086
f 2799/2532/1086 2800/2531/1086 2797/2535/1086
s 1
f 2801/2537/1094 2768/2512/1094 2802/2538/1095
f 2768/2512/1094 2801/2537/1094 2765/2509/707
f 2802/2538/1095 2803/2539/1095 2801/2537/1094
s 0
f 2804/2540/1128 2805/2541/1128 2806/2542/1128
f 2806/2542/1128 2807/2543/1128 2804/2540/1128
s 1
f 2808/2544/1129 2809/2545/1129 2810/2465/1085
f 2809/2545/1129 2808/2544/1129 2811/2546/1074
f 2810/2465/1085 2812/2547/1085 2808/2544/1129
f 2811/2546/1074 2813/2548/1074 2809/2545/1129
f 2814/2549/1130 2815/2550/1130 2816/2548/1073
f 2816/2548/1073 2817/2546/1073 2814/2549/1130
f 2818/2551/1075 2819/2552/1130 2820/2553/1075
f 2819/2552/1130 2818/2551/1075 2821/2554/1130
s 0
f 2822/2555/1077 2823/2556/1077 2824/2551/1077
f 2824/2551/1077 2825/2553/1077 2822/2555/1077
s 1
f 2826/2557/1131 2827/2558/1131 2828/2556/1076
f 2826/2557/1131 2829/2559/1079 2827/2558/1131
f 2828/2556/1076 2830/2555/1076 2826/2557/1131
f 2829/2559/1079 2826/2557/1131 2831/2426/1079
f 2832/2560/719 2833/2561/1132 2834/2562/719
f 2833/2561/1132 2832/2560/719 2835/2563/1132
f 2834/2562/719 2836/2564/1133 2832/2560/719
f 2836/2564/1133 2834/2562/719 2837/2565/1133
s 0
f 2838/2566/942 2839/2567/942 2840/2568/942
f 2838/2566/942 2841/2569/942 2839/2567/942
f 2841/2569/942 2838/2566/942 2842/2570/942
f 2841/2569/942 2842/2570/942 2843/2571/942
f 2844/2572/942 2845/2573/942 2846/2574/942
f 2845/2573/942 2844/2572/942 2838/2566/942
f 2845/2573/942 2838/2566/942 2847/2575/942
f 2842/2570/942 2838/2566/942 2844/2572/942
f 2842/2570/942 2844/2572/942 2848/2576/942
f 2848/2576/942 2844/2572/942 2849/2577/942
s 1
f 2850/2578/1134 2851/2565/1082 2852/2579/1134
f 2851/2565/1082 2850/2578/1134 2853/2564/1082
f 2854/2543/1083 2855/2542/1083 2856/2580/1135
f 2856/2580/1135 2857/2581/1134 2854/2543/1083
s 0
f 2858/2582/874 2859/2583/874 2860/2584/874
f 2858/2582/874 2861/2585/874 2859/2583/874
f 2861/2585/874 2862/2586/874 2859/2583/874
f 2860/2584/874 2863/2587/874 2864/2588/874
f 2865/2589/1136 2866/2590/1136 2867/2591/1136
f 2866/2590/1136 2865/2589/1136 2868/2592/1136
f 2864/2588/874 2869/2593/874 2870/2594/874
f 2864/2588/874 2858/2582/874 2860/2584/874
f 2869/2593/874 2864/2588/874 2863/2587/874
f 2870/2594/874 2871/2595/874 2872/2596/874
f 2871/2595/874 2870/2594/874 2869/2593/874
f 2872/2596/874 2873/2597/874 2874/2598/874
f 2873/2597/874 2872/2596/874 2871/2595/874
f 2873/2597/874 2875/2599/874 2876/2600/874
f 2877/2601/874 2878/2602/874 2879/2603/874
f 2877/2601/874 2880/2604/874 2881/2605/874
f 2878/2602/874 2877/2601/874 2881/2605/874
f 2879/2603/874 2882/2606/874 2883/2607/874
f 2880/2604/874 2877/2601/874 2884/2608/874
f 2884/2608/874 2875/2599/874 2880/2604/874
f 2875/2599/874 2884/2608/874 2876/2600/874
f 2876/2600/874 2874/2598/874 2873/2597/874
f 2882/2606/874 2879/2603/874 2878/2602/874
f 2883/2607/874 2862/2586/874 2885/2609/874
f 2862/2586/874 2883/2607/874 2882/2606/874
f 2862/2586/874 2861/2585/874 2885/2609/874
f 2886/2610/874 2887/2611/874 2888/2612/874
f 2886/2610/874 2888/2612/874 2889/2613/874
f 2887/2611/874 2886/2610/874 2890/2614/874
f 2891/2615/874 2892/2616/874 2893/2617/874
f 2892/2616/874 2891/2615/874 2888/2612/874
f 2893/2617/874 2894/2618/874 2891/2615/874
f 2889/2613/874 2888/2612/874 2891/2615/874
f 2894/2618/874 2893/2617/874 2895/2619/874
f 2890/2614/874 2896/2620/874 2897/2621/874
f 2890/2614/874 2886/2610/874 2896/2620/874
s 1
f 2898/2622/1137 2899/2623/1138 2900/2624/1138
f 2899/2623/1138 2898/2622/1137 2901/2625/1137
f 2901/2625/1137 2902/2626/885 2903/2627/885
f 2904/2628/1139 2903/2627/885 2902/2626/885
f 2904/2628/1139 2905/2629/1140 2906/2630/1139
f 2903/2627/885 2904/2628/1139 2906/2630/1139
f 2902/2626/885 2901/2625/1137 2898/2622/1137
f 2907/2631/1141 2908/2632/1142 2909/2633/1142
f 2908/2632/1142 2907/2631/1141 2910/2634/1141
f 2911/2635/1143 2912/2636/1143 2913/2591/1144
f 2913/2591/1144 2912/2636/1143 2914/2589/1144
f 2915/2637/1140 2905/2629/1140 2904/2628/1139
s 0
f 2916/2638/1145 2917/2634/1145 2918/2631/1145
f 2917/2634/1145 2916/2638/1145 2919/2639/1145
s 1
f 2920/2640/823 2921/2641/1146 2922/2642/823
f 2920/2640/823 2922/2642/823 2923/2643/1147
f 2923/2643/1147 2922/2642/823 2924/2644/1148
s 0
f 2925/2590/1149 2926/2592/1149 2927/2645/1149
f 2927/2645/1149 2926/2592/1149 2928/2646/1149
s 1
f 2929/2647/1150 2930/2639/1150 2931/2638/1150
s 0
f 2930/2639/1150 2929/2647/1150 2932/2648/1150
s 1
f 2933/2649/1146 2921/2641/1146 2920/2640/823
f 2934/2650/1151 2935/2651/1152 2936/2652/1153
f 2934/2650/1151 2937/2653/1154 2938/2654/1155
f 2935/2651/1152 2934/2650/1151 2939/2655/1156
f 2939/2655/1156 2940/2656/1157 2935/2651/1152
f 2940/2656/1157 2939/2655/1156 2941/2657/1158
f 2941/2657/1158 2942/2658/1159 2940/2656/1157
f 2942/2658/1159 2941/2657/1158 2943/2659/1160
f 2942/2658/1159 2944/2660/1161 2945/2661/1162
f 2944/2660/1161 2942/2658/1159 2943/2659/1160
f 2945/2661/1162 2946/2662/1163 2947/2663/1164
f 2946/2662/1163 2948/2664/1165 2947/2663/1164
f 2946/2662/1163 2945/2661/1162 2944/2660/1161
f 2948/2664/1165 2949/2665/1166 2950/2666/1167
f 2948/2664/1165 2950/2666/1167 2947/2663/1164
f 2949/2665/1166 2948/2664/1165 2951/2667/1168
f 2951/2667/1168 2952/2668/1169 2949/2665/1166
f 2952/2668/1169 2951/2667/1168 2953/2669/1170
f 2953/2669/1170 2954/2670/1171 2952/2668/1169
f 2954/2670/1171 2953/2669/1170 2955/2671/1171
f 2955/2671/1171 2956/2672/1172 2954/2670/1171
f 2956/2672/1172 2938/2654/1155 2957/2673/1173
f 2956/2672/1172 2957/2673/1173 2954/2670/1171
f 2957/2673/1173 2938/2654/1155 2937/2653/1154
f 2937/2653/1154 2934/2650/1151 2936/2652/1153
s 0
f 2958/2674/1145 2959/2675/1145 2960/2676/1145
f 2959/2675/1145 2958/2674/1145 2961/2677/1145
s 1
f 2962/2677/1141 2963/2678/1142 2964/2675/1141
f 2963/2678/1142 2965/2679/1142 2964/2675/1141
s 0
f 2966/2680/1150 2967/2676/1150 2968/2681/1150
f 2967/2676/1150 2966/2680/1150 2969/2674/1150
s 1
f 2970/2682/1137 2971/2683/1137 2972/2684/885
f 2970/2682/1137 2973/2685/1138 2971/2683/1137
f 2973/2685/1138 2974/2686/1138 2971/2683/1137
f 2975/2687/885 2970/2682/1137 2972/2684/885
f 2975/2687/885 2972/2684/885 2976/2688/1139
f 2977/2689/1139 2976/2688/1139 2978/2690/1140
f 2977/2689/1139 2975/2687/885 2976/2688/1139
f 2979/2691/1140 2977/2689/1139 2978/2690/1140
s 0
f 2980/2692/1149 2981/2693/1149 2982/2694/1149
f 2981/2693/1149 2983/2695/1149 2982/2694/1149
f 2984/2696/1136 2985/2692/1136 2986/2697/1136
f 2985/2692/1136 2987/2694/1136 2986/2697/1136
s 1
f 2988/2698/1147 2989/2696/1144 2990/2699/1147
f 2989/2696/1144 2991/2697/1144 2990/2699/1147
f 2992/2700/823 2993/2701/1148 2994/2702/823
f 2992/2700/823 2994/2702/823 2995/2703/1142
f 2993/2701/1148 2996/2704/1174 2994/2702/823
f 2997/2705/823 2998/2706/1148 2999/2707/1148
f 2997/2705/823 2999/2707/1148 3000/2708/823
f 3001/2709/823 3002/2710/823 3003/2711/1148
f 3002/2710/823 3001/2709/823 3004/2712/1146
f 3003/2711/1148 3005/2713/1148 3001/2709/823
f 3006/2714/1147 3007/2715/1144 3008/2716/1147
f 3007/2715/1144 3006/2714/1147 3009/2717/1144
s 0
f 3010/2717/1136 3011/2718/1136 3012/2715/1136
f 3011/2718/1136 3010/2717/1136 3013/2719/1136
f 3014/2719/1149 3015/2720/1149 3016/2718/1149
f 3015/2720/1149 3014/2719/1149 3017/2721/1149
s 1
f 3018/2722/1140 3019/2723/1139 3020/2724/1140
f 3019/2723/1139 3018/2722/1140 3021/2725/1139
f 3021/2725/1139 3022/2726/885 3019/2723/1139
f 3022/2726/885 3023/2727/885 3024/2728/1137
f 3022/2726/885 3021/2725/1139 3023/2727/885
f 3024/2728/1137 3025/2729/1137 3022/2726/885
f 3025/2729/1137 3024/2728/1137 3026/2730/1138
f 3026/2730/1138 3027/2529/1138 3025/2729/1137
f 3028/2731/1150 3029/2732/1150 3030/2733/1150
s 0
f 3030/2733/1150 3031/2734/1150 3028/2731/1150
f 3032/2734/1145 3033/2733/1145 3034/2735/1145
f 3034/2735/1145 3035/2736/1145 3032/2734/1145
s 1
f 3004/2712/1146 3036/2737/1142 3002/2710/823
f 3037/2735/1141 3038/2738/1175 3039/2736/1141
f 3038/2738/1175 3037/2735/1141 3040/2739/1142
f 3041/2740/1176 3042/2601/1177 3043/2741/1177
f 3042/2601/1177 3044/2742/1178 3045/2743/1179
f 3042/2601/1177 3041/2740/1176 3046/2608/1180
f 3046/2608/1180 3047/2744/1181 3048/2745/1182
f 3049/2746/1183 3050/2747/1184 3051/2748/1185
f 3050/2747/1184 3049/2746/1183 3052/2749/1186
f 3051/2748/1185 3053/2750/1187 3049/2746/1183
f 3052/2749/1186 3054/2751/1188 3055/2752/1189
f 3056/2753/1190 3057/2754/1191 3058/2755/1192
f 3057/2754/1191 3056/2753/1190 3059/2756/1193
f 3058/2755/1192 3060/2757/1194 3061/2758/1195
f 3059/2756/1193 3062/2759/1196 3063/2760/1197
f 3064/2761/1198 3065/2762/1199 3066/2763/1200
f 3065/2762/1199 3067/2764/1201 3068/2765/1202
f 3066/2763/1200 3069/2766/1203 3064/2761/1198
f 3069/2766/1203 3070/2767/1204 3064/2761/1198
f 3048/2745/1182 3071/2768/1205 3072/2769/1206
f 3071/2768/1205 3048/2745/1182 3047/2744/1181
f 3072/2769/1206 3073/2770/1207 3074/2771/1208
f 3047/2744/1181 3046/2608/1180 3041/2740/1176
f 3075/2772/1209 3067/2764/1201 3076/2773/1210
f 3067/2764/1201 3075/2772/1209 3068/2765/1202
f 3076/2773/1210 3044/2742/1178 3075/2772/1209
f 3068/2765/1202 3066/2763/1200 3065/2762/1199
f 3077/2774/1211 3055/2752/1189 3054/2751/1188
f 3055/2752/1189 3050/2747/1184 3052/2749/1186
f 3054/2751/1188 3078/2775/1212 3077/2774/1211
f 3078/2775/1212 3079/2776/1213 3077/2774/1211
f 3063/2760/1197 3080/2777/1214 3081/2778/1214
f 3080/2777/1214 3063/2760/1197 3062/2759/1196
f 3080/2777/1214 3053/2750/1187 3082/2779/1215
f 3062/2759/1196 3059/2756/1193 3056/2753/1190
f 3083/2780/1216 3074/2771/1208 3073/2770/1207
f 3074/2771/1208 3083/2780/1216 3084/2781/1217
f 3073/2770/1207 3072/2769/1206 3071/2768/1205
f 3084/2781/1217 3070/2767/1204 3085/2782/1218
f 3045/2743/1179 3043/2741/1177 3042/2601/1177
f 3044/2742/1178 3076/2773/1210 3045/2743/1179
f 3053/2750/1187 3051/2748/1185 3082/2779/1215
f 3082/2779/1215 3081/2778/1214 3080/2777/1214
f 3060/2757/1194 3058/2755/1192 3057/2754/1191
f 3061/2758/1195 3086/2783/1219 3087/2784/1220
f 3088/2785/1221 2992/2700/823 2995/2703/1142
f 3089/2786/1147 3090/2787/1144 3091/2788/1144
f 3089/2786/1147 3091/2788/1144 3092/2789/1147
s 0
f 3093/2787/1136 3094/2790/1136 3095/2788/1136
f 3093/2787/1136 3096/2791/1136 3094/2790/1136
f 3097/2791/1149 3098/2792/1149 3099/2790/1149
f 3097/2791/1149 3100/2793/1149 3098/2792/1149
s 1
f 3101/2794/1140 3102/2795/1139 3103/2796/1140
f 3101/2794/1140 3104/2797/1139 3102/2795/1139
f 3104/2797/1139 3105/2798/885 3102/2795/1139
f 3104/2797/1139 3106/2799/885 3105/2798/885
f 3106/2799/885 3107/2800/1137 3105/2798/885
f 3106/2799/885 3108/2801/1137 3107/2800/1137
f 3108/2801/1137 3109/2802/1138 3107/2800/1137
f 3108/2801/1137 3110/2803/1138 3109/2802/1138
s 0
f 3111/2804/1150 3112/2805/1150 3113/2806/1150
f 3111/2804/1150 3114/2807/1150 3112/2805/1150
f 3115/2808/1145 3116/2805/1145 3117/2807/1145
f 3116/2805/1145 3115/2808/1145 3118/2809/1145
s 1
f 3119/2808/1141 3120/2810/1142 3121/2811/1142
f 3119/2808/1141 3121/2811/1142 3122/2809/1141
f 3123/2812/1222 2997/2705/823 3000/2708/823
f 3123/2812/1222 3000/2708/823 3124/2813/1142
f 3070/2767/1204 3084/2781/1217 3083/2780/1216
f 3070/2767/1204 3069/2766/1203 3085/2782/1218
f 3086/2783/1219 3061/2758/1195 3060/2757/1194
f 3087/2784/1220 3079/2776/1213 3125/2814/1223
f 3079/2776/1213 3078/2775/1212 3125/2814/1223
f 3079/2776/1213 3087/2784/1220 3086/2783/1219
s 0
f 3126/2815/1085 3127/2816/1085 3128/2817/1085
f 3127/2816/1085 3126/2815/1085 3129/2818/1085
f 3130/2819/1082 3131/2820/1082 3132/2211/1082
f 3132/2211/1082 3133/2213/1082 3130/2819/1082
s 1
f 3134/2821/1062 3135/2822/1062 2536/2307/1062
s 0
f 3135/2822/1062 3134/2821/1062 3136/2823/1062
s 1
f 2536/2307/1062 2535/2288/1058 3134/2821/1062
s 0
f 3137/2824/874 2609/2367/874 2608/2366/874
f 2608/2366/874 3138/2825/874 3137/2824/874
f 2608/2366/874 2607/2365/874 2602/2360/874
f 3138/2825/874 3139/2826/874 3137/2824/874
f 3138/2825/874 3140/2827/874 3139/2826/874
f 3139/2826/874 2606/2364/874 2605/2363/874
f 2606/2364/874 2604/2362/874 2603/2361/874
f 2606/2364/874 3139/2826/874 3140/2827/874
f 3141/2348/707 2567/2329/707 2437/2219/707
f 2567/2329/707 2571/2331/707 2566/2328/707
f 2567/2329/707 3141/2348/707 3142/2347/707
f 2437/2219/707 2567/2329/707 2436/2218/707
s 1
f 3143/2828/1224 2424/2206/1033 3144/2829/1225
f 3143/2828/1224 2425/2207/1034 2424/2206/1033
f 3144/2829/1225 2503/2279/1051 3143/2828/1224
s 0
f 3145/2830/719 3146/2831/719 3147/2832/719
f 3145/2830/719 3148/2833/719 3149/2834/719
f 3148/2833/719 3145/2830/719 3150/2835/719
f 3149/2834/719 3151/2836/719 3145/2830/719
f 3152/2271/707 3153/2837/707 2571/2331/707
f 3153/2837/707 3152/2271/707 3154/2270/707
f 2571/2331/707 3153/2837/707 2570/2330/707
s 1
f 3155/2838/719 3156/2241/1226 2513/2285/1056
f 3156/2241/1226 3155/2838/719 3157/2239/719
f 2513/2285/1056 2510/2282/719 3155/2838/719
f 3158/2839/1056 2486/2263/1043 2482/2261/1041
s 0
f 3159/2840/719 3151/2836/719 3160/2841/719
f 3151/2836/719 3149/2834/719 3161/2842/719
f 3151/2836/719 3161/2842/719 3160/2841/719
s 1
f 2546/2314/1068 2543/2312/1067 3162/2247/1227
f 2503/2279/1051 2500/2276/1048 2497/2273/1045
f 2503/2279/1051 3144/2829/1225 2504/2280/1052
f 2512/2284/1055 3147/2832/719 3146/2831/719
f 3147/2832/719 2512/2284/1055 2511/2283/1041
s 0
f 3146/2831/719 3145/2830/719 3151/2836/719
s 1
f 2511/2283/1041 2508/2281/1054 2513/2285/1056
s 0
f 2487/2222/719 2485/2262/719 2484/2220/719
s 1
f 3163/2843/1082 3164/2844/1082 3165/2845/1082
f 3165/2845/1082 3166/2846/1082 3163/2843/1082
s 0
f 3167/2353/1085 3168/2847/1085 3169/2351/1085
f 3168/2847/1085 3167/2353/1085 3170/2848/1085
f 3171/2849/823 3172/2850/823 3173/2851/823
f 3173/2851/823 3172/2850/823 3174/2852/823
f 3175/2853/707 3176/2817/707 3177/2854/707
f 3176/2817/707 3175/2853/707 3178/2815/707
f 2475/2254/885 2472/2252/885 3179/2855/885
f 3180/2840/1040 3181/2214/1040 3182/2212/1040
s 1
f 3181/2214/1040 3180/2840/1040 3183/2841/1040
s 0
f 3184/2835/1038 3185/2856/1038 3186/2833/1038
f 3185/2856/1038 3184/2835/1038 3187/2857/1038
f 3188/2845/719 3189/2245/719 3190/2846/719
f 3189/2245/719 3191/2244/719 3190/2846/719
f 3192/2858/707 3193/2859/707 3194/2860/707
f 3193/2859/707 3192/2858/707 3195/2861/707
f 3196/2862/707 3197/2863/707 3198/2864/707
f 3197/2863/707 3196/2862/707 3199/2865/707
f 3200/2864/1061 3201/2866/1061 3202/2867/1061
f 3201/2866/1061 3200/2864/1061 3203/2863/1061
f 3204/2868/823 3205/2869/823 3206/2870/823
f 3206/2870/823 3205/2869/823 3207/2871/823
f 3208/2872/885 3209/2873/885 3210/2874/885
f 3209/2873/885 3208/2872/885 3211/2875/885
f 3212/2876/719 3213/2877/719 3214/2878/719
f 3214/2878/719 3213/2877/719 3215/2879/719
f 3216/2880/1044 3217/2861/1044 3218/2858/1044
s 1
f 3217/2861/1044 3216/2880/1044 3219/2881/1044
f 3220/2882/1228 3221/2883/1229 3222/2884/1230
f 3220/2882/1228 3223/2885/1231 3224/2886/1232
f 3221/2883/1229 3220/2882/1228 3224/2886/1232
f 3221/2883/1229 3225/2887/1233 3222/2884/1230
f 3222/2884/1230 3225/2887/1233 3226/2888/1234
s 0
f 3227/2889/707 3228/2890/707 3229/2891/707
f 3229/2891/707 3228/2890/707 3230/2892/707
f 3231/2893/719 3232/2894/719 3233/2895/719
f 3231/2893/719 3233/2895/719 3234/2896/719
f 3232/2894/719 3231/2893/719 3235/2897/719
f 3233/2895/719 3236/2898/719 3237/2899/719
f 3238/2900/1235 3239/2901/1235 3240/2902/1235
f 3239/2901/1235 3238/2900/1235 3241/2903/1235
f 3242/2904/942 3243/2905/942 3244/2906/942
f 3243/2905/942 3242/2904/942 3245/2907/942
f 3243/2905/942 3246/2908/942 3247/2909/942
f 3244/2906/942 3243/2905/942 3247/2909/942
f 3245/2907/942 3248/2910/942 3249/2911/942
f 3250/2912/1039 3251/2913/1039 3252/2914/1039
f 3253/2915/1039 3252/2914/1039 3251/2913/1039
f 3254/2916/1236 3255/2917/1236 3256/2918/1236
f 3255/2917/1236 3254/2916/1236 3257/2919/1236
f 3258/2920/1235 3259/2921/1235 3260/2922/1235
s 1
f 3259/2921/1235 3258/2920/1235 3261/2923/1235
s 0
f 3262/2924/1236 3263/2925/1236 3264/2926/1236
f 3262/2924/1236 3265/2927/1236 3266/2928/1236
f 3266/2928/1236 3265/2927/1236 3267/2929/1236
f 3268/2930/823 3269/2931/823 3270/2932/823
f 3269/2931/823 3268/2930/823 3271/2933/823
f 3263/2925/1236 3262/2924/1236 3266/2928/1236
f 3272/2912/885 3273/2934/885 3274/2913/885
f 3273/2934/885 3275/2935/885 3276/2936/885
f 3273/2934/885 3272/2912/885 3277/2937/885
s 1
f 3278/2938/1235 3279/2939/1235 3240/2902/1235
s 0
f 3279/2939/1235 3238/2900/1235 3240/2902/1235
f 3280/2940/823 3281/2941/823 3282/2942/823
f 3281/2941/823 3280/2940/823 3283/2943/823
s 1
f 3284/2944/1237 3285/2945/1238 3286/2946/1239
f 3284/2944/1237 3287/2900/707 3288/2939/1240
f 3287/2900/707 3284/2944/1237 3289/2947/707
s 0
f 3289/2947/707 3290/2903/707 3287/2900/707
f 3291/2948/885 3292/2949/885 3293/2950/885
f 3292/2949/885 3294/2951/885 3293/2950/885
s 1
f 3295/2952/1241 3296/2953/1241 3297/2954/1241
s 0
f 3296/2953/1241 3295/2952/1241 3298/2955/1241
s 1
f 3299/2956/1242 3300/2957/1243 3301/2958/1244
f 3300/2957/1243 3299/2956/1242 3302/2959/1245
f 3301/2958/1244 3303/2960/1246 3299/2956/1242
f 3302/2959/1245 3304/2961/1247 3300/2957/1243
f 3305/2885/1231 3306/2962/1248 3307/2963/1249
f 3306/2962/1248 3305/2885/1231 3303/2960/1246
f 3303/2960/1246 3301/2958/1244 3306/2962/1248
f 3308/2963/1249 3224/2886/1232 3223/2885/1231
f 3309/2918/707 3310/2964/1250 3311/2965/707
f 3310/2964/1250 3312/2966/1237 3313/2967/1239
f 3310/2964/1250 3309/2918/707 3314/2917/707
f 3311/2965/707 3313/2967/1239 3315/2968/707
f 3249/2911/942 3316/2969/1251 3317/2970/1252
f 3316/2969/1251 3249/2911/942 3248/2910/942
s 0
f 3248/2910/942 3245/2907/942 3242/2904/942
f 3318/2971/707 3319/2336/707 3320/2972/707
f 3321/2973/707 3320/2972/707 3319/2336/707
f 3322/2974/885 3323/2975/885 3324/2976/885
f 3323/2975/885 3325/2977/885 3324/2976/885
f 3326/2978/823 3327/2979/823 3328/1598/823
f 3327/2979/823 3329/2980/823 3328/1598/823
f 3330/2981/1253 3331/2982/1253 3332/2983/1253
f 3331/2982/1253 3330/2981/1253 3333/2984/1253
s 1
f 3334/2985/1254 3335/2986/1255 3336/2987/1256
f 3334/2985/1254 3336/2987/1256 3337/2988/1257
f 3335/2986/1255 3338/2989/1258 3336/2987/1256
f 3336/2987/1256 3339/2990/1062 3337/2988/1257
f 3337/2988/1257 3340/2969/1251 3334/2985/1254
f 3337/2988/1257 3341/2970/1252 3340/2969/1251
f 3342/2925/707 3343/2991/707 3344/2992/1259
s 0
f 3343/2991/707 3345/2929/707 3346/2993/707
f 3343/2991/707 3342/2925/707 3347/2928/707
s 1
f 3344/2992/1260 3348/2994/1261 3349/2925/1262
s 0
f 3347/2928/707 3345/2929/707 3343/2991/707
s 1
f 3338/2989/1258 3335/2986/1255 3350/2995/1263
s 0
f 3351/2996/1069 3352/2997/1069 3353/2998/1069
f 3352/2997/1069 3351/2996/1069 3354/2999/1069
s 1
f 3355/3000/1264 3356/2945/1264 3357/2939/1264
f 3357/2939/1264 3358/2938/1264 3355/3000/1264
f 3359/2996/1265 3360/3001/1265 3361/3002/1266
f 3360/3001/1265 3359/2996/1265 3362/2998/1265
s 0
f 3363/3003/885 3364/3004/885 3365/3005/885
f 3364/3004/885 3366/3006/885 3365/3005/885
s 1
f 3246/2908/942 3338/2989/1258 3350/2995/1263
f 3246/2908/942 3350/2995/1263 3247/2909/942
s 0
f 3236/2898/719 3367/3007/719 3368/3008/719
f 3236/2898/719 3369/2983/719 3367/3007/719
f 3369/2983/719 3236/2898/719 3370/2981/719
f 3371/2897/1253 3372/3009/1253 3373/2894/1253
f 3372/3009/1253 3371/2897/1253 3374/3010/1253
f 3375/3011/823 3376/3012/823 3377/3013/823
f 3377/3013/823 3378/3014/823 3375/3011/823
f 3379/2950/885 3380/3015/885 3381/3016/885
f 3380/3015/885 3379/2950/885 3382/3017/885
f 3383/3018/707 3384/3019/707 3385/3020/707
f 3386/2302/707 3385/3020/707 3384/3019/707
f 3387/3021/1241 3388/3022/1241 3389/3023/1241
f 3388/3022/1241 3387/3021/1241 3390/3024/1241
f 3391/3025/719 3392/3026/719 3393/3027/719
f 3392/3026/719 3391/3025/719 3394/3028/719
f 3395/3029/874 3396/3030/874 3397/3031/874
f 3395/3029/874 3397/3031/874 3398/3032/874
f 3396/3030/874 3395/3029/874 3399/3033/874
f 3399/3033/874 3395/3029/874 3400/3034/874
f 3401/3035/874 3402/3036/874 3403/3037/874
f 3402/3036/874 3404/3038/874 3405/3039/874
f 3402/3036/874 3401/3035/874 3406/3040/874
f 3403/3037/874 3407/3041/874 3401/3035/874
f 3406/3040/874 3404/3038/874 3402/3036/874
f 3408/3042/823 3409/3043/823 3410/3044/823
f 3409/3043/823 3408/3042/823 3411/3045/823
s 1
f 3412/3046/1132 3413/3047/1132 3414/3048/719
f 3414/3048/719 3413/3047/1132 3415/3049/719
f 3414/3048/719 3415/3049/719 3416/3050/1133
s 0
f 3417/3051/1079 3418/3052/1079 3419/3053/1079
f 3419/3053/1079 3418/3052/1079 3420/3054/1079
s 1
f 3421/3055/885 3422/3056/885 3423/3051/1076
f 3422/3056/885 3424/3057/1077 3425/3058/1077
f 3423/3051/1076 3422/3056/885 3426/3052/1076
f 3424/3057/1077 3422/3056/885 3421/3055/885
f 3427/3059/1130 3428/3058/1075 3429/3057/1075
f 3428/3058/1075 3427/3059/1130 3430/3060/1130
f 3431/3061/707 3432/3062/1267 3433/3063/1267
f 3432/3062/1267 3431/3061/707 3434/3064/707
f 3434/3064/707 3435/3065/1129 3436/3066/1129
f 3435/3065/1129 3434/3064/707 3431/3061/707
f 3436/3066/1129 3437/3067/1085 3438/3068/1085
f 3437/3067/1085 3436/3066/1129 3435/3065/1129
f 3439/3069/823 3440/3070/823 3441/3071/1128
f 3439/3069/823 3442/3072/1134 3440/3070/823
f 3441/3071/1128 3440/3070/823 3443/3073/1128
f 3444/3074/1134 3442/3072/1134 3439/3069/823
s 0
f 3445/3075/942 3446/3076/942 3447/3077/942
f 3445/3075/942 3448/3078/942 3446/3076/942
f 3448/3078/942 3449/3079/942 3450/3080/942
f 3449/3079/942 3451/3081/942 3450/3080/942
f 3449/3079/942 3445/3075/942 3452/3082/942
f 3449/3079/942 3448/3078/942 3445/3075/942
f 3449/3079/942 3452/3082/942 3453/3083/942
f 3451/3081/942 3449/3079/942 3454/3084/942
f 3450/3080/942 3455/3085/942 3448/3078/942
f 3455/3085/942 3450/3080/942 3456/3086/942
s 1
f 3457/3050/1082 3458/3087/1082 3459/3088/1134
f 3459/3088/1134 3458/3087/1082 3460/3089/1134
f 3416/3050/1133 3415/3049/719 3461/3087/1133
s 0
f 3462/3090/874 3463/3091/874 3464/3092/874
f 3463/3091/874 3462/3090/874 3465/3093/874
f 3464/3092/874 3466/3094/874 3467/3095/874
f 3468/3096/1099 3469/3097/1099 3470/3098/1099
f 3469/3097/1099 3468/3096/1099 3471/3099/1099
f 3466/3094/874 3464/3092/874 3463/3091/874
f 3466/3094/874 3472/3100/874 3467/3095/874
f 3472/3100/874 3466/3094/874 3473/3101/874
f 3473/3101/874 3474/3102/874 3472/3100/874
f 3474/3102/874 3473/3101/874 3475/3103/874
f 3475/3103/874 3476/3104/874 3474/3102/874
f 3476/3104/874 3475/3103/874 3477/3105/874
f 3476/3104/874 3478/3106/874 3479/3107/874
f 3480/3108/874 3481/2429/874 3482/3109/874
f 3481/2429/874 3480/3108/874 3483/3110/874
f 3482/3109/874 3484/3111/874 3480/3108/874
f 3485/3112/874 3481/2429/874 3483/3110/874
f 3486/2419/874 3485/3112/874 3479/3107/874
f 3486/2419/874 3481/2429/874 3485/3112/874
f 3478/3106/874 3486/2419/874 3479/3107/874
f 3478/3106/874 3476/3104/874 3477/3105/874
f 3484/3111/874 3482/3109/874 3487/3113/874
f 3487/3113/874 3488/3114/874 3484/3111/874
f 3488/3114/874 3465/3093/874 3462/3090/874
f 3488/3114/874 3487/3113/874 3489/3115/874
f 3489/3115/874 3465/3093/874 3488/3114/874
f 3490/3116/874 3491/3117/874 3492/3118/874
f 3490/3116/874 3492/3118/874 3493/3119/874
f 3491/3117/874 3490/3116/874 3494/3120/874
f 3493/3119/874 3492/3118/874 3495/3121/874
f 3495/3121/874 3496/3122/874 3497/3123/874
f 3495/3121/874 3492/3118/874 3496/3122/874
f 3497/3123/874 3498/3124/874 3495/3121/874
f 3498/3124/874 3497/3123/874 3499/3125/874
f 3494/3120/874 3490/3116/874 3500/3126/874
f 3494/3120/874 3500/3126/874 3501/3127/874
s 1
f 3502/3128/1093 3503/3129/1092 3504/3130/1268
f 3503/3129/1092 3502/3128/1093 3505/3131/1092
f 3506/3132/1094 3507/3133/707 3508/3134/1094
f 3507/3133/707 3506/3132/1094 3509/3135/707
f 3508/3134/1094 3510/2480/1095 3506/3132/1094
f 3509/3135/707 3511/3136/1093 3507/3133/707
f 3512/3137/1088 3513/3138/1088 3514/3139/1089
f 3514/3139/1089 3515/3140/1087 3512/3137/1088
f 3516/3141/1090 3517/3142/1090 3518/3143/1091
f 3517/3142/1090 3516/3141/1090 3519/3144/719
f 3518/3143/1091 3520/3145/1091 3516/3141/1090
f 3511/3136/1093 3509/3135/707 3521/3146/1093
f 3510/2480/1095 3508/3134/1094 3522/3147/1095
s 0
f 3523/3148/1101 3524/3137/1101 3525/3149/1101
f 3524/3137/1101 3523/3148/1101 3526/3138/1101
s 1
f 3519/3144/719 3527/3150/1127 3528/3151/719
f 3519/3144/719 3528/3151/719 3517/3142/1090
s 0
f 3529/3097/1269 3530/3099/1269 3531/3152/1269
f 3531/3152/1086 3532/3153/1086 3529/3097/1086
f 3533/3129/1270 3534/3131/1270 3535/3148/1270
f 3535/3148/1096 3536/3149/1096 3533/3129/1096
s 1
f 3527/3150/1127 3519/3144/719 3537/3154/1127
f 3538/3155/1271 3539/3156/1116 3540/3157/1272
f 3538/3155/1271 3541/3158/1273 3542/3159/1117
f 3539/3156/1116 3538/3155/1271 3542/3159/1117
f 3540/3157/1272 3543/3160/1274 3544/3161/1275
f 3543/3160/1274 3540/3157/1272 3539/3156/1116
f 3544/3161/1275 3545/3162/1110 3546/3163/1113
f 3545/3162/1110 3547/3164/1109 3546/3163/1113
f 3545/3162/1110 3544/3161/1275 3543/3160/1274
f 3547/3164/1109 3545/3162/1110 3548/3165/1108
f 3548/3165/1108 3549/3166/1276 3547/3164/1109
f 3549/3166/1276 3548/3165/1108 3550/3167/1277
f 3551/3168/1278 3552/3169/1279 3553/3170/1280
f 3551/3168/1278 3550/3167/1277 3554/3171/1281
f 3551/3168/1278 3549/3166/1276 3550/3167/1277
f 3552/3169/1279 3551/3168/1278 3554/3171/1281
f 3553/3170/1280 3555/3172/1125 3556/3173/1282
f 3555/3172/1125 3553/3170/1280 3552/3169/1279
f 3556/3173/1282 3557/3174/1123 3558/3175/1123
f 3557/3174/1123 3556/3173/1282 3555/3172/1125
f 3559/3176/1283 3557/3174/1123 3560/3177/1120
f 3559/3176/1283 3558/3175/1123 3557/3174/1123
f 3560/3177/1120 3541/3158/1273 3561/3178/1284
f 3541/3158/1273 3538/3155/1271 3561/3178/1284
f 3561/3178/1284 3559/3176/1283 3560/3177/1120
f 3562/3179/1127 3563/3180/719 3564/3181/719
f 3563/3180/719 3562/3179/1127 3565/3182/1127
f 3564/3181/719 3563/3180/719 3566/3183/1090
f 3567/3184/1088 3568/3185/1087 3569/3186/1087
f 3568/3185/1087 3567/3184/1088 3570/3187/1088
s 0
f 3571/3188/1101 3572/3189/1101 3573/3184/1101
f 3573/3184/1101 3572/3189/1101 3574/3187/1101
f 3575/3190/1096 3576/3191/1096 3577/3188/1096
f 3577/3188/1096 3576/3191/1096 3578/3189/1096
s 1
f 3579/3192/1093 3580/3193/1093 3581/3190/1092
f 3581/3190/1092 3580/3193/1093 3582/3191/1092
f 3583/3194/707 3584/3195/1097 3585/3196/1097
f 3584/3195/1097 3583/3194/707 3586/3197/707
f 3586/3197/707 3587/3198/1094 3588/3199/1094
f 3587/3198/1094 3586/3197/707 3583/3194/707
f 3588/3199/1094 3589/3200/1095 3590/3201/1095
f 3589/3200/1095 3588/3199/1094 3587/3198/1094
s 0
f 3591/3202/1086 3592/3203/1086 3593/3204/1086
f 3593/3204/1086 3592/3203/1086 3594/3205/1086
f 3595/3206/1099 3596/3207/1099 3597/3202/1099
f 3597/3202/1099 3596/3207/1099 3598/3203/1099
s 1
f 3599/3208/1090 3600/3209/1091 3566/3183/1090
f 3600/3209/1091 3599/3208/1090 3601/3210/1091
f 3566/3183/1090 3563/3180/719 3599/3208/1090
s 0
f 3602/3211/1083 3603/3212/1083 3604/3213/1083
f 3604/3213/1083 3603/3212/1083 3605/3214/1083
s 1
f 3606/3215/1081 3607/3216/1133 3608/3217/1081
f 3606/3215/1081 3608/3217/1081 3609/3218/1082
f 3609/3218/1082 3608/3217/1081 3610/3219/1082
f 3611/3220/1133 3607/3216/1133 3606/3215/1081
f 3612/3221/1078 3613/3222/1078 3614/3220/1132
f 3614/3220/1132 3613/3222/1078 3615/3216/1132
f 3616/3223/1079 3617/3224/1078 3618/3225/1078
f 3617/3224/1078 3616/3223/1079 3619/3226/1079
s 0
f 3620/3227/1076 3621/3223/1076 3622/3228/1076
f 3621/3223/1076 3620/3227/1076 3623/3226/1076
s 1
f 3624/3229/1285 3625/3230/1285 3626/3228/1077
f 3625/3230/1285 3627/3231/1075 3628/2386/1075
f 3626/3228/1077 3625/3230/1285 3629/3227/1077
f 3627/3231/1075 3625/3230/1285 3624/3229/1285
f 3630/3232/707 3631/3233/1073 3632/3234/1073
f 3631/3233/1073 3630/3232/707 3633/3235/707
f 3633/3235/707 3634/3236/1074 3635/3237/1074
f 3634/3236/1074 3633/3235/707 3630/3232/707
s 0
f 3636/3238/942 3637/3239/942 3638/3240/942
f 3636/3238/942 3638/3240/942 3639/3241/942
f 3636/3238/942 3640/3242/942 3641/3243/942
f 3637/3239/942 3636/3238/942 3641/3243/942
f 3637/3239/942 3642/3244/942 3643/3245/942
f 3637/3239/942 3641/3243/942 3642/3244/942
f 3640/3242/942 3636/3238/942 3644/3246/942
f 3641/3243/942 3640/3242/942 3645/3247/942
f 3642/3244/942 3641/3243/942 3646/3248/942
f 3646/3248/942 3641/3243/942 3647/3249/942
s 1
f 3648/3250/1084 3649/3237/1085 3650/3236/1085
f 3649/3237/1085 3648/3250/1084 3651/3251/1286
f 3652/3213/1128 3653/3214/1128 3654/3252/1287
f 3654/3252/1287 3653/3214/1128 3655/3253/1084
s 0
f 3656/3254/874 3657/3255/874 3658/3256/874
f 3658/3256/874 3659/3257/874 3660/3258/874
f 3661/3259/874 3656/3254/874 3662/3260/874
f 3661/3259/874 3657/3255/874 3656/3254/874
f 3663/3261/1145 3664/3262/1145 3665/3263/1145
f 3665/3263/1145 3666/3264/1145 3663/3261/1145
f 3659/3257/874 3667/3265/874 3660/3258/874
f 3659/3257/874 3658/3256/874 3657/3255/874
f 3667/3265/874 3659/3257/874 3668/3266/874
f 3668/3266/874 3669/3267/874 3667/3265/874
f 3669/3267/874 3668/3266/874 3670/3268/874
f 3670/3268/874 3671/3269/874 3669/3267/874
f 3671/3269/874 3672/3270/874 3673/3271/874
f 3671/3269/874 3670/3268/874 3674/3272/874
f 3675/3273/874 3676/3274/874 3677/3275/874
f 3676/3274/874 3675/3273/874 3678/3276/874
f 3676/3274/874 3678/3276/874 3679/3277/874
f 3677/3275/874 3680/3278/874 3675/3273/874
f 3681/3279/874 3673/3271/874 3672/3270/874
f 3681/3279/874 3676/3274/874 3679/3277/874
f 3672/3270/874 3671/3269/874 3674/3272/874
f 3673/3271/874 3681/3279/874 3679/3277/874
f 3680/3278/874 3677/3275/874 3682/3280/874
f 3682/3280/874 3662/3260/874 3680/3278/874
f 3662/3260/874 3682/3280/874 3683/3281/874
f 3683/3281/874 3661/3259/874 3662/3260/874
f 3684/3282/874 3685/3283/874 3686/3284/874
f 3684/3282/874 3686/3284/874 3687/3285/874
f 3685/3283/874 3684/3282/874 3688/3286/874
f 3689/3287/874 3690/3288/874 3691/3289/874
f 3690/3288/874 3689/3287/874 3686/3284/874
f 3691/3289/874 3692/3290/874 3689/3287/874
f 3687/3285/874 3686/3284/874 3689/3287/874
f 3692/3290/874 3691/3289/874 3693/3291/874
f 3688/3286/874 3684/3282/874 3694/3292/874
f 3688/3286/874 3694/3292/874 3695/3293/874
s 1
f 3696/3294/1139 3697/2623/1140 3698/3295/1139
f 3697/2623/1140 3696/3294/1139 3699/2624/1140
f 3698/3295/1139 3700/3296/885 3696/3294/1139
f 3701/3297/1137 3702/3298/885 3703/3299/1137
f 3701/3297/1137 3703/3299/1137 3704/3300/1138
f 3702/3298/885 3701/3297/1137 3700/3296/885
f 3700/3296/885 3698/3295/1139 3702/3298/885
f 3705/3301/1144 3706/3302/1147 3707/3303/1144
f 3706/3302/1147 3705/3301/1144 3708/3304/1147
f 3709/2648/1175 3710/2647/1175 3711/3262/1141
f 3711/3262/1141 3712/3261/1141 3709/2648/1175
f 3704/3300/1138 3713/3305/1138 3701/3297/1137
s 0
f 3714/3306/1136 3715/3303/1136 3716/3307/1136
f 3715/3303/1136 3714/3306/1136 3717/3301/1136
s 1
f 3718/3308/823 3719/3309/823 3720/3310/1142
f 3719/3309/823 3718/3308/823 3721/3311/1148
f 3720/3310/1142 3722/3312/1146 3718/3308/823
s 0
f 3723/3264/1150 3724/3263/1150 3725/3313/1150
f 3725/3313/1150 3726/3314/1150 3723/3264/1150
f 3727/3315/1149 3728/3307/1149 3729/3316/1149
f 3728/3307/1149 3727/3315/1149 3730/3306/1149
s 1
f 3721/3311/1148 3731/3317/1148 3719/3309/823
f 3732/3318/1288 3733/3319/1151 3734/3320/1153
f 3733/3319/1151 3735/3321/1156 3736/3322/1289
f 3733/3319/1151 3732/3318/1288 3737/3323/1290
f 3737/3323/1290 3738/3324/1291 3739/3325/1172
f 3738/3324/1291 3737/3323/1290 3732/3318/1288
f 3739/3325/1172 3740/3326/1171 3741/3327/1171
f 3740/3326/1171 3742/3328/1169 3743/3329/1292
f 3740/3326/1171 3739/3325/1172 3738/3324/1291
f 3742/3328/1169 3744/3330/1168 3743/3329/1292
f 3743/3329/1292 3741/3327/1171 3740/3326/1171
f 3744/3330/1168 3742/3328/1169 3745/3331/1293
f 3745/3331/1293 3746/3332/1165 3744/3330/1168
f 3746/3332/1165 3747/3333/1294 3748/3334/1163
f 3746/3332/1165 3745/3331/1293 3749/3335/1167
f 3747/3333/1294 3746/3332/1165 3749/3335/1167
f 3748/3334/1163 3750/3336/1162 3751/3337/1295
f 3750/3336/1162 3748/3334/1163 3747/3333/1294
f 3751/3337/1295 3752/3338/1296 3753/3339/1297
f 3752/3338/1296 3754/3340/1298 3753/3339/1297
f 3752/3338/1296 3751/3337/1295 3750/3336/1162
f 3754/3340/1298 3752/3338/1296 3755/3341/1299
f 3735/3321/1156 3755/3341/1299 3736/3322/1289
f 3735/3321/1156 3754/3340/1298 3755/3341/1299
f 3736/3322/1289 3734/3320/1153 3733/3319/1151
s 0
f 3756/3342/1136 3757/3343/1136 3758/3344/1136
f 3757/3343/1136 3756/3342/1136 3759/3345/1136
s 1
f 3760/3344/1144 3761/3343/1144 3762/3346/1147
f 3762/3346/1147 3761/3343/1144 3763/3347/1143
s 0
f 3764/3348/1149 3765/3345/1149 3766/3342/1149
f 3765/3345/1149 3764/3348/1149 3767/3349/1149
s 1
f 3768/3350/1139 3769/3351/885 3770/3352/1139
f 3768/3350/1139 3770/3352/1139 3771/3353/1140
f 3771/3353/1140 3770/3352/1139 3772/3354/1140
f 3773/3355/885 3774/3356/1137 3769/3351/885
f 3773/3355/885 3769/3351/885 3768/3350/1139
f 3774/3356/1137 3773/3355/885 3775/3357/1137
f 3775/3357/1137 3776/3358/1138 3774/3356/1137
f 3776/3358/1138 3775/3357/1137 3777/3359/1138
s 0
f 3778/3360/1150 3779/3361/1150 3780/3362/1150
f 3780/3362/1150 3779/3361/1150 3781/3363/1150
f 3782/3364/1145 3783/3360/1145 3784/3365/1145
f 3783/3360/1145 3782/3364/1145 3785/3361/1145
s 1
f 3786/3366/1142 3787/3365/1141 3788/3367/1142
f 3787/3365/1141 3786/3366/1142 3789/3364/1141
f 3790/3368/823 3791/2700/823 3792/3369/1146
f 3790/3368/823 3793/2701/1147 3791/2700/823
f 3792/3369/1146 3791/2700/823 3794/2785/1146
f 3795/3370/823 3796/3371/1146 3797/3372/1146
f 3796/3371/1146 3795/3370/823 3798/3373/823
f 3798/3373/823 3799/2812/1147 3800/2813/1147
f 3801/3374/823 3802/3375/1148 3803/3376/823
f 3801/3374/823 3803/3376/823 3804/3377/1300
f 3804/3377/1300 3803/3376/823 3805/3378/1146
f 3806/2732/1142 3807/3379/1141 3808/3380/1141
f 3807/3379/1141 3806/2732/1142 3809/3381/1142
s 0
f 3810/3380/1145 3811/3382/1145 3812/3383/1145
f 3811/3382/1145 3810/3380/1145 3813/3379/1145
f 3814/3383/1150 3815/3384/1150 3816/3385/1150
f 3815/3384/1150 3814/3383/1150 3817/3382/1150
s 1
f 3818/3386/1138 3819/3387/1137 3820/3388/1137
f 3819/3387/1137 3818/3386/1138 3821/3389/1138
f 3820/3388/1137 3822/3390/885 3823/3391/885
f 3822/3390/885 3820/3388/1137 3819/3387/1137
f 3823/3391/885 3822/3390/885 3824/3392/1139
f 3824/3392/1139 3825/3393/1139 3826/3394/1140
f 3824/3392/1139 3822/3390/885 3825/3393/1139
f 3826/3394/1140 3825/3393/1139 3827/3395/1140
s 0
f 3828/3396/1149 3829/3397/1149 3830/3398/1149
f 3830/3398/1149 3829/3397/1149 3831/3399/1149
f 3832/3398/1136 3833/3399/1136 3834/3400/1136
f 3834/3400/1136 3833/3399/1136 3835/3401/1136
s 1
f 3836/3402/1147 3802/3375/1148 3801/3374/823
f 3837/3400/1144 3838/3403/1143 3839/3404/1147
f 3838/3403/1143 3837/3400/1144 3840/3401/1144
f 3841/3405/1301 3842/3406/1302 3843/3407/1303
f 3842/3406/1302 3841/3405/1301 3844/3408/1302
f 3843/3407/1303 3845/3409/1304 3841/3405/1301
f 3846/3410/1305 3847/3411/1306 3848/3412/1307
f 3846/3410/1305 3849/3413/1308 3850/3414/1309
f 3849/3413/1308 3851/3415/1310 3852/3416/1311
f 3850/3414/1309 3849/3413/1308 3852/3416/1311
f 3853/3417/1312 3854/3418/1313 3855/3419/1314
f 3854/3418/1313 3853/3417/1312 3856/3420/1315
f 3855/3419/1314 3857/3421/1316 3853/3417/1312
f 3856/3420/1315 3858/3422/1317 3854/3418/1313
f 3859/3423/1318 3860/3424/1319 3861/2588/1320
f 3859/3423/1318 3862/3425/1321 3863/3426/1322
f 3860/3424/1319 3864/3427/1323 3865/2582/1324
f 3865/2582/1324 3861/2588/1320 3860/3424/1319
f 3866/3428/1325 3867/3429/1326 3868/3430/1327
f 3867/3429/1326 3866/3428/1325 3845/3409/1304
f 3868/3430/1327 3869/3431/1328 3866/3428/1325
f 3845/3409/1304 3843/3407/1303 3867/3429/1326
f 3862/3425/1321 3870/3432/1329 3863/3426/1322
f 3862/3425/1321 3859/3423/1318 3861/2588/1320
f 3870/3432/1329 3871/3433/1330 3872/3434/1331
f 3863/3426/1322 3870/3432/1329 3872/3434/1331
f 3847/3411/1306 3846/3410/1305 3850/3414/1309
f 3847/3411/1306 3873/3435/1332 3848/3412/1307
f 3873/3435/1332 3874/3436/1333 3875/3437/1334
f 3875/3437/1334 3848/3412/1307 3873/3435/1332
f 3876/3438/1335 3877/3439/1336 3858/3422/1317
f 3877/3439/1336 3876/3438/1335 3878/3440/1336
f 3858/3422/1317 3856/3420/1315 3876/3438/1335
f 3879/3441/1337 3880/3442/1338 3881/3443/1339
f 3880/3442/1338 3879/3441/1337 3869/3431/1328
f 3881/3443/1339 3864/3427/1323 3879/3441/1337
f 3869/3431/1328 3868/3430/1327 3880/3442/1338
f 3882/3444/1340 3872/3434/1331 3871/3433/1330
f 3882/3444/1340 3842/3406/1302 3844/3408/1302
f 3871/3433/1330 3842/3406/1302 3882/3444/1340
f 3883/3445/1341 3877/3439/1336 3878/3440/1336
f 3883/3445/1341 3852/3416/1311 3851/3415/1310
f 3851/3415/1310 3877/3439/1336 3883/3445/1341
f 3857/3421/1316 3855/3419/1314 3884/3446/1342
f 3884/3446/1342 3885/3447/1343 3857/3421/1316
f 3793/2701/1147 3790/3368/823 3886/3448/1147
f 3887/3449/1142 3888/3450/1141 3889/3451/1141
f 3888/3450/1141 3887/3449/1142 3890/3452/1142
s 0
f 3891/3451/1145 3892/3453/1145 3893/3454/1145
f 3892/3453/1145 3891/3451/1145 3894/3450/1145
f 3895/3454/1150 3896/3372/1150 3897/3371/1150
f 3896/3372/1150 3895/3454/1150 3898/3453/1150
s 1
f 3899/2794/1138 3900/3455/1137 3901/3456/1137
f 3900/3455/1137 3899/2794/1138 3902/2796/1138
f 3901/3456/1137 3903/3457/885 3904/3458/885
f 3903/3457/885 3901/3456/1137 3900/3455/1137
f 3904/3458/885 3905/3459/1139 3906/3460/1139
f 3905/3459/1139 3904/3458/885 3903/3457/885
f 3906/3460/1139 3907/3461/1140 3908/2789/1140
f 3907/3461/1140 3906/3460/1139 3905/3459/1139
s 0
f 3909/3462/1149 3910/3463/1149 3911/3464/1149
f 3910/3463/1149 3909/3462/1149 3912/3465/1149
f 3913/3466/1136 3914/3463/1136 3915/3467/1136
f 3914/3463/1136 3913/3466/1136 3916/3464/1136
s 1
f 3917/3466/1144 3918/3468/1147 3919/2793/1344
f 3918/3468/1147 3917/3466/1144 3920/3467/1144
f 3799/2812/1147 3798/3373/823 3795/3370/823
f 3864/3427/1323 3881/3443/1339 3921/3469/1345
f 3921/3469/1345 3865/2582/1324 3864/3427/1323
f 3885/3447/1343 3884/3446/1342 3922/3470/1346
f 3922/3470/1346 3874/3436/1333 3885/3447/1343
f 3874/3436/1333 3922/3470/1346 3923/3471/1347
f 3923/3471/1347 3875/3437/1334 3874/3436/1333
s 0
f 3924/3472/1082 3925/3473/1082 3926/3474/1082
f 3925/3473/1082 3924/3472/1082 3927/3475/1082
f 3928/3476/1085 3929/3477/1085 3930/2889/1085
f 3930/2889/1085 3929/3477/1085 3931/2890/1085
s 1
f 3339/2990/1062 3932/3478/1062 3337/2988/1257
f 3933/3479/1062 3932/3478/1062 3339/2990/1062
s 0
f 3932/3478/1062 3933/3479/1062 3934/3480/1062
f 3935/3481/874 3407/3041/874 3936/3482/874
f 3407/3041/874 3935/3481/874 3937/3483/874
f 3407/3041/874 3403/3037/874 3936/3482/874
f 3404/3038/874 3938/3484/874 3405/3039/874
f 3938/3484/874 3404/3038/874 3939/3485/874
f 3938/3484/874 3937/3483/874 3935/3481/874
f 3939/3485/874 3937/3483/874 3938/3484/874
f 3940/3024/719 3237/2899/719 3941/3022/719
f 3237/2899/719 3940/3024/719 3234/2896/719
f 3237/2899/719 3236/2898/719 3368/3008/719
f 3234/2896/719 3233/2895/719 3237/2899/719
s 1
f 3226/2888/1234 3304/2961/1247 3942/3486/1348
s 0
f 3943/3487/707 3944/3488/707 3945/3489/707
f 3943/3487/707 3946/3490/707 3947/3491/707
f 3944/3488/707 3943/3487/707 3948/3492/707
f 3948/3492/707 3947/3491/707 3949/3493/707
f 3950/2955/719 3951/3494/719 3952/2953/719
f 3951/3494/719 3950/2955/719 3368/3008/719
f 3368/3008/719 3367/3007/719 3951/3494/719
s 1
f 3315/2968/707 3953/2923/1349 3954/2920/707
f 3953/2923/1349 3315/2968/707 3313/2967/1239
f 3313/2967/1239 3311/2965/707 3310/2964/1250
f 3285/2945/1238 3284/2944/1237 3288/2939/1240
s 0
f 3955/3495/707 3956/3496/707 3947/3491/707
f 3947/3491/707 3948/3492/707 3943/3487/707
f 3947/3491/707 3956/3496/707 3949/3493/707
s 1
f 3348/2994/1261 3344/2992/1260 3957/3497/1250
f 3304/2961/1247 3302/2959/1245 3942/3486/1348
f 3304/2961/1247 3226/2888/1234 3225/2887/1233
f 3958/3498/1259 3959/3499/707 3312/2966/1237
f 3959/3499/707 3958/3498/1259 3946/3490/707
f 3312/2966/1237 3310/2964/1250 3958/3498/1259
s 0
f 3946/3490/707 3943/3487/707 3959/3499/707
f 3290/2903/707 3289/2947/707 3960/3500/707
s 1
f 3961/3501/1085 3962/3502/1085 3963/3503/1085
f 3962/3502/1085 3961/3501/1085 3964/3504/1085
s 0
f 3965/3027/1082 3966/3505/1082 3967/3506/1082
f 3966/3505/1082 3965/3027/1082 3968/3026/1082
f 3969/3507/823 3970/3508/823 3971/3509/823
f 3970/3508/823 3969/3507/823 3972/3510/823
f 3973/3511/719 3974/3475/719 3975/3472/719
f 3974/3475/719 3973/3511/719 3976/3512/719
f 3275/2935/885 3273/2934/885 3277/2937/885
s 1
f 3977/2891/1236 3978/2892/1236 3979/3495/1236
f 3979/3495/1236 3978/2892/1236 3980/3496/1236
s 0
f 3981/3489/1235 3982/3513/1235 3983/3514/1235
s 1
f 3982/3513/1235 3981/3489/1235 3984/3488/1235
s 0
f 3985/3504/707 3986/2924/707 3987/3502/707
f 3986/2924/707 3985/3504/707 3988/2927/707
f 3989/3515/719 3990/3516/719 3991/3517/719
f 3990/3516/719 3989/3515/719 3992/3518/719
f 3993/3519/719 3994/3520/719 3995/3521/719
f 3994/3520/719 3993/3519/719 3996/3522/719
f 3997/3522/1253 3998/3523/1253 3999/3520/1253
f 3998/3523/1253 3997/3522/1253 4000/3524/1253
f 4001/3525/823 4002/3526/823 4003/3527/823
f 4003/3527/823 4004/3528/823 4001/3525/823
f 4005/3529/885 4006/3530/885 4007/3531/885
f 4006/3530/885 4005/3529/885 4008/3532/885
f 4009/3533/707 4010/3534/707 4011/3535/707
f 4010/3534/707 4012/3536/707 4011/3535/707
f 4013/3537/1241 4014/3517/1241 4015/3538/1241
f 4014/3517/1241 4013/3537/1241 4016/3515/1241
