# Blender 4.1.0
# www.blender.org
mtllib ship2.mtl
o Spaceship_RaeTheRedPanda
v 0.878251 -0.368160 -3.165984
v 0.000000 -0.383350 -3.408135
v 0.878251 -0.381615 -3.408962
v 0.000000 -0.369275 -3.131972
v -0.878251 -0.360727 -3.027045
v -0.878251 -0.368160 -3.165984
v 0.878096 0.951445 -3.462070
v 1.004667 -0.238809 -3.417009
v 1.004667 -0.266143 -3.940076
v 0.878096 0.951445 -4.031795
v 0.878096 1.318542 -4.031795
v 3.171306 0.644081 -1.960188
v 3.630158 0.400571 -1.960188
v 3.166052 0.400571 -1.960188
v 3.635412 0.644081 -1.960188
v 3.628523 0.341395 -1.100623
v 3.166052 0.400571 -1.960188
v 3.630158 0.400571 -1.960188
v 3.164418 0.341395 -1.100623
v 3.163801 0.319066 -0.746115
v 3.627906 0.319066 -0.746115
v 3.169094 0.563988 -0.746115
v 2.380307 0.307082 -0.746115
v 3.633199 0.563988 -0.746115
v 4.919352 0.298601 -1.092899
v 3.578393 0.290307 -2.508998
v 4.921861 0.314731 -2.508998
v 3.576013 0.278854 -1.092899
v 1.524377 0.379687 -2.700992
v 2.347794 0.692936 -2.700992
v 2.382614 0.390605 -2.700992
v 1.445656 0.717853 -2.700992
v 1.443461 0.638389 -0.746115
v 1.522658 0.317441 -1.100623
v 1.522009 0.293954 -0.746115
v 1.444062 0.660159 -1.100623
v 4.919352 0.298601 -1.092899
v 4.921861 0.314731 -2.508998
v 4.971897 0.502481 -1.092899
v 4.974418 0.519054 -2.508998
v 3.765921 0.359145 -2.508998
v 4.921861 0.314731 -2.508998
v 3.578393 0.290307 -2.508998
v 3.583096 0.557482 -2.508998
v 3.769973 0.549503 -2.508998
v 4.748560 0.385030 -2.508998
v 4.787385 0.521402 -2.508998
v 4.974418 0.519054 -2.508998
v 3.773940 0.862099 -0.744060
v 3.580727 0.546435 -1.092899
v 3.580066 0.522525 -0.744060
v 3.771208 0.874466 -1.092899
v 3.867112 1.025293 -0.744060
v 4.060986 1.364867 -0.744060
v 4.548714 1.351396 -0.744060
v 4.492502 1.497719 -0.744060
v 4.119851 1.508012 -0.744060
v 4.488722 1.236214 -0.744060
v 4.112020 1.246618 -0.744060
v 3.867112 1.025293 -0.744060
v 3.972797 1.002766 -0.744060
v 4.056054 1.365003 -1.092899
v 3.856850 1.043346 -2.508998
v 3.865572 1.036972 -1.092899
v 4.038360 1.365492 -2.508998
v 4.795157 0.851084 -2.508998
v 4.663509 0.797306 -2.508998
v 3.740575 0.596025 -0.744060
v 3.580066 0.522525 -0.744060
v 3.737524 0.441924 -0.744060
v 3.879798 0.839878 -0.744060
v 3.773940 0.862099 -0.744060
v 3.633199 0.563988 -0.746115
v 3.169700 0.585930 -1.100623
v 3.169094 0.563988 -0.746115
v 3.633805 0.585930 -1.100623
v 2.345590 0.613143 -0.746115
v 1.522009 0.293954 -0.746115
v 3.163801 0.319066 -0.746115
v 2.380939 0.329964 -1.100623
v 3.164418 0.341395 -1.100623
v 2.380307 0.307082 -0.746115
v 1.522658 0.317441 -1.100623
v 1.522009 0.293954 -0.746115
v 3.169094 0.563988 -0.746115
v 2.346194 0.635003 -1.100623
v 2.345590 0.613143 -0.746115
v 3.169700 0.585930 -1.100623
v 0.000000 -0.383350 -3.408135
v -0.878251 -0.408916 -3.931396
v 0.000000 -0.412531 -4.000591
v 0.878251 -0.408916 -3.931396
v 0.878251 -0.381615 -3.408962
v 0.000000 -0.412531 -4.000591
v -0.785500 -0.284771 -3.957637
v 0.000000 -0.287954 -4.018551
v 0.785500 -0.284771 -3.957637
v 0.878251 -0.408916 -3.931396
v 0.896786 -0.159086 -3.965278
v 1.004667 -0.266143 -3.940076
v 0.878096 1.318542 -3.462070
v 0.424065 1.464343 -2.234172
v 0.733657 1.463225 -3.027041
v 0.424065 1.464343 -3.027041
v 0.000000 1.465874 -2.234172
v 0.000000 1.465874 -3.027041
v -0.424065 1.464343 -3.027041
v 0.424065 1.464343 -3.165990
v 0.000000 1.465874 -3.165990
v -0.424065 1.464343 -3.165990
v 0.658212 1.363307 -4.058503
v 0.878096 1.318542 -4.031795
v 0.785363 1.235940 -4.046020
v 0.380457 1.364290 -4.085258
v 0.424065 1.464343 -4.076369
v 0.000000 1.365638 -4.121908
v 0.000000 1.465873 -4.118001
v 0.733657 1.463225 -4.045975
v 0.191305 0.365272 7.044257
v 0.353225 0.044412 3.854732
v 0.483144 0.186379 3.827591
v 0.146643 0.317568 7.044257
v 1.730845 0.318170 4.493101
v 1.983007 0.239094 4.404356
v 2.018238 0.255314 4.092456
v 1.733858 0.299748 4.792959
v 2.175283 0.239094 4.112869
v 2.437255 0.479013 0.333266
v 1.879314 0.548776 0.209066
v 1.689290 0.544453 0.333266
v 2.450733 0.488774 0.208212
v 2.320616 0.394532 1.415500
v 1.875603 0.561936 -0.169036
v 3.044254 0.450374 0.333266
v 3.059675 0.454709 0.207340
v 2.491764 0.518493 -0.172489
v 1.733941 0.144329 4.481553
v 2.020460 0.130782 4.084688
v 1.985226 0.114562 4.396233
v 2.177502 0.114562 4.104747
v 1.737311 0.106032 4.780324
v 2.439625 0.308998 0.333266
v 3.043344 0.325599 0.333266
v 2.322866 0.270000 1.410775
v 1.883901 0.299405 0.208443
v 2.453243 0.313547 0.207589
v 1.693883 0.295060 0.333266
v 1.880170 0.312630 -0.171556
v 2.494701 0.327394 -0.175009
v 3.061925 0.330177 0.202615
v 3.046504 0.325842 0.328541
v 3.108871 0.343373 -0.180741
v 2.322866 0.270000 1.410775
v 2.213005 0.130782 3.823347
v 2.517719 0.270000 1.408164
v 3.043344 0.325599 0.333266
v 3.044254 0.325598 0.333266
v 3.241356 0.325842 0.325929
v 1.675303 0.360936 -1.559465
v 2.641624 0.627035 -1.562961
v 2.646124 0.377970 -1.572411
v 1.670803 0.610000 -1.550015
v 3.278089 0.516101 -1.576187
v 3.280340 0.391569 -1.580912
v 3.475192 0.391569 -1.583524
v 3.280340 0.391569 -1.580912
v 3.472942 0.516101 -1.578799
v 3.278089 0.516101 -1.576187
v 3.239107 0.450374 0.330654
v 3.059675 0.454709 0.207340
v 3.044254 0.450374 0.333266
v 3.254528 0.454709 0.204728
v 2.320616 0.394532 1.415500
v 2.515468 0.394532 1.412888
v 3.106622 0.467905 -0.176016
v 1.883901 0.299405 0.208443
v 1.689290 0.544453 0.333266
v 1.879314 0.548776 0.209066
v 1.693883 0.295060 0.333266
v 1.733858 0.299748 4.792959
v 1.733941 0.144329 4.481553
v 1.737311 0.106032 4.780324
v 1.730845 0.318170 4.493101
v 1.737311 0.106032 4.780324
v 1.983007 0.239094 4.404356
v 1.733858 0.299748 4.792959
v 1.985226 0.114562 4.396233
v 2.175283 0.239094 4.112869
v 0.000000 -0.362083 -2.993019
v 0.878251 -0.285887 -1.577097
v 0.000000 -0.285887 -1.577097
v 0.878251 -0.360727 -3.027045
v -0.835899 -0.259040 -1.129400
v -0.878251 -0.285887 -1.577097
v 0.733657 0.951967 -1.584738
v 0.733657 1.463226 -2.234172
v 0.424065 0.953084 -1.584738
v 0.424065 1.464343 -2.234172
v 0.000000 0.954615 -1.584738
v 0.421394 0.548847 3.775895
v 0.278770 0.701919 3.568860
v 0.261632 0.692498 3.763023
v 0.438675 0.558364 3.578873
v 4.038360 1.365492 -2.508998
v 4.398207 1.355552 -4.001266
v 4.524684 1.352059 -2.508998
v 4.164837 1.361998 -4.001266
v 4.116082 1.508116 -1.092899
v 4.474142 1.498226 -2.508998
v 4.102563 1.508489 -2.508998
v 4.376032 1.500935 -4.001266
v 4.488500 1.497830 -1.092899
v 4.197724 1.505860 -4.001266
v 4.119851 1.508012 -0.744060
v 4.492502 1.497719 -0.744060
v 4.488500 1.497830 -1.092899
v 4.524684 1.352059 -2.508998
v 4.474142 1.498226 -2.508998
v 4.543475 1.351541 -1.092899
v 4.119851 1.508012 -0.744060
v 4.056054 1.365003 -1.092899
v 4.060986 1.364867 -0.744060
v 4.116082 1.508116 -1.092899
v 4.197724 1.505860 -4.001266
v 4.398207 1.355552 -4.001266
v 4.164837 1.361998 -4.001266
v 4.376032 1.500935 -4.001266
v 4.524684 1.352059 -2.508998
v 4.398207 1.355552 -4.001266
v 4.474142 1.498226 -2.508998
v 4.376032 1.500935 -4.001266
v 4.102563 1.508489 -2.508998
v 4.197724 1.505860 -4.001266
v 4.038360 1.365492 -2.508998
v 4.164837 1.361998 -4.001266
v 4.461202 1.247899 -2.508998
v 4.485591 1.237543 -1.092899
v 4.111287 1.247882 -1.092899
v 4.105575 1.257722 -2.508998
v 4.971193 0.477030 -0.744059
v 4.773858 0.413301 -0.744059
v 4.918653 0.273274 -0.744059
v 4.815030 0.560886 -0.744059
v 4.801719 0.827776 -0.744059
v 4.693642 0.812113 -0.744059
v 4.548714 1.351396 -0.744060
v 4.714440 1.012716 -1.092899
v 4.543475 1.351541 -1.092899
v 4.718188 1.000650 -0.744060
v 3.575349 0.254830 -0.744060
v 4.524684 1.352059 -2.508998
v 4.105575 1.257722 -2.508998
v 4.038360 1.365492 -2.508998
v 4.461202 1.247899 -2.508998
v 4.703945 1.020029 -2.508998
v 4.585077 0.971995 -2.508998
v 4.815030 0.560886 -0.744059
v 4.693642 0.812113 -0.744059
v 4.811885 0.564896 -1.092899
v 4.690636 0.814847 -1.092899
v 4.610111 0.984987 -0.744060
v 4.606840 0.987593 -1.092899
v 3.764605 0.879627 -2.508998
v 3.897682 0.819006 -2.508998
v 4.770980 0.418587 -1.092899
v 4.787385 0.521402 -2.508998
v 4.748560 0.385030 -2.508998
v 4.811885 0.564896 -1.092899
v 3.740755 0.441009 -1.092899
v 4.770980 0.418587 -1.092899
v 3.765921 0.359145 -2.508998
v 4.748560 0.385030 -2.508998
v 3.769973 0.549503 -2.508998
v 3.743920 0.599234 -1.092899
v 3.740755 0.441009 -1.092899
v 3.765921 0.359145 -2.508998
v 2.345590 0.613143 -0.746115
v 1.444062 0.660159 -1.100623
v 1.443461 0.638389 -0.746115
v 2.346194 0.635003 -1.100623
v 1.443461 0.638389 -0.746115
v 2.382614 0.390605 -2.700992
v 3.171306 0.644081 -1.960188
v 3.166052 0.400571 -1.960188
v 2.347794 0.692936 -2.700992
v 0.733657 1.463225 -3.468874
v 0.733657 1.463225 -4.045975
v 0.424065 1.464343 -3.483458
v 0.424065 1.464343 -4.076369
v 0.000000 1.465874 -3.503434
v 0.151227 0.692192 3.764360
v 0.000000 0.701320 3.571834
v 0.000000 0.691773 3.766191
v 0.161133 0.701666 3.570115
v -0.151227 0.692192 3.764360
v 0.261632 0.692498 3.763023
v 0.278770 0.701919 3.568860
v 0.173465 0.713454 3.328418
v 0.000000 0.726930 3.050479
v 0.000000 0.713192 3.330144
v -0.173465 0.713454 3.328418
v 0.187724 0.727090 3.048852
v 0.000000 0.800446 1.553838
v 0.300104 0.713646 3.327158
v 0.324774 0.727207 3.047663
v 1.004667 -0.225253 -3.165986
v 0.878096 0.951445 -3.462070
v 0.880710 1.148314 -3.165988
v 1.004667 -0.238809 -3.417009
v 1.004667 -0.217897 -3.027045
v 0.878096 1.318542 -3.462070
v 0.733657 1.463225 -3.468874
v 0.878096 1.318542 -4.031795
v 0.733657 1.463225 -4.045975
v 0.878096 1.318542 -3.462070
v 0.878096 1.318542 -2.282098
v 0.733657 0.951967 -1.584738
v 0.895950 0.810187 -1.634542
v 0.878096 1.318542 -3.027041
v 0.733657 1.463225 -3.027041
v 0.733657 1.463226 -2.234172
v 0.460022 0.570120 3.335489
v 0.552803 0.144558 3.104702
v 0.484827 0.583780 3.052686
v 0.583883 0.204680 2.728998
v 0.698703 0.051693 1.590610
v 0.525540 0.161911 3.387627
v 0.522277 0.517584 2.683803
v 0.460022 0.570120 3.335489
v 0.324774 0.727207 3.047663
v 0.300104 0.713646 3.327158
v 0.484827 0.583780 3.052686
v 0.438675 0.558364 3.578873
v 0.456796 0.799778 1.551932
v 1.004667 -0.238809 -3.417009
v 0.878251 -0.408916 -3.931396
v 1.004667 -0.266143 -3.940076
v 0.878251 -0.381615 -3.408962
v 0.882018 1.148314 -3.027045
v 0.878096 1.318542 -2.282098
v 0.895950 0.810187 -1.634542
v 0.878096 1.318542 -3.027041
v 0.733657 1.463225 -3.165990
v 0.878096 1.318542 -3.462070
v 0.733657 1.463225 -3.468874
v 0.878096 1.318542 -3.165990
v 0.176059 0.471259 7.044257
v 0.146643 0.317568 7.044257
v 0.191305 0.365272 7.044257
v 0.070863 0.519339 7.044257
v 0.000000 0.317790 7.044257
v 0.122598 0.519481 7.044257
v 0.000000 0.519144 7.044257
v 0.483144 0.186379 3.827591
v 0.176059 0.471259 7.044257
v 0.191305 0.365272 7.044257
v 0.421394 0.548847 3.775895
v 0.176059 0.471259 7.044257
v 0.261632 0.692498 3.763023
v 0.122598 0.519481 7.044257
v 0.421394 0.548847 3.775895
v 0.122598 0.519481 7.044257
v 0.151227 0.692192 3.764360
v 0.070863 0.519339 7.044257
v 0.261632 0.692498 3.763023
v 0.000000 0.691773 3.766191
v 0.000000 0.519144 7.044257
v 0.000000 0.045068 3.867283
v -0.146643 0.317568 7.044257
v -0.353225 0.044412 3.854732
v 0.146643 0.317568 7.044257
v 0.000000 0.317790 7.044257
v 0.353225 0.044412 3.854732
v 3.580066 0.522525 -0.744060
v 3.576013 0.278854 -1.092899
v 3.575349 0.254830 -0.744060
v 3.580727 0.546435 -1.092899
v 3.580727 0.546435 -1.092899
v 3.578393 0.290307 -2.508998
v 3.576013 0.278854 -1.092899
v 3.583096 0.557482 -2.508998
v 4.116082 1.508116 -1.092899
v 4.038360 1.365492 -2.508998
v 4.056054 1.365003 -1.092899
v 4.102563 1.508489 -2.508998
v 4.492502 1.497719 -0.744060
v 4.543475 1.351541 -1.092899
v 4.488500 1.497830 -1.092899
v 4.548714 1.351396 -0.744060
v 4.918653 0.273274 -0.744059
v 4.919352 0.298601 -1.092899
v 4.971193 0.477030 -0.744059
v 4.971897 0.502481 -1.092899
v 3.576013 0.278854 -1.092899
v 4.918653 0.273274 -0.744059
v 3.575349 0.254830 -0.744060
v 4.919352 0.298601 -1.092899
v 3.740575 0.596025 -0.744060
v 3.740755 0.441009 -1.092899
v 3.743920 0.599234 -1.092899
v 3.737524 0.441924 -0.744060
v 4.770980 0.418587 -1.092899
v 3.740755 0.441009 -1.092899
v 4.773858 0.413301 -0.744059
v 3.737524 0.441924 -0.744060
v 4.770980 0.418587 -1.092899
v 4.773858 0.413301 -0.744059
v 4.815030 0.560886 -0.744059
v 4.811885 0.564896 -1.092899
v 4.488722 1.236214 -0.744060
v 4.485591 1.237543 -1.092899
v 3.879798 0.839878 -0.744060
v 3.743920 0.599234 -1.092899
v 3.881464 0.842092 -1.092899
v 3.740575 0.596025 -0.744060
v 3.972797 1.002766 -0.744060
v 4.488722 1.236214 -0.744060
v 4.112020 1.246618 -0.744060
v 4.485591 1.237543 -1.092899
v 4.111287 1.247882 -1.092899
v 2.517719 0.270000 1.408164
v 2.210782 0.255314 3.831115
v 2.213005 0.130782 3.823347
v 2.515468 0.394532 1.412888
v 2.177502 0.114562 4.104747
v 3.241356 0.325842 0.325929
v 3.239107 0.450374 0.330654
v 3.254528 0.454709 0.204728
v 3.317215 0.347165 -0.293513
v 3.472942 0.516101 -1.578799
v 3.314965 0.471697 -0.288788
v 3.475192 0.391569 -1.583524
v 3.303725 0.343373 -0.183353
v 3.046504 0.325842 0.328541
v 3.061925 0.330177 0.202615
v 3.256778 0.330177 0.200003
v 3.317215 0.347165 -0.293513
v 3.280340 0.391569 -1.580912
v 3.475192 0.391569 -1.583524
v 3.122362 0.347165 -0.290901
v 3.303725 0.343373 -0.183353
v 3.108871 0.343373 -0.180741
v 2.210782 0.255314 3.831115
v 1.730845 0.318170 4.493101
v 1.700081 0.506196 1.432471
v 1.733941 0.144329 4.481553
v 1.693883 0.295060 0.333266
v 1.704580 0.257132 1.423021
v 1.704580 0.257132 1.423021
v 2.020460 0.130782 4.084688
v 1.733941 0.144329 4.481553
v 1.700081 0.506196 1.432471
v 2.018238 0.255314 4.092456
v 1.730845 0.318170 4.493101
v 1.522658 0.317441 -1.100623
v 1.524377 0.379687 -2.700992
v 2.380939 0.329964 -1.100623
v 2.382614 0.390605 -2.700992
v 2.346194 0.635003 -1.100623
v 1.445656 0.717853 -2.700992
v 1.444062 0.660159 -1.100623
v 2.347794 0.692936 -2.700992
v 2.346194 0.635003 -1.100623
v 3.171306 0.644081 -1.960188
v 2.347794 0.692936 -2.700992
v 3.169700 0.585930 -1.100623
v 2.380939 0.329964 -1.100623
v 3.166052 0.400571 -1.960188
v 3.164418 0.341395 -1.100623
v 2.382614 0.390605 -2.700992
v 3.633805 0.585930 -1.100623
v 3.171306 0.644081 -1.960188
v 3.169700 0.585930 -1.100623
v 3.635412 0.644081 -1.960188
v 1.444062 0.660159 -1.100623
v 1.524377 0.379687 -2.700992
v 1.522658 0.317441 -1.100623
v 1.445656 0.717853 -2.700992
v 3.627906 0.319066 -0.746115
v 3.164418 0.341395 -1.100623
v 3.628523 0.341395 -1.100623
v 3.163801 0.319066 -0.746115
v 0.081501 1.937486 -4.045976
v 0.000000 1.937486 -3.245801
v 0.081501 1.937486 -3.245801
v 0.000000 1.937486 -4.118001
v -0.081501 1.937486 -4.045976
v 0.000000 1.432274 -4.118001
v 0.000000 1.937486 -4.118001
v 0.081501 1.432274 -4.045975
v 0.081501 1.937486 -4.045976
v 0.081501 1.937486 -3.245801
v 0.081501 1.432274 -4.045975
v 0.081501 1.937486 -4.045976
v 0.081501 1.432274 -3.245801
v 0.081501 1.432274 -2.234172
v 0.081501 1.432274 -3.245801
v 0.081501 1.937486 -3.245801
v 0.081501 1.432274 -2.234172
v 0.081501 1.937486 -3.245801
v 0.000000 1.432274 -2.234172
v 0.000000 1.937486 -3.245801
v -0.081501 1.937486 -3.245801
v 0.421394 0.548847 3.775895
v 0.502193 0.175602 3.629909
v 0.438675 0.558364 3.578873
v 0.483144 0.186379 3.827591
v 0.483144 0.186379 3.827591
v 0.372420 0.033594 3.656151
v 0.502193 0.175602 3.629909
v 0.353225 0.044412 3.854732
v 0.353225 0.044412 3.854732
v 0.000000 0.045068 3.867283
v 0.000000 0.034211 3.667977
v 0.372420 0.033594 3.656151
v -0.353225 0.044412 3.854732
v -0.372420 0.033594 3.656151
v 0.525540 0.161911 3.387627
v 0.423336 0.002484 3.129378
v 0.552803 0.144558 3.104702
v 0.395889 0.019883 3.413342
v 0.570221 -0.090627 1.609729
v 0.698703 0.051693 1.590610
v 0.278770 0.701919 3.568860
v 0.372420 0.033594 3.656151
v 0.502193 0.175602 3.629909
v 0.278770 0.701919 3.568860
v 0.173465 0.713454 3.328418
v 0.161133 0.701666 3.570115
v 0.300104 0.713646 3.327158
v 0.000000 0.713192 3.330144
v 0.000000 0.701320 3.571834
v 0.000000 0.034211 3.667977
v -0.372420 0.033594 3.656151
v 0.000000 0.020499 3.425132
v 0.372420 0.033594 3.656151
v 0.395889 0.019883 3.413342
v 0.438675 0.558364 3.578873
v 0.525540 0.161911 3.387627
v 0.460022 0.570120 3.335489
v 0.502193 0.175602 3.629909
v 0.395889 0.019883 3.413342
v 0.000000 0.003065 3.140497
v 0.423336 0.002484 3.129378
v 0.000000 0.020499 3.425132
v 0.000000 -0.090233 1.617258
v -0.395889 0.019883 3.413342
v -0.423336 0.002484 3.129378
v 0.732214 0.936423 -3.451941
v 0.896786 -0.159086 -3.965278
v 0.843637 -0.135441 -3.371198
v 0.785363 1.235940 -4.046020
v 0.785363 0.912778 -4.046020
v 0.349735 1.387935 -3.491180
v 0.658212 1.363307 -4.058503
v 0.605062 1.386952 -3.464424
v 0.380457 1.364290 -4.085258
v 0.000000 1.389283 -3.527829
v 0.000000 1.365638 -4.121908
v 0.878096 0.951445 -4.031795
v 0.785363 0.912778 -4.046020
v 0.000000 -0.264309 -3.424472
v 0.000000 0.939213 -3.527829
v 0.843637 -0.135441 -3.371198
v 0.732350 -0.261126 -3.363558
v -0.843637 -0.135441 -3.371198
v -0.349735 1.387935 -3.491180
v 0.000000 1.389283 -3.527829
v 0.732214 0.936423 -3.451941
v 0.349735 1.387935 -3.491180
v 0.732214 1.259585 -3.451941
v 0.605062 1.386952 -3.464424
v 0.605062 1.386952 -3.464424
v 0.785363 1.235940 -4.046020
v 0.732214 1.259585 -3.451941
v 0.658212 1.363307 -4.058503
v 0.732214 1.259585 -3.451941
v 0.000000 -0.264309 -3.424472
v 0.785500 -0.284771 -3.957637
v 0.000000 -0.287954 -4.018551
v 0.732350 -0.261126 -3.363558
v -0.785500 -0.284771 -3.957637
v -0.732350 -0.261126 -3.363558
v 0.843637 -0.135441 -3.371198
v 0.785500 -0.284771 -3.957637
v 0.732350 -0.261126 -3.363558
v 0.896786 -0.159086 -3.965278
v 4.606840 0.987593 -1.092899
v 4.461202 1.247899 -2.508998
v 4.585077 0.971995 -2.508998
v 4.485591 1.237543 -1.092899
v 4.718188 1.000650 -0.744060
v 4.610111 0.984987 -0.744060
v 4.811885 0.564896 -1.092899
v 4.663509 0.797306 -2.508998
v 4.787385 0.521402 -2.508998
v 4.690636 0.814847 -1.092899
v 4.800931 0.841305 -1.092899
v 4.974418 0.519054 -2.508998
v 4.795157 0.851084 -2.508998
v 4.971897 0.502481 -1.092899
v 4.801719 0.827776 -0.744059
v 4.971897 0.502481 -1.092899
v 4.800931 0.841305 -1.092899
v 4.971193 0.477030 -0.744059
v 4.543475 1.351541 -1.092899
v 4.703945 1.020029 -2.508998
v 4.524684 1.352059 -2.508998
v 4.714440 1.012716 -1.092899
v 3.897682 0.819006 -2.508998
v 3.881464 0.842092 -1.092899
v 3.743920 0.599234 -1.092899
v 3.769973 0.549503 -2.508998
v 3.856850 1.043346 -2.508998
v 3.977866 0.988219 -2.508998
v 4.105575 1.257722 -2.508998
v 4.111287 1.247882 -1.092899
v 3.973742 1.005024 -1.092899
v 3.977866 0.988219 -2.508998
v 4.112020 1.246618 -0.744060
v 3.973742 1.005024 -1.092899
v 4.111287 1.247882 -1.092899
v 3.771208 0.874466 -1.092899
v 3.583096 0.557482 -2.508998
v 3.580727 0.546435 -1.092899
v 3.764605 0.879627 -2.508998
v 4.060986 1.364867 -0.744060
v 3.865572 1.036972 -1.092899
v 4.056054 1.365003 -1.092899
v 3.856850 1.043346 -2.508998
v 3.764605 0.879627 -2.508998
v 4.718188 1.000650 -0.744060
v 4.800931 0.841305 -1.092899
v 4.714440 1.012716 -1.092899
v 4.801719 0.827776 -0.744059
v 4.690636 0.814847 -1.092899
v 4.585077 0.971995 -2.508998
v 4.663509 0.797306 -2.508998
v 4.606840 0.987593 -1.092899
v 4.663509 0.797306 -2.508998
v 4.703945 1.020029 -2.508998
v 4.795157 0.851084 -2.508998
v 4.585077 0.971995 -2.508998
v 4.714440 1.012716 -1.092899
v 4.795157 0.851084 -2.508998
v 4.703945 1.020029 -2.508998
v 4.800931 0.841305 -1.092899
v 3.771208 0.874466 -1.092899
v 3.881464 0.842092 -1.092899
v 3.977866 0.988219 -2.508998
v 3.973742 1.005024 -1.092899
v 3.897682 0.819006 -2.508998
v 3.764605 0.879627 -2.508998
v 3.856850 1.043346 -2.508998
v 3.897682 0.819006 -2.508998
v 3.977866 0.988219 -2.508998
v 0.878251 -0.368160 -3.165984
v 1.004667 -0.238809 -3.417009
v 1.004667 -0.225253 -3.165986
v 0.878251 -0.381615 -3.408962
v 0.878251 -0.360727 -3.027045
v 0.878096 1.318542 -3.165990
v 0.878251 -0.285887 -1.577097
v 1.004667 -0.217897 -3.027045
v 1.004667 -0.143051 -1.584561
v 0.835899 -0.259040 -1.129400
v 1.004667 -0.143051 -1.584561
v 0.857818 0.789187 -1.129400
v 0.962657 -0.116312 -1.129400
v 0.733657 1.463225 -3.468874
v 0.733657 1.463225 -3.165990
v 0.424065 1.464343 -3.483458
v 0.709781 1.439299 -3.026980
v 0.878096 1.318542 -3.027041
v 0.854219 1.294616 -3.026980
v 0.400189 1.440417 -3.026980
v 0.424065 1.464343 -3.027041
v 0.733657 1.463225 -3.027041
v 0.882018 1.148314 -3.027045
v 0.858141 1.148314 -3.026983
v 0.000000 1.465874 -3.503434
v -0.424065 1.464343 -3.483458
v 0.733657 1.463226 -2.234172
v 0.858141 1.148314 -3.026983
v 0.880710 1.148314 -3.165988
v 0.856833 1.148314 -3.165926
v 0.882018 1.148314 -3.027045
v -0.380457 1.364290 -4.085258
v -0.161133 0.701666 3.570115
v -0.151227 0.692192 3.764360
v -0.070863 0.519339 7.044257
v 0.264035 0.800060 1.552736
v 0.000000 1.465873 -4.118001
v -0.424065 1.464343 -4.076369
v 0.000000 1.465874 -2.234172
v -0.424065 1.464343 -2.234172
v -0.380457 1.364290 -4.085258
v -0.424065 1.464343 -4.076369
v 0.709781 1.439299 -3.026980
v 0.854219 1.294616 -3.026980
v 0.854219 1.294616 -3.165929
v 0.709781 1.439299 -3.165929
v 0.858141 1.148314 -3.026983
v 0.854219 1.294616 -3.165929
v 0.854219 1.294616 -3.026980
v 0.856833 1.148314 -3.165926
v 0.400189 1.440417 -3.026980
v 0.709781 1.439299 -3.026980
v 0.709781 1.439299 -3.165929
v 0.400189 1.440417 -3.165929
v 0.424065 1.464343 -3.165990
v 0.709781 1.439299 -3.165929
v 0.733657 1.463225 -3.165990
v 0.854219 1.294616 -3.165929
v 0.878096 1.318542 -3.165990
v 0.400189 1.440417 -3.165929
v 0.880710 1.148314 -3.165988
v 0.856833 1.148314 -3.165926
v 0.424065 1.464343 -3.027041
v 0.400189 1.440417 -3.165929
v 0.424065 1.464343 -3.165990
v 0.400189 1.440417 -3.026980
v 0.962657 -0.116312 -1.129400
v 0.695904 0.931214 -1.129400
v 0.424065 0.953084 -1.584738
v 0.402241 0.932215 -1.129400
v 0.733657 0.951967 -1.584738
v 0.000000 0.954615 -1.584738
v 0.000000 0.933587 -1.129400
v 0.456796 0.799778 1.551932
v 0.000000 0.824141 1.212953
v -0.264035 0.800060 1.552736
v 0.288620 0.823569 1.212266
v -0.187724 0.727090 3.048852
v 0.499316 0.823151 1.211765
v 0.857818 0.789187 -1.129400
v 0.733657 0.951967 -1.584738
v 0.695904 0.931214 -1.129400
v 0.895950 0.810187 -1.634542
v 0.321466 0.854976 0.454563
v 0.000000 0.917281 -0.766223
v 0.000000 0.855765 0.455336
v 0.530344 0.783256 0.569505
v 0.556165 0.854400 0.453999
v 0.385308 0.916024 -0.766223
v -0.321466 0.854976 0.454563
v 0.666602 0.915107 -0.766223
v -0.402241 0.932215 -1.129400
v -0.570221 -0.090627 1.609729
v 0.570221 -0.090627 1.609729
v 0.000000 -0.120992 1.253259
v 0.618518 -0.121242 1.248510
v 0.618518 -0.121242 1.248510
v 0.746417 0.021323 1.235842
v 0.617573 0.656883 1.539252
v 0.499316 0.823151 1.211765
v 0.597424 0.548955 1.827049
v 0.666477 0.164828 1.871872
v 0.617573 0.656883 1.539252
v 0.522277 0.517584 2.683803
v 0.666477 0.164828 1.871872
v 0.597424 0.548955 1.827049
v 0.583883 0.204680 2.728998
v 0.746417 0.021323 1.235842
v 0.660207 0.680362 1.203340
v 0.680023 -0.160230 0.493761
v 0.930851 -0.096067 -0.766223
v 0.807987 -0.017865 0.481121
v 0.803995 -0.238816 -0.766223
v 0.962657 -0.116312 -1.129400
v 0.717722 0.712036 0.445640
v 0.930851 -0.096067 -0.766223
v 0.828700 0.773152 -0.766223
v 0.743559 0.044719 0.586947
v 0.807987 -0.017865 0.481121
v 0.385308 0.916024 -0.766223
v 0.000000 0.933587 -1.129400
v 0.000000 0.917281 -0.766223
v -0.385308 0.916024 -0.766223
v 0.402241 0.932215 -1.129400
v 0.666602 0.915107 -0.766223
v 0.695904 0.931214 -1.129400
v 0.930851 -0.096067 -0.766223
v 0.857818 0.789187 -1.129400
v 0.828700 0.773152 -0.766223
v 0.962657 -0.116312 -1.129400
v 0.828700 0.773152 -0.766223
v 0.695904 0.931214 -1.129400
v 0.666602 0.915107 -0.766223
v 0.857818 0.789187 -1.129400
v 0.717722 0.712036 0.445640
v 0.835899 -0.259040 -1.129400
v 0.803995 -0.238816 -0.766223
v 0.000000 -0.258960 -1.129400
v 0.835899 -0.259040 -1.129400
v 0.000000 -0.238747 -0.766223
v -0.803995 -0.238816 -0.766223
v 0.835899 -0.259040 -1.129400
v 0.000000 -0.258960 -1.129400
v -0.618518 -0.121242 1.248510
v 0.556165 0.854400 0.453999
v 0.667132 0.662717 0.564129
v 0.660207 0.680362 1.203340
v 0.618435 0.635900 1.097679
v 0.530344 0.783256 0.569505
v 0.482211 0.756797 1.103097
v 0.331627 0.783743 0.569867
v 0.482211 0.756797 1.103097
v 0.660207 0.680362 1.203340
v 0.746417 0.021323 1.235842
v 0.691428 0.077900 1.118581
v 0.618435 0.635900 1.097679
v 0.667132 0.662717 0.564129
v 0.482211 0.756797 1.103097
v 0.288620 0.823569 1.212266
v 0.499316 0.823151 1.211765
v 0.303818 0.757151 1.103419
v 0.000000 0.757635 1.103861
v 0.000000 0.824141 1.212953
v 0.000000 0.784411 0.570364
v -0.331627 0.783743 0.569867
v -0.303818 0.757151 1.103419
v 0.000000 0.757635 1.103861
v 0.303818 0.757151 1.103419
v 0.618435 0.635900 1.097679
v 0.499316 0.823151 1.211765
v 0.660207 0.680362 1.203340
v 0.482211 0.756797 1.103097
v -0.288620 0.823569 1.212266
v 0.000000 -0.159912 0.498979
v 0.000000 -0.238747 -0.766223
v 0.680023 -0.160230 0.493761
v -0.680023 -0.160230 0.493761
v -0.803995 -0.238816 -0.766223
v 0.803995 -0.238816 -0.766223
v 0.000000 -0.042596 1.129782
v -0.583138 -0.042808 1.126728
v 0.000000 -0.075550 0.598431
v 0.583138 -0.042808 1.126728
v 0.635213 -0.075819 0.595076
v 0.583138 -0.042808 1.126728
v 0.635213 -0.075819 0.595076
v 0.691428 0.077900 1.118581
v 0.743559 0.044719 0.586947
v 0.618518 -0.121242 1.248510
v 0.583138 -0.042808 1.126728
v 0.746417 0.021323 1.235842
v 0.691428 0.077900 1.118581
v 0.000000 -0.120992 1.253259
v -0.583138 -0.042808 1.126728
v 0.000000 -0.042596 1.129782
v 0.583138 -0.042808 1.126728
v 0.618518 -0.121242 1.248510
v 0.807987 -0.017865 0.481121
v 0.635213 -0.075819 0.595076
v 0.680023 -0.160230 0.493761
v 0.743559 0.044719 0.586947
v 0.635213 -0.075819 0.595076
v 0.000000 -0.075550 0.598431
v 0.000000 -0.159912 0.498979
v -0.635213 -0.075819 0.595076
v -0.680023 -0.160230 0.493761
v 0.680023 -0.160230 0.493761
v 1.689290 0.544453 0.333266
v 3.301474 0.467905 -0.178628
v 3.256778 0.330177 0.200003
v 1.683293 0.565717 -0.277686
v 1.675303 0.360936 -1.559465
v 1.687855 0.316431 -0.280752
v 1.670803 0.610000 -1.550015
v 3.314965 0.471697 -0.288788
v 3.278089 0.516101 -1.576187
v 3.120112 0.471697 -0.286176
v 3.472942 0.516101 -1.578799
v 3.301474 0.467905 -0.178628
v 2.506615 0.331373 -0.284951
v 1.675303 0.360936 -1.559465
v 2.646124 0.377970 -1.572411
v 3.122362 0.347165 -0.290901
v 3.280340 0.391569 -1.580912
v 1.687855 0.316431 -0.280752
v 3.120112 0.471697 -0.286176
v 2.641624 0.627035 -1.562961
v 2.503554 0.527032 -0.281886
v 3.278089 0.516101 -1.576187
v 1.683293 0.565717 -0.277686
v 1.670803 0.610000 -1.550015
v 3.106622 0.467905 -0.176016
v 1.879314 0.548776 0.209066
v 1.880170 0.312630 -0.171556
v 1.883901 0.299405 0.208443
v 1.875603 0.561936 -0.169036
v 1.875603 0.561936 -0.169036
v 1.687855 0.316431 -0.280752
v 1.880170 0.312630 -0.171556
v 1.683293 0.565717 -0.277686
v -0.878251 -0.381615 -3.408962
v -0.878096 0.951445 -4.031795
v -1.004667 -0.266143 -3.940076
v -0.878096 0.951445 -3.462070
v -0.878096 1.318542 -4.031795
v -1.004667 -0.238809 -3.417009
v -3.630158 0.400571 -1.960188
v -3.171306 0.644081 -1.960188
v -3.166052 0.400571 -1.960188
v -3.635412 0.644081 -1.960188
v -3.628523 0.341395 -1.100623
v -3.166052 0.400571 -1.960188
v -3.164418 0.341395 -1.100623
v -3.630158 0.400571 -1.960188
v -3.169094 0.563988 -0.746115
v -2.380307 0.307082 -0.746115
v -2.345590 0.613143 -0.746115
v -3.633199 0.563988 -0.746115
v -3.627906 0.319066 -0.746115
v -3.163801 0.319066 -0.746115
v -4.919352 0.298601 -1.092899
v -3.578393 0.290307 -2.508998
v -3.576013 0.278854 -1.092899
v -4.921861 0.314731 -2.508998
v -1.524377 0.379687 -2.700992
v -2.382614 0.390605 -2.700992
v -2.347794 0.692936 -2.700992
v -1.445656 0.717853 -2.700992
v -1.443461 0.638389 -0.746115
v -1.522658 0.317441 -1.100623
v -1.444062 0.660159 -1.100623
v -1.522009 0.293954 -0.746115
v -4.921861 0.314731 -2.508998
v -4.919352 0.298601 -1.092899
v -4.971897 0.502481 -1.092899
v -4.974418 0.519054 -2.508998
v -4.921861 0.314731 -2.508998
v -4.787385 0.521402 -2.508998
v -4.748560 0.385030 -2.508998
v -3.765921 0.359145 -2.508998
v -3.578393 0.290307 -2.508998
v -3.583096 0.557482 -2.508998
v -3.773940 0.862099 -0.744060
v -3.771208 0.874466 -1.092899
v -3.867112 1.025293 -0.744060
v -3.580066 0.522525 -0.744060
v -3.580727 0.546435 -1.092899
v -4.488722 1.236214 -0.744060
v -4.718188 1.000650 -0.744060
v -4.610111 0.984987 -0.744060
v -4.060986 1.364867 -0.744060
v -4.548714 1.351396 -0.744060
v -4.492502 1.497719 -0.744060
v -4.112020 1.246618 -0.744060
v -3.867112 1.025293 -0.744060
v -3.865572 1.036972 -1.092899
v -3.856850 1.043346 -2.508998
v -4.056054 1.365003 -1.092899
v -4.038360 1.365492 -2.508998
v -4.974418 0.519054 -2.508998
v -4.795157 0.851084 -2.508998
v -4.663509 0.797306 -2.508998
v -3.740575 0.596025 -0.744060
v -3.773940 0.862099 -0.744060
v -3.879798 0.839878 -0.744060
v -3.972797 1.002766 -0.744060
v -3.580066 0.522525 -0.744060
v -3.737524 0.441924 -0.744060
v -3.633199 0.563988 -0.746115
v -3.169700 0.585930 -1.100623
v -3.633805 0.585930 -1.100623
v -3.169094 0.563988 -0.746115
v -1.522009 0.293954 -0.746115
v -1.443461 0.638389 -0.746115
v -3.163801 0.319066 -0.746115
v -2.380939 0.329964 -1.100623
v -2.380307 0.307082 -0.746115
v -3.164418 0.341395 -1.100623
v -1.522658 0.317441 -1.100623
v -1.522009 0.293954 -0.746115
v -3.169094 0.563988 -0.746115
v -2.346194 0.635003 -1.100623
v -3.169700 0.585930 -1.100623
v -2.345590 0.613143 -0.746115
v -0.878251 -0.381615 -3.408962
v -1.004667 -0.266143 -3.940076
v -0.896786 -0.159086 -3.965278
v -0.878251 -0.408916 -3.931396
v -0.878096 1.318542 -3.462070
v -0.424065 1.464343 -2.234172
v -0.733657 1.463225 -3.027041
v -0.658212 1.363307 -4.058503
v -0.878096 1.318542 -4.031795
v -0.733657 1.463225 -4.045975
v -0.353225 0.044412 3.854732
v -0.191305 0.365272 7.044257
v -0.483144 0.186379 3.827591
v -0.146643 0.317568 7.044257
v -1.730845 0.318170 4.493101
v -2.018238 0.255314 4.092456
v -1.983007 0.239094 4.404356
v -2.320616 0.394532 1.415500
v -2.210782 0.255314 3.831115
v -1.733858 0.299748 4.792959
v -2.437255 0.479013 0.333266
v -1.879314 0.548776 0.209066
v -2.450733 0.488774 0.208212
v -1.689290 0.544453 0.333266
v -1.875603 0.561936 -0.169036
v -2.491764 0.518493 -0.172489
v -2.320616 0.394532 1.415500
v -1.700081 0.506196 1.432471
v -3.044254 0.450374 0.333266
v -3.059675 0.454709 0.207340
v -3.106622 0.467905 -0.176016
v -1.733941 0.144329 4.481553
v -1.985226 0.114562 4.396233
v -2.020460 0.130782 4.084688
v -2.177502 0.114562 4.104747
v -1.737311 0.106032 4.780324
v -2.439625 0.308998 0.333266
v -2.322866 0.270000 1.410775
v -3.043344 0.325599 0.333266
v -1.883901 0.299405 0.208443
v -1.693883 0.295060 0.333266
v -2.453243 0.313547 0.207589
v -1.880170 0.312630 -0.171556
v -3.061925 0.330177 0.202615
v -3.046504 0.325842 0.328541
v -2.494701 0.327394 -0.175009
v -2.322866 0.270000 1.410775
v -2.213005 0.130782 3.823347
v -2.517719 0.270000 1.408164
v -3.043344 0.325599 0.333266
v -1.675303 0.360936 -1.559465
v -2.646124 0.377970 -1.572411
v -2.641624 0.627035 -1.562961
v -1.670803 0.610000 -1.550015
v -3.278089 0.516101 -1.576187
v -3.280340 0.391569 -1.580912
v -3.475192 0.391569 -1.583524
v -3.472942 0.516101 -1.578799
v -3.280340 0.391569 -1.580912
v -3.278089 0.516101 -1.576187
v -3.239107 0.450374 0.330654
v -3.059675 0.454709 0.207340
v -3.254528 0.454709 0.204728
v -3.044254 0.450374 0.333266
v -2.515468 0.394532 1.412888
v -3.106622 0.467905 -0.176016
v -1.883901 0.299405 0.208443
v -1.689290 0.544453 0.333266
v -1.693883 0.295060 0.333266
v -1.879314 0.548776 0.209066
v -1.733858 0.299748 4.792959
v -1.733941 0.144329 4.481553
v -1.730845 0.318170 4.493101
v -1.737311 0.106032 4.780324
v -1.737311 0.106032 4.780324
v -1.983007 0.239094 4.404356
v -1.985226 0.114562 4.396233
v -1.733858 0.299748 4.792959
v -2.175283 0.239094 4.112869
v -2.177502 0.114562 4.104747
v -0.733657 1.463226 -2.234172
v -0.733657 0.951967 -1.584738
v -0.424065 0.953084 -1.584738
v -0.421394 0.548847 3.775895
v -0.278770 0.701919 3.568860
v -0.438675 0.558364 3.578873
v -0.261632 0.692498 3.763023
v -4.038360 1.365492 -2.508998
v -4.398207 1.355552 -4.001266
v -4.164837 1.361998 -4.001266
v -4.524684 1.352059 -2.508998
v -4.116082 1.508116 -1.092899
v -4.474142 1.498226 -2.508998
v -4.488500 1.497830 -1.092899
v -4.102563 1.508489 -2.508998
v -4.119851 1.508012 -0.744060
v -4.197724 1.505860 -4.001266
v -4.376032 1.500935 -4.001266
v -4.488500 1.497830 -1.092899
v -4.524684 1.352059 -2.508998
v -4.543475 1.351541 -1.092899
v -4.474142 1.498226 -2.508998
v -4.119851 1.508012 -0.744060
v -4.060986 1.364867 -0.744060
v -4.056054 1.365003 -1.092899
v -4.119851 1.508012 -0.744060
v -4.116082 1.508116 -1.092899
v -4.164837 1.361998 -4.001266
v -4.398207 1.355552 -4.001266
v -4.197724 1.505860 -4.001266
v -4.376032 1.500935 -4.001266
v -4.398207 1.355552 -4.001266
v -4.524684 1.352059 -2.508998
v -4.474142 1.498226 -2.508998
v -4.376032 1.500935 -4.001266
v -4.197724 1.505860 -4.001266
v -4.102563 1.508489 -2.508998
v -4.038360 1.365492 -2.508998
v -4.164837 1.361998 -4.001266
v -4.485591 1.237543 -1.092899
v -4.461202 1.247899 -2.508998
v -4.111287 1.247882 -1.092899
v -4.105575 1.257722 -2.508998
v -4.971193 0.477030 -0.744059
v -4.773858 0.413301 -0.744059
v -4.815030 0.560886 -0.744059
v -4.918653 0.273274 -0.744059
v -3.575349 0.254830 -0.744060
v -4.801719 0.827776 -0.744059
v -4.548714 1.351396 -0.744060
v -4.714440 1.012716 -1.092899
v -4.718188 1.000650 -0.744060
v -4.543475 1.351541 -1.092899
v -4.524684 1.352059 -2.508998
v -4.105575 1.257722 -2.508998
v -4.461202 1.247899 -2.508998
v -4.038360 1.365492 -2.508998
v -4.703945 1.020029 -2.508998
v -3.856850 1.043346 -2.508998
v -4.815030 0.560886 -0.744059
v -4.811885 0.564896 -1.092899
v -4.693642 0.812113 -0.744059
v -4.690636 0.814847 -1.092899
v -4.610111 0.984987 -0.744060
v -3.769973 0.549503 -2.508998
v -3.764605 0.879627 -2.508998
v -3.897682 0.819006 -2.508998
v -4.770980 0.418587 -1.092899
v -4.787385 0.521402 -2.508998
v -4.811885 0.564896 -1.092899
v -4.748560 0.385030 -2.508998
v -3.740755 0.441009 -1.092899
v -3.765921 0.359145 -2.508998
v -4.770980 0.418587 -1.092899
v -4.748560 0.385030 -2.508998
v -3.743920 0.599234 -1.092899
v -3.769973 0.549503 -2.508998
v -3.740755 0.441009 -1.092899
v -3.765921 0.359145 -2.508998
v -2.345590 0.613143 -0.746115
v -1.444062 0.660159 -1.100623
v -2.346194 0.635003 -1.100623
v -1.443461 0.638389 -0.746115
v -2.382614 0.390605 -2.700992
v -3.166052 0.400571 -1.960188
v -3.171306 0.644081 -1.960188
v -2.347794 0.692936 -2.700992
v -0.733657 1.463225 -4.045975
v -0.733657 1.463225 -3.468874
v -0.424065 1.464343 -3.483458
v -0.161133 0.701666 3.570115
v -0.261632 0.692498 3.763023
v -0.300104 0.713646 3.327158
v -0.878096 0.951445 -3.462070
v -1.004667 -0.225253 -3.165986
v -0.880710 1.148314 -3.165988
v -1.004667 -0.238809 -3.417009
v -1.004667 -0.217897 -3.027045
v -0.882018 1.148314 -3.027045
v -0.878096 1.318542 -3.462070
v -0.733657 1.463225 -3.468874
v -0.878096 1.318542 -4.031795
v -0.878096 1.318542 -3.462070
v -0.733657 1.463225 -4.045975
v -0.733657 0.951967 -1.584738
v -0.878096 1.318542 -2.282098
v -0.895950 0.810187 -1.634542
v -0.733657 1.463226 -2.234172
v -0.733657 1.463225 -3.027041
v -0.878096 1.318542 -3.027041
v -0.460022 0.570120 3.335489
v -0.552803 0.144558 3.104702
v -0.525540 0.161911 3.387627
v -0.484827 0.583780 3.052686
v -0.583883 0.204680 2.728998
v -0.522277 0.517584 2.683803
v -0.300104 0.713646 3.327158
v -0.324774 0.727207 3.047663
v -0.460022 0.570120 3.335489
v -0.438675 0.558364 3.578873
v -0.278770 0.701919 3.568860
v -0.456796 0.799778 1.551932
v -0.484827 0.583780 3.052686
v -1.004667 -0.238809 -3.417009
v -0.878251 -0.408916 -3.931396
v -0.878251 -0.381615 -3.408962
v -1.004667 -0.266143 -3.940076
v -0.878096 1.318542 -2.282098
v -0.878096 1.318542 -3.027041
v -0.895950 0.810187 -1.634542
v -0.733657 1.463225 -3.165990
v -0.878096 1.318542 -3.462070
v -0.878096 1.318542 -3.165990
v -0.733657 1.463225 -3.468874
v -0.070863 0.519339 7.044257
v -0.146643 0.317568 7.044257
v -0.176059 0.471259 7.044257
v -0.191305 0.365272 7.044257
v -0.122598 0.519481 7.044257
v -0.176059 0.471259 7.044257
v -0.483144 0.186379 3.827591
v -0.191305 0.365272 7.044257
v -0.421394 0.548847 3.775895
v -0.421394 0.548847 3.775895
v -0.176059 0.471259 7.044257
v -0.261632 0.692498 3.763023
v -0.122598 0.519481 7.044257
v -0.261632 0.692498 3.763023
v -0.122598 0.519481 7.044257
v -3.580066 0.522525 -0.744060
v -3.576013 0.278854 -1.092899
v -3.580727 0.546435 -1.092899
v -3.575349 0.254830 -0.744060
v -3.580727 0.546435 -1.092899
v -3.578393 0.290307 -2.508998
v -3.583096 0.557482 -2.508998
v -3.576013 0.278854 -1.092899
v -4.056054 1.365003 -1.092899
v -4.038360 1.365492 -2.508998
v -4.116082 1.508116 -1.092899
v -4.102563 1.508489 -2.508998
v -4.492502 1.497719 -0.744060
v -4.543475 1.351541 -1.092899
v -4.548714 1.351396 -0.744060
v -4.488500 1.497830 -1.092899
v -4.492502 1.497719 -0.744060
v -4.585077 0.971995 -2.508998
v -4.919352 0.298601 -1.092899
v -4.918653 0.273274 -0.744059
v -4.971193 0.477030 -0.744059
v -4.971897 0.502481 -1.092899
v -4.918653 0.273274 -0.744059
v -3.576013 0.278854 -1.092899
v -3.575349 0.254830 -0.744060
v -4.919352 0.298601 -1.092899
v -3.740575 0.596025 -0.744060
v -3.740755 0.441009 -1.092899
v -3.737524 0.441924 -0.744060
v -3.743920 0.599234 -1.092899
v -3.740755 0.441009 -1.092899
v -4.773858 0.413301 -0.744059
v -3.737524 0.441924 -0.744060
v -4.770980 0.418587 -1.092899
v -4.773858 0.413301 -0.744059
v -4.770980 0.418587 -1.092899
v -4.815030 0.560886 -0.744059
v -4.811885 0.564896 -1.092899
v -4.606840 0.987593 -1.092899
v -4.488722 1.236214 -0.744060
v -4.485591 1.237543 -1.092899
v -3.879798 0.839878 -0.744060
v -3.743920 0.599234 -1.092899
v -3.740575 0.596025 -0.744060
v -3.881464 0.842092 -1.092899
v -3.972797 1.002766 -0.744060
v -3.973742 1.005024 -1.092899
v -4.488722 1.236214 -0.744060
v -4.485591 1.237543 -1.092899
v -4.112020 1.246618 -0.744060
v -4.111287 1.247882 -1.092899
v -2.517719 0.270000 1.408164
v -2.213005 0.130782 3.823347
v -2.210782 0.255314 3.831115
v -2.515468 0.394532 1.412888
v -3.239107 0.450374 0.330654
v -3.241356 0.325842 0.325929
v -3.254528 0.454709 0.204728
v -3.256778 0.330177 0.200003
v -3.317215 0.347165 -0.293513
v -3.472942 0.516101 -1.578799
v -3.475192 0.391569 -1.583524
v -3.314965 0.471697 -0.288788
v -3.303725 0.343373 -0.183353
v -3.301474 0.467905 -0.178628
v -3.044254 0.325598 0.333266
v -3.241356 0.325842 0.325929
v -3.046504 0.325842 0.328541
v -3.061925 0.330177 0.202615
v -3.317215 0.347165 -0.293513
v -3.280340 0.391569 -1.580912
v -3.122362 0.347165 -0.290901
v -3.475192 0.391569 -1.583524
v -3.303725 0.343373 -0.183353
v -2.175283 0.239094 4.112869
v -1.700081 0.506196 1.432471
v -1.733941 0.144329 4.481553
v -1.704580 0.257132 1.423021
v -1.693883 0.295060 0.333266
v -1.689290 0.544453 0.333266
v -1.730845 0.318170 4.493101
v -1.704580 0.257132 1.423021
v -2.020460 0.130782 4.084688
v -1.733941 0.144329 4.481553
v -2.018238 0.255314 4.092456
v -1.730845 0.318170 4.493101
v -2.380939 0.329964 -1.100623
v -1.524377 0.379687 -2.700992
v -1.522658 0.317441 -1.100623
v -2.382614 0.390605 -2.700992
v -1.444062 0.660159 -1.100623
v -1.445656 0.717853 -2.700992
v -2.346194 0.635003 -1.100623
v -2.347794 0.692936 -2.700992
v -2.346194 0.635003 -1.100623
v -3.171306 0.644081 -1.960188
v -3.169700 0.585930 -1.100623
v -2.347794 0.692936 -2.700992
v -2.380939 0.329964 -1.100623
v -3.166052 0.400571 -1.960188
v -2.382614 0.390605 -2.700992
v -3.164418 0.341395 -1.100623
v -3.169700 0.585930 -1.100623
v -3.171306 0.644081 -1.960188
v -3.633805 0.585930 -1.100623
v -3.635412 0.644081 -1.960188
v -1.444062 0.660159 -1.100623
v -1.524377 0.379687 -2.700992
v -1.445656 0.717853 -2.700992
v -1.522658 0.317441 -1.100623
v -3.627906 0.319066 -0.746115
v -3.164418 0.341395 -1.100623
v -3.163801 0.319066 -0.746115
v -3.628523 0.341395 -1.100623
v -0.081501 1.937486 -3.245801
v 0.000000 1.937486 -4.118001
v 0.000000 1.432274 -4.118001
v -0.081501 1.432274 -4.045975
v -0.081501 1.937486 -4.045976
v -0.081501 1.937486 -3.245801
v -0.081501 1.432274 -4.045975
v -0.081501 1.432274 -3.245801
v -0.081501 1.937486 -4.045976
v -0.081501 1.432274 -2.234172
v -0.081501 1.937486 -3.245801
v -0.081501 1.432274 -3.245801
v -0.081501 1.432274 -2.234172
v -0.421394 0.548847 3.775895
v -0.502193 0.175602 3.629909
v -0.483144 0.186379 3.827591
v -0.438675 0.558364 3.578873
v -0.483144 0.186379 3.827591
v -0.372420 0.033594 3.656151
v -0.353225 0.044412 3.854732
v -0.502193 0.175602 3.629909
v -0.525540 0.161911 3.387627
v -0.423336 0.002484 3.129378
v -0.395889 0.019883 3.413342
v -0.552803 0.144558 3.104702
v -0.570221 -0.090627 1.609729
v -0.372420 0.033594 3.656151
v -0.502193 0.175602 3.629909
v -0.278770 0.701919 3.568860
v -0.173465 0.713454 3.328418
v -0.300104 0.713646 3.327158
v -0.395889 0.019883 3.413342
v -0.460022 0.570120 3.335489
v -0.525540 0.161911 3.387627
v -0.438675 0.558364 3.578873
v -0.502193 0.175602 3.629909
v -0.732214 0.936423 -3.451941
v -0.785363 1.235940 -4.046020
v -0.732214 1.259585 -3.451941
v -0.896786 -0.159086 -3.965278
v -0.785363 0.912778 -4.046020
v -0.843637 -0.135441 -3.371198
v -0.349735 1.387935 -3.491180
v -0.658212 1.363307 -4.058503
v -0.605062 1.386952 -3.464424
v -0.878096 0.951445 -4.031795
v -0.785363 1.235940 -4.046020
v -0.785363 0.912778 -4.046020
v -0.732350 -0.261126 -3.363558
v -0.732214 0.936423 -3.451941
v -0.732214 1.259585 -3.451941
v -0.605062 1.386952 -3.464424
v -0.605062 1.386952 -3.464424
v -0.785363 1.235940 -4.046020
v -0.658212 1.363307 -4.058503
v -0.732214 1.259585 -3.451941
v -0.843637 -0.135441 -3.371198
v -0.785500 -0.284771 -3.957637
v -0.896786 -0.159086 -3.965278
v -0.732350 -0.261126 -3.363558
v -4.606840 0.987593 -1.092899
v -4.461202 1.247899 -2.508998
v -4.485591 1.237543 -1.092899
v -4.585077 0.971995 -2.508998
v -4.693642 0.812113 -0.744059
v -4.811885 0.564896 -1.092899
v -4.663509 0.797306 -2.508998
v -4.690636 0.814847 -1.092899
v -4.787385 0.521402 -2.508998
v -4.800931 0.841305 -1.092899
v -4.974418 0.519054 -2.508998
v -4.971897 0.502481 -1.092899
v -4.795157 0.851084 -2.508998
v -4.801719 0.827776 -0.744059
v -4.971897 0.502481 -1.092899
v -4.971193 0.477030 -0.744059
v -4.800931 0.841305 -1.092899
v -4.543475 1.351541 -1.092899
v -4.703945 1.020029 -2.508998
v -4.714440 1.012716 -1.092899
v -4.524684 1.352059 -2.508998
v -3.881464 0.842092 -1.092899
v -3.897682 0.819006 -2.508998
v -3.743920 0.599234 -1.092899
v -3.769973 0.549503 -2.508998
v -3.977866 0.988219 -2.508998
v -4.111287 1.247882 -1.092899
v -4.105575 1.257722 -2.508998
v -3.973742 1.005024 -1.092899
v -3.977866 0.988219 -2.508998
v -4.112020 1.246618 -0.744060
v -4.111287 1.247882 -1.092899
v -3.580727 0.546435 -1.092899
v -3.583096 0.557482 -2.508998
v -3.771208 0.874466 -1.092899
v -3.764605 0.879627 -2.508998
v -4.060986 1.364867 -0.744060
v -3.865572 1.036972 -1.092899
v -4.056054 1.365003 -1.092899
v -4.718188 1.000650 -0.744060
v -4.800931 0.841305 -1.092899
v -4.801719 0.827776 -0.744059
v -4.714440 1.012716 -1.092899
v -4.690636 0.814847 -1.092899
v -4.585077 0.971995 -2.508998
v -4.606840 0.987593 -1.092899
v -4.663509 0.797306 -2.508998
v -4.703945 1.020029 -2.508998
v -4.663509 0.797306 -2.508998
v -4.795157 0.851084 -2.508998
v -4.585077 0.971995 -2.508998
v -4.714440 1.012716 -1.092899
v -4.795157 0.851084 -2.508998
v -4.800931 0.841305 -1.092899
v -4.703945 1.020029 -2.508998
v -3.771208 0.874466 -1.092899
v -3.764605 0.879627 -2.508998
v -3.865572 1.036972 -1.092899
v -3.856850 1.043346 -2.508998
v -3.973742 1.005024 -1.092899
v -3.977866 0.988219 -2.508998
v -3.881464 0.842092 -1.092899
v -3.897682 0.819006 -2.508998
v -3.897682 0.819006 -2.508998
v -3.856850 1.043346 -2.508998
v -3.764605 0.879627 -2.508998
v -3.977866 0.988219 -2.508998
v -1.004667 -0.225253 -3.165986
v -1.004667 -0.238809 -3.417009
v -0.878251 -0.368160 -3.165984
v -0.878251 -0.360727 -3.027045
v -1.004667 -0.217897 -3.027045
v -0.878251 -0.381615 -3.408962
v -0.878096 1.318542 -3.165990
v -1.004667 -0.143051 -1.584561
v -0.878251 -0.285887 -1.577097
v -1.004667 -0.143051 -1.584561
v -0.857818 0.789187 -1.129400
v -0.733657 1.463225 -3.165990
v -0.733657 1.463225 -3.468874
v -0.709781 1.439299 -3.026980
v -0.878096 1.318542 -3.027041
v -0.733657 1.463225 -3.027041
v -0.854219 1.294616 -3.026980
v -0.882018 1.148314 -3.027045
v -0.400189 1.440417 -3.026980
v -0.424065 1.464343 -3.027041
v -0.733657 1.463226 -2.234172
v -0.858141 1.148314 -3.026983
v -0.880710 1.148314 -3.165988
v -0.882018 1.148314 -3.027045
v -0.856833 1.148314 -3.165926
v -0.324774 0.727207 3.047663
v -0.456796 0.799778 1.551932
v -0.278770 0.701919 3.568860
v -0.709781 1.439299 -3.026980
v -0.854219 1.294616 -3.165929
v -0.854219 1.294616 -3.026980
v -0.709781 1.439299 -3.165929
v -0.858141 1.148314 -3.026983
v -0.854219 1.294616 -3.165929
v -0.856833 1.148314 -3.165926
v -0.854219 1.294616 -3.026980
v -0.400189 1.440417 -3.026980
v -0.709781 1.439299 -3.165929
v -0.709781 1.439299 -3.026980
v -0.400189 1.440417 -3.165929
v -0.709781 1.439299 -3.165929
v -0.424065 1.464343 -3.165990
v -0.733657 1.463225 -3.165990
v -0.878096 1.318542 -3.165990
v -0.854219 1.294616 -3.165929
v -0.400189 1.440417 -3.165929
v -0.880710 1.148314 -3.165988
v -0.856833 1.148314 -3.165926
v -0.424065 1.464343 -3.027041
v -0.400189 1.440417 -3.165929
v -0.400189 1.440417 -3.026980
v -0.424065 1.464343 -3.165990
v -0.858141 1.148314 -3.026983
v -0.962657 -0.116312 -1.129400
v -0.835899 -0.259040 -1.129400
v -0.695904 0.931214 -1.129400
v -0.424065 0.953084 -1.584738
v -0.733657 0.951967 -1.584738
v -0.288620 0.823569 1.212266
v -0.695904 0.931214 -1.129400
v -0.733657 0.951967 -1.584738
v -0.857818 0.789187 -1.129400
v -0.895950 0.810187 -1.634542
v -0.530344 0.783256 0.569505
v -0.385308 0.916024 -0.766223
v -0.556165 0.854400 0.453999
v -0.499316 0.823151 1.211765
v -0.698703 0.051693 1.590610
v -0.618518 -0.121242 1.248510
v -0.617573 0.656883 1.539252
v -0.499316 0.823151 1.211765
v -0.698703 0.051693 1.590610
v -0.666477 0.164828 1.871872
v -0.597424 0.548955 1.827049
v -0.617573 0.656883 1.539252
v -0.522277 0.517584 2.683803
v -0.666477 0.164828 1.871872
v -0.583883 0.204680 2.728998
v -0.597424 0.548955 1.827049
v -0.746417 0.021323 1.235842
v -0.807987 -0.017865 0.481121
v -0.930851 -0.096067 -0.766223
v -0.680023 -0.160230 0.493761
v -0.803995 -0.238816 -0.766223
v -0.962657 -0.116312 -1.129400
v -0.835899 -0.259040 -1.129400
v -0.717722 0.712036 0.445640
v -0.743559 0.044719 0.586947
v -0.667132 0.662717 0.564129
v -0.930851 -0.096067 -0.766223
v -0.807987 -0.017865 0.481121
v -0.828700 0.773152 -0.766223
v -0.962657 -0.116312 -1.129400
v -0.746417 0.021323 1.235842
v -0.666602 0.915107 -0.766223
v -0.402241 0.932215 -1.129400
v -0.666602 0.915107 -0.766223
v -0.857818 0.789187 -1.129400
v -0.930851 -0.096067 -0.766223
v -0.828700 0.773152 -0.766223
v -0.962657 -0.116312 -1.129400
v -0.828700 0.773152 -0.766223
v -0.695904 0.931214 -1.129400
v -0.857818 0.789187 -1.129400
v -0.666602 0.915107 -0.766223
v -0.717722 0.712036 0.445640
v -0.835899 -0.259040 -1.129400
v -0.695904 0.931214 -1.129400
v -0.556165 0.854400 0.453999
v -0.667132 0.662717 0.564129
v -0.530344 0.783256 0.569505
v -0.660207 0.680362 1.203340
v -0.618435 0.635900 1.097679
v -0.482211 0.756797 1.103097
v -0.660207 0.680362 1.203340
v -0.482211 0.756797 1.103097
v -0.618435 0.635900 1.097679
v -0.691428 0.077900 1.118581
v -0.660207 0.680362 1.203340
v -0.746417 0.021323 1.235842
v -0.303818 0.757151 1.103419
v -0.482211 0.756797 1.103097
v -0.499316 0.823151 1.211765
v -0.660207 0.680362 1.203340
v -0.499316 0.823151 1.211765
v -0.618435 0.635900 1.097679
v -0.482211 0.756797 1.103097
v -0.635213 -0.075819 0.595076
v -0.635213 -0.075819 0.595076
v -0.583138 -0.042808 1.126728
v -0.691428 0.077900 1.118581
v -0.743559 0.044719 0.586947
v -0.618518 -0.121242 1.248510
v -0.746417 0.021323 1.235842
v -0.583138 -0.042808 1.126728
v -0.691428 0.077900 1.118581
v -0.618518 -0.121242 1.248510
v -0.635213 -0.075819 0.595076
v -0.807987 -0.017865 0.481121
v -0.680023 -0.160230 0.493761
v -0.743559 0.044719 0.586947
v -3.108871 0.343373 -0.180741
v -3.256778 0.330177 0.200003
v -1.683293 0.565717 -0.277686
v -1.675303 0.360936 -1.559465
v -1.670803 0.610000 -1.550015
v -1.687855 0.316431 -0.280752
v -3.120112 0.471697 -0.286176
v -3.278089 0.516101 -1.576187
v -3.314965 0.471697 -0.288788
v -3.472942 0.516101 -1.578799
v -3.122362 0.347165 -0.290901
v -2.646124 0.377970 -1.572411
v -2.506615 0.331373 -0.284951
v -3.280340 0.391569 -1.580912
v -1.687855 0.316431 -0.280752
v -3.108871 0.343373 -0.180741
v -1.675303 0.360936 -1.559465
v -2.503554 0.527032 -0.281886
v -2.641624 0.627035 -1.562961
v -3.120112 0.471697 -0.286176
v -1.670803 0.610000 -1.550015
v -3.278089 0.516101 -1.576187
v -1.683293 0.565717 -0.277686
v -1.879314 0.548776 0.209066
v -1.880170 0.312630 -0.171556
v -1.875603 0.561936 -0.169036
v -1.883901 0.299405 0.208443
v -3.301474 0.467905 -0.178628
v -1.875603 0.561936 -0.169036
v -1.687855 0.316431 -0.280752
v -1.683293 0.565717 -0.277686
v -1.880170 0.312630 -0.171556
v 0.821565 0.721799 -0.775548
v 0.918834 -0.083608 -1.081849
v 0.902894 -0.083503 -0.714486
v 0.834636 0.746400 -1.136162
v 0.821565 0.721799 -0.775548
v 1.321737 0.763561 -1.115042
v 0.834636 0.746400 -1.136162
v 1.308667 0.738960 -0.754427
v 1.484285 0.733377 -1.775954
v 1.347591 0.797549 -1.788355
v 1.458316 0.699174 -1.099430
v 1.499774 0.170092 -0.702240
v 1.360221 0.610783 -0.737677
v 1.405362 0.199825 -0.709517
v 1.445199 0.674486 -0.737537
v 1.308667 0.738960 -0.754427
v 1.251439 0.662153 -0.751134
v 1.752040 0.343417 -0.691244
v 1.697465 0.677152 -0.726541
v 0.994255 -0.014903 -0.948919
v 0.949985 0.610801 -1.405884
v 0.927798 0.642640 -0.997607
v 1.016443 -0.046742 -1.357196
v 1.612661 0.168137 -3.773903
v 1.443204 -0.040953 -3.781664
v 1.398455 0.080196 -3.782704
v 1.472670 0.708843 -3.778074
v 1.542310 0.809799 -3.775481
v 1.525354 0.236775 -3.776893
v 1.729277 0.727490 -1.757179
v 1.445199 0.674486 -0.737537
v 1.703308 0.706888 -1.080656
v 1.697465 0.677152 -0.726541
v 1.499774 0.170092 -0.702240
v 1.345649 -0.039100 -1.063342
v 1.515644 0.169987 -1.067990
v 1.329709 -0.038995 -0.695979
v 1.375836 -0.039673 -1.753667
v 1.545658 0.169415 -1.754274
v 0.915196 0.660724 -0.765714
v 0.821565 0.721799 -0.775548
v 0.902894 -0.083503 -0.714486
v 0.981654 0.003181 -0.717025
v 1.329709 -0.038995 -0.695979
v 1.269863 0.033235 -0.704529
v 0.949985 0.610801 -1.405884
v 1.440151 0.149902 -1.349687
v 1.286228 0.612230 -1.391305
v 1.016443 -0.046742 -1.357196
v 1.395010 0.560861 -1.377847
v 1.304652 -0.016688 -1.344699
v 1.440151 0.149902 -1.349687
v 1.282465 0.015151 -0.936422
v 1.417964 0.181741 -0.941410
v 1.304652 -0.016688 -1.344699
v 1.395010 0.560861 -1.377847
v 1.417964 0.181741 -0.941410
v 1.372823 0.592700 -0.969570
v 1.440151 0.149902 -1.349687
v 0.949985 0.610801 -1.405884
v 1.264041 0.644069 -0.983027
v 0.927798 0.642640 -0.997607
v 1.395010 0.560861 -1.377847
v 1.372823 0.592700 -0.969570
v 1.286228 0.612230 -1.391305
v 1.282465 0.015151 -0.936422
v 1.016443 -0.046742 -1.357196
v 0.994255 -0.014903 -0.948919
v 1.304652 -0.016688 -1.344699
v 1.329709 -0.038995 -0.695979
v 0.918834 -0.083608 -1.081849
v 1.345649 -0.039100 -1.063342
v 0.902894 -0.083503 -0.714486
v 1.428652 -0.040677 -3.460298
v 0.946545 -0.085185 -3.478805
v 1.443204 -0.040953 -3.781664
v 0.951403 -0.085461 -3.800171
v 1.521286 0.782110 -3.179803
v 1.598189 0.168413 -3.454388
v 1.529780 0.793297 -3.460420
v 1.588338 0.168601 -3.169597
v 1.418731 -0.040488 -3.173802
v 1.598189 0.168413 -3.454388
v 1.588338 0.168601 -3.169597
v 1.428652 -0.040677 -3.460298
v 1.411781 -0.040356 -2.973098
v 1.612661 0.168137 -3.773903
v 1.384451 0.846008 -3.188401
v 1.529780 0.793297 -3.460420
v 1.392898 0.857113 -3.467657
v 1.521286 0.782110 -3.179803
v 1.542310 0.809799 -3.775481
v 1.405374 0.873514 -3.781250
v 0.848621 0.828851 -3.209606
v 1.392898 0.857113 -3.467657
v 0.850504 0.839952 -3.488778
v 1.384451 0.846008 -3.188401
v 1.269863 0.033235 -0.704529
v 0.994255 -0.014903 -0.948919
v 0.981654 0.003181 -0.717025
v 1.282465 0.015151 -0.936422
v 1.251439 0.662153 -0.751134
v 0.927798 0.642640 -0.997607
v 1.264041 0.644069 -0.983027
v 1.372823 0.592700 -0.969570
v 1.360221 0.610783 -0.737677
v 0.915196 0.660724 -0.765714
v 1.372823 0.592700 -0.969570
v 1.405362 0.199825 -0.709517
v 1.360221 0.610783 -0.737677
v 1.417964 0.181741 -0.941410
v 1.417964 0.181741 -0.941410
v 1.269863 0.033235 -0.704529
v 1.405362 0.199825 -0.709517
v 1.282465 0.015151 -0.936422
v 0.981654 0.003181 -0.717025
v 0.927798 0.642640 -0.997607
v 0.915196 0.660724 -0.765714
v 0.994255 -0.014903 -0.948919
v 0.946545 -0.085185 -3.478805
v 1.428652 -0.040677 -3.460298
v 0.943234 -0.084997 -3.192400
v 1.418731 -0.040488 -3.173802
v 1.023458 0.046546 -3.624148
v 1.518648 0.236456 -3.604477
v 1.391748 0.079876 -3.610289
v 1.363419 0.756238 -3.609979
v 1.465964 0.708524 -3.605659
v 0.949982 0.751833 -3.625795
v 0.853286 0.856354 -3.802370
v 1.030164 0.046865 -3.796564
v 0.951403 -0.085461 -3.800171
v 0.956688 0.752153 -3.798211
v 1.405374 0.873514 -3.781250
v 1.370125 0.756557 -3.782394
v 1.443204 -0.040953 -3.781664
v 0.850504 0.839952 -3.488778
v 0.850504 0.839952 -3.488778
v 0.951403 -0.085461 -3.800171
v 0.946545 -0.085185 -3.478805
v 0.853286 0.856354 -3.802370
v 0.853286 0.856354 -3.802370
v 1.529780 0.793297 -3.460420
v 1.612661 0.168137 -3.773903
v 1.542310 0.809799 -3.775481
v 1.598189 0.168413 -3.454388
v 1.363419 0.756238 -3.609979
v 0.949982 0.751833 -3.625795
v 0.956688 0.752153 -3.798211
v 1.370125 0.756557 -3.782394
v 1.472670 0.708843 -3.778074
v 1.465964 0.708524 -3.605659
v 1.391748 0.079876 -3.610289
v 1.525354 0.236775 -3.776893
v 1.398455 0.080196 -3.782704
v 1.518648 0.236456 -3.604477
v 1.465964 0.708524 -3.605659
v 1.525354 0.236775 -3.776893
v 1.518648 0.236456 -3.604477
v 1.472670 0.708843 -3.778074
v 0.949982 0.751833 -3.625795
v 1.023458 0.046546 -3.624148
v 1.030164 0.046865 -3.796564
v 0.956688 0.752153 -3.798211
v 1.391748 0.079876 -3.610289
v 1.030164 0.046865 -3.796564
v 1.023458 0.046546 -3.624148
v 1.398455 0.080196 -3.782704
v 0.834636 0.746400 -1.136162
v 1.347591 0.797549 -1.788355
v 0.840401 0.780387 -1.809438
v 1.321737 0.763561 -1.115042
v 1.350056 0.800790 -2.355435
v 0.840950 0.783628 -2.376514
v 0.848621 0.828851 -3.209606
v 0.946545 -0.085185 -3.478805
v 0.943234 -0.084997 -3.192400
v 0.850504 0.839952 -3.488778
v 0.940911 -0.084864 -2.991515
v 1.418731 -0.040488 -3.173802
v 1.411781 -0.040356 -2.973098
v 0.943234 -0.084997 -3.192400
v 0.847265 0.820856 -3.008567
v 0.943234 -0.084997 -3.192400
v 0.940911 -0.084864 -2.991515
v 0.848621 0.828851 -3.209606
v 0.847265 0.820856 -3.008567
v 0.848621 0.828851 -3.209606
v 1.378375 0.838020 -2.987530
v 1.515207 0.774103 -2.978951
v 1.350056 0.800790 -2.355435
v 1.486761 0.736638 -2.343340
v 2.029566 0.729455 -2.324565
v 2.058012 0.752021 -2.960176
v 1.515207 0.774103 -2.978951
v 1.588338 0.168601 -3.169597
v 1.521286 0.782110 -3.179803
v 1.581396 0.168733 -2.968892
v 1.581396 0.168733 -2.968892
v 1.378715 -0.039728 -2.322369
v 0.834636 0.746400 -1.136162
v 0.928912 -0.084181 -1.772133
v 0.918834 -0.083608 -1.081849
v 0.840401 0.780387 -1.809438
v 0.929873 -0.084236 -2.340831
v 2.091325 0.341929 -2.303816
v 1.581396 0.168733 -2.968892
v 2.124201 0.341551 -2.950118
v 1.548520 0.169360 -2.322590
v 1.790649 0.341962 -1.735500
v 1.545658 0.169415 -1.754274
v 1.548520 0.169360 -2.322590
v 1.378715 -0.039728 -2.322369
v 0.929873 -0.084236 -2.340831
v 1.411781 -0.040356 -2.973098
v 0.940911 -0.084864 -2.991515
v 1.703308 0.706888 -1.080656
v 1.790649 0.341962 -1.735500
v 1.729277 0.727490 -1.757179
v 1.760636 0.342306 -1.049216
v 2.091325 0.341929 -2.303816
v 2.029566 0.729455 -2.324565
v 1.697465 0.677152 -0.726541
v 1.752040 0.343417 -0.691244
v 2.124201 0.341551 -2.950118
v 1.581396 0.168733 -2.968892
v 2.058012 0.752021 -2.960176
v 1.515207 0.774103 -2.978951
v 2.124201 0.341551 -2.950118
v 2.058012 0.752021 -2.960176
v 1.375836 -0.039673 -1.753667
v 0.928912 -0.084181 -1.772133
v 1.760636 0.342306 -1.049216
v 1.515644 0.169987 -1.067990
v 0.840950 0.783628 -2.376514
v 0.940911 -0.084864 -2.991515
v 0.847265 0.820856 -3.008567
v 1.378375 0.838020 -2.987530
v 0.847265 0.820856 -3.008567
v 1.345649 -0.039100 -1.063342
v 0.918834 -0.083608 -1.081849
v 1.752040 0.343417 -0.691244
v 1.499774 0.170092 -0.702240
v -0.821565 0.721799 -0.775548
v -0.918834 -0.083608 -1.081849
v -0.834636 0.746400 -1.136162
v -0.902894 -0.083503 -0.714486
v -0.821565 0.721799 -0.775548
v -1.321737 0.763561 -1.115042
v -1.308667 0.738960 -0.754427
v -0.834636 0.746400 -1.136162
v -1.484285 0.733377 -1.775954
v -1.458316 0.699174 -1.099430
v -1.445199 0.674486 -0.737537
v -1.445199 0.674486 -0.737537
v -1.499774 0.170092 -0.702240
v -1.360221 0.610783 -0.737677
v -1.329709 -0.038995 -0.695979
v -1.405362 0.199825 -0.709517
v -1.752040 0.343417 -0.691244
v -1.308667 0.738960 -0.754427
v -0.949985 0.610801 -1.405884
v -0.994255 -0.014903 -0.948919
v -0.927798 0.642640 -0.997607
v -1.016443 -0.046742 -1.357196
v -1.472670 0.708843 -3.778074
v -1.405374 0.873514 -3.781250
v -1.370125 0.756557 -3.782394
v -1.612661 0.168137 -3.773903
v -1.542310 0.809799 -3.775481
v -1.525354 0.236775 -3.776893
v -1.398455 0.080196 -3.782704
v -1.443204 -0.040953 -3.781664
v -1.729277 0.727490 -1.757179
v -1.703308 0.706888 -1.080656
v -1.697465 0.677152 -0.726541
v -1.499774 0.170092 -0.702240
v -1.345649 -0.039100 -1.063342
v -1.329709 -0.038995 -0.695979
v -1.515644 0.169987 -1.067990
v -1.375836 -0.039673 -1.753667
v -1.251439 0.662153 -0.751134
v -0.915196 0.660724 -0.765714
v -0.821565 0.721799 -0.775548
v -0.981654 0.003181 -0.717025
v -1.269863 0.033235 -0.704529
v -0.902894 -0.083503 -0.714486
v -1.440151 0.149902 -1.349687
v -0.949985 0.610801 -1.405884
v -1.286228 0.612230 -1.391305
v -1.395010 0.560861 -1.377847
v -1.016443 -0.046742 -1.357196
v -1.304652 -0.016688 -1.344699
v -1.440151 0.149902 -1.349687
v -1.417964 0.181741 -0.941410
v -1.282465 0.015151 -0.936422
v -1.304652 -0.016688 -1.344699
v -1.372823 0.592700 -0.969570
v -1.417964 0.181741 -0.941410
v -1.395010 0.560861 -1.377847
v -1.440151 0.149902 -1.349687
v -0.927798 0.642640 -0.997607
v -1.264041 0.644069 -0.983027
v -0.949985 0.610801 -1.405884
v -1.395010 0.560861 -1.377847
v -1.286228 0.612230 -1.391305
v -1.372823 0.592700 -0.969570
v -1.282465 0.015151 -0.936422
v -1.016443 -0.046742 -1.357196
v -1.304652 -0.016688 -1.344699
v -0.994255 -0.014903 -0.948919
v -1.329709 -0.038995 -0.695979
v -0.918834 -0.083608 -1.081849
v -0.902894 -0.083503 -0.714486
v -1.345649 -0.039100 -1.063342
v -1.428652 -0.040677 -3.460298
v -1.443204 -0.040953 -3.781664
v -0.946545 -0.085185 -3.478805
v -0.951403 -0.085461 -3.800171
v -1.521286 0.782110 -3.179803
v -1.598189 0.168413 -3.454388
v -1.588338 0.168601 -3.169597
v -1.529780 0.793297 -3.460420
v -1.418731 -0.040488 -3.173802
v -1.588338 0.168601 -3.169597
v -1.598189 0.168413 -3.454388
v -1.428652 -0.040677 -3.460298
v -1.411781 -0.040356 -2.973098
v -1.581396 0.168733 -2.968892
v -1.612661 0.168137 -3.773903
v -1.443204 -0.040953 -3.781664
v -1.384451 0.846008 -3.188401
v -1.529780 0.793297 -3.460420
v -1.521286 0.782110 -3.179803
v -1.392898 0.857113 -3.467657
v -1.542310 0.809799 -3.775481
v -0.848621 0.828851 -3.209606
v -1.392898 0.857113 -3.467657
v -1.384451 0.846008 -3.188401
v -0.850504 0.839952 -3.488778
v -1.269863 0.033235 -0.704529
v -0.994255 -0.014903 -0.948919
v -1.282465 0.015151 -0.936422
v -0.981654 0.003181 -0.717025
v -1.251439 0.662153 -0.751134
v -1.372823 0.592700 -0.969570
v -1.264041 0.644069 -0.983027
v -0.927798 0.642640 -0.997607
v -1.360221 0.610783 -0.737677
v -0.915196 0.660724 -0.765714
v -1.360221 0.610783 -0.737677
v -1.405362 0.199825 -0.709517
v -1.372823 0.592700 -0.969570
v -1.417964 0.181741 -0.941410
v -1.405362 0.199825 -0.709517
v -1.269863 0.033235 -0.704529
v -1.417964 0.181741 -0.941410
v -1.282465 0.015151 -0.936422
v -0.927798 0.642640 -0.997607
v -0.981654 0.003181 -0.717025
v -0.915196 0.660724 -0.765714
v -0.994255 -0.014903 -0.948919
v -0.943234 -0.084997 -3.192400
v -1.428652 -0.040677 -3.460298
v -0.946545 -0.085185 -3.478805
v -1.418731 -0.040488 -3.173802
v -1.518648 0.236456 -3.604477
v -1.023458 0.046546 -3.624148
v -1.391748 0.079876 -3.610289
v -1.363419 0.756238 -3.609979
v -0.949982 0.751833 -3.625795
v -1.465964 0.708524 -3.605659
v -1.030164 0.046865 -3.796564
v -0.853286 0.856354 -3.802370
v -0.951403 -0.085461 -3.800171
v -0.956688 0.752153 -3.798211
v -1.405374 0.873514 -3.781250
v -0.850504 0.839952 -3.488778
v -0.853286 0.856354 -3.802370
v -0.850504 0.839952 -3.488778
v -0.951403 -0.085461 -3.800171
v -0.853286 0.856354 -3.802370
v -0.946545 -0.085185 -3.478805
v -1.529780 0.793297 -3.460420
v -1.612661 0.168137 -3.773903
v -1.598189 0.168413 -3.454388
v -1.542310 0.809799 -3.775481
v -1.363419 0.756238 -3.609979
v -0.956688 0.752153 -3.798211
v -0.949982 0.751833 -3.625795
v -1.472670 0.708843 -3.778074
v -1.370125 0.756557 -3.782394
v -1.465964 0.708524 -3.605659
v -1.391748 0.079876 -3.610289
v -1.525354 0.236775 -3.776893
v -1.518648 0.236456 -3.604477
v -1.398455 0.080196 -3.782704
v -1.465964 0.708524 -3.605659
v -1.525354 0.236775 -3.776893
v -1.472670 0.708843 -3.778074
v -1.518648 0.236456 -3.604477
v -0.949982 0.751833 -3.625795
v -1.030164 0.046865 -3.796564
v -1.023458 0.046546 -3.624148
v -0.956688 0.752153 -3.798211
v -1.391748 0.079876 -3.610289
v -1.030164 0.046865 -3.796564
v -1.398455 0.080196 -3.782704
v -1.023458 0.046546 -3.624148
v -0.834636 0.746400 -1.136162
v -1.347591 0.797549 -1.788355
v -1.321737 0.763561 -1.115042
v -0.840401 0.780387 -1.809438
v -1.350056 0.800790 -2.355435
v -0.848621 0.828851 -3.209606
v -0.946545 -0.085185 -3.478805
v -0.850504 0.839952 -3.488778
v -0.943234 -0.084997 -3.192400
v -0.940911 -0.084864 -2.991515
v -1.418731 -0.040488 -3.173802
v -0.943234 -0.084997 -3.192400
v -1.411781 -0.040356 -2.973098
v -0.943234 -0.084997 -3.192400
v -0.847265 0.820856 -3.008567
v -0.940911 -0.084864 -2.991515
v -0.848621 0.828851 -3.209606
v -0.848621 0.828851 -3.209606
v -0.847265 0.820856 -3.008567
v -1.378375 0.838020 -2.987530
v -1.515207 0.774103 -2.978951
v -1.350056 0.800790 -2.355435
v -1.521286 0.782110 -3.179803
v -1.588338 0.168601 -3.169597
v -1.515207 0.774103 -2.978951
v -1.581396 0.168733 -2.968892
v -0.834636 0.746400 -1.136162
v -0.918834 -0.083608 -1.081849
v -0.928912 -0.084181 -1.772133
v -0.840401 0.780387 -1.809438
v -0.929873 -0.084236 -2.340831
v -0.840950 0.783628 -2.376514
v -1.347591 0.797549 -1.788355
v -1.486761 0.736638 -2.343340
v -2.091325 0.341929 -2.303816
v -1.581396 0.168733 -2.968892
v -1.548520 0.169360 -2.322590
v -2.124201 0.341551 -2.950118
v -1.790649 0.341962 -1.735500
v -1.545658 0.169415 -1.754274
v -1.378715 -0.039728 -2.322369
v -1.378715 -0.039728 -2.322369
v -1.411781 -0.040356 -2.973098
v -0.929873 -0.084236 -2.340831
v -0.940911 -0.084864 -2.991515
v -1.703308 0.706888 -1.080656
v -1.790649 0.341962 -1.735500
v -1.760636 0.342306 -1.049216
v -1.729277 0.727490 -1.757179
v -1.697465 0.677152 -0.726541
v -2.091325 0.341929 -2.303816
v -2.058012 0.752021 -2.960176
v -1.581396 0.168733 -2.968892
v -2.124201 0.341551 -2.950118
v -1.515207 0.774103 -2.978951
v -2.029566 0.729455 -2.324565
v -2.058012 0.752021 -2.960176
v -2.029566 0.729455 -2.324565
v -2.124201 0.341551 -2.950118
v -2.058012 0.752021 -2.960176
v -1.375836 -0.039673 -1.753667
v -0.928912 -0.084181 -1.772133
v -1.548520 0.169360 -2.322590
v -1.545658 0.169415 -1.754274
v -0.940911 -0.084864 -2.991515
v -0.847265 0.820856 -3.008567
v -0.840950 0.783628 -2.376514
v -1.378375 0.838020 -2.987530
v -0.847265 0.820856 -3.008567
v -1.760636 0.342306 -1.049216
v -1.515644 0.169987 -1.067990
v -1.345649 -0.039100 -1.063342
v -0.918834 -0.083608 -1.081849
v -1.752040 0.343417 -0.691244
v -1.752040 0.343417 -0.691244
v -1.499774 0.170092 -0.702240
v -1.697465 0.677152 -0.726541
v 0.452500 1.325736 -1.995005
v 0.366572 1.208898 -2.222358
v 0.355403 1.349447 -1.990705
v 0.466721 1.196094 -2.224679
v 0.343170 1.424561 -1.662798
v 0.436926 1.394848 -1.669626
v 0.000000 1.221702 -2.220036
v 0.000000 1.373159 -1.986405
v 0.559506 1.310270 -1.701595
v 0.452500 1.325736 -1.995005
v 0.436926 1.394848 -1.669626
v 0.587420 1.254091 -2.036194
v 0.487956 1.287501 -1.204796
v 0.466721 1.196094 -2.224679
v 0.574067 1.169950 -2.207235
v 0.548855 0.848147 -2.567244
v -0.281437 1.325199 -0.732017
v -0.311944 1.403522 -1.189228
v -0.358327 1.307909 -0.745011
v -0.345500 1.215094 -0.466247
v -0.271363 1.228457 -0.453184
v 0.000000 1.342488 -0.719023
v 0.000000 1.428678 -1.178908
v 0.000000 1.454274 -1.655970
v -0.343170 1.424561 -1.662798
v -0.397169 1.378366 -1.199549
v -0.436926 1.394848 -1.669626
v 0.000000 1.454274 -1.655970
v 0.311944 1.403522 -1.189228
v 0.397169 1.378366 -1.199549
v 0.345500 1.215094 -0.466247
v 0.281437 1.325199 -0.732017
v 0.271363 1.228457 -0.453184
v 0.000000 1.428678 -1.178908
v 0.358327 1.307909 -0.745011
v 0.350933 1.084786 -0.285749
v 0.000000 1.342488 -0.719023
v 0.000000 1.241820 -0.440120
v 0.391224 1.137127 -0.437513
v 0.417088 1.218787 -0.724025
v 0.345500 1.215094 -0.466247
v 0.350933 1.084786 -0.285749
v 0.387055 1.051348 -0.299225
v 0.358327 1.307909 -0.745011
v 0.487956 1.287501 -1.204796
v 0.397169 1.378366 -1.199549
v 0.275630 1.095085 -0.275306
v 0.000000 1.105384 -0.264864
v -0.548855 0.848147 -2.567244
v -0.574067 1.169950 -2.207235
v -0.466721 1.196094 -2.224679
v -0.731081 0.852448 -2.501449
v -0.587419 1.254091 -2.036194
v -0.452500 1.325736 -1.995005
v 0.391224 1.137127 -0.437513
v 0.501619 0.685394 -0.144451
v 0.554601 0.698045 -0.489051
v 0.387055 1.051348 -0.299225
v 0.417088 1.218787 -0.724025
v 0.655443 0.754255 -1.182353
v 0.487956 1.287501 -1.204796
v 0.458704 0.691760 -0.017376
v 0.275630 1.095085 -0.275306
v 0.000000 0.689874 0.019871
v 0.304795 0.691238 0.021610
v 0.000000 1.105384 -0.264864
v 0.350933 1.084786 -0.285749
v 0.388066 0.692602 0.023350
v 0.397169 1.378366 -1.199549
v 0.787180 0.845226 -2.307712
v 0.574067 1.169950 -2.207235
v 0.587420 1.254091 -2.036194
v 0.731081 0.852448 -2.501449
v 0.787180 0.845226 -2.307712
v 0.587420 1.254091 -2.036194
v 0.750764 0.815992 -1.897519
v 0.559506 1.310270 -1.701595
v 0.350933 1.084786 -0.285749
v 0.388066 0.692602 0.023350
v 0.387055 1.051348 -0.299225
v 0.458704 0.691760 -0.017376
v 0.431082 0.840997 -2.568540
v 0.466721 1.196094 -2.224679
v 0.548855 0.848147 -2.567244
v 0.366572 1.208898 -2.222358
v 0.000000 0.833848 -2.569837
v 0.000000 1.221702 -2.220036
v -0.355403 1.349447 -1.990705
v 0.000000 1.221702 -2.220036
v -0.366572 1.208898 -2.222358
v 0.000000 1.373159 -1.986405
v -0.452500 1.325736 -1.995005
v -0.466721 1.196094 -2.224679
v -0.559506 1.310269 -1.701595
v -0.436926 1.394848 -1.669626
v -0.487956 1.287501 -1.204796
v -0.397169 1.378366 -1.199549
v -0.417088 1.218787 -0.724025
v -0.391224 1.137127 -0.437513
v -0.345500 1.215094 -0.466247
v -0.350933 1.084786 -0.285749
v -0.358327 1.307909 -0.745011
v -0.487956 1.287501 -1.204796
v -0.387055 1.051348 -0.299225
v -0.350933 1.084786 -0.285749
v -0.275630 1.095085 -0.275306
v 0.000000 1.241820 -0.440120
v 0.000000 1.105384 -0.264864
v -0.391224 1.137127 -0.437513
v -0.554601 0.698045 -0.489051
v -0.501619 0.685394 -0.144451
v -0.387055 1.051348 -0.299225
v -0.458704 0.691760 -0.017376
v -0.787180 0.845226 -2.307712
v -0.750764 0.815992 -1.897519
v -0.587419 1.254091 -2.036194
v -0.559506 1.310269 -1.701595
v -0.655443 0.754255 -1.182353
v -0.487956 1.287501 -1.204796
v -0.417088 1.218787 -0.724025
v -0.388066 0.692602 0.023350
v -0.387055 1.051348 -0.299225
v -0.458704 0.691760 -0.017376
v -0.350933 1.084786 -0.285749
v -0.397169 1.378366 -1.199549
v -0.574067 1.169950 -2.207235
v -0.731081 0.852448 -2.501449
v -0.787180 0.845226 -2.307712
v -0.587419 1.254091 -2.036194
v -0.350933 1.084786 -0.285749
v -0.304795 0.691238 0.021610
v -0.275630 1.095085 -0.275306
v -0.388066 0.692602 0.023350
v 0.000000 0.689874 0.019871
v 0.000000 1.105384 -0.264864
v -0.466721 1.196094 -2.224679
v -0.431082 0.840997 -2.568540
v -0.548855 0.848147 -2.567244
v -0.366572 1.208898 -2.222358
v 0.000000 0.833848 -2.569837
v 0.731081 0.852448 -2.501449
v 0.000000 1.221702 -2.220036
vn 0.0030 -0.9986 0.0528
vn -0.0000 -0.9987 0.0517
vn 0.0019 -0.9987 0.0518
vn -0.0000 -0.9986 0.0527
vn -0.0028 -0.9986 0.0526
vn -0.0030 -0.9986 0.0528
vn 0.9981 0.0601 -0.0157
vn 0.9947 0.1005 -0.0221
vn 0.9945 0.1044 -0.0026
vn 0.9987 0.0510 -0.0013
vn 1.0000 -0.0000 -0.0000
vn -0.0000 -0.0000 -1.0000
vn -0.0000 -0.9978 -0.0658
vn -0.0000 -0.9976 -0.0687
vn -0.0000 -0.0000 1.0000
vn 0.0164 -0.9998 -0.0097
vn 0.0165 -0.9998 -0.0098
vn 0.0165 -0.9998 -0.0097
vn -0.9747 -0.2229 -0.0159
vn -0.9743 -0.2251 -0.0096
vn -0.9745 -0.2240 -0.0126
vn 0.9684 -0.2496 -0.0011
vn -0.8664 0.4988 0.0256
vn -0.8663 0.4988 0.0285
vn -0.8663 0.4988 0.0254
vn -0.8665 0.4988 0.0196
vn -0.8672 0.4977 0.0129
vn -0.8680 0.4966 0.0080
vn -0.8672 0.4977 0.0137
vn -0.8679 0.4966 0.0093
vn -0.0000 0.9981 0.0618
vn -0.0000 0.9979 0.0646
vn 0.0149 -0.9979 -0.0637
vn 0.0148 -0.9978 -0.0642
vn 0.0148 -0.9979 -0.0634
vn 0.0148 -0.9978 -0.0643
vn 0.0149 -0.9978 -0.0651
vn 0.0149 -0.9978 -0.0652
vn 0.0595 0.9963 0.0615
vn 0.0594 0.9963 0.0618
vn -0.0000 -0.9987 0.0518
vn -0.0011 -0.9987 0.0506
vn -0.0000 -0.9987 0.0506
vn 0.0011 -0.9987 0.0506
vn 0.0018 -0.9987 0.0516
vn -0.0000 -0.1467 -0.9892
vn -0.0836 -0.1436 -0.9861
vn 0.0836 -0.1437 -0.9861
vn 0.0856 -0.1428 -0.9860
vn 0.1427 -0.0882 -0.9858
vn 0.1157 -0.1156 -0.9865
vn 1.0000 0.0024 -0.0030
vn 0.0036 1.0000 -0.0000
vn -0.0000 1.0000 -0.0000
vn -0.0036 1.0000 -0.0000
vn 0.1097 0.0403 -0.9931
vn 0.1355 0.0185 -0.9906
vn 0.1411 0.0120 -0.9899
vn 0.0969 0.0450 -0.9943
vn 0.0969 0.0464 -0.9942
vn -0.0000 0.0426 -0.9991
vn 0.1148 0.0367 -0.9927
vn 0.7391 -0.6654 0.1045
vn 0.7412 -0.6629 0.1059
vn 0.7416 -0.6623 0.1063
vn 0.7392 -0.6654 0.1045
vn 0.2995 0.9515 0.0695
vn 0.2876 0.9552 0.0699
vn 0.1607 0.9848 0.0658
vn 0.3209 0.9445 0.0704
vn 0.0941 0.9934 0.0655
vn 0.0797 0.9931 0.0863
vn 0.0912 0.9903 0.1049
vn 0.1194 0.9895 0.0813
vn 0.0750 0.9941 0.0785
vn 0.0996 0.9931 0.0624
vn 0.0683 0.9973 0.0283
vn 0.0216 0.9982 0.0555
vn 0.0307 0.9983 0.0487
vn 0.0740 0.9961 0.0489
vn -0.1232 -0.9887 -0.0855
vn -0.0638 -0.9962 -0.0590
vn -0.1409 -0.9858 -0.0912
vn -0.0942 -0.9934 -0.0656
vn -0.1491 -0.9842 -0.0957
vn 0.0239 -0.9993 -0.0292
vn 0.0133 -0.9990 -0.0422
vn -0.0085 -0.9989 -0.0462
vn 0.0225 -0.9995 -0.0243
vn 0.0249 -0.9993 -0.0295
vn 0.0199 -0.9993 -0.0301
vn 0.0219 -0.9987 -0.0455
vn 0.0241 -0.9990 -0.0381
vn 0.0131 -0.9994 -0.0333
vn 0.0113 -0.9992 -0.0395
vn 0.0127 -0.9994 -0.0334
vn -0.0492 -0.9970 -0.0604
vn -0.0165 -0.9984 -0.0549
vn -0.0007 -0.9986 -0.0520
vn -0.0005 -0.9992 -0.0408
vn -0.0140 0.0377 -0.9992
vn -0.0143 0.0377 -0.9992
vn -0.0139 0.0377 -0.9992
vn -0.0137 0.0377 -0.9992
vn -0.0134 0.0377 -0.9992
vn 0.0005 0.9992 0.0408
vn 0.0215 0.9982 0.0555
vn 0.0005 0.9994 0.0345
vn 0.0995 0.9931 0.0624
vn 0.0165 0.9984 0.0549
vn 0.0394 0.9980 0.0497
vn -0.5480 -0.0091 -0.8365
vn -0.5478 -0.0090 -0.8365
vn -0.5479 -0.0091 -0.8365
vn -0.9998 -0.0184 0.0089
vn 0.8402 -0.0204 0.5419
vn 0.8376 -0.0207 0.5459
vn 0.8373 -0.0207 0.5463
vn 0.9359 -0.0063 0.3521
vn -0.0142 0.0377 -0.9992
vn -0.0000 -0.9986 0.0523
vn 0.0006 -0.9984 0.0563
vn -0.0000 -0.9984 0.0564
vn 0.0028 -0.9986 0.0526
vn 0.0001 -0.9983 0.0579
vn -0.0006 -0.9984 0.0563
vn 0.0028 0.7857 0.6186
vn -0.0000 0.7857 0.6186
vn 0.6635 0.7439 0.0807
vn 0.6619 0.7437 0.0942
vn 0.6634 0.7439 0.0813
vn 0.6618 0.7437 0.0945
vn -0.0276 -0.9996 -0.0000
vn 0.0276 0.9996 -0.0000
vn 0.9406 0.3394 -0.0109
vn -0.9235 0.3835 0.0117
vn -0.9234 0.3836 0.0116
vn -0.9234 0.3835 0.0116
vn 0.9677 0.2414 -0.0723
vn 0.9677 0.2413 -0.0723
vn -0.9448 0.3198 -0.0708
vn -0.0276 -0.9996 -0.0068
vn -0.0276 -0.9996 -0.0052
vn 0.8966 0.4427 -0.0039
vn 0.8967 0.4427 -0.0038
vn -0.9001 -0.4357 0.0037
vn -0.9001 -0.4356 0.0042
vn -0.9000 -0.4359 0.0038
vn -0.9001 -0.4357 0.0042
vn -0.9001 -0.4356 0.0052
vn -0.9000 -0.4358 0.0053
vn -0.9627 0.2702 0.0102
vn -0.9624 0.2715 0.0086
vn -0.9628 0.2702 0.0103
vn -0.0017 0.9992 -0.0407
vn 0.9996 -0.0207 0.0190
vn 0.9997 -0.0203 0.0141
vn 0.9997 -0.0203 0.0143
vn 0.0278 0.9977 0.0616
vn 0.0279 0.9977 0.0613
vn 0.6779 0.0367 -0.7343
vn -0.0021 0.9987 0.0506
vn -0.0000 0.9988 0.0488
vn -0.0000 0.9987 0.0507
vn -0.0014 0.9988 0.0489
vn 0.0021 0.9987 0.0506
vn -0.0021 0.9987 0.0505
vn -0.0016 0.9988 0.0483
vn -0.0009 0.9988 0.0488
vn -0.0000 0.9988 0.0489
vn -0.0000 0.9988 0.0487
vn 0.0009 0.9988 0.0488
vn -0.0004 0.9988 0.0487
vn -0.0000 0.9983 0.0591
vn -0.0012 0.9988 0.0484
vn 0.0002 0.9988 0.0486
vn 0.9953 0.0932 -0.0250
vn 0.9985 0.0523 -0.0139
vn 0.9947 0.1005 -0.0220
vn 0.9955 0.0943 -0.0015
vn 0.7077 0.7065 -0.0000
vn 0.7146 0.6602 0.2312
vn 0.6868 0.6754 0.2688
vn 0.6869 0.6739 0.2720
vn 0.7148 0.6612 0.2275
vn 0.9816 0.1684 0.0894
vn 0.9824 0.1643 0.0893
vn 0.9823 0.1649 0.0891
vn 0.9878 0.1263 0.0908
vn 0.9845 0.1381 0.1085
vn 0.9816 0.1688 0.0894
vn 0.9879 0.1270 0.0894
vn 0.6624 0.7433 0.0942
vn 0.6632 0.7425 0.0943
vn 0.6623 0.7433 0.0942
vn 0.6620 0.7436 0.0943
vn 0.6637 0.7394 0.1132
vn 0.7491 -0.6615 0.0354
vn 0.7493 -0.6613 0.0346
vn 0.9976 0.0697 -0.0018
vn 0.9995 0.0304 -0.0017
vn 0.9946 0.0982 0.0342
vn 0.9995 0.0305 -0.0017
vn 0.9813 0.1735 0.0840
vn 0.9823 0.1701 0.0787
vn 0.9811 0.1740 0.0847
vn 0.6651 0.7437 0.0675
vn 0.6635 0.7438 0.0812
vn -0.0024 0.9986 0.0526
vn -0.0027 0.9986 0.0526
vn -0.0021 0.9987 0.0504
vn -0.0000 0.9986 0.0526
vn -0.0000 -0.9975 0.0703
vn -0.0004 -0.9963 0.0854
vn -0.0002 -0.9976 0.0688
vn 0.0004 -0.9963 0.0854
vn -0.0000 -0.9963 0.0855
vn 0.0002 -0.9976 0.0688
vn -0.9998 0.0176 -0.0007
vn -0.9998 0.0176 -0.0013
vn -0.9998 0.0176 -0.0010
vn -0.9998 0.0176 -0.0011
vn -0.9998 0.0176 -0.0015
vn -0.9998 0.0176 -0.0012
vn -0.9172 0.3983 0.0102
vn 0.9347 0.3552 -0.0122
vn 0.9347 0.3552 -0.0123
vn 0.9682 -0.2497 -0.0162
vn 0.9682 -0.2495 -0.0163
vn 0.0142 -0.9974 -0.0705
vn 0.9998 -0.0198 0.0093
vn 0.9997 -0.0203 0.0142
vn 0.0247 0.9997 0.0063
vn -0.9630 0.2691 0.0118
vn -0.9631 0.2688 0.0120
vn -0.9628 0.2702 0.0102
vn -0.9001 -0.4356 0.0057
vn -0.9000 -0.4358 0.0058
vn 0.8693 -0.4943 0.0013
vn 0.8694 -0.4941 0.0022
vn 0.8693 -0.4943 0.0012
vn 0.8693 -0.4943 0.0024
vn 0.8693 -0.4943 -0.0011
vn -0.0276 -0.9996 -0.0036
vn 0.9372 0.0030 0.3487
vn 0.9920 0.0105 0.1257
vn 0.9362 0.0028 0.3513
vn 0.9397 -0.0055 0.3419
vn 0.9375 0.0037 0.3480
vn 0.9373 0.0037 0.3486
vn 0.9924 0.0133 0.1220
vn 0.0112 -0.9992 -0.0396
vn 0.0132 -0.9994 -0.0333
vn -0.0005 -0.9994 -0.0345
vn 0.0103 -0.9994 -0.0336
vn 0.0119 -0.9994 -0.0335
vn 0.0492 0.9970 0.0603
vn -0.9998 -0.0184 0.0088
vn -0.9998 -0.0184 0.0092
vn -0.9998 -0.0184 0.0093
vn -0.0010 -0.9992 -0.0398
vn -0.1231 -0.9887 -0.0854
vn 0.1736 0.9827 0.0640
vn 0.1608 0.9848 0.0658
vn 0.2996 0.9515 0.0695
vn 0.0136 -0.9992 -0.0383
vn 0.0138 -0.9992 -0.0384
vn 0.0137 -0.9992 -0.0384
vn 0.0279 0.9990 0.0360
vn 0.0276 0.9990 0.0362
vn 0.0381 0.9982 0.0472
vn 0.0382 0.9982 0.0472
vn 0.0381 0.9982 0.0471
vn 0.0366 -0.9981 -0.0486
vn -0.0000 0.9977 0.0675
vn -0.9743 -0.2251 -0.0094
vn -0.9743 -0.2251 -0.0095
vn -0.9743 -0.2252 -0.0094
vn -0.0000 -0.9980 -0.0629
vn -0.0000 0.9733 0.2295
vn 0.6622 -0.0000 -0.7493
vn -0.0000 0.8946 0.4468
vn -0.0000 0.9733 0.2296
vn 0.9806 0.1745 0.0896
vn 0.9806 0.1741 0.0896
vn 0.9813 0.1735 0.0839
vn 0.7417 -0.6623 0.1063
vn 0.7437 -0.6596 0.1084
vn 0.7437 -0.6596 0.1083
vn -0.0000 -0.9985 0.0554
vn 0.0001 -0.9985 0.0555
vn -0.0001 -0.9985 0.0555
vn 0.7440 -0.6590 0.1107
vn 0.7441 -0.6586 0.1122
vn 0.7441 -0.6585 0.1122
vn 0.7439 -0.6591 0.1105
vn 0.7440 -0.6550 0.1320
vn 0.7439 -0.6545 0.1353
vn -0.0014 0.9988 0.0486
vn -0.0011 0.9988 0.0485
vn -0.0015 0.9988 0.0488
vn -0.0010 0.9988 0.0484
vn -0.0000 0.9988 0.0491
vn -0.0000 -0.9985 0.0555
vn -0.0000 -0.9983 0.0587
vn 0.0002 -0.9983 0.0590
vn 0.9816 0.1688 0.0895
vn 0.9817 0.1684 0.0894
vn -0.0000 -0.9981 0.0611
vn 0.0002 -0.9981 0.0612
vn -0.0000 -0.9974 0.0726
vn -0.0002 -0.9983 0.0590
vn -0.0002 -0.9981 0.0612
vn -0.9947 -0.0545 -0.0868
vn -0.9904 -0.1093 -0.0843
vn -0.9960 -0.0000 -0.0891
vn -0.9947 -0.0550 -0.0868
vn -0.0077 -0.9992 0.0393
vn -0.0076 -0.9992 0.0392
vn -0.0073 -0.9992 0.0394
vn -0.0076 -0.9992 0.0396
vn -0.0000 -0.9992 0.0395
vn -0.0000 -0.9992 0.0398
vn 0.1606 -0.0222 -0.9868
vn 0.1654 -0.0342 -0.9856
vn -0.0000 -0.0792 -0.9969
vn -0.0000 -0.0391 -0.9992
vn 0.0873 -0.0789 -0.9931
vn -0.0873 -0.0789 -0.9931
vn -0.1031 0.0006 -0.9947
vn -0.0000 0.0008 -1.0000
vn 0.0950 -0.0405 -0.9946
vn 0.1032 0.0008 -0.9947
vn -0.7056 -0.7078 -0.0350
vn -0.0000 0.9992 -0.0398
vn -0.0010 0.9992 -0.0398
vn -0.0010 0.9992 -0.0399
vn 0.0010 0.9992 -0.0398
vn 0.0010 0.9992 -0.0399
vn -0.7482 0.6569 -0.0931
vn -0.9061 -0.4227 0.0181
vn -0.9063 -0.4224 0.0156
vn -0.9062 -0.4225 0.0155
vn -0.9061 -0.4224 0.0256
vn -0.9060 -0.4227 0.0231
vn -0.9061 -0.4223 0.0256
vn 0.8865 0.4628 0.0005
vn 0.8865 0.4628 0.0033
vn 0.8964 0.4427 0.0245
vn 0.8964 0.4426 0.0246
vn 0.8964 0.4425 0.0246
vn 0.8864 0.4628 -0.0079
vn 0.8864 0.4628 -0.0051
vn 0.8865 0.4628 -0.0051
vn 0.8876 -0.4602 0.0190
vn 0.8876 -0.4602 0.0189
vn 0.8878 -0.4596 0.0251
vn 0.8881 -0.4597 0.0006
vn 0.8880 -0.4598 0.0006
vn 0.8877 -0.4603 0.0067
vn 0.8877 -0.4603 0.0068
vn 0.8693 -0.4943 -0.0023
vn 0.8693 -0.4943 -0.0022
vn -0.8680 0.4965 0.0054
vn -0.8680 0.4966 0.0041
vn -0.8680 0.4966 0.0054
vn -0.8666 0.4988 0.0166
vn 0.8966 0.4428 0.0104
vn 0.8878 -0.4603 0.0068
vn 0.7487 -0.6620 0.0358
vn 0.7487 -0.6619 0.0358
vn 0.7484 -0.6623 0.0347
vn 1.0000 0.0048 -0.0060
vn 0.7475 -0.6603 0.0722
vn 0.7484 -0.6623 0.0346
vn 0.7475 -0.6604 0.0708
vn 0.7445 -0.6593 0.1053
vn 0.9933 0.1077 0.0430
vn 0.9899 0.1157 0.0822
vn 0.9899 0.1157 0.0821
vn -0.0005 -0.0021 -1.0000
vn -0.0017 -0.0009 -1.0000
vn -0.0020 -0.0005 -1.0000
vn -0.0000 -0.0026 -1.0000
vn -0.0009 -0.0017 -1.0000
vn -0.0026 -0.0001 -1.0000
vn -0.0080 -0.9992 0.0394
vn 0.0076 -0.9992 0.0396
vn 0.0015 0.9988 0.0488
vn 0.0027 0.9986 0.0526
vn 0.0014 0.9983 0.0589
vn -0.0028 0.7857 0.6186
vn -0.0969 0.0450 -0.9943
vn -0.0969 0.0464 -0.9942
vn 0.9997 0.0224 -0.0046
vn 0.9997 0.0222 -0.0048
vn 0.9997 0.0223 -0.0047
vn 0.9997 0.0224 -0.0047
vn -0.0000 0.0026 1.0000
vn 0.0005 0.0020 1.0000
vn 0.0009 0.0017 1.0000
vn 0.0020 0.0006 1.0000
vn 0.0017 0.0009 1.0000
vn 0.0026 0.0001 1.0000
vn 0.7078 -0.7064 -0.0000
vn 0.7445 -0.6593 0.1054
vn 0.0034 0.9990 0.0452
vn 0.0036 0.9989 0.0459
vn 0.0034 0.9990 0.0454
vn 0.0036 0.9989 0.0458
vn -0.0000 0.9989 0.0460
vn -0.0000 0.9990 0.0454
vn 0.0014 0.9982 0.0595
vn -0.0000 0.9976 0.0692
vn -0.0014 0.9983 0.0589
vn 0.0021 0.9976 0.0690
vn 0.0004 0.9988 0.0487
vn 0.0021 0.9976 0.0688
vn 0.6602 0.7462 0.0854
vn 0.6868 0.6754 0.2687
vn 0.6601 0.7463 0.0854
vn 0.6869 0.6739 0.2719
vn 0.0029 0.9548 0.2972
vn -0.0000 0.9989 0.0475
vn -0.0000 0.9546 0.2978
vn 0.0030 0.9481 0.3179
vn 0.0031 0.9617 0.2741
vn 0.0031 0.9989 0.0474
vn -0.0029 0.9548 0.2972
vn 0.0032 0.9989 0.0472
vn -0.0034 0.9990 0.0454
vn -0.0002 -0.9973 0.0737
vn 0.0002 -0.9973 0.0737
vn -0.0000 -0.9964 0.0843
vn 0.0002 -0.9964 0.0845
vn 0.7429 -0.6512 0.1551
vn 0.7428 -0.6513 0.1551
vn 0.6636 0.7391 0.1157
vn 0.6629 0.7365 0.1345
vn 0.9886 0.1212 0.0895
vn 0.9883 0.1225 0.0908
vn 0.9844 0.1376 0.1098
vn 0.9886 0.1213 0.0895
vn 0.9878 0.1264 0.0908
vn 0.9822 0.1384 0.1271
vn 0.7433 -0.6591 0.1144
vn 0.7434 -0.6601 0.1081
vn 0.7432 -0.6592 0.1144
vn 0.7434 -0.6600 0.1083
vn 0.9609 0.1264 0.2465
vn 0.9891 0.1181 0.0875
vn 0.9891 0.1182 0.0876
vn 0.9447 0.1310 0.3008
vn 0.9625 0.1262 0.2400
vn -0.0031 0.9989 0.0474
vn 0.0034 0.9990 0.0451
vn 0.0034 0.9990 0.0453
vn 0.6575 0.7479 0.0915
vn 0.6575 0.7479 0.0918
vn 0.6602 0.7462 0.0853
vn 0.6366 0.7089 0.3036
vn -0.0001 -0.9983 0.0587
vn -0.0000 -0.9983 0.0578
vn -0.0001 -0.9983 0.0578
vn -0.0000 -0.9983 0.0589
vn 0.0001 -0.9983 0.0587
vn -0.0001 -0.9983 0.0579
vn -0.0000 -0.9983 0.0577
vn -0.0002 -0.9964 0.0845
vn 0.6360 0.7082 0.3066
vn 0.6345 0.7025 0.3222
vn 0.6630 0.7365 0.1345
vn 0.6615 0.7437 0.0972
vn 0.6350 0.7029 0.3206
vn 0.6615 0.7436 0.0971
vn 0.0026 0.9549 0.2970
vn 0.0022 0.9988 0.0499
vn 0.9145 0.1025 -0.3914
vn 0.9756 0.1175 -0.1852
vn 0.9784 0.1185 -0.1693
vn 0.9460 0.1310 0.2964
vn 0.0007 0.8536 -0.5208
vn 0.0006 0.8537 -0.5208
vn 0.0008 0.8537 -0.5208
vn 0.0006 0.8537 -0.5207
vn -0.0000 0.8538 -0.5206
vn -0.0000 0.8538 -0.5205
vn -0.0000 0.9547 0.2976
vn -0.0026 0.9549 0.2970
vn -0.0019 0.9987 0.0500
vn -0.0000 0.9987 0.0501
vn 0.0019 0.9987 0.0500
vn 0.5632 0.6607 -0.4963
vn -0.0006 0.8537 -0.5207
vn -0.0000 -0.9981 0.0622
vn -0.0000 -0.9981 0.0619
vn -0.0001 -0.9981 0.0620
vn 0.7430 -0.6595 0.1139
vn 0.7428 -0.6597 0.1140
vn 0.7432 -0.6593 0.1138
vn 0.7431 -0.6595 0.1139
vn 0.5977 -0.5800 -0.5535
vn 0.5977 -0.5799 -0.5536
vn -0.0000 -0.8427 -0.5383
vn 0.0038 -0.8427 -0.5384
vn -0.0038 -0.8427 -0.5383
vn 0.5896 -0.4786 0.6506
vn 0.0039 -0.7650 0.6440
vn -0.0000 -0.7650 0.6440
vn -0.0000 -0.7651 0.6440
vn -0.0039 -0.7650 0.6440
vn 0.0608 0.9968 0.0512
vn 0.0558 0.9971 0.0515
vn 0.0217 -0.9991 -0.0376
vn 0.0174 -0.9993 -0.0345
vn 0.0204 -0.9992 -0.0335
vn 0.0182 -0.9991 -0.0390
vn 0.0770 0.9949 0.0645
vn 0.0705 0.9962 0.0515
vn 0.0237 0.9987 0.0452
vn 0.0126 0.9983 0.0570
vn -0.4929 -0.0188 0.8699
vn -0.4931 -0.0187 0.8698
vn -0.4930 -0.0188 0.8698
vn -0.0019 -0.9987 0.0518
vn -0.9987 0.0510 -0.0013
vn -0.9945 0.1044 -0.0026
vn -0.9981 0.0601 -0.0157
vn -1.0000 -0.0000 -0.0000
vn -0.9947 0.1005 -0.0221
vn -0.0164 -0.9998 -0.0097
vn -0.0165 -0.9998 -0.0098
vn -0.0165 -0.9998 -0.0097
vn 0.9747 -0.2229 -0.0159
vn 0.9743 -0.2251 -0.0096
vn 0.9745 -0.2240 -0.0126
vn 0.9747 -0.2227 -0.0161
vn -0.9684 -0.2496 -0.0011
vn 0.8663 0.4988 0.0256
vn 0.8663 0.4988 0.0254
vn 0.8665 0.4989 0.0196
vn 0.8663 0.4988 0.0285
vn 0.8670 0.4981 0.0161
vn 0.8679 0.4966 0.0093
vn 0.8672 0.4977 0.0129
vn -0.0149 -0.9979 -0.0637
vn -0.0148 -0.9978 -0.0642
vn -0.0150 -0.9978 -0.0646
vn -0.0148 -0.9979 -0.0634
vn -0.0149 -0.9978 -0.0651
vn -0.0149 -0.9978 -0.0652
vn -0.0594 0.9963 0.0618
vn -0.0595 0.9963 0.0615
vn -0.0018 -0.9987 0.0516
vn -0.1157 -0.1156 -0.9865
vn -0.1427 -0.0882 -0.9858
vn -0.0856 -0.1429 -0.9860
vn -1.0000 0.0024 -0.0030
vn -0.1098 0.0403 -0.9931
vn -0.1355 0.0185 -0.9906
vn -0.1148 0.0367 -0.9927
vn -0.7412 -0.6629 0.1060
vn -0.7391 -0.6654 0.1045
vn -0.7416 -0.6623 0.1063
vn -0.7392 -0.6654 0.1045
vn -0.2995 0.9515 0.0695
vn -0.1607 0.9848 0.0658
vn -0.2876 0.9552 0.0699
vn -0.0995 0.9931 0.0624
vn -0.0492 0.9970 0.0603
vn -0.3209 0.9445 0.0704
vn -0.0797 0.9931 0.0863
vn -0.0912 0.9903 0.1049
vn -0.0750 0.9941 0.0785
vn -0.1194 0.9895 0.0813
vn -0.0683 0.9973 0.0283
vn -0.0740 0.9961 0.0489
vn -0.0996 0.9931 0.0624
vn -0.1736 0.9827 0.0640
vn -0.0216 0.9982 0.0555
vn -0.0307 0.9983 0.0487
vn -0.0394 0.9980 0.0497
vn 0.1232 -0.9887 -0.0855
vn 0.1409 -0.9858 -0.0912
vn 0.0638 -0.9962 -0.0590
vn 0.0942 -0.9934 -0.0656
vn 0.1491 -0.9842 -0.0957
vn -0.0239 -0.9993 -0.0292
vn 0.0085 -0.9989 -0.0462
vn -0.0133 -0.9990 -0.0422
vn -0.0225 -0.9995 -0.0243
vn -0.0199 -0.9993 -0.0301
vn -0.0249 -0.9993 -0.0295
vn -0.0219 -0.9987 -0.0455
vn -0.0131 -0.9994 -0.0333
vn -0.0113 -0.9992 -0.0395
vn -0.0241 -0.9990 -0.0381
vn 0.0492 -0.9970 -0.0604
vn 0.0165 -0.9984 -0.0549
vn -0.0133 -0.9990 -0.0423
vn 0.0140 0.0377 -0.9992
vn 0.0142 0.0377 -0.9992
vn 0.0139 0.0377 -0.9992
vn 0.0137 0.0377 -0.9992
vn 0.0134 0.0377 -0.9992
vn -0.0005 0.9992 0.0408
vn -0.0005 0.9994 0.0345
vn -0.0215 0.9982 0.0555
vn -0.0165 0.9984 0.0549
vn 0.5480 -0.0091 -0.8365
vn 0.5478 -0.0090 -0.8365
vn 0.5479 -0.0090 -0.8365
vn 0.9998 -0.0184 0.0089
vn -0.8402 -0.0204 0.5419
vn -0.8376 -0.0207 0.5459
vn -0.8373 -0.0207 0.5463
vn -0.9359 -0.0063 0.3521
vn -0.9397 -0.0055 0.3419
vn -0.6635 0.7439 0.0807
vn -0.6619 0.7437 0.0942
vn -0.6618 0.7437 0.0943
vn -0.6634 0.7439 0.0813
vn 0.0276 -0.9996 -0.0000
vn -0.0276 0.9996 -0.0000
vn -0.9406 0.3394 -0.0109
vn 0.9235 0.3835 0.0117
vn 0.9234 0.3836 0.0116
vn 0.9234 0.3835 0.0116
vn -0.9677 0.2414 -0.0723
vn -0.9677 0.2413 -0.0723
vn 0.9448 0.3198 -0.0708
vn 0.0276 -0.9996 -0.0052
vn 0.0276 -0.9996 -0.0068
vn -0.8966 0.4427 -0.0039
vn -0.8966 0.4428 -0.0039
vn -0.8967 0.4427 -0.0038
vn 0.9001 -0.4357 0.0037
vn 0.9000 -0.4359 0.0038
vn 0.9001 -0.4356 0.0042
vn 0.9000 -0.4359 0.0043
vn 0.9001 -0.4357 0.0052
vn 0.9627 0.2702 0.0102
vn 0.9624 0.2715 0.0086
vn 0.9627 0.2702 0.0103
vn 0.0017 0.9992 -0.0407
vn -0.9997 -0.0203 0.0142
vn -0.9996 -0.0207 0.0190
vn -0.9997 -0.0203 0.0143
vn -0.0280 0.9977 0.0611
vn -0.0278 0.9977 0.0616
vn -0.6779 0.0367 -0.7343
vn 0.0014 0.9988 0.0489
vn 0.0021 0.9987 0.0505
vn 0.0012 0.9988 0.0484
vn -0.9953 0.0932 -0.0250
vn -0.9985 0.0523 -0.0139
vn -0.9947 0.1005 -0.0220
vn -0.9955 0.0943 -0.0015
vn -0.9976 0.0697 -0.0018
vn -0.7077 0.7065 -0.0000
vn -0.6867 0.6754 0.2688
vn -0.7146 0.6602 0.2312
vn -0.6869 0.6739 0.2720
vn -0.7148 0.6612 0.2275
vn -0.9817 0.1684 0.0894
vn -0.9824 0.1643 0.0893
vn -0.9816 0.1688 0.0894
vn -0.9823 0.1649 0.0891
vn -0.9878 0.1263 0.0908
vn -0.9879 0.1270 0.0894
vn -0.6621 0.7434 0.0944
vn -0.6633 0.7424 0.0943
vn -0.6624 0.7433 0.0942
vn -0.6620 0.7436 0.0943
vn -0.6618 0.7437 0.0945
vn -0.6637 0.7394 0.1132
vn -0.6632 0.7425 0.0943
vn -0.7491 -0.6615 0.0354
vn -0.7493 -0.6613 0.0346
vn -0.9995 0.0304 -0.0017
vn -0.9995 0.0305 -0.0017
vn -0.9946 0.0982 0.0342
vn -0.9823 0.1701 0.0787
vn -0.9813 0.1735 0.0839
vn -0.9811 0.1740 0.0847
vn -0.6651 0.7437 0.0675
vn -0.6634 0.7439 0.0812
vn 0.0021 0.9987 0.0504
vn 0.0024 0.9986 0.0526
vn 0.9998 0.0176 -0.0007
vn 0.9998 0.0176 -0.0010
vn 0.9998 0.0176 -0.0013
vn 0.9998 0.0176 -0.0012
vn 0.9998 0.0176 -0.0015
vn 0.9998 0.0176 -0.0011
vn 0.9172 0.3983 0.0102
vn -0.9347 0.3552 -0.0122
vn -0.9347 0.3551 -0.0122
vn -0.9347 0.3552 -0.0123
vn -0.9682 -0.2497 -0.0162
vn -0.9682 -0.2495 -0.0163
vn -0.0142 -0.9974 -0.0705
vn -0.0142 -0.9974 -0.0706
vn -0.9998 -0.0198 0.0093
vn -0.0247 0.9997 0.0063
vn 0.9630 0.2691 0.0118
vn 0.9631 0.2688 0.0120
vn 0.9628 0.2702 0.0102
vn 0.9001 -0.4357 0.0053
vn 0.9001 -0.4356 0.0057
vn 0.9000 -0.4358 0.0058
vn -0.8693 -0.4943 0.0013
vn -0.8693 -0.4943 0.0024
vn -0.8693 -0.4943 0.0012
vn -0.8693 -0.4943 -0.0011
vn -0.8693 -0.4944 -0.0010
vn 0.0276 -0.9996 -0.0036
vn -0.9372 0.0029 0.3487
vn -0.9920 0.0104 0.1257
vn -0.9920 0.0106 0.1257
vn -0.9362 0.0028 0.3513
vn -0.9373 0.0037 0.3486
vn -0.9375 0.0037 0.3480
vn -0.9924 0.0133 0.1220
vn 0.0007 -0.9986 -0.0520
vn 0.0005 -0.9992 -0.0408
vn -0.0112 -0.9992 -0.0396
vn -0.0132 -0.9994 -0.0333
vn 0.0005 -0.9994 -0.0345
vn -0.0103 -0.9994 -0.0336
vn -0.0119 -0.9994 -0.0335
vn -0.0941 0.9934 0.0655
vn 0.9998 -0.0184 0.0093
vn 0.9998 -0.0184 0.0092
vn 0.0010 -0.9992 -0.0398
vn 0.1231 -0.9887 -0.0854
vn -0.1608 0.9848 0.0658
vn -0.2996 0.9515 0.0695
vn -0.0136 -0.9992 -0.0383
vn -0.0138 -0.9992 -0.0384
vn -0.0137 -0.9992 -0.0384
vn -0.0279 0.9990 0.0360
vn -0.0276 0.9990 0.0362
vn -0.0381 0.9982 0.0472
vn -0.0382 0.9982 0.0472
vn -0.0381 0.9982 0.0471
vn -0.0366 -0.9981 -0.0486
vn 0.9743 -0.2251 -0.0094
vn 0.9743 -0.2250 -0.0096
vn -0.0000 -0.9978 -0.0657
vn -0.6622 -0.0000 -0.7493
vn -0.9806 0.1745 0.0896
vn -0.9806 0.1741 0.0896
vn -0.7417 -0.6623 0.1063
vn -0.7437 -0.6597 0.1083
vn -0.7412 -0.6628 0.1060
vn -0.7437 -0.6596 0.1083
vn -0.7440 -0.6590 0.1107
vn -0.7441 -0.6586 0.1122
vn -0.7439 -0.6591 0.1105
vn -0.7444 -0.6583 0.1122
vn -0.7440 -0.6550 0.1320
vn -0.7438 -0.6596 0.1085
vn 0.0014 0.9988 0.0486
vn 0.0011 0.9988 0.0485
vn 0.0010 0.9988 0.0484
vn -0.9816 0.1684 0.0895
vn -0.9816 0.1688 0.0895
vn -0.9806 0.1742 0.0896
vn 0.9947 -0.0545 -0.0868
vn 0.9960 -0.0000 -0.0891
vn 0.9904 -0.1093 -0.0843
vn 0.9947 -0.0550 -0.0868
vn 0.0073 -0.9992 0.0394
vn 0.0076 -0.9992 0.0392
vn 0.0077 -0.9992 0.0393
vn 0.0080 -0.9992 0.0394
vn -0.1606 -0.0222 -0.9868
vn -0.1411 0.0120 -0.9899
vn -0.1654 -0.0342 -0.9856
vn -0.0950 -0.0405 -0.9946
vn -0.1032 0.0008 -0.9947
vn 0.7056 -0.7078 -0.0350
vn 0.7482 0.6569 -0.0931
vn 0.9061 -0.4227 0.0181
vn 0.9063 -0.4224 0.0156
vn 0.9062 -0.4225 0.0155
vn 0.9061 -0.4224 0.0256
vn 0.9060 -0.4227 0.0231
vn 0.9061 -0.4223 0.0256
vn -0.8865 0.4628 0.0005
vn -0.8865 0.4628 0.0033
vn -0.8964 0.4426 0.0246
vn -0.8964 0.4425 0.0247
vn -0.8964 0.4425 0.0246
vn -0.8864 0.4628 -0.0079
vn -0.8864 0.4628 -0.0051
vn -0.8865 0.4628 -0.0051
vn -0.8876 -0.4602 0.0189
vn -0.8876 -0.4602 0.0190
vn -0.8878 -0.4596 0.0251
vn -0.8880 -0.4598 0.0006
vn -0.8881 -0.4597 0.0006
vn -0.8877 -0.4603 0.0067
vn -0.8877 -0.4603 0.0068
vn -0.8693 -0.4942 -0.0023
vn -0.8693 -0.4943 -0.0022
vn 0.8680 0.4966 0.0041
vn 0.8680 0.4965 0.0054
vn 0.8680 0.4966 0.0054
vn 0.8666 0.4988 0.0166
vn 0.8670 0.4981 0.0160
vn -0.8966 0.4428 0.0104
vn 0.8680 0.4965 0.0067
vn -0.8878 -0.4603 0.0068
vn -0.7485 -0.6622 0.0355
vn -0.7491 -0.6615 0.0353
vn -0.7487 -0.6620 0.0358
vn -0.7484 -0.6623 0.0347
vn -0.7486 -0.6621 0.0347
vn -1.0000 0.0049 -0.0060
vn -0.7476 -0.6603 0.0709
vn -0.7475 -0.6603 0.0722
vn -0.9933 0.1077 0.0430
vn -0.9899 0.1157 0.0822
vn 0.0005 -0.0021 -1.0000
vn 0.0017 -0.0009 -1.0000
vn 0.0009 -0.0017 -1.0000
vn 0.0020 -0.0005 -1.0000
vn 0.0026 -0.0000 -1.0000
vn -0.0002 0.9988 0.0486
vn -0.0014 0.9982 0.0595
vn 0.0016 0.9988 0.0483
vn -0.9997 0.0224 -0.0046
vn -0.9997 0.0222 -0.0048
vn -0.9997 0.0224 -0.0047
vn -0.9997 0.0223 -0.0047
vn -0.0005 0.0020 1.0000
vn -0.0009 0.0017 1.0000
vn -0.0017 0.0009 1.0000
vn -0.0020 0.0006 1.0000
vn -0.0026 0.0001 1.0000
vn -0.7078 -0.7064 -0.0000
vn 0.0026 -0.0001 -1.0000
vn -0.7445 -0.6593 0.1054
vn -0.7445 -0.6593 0.1053
vn -0.0034 0.9990 0.0452
vn -0.0036 0.9989 0.0459
vn -0.0036 0.9989 0.0458
vn -0.0021 0.9976 0.0690
vn -0.6601 0.7463 0.0854
vn -0.6867 0.6754 0.2687
vn -0.6602 0.7462 0.0854
vn -0.6869 0.6740 0.2719
vn -0.0030 0.9481 0.3179
vn -0.0031 0.9617 0.2741
vn -0.0017 0.9976 0.0690
vn -0.7439 -0.6545 0.1353
vn -0.7429 -0.6512 0.1551
vn -0.6637 0.7390 0.1157
vn -0.6630 0.7364 0.1345
vn -0.9845 0.1381 0.1085
vn -0.9883 0.1225 0.0908
vn -0.9886 0.1212 0.0895
vn -0.9844 0.1376 0.1098
vn -0.9878 0.1264 0.0908
vn -0.9886 0.1213 0.0895
vn -0.9822 0.1384 0.1271
vn -0.7432 -0.6592 0.1144
vn -0.7435 -0.6600 0.1081
vn -0.7435 -0.6599 0.1083
vn -0.9609 0.1264 0.2465
vn -0.9447 0.1310 0.3008
vn -0.9460 0.1310 0.2964
vn -0.9891 0.1181 0.0875
vn -0.9625 0.1262 0.2400
vn -0.9891 0.1182 0.0876
vn -0.9899 0.1157 0.0821
vn -0.0032 0.9989 0.0472
vn -0.0034 0.9990 0.0451
vn -0.6574 0.7480 0.0915
vn -0.6602 0.7462 0.0853
vn -0.6575 0.7479 0.0918
vn -0.6366 0.7089 0.3036
vn 0.0001 -0.9983 0.0578
vn -0.0034 0.9990 0.0453
vn -0.6360 0.7081 0.3066
vn -0.6345 0.7025 0.3222
vn -0.6350 0.7029 0.3206
vn -0.6630 0.7365 0.1345
vn -0.6615 0.7437 0.0972
vn -0.6615 0.7436 0.0971
vn -0.0022 0.9988 0.0499
vn -0.9784 0.1185 -0.1693
vn -0.9756 0.1175 -0.1852
vn -0.9145 0.1025 -0.3914
vn -0.0008 0.8537 -0.5208
vn -0.0006 0.8535 -0.5210
vn -0.0006 0.8537 -0.5208
vn -0.0006 0.8536 -0.5210
vn -0.5632 0.6607 -0.4963
vn 0.0001 -0.9981 0.0620
vn -0.7428 -0.6597 0.1140
vn -0.7429 -0.6597 0.1139
vn -0.7430 -0.6595 0.1139
vn -0.5977 -0.5800 -0.5535
vn -0.5977 -0.5799 -0.5536
vn 0.0038 -0.8427 -0.5383
vn -0.5896 -0.4785 0.6507
vn -0.5896 -0.4786 0.6506
vn -0.0127 -0.9994 -0.0334
vn -0.0558 0.9971 0.0515
vn -0.0608 0.9968 0.0512
vn -0.0204 -0.9992 -0.0335
vn -0.0217 -0.9991 -0.0376
vn -0.0182 -0.9991 -0.0390
vn -0.0174 -0.9993 -0.0345
vn -0.0705 0.9962 0.0515
vn -0.0770 0.9949 0.0645
vn -0.0126 0.9983 0.0570
vn -0.0237 0.9987 0.0452
vn 0.4929 -0.0188 0.8699
vn 0.4931 -0.0187 0.8698
vn 0.4930 -0.0188 0.8698
vn -0.9937 -0.1036 -0.0431
vn -0.9943 -0.1029 -0.0292
vn -0.9943 -0.1028 -0.0274
vn -0.0380 0.9971 0.0666
vn 0.1958 0.9785 0.0653
vn -0.0373 0.9976 0.0580
vn 0.2034 0.9763 0.0740
vn 0.2171 0.9757 0.0306
vn 0.2008 0.9791 0.0314
vn 0.2071 0.9762 0.0652
vn -0.0585 0.0704 0.9958
vn -0.0645 0.0810 0.9946
vn -0.0534 0.0683 0.9962
vn -0.0667 0.0788 0.9947
vn -0.0655 0.0937 0.9934
vn -0.0569 0.0891 0.9944
vn -0.0694 0.0747 0.9948
vn 0.9935 0.1038 0.0459
vn 0.0376 0.0043 -0.9993
vn 0.0378 0.0054 -0.9993
vn 0.0380 0.0054 -0.9993
vn 0.0376 -0.0002 -0.9993
vn 0.0390 -0.0012 -0.9992
vn 0.0367 0.0032 -0.9993
vn 0.0059 0.9997 0.0229
vn 0.1930 0.9781 0.0780
vn -0.0164 0.9982 0.0582
vn -0.0253 0.9969 0.0751
vn 0.6812 -0.7316 0.0276
vn 0.7758 -0.6300 0.0341
vn 0.6806 -0.7321 0.0290
vn 0.7758 -0.6300 0.0338
vn 0.7761 -0.6303 0.0194
vn 0.6415 -0.7659 0.0440
vn -0.0485 0.0766 0.9959
vn -0.0494 0.0749 0.9960
vn -0.0518 0.0723 0.9960
vn -0.0518 0.0726 0.9960
vn -0.0526 0.0743 0.9958
vn -0.0522 0.0746 0.9958
vn -0.0515 0.0700 0.9962
vn -0.0516 0.0699 0.9962
vn -0.0516 0.0700 0.9962
vn -0.7739 0.6267 -0.0909
vn -0.9927 -0.1121 -0.0452
vn 0.0009 -0.9970 0.0778
vn -0.2207 -0.9732 0.0639
vn -0.4313 -0.9010 0.0468
vn -0.2194 -0.9735 0.0640
vn -0.0998 0.9916 -0.0827
vn 0.1035 -0.9946 0.0048
vn 0.1024 -0.9947 0.0043
vn 0.0917 -0.9958 0.0031
vn 0.0916 -0.9958 0.0032
vn 0.0909 -0.9959 0.0037
vn 0.0908 -0.9959 0.0035
vn 0.9934 0.1091 0.0344
vn 0.9932 0.1091 0.0397
vn 0.9932 0.1091 0.0399
vn 0.9934 0.1091 0.0343
vn 0.7761 -0.6301 0.0273
vn 0.7759 -0.6300 0.0315
vn 0.7758 -0.6300 0.0337
vn 0.7758 -0.6300 0.0357
vn 0.1987 0.9791 0.0444
vn 0.4195 0.9060 0.0563
vn 0.1980 0.9788 0.0523
vn 0.4201 0.9062 0.0488
vn 0.4188 0.9058 0.0641
vn 0.1965 0.9787 0.0592
vn -0.0337 0.9987 0.0390
vn 0.1979 0.9788 0.0523
vn -0.0333 0.9984 0.0454
vn 0.1986 0.9790 0.0452
vn -0.2220 -0.9730 0.0638
vn 0.0917 -0.9958 0.0032
vn 0.0929 -0.9957 0.0027
vn 0.0930 -0.9957 0.0027
vn 0.0389 0.0019 -0.9992
vn 0.0387 0.0019 -0.9992
vn 0.0401 -0.0001 -0.9992
vn 0.0399 0.0035 -0.9992
vn 0.0392 0.0039 -0.9992
vn 0.0403 0.0001 -0.9992
vn 0.0397 -0.0022 -0.9992
vn 0.0395 -0.0021 -0.9992
vn -0.0333 0.9984 0.0453
vn -0.9946 -0.1034 -0.0129
vn -0.9945 -0.1036 -0.0145
vn -0.9945 -0.1035 -0.0146
vn -0.0332 0.9981 0.0515
vn 0.9930 0.1091 0.0450
vn 0.9930 0.1090 0.0452
vn -0.2107 -0.9775 -0.0100
vn 0.0107 -0.9999 -0.0014
vn -0.2102 -0.9776 -0.0100
vn -0.4212 -0.9068 -0.0181
vn -0.7760 0.6300 -0.0290
vn -0.9931 -0.1109 -0.0388
vn 0.9939 0.1036 0.0388
vn -0.0901 0.9959 -0.0017
vn 0.2007 0.9791 0.0314
vn -0.0353 0.9990 0.0271
vn 0.1957 0.9785 0.0653
vn 0.1968 0.9797 0.0372
vn -0.0347 0.9989 0.0323
vn -0.9946 -0.1033 -0.0109
vn -0.9946 -0.1034 -0.0128
vn -0.9946 -0.1032 -0.0111
vn 0.0948 -0.9955 0.0035
vn 0.0930 -0.9957 0.0028
vn 0.0930 -0.9957 0.0029
vn -0.9946 -0.1030 -0.0137
vn -0.9946 -0.1030 -0.0138
vn -0.9946 -0.1032 -0.0108
vn -0.0345 0.9982 0.0483
vn -0.0335 0.9987 0.0395
vn 0.1986 0.9785 0.0558
vn 0.2928 0.9544 0.0576
vn 0.2278 0.9731 0.0342
vn 0.0215 0.9993 0.0320
vn 0.0252 0.9985 0.0483
vn 0.9934 0.1092 0.0343
vn 0.7758 -0.6300 0.0336
vn 0.7761 -0.6303 0.0218
vn -0.9943 -0.1028 -0.0275
vn -0.9948 -0.1020 -0.0081
vn -0.9948 -0.1019 -0.0077
vn -0.9947 -0.1025 -0.0087
vn 0.3420 -0.9382 0.0537
vn 0.3026 -0.9530 0.0161
vn 0.3025 -0.9530 0.0163
vn 0.5859 -0.8092 0.0428
vn 0.4795 -0.8748 0.0695
vn 0.6414 -0.7659 0.0440
vn 0.5860 -0.8092 0.0428
vn 0.0976 -0.9952 0.0024
vn 0.0974 -0.9952 0.0023
vn 0.9865 0.1598 0.0354
vn 0.9522 0.1656 0.2568
vn 0.9506 0.1659 0.2623
vn 0.9865 0.1601 0.0342
vn 0.9504 0.1657 0.2631
vn 0.9518 0.1659 0.2581
vn 0.9867 0.1607 0.0264
vn 0.0366 -0.0150 -0.9992
vn 0.0367 -0.0150 -0.9992
vn 0.0368 -0.0151 -0.9992
vn 0.9858 0.1600 0.0499
vn 0.9859 0.1599 0.0500
vn 0.0998 -0.9950 0.0020
vn 0.1000 -0.9950 0.0021
vn 0.5720 -0.8199 0.0233
vn 0.6805 -0.7322 0.0290
vn -0.9947 -0.1025 -0.0093
vn -0.9946 -0.1030 -0.0136
vn 0.1985 0.9785 0.0558
vn 0.1023 -0.9947 0.0043
vn 0.1022 -0.9948 0.0043
vn 0.5698 -0.8215 0.0206
vn 0.9937 -0.1036 -0.0431
vn 0.9943 -0.1029 -0.0292
vn 0.9943 -0.1028 -0.0274
vn 0.0380 0.9971 0.0666
vn -0.1958 0.9785 0.0653
vn -0.2034 0.9763 0.0740
vn 0.0373 0.9976 0.0580
vn -0.2171 0.9757 0.0306
vn -0.2071 0.9762 0.0652
vn -0.1930 0.9781 0.0780
vn 0.0667 0.0788 0.9947
vn 0.0585 0.0704 0.9958
vn 0.0645 0.0810 0.9946
vn 0.0526 0.0743 0.9958
vn 0.0534 0.0683 0.9962
vn 0.0694 0.0747 0.9948
vn 0.0655 0.0937 0.9934
vn -0.9935 0.1038 0.0459
vn -0.0376 -0.0002 -0.9993
vn -0.0397 -0.0022 -0.9992
vn -0.0395 -0.0021 -0.9992
vn -0.0376 0.0043 -0.9993
vn -0.0390 -0.0012 -0.9992
vn -0.0367 0.0032 -0.9993
vn -0.0380 0.0054 -0.9993
vn -0.0378 0.0054 -0.9993
vn -0.0059 0.9997 0.0229
vn 0.0164 0.9982 0.0582
vn 0.0253 0.9969 0.0751
vn -0.6812 -0.7316 0.0276
vn -0.7758 -0.6300 0.0341
vn -0.7758 -0.6300 0.0338
vn -0.6806 -0.7321 0.0290
vn -0.7761 -0.6303 0.0194
vn 0.0569 0.0891 0.9944
vn 0.0485 0.0766 0.9959
vn 0.0494 0.0749 0.9960
vn 0.0518 0.0726 0.9960
vn 0.0522 0.0746 0.9958
vn 0.0518 0.0723 0.9960
vn 0.0515 0.0699 0.9962
vn 0.0515 0.0700 0.9962
vn 0.0516 0.0699 0.9962
vn 0.0516 0.0700 0.9962
vn 0.7739 0.6267 -0.0909
vn 0.9927 -0.1121 -0.0452
vn -0.0009 -0.9970 0.0778
vn 0.2207 -0.9732 0.0639
vn 0.4313 -0.9010 0.0468
vn 0.2194 -0.9735 0.0640
vn 0.0998 0.9916 -0.0827
vn -0.1035 -0.9946 0.0048
vn -0.1024 -0.9947 0.0043
vn -0.0917 -0.9958 0.0031
vn -0.0909 -0.9959 0.0037
vn -0.0916 -0.9958 0.0032
vn -0.0908 -0.9959 0.0035
vn -0.9934 0.1091 0.0344
vn -0.9932 0.1091 0.0396
vn -0.9934 0.1091 0.0343
vn -0.9932 0.1091 0.0399
vn -0.7761 -0.6301 0.0273
vn -0.7759 -0.6300 0.0315
vn -0.7758 -0.6300 0.0337
vn -0.7758 -0.6300 0.0336
vn -0.7758 -0.6300 0.0357
vn -0.1987 0.9790 0.0452
vn -0.4195 0.9060 0.0563
vn -0.4201 0.9062 0.0488
vn -0.1980 0.9788 0.0523
vn -0.4188 0.9058 0.0641
vn 0.0337 0.9987 0.0390
vn -0.1979 0.9788 0.0523
vn -0.1986 0.9790 0.0452
vn 0.0333 0.9984 0.0454
vn 0.2220 -0.9730 0.0638
vn -0.0929 -0.9957 0.0027
vn -0.0917 -0.9958 0.0032
vn -0.0930 -0.9957 0.0028
vn -0.0389 0.0021 -0.9992
vn -0.0389 0.0019 -0.9992
vn -0.0387 0.0019 -0.9992
vn -0.0399 0.0035 -0.9992
vn -0.0401 -0.0001 -0.9992
vn -0.0392 0.0039 -0.9992
vn -0.0403 0.0001 -0.9992
vn -0.1965 0.9787 0.0592
vn 0.0333 0.9984 0.0453
vn 0.0332 0.9981 0.0515
vn 0.9946 -0.1034 -0.0129
vn 0.9945 -0.1036 -0.0145
vn 0.9945 -0.1035 -0.0146
vn -0.9930 0.1091 0.0450
vn -0.9932 0.1091 0.0397
vn -0.9930 0.1090 0.0452
vn 0.2107 -0.9775 -0.0100
vn -0.0107 -0.9999 -0.0014
vn 0.4212 -0.9068 -0.0181
vn 0.2102 -0.9776 -0.0100
vn 0.7760 0.6300 -0.0290
vn 0.9931 -0.1109 -0.0388
vn -0.9939 0.1036 0.0388
vn 0.0901 0.9959 -0.0017
vn -0.2007 0.9791 0.0314
vn -0.1957 0.9785 0.0653
vn 0.0353 0.9990 0.0271
vn -0.1968 0.9797 0.0372
vn 0.9946 -0.1033 -0.0109
vn 0.9946 -0.1034 -0.0128
vn 0.9946 -0.1032 -0.0111
vn -0.0948 -0.9955 0.0035
vn 0.9946 -0.1030 -0.0137
vn 0.9946 -0.1030 -0.0138
vn 0.9946 -0.1032 -0.0108
vn 0.0335 0.9987 0.0395
vn 0.0345 0.9982 0.0483
vn -0.1986 0.9785 0.0558
vn -0.2927 0.9545 0.0577
vn -0.9934 0.1092 0.0343
vn 0.9943 -0.1028 -0.0275
vn 0.9948 -0.1020 -0.0081
vn 0.9948 -0.1019 -0.0077
vn 0.9947 -0.1025 -0.0087
vn 0.9947 -0.1025 -0.0093
vn -0.2008 0.9791 0.0314
vn -0.2278 0.9731 0.0342
vn -0.3420 -0.9382 0.0536
vn -0.3026 -0.9530 0.0161
vn -0.5859 -0.8092 0.0428
vn -0.3026 -0.9530 0.0162
vn -0.4795 -0.8748 0.0695
vn -0.6415 -0.7659 0.0440
vn -0.7761 -0.6303 0.0218
vn -0.0976 -0.9952 0.0024
vn -0.0974 -0.9952 0.0023
vn -0.9865 0.1598 0.0354
vn -0.9522 0.1656 0.2568
vn -0.9866 0.1598 0.0343
vn -0.9506 0.1659 0.2623
vn -0.9867 0.1607 0.0264
vn -0.9504 0.1657 0.2631
vn -0.0368 -0.0151 -0.9992
vn -0.0367 -0.0150 -0.9992
vn -0.0366 -0.0150 -0.9992
vn -0.0215 0.9993 0.0320
vn -0.0252 0.9985 0.0483
vn -0.9518 0.1656 0.2583
vn -0.9858 0.1600 0.0499
vn -0.9859 0.1599 0.0500
vn -0.0998 -0.9950 0.0020
vn -0.1000 -0.9950 0.0020
vn -0.5860 -0.8092 0.0428
vn -0.6414 -0.7659 0.0440
vn 0.9946 -0.1030 -0.0136
vn 0.0347 0.9989 0.0323
vn -0.1985 0.9785 0.0558
vn -0.5718 -0.8200 0.0230
vn -0.6805 -0.7322 0.0290
vn -0.1023 -0.9947 0.0043
vn -0.1022 -0.9948 0.0043
vn -0.9867 0.1606 0.0265
vn -0.5698 -0.8215 0.0206
vn 0.3097 0.8984 -0.3114
vn 0.0524 0.7794 -0.6243
vn 0.1297 0.9219 -0.3652
vn 0.1684 0.7870 -0.5935
vn 0.1794 0.9807 -0.0776
vn 0.4346 0.8998 -0.0375
vn 0.0214 0.7706 -0.6369
vn 0.0554 0.9228 -0.3814
vn 0.5542 0.8315 -0.0388
vn 0.3098 0.8984 -0.3113
vn 0.4347 0.8998 -0.0375
vn 0.3731 0.8646 -0.3364
vn 0.6957 0.7041 0.1424
vn 0.1685 0.7870 -0.5935
vn 0.2693 0.7797 -0.5652
vn 0.1303 0.7099 -0.6921
vn -0.1636 0.9528 0.2558
vn -0.1832 0.9760 0.1181
vn -0.2595 0.9351 0.2412
vn -0.2313 0.8644 0.4463
vn -0.1455 0.8717 0.4679
vn -0.0727 0.9633 0.2585
vn -0.0808 0.9899 0.1165
vn -0.0786 0.9931 -0.0871
vn -0.1794 0.9807 -0.0776
vn -0.5040 0.8535 0.1321
vn -0.4346 0.8998 -0.0375
vn 0.0786 0.9931 -0.0871
vn 0.1832 0.9760 0.1181
vn 0.5040 0.8535 0.1321
vn 0.2313 0.8644 0.4463
vn 0.1636 0.9528 0.2558
vn 0.1455 0.8717 0.4680
vn 0.0810 0.9899 0.1162
vn 0.2595 0.9351 0.2412
vn 0.2154 0.7893 0.5749
vn 0.0727 0.9633 0.2585
vn 0.0648 0.8765 0.4771
vn 0.7431 0.5765 0.3398
vn 0.7759 0.5949 0.2100
vn 0.7758 0.5698 0.2710
vn 0.7158 0.5793 0.3898
vn 0.7664 0.6103 0.2004
vn 0.6957 0.7041 0.1425
vn 0.5041 0.8535 0.1321
vn 0.1384 0.7939 0.5921
vn 0.0604 0.7935 0.6055
vn -0.1303 0.7099 -0.6921
vn -0.2693 0.7797 -0.5652
vn -0.1685 0.7870 -0.5935
vn -0.2424 0.7148 -0.6559
vn -0.3731 0.8646 -0.3364
vn -0.3098 0.8984 -0.3114
vn 0.9229 0.3383 0.1839
vn 0.8984 0.3698 0.2368
vn 0.9321 0.3215 0.1668
vn 0.8792 0.3906 0.2729
vn 0.9335 0.3166 0.1685
vn 0.9378 0.3078 0.1608
vn 0.9381 0.3073 0.1598
vn 0.8791 0.3907 0.2729
vn 0.0481 0.5933 0.8036
vn 0.0211 0.5792 0.8149
vn 0.0504 0.5945 0.8025
vn 0.0212 0.5792 0.8149
vn 0.2614 0.6107 0.7475
vn 0.2887 0.6092 0.7386
vn 0.5041 0.8535 0.1320
vn 0.8407 0.5193 -0.1536
vn 0.7649 0.5853 -0.2691
vn 0.9053 0.4246 -0.0109
vn 0.7649 0.5852 -0.2690
vn 0.8407 0.5193 -0.1535
vn 0.9053 0.4245 -0.0109
vn 0.9343 0.3420 0.1005
vn 0.9376 0.3258 0.1216
vn 0.5095 0.5761 0.6391
vn 0.5094 0.5761 0.6392
vn 0.0096 0.6868 -0.7268
vn 0.1684 0.7870 -0.5936
vn 0.1302 0.7099 -0.6922
vn 0.0524 0.7793 -0.6244
vn 0.0039 0.6776 -0.7354
vn 0.0214 0.7706 -0.6370
vn -0.1298 0.9219 -0.3651
vn -0.0214 0.7706 -0.6369
vn -0.0524 0.7794 -0.6243
vn -0.0554 0.9227 -0.3814
vn -0.3097 0.8984 -0.3114
vn -0.1684 0.7870 -0.5935
vn -0.5542 0.8315 -0.0388
vn -0.4347 0.8998 -0.0375
vn -0.6957 0.7041 0.1424
vn -0.5041 0.8535 0.1321
vn -0.7759 0.5949 0.2100
vn -0.7431 0.5765 0.3398
vn -0.7758 0.5698 0.2710
vn -0.7158 0.5793 0.3898
vn -0.7664 0.6103 0.2004
vn -0.6957 0.7041 0.1425
vn -0.2154 0.7893 0.5749
vn -0.1384 0.7939 0.5921
vn -0.0649 0.8765 0.4770
vn -0.0604 0.7935 0.6055
vn -0.9229 0.3383 0.1839
vn -0.9321 0.3215 0.1668
vn -0.8984 0.3698 0.2368
vn -0.8792 0.3906 0.2729
vn -0.8407 0.5193 -0.1535
vn -0.9343 0.3420 0.1005
vn -0.9053 0.4245 -0.0109
vn -0.9376 0.3258 0.1216
vn -0.9378 0.3078 0.1608
vn -0.9381 0.3073 0.1598
vn -0.9335 0.3166 0.1684
vn -0.2887 0.6092 0.7386
vn -0.5095 0.5761 0.6391
vn -0.5094 0.5762 0.6392
vn -0.2614 0.6107 0.7475
vn -0.7649 0.5853 -0.2691
vn -0.7649 0.5852 -0.2690
vn -0.8407 0.5193 -0.1536
vn -0.9053 0.4246 -0.0109
vn -0.0504 0.5945 0.8025
vn -0.0481 0.5933 0.8036
vn -0.0211 0.5792 0.8149
vn -0.0212 0.5792 0.8149
vn -0.1684 0.7870 -0.5936
vn -0.0096 0.6868 -0.7268
vn -0.1302 0.7099 -0.6922
vn -0.0524 0.7793 -0.6244
vn -0.0038 0.6776 -0.7354
vn 0.2424 0.7148 -0.6559
vn -0.0214 0.7706 -0.6370
vt 0.015756 0.641201
vt 0.015771 0.641206
vt 0.015756 0.641206
vt 0.015771 0.641201
vt 0.015787 0.641199
vt 0.015787 0.641201
vt 0.045468 0.640874
vt 0.045522 0.640875
vt 0.045522 0.640898
vt 0.045467 0.640899
vt 0.045451 0.640899
vt 0.015946 0.641114
vt 0.015942 0.641122
vt 0.015941 0.641114
vt 0.015946 0.641122
vt 0.015686 0.641216
vt 0.015671 0.641225
vt 0.015671 0.641216
vt 0.015686 0.641225
vt 0.046075 0.640905
vt 0.046076 0.640885
vt 0.046086 0.640905
vt 0.046074 0.640940
vt 0.046087 0.640885
vt 0.015826 0.641254
vt 0.015850 0.641279
vt 0.015826 0.641279
vt 0.015850 0.641254
vt 0.015940 0.641085
vt 0.015946 0.641099
vt 0.015941 0.641100
vt 0.015946 0.641083
vt 0.046075 0.640849
vt 0.046090 0.640834
vt 0.046090 0.640849
vt 0.046075 0.640833
vt 0.015885 0.641262
vt 0.015885 0.641237
vt 0.015888 0.641262
vt 0.015888 0.641237
vt 0.015924 0.641276
vt 0.015925 0.641255
vt 0.015925 0.641279
vt 0.015921 0.641279
vt 0.015921 0.641276
vt 0.015924 0.641258
vt 0.015922 0.641258
vt 0.015922 0.641254
vt 0.045819 0.640835
vt 0.045834 0.640819
vt 0.045835 0.640835
vt 0.045819 0.640819
vt 0.045812 0.640835
vt 0.045627 0.641023
vt 0.045628 0.641045
vt 0.045621 0.641042
vt 0.045621 0.641026
vt 0.045633 0.641042
vt 0.045632 0.641025
vt 0.045642 0.641014
vt 0.045643 0.641019
vt 0.015830 0.641185
vt 0.015836 0.641160
vt 0.015836 0.641185
vt 0.015830 0.641160
vt 0.015916 0.641258
vt 0.015917 0.641260
vt 0.045661 0.641008
vt 0.045664 0.641001
vt 0.045668 0.641008
vt 0.045650 0.641015
vt 0.045649 0.641010
vt 0.045934 0.640787
vt 0.045918 0.640767
vt 0.045934 0.640767
vt 0.045918 0.640787
vt 0.046088 0.640942
vt 0.046072 0.640978
vt 0.045447 0.640920
vt 0.045431 0.640955
vt 0.045431 0.640920
vt 0.045447 0.640955
vt 0.045431 0.640993
vt 0.045447 0.640993
vt 0.045918 0.640730
vt 0.045934 0.640730
vt 0.045647 0.640872
vt 0.045686 0.640895
vt 0.045647 0.640898
vt 0.045608 0.640895
vt 0.045608 0.640872
vt 0.045612 0.640949
vt 0.045606 0.640984
vt 0.045606 0.640949
vt 0.045606 0.640914
vt 0.045611 0.640910
vt 0.045600 0.640909
vt 0.045605 0.640904
vt 0.045452 0.640873
vt 0.015748 0.641185
vt 0.015754 0.641198
vt 0.015749 0.641199
vt 0.015741 0.641185
vt 0.015741 0.641199
vt 0.015734 0.641200
vt 0.015749 0.641201
vt 0.015742 0.641202
vt 0.015734 0.641202
vt 0.045532 0.640920
vt 0.045534 0.640910
vt 0.045538 0.640914
vt 0.045532 0.640933
vt 0.045528 0.640931
vt 0.045532 0.640949
vt 0.045528 0.640949
vt 0.045528 0.640917
vt 0.045517 0.640408
vt 0.045524 0.640550
vt 0.045518 0.640551
vt 0.045519 0.640408
vt 0.045847 0.640677
vt 0.045835 0.640673
vt 0.045834 0.640659
vt 0.045847 0.640690
vt 0.045827 0.640660
vt 0.015837 0.641055
vt 0.015847 0.641053
vt 0.015850 0.641055
vt 0.015837 0.641053
vt 0.015839 0.641074
vt 0.015847 0.641046
vt 0.015826 0.641055
vt 0.015826 0.641053
vt 0.015836 0.641046
vt 0.045927 0.640421
vt 0.045914 0.640438
vt 0.045916 0.640424
vt 0.045907 0.640437
vt 0.045927 0.640407
vt 0.015869 0.641100
vt 0.015858 0.641100
vt 0.015871 0.641081
vt 0.015878 0.641102
vt 0.015868 0.641102
vt 0.015882 0.641100
vt 0.015878 0.641109
vt 0.015868 0.641109
vt 0.015858 0.641102
vt 0.015858 0.641100
vt 0.015857 0.641109
vt 0.045899 0.640557
vt 0.045905 0.640450
vt 0.045891 0.640557
vt 0.045867 0.640605
vt 0.045867 0.640605
vt 0.045858 0.640605
vt 0.015946 0.641300
vt 0.015942 0.641282
vt 0.015946 0.641282
vt 0.015942 0.641300
vt 0.015944 0.641271
vt 0.015946 0.641271
vt 0.046089 0.641030
vt 0.046089 0.641038
vt 0.046084 0.641030
vt 0.046084 0.641038
vt 0.045778 0.640492
vt 0.045785 0.640487
vt 0.045786 0.640492
vt 0.045777 0.640487
vt 0.045819 0.640540
vt 0.045810 0.640540
vt 0.045783 0.640470
vt 0.015924 0.641206
vt 0.015927 0.641210
vt 0.015924 0.641210
vt 0.015927 0.641206
vt 0.046066 0.640863
vt 0.046074 0.640849
vt 0.046075 0.640863
vt 0.046066 0.640850
vt 0.046055 0.640752
vt 0.046060 0.640734
vt 0.046064 0.640752
vt 0.046054 0.640734
vt 0.046059 0.640721
vt 0.015771 0.641198
vt 0.015756 0.641173
vt 0.015771 0.641173
vt 0.015756 0.641199
vt 0.015786 0.641165
vt 0.015787 0.641173
vt 0.015753 0.641173
vt 0.015753 0.641184
vt 0.015747 0.641173
vt 0.015740 0.641174
vt 0.015741 0.641079
vt 0.015739 0.641083
vt 0.015738 0.641079
vt 0.015741 0.641082
vt 0.045869 0.641124
vt 0.045885 0.641057
vt 0.045891 0.641124
vt 0.045875 0.641057
vt 0.046023 0.640560
vt 0.046039 0.640623
vt 0.046023 0.640623
vt 0.046036 0.640689
vt 0.046039 0.640560
vt 0.046028 0.640689
vt 0.046023 0.640545
vt 0.046039 0.640544
vt 0.045989 0.641014
vt 0.045982 0.640951
vt 0.045989 0.640951
vt 0.045983 0.641014
vt 0.045789 0.640835
vt 0.045796 0.640819
vt 0.045796 0.640835
vt 0.045790 0.640819
vt 0.045613 0.641069
vt 0.045620 0.641060
vt 0.045620 0.641070
vt 0.045613 0.641061
vt 0.045982 0.640885
vt 0.045989 0.640885
vt 0.045790 0.640756
vt 0.045791 0.640690
vt 0.045797 0.640756
vt 0.045798 0.640690
vt 0.015916 0.641310
vt 0.015915 0.641285
vt 0.015922 0.641285
vt 0.015922 0.641310
vt 0.045667 0.641063
vt 0.045670 0.641054
vt 0.045676 0.641060
vt 0.045663 0.641056
vt 0.045651 0.641056
vt 0.045652 0.641051
vt 0.045983 0.641029
vt 0.045967 0.641014
vt 0.045967 0.641029
vt 0.045676 0.641001
vt 0.015907 0.641262
vt 0.015909 0.641270
vt 0.015907 0.641271
vt 0.015909 0.641263
vt 0.015913 0.641259
vt 0.015914 0.641261
vt 0.046023 0.640752
vt 0.046034 0.640752
vt 0.046024 0.640768
vt 0.046034 0.640768
vt 0.046042 0.640752
vt 0.046042 0.640768
vt 0.015915 0.641276
vt 0.015916 0.641273
vt 0.015917 0.641164
vt 0.015920 0.641189
vt 0.015917 0.641189
vt 0.015920 0.641164
vt 0.015676 0.641278
vt 0.015658 0.641278
vt 0.015676 0.641253
vt 0.015658 0.641253
vt 0.015754 0.641285
vt 0.015754 0.641260
vt 0.015757 0.641260
vt 0.015758 0.641285
vt 0.045918 0.640690
vt 0.045934 0.640690
vt 0.046088 0.640982
vt 0.045606 0.640873
vt 0.045608 0.640899
vt 0.045592 0.640875
vt 0.045594 0.640901
vt 0.045573 0.640877
vt 0.015736 0.641080
vt 0.015734 0.641083
vt 0.015733 0.641080
vt 0.015737 0.641083
vt 0.015731 0.641080
vt 0.015737 0.641087
vt 0.015734 0.641092
vt 0.015734 0.641087
vt 0.015731 0.641088
vt 0.015738 0.641092
vt 0.015736 0.641119
vt 0.015739 0.641087
vt 0.015740 0.641092
vt 0.015722 0.641202
vt 0.015701 0.641206
vt 0.015697 0.641201
vt 0.015722 0.641207
vt 0.015722 0.641200
vt 0.015694 0.641206
vt 0.045445 0.640873
vt 0.045444 0.640899
vt 0.015695 0.641185
vt 0.015702 0.641173
vt 0.015705 0.641174
vt 0.015695 0.641198
vt 0.015692 0.641198
vt 0.015693 0.641184
vt 0.015713 0.641087
vt 0.015720 0.641092
vt 0.015713 0.641092
vt 0.015719 0.641098
vt 0.015721 0.641118
vt 0.015720 0.641087
vt 0.015713 0.641099
vt 0.045573 0.640571
vt 0.045568 0.640585
vt 0.045566 0.640572
vt 0.045575 0.640584
vt 0.045572 0.640560
vt 0.045578 0.640651
vt 0.045528 0.640898
vt 0.045528 0.640875
vt 0.015698 0.641199
vt 0.015692 0.641201
vt 0.015691 0.641206
vt 0.015694 0.641201
vt 0.045958 0.640882
vt 0.045965 0.640881
vt 0.045963 0.640883
vt 0.045956 0.640878
vt 0.045965 0.640874
vt 0.045956 0.640880
vt 0.045956 0.640874
vt 0.045512 0.640407
vt 0.045502 0.640553
vt 0.045550 0.640407
vt 0.045563 0.640553
vt 0.045547 0.640407
vt 0.045570 0.640552
vt 0.045558 0.640553
vt 0.045545 0.640408
vt 0.045552 0.640554
vt 0.045542 0.640408
vt 0.045647 0.640549
vt 0.045653 0.640407
vt 0.045662 0.640549
vt 0.045640 0.640407
vt 0.045647 0.640407
vt 0.045631 0.640549
vt 0.045846 0.640819
vt 0.045847 0.640835
vt 0.015845 0.641185
vt 0.015850 0.641160
vt 0.015850 0.641185
vt 0.015845 0.641160
vt 0.045990 0.641029
vt 0.045934 0.641029
vt 0.045935 0.641014
vt 0.045943 0.641029
vt 0.045944 0.641014
vt 0.045847 0.640995
vt 0.045787 0.640980
vt 0.045847 0.640980
vt 0.045787 0.640995
vt 0.045604 0.640994
vt 0.045610 0.641009
vt 0.045603 0.641009
vt 0.045611 0.640994
vt 0.045360 0.641056
vt 0.045406 0.641056
vt 0.045360 0.641072
vt 0.045406 0.641072
vt 0.046017 0.640768
vt 0.046017 0.640752
vt 0.046052 0.640752
vt 0.046053 0.640768
vt 0.045593 0.640994
vt 0.045593 0.641009
vt 0.045586 0.640994
vt 0.046011 0.641058
vt 0.046028 0.641058
vt 0.046011 0.641074
vt 0.046028 0.641074
vt 0.046058 0.640600
vt 0.046060 0.640708
vt 0.046054 0.640708
vt 0.046063 0.640600
vt 0.046054 0.640721
vt 0.046057 0.640551
vt 0.046063 0.640551
vt 0.046063 0.640545
vt 0.046058 0.640523
vt 0.046064 0.640466
vt 0.046063 0.640523
vt 0.046058 0.640465
vt 0.046057 0.640528
vt 0.045867 0.640605
vt 0.045866 0.640610
vt 0.045857 0.640611
vt 0.045854 0.640632
vt 0.045855 0.640690
vt 0.045847 0.640690
vt 0.045863 0.640632
vt 0.045855 0.640628
vt 0.045864 0.640628
vt 0.045825 0.640648
vt 0.015937 0.641197
vt 0.015936 0.641143
vt 0.015940 0.641197
vt 0.015940 0.641124
vt 0.015940 0.641143
vt 0.015882 0.641081
vt 0.015877 0.641034
vt 0.015882 0.641027
vt 0.015850 0.641074
vt 0.015845 0.641121
vt 0.015850 0.641128
vt 0.015686 0.641253
vt 0.015658 0.641253
vt 0.015686 0.641238
vt 0.015658 0.641238
vt 0.015878 0.641149
vt 0.015850 0.641133
vt 0.015878 0.641133
vt 0.015850 0.641149
vt 0.015863 0.641164
vt 0.015878 0.641164
vt 0.015878 0.641172
vt 0.015863 0.641172
vt 0.015940 0.641190
vt 0.015946 0.641162
vt 0.015946 0.641190
vt 0.015941 0.641162
vt 0.045447 0.640899
vt 0.045431 0.640899
vt 0.045613 0.640902
vt 0.045617 0.640937
vt 0.045613 0.640937
vt 0.045617 0.640898
vt 0.045621 0.640902
vt 0.045617 0.640983
vt 0.045617 0.641005
vt 0.045613 0.640983
vt 0.045613 0.641005
vt 0.046056 0.641075
vt 0.046078 0.641110
vt 0.046056 0.641110
vt 0.046078 0.641075
vt 0.015942 0.641268
vt 0.015942 0.641286
vt 0.015933 0.641286
vt 0.015758 0.641249
vt 0.015758 0.641231
vt 0.015759 0.641249
vt 0.015759 0.641231
vt 0.015761 0.641231
vt 0.015714 0.641079
vt 0.015720 0.641082
vt 0.015713 0.641083
vt 0.015720 0.641079
vt 0.015723 0.641082
vt 0.015723 0.641078
vt 0.015765 0.641078
vt 0.015771 0.641078
vt 0.015771 0.641081
vt 0.015764 0.641081
vt 0.015777 0.641078
vt 0.015778 0.641081
vt 0.045518 0.640571
vt 0.045525 0.640583
vt 0.045519 0.640584
vt 0.045524 0.640570
vt 0.045526 0.640651
vt 0.045520 0.640651
vt 0.045565 0.640562
vt 0.045524 0.640559
vt 0.045518 0.640560
vt 0.045561 0.640572
vt 0.045559 0.640562
vt 0.045553 0.640573
vt 0.045552 0.640562
vt 0.045647 0.640557
vt 0.045663 0.640558
vt 0.045647 0.640568
vt 0.045630 0.640558
vt 0.045629 0.640569
vt 0.045501 0.640561
vt 0.045500 0.640572
vt 0.015764 0.641086
vt 0.015771 0.641090
vt 0.015764 0.641091
vt 0.015771 0.641085
vt 0.015771 0.641117
vt 0.015778 0.641086
vt 0.015779 0.641091
vt 0.045740 0.641101
vt 0.045714 0.641054
vt 0.045740 0.641054
vt 0.045714 0.641116
vt 0.045713 0.641102
vt 0.045517 0.641056
vt 0.045492 0.641042
vt 0.045518 0.641045
vt 0.045491 0.641055
vt 0.045515 0.641072
vt 0.045489 0.641072
vt 0.045551 0.640910
vt 0.045552 0.640914
vt 0.045760 0.641010
vt 0.045706 0.641010
vt 0.045754 0.640973
vt 0.045759 0.640978
vt 0.045754 0.641048
vt 0.045686 0.641026
vt 0.045686 0.641011
vt 0.045706 0.640978
vt 0.045686 0.640995
vt 0.045692 0.640978
vt 0.045686 0.640984
vt 0.045492 0.641037
vt 0.045519 0.641039
vt 0.045740 0.641115
vt 0.045474 0.641072
vt 0.045450 0.641107
vt 0.045447 0.641072
vt 0.045476 0.641104
vt 0.045450 0.641037
vt 0.045476 0.641039
vt 0.045714 0.641049
vt 0.045740 0.641048
vt 0.015927 0.641164
vt 0.015932 0.641189
vt 0.015927 0.641189
vt 0.015932 0.641164
vt 0.045644 0.641052
vt 0.045644 0.641047
vt 0.015924 0.641189
vt 0.015924 0.641164
vt 0.015895 0.641262
vt 0.015895 0.641237
vt 0.045959 0.641029
vt 0.045959 0.641014
vt 0.015904 0.641262
vt 0.015898 0.641237
vt 0.015904 0.641237
vt 0.015898 0.641262
vt 0.015750 0.641285
vt 0.015750 0.641260
vt 0.015912 0.641274
vt 0.015913 0.641272
vt 0.015742 0.641285
vt 0.015743 0.641260
vt 0.015747 0.641260
vt 0.015747 0.641285
vt 0.045576 0.640994
vt 0.045586 0.641010
vt 0.045576 0.641010
vt 0.015839 0.641185
vt 0.015839 0.641160
vt 0.045811 0.640819
vt 0.045812 0.640756
vt 0.045819 0.640756
vt 0.046042 0.640831
vt 0.046035 0.640831
vt 0.046015 0.641010
vt 0.046006 0.641008
vt 0.046013 0.641004
vt 0.046008 0.641013
vt 0.045959 0.640951
vt 0.045967 0.640951
vt 0.045586 0.641072
vt 0.045593 0.641072
vt 0.046011 0.641049
vt 0.046004 0.641045
vt 0.046014 0.641044
vt 0.046006 0.641040
vt 0.015724 0.641202
vt 0.015724 0.641207
vt 0.015724 0.641200
vt 0.015724 0.641174
vt 0.015722 0.641174
vt 0.015724 0.641166
vt 0.015706 0.641166
vt 0.015722 0.641166
vt 0.015755 0.641206
vt 0.015755 0.641201
vt 0.015749 0.641207
vt 0.015721 0.641287
vt 0.015721 0.641283
vt 0.015722 0.641284
vt 0.015724 0.641292
vt 0.015723 0.641292
vt 0.015721 0.641287
vt 0.015724 0.641282
vt 0.015724 0.641282
vt 0.015742 0.641208
vt 0.015735 0.641208
vt 0.015819 0.641141
vt 0.015818 0.641139
vt 0.015819 0.641139
vt 0.015818 0.641141
vt 0.045491 0.641089
vt 0.045545 0.640563
vt 0.045545 0.640554
vt 0.045539 0.640408
vt 0.015741 0.641118
vt 0.045575 0.640904
vt 0.045556 0.640904
vt 0.015733 0.641186
vt 0.045532 0.640966
vt 0.045528 0.640968
vt 0.045620 0.641046
vt 0.045620 0.641053
vt 0.045613 0.641053
vt 0.045613 0.641047
vt 0.045620 0.641060
vt 0.045613 0.641060
vt 0.045613 0.641033
vt 0.045613 0.641019
vt 0.045620 0.641019
vt 0.045620 0.641033
vt 0.015932 0.641242
vt 0.015930 0.641246
vt 0.015929 0.641246
vt 0.015931 0.641250
vt 0.015930 0.641250
vt 0.015933 0.641242
vt 0.015932 0.641252
vt 0.015933 0.641251
vt 0.015818 0.641134
vt 0.015819 0.641136
vt 0.015818 0.641136
vt 0.015819 0.641134
vt 0.015751 0.641165
vt 0.015746 0.641165
vt 0.015739 0.641166
vt 0.015744 0.641118
vt 0.015736 0.641124
vt 0.015731 0.641119
vt 0.015742 0.641124
vt 0.015731 0.641092
vt 0.015745 0.641124
vt 0.015754 0.641165
vt 0.015743 0.641137
vt 0.015739 0.641159
vt 0.015737 0.641138
vt 0.015747 0.641135
vt 0.015747 0.641137
vt 0.015746 0.641159
vt 0.015732 0.641138
vt 0.015751 0.641159
vt 0.015732 0.641166
vt 0.015781 0.641117
vt 0.015761 0.641117
vt 0.015771 0.641124
vt 0.015760 0.641124
vt 0.045526 0.640667
vt 0.045520 0.640667
vt 0.045586 0.640651
vt 0.045581 0.640666
vt 0.015712 0.641114
vt 0.015719 0.641113
vt 0.015710 0.641119
vt 0.045501 0.640601
vt 0.045515 0.640639
vt 0.045498 0.640640
vt 0.045515 0.640600
vt 0.015721 0.641125
vt 0.015709 0.641125
vt 0.045526 0.640700
vt 0.045521 0.640757
vt 0.045520 0.640701
vt 0.045527 0.640757
vt 0.045521 0.640773
vt 0.015708 0.641138
vt 0.015722 0.641160
vt 0.015706 0.641159
vt 0.015720 0.641136
vt 0.015721 0.641138
vt 0.045582 0.640754
vt 0.045566 0.640771
vt 0.045565 0.640755
vt 0.045548 0.640756
vt 0.045584 0.640770
vt 0.045595 0.640753
vt 0.045597 0.640769
vt 0.045481 0.640771
vt 0.045482 0.640755
vt 0.045602 0.640752
vt 0.045604 0.640768
vt 0.045593 0.640699
vt 0.045527 0.640773
vt 0.045611 0.640755
vt 0.045647 0.640771
vt 0.045609 0.640771
vt 0.045647 0.640755
vt 0.045683 0.640755
vt 0.015756 0.641165
vt 0.015771 0.641165
vt 0.015782 0.641124
vt 0.045586 0.640699
vt 0.045591 0.640694
vt 0.045589 0.640665
vt 0.045587 0.640670
vt 0.045585 0.640694
vt 0.045581 0.640670
vt 0.015743 0.641135
vt 0.015745 0.641126
vt 0.015720 0.641127
vt 0.015710 0.641126
vt 0.015709 0.641136
vt 0.015742 0.641126
vt 0.015737 0.641126
vt 0.015737 0.641136
vt 0.015731 0.641136
vt 0.015731 0.641127
vt 0.015731 0.641125
vt 0.015771 0.641137
vt 0.015771 0.641159
vt 0.015759 0.641137
vt 0.015783 0.641137
vt 0.015785 0.641159
vt 0.015757 0.641159
vt 0.015771 0.641126
vt 0.015781 0.641126
vt 0.015771 0.641135
vt 0.015761 0.641126
vt 0.015760 0.641135
vt 0.045522 0.640672
vt 0.045523 0.640696
vt 0.045517 0.640672
vt 0.045518 0.640696
vt 0.045619 0.640665
vt 0.045621 0.640670
vt 0.045613 0.640666
vt 0.045616 0.640671
vt 0.045785 0.640965
vt 0.045789 0.640972
vt 0.045785 0.640974
vt 0.045789 0.640965
vt 0.015782 0.641135
vt 0.015936 0.641123
vt 0.046063 0.640528
vt 0.046057 0.640545
vt 0.015938 0.641022
vt 0.015933 0.641044
vt 0.015933 0.641022
vt 0.015938 0.641044
vt 0.045774 0.640465
vt 0.045775 0.640407
vt 0.045783 0.640465
vt 0.045766 0.640407
vt 0.045775 0.640469
vt 0.015867 0.641111
vt 0.015882 0.641133
vt 0.015865 0.641133
vt 0.015857 0.641111
vt 0.015854 0.641133
vt 0.015882 0.641111
vt 0.015825 0.641044
vt 0.015833 0.641022
vt 0.015836 0.641044
vt 0.015822 0.641022
vt 0.015850 0.641044
vt 0.015850 0.641022
vt 0.015825 0.641046
vt 0.015893 0.641203
vt 0.015889 0.641210
vt 0.015889 0.641203
vt 0.015893 0.641210
vt 0.015917 0.641206
vt 0.015921 0.641210
vt 0.015917 0.641211
vt 0.015921 0.641206
vt 0.015787 0.641206
vt 0.045383 0.640407
vt 0.045438 0.640408
vt 0.045384 0.640433
vt 0.045367 0.640408
vt 0.045438 0.640432
vt 0.015942 0.641123
vt 0.015946 0.641132
vt 0.015941 0.641132
vt 0.015946 0.641123
vt 0.015856 0.641211
vt 0.015872 0.641219
vt 0.015856 0.641219
vt 0.015872 0.641211
vt 0.046089 0.640542
vt 0.046077 0.640508
vt 0.046090 0.640506
vt 0.046090 0.640563
vt 0.046079 0.640563
vt 0.046078 0.640542
vt 0.015850 0.641273
vt 0.015874 0.641248
vt 0.015874 0.641273
vt 0.015850 0.641248
vt 0.015940 0.641160
vt 0.015941 0.641145
vt 0.015946 0.641146
vt 0.015946 0.641162
vt 0.045741 0.641049
vt 0.045755 0.641064
vt 0.045740 0.641064
vt 0.045756 0.641048
vt 0.015903 0.641048
vt 0.015903 0.641073
vt 0.015900 0.641073
vt 0.015900 0.641048
vt 0.015903 0.641291
vt 0.015900 0.641289
vt 0.015902 0.641288
vt 0.015902 0.641271
vt 0.015903 0.641268
vt 0.015899 0.641268
vt 0.045817 0.640979
vt 0.045817 0.640964
vt 0.045824 0.640979
vt 0.045801 0.640979
vt 0.045802 0.640964
vt 0.046000 0.640711
vt 0.046011 0.640701
vt 0.046012 0.640706
vt 0.045994 0.640730
vt 0.045995 0.640708
vt 0.045989 0.640710
vt 0.046000 0.640728
vt 0.046009 0.640739
vt 0.015841 0.641242
vt 0.015841 0.641217
vt 0.015847 0.641242
vt 0.015847 0.641217
vt 0.015900 0.641292
vt 0.015894 0.641289
vt 0.015895 0.641287
vt 0.046029 0.640745
vt 0.046017 0.640743
vt 0.046018 0.640738
vt 0.046011 0.640734
vt 0.046032 0.640752
vt 0.046035 0.640745
vt 0.045934 0.640787
vt 0.045918 0.640808
vt 0.045918 0.640787
vt 0.045934 0.640808
vt 0.046075 0.640469
vt 0.046090 0.640465
vt 0.045847 0.640905
vt 0.045863 0.640940
vt 0.045847 0.640940
vt 0.045863 0.640905
vt 0.045862 0.640978
vt 0.045847 0.640979
vt 0.045918 0.640845
vt 0.045934 0.640845
vt 0.045686 0.640872
vt 0.045605 0.640994
vt 0.045600 0.640989
vt 0.045612 0.640988
vt 0.045368 0.640433
vt 0.015729 0.641200
vt 0.045532 0.640979
vt 0.045534 0.640988
vt 0.045528 0.640982
vt 0.045440 0.640756
vt 0.045433 0.640899
vt 0.045434 0.640755
vt 0.045435 0.640899
vt 0.045766 0.640421
vt 0.045753 0.640438
vt 0.045755 0.640424
vt 0.045739 0.640557
vt 0.045745 0.640450
vt 0.015805 0.641100
vt 0.015815 0.641102
vt 0.015805 0.641102
vt 0.015818 0.641100
vt 0.015815 0.641109
vt 0.015804 0.641109
vt 0.015807 0.641081
vt 0.015818 0.641081
vt 0.015794 0.641100
vt 0.015794 0.641102
vt 0.015793 0.641109
vt 0.045766 0.640959
vt 0.045755 0.640956
vt 0.045753 0.640942
vt 0.045746 0.640943
vt 0.045766 0.640973
vt 0.015805 0.641167
vt 0.015807 0.641186
vt 0.015794 0.641167
vt 0.015815 0.641165
vt 0.015818 0.641167
vt 0.015805 0.641165
vt 0.015815 0.641158
vt 0.015794 0.641165
vt 0.015794 0.641167
vt 0.015804 0.641158
vt 0.045739 0.640823
vt 0.045745 0.640930
vt 0.045730 0.640823
vt 0.045706 0.640775
vt 0.015708 0.641271
vt 0.015708 0.641288
vt 0.015704 0.641288
vt 0.015704 0.641271
vt 0.015706 0.641299
vt 0.015708 0.641299
vt 0.045488 0.641117
vt 0.045482 0.641117
vt 0.045487 0.641108
vt 0.045482 0.641108
vt 0.045697 0.640605
vt 0.045705 0.640611
vt 0.045696 0.640611
vt 0.045706 0.640605
vt 0.045730 0.640557
vt 0.045703 0.640628
vt 0.046066 0.640465
vt 0.046074 0.640479
vt 0.046066 0.640479
vt 0.046075 0.640466
vt 0.046045 0.640466
vt 0.046050 0.640483
vt 0.046044 0.640483
vt 0.046054 0.640465
vt 0.046049 0.640496
vt 0.046044 0.640497
vt 0.015728 0.641186
vt 0.015727 0.641175
vt 0.015732 0.641174
vt 0.015726 0.641080
vt 0.015729 0.641083
vt 0.015726 0.641083
vt 0.015729 0.641080
vt 0.046011 0.641125
vt 0.045995 0.641058
vt 0.046006 0.641058
vt 0.045990 0.641125
vt 0.046056 0.641014
vt 0.046072 0.640951
vt 0.046072 0.641014
vt 0.046056 0.640951
vt 0.046056 0.641030
vt 0.046061 0.640885
vt 0.046069 0.640885
vt 0.045927 0.640536
vt 0.045934 0.640473
vt 0.045934 0.640536
vt 0.045928 0.640473
vt 0.045988 0.640727
vt 0.045840 0.640980
vt 0.045840 0.640964
vt 0.045846 0.640964
vt 0.045840 0.641069
vt 0.045840 0.641058
vt 0.045846 0.641067
vt 0.045846 0.641059
vt 0.045935 0.640407
vt 0.045928 0.640407
vt 0.045845 0.640835
vt 0.045846 0.640901
vt 0.045839 0.640901
vt 0.045838 0.640835
vt 0.015841 0.641304
vt 0.015841 0.641279
vt 0.015847 0.641304
vt 0.015847 0.641279
vt 0.046035 0.640690
vt 0.046037 0.640699
vt 0.046031 0.640697
vt 0.046044 0.640692
vt 0.046044 0.640752
vt 0.046019 0.640697
vt 0.045934 0.640552
vt 0.045949 0.640536
vt 0.045950 0.640552
vt 0.015885 0.641285
vt 0.015886 0.641277
vt 0.015887 0.641284
vt 0.015885 0.641276
vt 0.015891 0.641288
vt 0.015890 0.641273
vt 0.046049 0.640885
vt 0.046048 0.640900
vt 0.046038 0.640885
vt 0.046038 0.640900
vt 0.046031 0.640885
vt 0.015899 0.641271
vt 0.015893 0.641271
vt 0.015894 0.641273
vt 0.015932 0.641217
vt 0.015930 0.641242
vt 0.015930 0.641217
vt 0.015933 0.641242
vt 0.015724 0.641279
vt 0.015725 0.641254
vt 0.015742 0.641279
vt 0.015742 0.641254
vt 0.015680 0.641259
vt 0.015679 0.641284
vt 0.015677 0.641260
vt 0.015676 0.641284
vt 0.045918 0.640885
vt 0.045934 0.640885
vt 0.045542 0.640903
vt 0.045540 0.640878
vt 0.045554 0.640877
vt 0.015731 0.641083
vt 0.015729 0.641088
vt 0.015667 0.641032
vt 0.015689 0.641036
vt 0.015664 0.641037
vt 0.015689 0.641032
vt 0.015689 0.641038
vt 0.015664 0.641040
vt 0.015661 0.641032
vt 0.045361 0.640434
vt 0.045360 0.640408
vt 0.015669 0.641065
vt 0.015662 0.641053
vt 0.015672 0.641064
vt 0.015659 0.641054
vt 0.015659 0.641040
vt 0.015661 0.641040
vt 0.015680 0.641151
vt 0.015687 0.641147
vt 0.015687 0.641152
vt 0.015679 0.641146
vt 0.015686 0.641140
vt 0.015680 0.641140
vt 0.045540 0.640574
vt 0.045539 0.640586
vt 0.045532 0.640574
vt 0.045533 0.640563
vt 0.045540 0.640563
vt 0.045538 0.640653
vt 0.045532 0.640586
vt 0.045444 0.640409
vt 0.045444 0.640432
vt 0.015659 0.641038
vt 0.015661 0.641037
vt 0.015658 0.641032
vt 0.045956 0.640871
vt 0.045965 0.640868
vt 0.045958 0.640867
vt 0.045963 0.640866
vt 0.045956 0.640869
vt 0.045428 0.640899
vt 0.045418 0.640754
vt 0.045533 0.640554
vt 0.045534 0.640408
vt 0.045540 0.640554
vt 0.045536 0.640408
vt 0.045790 0.640964
vt 0.045789 0.640980
vt 0.015832 0.641242
vt 0.015828 0.641217
vt 0.015832 0.641217
vt 0.015828 0.641242
vt 0.045927 0.640552
vt 0.046072 0.641030
vt 0.015892 0.641286
vt 0.045982 0.640536
vt 0.045983 0.640552
vt 0.045974 0.640552
vt 0.045973 0.640536
vt 0.045847 0.641057
vt 0.045907 0.641042
vt 0.045907 0.641057
vt 0.045847 0.641042
vt 0.045415 0.640993
vt 0.045409 0.641009
vt 0.045409 0.640993
vt 0.045416 0.641009
vt 0.045528 0.641057
vt 0.045574 0.641072
vt 0.045528 0.641072
vt 0.045574 0.641057
vt 0.046056 0.640885
vt 0.046055 0.640900
vt 0.046030 0.640900
vt 0.046020 0.640885
vt 0.046019 0.640900
vt 0.045426 0.640993
vt 0.045426 0.641009
vt 0.045433 0.640993
vt 0.045433 0.641009
vt 0.045823 0.641137
vt 0.045823 0.641121
vt 0.045840 0.641137
vt 0.045840 0.641121
vt 0.046048 0.640617
vt 0.046044 0.640509
vt 0.046050 0.640509
vt 0.046053 0.640617
vt 0.046053 0.640667
vt 0.046047 0.640667
vt 0.046053 0.640672
vt 0.046047 0.640672
vt 0.046047 0.640694
vt 0.046054 0.640752
vt 0.046048 0.640752
vt 0.046053 0.640694
vt 0.046047 0.640689
vt 0.046053 0.640689
vt 0.045706 0.640775
vt 0.045697 0.640775
vt 0.045706 0.640775
vt 0.045705 0.640770
vt 0.045693 0.640748
vt 0.045695 0.640690
vt 0.045702 0.640748
vt 0.045686 0.640690
vt 0.045694 0.640752
vt 0.045746 0.640437
vt 0.015936 0.641104
vt 0.015940 0.641050
vt 0.015940 0.641104
vt 0.015940 0.641123
vt 0.015937 0.641050
vt 0.015818 0.641186
vt 0.015813 0.641233
vt 0.015818 0.641240
vt 0.015813 0.641034
vt 0.015818 0.641027
vt 0.015856 0.641232
vt 0.015885 0.641248
vt 0.015856 0.641248
vt 0.015885 0.641232
vt 0.015878 0.641211
vt 0.015850 0.641211
vt 0.015878 0.641195
vt 0.015850 0.641195
vt 0.015863 0.641180
vt 0.015878 0.641180
vt 0.015808 0.641282
vt 0.015814 0.641309
vt 0.015808 0.641310
vt 0.015814 0.641281
vt 0.045847 0.640885
vt 0.045863 0.640885
vt 0.045621 0.640937
vt 0.045621 0.640983
vt 0.045621 0.641005
vt 0.045847 0.641093
vt 0.045869 0.641057
vt 0.045869 0.641093
vt 0.045847 0.641057
vt 0.015859 0.641311
vt 0.015850 0.641293
vt 0.015859 0.641293
vt 0.015761 0.641249
vt 0.015681 0.641159
vt 0.015687 0.641156
vt 0.015687 0.641159
vt 0.015680 0.641155
vt 0.015690 0.641156
vt 0.015690 0.641160
vt 0.045435 0.640736
vt 0.045441 0.640724
vt 0.045441 0.640737
vt 0.045435 0.640723
vt 0.045442 0.640656
vt 0.045440 0.640748
vt 0.045434 0.640746
vt 0.045545 0.640574
vt 0.045664 0.640569
vt 0.045416 0.640734
vt 0.045417 0.640745
vt 0.045712 0.641063
vt 0.045687 0.641048
vt 0.045713 0.641049
vt 0.045687 0.641110
vt 0.045686 0.641062
vt 0.045713 0.641110
vt 0.045517 0.641087
vt 0.045492 0.641101
vt 0.045518 0.641099
vt 0.045551 0.640988
vt 0.045538 0.640984
vt 0.045553 0.640984
vt 0.045760 0.641043
vt 0.045706 0.641043
vt 0.045692 0.641043
vt 0.045686 0.641037
vt 0.045492 0.641107
vt 0.045519 0.641104
vt 0.045687 0.641115
vt 0.045713 0.641116
vt 0.015923 0.641217
vt 0.015918 0.641242
vt 0.015918 0.641217
vt 0.015923 0.641242
vt 0.046019 0.640702
vt 0.015926 0.641242
vt 0.015926 0.641217
vt 0.015894 0.641073
vt 0.015894 0.641048
vt 0.045958 0.640552
vt 0.045957 0.640536
vt 0.015885 0.641073
vt 0.015891 0.641048
vt 0.015891 0.641073
vt 0.015885 0.641048
vt 0.015684 0.641260
vt 0.015684 0.641284
vt 0.015891 0.641275
vt 0.015691 0.641260
vt 0.015691 0.641284
vt 0.015687 0.641260
vt 0.015687 0.641284
vt 0.045443 0.640993
vt 0.045444 0.641009
vt 0.015838 0.641242
vt 0.015838 0.641217
vt 0.045825 0.640964
vt 0.046030 0.640963
vt 0.046038 0.640963
vt 0.045950 0.641080
vt 0.045960 0.641078
vt 0.045957 0.641084
vt 0.045952 0.641075
vt 0.045957 0.640473
vt 0.045950 0.640473
vt 0.045817 0.640901
vt 0.045824 0.640901
vt 0.045434 0.641072
vt 0.045426 0.641072
vt 0.045958 0.641044
vt 0.045948 0.641042
vt 0.045955 0.641038
vt 0.045951 0.641048
vt 0.015691 0.641036
vt 0.015691 0.641038
vt 0.015691 0.641032
vt 0.015689 0.641064
vt 0.015691 0.641064
vt 0.015672 0.641073
vt 0.015729 0.641203
vt 0.015729 0.641208
vt 0.015922 0.641284
vt 0.015923 0.641287
vt 0.015922 0.641284
vt 0.015923 0.641287
vt 0.015925 0.641289
vt 0.015925 0.641279
vt 0.015925 0.641279
vt 0.015818 0.641143
vt 0.015819 0.641143
vt 0.015729 0.641093
vt 0.015728 0.641119
vt 0.045613 0.641039
vt 0.045620 0.641040
vt 0.045613 0.641046
vt 0.045620 0.641033
vt 0.045613 0.641033
vt 0.045620 0.641005
vt 0.015930 0.641206
vt 0.015932 0.641210
vt 0.015929 0.641206
vt 0.015930 0.641202
vt 0.015931 0.641202
vt 0.015933 0.641210
vt 0.015933 0.641201
vt 0.015933 0.641201
vt 0.015925 0.641289
vt 0.015688 0.641072
vt 0.015691 0.641072
vt 0.015727 0.641166
vt 0.015724 0.641167
vt 0.015724 0.641176
vt 0.015728 0.641136
vt 0.015732 0.641160
vt 0.015728 0.641138
vt 0.015728 0.641125
vt 0.045436 0.640655
vt 0.045442 0.640640
vt 0.045531 0.640654
vt 0.045537 0.640669
vt 0.015688 0.641120
vt 0.015686 0.641125
vt 0.015679 0.641125
vt 0.015677 0.641120
vt 0.045417 0.640705
vt 0.045431 0.640668
vt 0.045431 0.640706
vt 0.045414 0.640667
vt 0.015688 0.641114
vt 0.045437 0.640606
vt 0.045437 0.640550
vt 0.045443 0.640606
vt 0.045443 0.640550
vt 0.045438 0.640534
vt 0.045444 0.640534
vt 0.015675 0.641100
vt 0.015687 0.641102
vt 0.015676 0.641102
vt 0.015688 0.641078
vt 0.015688 0.641100
vt 0.015673 0.641079
vt 0.045436 0.640639
vt 0.015727 0.641160
vt 0.045548 0.640772
vt 0.045535 0.640757
vt 0.045397 0.640536
vt 0.045399 0.640552
vt 0.045528 0.640757
vt 0.045535 0.640773
vt 0.045528 0.640773
vt 0.045529 0.640703
vt 0.045684 0.640771
vt 0.045537 0.640702
vt 0.045531 0.640698
vt 0.045537 0.640697
vt 0.045530 0.640669
vt 0.045532 0.640674
vt 0.045538 0.640673
vt 0.015676 0.641114
vt 0.015728 0.641127
vt 0.015677 0.641112
vt 0.015687 0.641112
vt 0.045439 0.640611
vt 0.045439 0.640635
vt 0.045433 0.640634
vt 0.045434 0.640611
vt 0.045674 0.640665
vt 0.045680 0.640666
vt 0.045673 0.640670
vt 0.045678 0.640671
vt 0.045969 0.640867
vt 0.045965 0.640866
vt 0.045969 0.640875
vt 0.045703 0.640752
vt 0.045696 0.640769
vt 0.015872 0.641301
vt 0.015868 0.641279
vt 0.015872 0.641279
vt 0.015868 0.641301
vt 0.045702 0.640633
vt 0.045695 0.640690
vt 0.045693 0.640633
vt 0.015793 0.641156
vt 0.015801 0.641134
vt 0.015804 0.641156
vt 0.015790 0.641134
vt 0.015818 0.641156
vt 0.015793 0.641158
vt 0.015818 0.641134
vt 0.015804 0.641111
vt 0.015801 0.641134
vt 0.015793 0.641111
vt 0.015818 0.641133
vt 0.015818 0.641111
vt 0.015889 0.641210
vt 0.015885 0.641203
vt 0.015885 0.641210
vt 0.045694 0.640628
vt 0.015912 0.641206
vt 0.015915 0.641202
vt 0.015915 0.641207
vt 0.015912 0.641202
vt 0.045453 0.641034
vt 0.045489 0.641021
vt 0.045489 0.641037
vt 0.045452 0.641018
vt 0.045981 0.640687
vt 0.045959 0.640671
vt 0.045981 0.640671
vt 0.045959 0.640687
vt 0.045952 0.640642
vt 0.045958 0.640641
vt 0.045953 0.640672
vt 0.045943 0.640838
vt 0.045963 0.640843
vt 0.045944 0.640842
vt 0.045965 0.640839
vt 0.045969 0.640844
vt 0.045966 0.640847
vt 0.045949 0.640826
vt 0.045964 0.640827
vt 0.015925 0.641253
vt 0.015918 0.641242
vt 0.015925 0.641242
vt 0.015918 0.641253
vt 0.046017 0.640839
vt 0.046025 0.640831
vt 0.046026 0.640836
vt 0.046020 0.640864
vt 0.046017 0.640868
vt 0.046020 0.640843
vt 0.045941 0.640643
vt 0.045953 0.640688
vt 0.045942 0.640673
vt 0.045942 0.640689
vt 0.046011 0.640408
vt 0.046020 0.640424
vt 0.046011 0.640424
vt 0.046020 0.640407
vt 0.046020 0.640454
vt 0.046011 0.640455
vt 0.045967 0.640862
vt 0.045970 0.640866
vt 0.045934 0.640866
vt 0.045937 0.640862
vt 0.045934 0.640847
vt 0.045937 0.640849
vt 0.015741 0.641285
vt 0.015733 0.641294
vt 0.015735 0.641285
vt 0.015741 0.641296
vt 0.015733 0.641286
vt 0.015736 0.641296
vt 0.015679 0.641296
vt 0.015676 0.641289
vt 0.015679 0.641289
vt 0.015676 0.641296
vt 0.015686 0.641296
vt 0.015686 0.641289
vt 0.015882 0.641299
vt 0.015876 0.641292
vt 0.015882 0.641292
vt 0.015874 0.641299
vt 0.015874 0.641292
vt 0.015876 0.641299
vt 0.015686 0.641292
vt 0.015691 0.641285
vt 0.015691 0.641292
vt 0.015686 0.641284
vt 0.045789 0.640828
vt 0.045770 0.640811
vt 0.045789 0.640811
vt 0.045770 0.640828
vt 0.045789 0.640705
vt 0.045768 0.640704
vt 0.045789 0.640690
vt 0.045767 0.640690
vt 0.015904 0.641066
vt 0.015915 0.641071
vt 0.015904 0.641071
vt 0.015915 0.641066
vt 0.046020 0.640518
vt 0.046011 0.640530
vt 0.046011 0.640518
vt 0.046020 0.640530
vt 0.046020 0.640509
vt 0.046011 0.640545
vt 0.045957 0.640579
vt 0.045951 0.640567
vt 0.045957 0.640567
vt 0.045951 0.640579
vt 0.045950 0.640553
vt 0.045956 0.640553
vt 0.015903 0.641089
vt 0.015894 0.641085
vt 0.015903 0.641085
vt 0.015894 0.641090
vt 0.045432 0.641100
vt 0.045445 0.641090
vt 0.045445 0.641100
vt 0.045432 0.641090
vt 0.045911 0.641080
vt 0.045926 0.641090
vt 0.045911 0.641091
vt 0.045907 0.641090
vt 0.045907 0.641080
vt 0.045926 0.641080
vt 0.045432 0.641082
vt 0.045414 0.641072
vt 0.045432 0.641072
vt 0.045414 0.641082
vt 0.045406 0.641072
vt 0.045406 0.641083
vt 0.046047 0.640993
vt 0.046036 0.640964
vt 0.046047 0.640963
vt 0.046036 0.640993
vt 0.015819 0.641139
vt 0.015827 0.641139
vt 0.015819 0.641144
vt 0.015827 0.641144
vt 0.046043 0.640509
vt 0.046020 0.640515
vt 0.046027 0.640509
vt 0.046025 0.640539
vt 0.046020 0.640536
vt 0.046043 0.640540
vt 0.046047 0.640873
vt 0.046043 0.640837
vt 0.046047 0.640831
vt 0.046043 0.640868
vt 0.046022 0.640871
vt 0.046025 0.640866
vt 0.046020 0.640545
vt 0.045981 0.640566
vt 0.045448 0.640913
vt 0.045489 0.640900
vt 0.045489 0.640914
vt 0.045447 0.640899
vt 0.045981 0.640552
vt 0.045983 0.640531
vt 0.045983 0.640545
vt 0.045989 0.641065
vt 0.045989 0.641084
vt 0.045982 0.641084
vt 0.045982 0.641065
vt 0.045982 0.641061
vt 0.045989 0.641061
vt 0.045677 0.641060
vt 0.045684 0.641053
vt 0.045684 0.641060
vt 0.045676 0.641053
vt 0.045677 0.641032
vt 0.045684 0.641032
vt 0.045989 0.641029
vt 0.045989 0.641061
vt 0.045982 0.641061
vt 0.045982 0.641029
vt 0.046003 0.640880
vt 0.045996 0.640863
vt 0.046003 0.640863
vt 0.045996 0.640880
vt 0.015903 0.641126
vt 0.015894 0.641114
vt 0.015903 0.641114
vt 0.015894 0.641126
vt 0.015894 0.641104
vt 0.015903 0.641104
vt 0.015693 0.641227
vt 0.015709 0.641222
vt 0.015709 0.641227
vt 0.015693 0.641222
vt 0.045768 0.640726
vt 0.045789 0.640717
vt 0.045789 0.640726
vt 0.045768 0.640717
vt 0.045449 0.640935
vt 0.045489 0.640927
vt 0.045489 0.640936
vt 0.045448 0.640926
vt 0.045981 0.640587
vt 0.045981 0.640578
vt 0.045957 0.640588
vt 0.045951 0.640588
vt 0.045958 0.640616
vt 0.045952 0.640617
vt 0.045928 0.640617
vt 0.045927 0.640589
vt 0.045984 0.640509
vt 0.045984 0.640518
vt 0.046011 0.640509
vt 0.046020 0.640480
vt 0.015694 0.641263
vt 0.015709 0.641252
vt 0.015709 0.641264
vt 0.015694 0.641251
vt 0.015709 0.641242
vt 0.045907 0.641051
vt 0.045931 0.641079
vt 0.045931 0.641051
vt 0.045919 0.641025
vt 0.045930 0.641025
vt 0.046011 0.640480
vt 0.015827 0.641159
vt 0.015819 0.641159
vt 0.015827 0.641148
vt 0.015819 0.641148
vt 0.046039 0.641013
vt 0.046055 0.641042
vt 0.046038 0.641043
vt 0.046055 0.641012
vt 0.046056 0.641068
vt 0.046038 0.641069
vt 0.046040 0.640997
vt 0.046055 0.640996
vt 0.045574 0.641078
vt 0.045599 0.641073
vt 0.045575 0.641096
vt 0.045599 0.641100
vt 0.046056 0.641097
vt 0.046037 0.641097
vt 0.015827 0.641169
vt 0.015820 0.641169
vt 0.045918 0.640995
vt 0.045929 0.640995
vt 0.015694 0.641241
vt 0.015709 0.641231
vt 0.015693 0.641230
vt 0.015894 0.641093
vt 0.015903 0.641093
vt 0.015827 0.641182
vt 0.015820 0.641181
vt 0.045918 0.640979
vt 0.045929 0.640979
vt 0.045987 0.640555
vt 0.046023 0.640568
vt 0.045986 0.640571
vt 0.046023 0.640552
vt 0.045988 0.640692
vt 0.045966 0.640707
vt 0.045966 0.640691
vt 0.045988 0.640708
vt 0.045959 0.640736
vt 0.045960 0.640706
vt 0.045960 0.640690
vt 0.045792 0.641070
vt 0.045814 0.641070
vt 0.045794 0.641074
vt 0.045823 0.641079
vt 0.045813 0.641074
vt 0.045808 0.641058
vt 0.045788 0.641076
vt 0.015773 0.641293
vt 0.015780 0.641281
vt 0.015780 0.641293
vt 0.015773 0.641281
vt 0.045624 0.641072
vt 0.045627 0.641065
vt 0.045629 0.641070
vt 0.045621 0.641097
vt 0.045621 0.641068
vt 0.045624 0.641093
vt 0.045631 0.641100
vt 0.045629 0.641105
vt 0.045948 0.640736
vt 0.045949 0.640706
vt 0.045949 0.640690
vt 0.045498 0.640900
vt 0.045489 0.640916
vt 0.045489 0.640899
vt 0.045498 0.640916
vt 0.045489 0.640946
vt 0.045791 0.641079
vt 0.045790 0.641094
vt 0.045787 0.641098
vt 0.045819 0.641094
vt 0.045819 0.641081
vt 0.045823 0.641098
vt 0.015668 0.641287
vt 0.015676 0.641296
vt 0.015670 0.641295
vt 0.015668 0.641294
vt 0.015676 0.641284
vt 0.015671 0.641284
vt 0.015661 0.641285
vt 0.015661 0.641292
vt 0.015658 0.641292
vt 0.015658 0.641284
vt 0.015668 0.641292
vt 0.015668 0.641285
vt 0.015760 0.641292
vt 0.015754 0.641292
vt 0.015760 0.641285
vt 0.015752 0.641285
vt 0.015754 0.641285
vt 0.015752 0.641292
vt 0.015934 0.641196
vt 0.015929 0.641189
vt 0.015934 0.641189
vt 0.015929 0.641196
vt 0.045770 0.640844
vt 0.045770 0.640828
vt 0.045789 0.640844
vt 0.045789 0.640951
vt 0.045789 0.640965
vt 0.045768 0.640951
vt 0.045767 0.640965
vt 0.015723 0.641260
vt 0.015712 0.641265
vt 0.015712 0.641260
vt 0.015723 0.641265
vt 0.045489 0.641010
vt 0.045498 0.641010
vt 0.045498 0.641023
vt 0.045489 0.641022
vt 0.045489 0.641001
vt 0.045498 0.641001
vt 0.045498 0.641037
vt 0.045489 0.641037
vt 0.045964 0.640799
vt 0.045958 0.640811
vt 0.045958 0.640799
vt 0.045964 0.640812
vt 0.045957 0.640826
vt 0.015906 0.641177
vt 0.015896 0.641182
vt 0.015896 0.641177
vt 0.015906 0.641182
vt 0.046060 0.640859
vt 0.046047 0.640849
vt 0.046060 0.640849
vt 0.046047 0.640859
vt 0.045604 0.641101
vt 0.045599 0.641091
vt 0.045604 0.641091
vt 0.045619 0.641091
vt 0.045599 0.641101
vt 0.045619 0.641101
vt 0.045386 0.641101
vt 0.045368 0.641101
vt 0.045386 0.641090
vt 0.045368 0.641090
vt 0.045360 0.641100
vt 0.045360 0.641090
vt 0.045669 0.641092
vt 0.045680 0.641063
vt 0.045680 0.641093
vt 0.045669 0.641063
vt 0.015819 0.641232
vt 0.015827 0.641237
vt 0.015819 0.641237
vt 0.015827 0.641232
vt 0.045528 0.641098
vt 0.045551 0.641104
vt 0.045534 0.641104
vt 0.045532 0.641074
vt 0.045551 0.641072
vt 0.045528 0.641077
vt 0.045647 0.641100
vt 0.045651 0.641063
vt 0.045651 0.641105
vt 0.045647 0.641068
vt 0.045963 0.640826
vt 0.045988 0.640812
vt 0.045988 0.640826
vt 0.045982 0.640675
vt 0.046023 0.640689
vt 0.045981 0.640689
vt 0.046023 0.640675
vt 0.045526 0.641023
vt 0.045526 0.641037
vt 0.046036 0.641102
vt 0.046028 0.641083
vt 0.046036 0.641083
vt 0.046028 0.641106
vt 0.046028 0.641102
vt 0.046036 0.641106
vt 0.045519 0.641037
vt 0.045526 0.641044
vt 0.045519 0.641044
vt 0.045527 0.641037
vt 0.045519 0.641065
vt 0.045527 0.641065
vt 0.045684 0.641032
vt 0.045684 0.641001
vt 0.045676 0.641032
vt 0.045988 0.640880
vt 0.045988 0.640863
vt 0.015906 0.641141
vt 0.015897 0.641152
vt 0.015897 0.641140
vt 0.015906 0.641152
vt 0.015897 0.641162
vt 0.015904 0.641123
vt 0.015920 0.641128
vt 0.015904 0.641128
vt 0.015920 0.641123
vt 0.045768 0.640929
vt 0.045789 0.640938
vt 0.045768 0.640938
vt 0.045789 0.640929
vt 0.046023 0.640662
vt 0.045983 0.640654
vt 0.046023 0.640653
vt 0.045982 0.640663
vt 0.045988 0.640800
vt 0.045988 0.640791
vt 0.045964 0.640790
vt 0.045958 0.640790
vt 0.045965 0.640762
vt 0.045525 0.641010
vt 0.045525 0.641001
vt 0.015905 0.641087
vt 0.015920 0.641085
vt 0.015920 0.641098
vt 0.015905 0.641098
vt 0.015920 0.641108
vt 0.015904 0.641108
vt 0.045965 0.640737
vt 0.045959 0.640762
vt 0.045760 0.641002
vt 0.045784 0.640973
vt 0.045784 0.641002
vt 0.045760 0.640973
vt 0.045772 0.641027
vt 0.045498 0.640947
vt 0.045489 0.640972
vt 0.015827 0.641217
vt 0.015827 0.641228
vt 0.015819 0.641217
vt 0.015819 0.641228
vt 0.046022 0.640491
vt 0.046038 0.640462
vt 0.046038 0.640493
vt 0.046021 0.640461
vt 0.046023 0.640507
vt 0.046039 0.640436
vt 0.045761 0.641078
vt 0.045785 0.641101
vt 0.045760 0.641096
vt 0.045785 0.641074
vt 0.045935 0.640761
vt 0.045934 0.640789
vt 0.046021 0.640436
vt 0.046039 0.640408
vt 0.046020 0.640407
vt 0.015827 0.641207
vt 0.015820 0.641207
vt 0.045498 0.640972
vt 0.045783 0.641027
vt 0.015920 0.641119
vt 0.015904 0.641119
vt 0.015906 0.641162
vt 0.015897 0.641173
vt 0.015906 0.641174
vt 0.045772 0.641058
vt 0.045782 0.641058
vt 0.015827 0.641194
vt 0.015820 0.641195
vt 0.046038 0.640509
vt 0.045771 0.641074
vt 0.045782 0.641074
vt 0.045793 0.641059
vt 0.077959 0.641369
vt 0.077955 0.641379
vt 0.077955 0.641369
vt 0.077960 0.641379
vt 0.077954 0.641355
vt 0.077958 0.641355
vt 0.077939 0.641379
vt 0.077939 0.641369
vt 0.015784 0.641241
vt 0.015782 0.641246
vt 0.015781 0.641241
vt 0.015784 0.641247
vt 0.015782 0.641233
vt 0.015782 0.641250
vt 0.015784 0.641250
vt 0.015783 0.641256
vt 0.077926 0.641313
vt 0.077925 0.641334
vt 0.077923 0.641314
vt 0.077923 0.641301
vt 0.077927 0.641301
vt 0.077939 0.641313
vt 0.077939 0.641333
vt 0.077939 0.641355
vt 0.077923 0.641355
vt 0.077921 0.641334
vt 0.077919 0.641355
vt 0.077953 0.641334
vt 0.077956 0.641334
vt 0.077954 0.641301
vt 0.077951 0.641313
vt 0.077951 0.641301
vt 0.077955 0.641314
vt 0.077954 0.641293
vt 0.077939 0.641300
vt 0.015909 0.641166
vt 0.015908 0.641171
vt 0.015908 0.641167
vt 0.015910 0.641163
vt 0.015911 0.641163
vt 0.015907 0.641172
vt 0.015908 0.641180
vt 0.015906 0.641180
vt 0.077951 0.641293
vt 0.077939 0.641292
vt 0.015764 0.641256
vt 0.015764 0.641250
vt 0.015765 0.641250
vt 0.015761 0.641255
vt 0.015763 0.641247
vt 0.015766 0.641246
vt 0.015917 0.641160
vt 0.015917 0.641166
vt 0.015917 0.641179
vt 0.015917 0.641158
vt 0.078325 0.640834
vt 0.078343 0.640821
vt 0.078343 0.640835
vt 0.078324 0.640821
vt 0.078325 0.640837
vt 0.078343 0.640839
vt 0.015781 0.641233
vt 0.078302 0.641248
vt 0.078287 0.641245
vt 0.078282 0.641237
vt 0.078302 0.641257
vt 0.015917 0.641199
vt 0.015909 0.641194
vt 0.015917 0.641191
vt 0.015908 0.641189
vt 0.015926 0.641036
vt 0.015933 0.641037
vt 0.015927 0.641037
vt 0.015933 0.641038
vt 0.078273 0.641225
vt 0.078257 0.641223
vt 0.078273 0.641220
vt 0.078256 0.641228
vt 0.078273 0.641245
vt 0.078256 0.641244
vt 0.077923 0.641369
vt 0.077922 0.641379
vt 0.077919 0.641369
vt 0.077918 0.641379
vt 0.015764 0.641241
vt 0.015766 0.641241
vt 0.015765 0.641233
vt 0.015767 0.641233
vt 0.015909 0.641241
vt 0.015910 0.641247
vt 0.015908 0.641246
vt 0.015911 0.641249
vt 0.015907 0.641241
vt 0.015908 0.641233
vt 0.015911 0.641249
vt 0.077923 0.641293
vt 0.077926 0.641293
vt 0.015918 0.641246
vt 0.015918 0.641252
vt 0.015917 0.641254
vt 0.015918 0.641214
vt 0.015918 0.641221
vt 0.015910 0.641218
vt 0.015909 0.641224
vt 0.015918 0.641234
vt 0.015933 0.641023
vt 0.015927 0.641023
vt 0.015933 0.641022
vt 0.015926 0.641024
vt 0.015907 0.641233
vt 0.078288 0.641291
vt 0.078304 0.641278
vt 0.078303 0.641287
vt 0.078284 0.641298
vt 0.078325 0.640806
vt 0.078343 0.640808
vt 0.078325 0.640809
vt 0.078343 0.640804
vt 0.078256 0.641265
vt 0.078272 0.641264
vt 0.078272 0.641269
vt 0.078256 0.641261
vt 0.015787 0.641255
s 1
usemtl Atlas
f 1/1/1 2/2/2 3/3/3
f 1/1/1 4/4/4 2/2/2
f 4/4/4 5/5/5 6/6/6
f 4/4/4 6/6/6 2/2/2
f 7/7/7 8/8/8 9/9/9
f 7/7/7 9/9/9 10/10/10
f 7/7/7 10/10/10 11/11/11
s 0
f 12/12/12 13/13/12 14/14/12
f 13/13/12 12/12/12 15/15/12
s 1
f 16/16/13 17/17/14 18/18/14
f 17/17/14 16/16/13 19/19/13
s 0
f 20/20/15 21/21/15 22/22/15
f 22/22/15 23/23/15 20/20/15
f 24/24/15 22/22/15 21/21/15
s 1
f 25/25/16 26/26/17 27/27/18
f 26/26/17 25/25/16 28/28/16
s 0
f 29/29/12 30/30/12 31/31/12
f 30/30/12 29/29/12 32/32/12
s 1
f 33/33/19 34/34/20 35/35/19
f 34/34/20 33/33/19 36/36/21
s 0
f 37/37/22 38/38/22 39/39/22
s 1
f 39/39/22 38/38/22 40/40/22
s 0
f 41/41/12 42/42/12 43/43/12
f 41/41/12 44/44/12 45/45/12
f 42/42/12 41/41/12 46/46/12
f 42/42/12 47/47/12 48/48/12
s 1
f 49/49/23 50/50/24 51/51/24
f 50/50/24 49/49/23 52/52/25
f 52/52/25 49/49/23 53/53/26
s 0
f 54/54/15 55/55/15 56/56/15
f 54/54/15 56/56/15 57/57/15
f 54/54/15 58/58/15 55/55/15
f 58/58/15 54/54/15 59/59/15
f 59/59/15 60/60/15 61/61/15
s 1
f 62/62/27 63/63/28 64/64/29
f 63/63/28 62/62/27 65/65/30
s 0
f 48/48/12 47/47/12 66/66/12
f 47/47/12 42/42/12 46/46/12
f 66/66/12 47/47/12 67/67/12
f 68/68/15 69/69/15 70/70/15
f 68/68/15 71/71/15 72/72/15
f 71/71/15 60/60/15 72/72/15
f 72/72/15 69/69/15 68/68/15
s 1
f 73/73/31 74/74/32 75/75/31
f 74/74/32 73/73/31 76/76/32
s 0
f 23/23/15 22/22/15 77/77/15
f 77/77/15 78/78/15 23/23/15
s 1
f 79/79/33 80/80/34 81/81/35
f 79/79/33 82/82/36 80/80/34
f 82/82/36 83/83/37 80/80/34
f 82/82/36 84/84/38 83/83/37
s 0
f 85/75/39 86/85/39 87/86/39
f 86/85/40 85/75/40 88/74/40
s 1
f 89/87/41 90/88/42 91/89/43
f 89/87/41 92/90/44 93/91/45
f 92/90/44 89/87/41 91/89/43
f 94/92/46 95/93/47 96/94/46
f 94/92/46 97/95/48 98/96/49
f 97/95/48 99/97/50 100/98/51
f 97/95/48 94/92/46 96/94/46
f 101/99/52 7/7/7 11/11/11
s 0
f 102/100/53 103/101/53 104/102/53
s 1
f 102/100/53 104/102/53 105/103/54
f 105/103/54 106/104/54 107/105/55
f 105/103/54 104/102/53 106/104/54
f 106/104/54 108/106/53 109/107/54
f 106/104/54 104/102/53 108/106/53
f 106/104/54 110/108/55 107/105/55
f 111/109/56 112/110/57 113/111/58
f 111/109/56 114/112/59 115/113/60
f 114/112/59 116/114/61 117/115/61
f 115/113/60 118/116/62 111/109/56
f 119/117/63 120/118/64 121/119/65
f 120/118/64 119/117/63 122/120/66
f 123/121/67 124/122/68 125/123/69
f 124/122/68 123/121/67 126/124/70
f 125/123/69 124/122/68 127/125/71
f 128/126/72 129/127/73 130/128/74
f 129/127/73 128/126/72 131/129/75
f 130/128/74 132/130/76 128/126/72
f 131/129/75 133/131/77 129/127/73
f 131/129/75 134/132/78 135/133/79
f 134/132/78 131/129/75 128/126/72
f 134/132/78 128/126/72 132/130/76
f 135/133/79 136/134/80 131/129/75
f 137/135/81 138/136/82 139/137/83
f 138/136/82 140/138/84 139/137/83
f 139/137/83 141/139/85 137/135/81
f 142/140/86 143/141/87 144/142/88
f 142/140/86 145/143/89 146/144/90
f 145/143/89 142/140/86 147/145/91
f 146/144/90 148/146/92 149/147/93
f 143/141/87 150/148/94 151/149/95
f 143/141/87 142/140/86 146/144/90
f 150/148/94 143/141/87 146/144/90
f 150/148/94 149/147/93 152/150/96
f 150/148/94 146/144/90 149/147/93
f 153/151/88 154/152/97 138/136/82
f 154/152/97 153/151/88 155/153/98
f 155/153/98 156/154/87 157/155/99
f 155/153/98 157/155/99 158/156/100
s 0
f 159/157/101 160/158/101 161/159/101
f 160/158/102 159/157/101 162/160/101
s 1
f 161/159/103 163/161/104 164/162/104
f 165/163/105 166/164/103 167/165/105
f 166/164/103 168/166/103 167/165/105
f 169/167/106 170/168/79 171/169/107
f 170/168/79 169/167/106 172/170/108
f 171/169/107 173/171/109 174/172/110
f 171/169/107 174/172/110 169/167/106
f 172/170/108 175/173/111 170/168/79
f 176/174/112 177/175/113 178/176/114
f 177/175/113 176/174/112 179/177/114
s 0
f 180/178/115 181/179/115 182/180/115
f 181/179/115 180/178/115 183/181/115
s 1
f 184/182/116 185/183/117 186/184/116
f 185/183/117 184/182/116 187/185/118
f 187/185/118 188/186/119 185/183/117
f 163/161/104 161/159/103 160/158/120
f 189/187/121 190/188/122 191/189/123
f 190/188/122 189/187/121 192/190/124
f 191/189/123 193/191/125 194/192/126
f 191/189/123 194/192/126 189/187/121
f 192/190/124 4/4/4 1/1/1
f 192/190/124 189/187/121 4/4/4
s 0
f 195/193/127 196/194/127 197/195/127
s 1
f 197/195/127 198/100/127 199/196/128
s 0
f 197/195/127 196/194/127 198/100/127
s 1
f 200/197/129 201/198/130 202/199/131
f 201/198/130 200/197/129 203/200/132
s 0
f 204/201/133 205/202/133 206/203/133
f 205/202/133 204/201/133 207/204/133
s 1
f 208/205/134 209/206/134 210/207/134
s 0
f 209/206/134 211/208/134 210/207/134
f 209/206/134 208/205/134 212/209/134
f 210/207/134 211/208/134 213/210/134
f 212/209/134 214/211/134 215/212/134
s 1
f 216/213/135 217/214/135 218/215/135
f 217/214/135 216/213/135 219/216/135
f 220/217/136 221/218/137 222/219/136
f 221/218/137 220/217/136 223/220/138
s 0
f 224/221/12 225/222/12 226/223/12
f 225/222/12 224/221/12 227/224/12
s 1
f 228/214/139 229/225/139 230/215/139
f 230/215/139 229/225/139 231/226/140
f 232/227/141 233/228/141 234/229/141
f 234/229/141 233/228/141 235/230/141
f 236/231/142 237/232/143 238/233/143
f 238/233/143 239/234/142 236/231/142
s 0
f 240/235/15 241/236/15 242/237/15
f 241/236/15 240/235/15 243/238/15
f 243/238/15 244/239/15 245/240/15
s 1
f 246/241/144 247/242/145 248/216/145
f 247/242/145 246/241/144 249/243/145
s 0
f 250/244/15 241/236/15 70/70/15
f 250/244/15 70/70/15 69/69/15
f 250/244/15 242/237/15 241/236/15
f 251/245/12 252/246/12 253/247/12
f 252/246/12 251/245/12 254/248/12
f 254/248/12 255/249/12 256/250/12
s 1
f 257/251/146 258/252/147 259/253/148
f 258/252/147 260/254/149 259/253/148
f 260/254/149 261/255/150 262/256/151
s 0
f 44/44/12 41/41/12 43/43/12
f 45/45/12 263/257/12 264/258/12
f 263/257/12 45/45/12 44/44/12
s 1
f 265/259/152 266/260/153 267/261/153
f 266/260/153 265/259/152 268/262/154
f 269/263/155 270/264/155 271/265/155
f 270/264/155 272/266/155 271/265/155
f 273/267/156 274/268/157 275/269/158
f 275/269/158 276/270/156 273/267/156
s 0
f 277/86/159 278/271/159 279/272/159
f 278/271/160 277/86/160 280/85/160
f 78/78/15 77/77/15 281/273/15
s 1
f 282/31/161 283/12/161 284/14/161
f 283/12/161 282/31/161 285/30/161
s 0
f 286/274/53 287/275/53 288/276/53
s 1
f 288/276/53 289/277/53 290/278/54
s 0
f 288/276/53 287/275/53 289/277/53
s 1
f 291/279/162 292/280/163 293/281/164
f 292/280/163 291/279/162 294/282/165
f 292/280/163 295/283/166 293/281/164
f 294/282/165 296/199/167 297/198/168
f 298/284/169 299/285/170 300/286/171
f 299/285/170 301/287/172 300/286/171
f 299/285/170 298/284/169 302/288/173
f 302/288/173 303/289/174 299/285/170
f 302/288/173 304/290/175 305/291/176
f 306/292/177 307/293/7 308/294/178
f 307/293/7 306/292/177 309/295/179
f 308/294/178 310/296/180 306/292/177
f 308/294/178 307/293/7 311/297/52
f 312/298/181 313/11/181 314/299/181
s 0
f 313/11/181 312/298/181 315/99/181
s 1
f 316/300/182 317/301/183 318/302/184
f 316/300/182 319/303/181 320/304/181
f 317/301/183 316/300/182 321/305/185
f 322/306/186 323/307/187 324/308/188
f 323/307/187 325/309/189 324/308/188
f 323/307/187 326/310/190 325/309/189
f 323/307/187 322/306/186 327/311/191
f 324/308/188 325/309/189 328/312/192
f 329/313/193 330/314/194 331/315/195
f 330/314/194 329/313/193 332/316/194
f 331/315/195 333/317/196 329/313/193
f 332/316/194 334/318/197 330/314/194
f 335/8/198 336/319/199 337/9/199
f 336/319/199 335/8/198 338/320/198
f 339/321/200 340/300/201 341/302/202
f 340/300/201 339/321/200 342/303/203
f 341/302/202 310/296/180 339/321/200
f 343/322/181 344/297/181 345/323/181
s 0
f 344/297/181 343/322/181 346/324/181
f 347/325/15 348/326/15 349/327/15
f 347/325/15 350/328/15 348/326/15
f 350/328/15 351/329/15 348/326/15
f 350/328/15 347/325/15 352/330/15
f 351/329/15 350/328/15 353/331/15
s 1
f 354/119/204 355/332/205 356/117/205
f 355/332/205 354/119/204 357/333/206
f 358/334/207 359/335/208 360/336/207
f 359/335/208 358/334/207 361/337/129
f 362/336/209 363/338/162 364/339/210
f 363/338/162 362/336/209 365/335/211
f 364/339/210 366/340/164 367/341/212
f 368/342/213 369/343/214 370/344/215
f 368/342/213 371/345/216 372/346/217
f 371/345/216 368/342/213 373/347/218
f 374/51/219 375/348/220 376/349/219
s 0
f 375/348/219 374/51/219 377/50/221
s 1
f 378/350/222 379/351/223 380/352/222
s 0
f 379/351/223 378/350/224 381/353/223
s 1
f 382/220/225 383/229/225 384/218/225
f 383/229/225 382/220/225 385/227/225
f 386/354/226 387/216/227 388/213/226
f 387/216/227 386/354/226 389/241/227
s 0
f 214/211/134 212/209/134 208/205/134
f 60/60/15 71/71/15 61/61/15
f 60/60/15 59/59/15 54/54/15
f 255/249/12 254/248/12 251/245/12
f 390/355/228 391/356/228 392/357/228
f 392/357/229 391/356/229 393/358/229
s 1
f 394/359/230 395/360/230 396/361/230
f 395/360/230 394/359/230 397/362/230
f 398/363/231 399/364/158 400/365/232
f 399/364/158 398/363/231 401/366/231
f 402/367/233 403/368/233 404/369/233
f 405/370/233 404/369/233 403/368/233
f 406/371/152 407/372/234 408/251/235
f 408/251/235 409/253/236 406/371/152
f 261/255/150 260/254/149 258/252/147
f 261/255/150 410/373/237 262/256/151
f 410/373/237 411/374/238 262/256/151
f 412/375/239 413/365/240 414/376/241
f 413/365/240 412/375/239 415/363/242
f 414/376/241 416/377/243 412/375/239
f 417/378/244 418/379/244 419/380/143
f 418/379/244 420/381/143 419/380/143
f 421/382/245 422/383/246 423/384/246
f 422/383/246 421/382/245 424/385/247
f 422/383/246 425/386/248 423/384/246
f 424/385/247 426/387/249 427/388/250
f 426/387/249 428/389/251 427/388/250
f 426/387/249 424/385/247 421/382/245
s 0
f 429/390/251 430/391/251 431/392/251
s 1
f 430/391/251 429/390/251 432/393/251
s 0
f 431/392/251 433/394/251 429/390/251
s 1
f 188/186/119 187/185/118 425/386/248
f 425/386/248 422/383/246 188/186/119
f 156/154/87 155/153/98 153/151/88
f 156/154/87 434/395/252 157/155/99
f 158/156/100 435/396/253 436/397/254
f 158/156/100 157/155/99 434/395/252
f 437/398/254 438/399/255 439/400/254
f 438/399/255 437/398/254 440/401/256
f 440/401/256 441/402/254 442/403/96
f 127/125/71 443/404/257 125/123/69
f 173/171/109 125/123/69 443/404/257
f 173/171/109 443/404/257 174/172/110
s 0
f 444/405/115 445/406/115 446/407/115
f 445/406/258 447/408/259 448/409/258
f 446/407/115 445/406/260 448/409/260
s 1
f 140/138/84 138/136/82 154/152/97
f 449/410/261 147/145/91 144/142/88
f 449/410/261 450/411/82 451/412/262
f 450/411/82 449/410/261 144/142/88
f 144/142/88 147/145/91 142/140/86
f 452/413/263 453/414/264 132/130/76
f 453/414/264 452/413/263 454/415/265
f 132/130/76 130/128/74 452/413/263
f 455/416/266 456/417/267 457/418/266
f 457/418/266 456/417/267 458/419/268
s 0
f 459/420/269 460/421/269 461/422/269
f 460/421/270 459/420/270 462/423/270
s 1
f 463/420/271 464/424/272 465/423/271
f 464/424/272 463/420/271 466/425/273
f 467/418/274 468/17/274 469/19/274
f 468/17/274 467/418/274 470/419/274
f 471/426/32 472/424/275 473/425/32
f 472/424/275 471/426/32 474/427/275
f 475/428/21 476/429/276 477/430/277
f 476/429/276 475/428/21 478/431/278
f 479/432/279 480/81/13 481/433/13
f 480/81/13 479/432/279 482/79/279
f 483/434/54 484/435/280 485/436/280
f 484/435/280 486/437/54 487/438/54
f 486/437/54 484/435/280 483/434/54
s 0
f 488/439/281 489/440/281 490/441/281
f 490/441/281 489/440/281 491/442/281
f 492/443/11 493/444/11 494/445/11
f 493/444/11 492/443/11 495/446/11
f 496/447/11 497/448/11 498/449/11
s 1
f 499/450/282 500/451/283 501/452/282
f 501/452/282 500/451/283 502/453/283
f 501/452/282 502/453/283 503/454/283
f 504/455/206 505/456/284 506/457/285
f 505/456/284 504/455/206 507/458/286
f 508/458/287 509/459/288 510/456/289
f 509/459/288 508/458/287 511/460/64
f 512/461/218 513/462/213 514/463/290
f 512/461/218 514/463/290 515/464/291
f 514/463/290 516/465/215 517/466/292
f 518/467/293 519/468/294 520/469/295
f 519/468/294 518/467/293 521/470/296
f 520/469/295 522/471/297 523/472/298
f 333/317/196 331/315/195 524/473/132
f 525/474/289 521/470/296 526/475/288
f 526/475/288 521/470/296 518/467/293
f 527/473/299 528/476/300 529/477/301
f 528/476/300 527/473/299 530/315/302
f 529/477/301 531/478/163 532/479/303
f 533/480/304 534/481/292 535/482/305
f 533/480/304 535/482/305 536/483/291
f 536/483/291 535/482/305 537/484/306
f 538/485/285 539/467/307 540/486/308
f 538/485/285 541/475/284 539/467/307
f 542/487/306 543/488/309 544/489/310
f 542/487/306 545/490/305 543/488/309
f 543/488/309 546/491/311 544/489/310
f 543/488/309 547/492/312 548/493/313
f 549/494/314 550/495/315 551/496/315
f 549/494/314 552/497/316 553/498/317
f 550/495/315 549/494/314 553/498/317
s 0
f 554/499/318 555/500/319 556/501/319
f 555/500/320 554/499/320 557/502/320
s 1
f 557/502/321 558/503/322 559/504/323
f 100/98/51 98/96/49 97/95/48
f 560/505/324 113/111/58 112/110/57
f 560/505/324 100/98/51 99/97/50
f 560/505/324 99/97/50 561/506/325
f 113/111/58 560/505/324 561/506/325
f 112/110/57 111/109/56 118/116/62
f 562/507/326 563/508/327 564/509/328
f 562/507/326 564/509/328 565/510/328
f 562/507/326 566/511/329 563/508/327
f 563/508/327 567/512/330 568/513/331
f 564/509/328 563/508/327 569/514/332
f 569/514/332 570/515/333 571/516/333
f 570/515/333 569/514/332 563/508/327
f 570/515/333 563/508/327 568/513/331
f 571/516/333 570/515/333 572/517/333
s 0
f 573/501/334 574/518/334 575/519/334
f 574/518/334 573/501/334 576/500/334
s 1
f 577/520/316 552/497/316 549/494/314
f 578/521/335 579/522/336 580/523/335
f 578/521/335 581/524/337 579/522/336
f 578/521/335 582/525/338 583/526/339
s 0
f 584/496/340 585/527/340 586/528/340
f 585/527/340 584/496/340 587/495/340
s 1
f 588/529/341 589/530/342 590/531/341
f 589/530/342 588/529/341 591/532/343
s 0
f 592/533/15 58/58/15 593/534/15
f 592/533/15 245/240/15 244/239/15
f 592/533/15 55/55/15 58/58/15
s 1
f 594/262/344 595/535/345 596/260/346
f 595/535/345 594/262/344 597/536/345
f 598/537/347 599/40/348 600/538/347
f 599/40/348 598/537/347 601/39/348
f 602/539/349 603/358/350 604/540/351
f 603/358/350 602/539/349 605/357/350
f 606/541/352 607/542/353 608/543/352
f 607/542/353 606/541/352 609/544/354
f 610/545/355 611/546/356 612/268/357
f 612/268/357 613/267/357 610/545/355
s 0
f 614/547/12 252/246/12 615/548/12
f 614/547/12 253/247/12 252/246/12
s 1
f 616/549/358 617/550/359 618/551/360
f 618/551/360 619/552/361 616/549/358
f 620/553/362 621/554/243 622/555/363
f 621/554/243 620/553/362 416/377/243
f 416/377/243 414/376/241 621/554/243
f 623/556/364 624/353/365 625/350/365
f 624/353/365 623/556/364 626/557/366
f 627/219/367 628/558/29 53/53/26
f 628/558/29 627/219/367 629/218/27
f 628/558/29 630/559/28 631/560/366
f 53/53/26 628/558/29 52/52/25
f 632/243/368 633/540/368 634/242/368
f 633/540/368 632/243/368 635/539/368
f 636/254/345 637/561/341 638/562/345
f 637/561/341 636/254/345 639/256/341
s 0
f 640/563/12 641/564/12 642/565/12
f 641/564/12 640/563/12 643/566/12
f 245/240/15 592/533/15 593/534/15
f 244/239/15 243/238/15 240/235/15
s 1
f 644/242/353 645/567/347 646/568/354
f 645/567/347 644/242/353 647/540/347
f 631/560/366 648/52/366 628/558/29
f 649/376/356 650/569/369 651/554/360
f 650/569/369 649/376/356 652/570/355
s 0
f 653/571/12 654/572/12 655/573/12
f 654/572/12 656/574/12 655/573/12
s 1
f 657/575/370 658/295/198 659/292/371
f 658/295/198 657/575/370 660/576/198
f 659/292/371 661/577/372 657/575/370
f 311/297/52 662/324/373 308/294/178
f 663/578/374 664/296/375 665/579/376
f 664/296/375 663/578/374 661/577/372
f 665/579/376 666/580/377 663/578/374
f 661/577/372 659/292/371 664/296/375
f 667/579/378 668/581/379 669/582/380
f 667/579/378 310/296/180 341/302/202
f 310/296/180 308/294/178 339/321/200
f 320/304/181 321/305/185 316/300/182
s 0
f 670/583/53 108/106/53 671/584/53
s 1
f 108/106/53 672/585/53 109/107/54
s 0
f 108/106/53 670/583/53 672/585/53
s 1
f 673/586/381 674/587/382 675/588/383
f 673/586/381 676/589/384 677/590/384
f 674/587/382 673/586/381 678/591/385
f 675/588/383 679/592/386 680/593/386
f 677/590/384 678/591/385 673/586/381
f 109/107/54 681/594/54 682/595/55
f 109/107/54 672/585/53 681/594/54
s 0
f 683/194/53 103/101/53 102/100/53
f 684/596/54 685/597/54 686/598/54
f 685/597/54 684/596/54 687/599/54
s 1
f 558/503/322 557/502/321 554/499/387
f 558/503/322 688/600/388 559/504/323
f 531/478/163 529/477/301 528/476/300
f 531/478/163 689/601/389 532/479/303
f 366/340/164 364/339/210 363/338/162
f 366/340/164 690/602/166 691/603/390
f 367/341/212 366/340/164 691/603/390
f 304/290/175 302/288/173 298/284/169
f 305/291/176 692/604/391 302/288/173
f 296/199/167 294/282/165 291/279/162
f 290/278/54 693/605/54 694/606/55
f 290/278/54 289/277/53 693/605/54
f 199/196/128 695/103/128 696/607/392
f 199/196/128 198/100/127 695/103/128
f 117/115/61 697/608/393 698/609/394
f 117/115/61 115/113/60 114/112/59
s 0
f 699/610/181 700/611/181 701/612/181
s 1
f 699/610/181 701/612/181 702/613/181
f 703/614/395 704/612/396 705/611/397
f 704/612/396 703/614/395 706/615/398
s 0
f 707/616/53 708/617/53 709/618/53
f 707/616/53 709/618/53 710/619/53
s 1
f 711/620/399 712/621/400 713/622/401
f 712/621/400 714/623/402 715/624/403
f 712/621/400 711/620/399 716/625/399
f 715/624/403 713/622/401 712/621/400
f 717/626/404 715/624/403 714/623/402
f 717/626/404 714/623/402 718/627/404
f 719/628/405 720/629/405 721/630/405
s 0
f 720/629/405 719/628/405 722/631/405
s 1
f 679/592/386 675/588/383 674/587/382
f 666/580/377 665/579/376 723/582/406
f 724/632/407 725/195/408 726/633/409
f 725/195/408 724/632/407 727/193/410
f 726/633/409 728/196/411 729/634/412
f 692/604/391 305/291/176 730/635/413
f 692/604/391 731/636/414 303/289/174
f 731/636/414 732/637/415 303/289/174
f 731/636/414 692/604/391 733/638/416
f 303/289/174 734/639/417 299/285/170
f 303/289/174 302/288/173 692/604/391
f 733/638/416 730/635/413 735/640/418
f 736/641/419 737/193/420 738/632/421
f 737/193/420 736/641/419 739/188/422
f 740/642/423 741/643/424 742/644/425
f 740/642/423 743/645/426 744/646/427
f 741/643/424 740/642/423 745/647/428
f 741/643/424 746/648/429 742/644/425
f 745/647/428 744/646/427 747/649/430
f 728/196/411 748/650/431 729/634/412
f 728/196/411 726/633/409 725/195/408
f 730/635/413 733/638/416 692/604/391
f 546/491/311 548/493/313 749/651/432
f 546/491/311 750/652/433 544/489/310
f 750/652/433 751/653/434 752/654/435
f 750/652/433 546/491/311 751/653/434
f 522/471/297 520/469/295 519/468/294
f 523/472/298 753/655/436 754/656/437
f 334/318/197 332/316/194 755/657/438
f 755/657/438 756/658/439 334/318/197
f 326/310/190 757/659/440 758/660/441
f 326/310/190 759/661/442 757/659/440
f 325/309/189 326/310/190 758/660/441
f 760/662/192 761/663/441 762/664/443
f 761/663/441 760/662/192 763/665/444
f 328/312/192 759/661/442 324/308/188
f 759/661/442 764/666/445 765/667/445
f 759/661/442 328/312/192 757/659/440
f 766/668/446 767/669/447 768/670/448
f 767/669/447 766/668/446 769/671/449
f 769/671/449 770/672/406 767/669/447
f 771/673/450 772/674/451 773/675/452
f 771/673/450 774/676/453 775/677/454
f 772/674/451 771/673/450 775/677/454
f 668/581/379 667/579/378 341/302/202
f 753/655/436 523/472/298 522/471/297
f 744/646/427 745/647/428 740/642/423
f 776/678/428 777/679/412 778/680/424
f 777/679/412 779/681/455 778/680/424
f 777/679/412 776/678/428 780/682/456
f 780/682/456 781/683/430 782/684/457
f 783/669/451 784/685/379 785/686/452
f 784/685/379 783/669/451 786/672/380
f 787/687/458 788/684/421 789/683/459
f 788/684/421 787/687/458 790/688/460
f 789/683/459 791/689/461 787/687/458
f 770/672/406 769/671/449 792/690/377
f 793/691/462 794/692/463 795/693/464
f 793/691/462 796/694/465 794/692/463
f 796/694/465 797/695/466 794/692/463
f 781/683/430 780/682/456 776/678/428
f 798/696/467 191/189/123 190/188/122
f 798/696/467 799/697/468 191/189/123
f 751/653/434 749/651/432 800/698/469
f 791/689/461 789/683/459 801/699/470
f 801/699/470 802/700/471 791/689/461
f 756/658/439 755/657/438 803/701/472
f 804/702/473 805/703/474 806/704/475
f 805/703/474 804/702/473 802/700/471
f 802/700/471 801/699/470 805/703/474
f 764/666/445 759/661/442 326/310/190
f 743/645/426 740/642/423 807/705/476
f 807/705/476 808/706/477 743/645/426
f 809/667/478 810/666/478 811/707/479
f 809/667/478 811/707/479 812/708/480
f 811/707/479 774/676/453 812/708/480
f 812/708/480 774/676/453 813/709/481
f 814/706/482 815/638/483 816/640/482
s 0
f 815/638/484 814/706/484 817/710/484
s 1
f 815/638/485 818/711/486 819/636/487
f 820/712/488 746/648/429 821/713/489
f 820/712/488 822/714/490 823/711/491
f 820/712/488 807/705/476 740/642/423
f 820/712/488 824/710/492 807/705/476
f 820/712/488 740/642/423 742/644/425
f 825/702/493 826/658/493 827/701/493
f 826/658/493 825/702/493 828/704/493
f 818/711/486 829/715/494 819/636/487
f 818/711/486 815/638/485 817/710/483
f 830/716/495 831/717/465 832/718/495
f 831/717/465 833/719/495 834/720/466
f 832/718/495 831/717/465 835/721/462
s 0
f 836/722/496 837/723/496 838/724/496
f 836/722/496 838/724/496 839/725/496
f 839/725/497 838/724/497 840/726/497
s 1
f 808/706/477 807/705/476 824/710/492
f 824/710/492 820/712/488 823/711/491
f 841/727/498 842/728/499 843/729/500
f 843/729/500 842/728/499 844/730/501
f 774/676/453 771/673/450 813/709/481
f 845/731/502 846/732/502 847/733/503
f 847/733/503 846/732/502 848/734/502
f 849/653/504 850/723/505 851/722/504
f 849/653/504 852/725/506 853/654/506
f 852/725/506 849/653/504 851/722/504
f 854/735/507 855/736/507 856/737/507
f 855/736/507 854/735/507 857/738/507
f 858/726/508 859/724/509 860/716/510
f 860/716/510 861/739/511 862/719/511
f 860/716/510 863/718/508 858/726/508
f 441/402/254 440/401/256 437/398/254
f 442/403/96 436/397/254 435/396/253
s 0
f 447/408/259 445/406/259 864/740/259
f 433/394/251 431/392/251 865/741/251
f 865/741/251 866/742/251 433/394/251
f 867/743/259 868/744/259 869/745/259
s 1
f 868/744/259 867/743/259 870/746/259
f 871/747/108 872/748/512 873/749/513
f 872/748/512 871/747/108 874/750/108
f 873/749/513 875/751/108 871/747/108
f 876/752/514 877/753/515 878/754/516
f 876/752/514 878/754/516 879/755/256
f 878/754/516 880/756/255 879/755/256
f 877/753/515 876/752/514 881/757/517
f 881/757/517 876/752/514 148/146/92
f 882/758/513 883/759/518 884/760/519
f 883/759/518 882/758/513 885/761/512
f 884/760/519 886/762/520 133/131/77
f 884/760/519 887/763/521 886/762/520
f 884/760/519 888/764/111 882/758/513
f 887/763/521 884/760/519 883/759/518
f 428/389/251 426/387/249 866/742/251
s 0
f 866/742/251 865/741/251 428/389/251
s 1
f 435/396/253 158/156/100 434/395/252
f 436/397/254 442/403/96 441/402/254
s 0
f 889/765/259 890/766/259 891/767/259
f 890/766/259 889/765/259 892/768/259
s 1
f 175/173/111 172/170/108 875/751/108
f 875/751/108 873/749/513 175/173/111
f 152/150/96 149/147/93 876/752/514
f 152/150/96 876/752/514 879/755/256
f 148/146/92 146/144/90 145/143/89
f 148/146/92 876/752/514 149/147/93
f 136/134/80 135/133/79 888/764/111
f 888/764/111 884/760/519 136/134/80
f 133/131/77 131/129/75 136/134/80
f 133/131/77 136/134/80 884/760/519
f 893/769/522 894/770/523 895/771/524
f 894/770/523 893/769/522 896/772/524
f 897/773/525 2/2/2 6/6/6
f 898/774/526 899/775/527 900/776/528
f 900/776/528 901/777/529 898/774/526
f 902/778/530 900/776/528 899/775/527
s 0
f 903/779/12 904/780/12 905/781/12
f 904/780/12 903/779/12 906/782/12
s 1
f 907/783/13 908/784/14 909/785/13
f 908/784/14 907/783/13 910/786/14
s 0
f 911/787/15 912/788/15 913/789/15
f 911/787/15 914/790/15 915/791/15
f 911/787/15 915/791/15 916/792/15
s 1
f 917/793/531 918/794/532 919/795/531
f 918/794/532 917/793/531 920/796/533
s 0
f 921/797/12 922/798/12 923/799/12
f 923/799/12 924/800/12 921/797/12
s 1
f 925/801/534 926/802/535 927/803/536
f 926/802/535 925/801/534 928/804/537
s 0
f 929/805/538 930/806/538 931/807/538
s 1
f 931/807/538 932/808/538 929/805/538
s 0
f 933/809/12 934/810/12 935/811/12
f 933/809/12 936/812/12 937/813/12
f 936/812/12 938/814/12 937/813/12
f 936/812/12 933/809/12 935/811/12
s 1
f 939/815/539 940/816/540 941/817/541
f 939/815/539 942/818/542 943/819/542
f 939/815/539 943/819/542 940/816/540
s 0
f 944/820/15 945/821/15 946/822/15
f 944/820/15 947/823/15 948/824/15
f 947/823/15 949/825/15 948/824/15
f 947/823/15 944/820/15 950/826/15
f 950/826/15 951/827/15 947/823/15
s 1
f 952/828/543 953/829/544 954/830/545
f 954/830/545 953/829/544 955/831/544
s 0
f 956/832/12 957/833/12 934/810/12
f 957/833/12 958/834/12 934/810/12
f 934/810/12 933/809/12 956/832/12
f 959/835/15 960/836/15 961/837/15
f 961/837/15 951/827/15 962/838/15
f 963/839/15 960/836/15 959/835/15
f 963/839/15 959/835/15 964/840/15
s 1
f 965/841/31 966/842/32 967/843/32
f 965/841/31 968/844/31 966/842/32
s 0
f 912/788/15 911/787/15 916/792/15
f 913/789/15 969/845/15 970/846/15
s 1
f 971/847/546 972/848/547 973/849/548
f 972/848/547 971/847/546 974/850/549
f 973/849/548 975/851/550 976/852/551
s 0
f 977/844/552 978/853/552 979/842/552
f 977/844/553 980/854/553 978/853/553
s 1
f 90/88/42 89/87/41 981/855/554
f 95/93/47 982/856/555 983/857/556
f 95/93/47 94/92/46 984/858/557
f 985/859/558 901/777/529 900/776/528
f 107/105/55 986/607/55 105/103/54
s 0
f 986/607/55 107/105/55 987/860/55
s 1
f 697/608/393 117/115/61 116/114/61
f 697/608/393 988/861/559 698/609/394
f 988/861/559 989/862/560 990/863/561
f 698/609/394 988/861/559 990/863/561
f 991/864/562 992/865/563 993/866/564
f 992/865/563 991/864/562 994/867/565
f 995/868/566 996/869/567 997/870/568
f 996/869/567 998/871/569 999/872/570
f 997/870/568 1000/750/571 995/868/566
f 1001/873/572 1002/874/573 1003/875/574
f 1002/874/573 1001/873/572 1004/876/575
f 1003/875/574 1005/877/576 1006/878/577
f 1004/876/575 1007/879/578 1008/880/579
f 1009/881/580 1007/879/578 1001/873/572
f 1009/881/580 1003/875/574 1010/882/581
f 1009/881/580 1001/873/572 1003/875/574
f 1010/882/581 1006/878/577 1011/883/582
f 1010/882/581 1003/875/574 1006/878/577
f 1012/884/583 1013/885/584 1014/886/585
f 1013/885/584 1015/887/586 1014/886/585
f 1013/885/584 1012/884/583 1016/888/587
f 1017/889/588 1018/890/589 1019/891/590
f 1017/889/588 1020/892/591 1021/893/592
f 1020/892/591 1017/889/588 1022/894/593
f 1021/893/592 1018/890/589 1017/889/588
f 1022/894/593 1023/895/594 1020/892/591
f 1019/891/590 1024/896/595 1022/894/593
f 1019/891/590 1022/894/593 1017/889/588
f 1024/896/595 1019/891/590 1025/897/596
f 1024/896/595 1026/898/597 1022/894/593
f 1027/899/589 1028/900/598 1029/901/599
f 1028/900/598 1014/886/585 1015/887/586
f 1028/900/598 1027/899/589 1014/886/585
f 1029/901/599 1030/902/600 1027/899/589
s 0
f 1031/903/601 1032/904/601 1033/905/601
f 1031/903/601 1033/905/601 1034/906/601
f 1032/904/602 1035/907/603 1033/905/602
s 1
f 1032/904/604 1036/908/604 1035/907/604
f 1037/909/605 1038/910/605 1039/911/603
f 1039/911/603 1038/910/605 1040/912/603
f 1041/913/606 1042/914/581 1043/915/607
f 1041/913/606 1044/916/608 1042/914/581
f 1041/913/606 1045/917/609 1044/916/608
f 1042/914/581 1046/918/582 1043/915/607
f 1047/770/610 1048/174/611 1049/176/612
f 1048/174/611 1047/770/610 1050/772/612
s 0
f 1051/919/613 1052/920/613 1053/921/613
f 1052/920/613 1051/919/613 1054/922/613
s 1
f 1055/923/614 1056/924/615 1057/925/616
f 1056/924/615 1055/923/614 1058/926/614
f 1057/925/616 1059/927/617 1060/928/618
f 194/192/126 5/5/5 189/187/121
f 5/5/5 4/4/4 189/187/121
s 0
f 1061/929/392 1062/930/392 1063/931/392
s 1
f 1063/931/392 199/196/128 696/607/392
s 0
f 1063/931/392 696/607/392 1061/929/392
s 1
f 1064/932/619 1065/933/620 1066/934/621
f 1064/932/619 1067/935/622 1065/933/620
s 0
f 1068/936/623 1069/937/623 1070/938/623
f 1069/937/623 1068/936/623 1071/939/623
f 1072/940/624 1073/941/624 1074/942/624
f 1073/941/624 1072/940/624 1075/943/624
f 1074/942/624 1076/944/624 1072/940/624
f 1075/943/624 1077/945/624 1078/946/624
s 1
f 1079/947/625 1080/948/625 1081/949/625
f 1080/948/625 1079/947/625 1082/950/625
s 0
f 949/825/15 947/823/15 1083/951/15
s 1
f 1084/952/626 1085/953/627 1086/361/626
f 1086/361/626 1085/953/627 1087/954/628
s 0
f 1088/955/12 1089/956/12 1090/957/12
f 1089/956/12 1091/958/12 1090/957/12
s 1
f 1092/959/629 1093/948/629 1094/950/629
f 1094/950/629 1095/960/630 1092/959/629
s 0
f 1078/946/624 1073/941/624 1075/943/624
s 1
f 1096/961/631 1097/962/631 1098/963/631
f 1098/963/631 1099/964/631 1096/961/631
f 1100/965/632 1101/966/633 1102/967/632
f 1102/967/632 1101/966/633 1103/968/633
s 0
f 1104/969/15 1105/970/15 1106/971/15
f 1105/970/15 1104/969/15 1107/972/15
f 1105/970/15 1108/973/15 964/840/15
f 1106/971/15 1109/974/15 1104/969/15
s 1
f 1110/975/634 1111/976/635 1112/977/636
f 1111/976/635 1110/975/634 1113/949/636
s 0
f 1108/973/15 963/839/15 964/840/15
f 1108/973/15 1105/970/15 1107/972/15
f 1114/978/12 1115/979/12 1116/980/12
f 1115/979/12 1114/978/12 1117/981/12
f 1116/980/12 1118/982/12 1114/978/12
f 1117/981/12 1119/983/12 1115/979/12
s 1
f 1120/984/637 1121/985/638 1122/986/639
f 1122/986/639 1123/987/640 1124/988/641
f 1122/986/639 1121/985/638 1123/987/640
s 0
f 938/814/12 936/812/12 1125/989/12
f 1125/989/12 1126/990/12 938/814/12
f 1126/990/12 1125/989/12 1127/991/12
s 1
f 1128/992/642 1129/993/643 1130/994/644
f 1129/993/643 1128/992/642 1131/995/643
f 1132/996/645 1133/997/645 1134/998/645
f 1134/998/645 1133/997/645 1135/999/645
f 1136/1000/646 1137/1001/647 1138/1002/648
f 1138/1002/648 1137/1001/647 1139/1003/647
f 1140/854/649 1141/1004/649 1142/853/649
s 0
f 1140/854/650 1143/1005/650 1141/1004/650
s 1
f 975/851/550 973/849/548 972/848/547
s 0
f 969/845/15 913/789/15 912/788/15
s 1
f 1144/798/651 1145/781/651 1146/780/651
f 1144/798/651 1146/780/651 1147/799/651
s 0
f 1148/1006/55 1149/1007/55 1150/1008/55
f 1150/1008/55 694/606/55 1148/1006/55
s 1
f 1150/1008/55 290/278/54 694/606/55
f 295/283/166 292/280/163 1151/1009/652
f 1151/1009/652 1152/935/653 295/283/166
f 301/287/172 299/285/170 734/639/417
f 734/639/417 1153/1010/654 301/287/172
f 734/639/417 303/289/174 732/637/415
f 1154/1011/528 1155/1012/655 1156/1013/656
f 1155/1012/655 1154/1011/528 1157/1014/657
f 1156/1013/656 1158/1015/658 1159/1016/659
f 1156/1013/656 1160/1017/558 1154/1011/528
s 0
f 1161/1018/660 1162/777/660 1163/859/660
f 1162/777/660 1161/1018/660 1164/1019/660
s 1
f 1165/1020/661 1166/1021/662 1167/1022/663
f 1166/1021/662 1165/1020/661 1168/1023/664
f 1166/1021/662 1169/1024/660 1170/1025/660
f 1168/1023/664 1169/1024/660 1166/1021/662
f 1171/1026/665 1172/1027/666 1173/1028/667
f 1172/1027/666 1171/1026/665 1174/1029/668
f 1172/1027/666 1174/1029/668 1175/1030/669
f 1174/1029/668 1176/1031/670 1175/1030/669
f 1177/1032/671 1178/1033/672 1179/1034/673
f 1177/1032/671 1180/1035/674 1181/1036/675
f 1178/1033/672 1182/1037/676 1183/1038/677
f 1179/1034/673 1178/1033/672 1183/1038/677
f 1184/778/678 1185/1039/679 1186/1040/678
f 1185/1039/679 1184/778/678 1187/775/679
f 1159/1016/659 1188/1021/680 1189/1025/681
f 1188/1021/680 1159/1016/659 1190/1022/682
f 1190/1022/682 1159/1016/659 1158/1015/658
s 0
f 1191/1041/660 1192/1017/660 1193/1042/660
s 1
f 1192/1017/660 1191/1041/660 1194/1043/660
s 0
f 1195/1044/15 1196/1045/15 351/329/15
f 1195/1044/15 351/329/15 353/331/15
f 1196/1045/15 1195/1044/15 1197/1046/15
f 1196/1045/15 1197/1046/15 1198/1047/15
f 1197/1046/15 1195/1044/15 1199/1048/15
s 1
f 1200/1049/683 1201/866/684 1202/865/683
f 1201/866/684 1200/1049/683 1203/1050/685
f 1204/1051/619 1205/1052/686 1206/1053/687
f 1207/1054/686 1206/1053/687 1205/1052/686
f 1208/1053/688 1209/1054/689 690/602/166
f 691/603/390 690/602/166 1209/1054/689
f 369/343/214 368/342/213 372/346/217
s 0
f 1210/818/690 1211/1055/690 1212/819/691
s 1
f 1211/1055/692 1210/818/690 1213/1056/690
s 0
f 1214/1057/693 1215/1058/694 1216/1059/694
s 1
f 1215/1058/694 1214/1057/695 1217/1060/695
f 1218/953/696 1219/963/696 1220/954/696
f 1220/954/696 1219/963/696 1221/962/696
f 1222/1061/697 1223/949/698 1224/975/699
f 1223/949/698 1222/1061/697 1225/947/697
s 0
f 1076/944/624 1074/942/624 1226/1062/624
f 951/827/15 950/826/15 962/838/15
f 951/827/15 961/837/15 960/836/15
f 1118/982/12 1116/980/12 1227/1063/12
f 1228/1064/700 1229/1065/700 1230/1066/700
f 1230/1066/701 1231/1067/701 1228/1064/701
s 1
f 1232/1068/702 1233/1069/703 1234/1070/702
f 1233/1069/703 1232/1068/702 1235/1071/702
f 1236/1072/704 1237/1073/648 1238/1074/704
f 1237/1073/648 1236/1072/704 1239/1075/646
f 1240/1076/705 1241/1077/705 1242/1078/705
f 1241/1077/705 1240/1076/705 1243/1079/705
f 1244/1080/706 1245/1081/642 1246/984/707
f 1246/984/707 1245/1081/642 1247/985/708
f 1124/988/641 1123/987/640 1248/1082/709
f 1124/988/641 1248/1082/709 1249/1083/710
f 1249/1083/710 1248/1082/709 1250/1084/711
f 1251/1085/712 1252/1075/713 1253/1072/713
f 1252/1075/713 1251/1085/712 1254/1086/714
f 1254/1086/714 1255/1087/715 1256/1088/716
f 1257/1089/717 1258/1090/632 1259/1091/717
f 1259/1091/717 1258/1090/632 1260/1092/632
f 1261/1093/718 1262/1094/719 1263/1095/720
f 1263/1095/720 1060/928/618 1059/927/617
f 1263/1095/720 1264/1096/721 1261/1093/718
f 1264/1096/721 1265/1097/722 1266/1098/723
f 1266/1098/723 1267/1099/724 1268/1100/724
f 1266/1098/723 1261/1093/718 1264/1096/721
f 1269/1101/724 1270/1102/724 1271/1103/724
s 0
f 1270/1102/724 1269/1101/724 1272/1104/724
f 1272/1104/724 1273/1105/724 1274/1106/724
s 1
f 1059/927/617 1057/925/616 1056/924/615
f 1060/928/618 1263/1095/720 1262/1094/719
f 1030/902/600 1029/901/599 1275/1107/725
f 1275/1107/725 1029/901/599 1276/1108/726
f 1275/1107/725 1277/1109/727 1030/902/600
f 1276/1108/726 1278/1110/728 1277/1109/727
f 1279/1111/729 1280/1112/730 1281/1113/731
f 1280/1112/730 1279/1111/729 1282/1114/729
f 1281/1113/731 1283/1115/729 1279/1111/729
f 999/872/570 1284/1116/732 996/869/567
f 1284/1116/732 997/870/568 996/869/567
f 1045/917/609 999/872/570 998/871/569
f 998/871/569 1044/916/608 1045/917/609
s 0
f 1285/1117/733 1286/1118/613 1287/1119/733
f 1285/1117/734 1288/1120/734 1289/740/734
f 1286/1118/613 1285/1117/613 1290/1121/613
s 1
f 1291/1122/735 1292/1123/585 1018/890/589
f 1292/1123/585 1291/1122/735 1293/1124/736
f 1018/890/589 1021/893/592 1291/1122/735
f 1008/880/579 1294/1125/737 1295/1126/738
f 1294/1125/737 1008/880/579 1007/879/578
f 1007/879/578 1004/876/575 1001/873/572
f 1296/1127/739 1297/1128/740 1298/1129/739
f 1297/1128/740 1296/1127/739 1299/1130/741
s 0
f 1300/1131/742 1301/1132/742 1302/1133/742
f 1302/1133/743 1301/1132/743 1303/1134/743
s 1
f 1304/1133/744 1305/1135/745 1306/1136/746
f 1305/1135/745 1304/1133/744 1307/1134/744
f 1308/1127/747 1309/784/747 1310/1130/747
f 1309/784/747 1308/1127/747 1311/785/747
f 1312/1136/32 1313/1135/275 1314/426/32
f 1314/426/32 1313/1135/275 1315/427/275
f 1316/1137/536 1317/1138/748 1318/1139/748
f 1317/1138/748 1316/1137/536 1319/1140/749
f 1320/1141/279 1321/850/13 1322/847/279
f 1321/850/13 1320/1141/279 1323/1142/750
f 487/438/54 1324/1143/280 484/435/280
s 0
f 1325/440/751 1326/439/751 1327/1144/751
f 1327/1144/751 1328/1145/751 1325/440/751
f 1329/1146/529 1330/1147/529 1331/1148/529
f 1330/1147/529 1329/1146/529 1332/1149/529
f 1333/1150/529 1334/1151/529 1335/1152/529
s 1
f 503/454/283 1336/1153/282 501/452/282
f 1337/1154/685 1338/1155/752 1339/1156/684
f 1338/1155/752 1337/1154/685 1340/1157/753
f 1341/1156/754 1342/1158/755 1343/1159/756
f 1342/1158/755 1341/1156/754 1344/1155/757
f 516/465/215 514/463/290 513/462/213
f 1345/1160/758 1346/1161/759 1347/1162/760
f 1346/1161/759 1345/1160/758 1348/1163/761
f 1348/1163/761 1349/1164/762 1346/1161/759
f 1180/1035/674 1177/1032/671 1179/1034/673
f 1350/1165/757 1351/1166/763 1347/1162/760
f 1351/1166/763 1345/1160/758 1347/1162/760
f 1352/1036/764 1353/1167/765 1354/1032/766
f 1353/1167/765 1352/1036/764 689/601/389
f 689/601/389 531/478/163 1353/1167/765
f 534/481/292 1355/1168/312 535/482/305
f 1356/1169/767 1357/1160/768 1358/1170/769
f 1359/1166/752 1358/1170/769 1357/1160/768
f 547/492/312 543/488/309 545/490/305
f 548/493/313 546/491/311 543/488/309
f 1360/1171/770 1361/1172/771 1362/1173/771
f 1360/1171/770 1363/1174/772 1364/1175/773
f 1363/1174/772 1360/1171/770 1365/1176/772
s 0
f 1366/1177/774 1367/1178/774 688/600/774
f 1367/1178/775 1366/1177/776 1368/1179/775
s 1
f 688/600/388 558/503/322 1366/1177/777
f 982/856/555 95/93/47 984/858/557
f 982/856/555 1369/1180/778 983/857/556
f 1369/1180/778 1370/1181/779 1371/1182/780
f 1370/1181/779 1369/1180/778 989/862/560
f 1371/1182/780 983/857/556 1369/1180/778
f 989/862/560 988/861/559 1370/1181/779
f 566/511/329 562/507/326 1372/1183/329
f 566/511/329 1373/1184/781 563/508/327
f 1373/1184/781 567/512/330 563/508/327
f 567/512/330 1374/1185/782 1375/1186/782
f 1374/1185/782 567/512/330 1373/1184/781
s 0
f 1376/1179/783 1377/1187/783 1378/1178/783
f 1377/1187/783 1376/1179/783 1379/1188/783
s 1
f 1361/1172/771 1360/1171/770 1364/1175/773
f 582/525/338 578/521/335 580/523/335
s 0
f 1380/1176/784 1381/1189/784 1382/1174/784
f 1381/1189/784 1380/1176/784 1383/1190/784
s 1
f 1384/1191/785 1385/1192/786 1386/1193/787
f 1385/1192/786 1384/1191/785 1387/1194/785
s 0
f 945/821/15 1109/974/15 1388/1195/15
f 945/821/15 944/820/15 948/824/15
s 1
f 1389/994/788 1390/1196/789 1391/1197/789
f 1390/1196/789 1389/994/788 1392/993/790
f 1393/1198/791 1394/808/792 1395/807/792
f 1394/808/792 1393/1198/791 1396/1199/791
f 1397/1200/793 1398/1067/794 1399/1066/793
f 1398/1067/794 1397/1200/793 1400/1201/795
f 1401/1202/796 1402/1203/797 1403/1204/798
f 1402/1203/797 1401/1202/796 1404/1205/796
f 1405/1206/799 1406/1207/800 1407/1000/801
f 1407/1000/801 1406/1207/800 1408/1001/801
s 0
f 1409/1208/12 1115/979/12 1119/983/12
s 1
f 1410/1209/802 1411/1210/803 1412/1211/804
f 1412/1211/804 1411/1210/803 1413/1212/805
f 1414/1213/806 1256/1088/716 1255/1087/715
f 1256/1088/716 1414/1213/806 1415/1214/807
f 1255/1087/715 1254/1086/714 1251/1085/712
f 1416/1057/808 1417/1059/808 1418/1215/809
f 1418/1215/809 1417/1059/808 1419/1216/810
f 1420/952/811 1421/1217/812 1422/953/545
f 1420/952/811 941/817/541 1421/1217/812
f 941/817/541 940/816/540 1421/1217/812
f 1423/977/813 1424/1201/813 1425/1200/813
f 1424/1201/813 1423/977/813 1426/976/813
f 1427/987/789 1428/1218/785 1429/1082/785
f 1428/1218/785 1427/987/789 1430/1219/789
s 0
f 1431/1220/12 1432/1221/12 1433/1222/12
f 1432/1221/12 1431/1220/12 1434/1223/12
f 1388/1195/15 946/822/15 945/821/15
f 1109/974/15 1106/971/15 1388/1195/15
s 1
f 1435/976/797 1436/1224/791 1437/1201/791
f 1436/1224/791 1435/976/797 1438/1225/797
f 1439/816/810 1440/1226/810 1441/1217/814
f 1441/1217/814 1440/1226/810 1442/1227/814
f 1443/1088/804 1444/1228/815 1445/1086/799
f 1445/1086/799 1444/1228/815 1446/1229/800
s 0
f 1447/1230/12 1448/1231/12 1449/1232/12
f 1448/1231/12 1447/1230/12 1450/1233/12
s 1
f 1451/1012/816 1452/1014/817 1453/1234/818
f 1451/1012/816 1454/1235/819 1455/1015/820
f 1453/1234/818 1452/1014/817 1456/1236/817
f 1457/1042/821 1160/1017/558 1156/1013/656
f 1458/1237/822 1455/1015/820 1459/1238/823
f 1455/1015/820 1454/1235/819 1459/1238/823
f 1454/1235/819 1451/1012/816 1453/1234/818
f 1460/1237/824 1461/1239/825 1190/1022/682
f 1460/1237/824 1190/1022/682 1158/1015/658
f 1158/1015/658 1156/1013/656 1155/1012/655
s 0
f 1462/1240/55 110/108/55 1463/1241/55
s 1
f 110/108/55 106/104/54 109/107/54
s 0
f 110/108/55 682/595/55 1463/1241/55
s 1
f 110/108/55 109/107/54 682/595/55
f 1464/1242/826 1465/1243/827 1466/1244/828
f 1465/1243/827 1464/1242/826 1467/1245/829
f 1467/1245/829 1468/1246/830 1465/1243/827
f 1469/1247/384 1464/1242/826 1470/1248/384
f 1470/1248/384 1464/1242/826 1466/1244/828
s 0
f 987/860/55 1471/929/55 986/607/55
f 1472/596/54 1473/1249/54 1474/599/54
f 1473/1249/54 1472/596/54 1475/1250/54
s 1
f 1153/1010/654 734/639/417 1476/1251/831
f 1476/1251/831 732/637/415 1477/1252/832
f 1152/935/653 1151/1009/652 1478/933/833
s 0
f 1479/610/660 1480/1253/660 1481/1254/660
s 1
f 1480/1253/660 1479/610/660 1482/1255/660
f 1483/1256/834 1484/1253/835 1485/1257/836
f 1484/1253/835 1483/1256/834 1486/1254/837
s 0
f 1487/618/55 1488/442/55 1489/1258/55
f 1488/442/55 1487/618/55 1490/617/55
s 1
f 1491/1259/838 1492/1260/399 1493/1261/839
f 1491/1259/838 1494/1262/840 1495/1263/841
f 1492/1260/399 1491/1259/838 1496/1264/399
f 1494/1262/840 1497/1265/842 1495/1263/841
f 1494/1262/840 1491/1259/838 1493/1261/839
f 1495/1263/841 1497/1265/842 1498/1266/842
s 0
f 1499/597/843 1500/629/843 1501/598/843
f 1500/629/843 1499/597/843 1502/630/843
s 1
f 1468/1246/830 1467/1245/829 1503/1267/844
f 1504/1268/845 1458/1237/822 1505/1269/846
f 1505/1269/846 1458/1237/822 1459/1238/823
f 1506/1270/847 1507/931/848 1508/930/849
f 1507/931/848 1506/1270/847 748/650/431
f 748/650/431 728/196/411 1507/931/848
f 732/637/415 1476/1251/831 734/639/417
f 732/637/415 731/636/414 1509/715/850
f 1509/715/850 1477/1252/832 732/637/415
f 1510/1270/851 1511/930/852 1512/1271/853
f 1511/930/852 1513/1272/854 1512/1271/853
f 746/648/429 1514/1273/855 821/713/489
f 746/648/429 741/643/424 1515/1274/455
f 746/648/429 820/712/488 742/644/425
f 1515/1274/455 1516/1275/856 746/648/429
f 1477/1252/832 1509/715/850 1517/1276/857
f 749/651/432 751/653/434 546/491/311
f 1349/1164/762 1348/1163/761 1518/1277/858
f 1518/1277/858 1519/1278/859 1349/1164/762
f 1182/1037/676 1520/1279/860 1183/1038/677
f 1182/1037/676 1521/1280/861 1520/1279/860
f 1522/1281/862 1172/1027/666 1175/1030/669
f 1522/1281/862 1175/1030/669 1523/1282/863
f 1522/1281/862 1524/1283/864 1525/1284/865
f 1526/1285/670 1527/1286/863 1528/1287/866
f 1527/1286/863 1526/1285/670 1529/1288/867
f 1525/1284/865 1530/1289/868 1522/1281/862
f 1525/1284/865 1176/1031/670 1174/1029/668
f 1176/1031/670 1525/1284/865 1524/1283/864
f 1524/1283/864 1522/1281/862 1523/1282/863
f 1531/1290/869 1532/1291/870 1533/1292/869
f 1532/1291/870 1534/1293/871 1533/1292/869
f 1534/1293/871 1535/1294/845 1536/1295/846
f 1537/1296/872 1538/1297/873 1539/1298/874
f 1537/1296/872 1540/1299/875 1541/1300/876
f 1540/1299/875 1537/1296/872 1542/1301/877
f 1461/1239/825 1460/1237/824 1543/1268/878
f 1519/1278/859 1518/1277/858 1544/1302/859
f 1516/1275/856 1515/1274/455 1545/1303/879
f 779/681/455 777/679/412 1546/1304/880
f 1546/1304/880 1547/1305/879 779/681/455
f 1548/1306/878 1549/1291/875 1550/1307/877
f 1549/1291/875 1548/1306/878 1551/1294/878
f 1552/1308/881 1553/1309/851 1554/1310/882
f 1553/1309/851 1552/1308/881 1555/1305/883
f 1555/1305/883 1552/1308/881 1556/1311/884
f 1535/1294/845 1534/1293/871 1532/1291/870
f 1557/1312/885 794/692/463 797/695/466
f 1547/1305/879 1546/1304/880 1558/1309/886
f 193/191/125 191/189/123 799/697/468
f 1559/1313/887 1555/1305/883 1556/1311/884
f 1559/1313/887 1560/1314/888 1561/1315/889
f 1521/1280/861 1562/1316/890 1520/1279/860
f 1563/1317/891 1561/1315/889 1560/1314/888
f 1561/1315/889 1563/1317/891 1564/1318/892
f 1560/1314/888 1559/1313/887 1556/1311/884
f 1530/1289/868 1525/1284/865 1565/1319/868
f 1514/1273/855 746/648/429 1516/1275/856
f 821/713/489 1566/1320/893 822/714/490
f 1567/1321/894 1568/1322/895 1569/1319/896
f 1567/1321/894 1539/1298/874 1538/1297/873
f 1568/1322/895 1567/1321/894 1538/1297/873
f 1570/1289/896 1569/1319/896 1568/1322/895
s 0
f 1571/714/897 1572/1320/898 829/715/897
s 1
f 829/715/494 818/711/486 1571/714/899
f 1573/1276/900 829/715/899 1572/1320/900
f 1574/1316/901 1575/1280/901 1576/1317/901
f 1575/1280/901 1577/1318/901 1576/1317/901
f 833/719/495 831/717/465 830/716/495
s 0
f 837/723/902 1578/739/902 838/724/902
s 1
f 1566/1320/893 821/713/489 1514/1273/855
f 822/714/490 820/712/488 821/713/489
f 1579/1323/903 1580/1324/904 1581/1325/905
f 1581/1325/905 1582/1326/905 1579/1323/903
f 1538/1297/873 1537/1296/872 1541/1300/876
f 1583/1327/906 1584/1328/907 1585/1329/907
f 1584/1328/907 1586/1330/906 1585/1329/907
f 850/723/505 849/653/504 1587/698/908
f 1588/1331/909 1589/329/910 1590/1332/910
f 1589/329/910 1588/1331/909 1591/1333/910
f 861/739/511 860/716/510 859/724/509
f 1283/1115/729 1281/1113/731 1592/1334/911
f 1592/1334/911 1593/1335/729 1283/1115/729
f 1277/1109/727 1275/1107/725 1276/1108/726
s 0
f 1288/1120/734 1285/1117/734 1287/1119/734
f 1273/1105/724 1272/1104/724 1269/1101/724
s 1
f 1274/1106/724 1268/1100/724 1267/1099/724
f 1594/1336/734 1595/1337/734 1596/1338/734
s 0
f 1595/1337/734 1594/1336/734 1597/1339/734
s 1
f 1598/1340/912 1599/1341/913 1600/1342/607
f 1599/1341/913 1601/1114/607 1600/1342/607
f 1602/1343/731 1603/1344/914 1604/1345/915
f 1603/1344/914 1602/1343/731 1605/1346/730
f 1604/1345/915 1606/1347/916 1023/895/594
f 1604/1345/915 1607/1348/911 1602/1343/731
f 1604/1345/915 1608/1349/917 1606/1347/916
f 1608/1349/917 1604/1345/915 1603/1344/914
f 1609/1350/918 1610/1351/919 1611/1352/912
f 1609/1350/918 1612/1353/920 1610/1351/919
f 1610/1351/919 1613/1346/913 1611/1352/912
f 1612/1353/920 1609/1350/918 1614/1354/921
f 1614/1354/921 1609/1350/918 1005/877/576
f 1267/1099/724 1266/1098/723 1265/1097/722
s 0
f 1268/1100/724 1274/1106/724 1273/1105/724
s 1
f 1278/1110/728 1276/1108/726 1593/1335/729
f 1593/1335/729 1592/1334/911 1278/1110/728
s 0
f 1615/1355/734 1616/1356/734 1617/767/734
f 1616/1356/734 1615/1355/734 1618/1357/734
s 1
f 1046/918/582 1619/1358/607 1043/915/607
f 1619/1358/607 1598/1340/912 1600/1342/607
f 1619/1358/607 1046/918/582 1598/1340/912
f 1026/898/597 1024/896/595 1607/1348/911
f 1607/1348/911 1604/1345/915 1026/898/597
f 1023/895/594 1026/898/597 1604/1345/915
f 1023/895/594 1022/894/593 1026/898/597
f 1011/883/582 1609/1350/918 1611/1352/912
f 1011/883/582 1006/878/577 1609/1350/918
f 1005/877/576 1609/1350/918 1006/878/577
f 1005/877/576 1003/875/574 1002/874/573
f 1620/1359/922 1621/1360/923 1622/1361/924
f 1621/1360/923 1620/1359/922 1623/1362/924
f 1624/1363/925 1625/1364/926 1626/1365/925
f 1625/1364/926 1624/1363/925 1627/1366/927
f 1628/1367/928 1629/1368/929 1630/1369/930
f 1629/1368/929 1628/1367/928 1631/1370/931
f 1629/1368/929 1632/1371/932 1633/1372/933
f 1631/1370/931 1634/1373/934 1629/1368/929
f 1635/1374/935 1636/1375/936 1637/1376/937
f 1636/1375/936 1635/1374/935 1638/1377/938
f 1636/1375/936 1639/1378/939 1640/1379/940
f 1638/1377/938 1641/1380/941 1642/1381/941
f 1638/1377/938 1635/1374/935 1641/1380/941
s 0
f 1643/1382/942 1644/1383/942 1645/1384/942
f 1644/1383/942 1643/1382/942 1646/1385/942
s 1
f 1647/1386/943 1648/1387/944 1649/1388/945
f 1647/1386/943 1650/1389/946 1651/1390/947
f 1650/1389/946 1647/1386/943 1652/1391/948
f 1634/1373/934 1653/1392/949 1632/1371/932
f 1634/1373/934 1631/1370/931 1654/1393/950
f 1654/1393/950 1655/1394/951 1634/1373/934
f 1655/1394/951 1654/1393/950 1656/1395/952
f 1657/1396/953 1658/1397/954 1659/1398/955
f 1658/1397/954 1657/1396/953 1660/1399/956
f 1659/1398/955 1661/1400/957 1662/1401/958
f 1639/1378/939 1636/1375/936 1638/1377/938
f 1639/1378/939 1663/1402/959 1640/1379/940
f 1663/1402/959 1639/1378/939 1664/1403/960
f 1664/1403/960 1665/1404/961 1666/1405/962
f 1667/1406/963 1637/1376/937 1668/1407/964
f 1667/1406/963 1635/1374/935 1637/1376/937
f 1667/1406/963 1666/1405/962 1665/1404/961
f 1666/1405/962 1663/1402/959 1664/1403/960
f 1666/1405/962 1667/1406/963 1668/1407/964
f 1669/1408/965 1670/1409/966 1671/1410/966
f 1670/1409/966 1669/1408/965 1672/1411/967
f 1670/1409/966 1673/1412/966 1671/1410/966
f 1670/1409/966 1672/1411/967 1674/1413/966
s 0
f 1675/1414/968 1676/1415/968 1677/1416/968
f 1676/1415/968 1675/1414/968 1678/1417/968
f 1679/1418/969 1680/1416/969 1681/1419/969
f 1680/1416/969 1679/1418/969 1682/1414/969
s 1
f 1683/1420/970 1684/1421/971 1685/1422/970
f 1684/1421/971 1686/1423/972 1687/1424/972
f 1684/1421/971 1683/1420/970 1688/1425/973
f 1686/1423/972 1684/1421/971 1688/1425/973
s 0
f 1689/1426/974 1690/1427/974 1691/1428/974
f 1690/1427/974 1689/1426/974 1692/1429/974
s 1
f 1693/1430/975 1694/1431/976 1695/1432/976
f 1694/1431/976 1693/1430/975 1696/1433/975
f 1697/1434/977 1698/1435/978 1699/1436/979
f 1698/1435/978 1700/1437/980 1699/1436/979
f 1701/1438/981 1702/1439/982 1703/1440/983
f 1702/1439/982 1701/1438/981 1704/1441/984
f 1705/1442/985 1706/1443/986 1707/1444/985
f 1706/1443/986 1705/1442/985 1708/1445/986
f 1707/1444/985 1709/1446/987 1705/1442/985
f 1708/1445/986 1710/1447/988 1706/1443/986
f 1711/1448/989 1712/1449/990 1713/1450/991
f 1712/1449/990 1711/1448/989 1714/1451/992
f 1713/1450/991 1715/1452/993 1716/1453/994
f 1717/1454/995 1718/1455/996 1719/1456/997
f 1718/1455/996 1717/1454/995 1720/1457/998
s 0
f 1721/1458/974 1722/1459/974 1723/1460/974
f 1722/1459/974 1721/1458/974 1724/1461/974
s 1
f 1725/1462/999 1726/1463/970 1727/1464/971
f 1725/1462/999 1728/1465/972 1729/1466/972
f 1728/1465/972 1725/1462/999 1727/1464/971
f 1726/1463/970 1725/1462/999 1730/1467/970
s 0
f 1731/1468/969 1732/1469/969 1733/1470/969
f 1732/1469/969 1731/1468/969 1734/1471/969
f 1735/1471/968 1736/1472/968 1737/1469/968
f 1736/1472/968 1735/1471/968 1738/1473/968
f 1739/1474/942 1740/1475/942 1741/1476/942
f 1740/1475/942 1739/1474/942 1742/1477/942
s 1
f 1743/1478/1000 1744/1479/978 1745/1480/1001
f 1746/1481/1002 1745/1480/1001 1744/1479/978
f 1747/1482/1003 1748/1483/1003 1749/1484/1003
f 1748/1483/1003 1747/1482/1003 1750/1485/1003
f 1748/1483/1003 1750/1485/1003 1751/1486/1003
f 1750/1485/1003 1747/1482/1003 1752/1487/1004
f 1753/1488/1005 1754/1489/1006 1755/1490/1007
f 1754/1489/1006 1753/1488/1005 1756/1491/1008
f 1756/1491/1008 1757/1492/1009 1758/1493/1010
f 1648/1387/944 1755/1490/1007 1754/1489/1006
f 1648/1387/944 1754/1489/1006 1649/1388/945
f 1649/1388/945 1652/1391/948 1647/1386/943
f 1758/1493/1010 1757/1492/1009 1650/1389/946
f 1757/1492/1009 1756/1491/1008 1753/1488/1005
f 1757/1492/1009 1651/1390/947 1650/1389/946
f 1710/1447/988 1708/1445/986 1759/1494/988
f 1715/1452/993 1713/1450/991 1712/1449/990
f 1716/1453/994 1760/1495/1011 1713/1450/991
f 1761/1496/1012 1762/1497/1013 1763/1498/1012
f 1762/1497/1013 1761/1496/1012 1764/1499/1014
f 1760/1495/1011 1716/1453/994 1765/1500/1015
f 1766/1501/983 1767/1447/1016 1768/1502/1017
f 1767/1447/1016 1766/1501/983 1769/1443/982
f 1770/1503/1018 1771/1504/1019 1772/1505/1019
f 1770/1503/1018 1772/1505/1019 1773/1506/1020
f 1770/1503/1018 1774/1507/1021 1775/1508/1021
f 1774/1507/1021 1770/1503/1018 1773/1506/1020
f 1776/1509/1022 1777/1510/1022 1778/1511/1022
s 0
f 1776/1509/1022 1779/1512/1022 1777/1510/1022
f 1780/1513/1023 1781/1510/1023 1782/1512/1023
f 1781/1510/1023 1780/1513/1023 1783/1514/1023
f 1784/1515/1024 1785/1516/1024 1786/1517/1024
f 1784/1515/1024 1786/1517/1024 1787/1518/1024
f 1788/1519/1025 1789/1520/1025 1790/1521/1025
f 1789/1520/1025 1788/1519/1025 1791/1522/1025
s 1
f 1792/1523/930 1793/1524/1026 1794/1525/1027
f 1793/1524/1026 1792/1523/930 1795/1526/1028
f 1794/1525/1027 1796/1527/1029 1797/1528/1030
f 1798/1529/1031 1799/1530/1032 1800/1531/1033
f 1799/1530/1032 1798/1529/1031 1801/1532/1012
f 1802/1533/1034 1803/1534/1035 1804/1535/1034
f 1803/1534/1035 1802/1533/1034 1805/1536/1036
f 1806/1537/1037 1807/1538/1031 1808/1539/1038
f 1807/1538/1031 1806/1537/1037 1809/1540/1039
f 1810/1541/1040 1711/1448/989 1811/1542/1041
f 1810/1541/1040 1812/1543/1042 1711/1448/989
f 1812/1543/1042 1714/1451/992 1711/1448/989
f 1813/1544/1043 1714/1451/992 1812/1543/1042
f 1813/1544/1043 1814/1545/1029 1815/1546/1044
f 1813/1544/1043 1816/1547/1045 1817/1548/1046
s 0
f 1818/1549/981 1819/1444/981 1820/1550/981
f 1818/1549/1047 1821/1551/1047 1819/1444/1047
s 1
f 1709/1446/987 1707/1444/985 1822/1551/1048
f 1822/1551/1048 1823/1552/1049 1709/1446/987
f 1824/1553/1050 1825/1554/1051 1826/1555/926
f 1825/1554/1051 1824/1553/1050 1827/1556/1052
f 1827/1556/1052 1828/1557/1053 1825/1554/1051
f 1632/1371/932 1629/1368/929 1634/1373/934
f 1633/1372/933 1815/1546/1044 1814/1545/1029
f 1829/1558/1054 1830/1559/1055 1831/1466/1056
f 1830/1559/1055 1829/1558/1054 1832/1560/1057
f 1832/1560/1057 1833/1561/1058 1834/1562/1059
f 1661/1400/957 1659/1398/955 1658/1397/954
f 1662/1401/958 1823/1552/1049 1835/1563/1060
f 1836/1564/1061 1837/1565/1062 1838/1566/1034
f 1837/1565/1062 1839/1567/1034 1838/1566/1034
f 1840/1568/1063 1841/1569/1064 1842/1570/1065
f 1841/1569/1064 1840/1568/1063 1843/1571/1066
f 1842/1570/1065 1844/1572/1067 1845/1573/1068
f 1843/1571/1066 1846/1574/1069 1847/1575/1069
f 1848/1576/1070 1849/1577/1071 1850/1578/1072
f 1849/1577/1071 1851/1579/1071 1850/1578/1072
f 1653/1392/949 1634/1373/934 1655/1394/951
f 1653/1392/949 1815/1546/1044 1632/1371/932
f 1816/1547/1045 1813/1544/1043 1815/1546/1044
f 1815/1546/1044 1633/1372/933 1632/1371/932
f 1815/1546/1044 1653/1392/949 1816/1547/1045
f 1845/1573/1068 1852/1580/1073 1853/1581/1074
f 1852/1580/1073 1845/1573/1068 1844/1572/1067
f 1844/1572/1067 1842/1570/1065 1841/1569/1064
f 1854/1582/1075 1855/1583/1076 1836/1564/1061
f 1855/1583/1076 1837/1565/1062 1836/1564/1061
f 1823/1552/1049 1662/1401/958 1661/1400/957
f 1823/1552/1049 1822/1551/1048 1835/1563/1060
f 1833/1561/1058 1856/1584/1077 1857/1585/1078
f 1833/1561/1058 1832/1560/1057 1829/1558/1054
f 1814/1545/1029 1813/1544/1043 1812/1543/1042
f 1858/1586/1079 1859/1587/1038 1828/1557/1053
f 1859/1587/1038 1858/1586/1079 1860/1588/1080
f 1828/1557/1053 1827/1556/1052 1858/1586/1079
f 1797/1528/1030 1861/1589/1081 1862/1590/1040
f 1861/1589/1081 1797/1528/1030 1796/1527/1029
f 1796/1527/1029 1794/1525/1027 1793/1524/1026
f 1857/1585/1078 1834/1562/1059 1833/1561/1058
f 1863/1591/1082 1864/1592/1083 1854/1582/1075
f 1864/1592/1083 1855/1583/1076 1854/1582/1075
f 1846/1574/1069 1843/1571/1066 1840/1568/1063
f 1865/1593/1084 1866/1594/953 1856/1584/1077
f 1866/1594/953 1857/1585/1078 1856/1584/1077
f 1867/1595/1085 1868/1596/1086 1869/1597/1087
f 1868/1596/1086 1867/1595/1085 1870/1598/1085
f 1871/1599/1088 1872/1600/1089 1873/1601/1090
f 1872/1600/1089 1871/1599/1088 1874/1602/1091
f 1872/1600/1089 1875/1603/1092 1876/1604/1093
f 1873/1601/1090 1876/1604/1093 1877/1605/1094
f 1878/1606/1095 1879/1607/1096 1880/1608/1097
f 1879/1607/1096 1881/1609/1098 1882/1610/1099
f 1879/1607/1096 1878/1606/1095 1883/1611/1100
f 1880/1608/1097 1879/1607/1096 1882/1610/1099
f 1880/1608/1097 1884/1612/1101 1878/1606/1095
s 0
f 1885/1613/1102 1886/1614/1102 1887/1615/1102
f 1886/1614/1102 1885/1613/1102 1888/1616/1102
s 1
f 1889/1617/1103 1890/1618/1104 1891/1619/1105
f 1889/1617/1103 1892/1620/1106 1893/1621/1107
f 1892/1620/1106 1889/1617/1103 1894/1622/1108
f 1892/1620/1106 1895/1623/1109 1896/1624/1110
f 1876/1604/1093 1873/1601/1090 1872/1600/1089
f 1876/1604/1093 1897/1625/1111 1898/1626/1112
f 1877/1605/1094 1898/1626/1112 1899/1627/1113
f 1898/1626/1112 1877/1605/1094 1876/1604/1093
f 1900/1628/1114 1901/1629/1115 1902/1630/1116
f 1901/1629/1115 1900/1628/1114 1903/1631/1117
f 1903/1631/1117 1904/1632/1118 1901/1629/1115
f 1884/1612/1101 1880/1608/1097 1905/1633/1119
f 1906/1634/1120 1884/1612/1101 1905/1633/1119
f 1907/1635/1121 1884/1612/1101 1906/1634/1120
f 1881/1609/1098 1908/1636/1122 1909/1637/1123
f 1908/1636/1122 1907/1635/1121 1906/1634/1120
f 1908/1636/1122 1881/1609/1098 1910/1638/1124
f 1909/1637/1123 1882/1610/1099 1881/1609/1098
f 1910/1638/1124 1907/1635/1121 1908/1636/1122
f 1911/1639/1125 1912/1640/1126 1913/1641/1127
f 1911/1639/1125 1913/1641/1127 1914/1642/1127
f 1912/1640/1126 1911/1639/1125 1915/1643/1128
f 1915/1643/1128 1911/1639/1125 1916/1644/1126
s 0
f 1917/1645/1129 1918/1646/1129 1919/1647/1129
f 1919/1647/1129 1920/1648/1129 1917/1645/1129
f 1921/1649/1130 1922/1646/1130 1923/1650/1130
f 1922/1646/1130 1924/1645/1130 1923/1650/1130
s 1
f 1925/1651/1131 1926/1652/1132 1927/1653/1131
f 1926/1652/1132 1928/1654/1133 1929/1655/1134
f 1926/1652/1132 1929/1655/1134 1927/1653/1131
f 1928/1654/1133 1926/1652/1132 1930/1656/1133
s 0
f 1931/1657/1135 1932/1658/1135 1933/1659/1135
f 1932/1658/1135 1931/1657/1135 1934/1660/1135
s 1
f 1935/1430/1136 1936/1661/1137 1937/1662/1136
f 1936/1661/1137 1935/1430/1136 1938/1663/1137
f 1939/1664/1138 1940/1665/1139 1941/1666/1140
f 1941/1666/1140 1940/1665/1139 1942/1667/1141
f 1943/1668/1142 1944/1669/1143 1945/1670/1144
f 1944/1669/1143 1943/1668/1142 1946/1671/1145
f 1947/1672/1146 1948/1673/1146 1949/1674/1147
f 1947/1672/1146 1949/1674/1147 1950/1675/1147
f 1948/1673/1146 1951/1676/1148 1952/1677/1149
f 1950/1675/1147 1949/1674/1147 1953/1678/1150
f 1950/1675/1147 1953/1678/1150 1954/1679/1150
f 1955/1680/1151 1956/1681/1152 1957/1682/1153
f 1956/1681/1152 1955/1680/1151 1958/1683/1154
f 1958/1683/1154 1959/1684/1155 1956/1681/1152
f 1960/1685/1156 1961/1686/1157 1962/1687/1158
f 1961/1686/1157 1960/1685/1156 1963/1688/1159
s 0
f 1964/1689/1135 1965/1690/1135 1966/1691/1135
f 1965/1690/1135 1964/1689/1135 1967/1692/1135
s 1
f 1968/1693/1160 1969/1694/1133 1970/1695/1132
f 1968/1693/1160 1970/1695/1132 1971/1696/1131
f 1969/1694/1133 1968/1693/1160 1972/1697/1133
f 1973/1698/1131 1968/1693/1160 1971/1696/1131
s 0
f 1974/1699/1130 1975/1700/1130 1976/1701/1130
f 1975/1700/1130 1977/1702/1130 1976/1701/1130
f 1978/1700/1129 1979/1703/1129 1980/1702/1129
f 1979/1703/1129 1981/1704/1129 1980/1702/1129
f 1982/1705/1102 1983/1706/1102 1984/1707/1102
f 1983/1706/1102 1982/1705/1102 1985/1708/1102
s 1
f 1986/1709/1161 1987/1710/1140 1988/1711/1162
f 1986/1709/1161 1989/1712/1163 1987/1710/1140
f 1990/1713/1164 1991/1714/1165 1992/1715/1165
f 1991/1714/1165 1993/1716/1165 1994/1717/1166
f 1993/1716/1165 1990/1713/1164 1995/1718/1165
f 1993/1716/1165 1991/1714/1165 1990/1713/1164
f 1996/1719/1167 1997/1720/1168 1998/1721/1169
f 1997/1720/1168 1996/1719/1167 1999/1722/1170
f 1998/1721/1169 1896/1624/1110 1996/1719/1167
f 1999/1722/1170 1890/1618/1104 1997/1720/1168
f 1895/1623/1109 1892/1620/1106 1894/1622/1108
f 1895/1623/1109 1996/1719/1167 1896/1624/1110
f 1890/1618/1104 1999/1722/1170 1891/1619/1105
f 1890/1618/1104 1889/1617/1103 1893/1621/1107
f 1959/1684/1155 1958/1683/1154 2000/1723/1171
f 2000/1723/1171 2001/1724/1172 2002/1725/1173
f 2003/1726/1174 2004/1727/1175 2005/1728/1176
f 2004/1727/1175 2003/1726/1174 2006/1729/1174
f 2001/1724/1172 2000/1723/1171 1958/1683/1154
f 2007/1730/1145 2008/1678/1177 2009/1674/1178
f 2008/1678/1177 2007/1730/1145 2010/1731/1179
f 2011/1732/1180 2012/1733/1181 2013/1734/1181
f 2011/1732/1180 2014/1735/1182 2015/1736/1183
f 2014/1735/1182 2011/1732/1180 2016/1737/1182
s 0
f 2017/1738/1184 2018/1739/1184 2019/1740/1184
f 2018/1739/1184 2017/1738/1184 2020/1741/1184
f 2021/1742/1185 2022/1739/1185 2023/1743/1185
f 2022/1739/1185 2021/1742/1185 2024/1740/1185
f 2025/1744/1186 2026/244/1186 2027/1745/1186
f 2026/244/1186 2025/1744/1186 2028/1746/1186
s 1
f 2012/1733/1181 2011/1732/1180 2015/1736/1183
s 0
f 2029/1747/1187 2030/1520/1187 2031/1522/1187
f 2030/1520/1187 2029/1747/1187 2032/1748/1187
s 1
f 2033/1749/1091 2034/1750/1188 2035/1751/1189
f 2034/1750/1188 2033/1749/1091 2036/1752/1190
f 2036/1752/1190 2037/1753/1191 2034/1750/1188
f 2038/1754/1192 2039/1755/1193 2040/1756/1174
f 2039/1755/1193 2038/1754/1192 2041/1757/1194
f 2042/1758/1195 2043/1759/1163 2044/1760/1163
f 2043/1759/1163 2042/1758/1195 2045/1761/1195
f 2046/1762/1192 2047/1763/1196 2048/1764/1197
f 2047/1763/1196 2046/1762/1192 2049/1765/1198
f 2050/1766/1199 1955/1680/1151 2051/1767/1200
f 2052/1768/1201 2051/1767/1200 1955/1680/1151
f 2052/1768/1201 1955/1680/1151 1957/1682/1153
f 2053/1769/1202 2052/1768/1201 1957/1682/1153
f 2053/1769/1202 2054/1770/1191 2052/1768/1201
s 0
f 2055/1771/1142 2056/1673/1142 2057/1772/1142
f 2058/1677/1203 2057/1772/1203 2056/1673/1203
s 1
f 1951/1676/1148 1948/1673/1146 1947/1672/1146
f 2059/1773/1204 2060/1774/1086 2061/1775/1205
f 2059/1773/1204 2061/1775/1205 2062/1776/1206
f 2062/1776/1206 2063/1777/1207 2064/1778/1208
f 2062/1776/1206 2061/1775/1205 2063/1777/1207
f 1875/1603/1092 1872/1600/1089 2065/1779/1209
f 1875/1603/1092 2066/1780/1210 1897/1625/1111
f 2065/1779/1209 2066/1780/1210 1875/1603/1092
f 2067/1781/1211 2068/1782/1212 2069/1783/1213
f 2068/1782/1212 2067/1781/1211 2070/1784/1214
f 2069/1783/1213 2071/1785/1215 2067/1781/1211
f 1904/1632/1118 1903/1631/1117 2072/1786/1216
f 2072/1786/1216 2073/1787/1217 1904/1632/1118
f 2074/1788/1218 2075/1789/1195 2076/1790/1219
f 2076/1790/1219 2075/1789/1195 2077/1791/1195
f 2078/1792/1220 2079/1793/1221 2080/1794/1222
f 2079/1793/1221 2078/1792/1220 2081/1795/1223
f 2080/1794/1222 2082/1796/1224 2078/1792/1220
f 2081/1795/1223 2083/1797/1225 2079/1793/1221
f 2084/1798/1226 2085/1799/1227 2086/1800/1228
f 2085/1799/1227 2084/1798/1226 2087/1801/1227
f 1897/1625/1111 1876/1604/1093 1875/1603/1092
f 2088/1802/1229 2066/1780/1210 2053/1769/1202
f 2088/1802/1229 2053/1769/1202 2089/1803/1230
f 2066/1780/1210 2088/1802/1229 1897/1625/1111
f 2066/1780/1210 2065/1779/1209 2054/1770/1191
f 2090/1804/1231 2091/1805/1232 2083/1797/1225
f 2091/1805/1232 2090/1804/1231 2092/1806/1233
f 2083/1797/1225 2081/1795/1223 2090/1804/1231
f 2093/1807/1234 2074/1788/1218 2094/1808/1235
f 2094/1808/1235 2074/1788/1218 2076/1790/1219
f 2095/1809/1236 1952/1677/1149 2073/1787/1217
f 2073/1787/1217 2072/1786/1216 2095/1809/1236
f 2073/1787/1217 1952/1677/1149 1951/1676/1148
f 2071/1785/1215 2069/1783/1213 2096/1810/1237
f 2054/1770/1191 2053/1769/1202 2066/1780/1210
f 2064/1778/1208 2097/1811/1197 2098/1812/1238
f 2064/1778/1208 2063/1777/1207 2097/1811/1197
f 2099/1813/1239 2100/1814/1240 2037/1753/1191
f 2100/1814/1240 2099/1813/1239 2101/1815/1200
f 2037/1753/1191 2036/1752/1190 2099/1813/1239
f 2102/1816/1241 2071/1785/1215 2103/1817/1242
f 2103/1817/1242 2071/1785/1215 2096/1810/1237
f 2104/1818/1243 2093/1807/1234 2105/1819/1244
f 2105/1819/1244 2093/1807/1234 2094/1808/1235
f 2082/1796/1224 2080/1794/1222 2106/1820/1245
f 2107/1821/1246 2102/1816/1241 2108/1822/1114
f 2108/1822/1114 2102/1816/1241 2103/1817/1242
f 1883/1611/1100 1878/1606/1095 2109/1823/1100
f 2110/1824/1247 2111/1825/1248 2112/1826/1249
f 2111/1825/1248 2110/1824/1247 2113/1827/1250
f 2112/1826/1249 2114/1828/1251 2115/1829/1252
f 2112/1826/1249 2116/1830/1253 2117/1831/1254
f 2118/1832/1255 2119/1833/1256 2120/1834/1257
f 2119/1833/1256 2118/1832/1255 2121/1835/1258
f 2120/1834/1257 2122/1836/1259 2118/1832/1255
f 2121/1835/1258 2123/1837/1260 2119/1833/1256
f 2123/1837/1260 2121/1835/1258 2124/1838/1261
f 2124/1838/1261 2125/1839/1262 2123/1837/1260
f 2126/1840/1263 2127/1841/1264 2128/1842/1265
f 2126/1840/1263 2129/1843/1266 2130/1844/1267
f 2126/1840/1263 2131/1845/1268 2132/1846/1269
f 2126/1840/1263 2132/1846/1269 2127/1841/1264
f 2127/1841/1264 2133/1847/1270 2134/1848/1271
f 2127/1841/1264 2135/1849/1272 2128/1842/1265
f 2135/1849/1272 2134/1848/1271 2136/1850/1273
f 2137/1847/1274 2114/1828/1251 2117/1831/1254
f 2137/1847/1274 2138/1851/1275 2114/1828/1251
f 2114/1828/1251 2112/1826/1249 2117/1831/1254
f 2114/1828/1251 2139/1852/1276 2115/1829/1252
f 2140/1853/1277 2141/1854/1278 2142/1855/1279
f 2141/1854/1278 2138/1851/1275 2143/1846/1280
f 2141/1854/1278 2140/1853/1277 2144/1856/1281
f 2142/1855/1279 2145/1857/1282 2140/1853/1277
f 2142/1855/1279 2146/1845/1283 2147/1858/1284
f 2144/1856/1281 2139/1852/1276 2138/1851/1275
f 2148/1859/1285 2149/1860/1286 2150/1861/1287
f 2148/1859/1285 2151/1862/1288 2152/1863/1288
f 2151/1862/1288 2148/1859/1285 2150/1861/1287
f 2150/1861/1287 2149/1860/1286 2153/1864/1289
f 2153/1864/1289 2154/1865/1290 2155/1866/1291
f 2145/1857/1282 2142/1855/1279 2156/1867/1292
f 2156/1867/1292 2147/1858/1284 2157/1868/1293
f 2158/1869/1294 2159/1870/1295 2160/1871/1296
f 2159/1870/1295 2158/1869/1294 2161/1872/1297
f 2160/1871/1296 2162/1873/1298 2163/1874/1299
f 2164/1859/1300 2165/1875/1301 2166/1876/1302
f 2165/1875/1301 2164/1859/1300 2167/1863/1303
f 2166/1876/1302 2168/1860/1304 2164/1859/1300
f 2168/1860/1304 2169/1877/1305 2170/1865/1306
f 2167/1863/1303 2171/1878/1307 2165/1875/1301
f 2172/1879/1308 2173/1880/1309 2174/1881/1310
f 2172/1879/1308 2175/1882/1311 2173/1880/1309
f 2172/1879/1308 2174/1881/1310 2176/1883/1312
f 2174/1881/1310 2177/1884/1313 2176/1883/1312
f 2138/1851/1275 2137/1847/1274 2143/1846/1280
f 2138/1851/1275 2141/1854/1278 2144/1856/1281
f 2154/1865/1290 2153/1864/1289 2149/1860/1286
f 2122/1836/1259 2120/1834/1257 2178/1885/1314
f 2179/1886/1315 2180/1887/1316 2181/1888/1317
f 2180/1887/1316 2179/1886/1315 2182/1889/1318
f 2183/1890/1319 2184/1891/1320 2185/1892/1321
f 2186/1893/1322 2185/1892/1321 2184/1891/1320
f 2186/1893/1322 2169/1877/1305 2185/1892/1321
f 2169/1877/1305 2168/1860/1304 2166/1876/1302
f 2169/1877/1305 2186/1893/1322 2170/1865/1306
f 2187/1894/1312 2188/1895/1313 2189/1896/1323
f 2189/1896/1323 2188/1895/1313 2190/1897/1324
f 2191/1898/1325 2192/1899/1326 2193/1900/1327
f 2192/1899/1326 2191/1898/1325 2194/1901/1328
f 2194/1901/1328 2195/1902/1329 2196/1903/1330
f 2197/1904/1331 2198/1830/1332 2199/1905/1333
f 2197/1904/1331 2200/1831/1334 2198/1830/1332
f 2197/1904/1331 2199/1905/1333 2201/1906/1335
f 2201/1906/1335 2199/1905/1333 2202/1907/1336
f 2162/1873/1298 2160/1871/1296 2159/1870/1295
f 2163/1874/1299 2162/1873/1298 2203/1908/1337
f 2204/1909/1338 2163/1874/1299 2203/1908/1337
f 2204/1909/1338 2205/1910/1339 2206/1911/1340
f 2134/1848/1271 2200/1831/1334 2197/1904/1331
f 2134/1848/1271 2133/1847/1270 2200/1831/1334
f 2134/1848/1271 2197/1904/1331 2136/1850/1273
f 2134/1848/1271 2135/1849/1272 2127/1841/1264
f 2136/1850/1273 2197/1904/1331 2201/1906/1335
f 2207/1912/1341 2208/1913/1342 2209/1914/1343
f 2208/1913/1342 2210/1915/1344 2209/1914/1343
f 2209/1914/1343 2211/1916/1345 2207/1912/1341
f 2211/1916/1345 2212/1917/1346 2207/1912/1341
f 2210/1915/1344 2208/1913/1342 2213/1918/1344
f 2130/1844/1267 2131/1845/1268 2126/1840/1263
f 2130/1844/1267 2214/1919/1347 2215/1920/1348
f 2131/1845/1268 2130/1844/1267 2216/1858/1349
f 2216/1858/1349 2215/1920/1348 2217/1868/1350
f 2214/1919/1347 2130/1844/1267 2129/1843/1266
f 2129/1843/1266 2126/1840/1263 2128/1842/1265
f 2215/1920/1348 2216/1858/1349 2130/1844/1267
f 2218/1913/1351 2219/1921/1352 2220/1922/1353
f 2218/1913/1351 2220/1922/1353 2221/1918/1354
f 2222/1923/1354 2221/1918/1354 2220/1922/1353
f 2223/1924/1355 2224/1925/1356 2225/1926/1357
f 2224/1925/1356 2226/1927/1358 2225/1926/1357
f 2226/1927/1358 2227/1928/1359 2228/1917/1360
f 2219/1921/1352 2218/1913/1351 2229/1912/1361
f 2229/1912/1361 2227/1928/1359 2219/1921/1352
f 2133/1847/1270 2127/1841/1264 2132/1846/1269
f 2230/1929/1362 2231/1930/1363 2232/1931/1364
f 2230/1929/1362 2233/1932/1365 2231/1930/1363
f 2205/1910/1339 2204/1909/1338 2203/1908/1337
f 2212/1917/1346 2211/1916/1345 2234/1933/1340
f 2227/1928/1359 2229/1912/1361 2228/1917/1360
f 2227/1928/1359 2226/1927/1358 2224/1925/1356
f 2235/1934/1366 2236/1935/1367 2237/1936/1368
f 2237/1936/1368 2238/1937/1369 2235/1934/1366
f 2239/1938/1365 2240/1939/1370 2241/1940/1371
f 2240/1939/1370 2239/1938/1365 2242/1941/1362
f 2241/1940/1371 2243/1880/1372 2244/1882/1373
f 2245/1942/1374 2246/1943/1375 2247/1944/1376
f 2246/1943/1375 2245/1942/1374 2248/1945/1377
f 2248/1945/1377 2249/1902/1378 2246/1943/1375
f 2146/1845/1283 2142/1855/1279 2141/1854/1278
f 2146/1845/1283 2141/1854/1278 2143/1846/1280
f 2125/1839/1262 2124/1838/1261 2250/1946/1379
f 2249/1902/1378 2248/1945/1377 2251/1903/1380
f 2243/1880/1372 2241/1940/1371 2240/1939/1370
f 2139/1852/1276 2114/1828/1251 2138/1851/1275
f 2195/1902/1329 2194/1901/1328 2191/1898/1325
f 2115/1829/1252 2110/1824/1247 2112/1826/1249
f 2147/1858/1284 2156/1867/1292 2142/1855/1279
f 2116/1830/1253 2112/1826/1249 2111/1825/1248
